date,value
2015-02-18,-2.974170197648727
2015-02-19,-2.511183076768688
2015-02-20,-2.4829582405105723
2015-02-21,-2.5353118255063096
2015-02-22,-1.8624345129605713
2015-02-23,-1.6184219597954157
2015-02-24,-1.320239965248329
2015-02-25,-1.5363249024271872
2015-02-26,-1.7544231484992745
2015-02-27,-2.0275978146809885
2015-02-28,-1.495497266475392
2015-03-01,-2.0571352951841697
2015-03-02,-1.3797044390900401
2015-03-03,-2.569188070843169
2015-03-04,-2.2671814045008194
2015-03-05,-1.7379536130198003
2015-03-06,-2.1516117112087656
2015-03-07,-2.4039365251350966
2015-03-08,-1.935971245041954
2015-03-09,-1.6898186568129485
2015-03-10,-2.131244491078585
2015-03-11,-1.7353398865910687
2015-03-12,-2.125698009329764
2015-03-13,-2.053944961654419
2015-03-14,-2.9977401705536737
2015-03-15,-1.937020952771474
2015-03-16,-1.9354770017141938
2015-03-17,-2.219165435661704
2015-03-18,-2.0968415218535656
2015-03-19,-2.2435621170690885
2015-03-20,-1.9537029223167657
2015-03-21,-3.067059088088156
2015-03-22,-2.52794931964657
2015-03-23,-1.5165445689272519
2015-03-24,-1.3037981857055367
2015-03-25,-1.985797324154412
2015-03-26,-2.4654518349310783
2015-03-27,-1.91403986772084
2015-03-28,-2.5672928828835166
2015-03-29,-2.0046333107431886
2015-03-30,-2.4131342558927003
2015-03-31,-1.6229196371587828
2015-04-01,-2.2260167012834935
2015-04-02,-1.6860434322010922
2015-04-03,-1.773370631110963
2015-04-04,-1.1311399801693998
2015-04-05,-1.4549536719504688
2015-04-06,-0.8630496692104828
2015-04-07,-1.6568138890567132
2015-04-08,-1.9035388457631548
2015-04-09,-1.3928883757359305
2015-04-10,-1.3728611007473317
2015-04-11,-1.2767723857718676
2015-04-12,-2.12758158449878
2015-04-13,-1.9588994042338503
2015-04-14,-1.6735034008199525
2015-04-15,-1.601197069749189
2015-04-16,-2.070396619676186
2015-04-17,-2.248604394465149
2015-04-18,-1.82261376300824
2015-04-19,-1.3784609425377619
2015-04-20,-1.437252509158671
2015-04-21,-1.2371567727468853
2015-04-22,-1.7064084164747506
2015-04-23,-3.277649054662399
2015-04-24,-2.9973873767567083
2015-04-25,-3.168944776794929
2015-04-26,-2.325355066884904
2015-04-27,-1.8298227364505029
2015-04-28,-1.528420730978383
2015-04-29,-1.4817659793902913
2015-04-30,-2.106500563636187
2015-05-01,-2.1219063988792164
2015-05-02,-1.1323791669834637
2015-05-03,-1.7158340790727091
2015-05-04,-1.1991383745153519
2015-05-05,-1.5884899675391513
2015-05-06,-1.2089042270721424
2015-05-07,-1.8317296504720129
2015-05-08,-1.3186260679073178
2015-05-09,-1.5388168772629973
2015-05-10,-1.1206652711075173
2015-05-11,-1.0968710343402237
2015-05-12,-1.120592612626275
2015-05-13,-0.9185203995660592
2015-05-14,-2.0465140057020936
2015-05-15,-2.7609028972770004
2015-05-16,-2.059501161865598
2015-05-17,-1.3357064028533998
2015-05-18,-1.0253306018742672
2015-05-19,-1.0605668688445307
2015-05-20,-1.5927811612049056
2015-05-21,-2.474790768829767
2015-05-22,-1.1440272402470977
2015-05-23,-0.7245267362535358
2015-05-24,-0.5103743845524211
2015-05-25,-0.1879804751654806
2015-05-26,-0.545843654456754
2015-05-27,-1.1560806877510854
2015-05-28,-1.354011224001866
2015-05-29,-2.2627888940912695
2015-05-30,-1.8424053826491764
2015-05-31,-0.5710331110152258
2015-06-01,-1.593343579124785
2015-06-02,-1.990302979461468
2015-06-03,-1.2291731178154999
2015-06-04,-1.407467182963745
2015-06-05,-1.1054024594545737
2015-06-06,-0.9044060379612571
2015-06-07,-0.9562606691517596
2015-06-08,-1.3539789672519527
2015-06-09,-0.7527787012064341
2015-06-10,-2.1228251333248425
2015-06-11,-1.5466327649335148
2015-06-12,-1.461028560594043
2015-06-13,-1.7189084490565114
2015-06-14,-1.0641351086699138
2015-06-15,-1.0678328236455479
2015-06-16,-1.036185899347155
2015-06-17,-1.7484221815457466
2015-06-18,-1.621314459978248
2015-06-19,-1.3508005023535263
2015-06-20,-1.723809031107211
2015-06-21,-1.275169855567245
2015-06-22,-1.869840607414291
2015-06-23,-1.7646801140787565
2015-06-24,-1.3736520925074227
2015-06-25,-1.1014769571995187
2015-06-26,-1.0956471360599647
2015-06-27,-1.072804261681992
2015-06-28,-0.7476916913792191
2015-06-29,-1.0486176358962818
2015-06-30,-0.8872941104477156
2015-07-01,-1.030065722747748
2015-07-02,-0.8697241286793015
2015-07-03,-0.6496665723767213
2015-07-04,-0.8116203654854751
2015-07-05,-1.3441410536898915
2015-07-06,-1.9489411069620164
2015-07-07,-1.8469758870469686
2015-07-08,-1.1197388703101665
2015-07-09,-1.1127303016540446
2015-07-10,-0.9745574055891949
2015-07-11,-1.3069396329842113
2015-07-12,-1.361337762434987
2015-07-13,-0.9620723450250644
2015-07-14,-0.9532429990463727
2015-07-15,-1.1538974486456577
2015-07-16,-1.276867640245329
2015-07-17,-1.3890081360108957
2015-07-18,-0.9900647577424346
2015-07-19,-0.8106498234392218
2015-07-20,-1.5865354278228794
2015-07-21,-1.1385535152376687
2015-07-22,-2.0515177990818065
2015-07-23,-2.0591358554969115
2015-07-24,-2.6469209720001747
2015-07-25,-2.3625679743947363
2015-07-26,-1.5897003369461564
2015-07-27,-2.6377645918709716
2015-07-28,-2.147609595284672
2015-07-29,-0.9429525310438387
2015-07-30,-0.8553896480498985
2015-07-31,-1.9787066246223113
2015-08-01,-1.458740828086021
2015-08-02,-2.0051793056423333
2015-08-03,-0.8690052491281015
2015-08-04,-1.6008352898023874
2015-08-05,-1.587721510628894
2015-08-06,-1.5608981954069534
2015-08-07,-1.3562354014124365
2015-08-08,-3.910478577845229
2015-08-09,-2.5849188733488733
2015-08-10,-1.9022247839572615
2015-08-11,-1.6512599047281145
2015-08-12,-1.5286994228326098
2015-08-13,-1.481696752070874
2015-08-14,-1.4921070647955708
2015-08-15,-1.4490151375958948
2015-08-16,-1.5804190084945864
2015-08-17,-1.2636291726836753
2015-08-18,-1.6749857931415526
2015-08-19,-1.9644245475365663
2015-08-20,-1.2686788627920775
2015-08-21,-0.7916519702746032
2015-08-22,-1.2485339118833594
2015-08-23,-1.8756927157174268
2015-08-24,-1.3625929341179899
2015-08-25,-1.900125021783181
2015-08-26,-1.4272107665741074
2015-08-27,-1.6682485300241756
2015-08-28,-1.7224842665895863
2015-08-29,-1.6194049144089775
2015-08-30,-1.1062842908976103
2015-08-31,-1.326532619427694
2015-09-01,-1.0533968142515469
2015-09-02,-1.5784155431871996
2015-09-03,-1.3268819590187257
2015-09-04,-0.9678560020996659
2015-09-05,-1.4834741297649514
2015-09-06,-1.997146311383506
2015-09-07,-1.3743115465985605
2015-09-08,-1.7998258909715024
2015-09-09,-2.152116525303119
2015-09-10,-1.597700597412188
2015-09-11,-1.8611452543984583
2015-09-12,-2.6524998169240623
2015-09-13,-1.7207735052162891
2015-09-14,-2.589822015466938
2015-09-15,-2.1731280474492083
2015-09-16,-1.940884771410145
2015-09-17,-2.891697104683656
2015-09-18,-2.1215121110477027
2015-09-19,-0.9423394209999584
2015-09-20,-1.0352777495951435
2015-09-21,-0.8912965428476778
2015-09-22,-0.4923435563650954
2015-09-23,-1.3052713164567524
2015-09-24,-0.9334571850699042
2015-09-25,-0.8062802179753846
2015-09-26,-1.1170064114750389
2015-09-27,-1.059815027881123
2015-09-28,-0.8877977320652157
2015-09-29,-1.0020440342582193
2015-09-30,-0.9708537031911451
2015-10-01,-1.3814592695849732
2015-10-02,-1.0288648376234646
2015-10-03,-1.3604508213674107
2015-10-04,-1.3468810254851005
2015-10-05,-1.1532784096044673
2015-10-06,-1.0556361383832253
2015-10-07,-1.8564790762816883
2015-10-08,-1.5177158006790095
2015-10-09,-1.5214640455150057
2015-10-10,-1.2464195077838467
2015-10-11,-1.5336147815041228
2015-10-12,-1.1563866938657124
2015-10-13,-1.258140674912976
2015-10-14,-0.7442206263213101
2015-10-15,-0.4561867141553932
2015-10-16,-0.600504900193629
2015-10-17,-0.9178326763902603
2015-10-18,-1.2137598672290997
2015-10-19,-1.5962462170757583
2015-10-20,-1.417687398890485
2015-10-21,-0.9970163010810306
2015-10-22,0.1861057346486753
2015-10-23,-0.45419158296271844
2015-10-24,-0.6867890991196602
2015-10-25,-0.9306273188001533
2015-10-26,-1.2024012049573587
2015-10-27,-1.0544897860217246
2015-10-28,-0.7494505363312238
2015-10-29,-0.8151398041322065
2015-10-30,-0.9616169751928171
2015-10-31,-0.8078922016679291
2015-11-01,-1.1869436013872896
2015-11-02,-1.735510854410862
2015-11-03,-1.336274884700491
2015-11-04,-1.3404150827465326
2015-11-05,-1.1395842271314998
2015-11-06,-1.5838452071197442
2015-11-07,-0.7752391575523452
2015-11-08,-1.3543622895512897
2015-11-09,-1.115145401493137
2015-11-10,-0.8032168057821957
2015-11-11,-1.4441118796821903
2015-11-12,-1.1196890154286023
2015-11-13,-0.9510347390512879
2015-11-14,-2.2128102065738866
2015-11-15,-1.656249738997901
2015-11-16,-0.8699120162699062
2015-11-17,-0.28620629286335963
2015-11-18,-0.9114499141380358
2015-11-19,-0.6231194163603415
2015-11-20,-1.2688714587567282
2015-11-21,-0.6176431871547615
2015-11-22,-0.7198843337702178
2015-11-23,-1.237409494376646
2015-11-24,-1.296267506457706
2015-11-25,-1.469054264375902
2015-11-26,-1.402592417022256
2015-11-27,-1.6780183481433202
2015-11-28,-1.7219370838130295
2015-11-29,-1.5757401955492585
2015-11-30,-1.6773212418794725
2015-12-01,-1.5051919175190491
2015-12-02,-2.265802038615799
2015-12-03,-1.5970858700845836
2015-12-04,-1.0473059456907279
2015-12-05,-0.39567302041152896
2015-12-06,-1.2512298706378477
2015-12-07,-1.5071937267255047
2015-12-08,-0.9890207497362258
2015-12-09,-1.4969365382061177
2015-12-10,-1.6046089290638148
2015-12-11,-1.158183668517101
2015-12-12,-1.4339963542249372
2015-12-13,-1.6823280309401283
2015-12-14,-1.7386781170205943
2015-12-15,-1.7091777906977792
2015-12-16,-1.1217876741228145
2015-12-17,-1.6005277513749876
2015-12-18,-1.6700289038023137
2015-12-19,-1.488839565423499
2015-12-20,-1.6543041779470737
2015-12-21,-1.5393312818349403
2015-12-22,-1.3553303454362464
2015-12-23,-1.860263987341824
2015-12-24,-0.4967884774605219
2015-12-25,-0.9231918089917358
2015-12-26,-1.559544294327926
2015-12-27,-1.4794893727771188
2015-12-28,-1.0071486469650133
2015-12-29,-2.063850913689876
2015-12-30,-2.0250945378168175
2015-12-31,-1.8208092504940117
2016-01-01,-1.3353693522414114
2016-01-02,-1.3551269859111281
2016-01-03,-1.9089421976597716
2016-01-04,-1.712107640750274
2016-01-05,-1.877653030928218
2016-01-06,-0.9775356884558749
2016-01-07,-1.700890296599508
2016-01-08,-2.0057146275704643
2016-01-09,-1.816395403507214
2016-01-10,-1.7706417944408763
2016-01-11,-1.3760858606619197
2016-01-12,-0.9638357770571746
2016-01-13,-0.5070649695100934
2016-01-14,-0.5625526805455672
2016-01-15,-1.4125860459274078
2016-01-16,-1.0994547618126995
2016-01-17,-1.4616580811619022
2016-01-18,-1.392402711575829
2016-01-19,-0.929621977168368
2016-01-20,-0.8549825653505805
2016-01-21,-0.8351813199982963
2016-01-22,-0.8197222209200865
2016-01-23,-1.413929038881982
2016-01-24,-0.7541798879544894
2016-01-25,-1.1280937270363223
2016-01-26,-1.4841818007309464
2016-01-27,-1.5009225328437295
2016-01-28,-1.1642081160629523
2016-01-29,-1.9055009530384301
2016-01-30,-1.9223419697580832
2016-01-31,-1.255369736185798
2016-02-01,-0.6182346364454384
2016-02-02,-1.7181896289901035
2016-02-03,-1.1784739234711727
2016-02-04,-1.130212964693138
2016-02-05,-1.4009534099336742
2016-02-06,-2.0765471298082816
2016-02-07,-2.384524552129298
2016-02-08,-1.8714205694966877
2016-02-09,-1.385474612596083
2016-02-10,-1.654072536444842
2016-02-11,-1.4707853011925403
2016-02-12,-1.4284428610372992
2016-02-13,-0.9623983724502851
2016-02-14,-1.1011213128032344
2016-02-15,-1.0959995851134017
2016-02-16,-2.02530495159236
2016-02-17,-1.23857767479082
2016-02-18,-1.5385100722630154
2016-02-19,-1.4143261394823508
2016-02-20,-1.4058315382439126
2016-02-21,-1.7057832771165733
2016-02-22,-0.9140686036922276
2016-02-23,-0.5643425467085736
2016-02-24,-1.4090899945134387
2016-02-25,-1.0519479758440888
2016-02-26,-0.8044036674004018
2016-02-27,-1.2330799097926899
2016-02-28,-0.7001669951819685
2016-02-29,-1.5863441837498473
2016-03-01,-1.2300724923154516
2016-03-02,-1.8902363892211107
2016-03-03,-1.8635377203362342
2016-03-04,-1.6854970365948798
2016-03-05,-1.884329676935499
2016-03-06,-2.3051985761178684
2016-03-07,-1.6957896523930447
2016-03-08,-1.6686823138039715
2016-03-09,-1.8618399117346902
2016-03-10,-1.5389947249563587
2016-03-11,-1.4748333875705366
2016-03-12,-1.4176814790063474
2016-03-13,-1.665561108380523
2016-03-14,-1.362797435044027
2016-03-15,-1.367674632067334
2016-03-16,-1.629028888312809
2016-03-17,-1.2566780641404236
2016-03-18,-1.5741974254696096
2016-03-19,-1.3019054383826678
2016-03-20,-1.1590884768554548
2016-03-21,-1.3993560996842842
2016-03-22,-1.542011109183144
2016-03-23,-1.4078125169644922
2016-03-24,-1.8451315317307766
2016-03-25,-0.6996445052032729
2016-03-26,-1.2160566666423562
2016-03-27,-2.033194054426201
2016-03-28,-1.812092594986242
2016-03-29,-1.7417314374708819
2016-03-30,-1.9216600871778466
2016-03-31,-1.5635948173712573
2016-04-01,-1.5508928985053376
2016-04-02,-1.5318595385580311
2016-04-03,-2.1934477963967707
2016-04-04,-1.7725989885883715
2016-04-05,-2.1228569139965465
2016-04-06,-1.7015794738018424
2016-04-07,-1.4438345672570618
2016-04-08,-1.1635236705983838
2016-04-09,-1.2324181137769081
2016-04-10,-1.094549151289605
2016-04-11,-1.0062673976221626
2016-04-12,-1.6191375807321267
2016-04-13,-0.7261306291321837
2016-04-14,-1.2591805133449259
2016-04-15,-1.5509070189223864
2016-04-16,-1.2583383257261145
2016-04-17,-1.2871656952996284
2016-04-18,-2.0451217478112516
2016-04-19,-1.8649968059509041
2016-04-20,-1.4173329097021397
2016-04-21,-1.5898217320396582
2016-04-22,-1.2128219324185434
2016-04-23,-1.4700718505768817
2016-04-24,-1.1716592148953495
2016-04-25,-1.847594761956004
2016-04-26,-2.4553418913597382
2016-04-27,-1.9612095592651637
2016-04-28,-2.2656782414624677
2016-04-29,-1.8552477630558009
2016-04-30,-1.5113619456722793
2016-05-01,-1.70629038939485
2016-05-02,-1.4978189883252893
2016-05-03,-1.4963329664071223
2016-05-04,-1.7744830229740436
2016-05-05,-1.8627761600458765
2016-05-06,-1.883310017707189
2016-05-07,-1.8476494262783372
2016-05-08,-2.200018891844009
2016-05-09,-2.1454487610546575
2016-05-10,-1.718210295785452
2016-05-11,-1.4184959270801893
2016-05-12,-1.6170277374619275
2016-05-13,-1.3478927161166487
2016-05-14,-1.2430917114021984
2016-05-15,-1.446906463992588
2016-05-16,-1.7547139432524383
2016-05-17,-1.7680579581180182
2016-05-18,-1.5564950816004453
2016-05-19,-1.8097683201053203
2016-05-20,-1.6220074775575688
2016-05-21,-2.5325334633881798
2016-05-22,-2.5500297805754135
2016-05-23,-1.5064502482313293
2016-05-24,-1.8026340358069304
2016-05-25,-1.8711862217921462
2016-05-26,-1.7616593187481102
2016-05-27,-2.786412269465986
2016-05-28,-2.293568100963321
2016-05-29,-1.8337383682268995
2016-05-30,-1.684224255609013
2016-05-31,-1.6602742651033702
2016-06-01,-1.5197123915314257
2016-06-02,-1.7905416248521584
2016-06-03,-1.8932251920274275
2016-06-04,-2.8422896145851952
2016-06-05,-1.5834695588011911
2016-06-06,-1.9230429155371034
2016-06-07,-2.217008466712848
2016-06-08,-2.077208404445657
2016-06-09,-1.5109631131380494
2016-06-10,-1.9246383124308362
2016-06-11,-1.621660882403298
2016-06-12,-1.76882661105544
2016-06-13,-2.093045392020655
2016-06-14,-1.9777369080809908
2016-06-15,-1.5770341163177395
2016-06-16,-2.1682839135648555
2016-06-17,-2.37981372409851
2016-06-18,-2.272598740192998
2016-06-19,-1.1283632911540238
2016-06-20,-1.6351180756939465
2016-06-21,-1.7178218016521087
2016-06-22,-1.2937457378316064
2016-06-23,-1.4091489571300577
2016-06-24,-1.2514233395804408
2016-06-25,-1.0189395583904242
2016-06-26,-0.6964883739671212
2016-06-27,-0.5225921812574735
2016-06-28,-1.6785677626723046
2016-06-29,-1.2816231005782077
2016-06-30,-0.655837790763399
2016-07-01,-0.6022458996306055
2016-07-02,-0.8824922120023283
2016-07-03,-1.1031199678499657
2016-07-04,-1.082819521825613
2016-07-05,-1.5590296737714024
2016-07-06,-2.0126306381050516
2016-07-07,-2.3577002718065243
2016-07-08,-2.9721954328834905
2016-07-09,-2.6292280913737254
2016-07-10,-1.9349513156870977
2016-07-11,-1.6501329452117897
2016-07-12,-1.969751963029347
2016-07-13,-1.8388859053537996
2016-07-14,-1.6692409862799136
2016-07-15,-1.432723479696378
2016-07-16,-1.731864975432369
2016-07-17,-1.471834998254233
2016-07-18,-1.8345537689538585
2016-07-19,-2.2816781267682935
2016-07-20,-1.6774943401732507
2016-07-21,-1.9744994736733004
2016-07-22,-1.8723108706392004
2016-07-23,-1.741459421775942
2016-07-24,-1.5650656690867655
2016-07-25,-1.528963465969911
2016-07-26,-1.5968080859925906
2016-07-27,-1.5267634331066524
2016-07-28,-1.342863197056054
2016-07-29,-1.3638398382076626
2016-07-30,-1.2228921421649173
2016-07-31,-1.8348236112663974
2016-08-01,-1.5229891846694918
2016-08-02,-1.5616205178385874
2016-08-03,-1.5250768218001274
2016-08-04,-1.6773607761197424
2016-08-05,-1.5152900304726724
2016-08-06,-1.1122679640839481
2016-08-07,-1.2408298020202104
2016-08-08,-0.6986512074231188
2016-08-09,-1.7337923081764
2016-08-10,-0.9862114440571348
2016-08-11,-1.559091864317547
2016-08-12,-0.65483377430244
2016-08-13,-1.1846678571465987
2016-08-14,-1.9862131863605375
2016-08-15,-1.3568441252844174
2016-08-16,-1.4606411154048973
2016-08-17,-2.169856263264672
2016-08-18,-2.0946437228260772
2016-08-19,-1.4829780001077697
2016-08-20,-1.0774937998269354
2016-08-21,-1.4918867603313222
2016-08-22,-1.3237523585778341
2016-08-23,-1.5386442514750056
2016-08-24,-0.9940180681925885
2016-08-25,-0.8651649784673838
2016-08-26,-1.1632771173478953
2016-08-27,-1.5216520095755757
2016-08-28,-1.3362220880840123
2016-08-29,-1.1201486328873818
2016-08-30,-1.4296918862852157
2016-08-31,-1.7542677938277278
2016-09-01,-1.4919567988523126
2016-09-02,-1.4869197295035386
2016-09-03,-0.8819080234436933
2016-09-04,-1.3184293999273176
2016-09-05,-2.0422149857947094
2016-09-06,-1.8639973604684261
2016-09-07,-1.0692624830186217
2016-09-08,-1.2431843358963215
2016-09-09,-1.6787098976333588
2016-09-10,-1.4731596093968697
2016-09-11,-1.517576346833057
2016-09-12,-2.6070114020406665
2016-09-13,-2.531011079280278
2016-09-14,-1.892480162924783
2016-09-15,-1.4050193568481653
2016-09-16,-0.8963190339241542
2016-09-17,-1.1930293113138113
2016-09-18,-0.6864851687562458
2016-09-19,-0.5042727868934305
2016-09-20,-1.6000326702341916
2016-09-21,-1.6961678424650715
2016-09-22,-1.3428880291246426
2016-09-23,-1.915080077538378
2016-09-24,-2.232981578588368
2016-09-25,-0.8017115901616404
2016-09-26,-1.3338100797559787
2016-09-27,-1.5274477018937371
2016-09-28,-1.7018795975724244
2016-09-29,-1.433434507332311
2016-09-30,-1.03165798706647
2016-10-01,-1.0884327793102544
2016-10-02,-0.9456990168547283
2016-10-03,-1.442676263397481
2016-10-04,-1.4337375421890017
2016-10-05,-1.595362916035107
2016-10-06,-1.5022656462028052
2016-10-07,-1.2757980123693122
2016-10-08,-1.4635649892747287
2016-10-09,-1.2798547694637001
2016-10-10,-1.1727940617185115
2016-10-11,-1.6945354739194056
2016-10-12,-1.007844032751258
2016-10-13,-1.0633593195189148
2016-10-14,-1.4596141613851057
2016-10-15,-2.1555786600046893
2016-10-16,-1.593190817500184
2016-10-17,-1.610690320761648
2016-10-18,-1.5296128194517529
2016-10-19,-1.8817771765497915
2016-10-20,-1.856573038775051
2016-10-21,-1.6849905484451648
2016-10-22,-1.6130781488390322
2016-10-23,-1.5941661767017934
2016-10-24,-1.4490062450012389
2016-10-25,-1.384724375939934
2016-10-26,-1.3572087562294526
2016-10-27,-1.3603430530296783
2016-10-28,-1.5528093599640016
2016-10-29,-1.018568248099769
2016-10-30,-1.228241134418712
2016-10-31,-1.5531487578703844
2016-11-01,-1.6245045147092534
2016-11-02,-1.4073905899687817
2016-11-03,-1.5009206547826812
2016-11-04,-1.7631205931566465
2016-11-05,-2.0347221809166207
2016-11-06,-1.096033773032092
2016-11-07,-0.9841403529023819
2016-11-08,-1.513561631051243
2016-11-09,-1.6372151316004642
2016-11-10,-1.4701845029744331
2016-11-11,-2.3234084829303896
2016-11-12,-1.669513611830282
2016-11-13,-0.6733269966065559
2016-11-14,-1.3318445869217257
2016-11-15,-1.3747673398898461
2016-11-16,-0.8522006237302735
2016-11-17,-0.8277391093729703
2016-11-18,-0.7322334007363263
2016-11-19,-1.2806865369769889
2016-11-20,-0.3077812890805234
2016-11-21,-1.1569709139385835
2016-11-22,-0.2508526639869083
2016-11-23,0.39429904180205344
2016-11-24,-0.5785389060095716
2016-11-25,-0.8943201903691566
2016-11-26,-1.702603775876368
2016-11-27,-1.2744216412385458
2016-11-28,-0.8673880203150237
2016-11-29,-0.5800859249793627
2016-11-30,-0.4842303920634121
2016-12-01,-1.1177341863122912
2016-12-02,-1.0454523332685646
2016-12-03,-0.957362865987887
2016-12-04,-1.1963701641919777
2016-12-05,-0.9401819878876373
2016-12-06,-1.0927483151575332
2016-12-07,-1.4929557284487238
2016-12-08,-1.581377300084352
2016-12-09,-1.9803981515847593
2016-12-10,-1.8549952742058706
2016-12-11,-1.6980724637868583
2016-12-12,-1.2509015887886865
2016-12-13,-1.6135416841134231
2016-12-14,-2.197025018420253
2016-12-15,-1.8385283905197631
2016-12-16,-1.1461021623249805
2016-12-17,-0.8189188896888849
2016-12-18,-1.9973077881487655
2016-12-19,-1.9989866604531665
2016-12-20,-2.068011710790567
2016-12-21,-2.1818115234812154
2016-12-22,-1.7191506623146269
2016-12-23,-2.298647435979052
2016-12-24,-2.30730811299975
2016-12-25,-2.79324088980538
2016-12-26,-2.149559853538812
2016-12-27,-2.4268965332490424
2016-12-28,-2.0459643280132105
2016-12-29,-2.126170174856982
2016-12-30,-2.1932223782114604
2016-12-31,-2.0942392876038274
2017-01-01,-1.8045440496965326
2017-01-02,-2.290936535578444
2017-01-03,-2.3043465586973246
2017-01-04,-1.9122964986015827
2017-01-05,-1.6807211055064395
2017-01-06,-2.182734013263951
2017-01-07,-3.5763931069179287
2017-01-08,-4.40058345381357
2017-01-09,-3.4075583663662634
2017-01-10,-2.66964956526373
2017-01-11,-2.2895624216142956
2017-01-12,-2.3786748904025314
2017-01-13,-1.8061983984091183
2017-01-14,-2.3748891500982325
2017-01-15,-2.1392845048951386
2017-01-16,-2.0136291913919058
2017-01-17,-2.7387552238286306
2017-01-18,-2.203327597720449
2017-01-19,-1.7690023038908935
2017-01-20,-1.6218269831097176
2017-01-21,-0.6110496550682047
2017-01-22,-1.7705397395981481
2017-01-23,-1.6833305822254816
2017-01-24,-2.0684081815393163
2017-01-25,-2.784401786131306
2017-01-26,-3.2097162016414567
2017-01-27,-2.9870642129204663
2017-01-28,-2.7751138525194605
2017-01-29,-2.2320079668139905
2017-01-30,-3.6649906870873097
2017-01-31,-3.0893366879079194
2017-02-01,-2.216974737754687
2017-02-02,-2.120442341708112
2017-02-03,-2.4993002565436173
2017-02-04,-2.413546792050501
2017-02-05,-1.534217934909181
2017-02-06,-1.0817532700997525
2017-02-07,-1.5985070101980878
2017-02-08,-1.846603340470327
2017-02-09,-1.6053380586730102
2017-02-10,-1.5164386865814827
2017-02-11,-1.4069924305902803
2017-02-12,-1.5457009600457137
2017-02-13,-1.3955055299860673
2017-02-14,-1.5707980478579084
2017-02-15,-1.8009131057593861
2017-02-16,-2.3825222875528405
2017-02-17,-1.9788140797550222
2017-02-18,-2.3754062871478427
2017-02-19,-2.435835571099825
2017-02-20,-2.181538579342843
2017-02-21,-1.8937727175485397
2017-02-22,-1.7895109354690433
2017-02-23,-1.9803532469095215
2017-02-24,-1.4948408331198506
2017-02-25,-1.7762527976036384
2017-02-26,-1.2265892559244542
2017-02-27,-1.748106592741938
2017-02-28,-2.1282666707255657
2017-03-01,-1.9660486209004098
2017-03-02,-2.200973979831728
2017-03-03,-1.1179175289512158
2017-03-04,-1.5884758835026702
2017-03-05,-1.4299791108284936
2017-03-06,-1.3054714852321743
2017-03-07,-1.364677840972413
2017-03-08,-1.4387952413019522
2017-03-09,-0.9913930946079832
2017-03-10,-1.1022728699510926
2017-03-11,-1.0726395509237365
2017-03-12,-0.9339925555966859
2017-03-13,-1.8975311189449728
2017-03-14,-1.2501900656953389
2017-03-15,-1.351667633772806
2017-03-16,-1.5471983387128512
2017-03-17,-1.4697279741171196
2017-03-18,-1.4118765571132934
2017-03-19,-1.4663450558262796
2017-03-20,-2.923969450519122
2017-03-21,-2.38229855593799
2017-03-22,-1.8336078128822348
2017-03-23,-2.6091376887160345
2017-03-24,-1.8596081308665464
2017-03-25,-2.407284289912319
2017-03-26,-1.9752451057286609
2017-03-27,-1.7904295348364136
2017-03-28,-2.451711214941702
2017-03-29,-1.9519793852553635
2017-03-30,-2.1367641124437102
2017-03-31,-2.374356823254753
2017-04-01,-2.1666136294984337
2017-04-02,-1.6303060901198676
2017-04-03,-1.864909968912795
2017-04-04,-1.8015332786490406
2017-04-05,-1.7177285053952618
2017-04-06,-1.8078580710670231
2017-04-07,-2.2622441840771335
2017-04-08,-1.6331972519405196
2017-04-09,-1.319960936554086
2017-04-10,-1.100512022653314
2017-04-11,-2.0113323280622364
2017-04-12,-2.1995731697454244
2017-04-13,-2.1004204788774437
2017-04-14,-1.7712499428451371
2017-04-15,-1.6740661941729118
2017-04-16,-1.1690014355390803
2017-04-17,-1.1971801421999282
2017-04-18,-1.9327684318313376
2017-04-19,-1.9176398119959577
2017-04-20,-1.2120861817737885
2017-04-21,-0.8231998842650531
2017-04-22,-1.133741415813301
2017-04-23,-1.8059526018009548
2017-04-24,-2.1938216126158596
2017-04-25,-2.093720605597831
2017-04-26,-2.1738954616694723
2017-04-27,-1.8311882616809607
2017-04-28,-1.660608229009711
2017-04-29,-1.4530228004149615
2017-04-30,-1.0691464379353677
2017-05-01,-1.193179820943639
2017-05-02,-2.251724482426939
2017-05-03,-1.6791974412872046
2017-05-04,-1.806958958277832
2017-05-05,-1.5635759334311283
2017-05-06,-1.5458860500748859
2017-05-07,-1.5631251445195702
2017-05-08,-1.486397678800425
2017-05-09,-1.7846693303804264
2017-05-10,-2.4389385238855232
2017-05-11,-2.0193765256027265
2017-05-12,-1.5449677036889586
2017-05-13,-0.8588658419803135
2017-05-14,-0.8488096840283971
2017-05-15,-1.2525333755396433
2017-05-16,-2.0171183840073033
2017-05-17,-1.6486333809139224
2017-05-18,-2.2648421281233904
2017-05-19,-2.0736287466524503
2017-05-20,-1.7674613378164303
2017-05-21,-1.0126039085016647
2017-05-22,-1.4818330743237833
2017-05-23,-2.106731433363643
2017-05-24,-2.130596431707431
2017-05-25,-2.4437944192665384
2017-05-26,-1.3940953013233142
2017-05-27,-1.9610040459478084
2017-05-28,-1.1925772639739103
2017-05-29,-1.7875539898486708
2017-05-30,-1.6748251681027648
2017-05-31,-1.7643999747679155
2017-06-01,-1.4003295902627908
2017-06-02,-1.7882041335749965
2017-06-03,-1.4904577999587811
2017-06-04,-1.468636003660313
2017-06-05,-1.0747990925448065
2017-06-06,-1.5604634493099008
2017-06-07,-1.8429184258062754
2017-06-08,-1.746329199861343
2017-06-09,-2.189631966436083
2017-06-10,-2.4052060462801754
2017-06-11,-2.058957676740058
2017-06-12,-2.5546195775220366
2017-06-13,-2.6828304835382597
2017-06-14,-2.270025185289319
2017-06-15,-2.1842791761229976
2017-06-16,-1.9021904415067514
2017-06-17,-1.9249447969217797
2017-06-18,-1.4383810622370017
2017-06-19,-0.8789927332571621
2017-06-20,-2.0247460791803236
2017-06-21,-2.5699068073300295
2017-06-22,-2.737924543819238
2017-06-23,-2.2949607176192015
2017-06-24,-2.055960571777441
2017-06-25,-1.4301285233436556
2017-06-26,-1.4407517210355187
2017-06-27,-1.8936938678205806
2017-06-28,-1.7914917151425964
2017-06-29,-1.9102300082384451
2017-06-30,-1.5810926618416685
2017-07-01,-1.1542249136864966
2017-07-02,-1.2664493568878634
2017-07-03,-1.4111189778498825
2017-07-04,-1.7079923493266063
2017-07-05,-1.5677953761271715
2017-07-06,-1.7594793592438884
2017-07-07,-1.5147362472594488
2017-07-08,-1.7329762226957524
2017-07-09,-1.8213158010037833
2017-07-10,-2.217478844646298
2017-07-11,-2.185805848027506
2017-07-12,-2.065267372620866
2017-07-13,-2.8204788035901687
2017-07-14,-1.6428855663085733
2017-07-15,-1.2769410808392634
2017-07-16,-1.519245476229961
2017-07-17,-1.3226175137575273
2017-07-18,-2.0115227663481376
2017-07-19,-1.9676878193566052
2017-07-20,-1.9655194796578543
2017-07-21,-2.1361456160349968
2017-07-22,-2.1558570977329525
2017-07-23,-1.6704361502565108
2017-07-24,-1.488000076628461
2017-07-25,-1.759074707653818
2017-07-26,-1.4918193180262607
2017-07-27,-1.8578877711763506
2017-07-28,-1.8059091053849237
2017-07-29,-1.5297343720718175
2017-07-30,-1.8351684687582264
2017-07-31,-1.6459570949783697
2017-08-01,-1.6973659201270523
2017-08-02,-1.3861801524999116
2017-08-03,-1.7734778839345657
2017-08-04,-1.876911514566291
2017-08-05,-2.276822173849505
2017-08-06,-1.8943212669318117
2017-08-07,-1.4095937392863642
2017-08-08,-1.6667626279115164
2017-08-09,-1.6447083125591089
2017-08-10,-1.7985455570040436
2017-08-11,-2.0308189650285597
2017-08-12,-2.4036962724222573
2017-08-13,-1.5152381650164004
2017-08-14,-2.3784038576648623
2017-08-15,-2.0872037179680234
2017-08-16,-1.6994784986606513
2017-08-17,-2.060531650934289
2017-08-18,-2.092688952379293
2017-08-19,-2.1500596400412766
2017-08-20,-1.92983639676874
2017-08-21,-2.0616953979924575
2017-08-22,-1.8233286515392986
2017-08-23,-1.650320894962636
2017-08-24,-0.9598429970461422
2017-08-25,-1.9130472515596528
2017-08-26,-1.8514775983665073
2017-08-27,-1.8769424705376785
2017-08-28,-1.1543315478934464
2017-08-29,-4.701381126232408
2017-08-30,-1.9974867017850622
2017-08-31,-2.154018876026685
2017-09-01,-1.814702271833716
2017-09-02,-2.399573574780727
2017-09-03,-2.2370009477470654
2017-09-04,-2.3933305955446422
2017-09-05,-1.9507790689725506
2017-09-06,-1.8040838450146164
2017-09-07,-1.9581173450928882
2017-09-08,-1.8944131075668997
2017-09-09,-1.6686660575743617
2017-09-10,-1.8109827441024846
2017-09-11,-1.7790542058089094
2017-09-12,-1.885329482891834
2017-09-13,-1.7550183593771005
2017-09-14,-1.4610390366440797
2017-09-15,-1.7551023093820917
2017-09-16,-2.2097342026788374
2017-09-17,-1.7107574168816915
2017-09-18,-1.8290714272131723
2017-09-19,-2.291437077724586
2017-09-20,-1.6392714482171815
2017-09-21,-1.8447834549566948
2017-09-22,-1.964090490380887
2017-09-23,-1.6223515965110784
2017-09-24,-2.3293781266486944
2017-09-25,-2.2989677504203403
2017-09-26,-2.3622028299749256
2017-09-27,-2.401053034922869
2017-09-28,-1.8096142781374516
2017-09-29,-1.8181829372450395
2017-09-30,-2.5055133878424303
2017-10-01,-1.7825099643174547
2017-10-02,-1.9225879107709463
2017-10-03,-2.4309476376736634
2017-10-04,-1.5484020145768893
2017-10-05,-1.123800889491594
2017-10-06,-1.2869935199661615
2017-10-07,-1.989501939036752
2017-10-08,-1.1569005995708859
2017-10-09,-1.8692696622550642
2017-10-10,-1.8757341870314617
2017-10-11,-0.8238575949834448
2017-10-12,-1.7027534964959594
2017-10-13,-1.9593763120474543
2017-10-14,-1.6955174880811261
2017-10-15,-1.3525051231062795
2017-10-16,-1.5288921560678213
2017-10-17,-2.114717410376956
2017-10-18,-2.222222294287513
2017-10-19,-1.7124919564060075
2017-10-20,-2.176794637018987
2017-10-21,-2.5733845621642453
2017-10-22,-2.411907495551304
2017-10-23,-1.6040532924949056
2017-10-24,-1.6113779735203162
2017-10-25,-1.8332402646756751
2017-10-26,-1.6031065495948023
2017-10-27,-1.928792888981286
2017-10-28,-1.6444070754437299
2017-10-29,-1.1390882465547856
2017-10-30,-1.1579250812785225
2017-10-31,-1.8459525075654506
2017-11-01,-2.1213186930011045
2017-11-02,-1.2725499960726752
2017-11-03,-1.349402150536222
2017-11-04,-1.6232545197165145
2017-11-05,-2.2982835339025565
2017-11-06,-2.219559557797795
2017-11-07,-2.035727778790927
2017-11-08,-1.454448607439787
2017-11-09,-1.1584834558839225
2017-11-10,-1.611816836505072
2017-11-11,-1.0175098202979513
2017-11-12,-0.7342739533584739
2017-11-13,-0.9430874556596353
2017-11-14,-1.3370212981574734
2017-11-15,-1.505280754697696
2017-11-16,-1.8887670663946112
2017-11-17,-1.28750885598277
2017-11-18,-1.2807946259671958
2017-11-19,-1.1119580585285287
2017-11-20,-1.0623071753562243
2017-11-21,-1.1401666572139961
2017-11-22,-1.4558777037648107
2017-11-23,-0.8963037109261086
2017-11-24,-1.7556533434991501
2017-11-25,-1.7021736542788022
2017-11-26,-1.5481797751217445
2017-11-27,-1.4067873737000232
2017-11-28,-1.372877286948334
2017-11-29,-1.3848760213030096
2017-11-30,-1.4640624895736918
2017-12-01,-1.2666097352744503
2017-12-02,-1.2006928602606057
2017-12-03,-1.0265388684877794
2017-12-04,-1.5181268267153218
2017-12-05,-1.419756901180644
2017-12-06,-2.1327641766156717
2017-12-07,-1.556780144147177
2017-12-08,-1.9009398832326085
2017-12-09,-1.2170102982279247
2017-12-10,-1.0953085984093198
2017-12-11,-1.4837874067110959
2017-12-12,-1.4582328981340045
2017-12-13,-0.9318721480191676
2017-12-14,-1.1116126321269946
2017-12-15,-0.8524446744619668
2017-12-16,-1.150828088920749
2017-12-17,-1.5424414769025059
2017-12-18,-0.5234147884626336
2017-12-19,-1.1347397377191861
2017-12-20,-1.1328185713988081
2017-12-21,-1.9567534320360276
2017-12-22,-1.7713353231059485
2017-12-23,-1.4492660796896244
2017-12-24,-0.29081329601641687
2017-12-25,-1.1069305005910723
2017-12-26,-1.5021416367929843
2017-12-27,-1.2011037238109996
2017-12-28,-1.6303238129731246
2017-12-29,-1.6600831590599037
2017-12-30,-1.6318678236793298
2017-12-31,-1.1710958310983572
2018-01-01,-1.0705460850514559
2018-01-02,-1.7508130863063918
2018-01-03,-1.3093565475334203
2018-01-04,-1.4836208140001723
2018-01-05,-1.7389942126287463
2018-01-06,-1.4737764233636368
2018-01-07,-1.1744153284657926
2018-01-08,-0.834838105023935
2018-01-09,-1.0294863477571299
2018-01-10,-1.6322661182386653
2018-01-11,-1.893610367277567
2018-01-12,-2.6772004935113554
2018-01-13,-2.8402501663535937
2018-01-14,-2.4817936942983323
2018-01-15,-2.5837976343367663
2018-01-16,-2.5519130299129524
2018-01-17,-3.105654352652244
2018-01-18,-2.0697259193751525
2018-01-19,-1.8525892118792064
2018-01-20,-2.9630139581015036
2018-01-21,-3.274066940966954
2018-01-22,-3.2024325140460252
2018-01-23,-2.1414164989711653
2018-01-24,-1.7482362043908688
2018-01-25,-1.7395568538796047
2018-01-26,-2.03006104771742
2018-01-27,-1.5564598897656217
2018-01-28,-1.2197066521365814
2018-01-29,-1.1323538142378242
2018-01-30,-2.589029892178832
2018-01-31,-3.169336352081676
2018-02-01,-2.1130140523025887
2018-02-02,-2.575440921370325
2018-02-03,-2.5553529791296037
2018-02-04,-1.8410902144881696
2018-02-05,-2.8174838172905674
2018-02-06,-2.7784154763561273
2018-02-07,-3.32116163254733
2018-02-08,-2.543320130553263
2018-02-09,-2.2238426060148875
2018-02-10,-2.4137919999705026
2018-02-11,-1.8848850876632142
2018-02-12,-1.755243229390943
2018-02-13,-2.4180461562587894
2018-02-14,-2.1239808513811025
2018-02-15,-3.3902169854519073
2018-02-16,-3.1440444839390924
2018-02-17,-3.1668571569520587
2018-02-18,-2.9229699177147865
2018-02-19,-2.188480651957017
2018-02-20,-2.7313524931902458
2018-02-21,-2.732120856983429
2018-02-22,-2.084664672317737
2018-02-23,-1.5596874770006475
2018-02-24,-2.2382347700947665
2018-02-25,-1.7412888526247816
2018-02-26,-1.4595333040898044
2018-02-27,-1.9435913326824488
2018-02-28,-1.890630776645329
2018-03-01,-2.305748365221189
2018-03-02,-1.4340148725314021
2018-03-03,-1.4846183892518252
2018-03-04,-0.5512356008774297
2018-03-05,-1.0163682334626554
2018-03-06,-1.4639104420163007
2018-03-07,-0.9978082551252163
2018-03-08,-0.5385276895764527
2018-03-09,-0.30610131601565405
2018-03-10,-0.42177421146254634
2018-03-11,0.28589420529288695
2018-03-12,-0.08332774630032434
2018-03-13,-1.1283246680166346
2018-03-14,-0.8731810643648904
2018-03-15,-1.5688913743792647
2018-03-16,-1.4955623856211722
2018-03-17,-1.5339391516416148
2018-03-18,-1.0378394881410753
2018-03-19,-1.1146392251561636
2018-03-20,-1.1077050715394758
2018-03-21,-0.8691649544202612
2018-03-22,-1.4199539824247878
2018-03-23,-1.710867623652417
2018-03-24,-1.187712324354296
2018-03-25,-1.1688770708040124
2018-03-26,-1.7999157882035512
2018-03-27,-1.503908989944022
2018-03-28,-1.5778096392256804
2018-03-29,-1.7462872174603952
2018-03-30,-1.3809533345554044
2018-03-31,-1.0611610612442794
2018-04-01,-1.3802775505826004
2018-04-02,-1.5885860143814146
2018-04-03,-1.8264476136860506
2018-04-04,-1.0190672745262563
2018-04-05,-1.3362469920869382
2018-04-06,-1.3862062181409234
2018-04-07,-1.5892635636902677
2018-04-08,-1.592717813101842
2018-04-09,-1.4144309521146452
2018-04-10,-1.5559478325722398
2018-04-11,-2.4456425891771585
2018-04-12,-2.7272498952763913
2018-04-13,-1.922465158162799
2018-04-14,-2.189734661789711
2018-04-15,-1.8511868890605796
2018-04-16,-1.678334748880807
2018-04-17,-1.8185131313250507
2018-04-18,-1.5893260230155306
2018-04-19,-1.8765896142397176
2018-04-20,-2.0373651418514354
2018-04-21,-1.7473847148030779
2018-04-22,-1.9555445028069345
2018-04-23,-1.6008397580533287
2018-04-24,-1.8598299993711913
2018-04-25,-2.2601505972715894
2018-04-26,-1.65204036197118
2018-04-27,-1.640616130825933
2018-04-28,-2.1169107237923077
2018-04-29,-1.735258954864714
2018-04-30,-1.8955709157638445
2018-05-01,-3.4175502089078384
2018-05-02,-3.2329035570557063
2018-05-03,-3.161194960698847
2018-05-04,-2.7945917657669996
2018-05-05,-2.3611259345487428
2018-05-06,-2.3271712966939404
2018-05-07,-1.678726050273542
2018-05-08,-1.5300848503004252
2018-05-09,-1.5547521484706095
2018-05-10,-1.9674425154817485
2018-05-11,-1.46610175106421
2018-05-12,-2.173894581322809
2018-05-13,-2.6214244489430945
2018-05-14,-2.644611885588761
2018-05-15,-2.7596243442455117
2018-05-16,-2.658138913948405
2018-05-17,-2.1814417294317936
2018-05-18,-3.2898899910799035
2018-05-19,-3.2214028353876887
2018-05-20,-2.6874400096692446
2018-05-21,-1.927233504112437
2018-05-22,-2.3231769889444887
2018-05-23,-3.1197716886730804
2018-05-24,-2.126863891990827
2018-05-25,-1.9196046264897282
2018-05-26,-2.3470667756690196
2018-05-27,-1.9348030450714102
2018-05-28,-1.464142040489091
2018-05-29,-1.4883408949501604
2018-05-30,-1.4744024564589184
2018-05-31,-2.658263394190816
2018-06-01,-2.3443273558433257
2018-06-02,-1.8528442272121568
2018-06-03,-1.450375431231847
2018-06-04,-1.7036479218779303
2018-06-05,-1.4628555531785028
2018-06-06,-1.517751431666222
2018-06-07,-1.910324891963802
2018-06-08,-2.080784894345672
2018-06-09,-1.7747883720685103
2018-06-10,-1.7507734160830577
2018-06-11,-3.3446336007289212
2018-06-12,-3.1225137673482575
2018-06-13,-2.7203882718364385
2018-06-14,-2.9975602794581815
2018-06-15,-1.7784229296761271
2018-06-16,-2.3139098575930164
2018-06-17,-1.9816803236445348
2018-06-18,-1.9390048565231537
2018-06-19,-2.006881099113368
2018-06-20,-1.9739710018569805
2018-06-21,-2.402051491364354
2018-06-22,-2.4704151437990096
2018-06-23,-2.2782210987101106
2018-06-24,-1.6006860288540654
2018-06-25,-1.1926356267417815
2018-06-26,-1.7673729411711157
2018-06-27,-1.6126857490637159
2018-06-28,-2.7567397254145027
2018-06-29,-2.0072434875665843
2018-06-30,-1.492127310868574
2018-07-01,-1.1971586117634705
2018-07-02,-1.4275432115901037
2018-07-03,-1.959430883886469
2018-07-04,-2.110169234106498
2018-07-05,-1.5432347356311327
2018-07-06,-0.9706419819715603
2018-07-07,-0.9734338045515658
2018-07-08,-1.275930837688369
2018-07-09,-1.1975598737853828
2018-07-10,-1.4003977192658257
2018-07-11,-1.8607498201255286
2018-07-12,-2.4250648203762024
2018-07-13,-3.3229459684895284
2018-07-14,-3.030342222206417
2018-07-15,-2.120880176766527
2018-07-16,-2.3754838377935714
2018-07-17,-1.661484107098986
2018-07-18,-1.7748167486835873
2018-07-19,-2.0270216610602745
2018-07-20,-1.0445077041720061
2018-07-21,-2.056901506542357
2018-07-22,-1.3455600652678712
2018-07-23,-1.436829032798982
2018-07-24,-2.139563139616646
2018-07-25,-1.7925150620232675
2018-07-26,-2.1185293957686895
2018-07-27,-1.958135820255819
2018-07-28,-2.0870653767635057
2018-07-29,-1.8539995589306693
2018-07-30,-2.470524643591947
2018-07-31,-2.260309250119373
2018-08-01,-2.5022037377659845
2018-08-02,-2.448934486922368
2018-08-03,-1.7577549451765473
2018-08-04,-2.2487259096243406
2018-08-05,-1.9476817145366083
2018-08-06,-1.1960315267610455
2018-08-07,-1.6285940129491712
2018-08-08,-1.217841312630901
2018-08-09,-1.7877103356413955
2018-08-10,-1.5376820463370262
2018-08-11,-2.0501089460951527
2018-08-12,-1.6413662573778296
2018-08-13,-1.665630734081475
2018-08-14,-2.7047692980470566
2018-08-15,-2.888845871730241
2018-08-16,-2.5242786977051668
2018-08-17,-3.845412598613572
2018-08-18,-3.6953615488233993
2018-08-19,-2.3996348597115458
2018-08-20,-2.947910329315346
2018-08-21,-2.7437029131467816
2018-08-22,-2.3953355741997475
2018-08-23,-2.2356119281797304
2018-08-24,-2.489639641909866
2018-08-25,-3.265763394941873
2018-08-26,-2.3819847388152415
2018-08-27,-2.305529337720377
2018-08-28,-1.9476661397267776
2018-08-29,-2.314679148728217
2018-08-30,-1.9784510507362147
2018-08-31,-2.068360151656833
2018-09-01,-1.6238587288203854
2018-09-02,-1.5978722671844188
2018-09-03,-2.237203531867265
2018-09-04,-2.0270749912962045
2018-09-05,-1.4211860211297067
2018-09-06,-1.8586196601786145
2018-09-07,-2.612884266027638
2018-09-08,-2.1279584933368296
2018-09-09,-2.10530757497935
2018-09-10,-2.4389902804777592
2018-09-11,-2.666664353680088
2018-09-12,-2.3176706695010174
2018-09-13,-1.6017285319700871
2018-09-14,-1.8648893656907959
2018-09-15,-1.4532187845021365
2018-09-16,-2.885073905803745
2018-09-17,-1.6052594192346972
2018-09-18,-1.3647785353725714
2018-09-19,-1.818054159649286
2018-09-20,-1.9537952791997792
2018-09-21,-2.01623772403974
2018-09-22,-2.2793444599655803
2018-09-23,-1.6420353583804186
2018-09-24,-2.517830154134892
2018-09-25,-2.4908378811636114
2018-09-26,-1.8019553288933239
2018-09-27,-1.045050611323404
2018-09-28,-2.247241969590796
2018-09-29,-1.692353203319795
2018-09-30,-1.3205892194523956
2018-10-01,-1.0951184951310933
2018-10-02,-1.0097837387470383
2018-10-03,-2.2242133516679212
2018-10-04,-1.8885238497992811
2018-10-05,-1.6934520058682454
2018-10-06,-1.0473382256568264
2018-10-07,-1.062736165141719
2018-10-08,-1.6983557264448785
2018-10-09,-1.5990636803662523
2018-10-10,-1.2874190710696058
2018-10-11,-1.4337959094898507
2018-10-12,-1.0446841817686743
2018-10-13,-3.310532399482531
2018-10-14,-2.787121269806371
2018-10-15,-2.782022387786201
2018-10-16,-2.0964835478925856
2018-10-17,-1.5996214993633595
2018-10-18,-1.9487646884512901
2018-10-19,-1.7373628662870506
2018-10-20,-1.394477433659044
2018-10-21,-1.700132364445715
2018-10-22,-1.3459029098042263
2018-10-23,-1.9586944007407077
2018-10-24,-1.773811636013544
2018-10-25,-1.445687313077538
2018-10-26,-1.4581605717011579
2018-10-27,-0.9732949700903314
2018-10-28,-1.2271481457742974
2018-10-29,-0.7514140147101236
2018-10-30,-0.6608709905866554
2018-10-31,-1.1221661125332496
2018-11-01,-0.8619788127405442
2018-11-02,-1.3664844139297672
2018-11-03,-2.235224464830272
2018-11-04,-1.5674895724160702
2018-11-05,-1.7867165138830303
2018-11-06,-1.7710466321019998
2018-11-07,-2.203091514175544
2018-11-08,-1.2654680202583513
2018-11-09,-2.2805702087049795
2018-11-10,-2.3364838285864513
2018-11-11,-1.6634514279480417
2018-11-12,-1.5275935827914005
2018-11-13,-1.6080846918319949
2018-11-14,-1.5853931324555266
2018-11-15,-2.82292212471751
2018-11-16,-2.1734144646862905
2018-11-17,-1.1669558128671047
2018-11-18,-1.3838498830787933
2018-11-19,-1.665494879330896
2018-11-20,-1.2782139467695381
2018-11-21,-1.2951903187585057
2018-11-22,-0.990288528516652
2018-11-23,-1.587118977608125
2018-11-24,-1.4520869288742453
2018-11-25,-1.7039317066243576
2018-11-26,-1.409990085091617
2018-11-27,-1.4438491603568253
2018-11-28,-1.2993055318141815
2018-11-29,-1.7119110634414085
2018-11-30,-1.5367979457428402
2018-12-01,-1.6170295018506842
2018-12-02,-0.8386173107745157
2018-12-03,-1.6285012930408171
2018-12-04,-1.7980969665402715
2018-12-05,-1.9969368776208725
2018-12-06,-1.9235636893893573
2018-12-07,-2.057874875660762
2018-12-08,-0.950762589378934
2018-12-09,-1.0317845314508443
2018-12-10,-1.4433145243038263
2018-12-11,-1.9854820939781221
2018-12-12,-2.4263137055241106
2018-12-13,-2.3188565153181475
2018-12-14,-1.4564171072187413
2018-12-15,-1.5497945528842807
2018-12-16,-1.0944810161469272
2018-12-17,-1.5674892186317502
2018-12-18,-1.864220059725194
2018-12-19,-2.096451270268597
2018-12-20,-1.7524375351331614
2018-12-21,-2.520801354329731
2018-12-22,-2.5324665066895733
2018-12-23,-1.6525028754010616
2018-12-24,-2.0602632004361063
2018-12-25,-1.201595895772597
2018-12-26,-2.0304152314853177
2018-12-27,-1.9564955398142587
2018-12-28,-3.0521072227433477
2018-12-29,-2.694774692903651
2018-12-30,-2.606802746229568
2018-12-31,-2.2051334371796125
2019-01-01,-0.9943115100508387
2019-01-02,-1.3564286165322872
2019-01-03,-2.2196366639298155
2019-01-04,-2.371712177115057
2019-01-05,-2.570735477672083
2019-01-06,-2.260380601927728
2019-01-07,-1.3374400860459104
2019-01-08,-1.6110762699671135
2019-01-09,-1.9344878451951746
2019-01-10,-1.8237830662130818
2019-01-11,-1.4164587970836517
2019-01-12,-1.6419363254030512
2019-01-13,-1.6007139719565868
2019-01-14,-1.9225675610877813
2019-01-15,-2.1495628541321206
2019-01-16,-2.09451866293219
2019-01-17,-1.6956273993030733
2019-01-18,-1.7456148630053363
2019-01-19,-1.591034232591891
2019-01-20,-1.5482988578006571
2019-01-21,-1.4578117790690277
2019-01-22,-1.5565855011548229
2019-01-23,-2.401331344339922
2019-01-24,-1.71895502432554
2019-01-25,-1.5622900267909052
2019-01-26,-1.3327079442819056
2019-01-27,-1.8142016283847984
2019-01-28,-1.8877346852168009
2019-01-29,-1.4303052828275946
2019-01-30,-2.8554994862651264
2019-01-31,-2.6498794339887195
2019-02-01,-2.1234415494378323
2019-02-02,-2.2705117143146176
2019-02-03,-1.3179493309064703
2019-02-04,-1.15258777500799
2019-02-05,-1.2181035244470795
2019-02-06,-1.4773470223256338
2019-02-07,-2.9555728789622617
2019-02-08,-1.7578000100758855
2019-02-09,-2.338520489863391
2019-02-10,-1.4678773391819342
2019-02-11,-1.7134433933048245
2019-02-12,-2.200113592462365
2019-02-13,-1.4347501776307348
2019-02-14,-1.9853794449108355
2019-02-15,-1.2979622067704462
2019-02-16,-2.1952343824321403
2019-02-17,-1.9168347100693173
2019-02-18,-1.9514284363341377
2019-02-19,-2.0040072404980322
2019-02-20,-3.148039678954474
2019-02-21,-2.7857283197431686
2019-02-22,-1.9871827333244356
2019-02-23,-2.346724859757133
2019-02-24,-2.566222265871581
2019-02-25,-1.9145831219664782
2019-02-26,-1.557974131725113
2019-02-27,-1.8094583338558472
2019-02-28,-2.263687148804656
2019-03-01,-1.0517162404849658
2019-03-02,-1.3183543139646836
2019-03-03,-0.9679889204835799
2019-03-04,-0.9969224559677157
2019-03-05,-1.4611792952617944
2019-03-06,-1.9900036919355506
2019-03-07,-1.9950151228285053
2019-03-08,-1.4387823414599707
2019-03-09,-1.857226730566341
2019-03-10,-1.0974374744494133
2019-03-11,-1.1696976808638946
2019-03-12,-1.7243354032599
2019-03-13,-1.9807818627924945
2019-03-14,-1.4869200841044043
2019-03-15,-2.1697040436678994
2019-03-16,-2.9536966240934546
2019-03-17,-2.2751157170159115
2019-03-18,-1.6480187692566781
2019-03-19,-1.7418274218843768
2019-03-20,-0.5901004587755719
2019-03-21,-1.3523137906310552
2019-03-22,-1.4389325816481426
2019-03-23,-2.3168301882937956
2019-03-24,-1.164431581902343
2019-03-25,-1.2752451392679154
2019-03-26,-0.980286692630191
2019-03-27,-2.5513148396719383
2019-03-28,-2.8245459474919126
2019-03-29,-1.2373718720300733
2019-03-30,-0.47505963272101115
2019-03-31,-1.2305791337887317
2019-04-01,-1.0086309019362614
2019-04-02,-0.8956442222766416
2019-04-03,-1.5842122172197892
2019-04-04,-1.6113748961988017
2019-04-05,-1.6198380347480352
2019-04-06,-1.805129310821313
2019-04-07,-1.1305062900842424
2019-04-08,-1.087091077127766
2019-04-09,-1.3354337877772402
2019-04-10,-1.6356948903556328
2019-04-11,-1.0896549671129998
2019-04-12,-1.4946295660662625
2019-04-13,-1.804208047114556
2019-04-14,-1.824727905710334
2019-04-15,-1.790946178593913
2019-04-16,-2.0923301576476536
2019-04-17,-2.5380782764714267
2019-04-18,-1.755620585555821
2019-04-19,-1.9899940345606217
2019-04-20,-3.1105807926660662
2019-04-21,-2.5389272849390876
2019-04-22,-1.5618582525892246
2019-04-23,-2.2579340003669337
2019-04-24,-0.33890243983704255
2019-04-25,-1.147215782682225
2019-04-26,-1.5444782924232676
2019-04-27,-1.3618882132971388
2019-04-28,-0.9293115829498035
2019-04-29,-0.13031461933368477
2019-04-30,-1.797094104851142
2019-05-01,-2.5246364649102686
2019-05-02,-2.110518933290735
2019-05-03,-2.0735451218691185
2019-05-04,-2.00351545924341
2019-05-05,-2.1581239594246227
2019-05-06,-1.3032877421149025
2019-05-07,-2.8719982433200837
2019-05-08,-2.358230987333471
2019-05-09,-2.7002636034048995
2019-05-10,-1.71033985764967
2019-05-11,-1.2927521198553464
2019-05-12,-1.4979115667761551
2019-05-13,-1.2170528972313739
2019-05-14,-1.59280922679679
2019-05-15,-1.7806762005513268
2019-05-16,-1.3973512216282649
2019-05-17,-1.7377495768618454
2019-05-18,-1.3871182808511653
2019-05-19,-0.9620272082614767
2019-05-20,-1.0560699237444566
2019-05-21,-1.8314768216068538
2019-05-22,-2.004666842861844
2019-05-23,-1.3732806045140689
2019-05-24,-2.2074268058552846
2019-05-25,-1.9585483945443032
2019-05-26,-1.3507825130833735
2019-05-27,-1.894007728983523
2019-05-28,-1.3167947920866458
2019-05-29,-1.1001731386220024
2019-05-30,-0.8172967431987793
2019-05-31,-1.6577974334220031
2019-06-01,-1.1318239951362754
2019-06-02,-1.2226603974880847
2019-06-03,-1.3456743941763605
2019-06-04,-1.4679308070989123
2019-06-05,-0.8217008235343953
2019-06-06,-1.3224230696931394
2019-06-07,-1.4130297331427157
2019-06-08,-1.119590430356958
2019-06-09,-1.3617196416514168
2019-06-10,-1.018888844504878
2019-06-11,-1.4387651043797518
2019-06-12,-1.4288822493435707
2019-06-13,-1.1451242943930644
2019-06-14,-1.4533671680709983
2019-06-15,-2.049601503736247
2019-06-16,-1.1686813395577946
2019-06-17,-1.9767885879484148
2019-06-18,-1.5315123422979369
2019-06-19,-2.1464286088865716
2019-06-20,-2.0493669440247593
2019-06-21,-1.9351231390399266
2019-06-22,-1.9646945697431761
2019-06-23,-1.5060716795287257
2019-06-24,-1.5399439811672129
2019-06-25,-1.3916409124005646
2019-06-26,-1.5407154003989383
2019-06-27,-1.701716350230518
2019-06-28,-0.7837574505455536
2019-06-29,-0.7006309072805444
2019-06-30,-1.8241768851171756
2019-07-01,-1.2124941255102222
2019-07-02,-1.0063291382377988
2019-07-03,-0.9075054786556412
2019-07-04,-1.2255652701833775
2019-07-05,-1.562075520810075
2019-07-06,-1.441729518652114
2019-07-07,-0.9774092386454692
2019-07-08,-2.0780996973497468
2019-07-09,-2.0500768770792175
2019-07-10,-1.986723850663889
2019-07-11,-1.3682719067542406
2019-07-12,-2.2157706059644346
2019-07-13,-1.2566996039150335
2019-07-14,-2.068342380883514
2019-07-15,-1.3888449966958574
2019-07-16,-1.103073227668593
2019-07-17,-1.3273537437988852
2019-07-18,-0.9327678549471168
2019-07-19,-0.8438137186722143
2019-07-20,-1.7261210306433858
2019-07-21,-1.391093046702139
2019-07-22,-1.7733416261989348
2019-07-23,-1.2918185252595165
2019-07-24,-1.353132182983274
2019-07-25,-1.7147345549650992
2019-07-26,-1.871282716194894
2019-07-27,-1.3465575168304562
2019-07-28,-1.19860124672775
2019-07-29,0.24747135507239593
2019-07-30,-1.510599959603119
2019-07-31,-1.70582229611543
2019-08-01,-0.7812449367278232
2019-08-02,-1.3256028169416896
2019-08-03,-1.465407967447016
2019-08-04,-0.7230138879838445
2019-08-05,-0.7486718423417159
2019-08-06,-1.624839110343693
2019-08-07,-1.1801032219855683
2019-08-08,-1.8298765730469713
2019-08-09,-1.7565891865406156
2019-08-10,-1.1199266588380739
2019-08-11,-0.8097537580380766
2019-08-12,-1.6232984566077295
2019-08-13,-1.6754405765336169
2019-08-14,-1.6633360750443495
2019-08-15,-1.8638069311357923
2019-08-16,-1.932457322483842
2019-08-17,-2.016817365521176
2019-08-18,-1.2033727284620417
2019-08-19,-2.0506864870489383
2019-08-20,-2.483003214378223
2019-08-21,-2.0621834000606327
2019-08-22,-1.692557087100572
2019-08-23,-1.8595161218510308
2019-08-24,-1.328347551605524
2019-08-25,-1.2798598581914962
2019-08-26,-0.9473285790579952
2019-08-27,-1.6565652960759774
2019-08-28,-1.4459913761176963
2019-08-29,-1.6241912451198246
2019-08-30,-1.9442195513928835
2019-08-31,-1.433587774557796
2019-09-01,-1.649519031959758
2019-09-02,-1.3840679801038727
2019-09-03,-1.2591209809299435
2019-09-04,-1.8276837295984638
2019-09-05,-2.5102766985296445
2019-09-06,-1.8862853313242265
2019-09-07,-1.4375539348558601
2019-09-08,-1.3362098270793337
2019-09-09,-1.6287691802409707
2019-09-10,-1.3612605073987183
2019-09-11,-2.0262398236745107
2019-09-12,-1.7808634769566292
2019-09-13,-1.5184858823728344
2019-09-14,-2.2011513437305577
2019-09-15,-1.7924590151385873
2019-09-16,-1.504780972758167
2019-09-17,-1.5630820207384963
2019-09-18,-1.570602822631943
2019-09-19,-1.6632910816447086
2019-09-20,-0.9340402814563727
2019-09-21,-1.1474186519013287
2019-09-22,-1.078292950157988
2019-09-23,-0.6125277352192825
2019-09-24,-1.2842206829359746
2019-09-25,-1.4219331787483496
2019-09-26,-1.157420755843481
2019-09-27,-1.0737215425768094
2019-09-28,-1.2986282765107682
2019-09-29,-0.7703370117207664
2019-09-30,-1.3668330144509109
2019-10-01,-1.3899315817355102
2019-10-02,-1.5240409260081378
2019-10-03,-1.0457092375677781
2019-10-04,-1.107466549571036
2019-10-05,-1.4832849551537732
2019-10-06,-0.5543386131458601
2019-10-07,-2.007105506490674
2019-10-08,-1.467805668833903
2019-10-09,-1.4321593766659086
2019-10-10,-1.5718144539360972
2019-10-11,-1.3149937284462365
2019-10-12,-1.652458649841213
2019-10-13,-2.3143132668280857
2019-10-14,-1.3318429362132767
2019-10-15,-1.1316296174996554
2019-10-16,-1.4485394996799112
2019-10-17,-1.2163833420149495
2019-10-18,-1.6249488084125938
2019-10-19,-4.33433720827068
2019-10-20,-5.3775256066132515
2019-10-21,-5.330693809254029
2019-10-22,-4.742220846739293
2019-10-23,-4.182617181585811
2019-10-24,-4.367006734322031
2019-10-25,-4.343290077631428
2019-10-26,-3.770714477470221
2019-10-27,-3.4585508941448193
2019-10-28,-2.8747911125149903
2019-10-29,-3.582889157070221
2019-10-30,-3.4550529506582395
2019-10-31,-2.8391349290229555
2019-11-01,-3.199624772526335
2019-11-02,-2.762382977316025
2019-11-03,-2.643612150060477
2019-11-04,-3.052068298598707
2019-11-05,-3.614926566261568
2019-11-06,-3.7638951897001243
2019-11-07,-3.9162410282126863
2019-11-08,-3.4016955334198533
2019-11-09,-3.910348963679682
2019-11-10,-2.936196119783421
2019-11-11,-3.096495365219493
2019-11-12,-3.148790065847841
2019-11-13,-2.6520990508619575
2019-11-14,-2.78783914853133
2019-11-15,-3.3240077407431654
2019-11-16,-2.939821179339964
2019-11-17,-2.789581543420045
2019-11-18,-3.2711958185182985
2019-11-19,-3.223595846719225
2019-11-20,-3.143068354701176
2019-11-21,-3.6272437126459462
2019-11-22,-3.736627543746809
2019-11-23,-3.862682370612978
2019-11-24,-2.9943558260363337
2019-11-25,-2.280150275147431
2019-11-26,-3.6952482706638032
2019-11-27,-3.720141971847086
2019-11-28,-3.545409386065131
2019-11-29,-3.0417537449514187
2019-11-30,-2.5151754473488146
2019-12-01,-2.1615295334143876
2019-12-02,-2.198436583504022
2019-12-03,-1.8836835907532683
2019-12-04,-2.358342370486645
2019-12-05,-2.725077920405435
2019-12-06,-2.5185530950176807
2019-12-07,-2.8176089191900804
2019-12-08,-2.202209218378914
2019-12-09,-1.7073497657687
2019-12-10,-2.397078419359862
2019-12-11,-2.289807620217214
2019-12-12,-2.421665909672746
2019-12-13,-3.429182542330207
2019-12-14,-3.4255655350403296
2019-12-15,-2.5919132117404446
2019-12-16,-2.055268203101636
2019-12-17,-2.553944318517961
2019-12-18,-2.2439193925530945
2019-12-19,-2.00168847521082
2019-12-20,-2.1478694654864743
2019-12-21,-2.7195137448080637
2019-12-22,-3.305319150753152
2019-12-23,-2.0941041757568106
2019-12-24,-2.050997074869407
2019-12-25,-2.8328739251978448
2019-12-26,-3.39278750475589
2019-12-27,-2.9692912151946116
2019-12-28,-3.6802037740833
2019-12-29,-2.6078066386559104
2019-12-30,-2.2059479555604313
2019-12-31,-1.9943009288575964
2020-01-01,-1.2320255472931665
2020-01-02,-3.33333333333333
2020-01-03,-3.046855105678643
2020-01-04,2.34833659491194
2020-01-05,-0.653059462540924
2020-01-06,-1.5370037532076057
2020-01-07,-1.909091858351148
2020-01-08,-2.0233662202373317
2020-01-09,-1.821866514372828
2020-01-10,-1.8904010295837186
2020-01-11,-3.2370262303953443
2020-01-12,-2.105851205288432
2020-01-13,-1.7555477260754906
2020-01-14,-2.3084148267068043
2020-01-15,-2.3607487647636263
2020-01-16,-2.0676101017277633
2020-01-17,-1.3844594689327374
2020-01-18,-2.5625890146094212
2020-01-19,-2.6689048661745076
2020-01-20,-1.2720177323821165
2020-01-21,-1.2566759440526118
2020-01-22,-1.3851281813212297
2020-01-23,-1.8154035948978762
2020-01-24,-2.151073727364379
2020-01-25,-2.017818316604617
2020-01-26,-2.425247878520131
2020-01-27,-1.913694107775427
2020-01-28,-1.5480512880808976
2020-01-29,-1.6287255448415185
2020-01-30,-1.7718658933114666
2020-01-31,-1.87313002434292
2020-02-01,-2.2126634958802316
2020-02-02,-1.5111502190382076
2020-02-03,-1.2288895173377457
2020-02-04,-2.386874674901782
2020-02-05,-2.1128344777755728
2020-02-06,-1.1678629577673274
2020-02-07,-1.4950320583922716
2020-02-08,-2.1340341219290813
2020-02-09,-1.5189490584477903
2020-02-10,-1.0211086003795697
2020-02-11,-1.6587026832249083
2020-02-12,-1.919176304177487
2020-02-13,-1.5798978967812667
2020-02-14,-1.7268350145195932
2020-02-15,-2.0660338923510584
2020-02-16,-2.134713902255379
2020-02-17,-2.1604758772063466
2020-02-18,-1.9428128248493077
2020-02-19,-1.1997250219267774
2020-02-20,-2.3379631586203065
2020-02-21,-1.913912719344527
2020-02-22,-1.6506503331435882
2020-02-23,-1.8647455439824396
2020-02-24,-2.3421985378614583
2020-02-25,-2.0817841713520697
2020-02-26,-2.0543955576583786
2020-02-27,-2.340876427048713
2020-02-28,-1.283037137998883
2020-02-29,-2.0488340013554494
2020-03-01,-1.2636249448292063
2020-03-02,-1.6522651238981163
2020-03-03,-2.70699539730126
2020-03-04,-2.480477968442777
2020-03-05,-2.1453375706530715
2020-03-06,-2.2402099286675194
2020-03-07,-3.04641642097074
2020-03-08,-2.5720649757031704
2020-03-09,-2.8167537125351654
2020-03-10,-3.251490600594017
2020-03-11,-2.7461730941003193
2020-03-12,-3.0080905920970653
2020-03-13,-2.301207881076069
2020-03-14,-2.5492562011880975
2020-03-15,-2.5667214922415234
2020-03-16,-1.9471567462080088
2020-03-17,-2.4345689095457703
2020-03-18,-2.417705317764519
2020-03-19,-2.342875045584744
2020-03-20,-2.1878739505929645
2020-03-21,-2.3828777069834226
2020-03-22,-2.2404000219809945
2020-03-23,-2.578512004264077
2020-03-24,-2.082369848537225
2020-03-25,-2.5446389442176023
2020-03-26,-1.8737884043530657
2020-03-27,-1.8521538939408007
2020-03-28,-2.440518841699797
2020-03-29,-2.052450528510311
2020-03-30,-2.264108414707412
2020-03-31,-1.9064894464123916
2020-04-01,-1.7717319270395164
2020-04-02,-2.4743131382019605
2020-04-03,-2.4188762983799093
2020-04-04,-2.2989011240649795
2020-04-05,-2.2136187224326878
2020-04-06,-2.2082743469081865
2020-04-07,-2.062468191805058
2020-04-08,-2.650153772220345
2020-04-09,-2.4316587012866506
2020-04-10,-2.389008371527304
2020-04-11,-1.7751341815255588
2020-04-12,-2.421559405125365
2020-04-13,-2.134326734106794
2020-04-14,-2.7138389700229997
2020-04-15,-2.6900674128882374
2020-04-16,-2.264533024843921
2020-04-17,-1.684277827090905
2020-04-18,-2.2484042475033093
2020-04-19,-2.5807460151813184
2020-04-20,-1.727500434409454
2020-04-21,-2.0974321296988867
2020-04-22,-1.9508293788470963
2020-04-23,-2.139404039715093
2020-04-24,-2.213944323155901
2020-04-25,-1.5030483418073426
2020-04-26,-1.8265653517251395
2020-04-27,-2.5370483112797957
2020-04-28,-2.918394802133335
2020-04-29,-1.961337580815423
2020-04-30,-1.8505028610171412
2020-05-01,-1.9773154852338817
2020-05-02,-2.519616715244908
2020-05-03,-1.9036539209155692
2020-05-04,-2.3476793590592924
2020-05-05,-1.9696331144387431
2020-05-06,-2.439814441246808
2020-05-07,-1.8945150960887225
2020-05-08,-1.8616607149935278
2020-05-09,-1.8583124684474805
2020-05-10,-1.8729636879036728
2020-05-11,-1.5109307403660301
2020-05-12,-2.0777065548338305
2020-05-13,-1.8419968890267506
2020-05-14,-1.9973742988113428
2020-05-15,-1.973652418672249
2020-05-16,-1.9911258355959438
2020-05-17,-2.046196677209399
2020-05-18,-2.550222876461373
2020-05-19,-4.010870022242447
2020-05-20,-2.9040495746396626
2020-05-21,-2.026140994539777
2020-05-22,-2.206854782844898
2020-05-23,-2.4941914820968263
2020-05-24,-2.188789281783218
2020-05-25,-2.1585902288241754
2020-05-26,-2.3889004039017108
2020-05-27,-2.5379904341160167
2020-05-28,-2.026777124339699
2020-05-29,-2.1718021626261
2020-05-30,-1.946553291480833
2020-05-31,-2.2892629177716604
2020-06-01,-1.8297001346531752
2020-06-02,-2.4069375380374955
2020-06-03,-2.2434956491654905
2020-06-04,-2.539792658924227
2020-06-05,-1.7087390909298064
2020-06-06,-2.4549393085956814
2020-06-07,-2.319094710995773
2020-06-08,-2.1385646341496227
2020-06-09,-1.8421979216796063
2020-06-10,-2.7101659030904144
2020-06-11,-2.3135494872611
2020-06-12,-2.581460634842791
2020-06-13,-2.384891561436607
2020-06-14,-2.6090315115114424
2020-06-15,-2.0157640787107862
2020-06-16,-1.5357636992955457
2020-06-17,-2.0980498264727023
2020-06-18,-2.3111672335818914
2020-06-19,-2.0395612503737275
2020-06-20,-1.3665540461611259
2020-06-21,-1.2418903922764801
2020-06-22,-1.8063646284905437
2020-06-23,-2.0929375187862065
2020-06-24,-1.9931346402918004
2020-06-25,-1.6468464281489568
2020-06-26,-1.7714516119530526
2020-06-27,-1.3527680461920424
2020-06-28,-1.544658299377608
2020-06-29,-1.4197662712257364
2020-06-30,-1.5180941768312919
2020-07-01,-1.6802674823769654
2020-07-02,-2.146212631943205
2020-07-03,-2.115980441787793
2020-07-04,-1.2755855274235974
2020-07-05,-1.4647246423946232
2020-07-06,-1.6482766392803234
2020-07-07,-1.310566486327232
2020-07-08,-1.482441531404513
2020-07-09,-1.924475086073789
2020-07-10,-1.8128885244954112
2020-07-11,-1.5076121761085473
2020-07-12,-1.3043839942665594
2020-07-13,-1.6408746919688364
2020-07-14,-1.4363547006208457
2020-07-15,-1.870713467423011
2020-07-16,-1.7091200035993253
2020-07-17,-1.142633186860496
2020-07-18,-1.1205222089635887
2020-07-19,-1.094322185815197
2020-07-20,-1.2632548635575198
2020-07-21,-1.3893923008310154
2020-07-22,-1.9221334215345676
2020-07-23,-3.377384711368918
2020-07-24,-2.980035330494598
2020-07-25,-2.484503891619156
2020-07-26,-1.020996236923866
2020-07-27,-1.0935700023539714
2020-07-28,-1.4973710968182523
2020-07-29,-1.9260234898682194
2020-07-30,-1.9066495415140028
2020-07-31,-1.7201920791762881
2020-08-01,-2.459173536146809
2020-08-02,-2.0613320825326853
2020-08-03,-2.416249708704689
2020-08-04,-2.7790361636893164
2020-08-05,-2.281723512823844
2020-08-06,-2.164397075148145
2020-08-07,-2.392812590007719
2020-08-08,-2.7148002689551407
2020-08-09,-2.73630379799266
2020-08-10,-2.263598888843692
2020-08-11,-2.787786108808883
2020-08-12,-1.6807493361988919
2020-08-13,-2.144334977915981
2020-08-14,-1.269945428588271
2020-08-15,-2.0140325034687057
2020-08-16,-1.8520660006670755
2020-08-17,-1.7611969354815356
2020-08-18,-1.6397970030569555
2020-08-19,-1.7803013920289417
2020-08-20,-1.9623136182143568
2020-08-21,-2.6362223197845243
2020-08-22,-2.837936090533989
2020-08-23,-2.4602196400891136
2020-08-24,-2.3046798824090837
2020-08-25,-2.257174614988663
2020-08-26,-2.3978190132804094
2020-08-27,-1.8120543642502271
2020-08-28,-2.3221446506021235
2020-08-29,-2.2564818466749648
2020-08-30,-2.533679256320097
2020-08-31,-1.9542955789666092
2020-09-01,-2.4053295511562287
2020-09-02,-1.9999378594410817
2020-09-03,-1.7826353791228422
2020-09-04,-1.9941090881277879
2020-09-05,-2.554124986110476
2020-09-06,-2.280958489541284
2020-09-07,-1.916447119227157
2020-09-08,-2.1181206878923615
2020-09-09,-1.8492379767734517
2020-09-10,-1.587512464762359
2020-09-11,-1.5427803287467496
2020-09-12,-1.9074732594564523
2020-09-13,-0.9444519549491357
2020-09-14,-1.649725261603653
2020-09-15,-1.1609863715414468
2020-09-16,-1.332469868599592
2020-09-17,-1.2882379855213295
2020-09-18,-0.9278969569799425
2020-09-19,-1.2892597711729146
2020-09-20,-1.276169175392025
2020-09-21,-1.0603295065908416
2020-09-22,-1.2868897559106007
2020-09-23,-1.775347285590407
2020-09-24,-1.880925823428118
2020-09-25,-1.4098046797645607
2020-09-26,-2.0284553925705695
2020-09-27,-1.0289208527370697
2020-09-28,-1.7321090168984477
2020-09-29,-1.3585875476245592
2020-09-30,-1.5659493348922018
2020-10-01,-0.8484942382864463
2020-10-02,-1.9304835735849972
2020-10-03,-3.453650820418961
2020-10-04,-3.293830177486298
2020-10-05,-3.2195475616028366
2020-10-06,-1.9153894631741986
2020-10-07,-1.5290154965581468
2020-10-08,-2.134197286466727
2020-10-09,-2.4730911501217463
2020-10-10,-2.412333328637827
2020-10-11,-2.2460821880004636
2020-10-12,-1.6115680730678186
2020-10-13,-2.6115279323731273
2020-10-14,-2.229777816172365
2020-10-15,-3.076941540315767
2020-10-16,-0.5605042260049309
2020-10-17,-2.496834205205507
2020-10-18,-2.7243299530608285
2020-10-19,-4.537419101251788
2020-10-20,-3.094948321651299
2020-10-21,-0.9766993214264879
2020-10-22,-1.354485815460841
2020-10-23,-3.296697714625821
2020-10-24,-1.7402650755130071
2020-10-25,-2.326787065629311
2020-10-26,-0.9692721529753457
2020-10-27,-1.6888544202947933
2020-10-28,-1.6482335930584981
2020-10-29,-1.3523935924122727
2020-10-30,-0.9440577531945379
2020-10-31,-2.506552714267196
2020-11-01,-1.6846551705795856
2020-11-02,-1.1008772329341387
2020-11-03,-2.2574866327761316
2020-11-04,-2.268293027290893
2020-11-05,-0.7195168454115182
2020-11-06,-0.534990939338727
2020-11-07,-0.8450028987913708
2020-11-08,-1.3455550469380486
2020-11-09,-0.5854514834751223
2020-11-10,-1.5353345935117715
2020-11-11,-1.874370771844612
2020-11-12,-2.256756491867414
2020-11-13,-2.716150193843829
2020-11-14,-1.9491595569316136
2020-11-15,-2.5195136167822416
2020-11-16,-1.5043386831788956
2020-11-17,-1.9958839346298083
2020-11-18,-2.1090269194906743
2020-11-19,-2.3733232686033907
2020-11-20,-1.4775538916340782
2020-11-21,-2.1805199723979176
2020-11-22,-1.7773182490534587
2020-11-23,-1.5839692185919767
2020-11-24,-2.155500696249038
2020-11-25,-1.5485694309477938
2020-11-26,-1.924103042870777
2020-11-27,-1.6948199421397838
2020-11-28,-2.3818472628006497
2020-11-29,-1.282484100773967
2020-11-30,-1.0548481485303414
2020-12-01,-1.3313233271673175
2020-12-02,-1.674218476711341
2020-12-03,-1.2464508382880557
2020-12-04,-1.2518735701841104
2020-12-05,-1.9803033406087693
2020-12-06,-1.849192305525725
2020-12-07,-1.8396654619409682
2020-12-08,-1.1306629057985949
2020-12-09,-1.8199218349349338
2020-12-10,-0.7862480991838218
2020-12-11,-0.9289436062644402
2020-12-12,-1.273774280834947
2020-12-13,-1.858678636879209
2020-12-14,-1.5406450177422493
2020-12-15,-1.1826321108551996
2020-12-16,-0.5127518401702649
2020-12-17,-0.6488757467307951
2020-12-18,-1.0304470311585714
2020-12-19,-2.5269617426053648
2020-12-20,-2.0561288511759437
2020-12-21,-1.8812207066520428
2020-12-22,-1.5581466462327824
2020-12-23,-1.8767510763338935
2020-12-24,-0.966810092409906
2020-12-25,-0.8858324978055969
2020-12-26,-1.3233877161524896
2020-12-27,-1.568464209585317
2020-12-28,-2.204747383658879
2020-12-29,-1.67950152166156
2020-12-30,-1.3369394335860452
2020-12-31,-1.1900852331341203
2021-01-01,-1.3430765945025962
2021-01-02,-0.781363451931223
2021-01-03,-1.4905549179605269
2021-01-04,-1.2719299232680186
2021-01-05,-1.4560141451564703
2021-01-06,-1.5569201455496202
2021-01-07,-2.765470885148669
2021-01-08,-2.2928808955397453
2021-01-09,-1.6410392354616372
2021-01-10,-1.4263009500750183
2021-01-11,-1.5013287726145
2021-01-12,-1.4617894949551018
2021-01-13,-1.4463891271993392
2021-01-14,-1.571229187068594
2021-01-15,-1.3844299247954808
2021-01-16,-1.832079287124537
2021-01-17,-1.369202896840188
2021-01-18,-1.2994946717504716
2021-01-19,-1.7472583760784466
2021-01-20,-0.9960630370335684
2021-01-21,-0.814423167992529
2021-01-22,-1.5141938848818581
2021-01-23,-2.0051346041572824
2021-01-24,-2.4311939342287516
2021-01-25,-2.521654539278572
2021-01-26,-1.2879632899508457
2021-01-27,-0.4368426793942974
2021-01-28,-1.1287649637924464
2021-01-29,-1.612615766803654
2021-01-30,-1.3781305412619882
2021-01-31,-1.180297495803152
2021-02-01,-1.3952765413700656
2021-02-02,-1.6852624786838433
2021-02-03,-1.6537965390577942
2021-02-04,-1.4894800448397296
2021-02-05,-1.743538333804002
2021-02-06,-3.05584468387654
2021-02-07,-3.416185651910506
2021-02-08,-2.335462485336561
2021-02-09,-2.3840114404838846
2021-02-10,-2.5220161098076077
2021-02-11,-2.2429793011342056
2021-02-12,-1.775163611066548
2021-02-13,-2.622308275279609
2021-02-14,-1.9090211409424505
2021-02-15,-1.0142295688251217
2021-02-16,-1.3787796112877284
2021-02-17,-1.26058563713741
2021-02-18,-1.8268684903390215
2021-02-19,-1.9996421945287977
2021-02-20,-2.634830713976881
2021-02-21,-1.4765683580103037
2021-02-22,-1.2989456239324184
2021-02-23,-1.635339575450049
2021-02-24,-1.2002568945609606
2021-02-25,-0.9180133826947469
2021-02-26,-1.4717641432155815
2021-02-27,-1.3884597500095912
2021-02-28,-1.2392681519623157
2021-03-01,-1.4309066813230191
2021-03-02,-2.229523105963998
2021-03-03,-1.6557429558819943
2021-03-04,-1.5383052004305329
2021-03-05,-1.7998392954128042
2021-03-06,-1.8545254656434427
2021-03-07,-1.3960078205393536
2021-03-08,-1.4767762864903509
2021-03-09,-1.880299851926822
2021-03-10,-1.6938958560263349
2021-03-11,-1.6071065110993015
2021-03-12,-1.431370694996631
2021-03-13,-1.9973871624516464
2021-03-14,-1.999746950298896
2021-03-15,-1.7236085449079595
2021-03-16,-1.8027589309495324
2021-03-17,-1.9148205415112454
2021-03-18,-1.1361589645107077
2021-03-19,-1.5675209479837449
2021-03-20,-2.4039936329875444
2021-03-21,-1.9118623381813153
2021-03-22,-1.3029710724103238
2021-03-23,-1.5042650912799285
2021-03-24,-1.0760025016412522
2021-03-25,-0.858160969460369
2021-03-26,-1.7115312604525033
2021-03-27,-0.9575156414151829
2021-03-28,-1.368097458455373
2021-03-29,-1.5092506205460303
2021-03-30,-1.8106759634623926
2021-03-31,-1.8843135150016135
2021-04-01,-1.57818131686724
2021-04-02,-1.654877469974452
2021-04-03,-1.9008473509219384
2021-04-04,-1.9450535853039552
2021-04-05,-1.655838823126302
2021-04-06,-1.203618771753
2021-04-07,-1.4330135051018271
2021-04-08,-1.2408250183200575
2021-04-09,-1.5335146660043417
2021-04-10,-2.0814001313249095
2021-04-11,-1.9654532245803973
2021-04-12,-1.324791925532059
2021-04-13,-1.306829295130426
2021-04-14,-1.742494994117567
2021-04-15,-2.126179481375335
2021-04-16,-1.6263888030687368
2021-04-17,-2.0207030972286053
2021-04-18,-1.6772556674574521
2021-04-19,-1.6966155481296739
2021-04-20,-1.6874529915537193
2021-04-21,-1.977405323313432
2021-04-22,-1.6147532147620973
2021-04-23,-2.369620962955421
2021-04-24,-2.006961550301927
2021-04-25,-1.6552214731706258
2021-04-26,-1.6921378966753513
2021-04-27,-1.6015804482497764
2021-04-28,-1.7082482112279231
2021-04-29,-1.804769593562424
2021-04-30,-1.7107958789336277
2021-05-01,-2.0095560916791686
2021-05-02,-1.9773782291589679
2021-05-03,-1.8783433062655905
2021-05-04,-1.340942939973238
2021-05-05,-1.6477723860294695
2021-05-06,-2.2297509103627258
2021-05-07,-1.1446560506609889
2021-05-08,-1.5383029249450137
2021-05-09,-1.3168409142609168
2021-05-10,-1.5380590599669715
2021-05-11,-1.4285693173152
2021-05-12,-1.9328596227165065
2021-05-13,-0.9731794410844481
2021-05-14,-1.5288264509407714
2021-05-15,-0.8755932141267276
2021-05-16,-1.3642581953634356
2021-05-17,-1.6732137793848598
2021-05-18,-1.45222255524949
2021-05-19,-1.5607818564315332
2021-05-20,-2.3315080239550023
2021-05-21,-1.433522548125098
2021-05-22,-1.9269084710439777
2021-05-23,-1.1736019911125775
2021-05-24,-1.3921530995544946
2021-05-25,-1.712751853820136
2021-05-26,-1.9239697413244656
2021-05-27,-1.4397207600671833
2021-05-28,-1.5359965716818835
2021-05-29,-1.8427796147902762
2021-05-30,-1.8597257394135138
2021-05-31,-1.759751721372115
2021-06-01,-1.6038452292863166
2021-06-02,-1.1731987945430276
2021-06-03,-1.349599070952735
2021-06-04,-0.9672983368712088
2021-06-05,-1.134421003108984
2021-06-06,-1.2629994950500816
2021-06-07,-1.5309762062519852
2021-06-08,-1.2748484819497723
2021-06-09,-1.823058055362858
2021-06-10,-1.4487150483530533
2021-06-11,-1.3893598787758472
2021-06-12,-1.2150101026199478
2021-06-13,-2.558360494269017
2021-06-14,-1.180935800054467
2021-06-15,-1.1992316244168755
2021-06-16,-1.3493990729408203
2021-06-17,-0.564347745681196
2021-06-18,-1.3795170135225108
2021-06-19,-1.1135407344842931
2021-06-20,-0.8815770571993555
2021-06-21,-1.0978401218549731
2021-06-22,-1.5822723375596615
2021-06-23,-1.1649361461170527
2021-06-24,-2.7041087962285246
2021-06-25,-1.6811042664089406
2021-06-26,-1.4206516533239024
2021-06-27,-1.4398944765328006
2021-06-28,-1.5352598152955044
2021-06-29,-1.110874725417363
2021-06-30,-1.102403346974529
2021-07-01,-1.3099274835990393
2021-07-02,-1.59004568968047
2021-07-03,-1.4380019539232722
2021-07-04,-1.1900306520295814
2021-07-05,-1.317282282505857
2021-07-06,-1.8036391611430607
2021-07-07,-1.807799003397664
2021-07-08,-1.96486242626535
2021-07-09,-1.6032257610235139
2021-07-10,-2.6659317520997403
2021-07-11,-2.314527123028481
2021-07-12,-1.7382257785412842
2021-07-13,-1.742924103618519
2021-07-14,-1.7572307671557412
2021-07-15,-1.7408535728201684
2021-07-16,-2.1305084342740277
2021-07-17,-1.918210688223195
2021-07-18,-1.016515447147728
2021-07-19,-0.6302127479810976
2021-07-20,-1.0803103202986664
2021-07-21,-1.3334424928193156
2021-07-22,-0.8111472356618514
2021-07-23,-1.142961231496941
2021-07-24,-0.7809441014677351
2021-07-25,-0.09218753012826425
2021-07-26,-1.2268326425171596
2021-07-27,-2.3766932255997824
2021-07-28,-1.8407668948371063
2021-07-29,-1.7555369648725319
2021-07-30,-2.543351316094425
2021-07-31,-2.7056330169913996
2021-08-01,-1.7922171648768426
2021-08-02,-2.2828323814945457
2021-08-03,-1.7973521366904954
2021-08-04,-1.7683550775395402
2021-08-05,-1.828945840292138
2021-08-06,-1.365349289847793
2021-08-07,-1.0096725272809948
2021-08-08,-1.8498966500970528
2021-08-09,-1.27414889627249
2021-08-10,-1.7482392247121428
2021-08-11,-2.0406332879321463
2021-08-12,-1.6256193294331625
2021-08-13,-1.7353171123594398
2021-08-14,-1.8113793731762553
2021-08-15,-1.159527970362945
2021-08-16,-1.5005497754070105
2021-08-17,-1.2570718710824653
2021-08-18,-1.438907718810413
2021-08-19,-1.980871163438531
2021-08-20,-1.6805593653019522
2021-08-21,-1.3601269248507448
2021-08-22,-0.8333733419055662
2021-08-23,-1.4346419352778241
2021-08-24,-0.6337353281693123
2021-08-25,-1.4045139909453372
2021-08-26,-1.733245029920169
2021-08-27,-1.7072680703681544
2021-08-28,-1.306872601148568
2021-08-29,-0.9463775299825292
2021-08-30,-1.2444413615867271
2021-08-31,-1.5100724564590822
2021-09-01,-0.9559318943948109
2021-09-02,-1.2319585044872814
2021-09-03,-1.2916218360605565
2021-09-04,-1.4737522257970224
2021-09-05,-1.9653816383845257
2021-09-06,-1.3757227411724686
2021-09-07,-1.3957578223097218
2021-09-08,-1.600643123138023
2021-09-09,-1.9205047588217357
2021-09-10,-1.4582321143463495
2021-09-11,-2.570726322064271
2021-09-12,-2.001555608495718
2021-09-13,-2.249299916579682
2021-09-14,-1.053215424551218
2021-09-15,-0.4041151662461773
2021-09-16,-0.8151060046547245
2021-09-17,-1.3924882408626948
2021-09-18,-1.0720595748212667
2021-09-19,-1.0410334635477942
2021-09-20,-1.9369135951903114
2021-09-21,-2.0127437774450105
2021-09-22,-2.0305945136363315
2021-09-23,-2.5558659571656857
2021-09-24,-1.5442685670189442
2021-09-25,-1.691572598853008
2021-09-26,-1.975689272636039
2021-09-27,-2.2196438257264695
2021-09-28,-1.7104128328680375
2021-09-29,-1.7217013268673316
2021-09-30,-1.9219869725744683
2021-10-01,-1.375654667578937
2021-10-02,-1.29809961410889
2021-10-03,-2.1494553448624374
2021-10-04,-2.006195759520008
2021-10-05,-2.1398592785402406
2021-10-06,-1.4156387132241985
2021-10-07,-1.0237845675996244
2021-10-08,-1.3435048422414295
2021-10-09,-1.3459491448473972
2021-10-10,-1.7309168584394128
2021-10-11,-3.194914227129975
2021-10-12,-1.9325917657610063
2021-10-13,-2.605738154858521
2021-10-14,-2.06649558185144
2021-10-15,-1.918250468556518
2021-10-16,-1.937984462856948
2021-10-17,-1.2615427691817076
2021-10-18,-1.8849477428683963
2021-10-19,-3.016854025917118
2021-10-20,-2.653498329591477
2021-10-21,-1.7628389817590167
2021-10-22,-1.6674104129399627
2021-10-23,-1.5497597946397361
2021-10-24,-2.1123266518353083
2021-10-25,-1.9594817541249598
2021-10-26,-1.6771337724885813
2021-10-27,-1.1927961032736998
2021-10-28,-0.6755568833733147
2021-10-29,-1.1946640348740138
2021-10-30,-1.1273127562090413
2021-10-31,-0.8390762407974792
2021-11-01,-1.7444235738808278
2021-11-02,-1.1076344628512873
2021-11-03,-1.5289152680571776
2021-11-04,-2.5421600085521807
2021-11-05,-2.0966284356837157
2021-11-06,-2.2822612658681707
2021-11-07,-1.295860876519077
2021-11-08,-1.697715546595369
2021-11-09,-1.7392371646674236
2021-11-10,-2.103115200292477
2021-11-11,-1.553360451580196
2021-11-12,-1.0654459864386128
2021-11-13,-1.4680378692943108
2021-11-14,-1.6219004972805344
2021-11-15,-1.230204375384988
2021-11-16,-1.9785718576575122
2021-11-17,-2.1397365931073593
2021-11-18,-1.797503255404998
2021-11-19,-1.6760122789647975
2021-11-20,-1.747853435129227
2021-11-21,-1.234394232419707
2021-11-22,-1.094093429523921
2021-11-23,-0.5240585719781093
2021-11-24,-1.8540278090890825
2021-11-25,-1.5976087981436056
2021-11-26,-1.0914116236838303
2021-11-27,-0.9969954168200357
2021-11-28,-0.7248044693773918
2021-11-29,-1.1954088390760258
2021-11-30,-1.2349450033342275
2021-12-01,-0.9968409799172399
2021-12-02,-1.416388083302113
2021-12-03,-1.097680134631959
2021-12-04,-0.989414499308713
2021-12-05,-1.040752173687962
2021-12-06,-1.445644344253364
2021-12-07,0.11326361075956673
2021-12-08,0.8578333813711233
2021-12-09,-0.6037857846170933
2021-12-10,-0.5126862767624693
2021-12-11,-1.3229344458965286
2021-12-12,-1.4599527614890189
2021-12-13,-1.1807098810760537
2021-12-14,-1.2653620838729664
2021-12-15,-0.669478472066489
2021-12-16,-1.4786759633121762
2021-12-17,-2.2151529349981196
2021-12-18,-1.33812153698001
2021-12-19,-0.8107524250537472
2021-12-20,-0.23658152422488307
2021-12-21,-0.6950809403531636
2021-12-22,-1.4866738234216046
2021-12-23,-1.3925796489296118
2021-12-24,-0.9628609553570738
2021-12-25,-1.2909982898836552
2021-12-26,-0.9621182534888606
2021-12-27,-0.7237228182353523
2021-12-28,-1.705109037250804
2021-12-29,-1.748149648463678
2021-12-30,-1.6751443296989554
2021-12-31,-1.1533599785604707
2022-01-01,-1.0520285224770958
2022-01-02,-0.5854624984079652
2022-01-03,-1.818307121172437
2022-01-04,-1.8533527119846194
2022-01-05,-1.2941415090177855
2022-01-06,-0.9248301707794906
2022-01-07,-1.4861192798172331
2022-01-08,-1.4629450299145188
2022-01-09,-1.146939664439826
2022-01-10,-0.928325753592834
2022-01-11,-1.1521344406440095
2022-01-12,-1.1691946778441562
2022-01-13,-0.7072964333713496
2022-01-14,-1.3442629725296527
2022-01-15,-1.3824578629483875
2022-01-16,-1.8000637933322807
2022-01-17,-1.458914059472455
2022-01-18,-1.2350917457499024
2022-01-19,-1.2865129121854602
2022-01-20,-1.3934598027328333
2022-01-21,-0.7122399512857077
2022-01-22,-1.2959541339465284
2022-01-23,-1.0695622398149789
2022-01-24,-1.2470529774177928
2022-01-25,-1.4418427172136703
2022-01-26,-1.318461266586867
2022-01-27,-1.1288605065199457
2022-01-28,-0.8738970588771497
2022-01-29,-1.1589797986729098
2022-01-30,-1.4177346827868
2022-01-31,-2.347978620266145
2022-02-01,-1.6392497738910954
2022-02-02,-1.327636558314
2022-02-03,-1.6398957524350108
2022-02-04,-1.657724010181222
2022-02-05,-1.140550509588405
2022-02-06,-1.8995332109355425
2022-02-07,-1.4181215545245616
2022-02-08,-1.2612113412507708
2022-02-09,-1.22436665174266
2022-02-10,-1.840365203667981
2022-02-11,-1.744985152668235
2022-02-12,-1.7705678613941447
2022-02-13,-1.7947812791941125
2022-02-14,-1.2332737938155922
2022-02-15,-1.6199625714273889
2022-02-16,-1.9656136136199471
2022-02-17,-1.8106714452207677
2022-02-18,-1.3742222624683327
2022-02-19,-0.7797915102581637
2022-02-20,-0.9343206082557851
2022-02-21,-0.8999497850415539
2022-02-22,-1.0291690988117954
2022-02-23,-1.5817120174698018
2022-02-24,-1.403177504931442
2022-02-25,-0.78657908933225
2022-02-26,-0.7139036176402501
2022-02-27,-0.8522698159725985
2022-02-28,-1.568432995273967
2022-03-01,-0.992728162166262
2022-03-02,-0.8715887068776709
2022-03-03,-1.787227287172378
2022-03-04,-2.0063042891748624
2022-03-05,-1.7273267717000262
2022-03-06,-1.3823678808315372
2022-03-07,-0.9731954233763347
2022-03-08,-1.3441594099878964
2022-03-09,-0.7333173226663368
2022-03-10,-0.7788971384175755
2022-03-11,-0.04034732526639707
2022-03-12,-0.20314287999525943
2022-03-13,-0.6715005173526457
2022-03-14,-1.4601492368191982
2022-03-15,-1.358677633831645
2022-03-16,-1.297585199524734
2022-03-17,-1.616546502486716
2022-03-18,-0.8685831017610987
2022-03-19,-1.0095073644225132
2022-03-20,-1.1988742672304076
2022-03-21,-1.5082306050885488
2022-03-22,-1.6488917954699756
2022-03-23,-1.4224930798570992
2022-03-24,-1.3014437175520648
2022-03-25,-1.771973970570945
2022-03-26,-1.8776794646824615
2022-03-27,-2.081113100898521
2022-03-28,-1.6647972956944768
2022-03-29,-2.4031691069891377
2022-03-30,-2.3755906144646035
2022-03-31,-1.524150146185054
2022-04-01,-1.335163637267394
2022-04-02,-1.6313512688841028
2022-04-03,-0.7606170660967996
2022-04-04,-0.28045862339355815
2022-04-05,-0.8043348893306919
2022-04-06,-0.8762488675434826
2022-04-07,-1.6599744954917657
2022-04-08,-1.42869342883367
2022-04-09,-1.4614086925759613
2022-04-10,-0.9376501528281178
2022-04-11,-2.693064619662766
2022-04-12,-2.85474451014466
2022-04-13,-1.3869566529333937
2022-04-14,-1.0508662415101366
2022-04-15,-0.7679642974175052
2022-04-16,-1.558498067361028
2022-04-17,-1.3419863724819139
2022-04-18,-1.0758292143179446
2022-04-19,-0.5769236186215786
2022-04-20,-0.5670725047953621
2022-04-21,-1.9204294339602581
2022-04-22,-1.1327467709067387
2022-04-23,-1.7313061493059678
2022-04-24,-0.7239641890898596
2022-04-25,-1.5054884400673254
2022-04-26,-1.2224472510973214
2022-04-27,-1.5569351737460124
2022-04-28,-1.4983686151532194
2022-04-29,-1.5366120341256633
2022-04-30,-1.0067524566129338
2022-05-01,-0.9691768930229874
2022-05-02,-1.9610522692986891
2022-05-03,-1.7429187765389151
2022-05-04,-2.2938946829864943
2022-05-05,-1.0523776803624252
2022-05-06,-1.476042378435989
2022-05-07,-1.508733330913966
2022-05-08,-0.5950600975857164
2022-05-09,-1.33162081265438
2022-05-10,-1.3415307754510757
2022-05-11,-0.9624835364134073
2022-05-12,-1.9097502022620654
2022-05-13,-3.098056758440642
2022-05-14,-1.9586737599495536
2022-05-15,-1.746734726505981
2022-05-16,-1.9497446544472645
2022-05-17,-2.3158111173228395
2022-05-18,-2.458944568099482
2022-05-19,-2.1082391573329127
2022-05-20,-1.7826771450435888
2022-05-21,-1.2686430677637315
2022-05-22,-1.0843207420900498
2022-05-23,-1.3049422440322045
2022-05-24,-1.9438988429399149
2022-05-25,-2.2674119132485675
2022-05-26,-1.5572264309974395
2022-05-27,-1.597304653823118
2022-05-28,-1.967152466537138
2022-05-29,-1.8082436221730442
2022-05-30,-2.1391907743211
2022-05-31,-2.4205189693830444
2022-06-01,-1.6050330398488326
2022-06-02,-1.6481220628017867
2022-06-03,-1.3366500600621998
2022-06-04,-2.065234134986475
2022-06-05,-0.7426925470081795
2022-06-06,-0.31556062190691714
2022-06-07,-1.3884877180159274
2022-06-08,-2.64139018594774
2022-06-09,-1.9802968717110796
2022-06-10,-1.4179375696826158
2022-06-11,-1.5259113763681926
2022-06-12,-1.4597502376067717
2022-06-13,-1.793163645707486
2022-06-14,-1.7904266762459586
2022-06-15,-1.5089355722002442
2022-06-16,-1.7748219527927402
2022-06-17,-2.002928217221662
2022-06-18,-2.7656779521643347
2022-06-19,-1.5388934590075103
2022-06-20,-0.1872553654744642
2022-06-21,-1.0720429301665981
2022-06-22,-1.7467767149438744
2022-06-23,-1.7078945802722767
2022-06-24,-0.9391744764912761
2022-06-25,-1.2184687335975966
2022-06-26,-1.2333387883614055
2022-06-27,-1.605792406339862
2022-06-28,-1.5188473474961697
2022-06-29,-1.6456375792132791
2022-06-30,-2.0048328201920613
2022-07-01,-1.4468742110266721
2022-07-02,-1.3366401859438795
2022-07-03,-1.416417421470289
2022-07-04,-0.9808260433398263
2022-07-05,-1.4544625358651921
2022-07-06,-1.2705961878782128
2022-07-07,-1.7893725111954297
2022-07-08,-1.4250609864116777
2022-07-09,-1.4527368078754288
2022-07-10,-1.0678236637755574
2022-07-11,-1.3422510675580672
2022-07-12,-1.7267448349177423
2022-07-13,-1.2627057738745027
2022-07-14,-1.6301163429663723
2022-07-15,-1.290022479329064
2022-07-16,-1.0257566920219792
2022-07-17,-0.993141506703421
2022-07-18,-2.0057477362496883
2022-07-19,-1.157022429612293
2022-07-20,-1.576490881185688
2022-07-21,-1.4874644498109622
2022-07-22,-0.8145047685701378
2022-07-23,-1.2336010743724704
2022-07-24,-1.461854898338101
2022-07-25,-0.839305921833551
2022-07-26,-1.901678988271809
2022-07-27,-1.953040690708253
2022-07-28,-0.8761005814188659
2022-07-29,-0.8191266836471449
2022-07-30,-1.0349223038349329
2022-07-31,-1.5123924700268543
2022-08-01,-1.1599985584058679
2022-08-02,-1.2009658195171005
2022-08-03,-1.201624498948061
2022-08-04,-1.5436962469751059
2022-08-05,-1.5507511384858845
2022-08-06,-1.1077698317866005
2022-08-07,-1.5316230964288686
2022-08-08,-1.1178189315737166
2022-08-09,-1.2840245195496
2022-08-10,-1.8553849460340934
2022-08-11,-0.9855570774818989
2022-08-12,-1.1655115114431076
2022-08-13,-0.8114954450311942
2022-08-14,-1.1411861698060215
2022-08-15,-0.9941575847150954
2022-08-16,-1.7001621944862855
2022-08-17,-0.6689658585319918
2022-08-18,-1.312587553152461
2022-08-19,-1.0110785970749165
2022-08-20,-1.4480661911597563
2022-08-21,-1.6014161110771854
2022-08-22,-1.6725334645586085
2022-08-23,-1.5649774679861814
2022-08-24,-1.2037214426255325
2022-08-25,-2.770174282554575
2022-08-26,-2.7442245086506616
2022-08-27,-1.5097261031374163
2022-08-28,-1.5946012619367829
2022-08-29,-1.82705837474932
2022-08-30,-2.045214517611665
2022-08-31,-2.169055985226409
2022-09-01,-2.1840459582503233
2022-09-02,-2.1968241259936683
2022-09-03,-2.160380746765866
2022-09-04,-1.1449596761809482
2022-09-05,-1.5427057887993183
2022-09-06,-1.4716414266733977
2022-09-07,-1.6856058004195198
2022-09-08,-1.687422878625481
2022-09-09,-1.2586690306213166
2022-09-10,-1.3066762116197614
2022-09-11,-1.4374174839071532
2022-09-12,-1.676082529311523
2022-09-13,-1.4167104393815835
2022-09-14,-0.9975435598452209
2022-09-15,-0.2548844235020142
2022-09-16,-1.3189126818910661
2022-09-17,-0.9643692901496546
2022-09-18,-0.04126579815279446
2022-09-19,-0.9931017714276447
2022-09-20,-1.7811071254630153
2022-09-21,-1.1043084918968846
2022-09-22,-1.6422000809383617
2022-09-23,-1.3900839730764112
2022-09-24,-1.073022738601858
2022-09-25,-0.9761658608667668
2022-09-26,-0.7030763391472098
2022-09-27,-0.8736777698341549
2022-09-28,-1.2237046717067406
2022-09-29,-0.9733928376406975
2022-09-30,-1.4193340250342625
2022-10-01,-0.7998633988853605
2022-10-02,-1.835525573051937
2022-10-03,-1.7090795368506837
2022-10-04,-1.5243523910421362
2022-10-05,-1.3559909985391323
2022-10-06,-2.1049175863312373
2022-10-07,-1.7533380122906597
2022-10-08,-1.898170700673264
2022-10-09,-0.950206108245774
2022-10-10,-2.1583833191853072
2022-10-11,-0.6211572967220967
2022-10-12,-1.0526262844112633
2022-10-13,-1.7709361326565067
2022-10-14,-1.6463883208074677
2022-10-15,-2.171877676077841
2022-10-16,-1.4190013062964717
2022-10-17,-1.813768740046501
2022-10-18,-2.200713980910381
2022-10-19,-2.461657207526118
2022-10-20,-1.624553240242815
2022-10-21,-1.2590191701483786
2022-10-22,-1.390792961077066
2022-10-23,-0.9782128802061761
2022-10-24,-1.0943253870747618
2022-10-25,-1.3875218454077836
2022-10-26,-1.2787119874927486
2022-10-27,-1.3615956717269868
2022-10-28,-2.130267752671272
2022-10-29,-1.8281293420779292
2022-10-30,-1.6318664498918773
2022-10-31,-0.6235492632230177
2022-11-01,-0.980526817642661
2022-11-02,-1.4256843697820547
2022-11-03,-1.2567338952687501
2022-11-04,-0.6347377482684958
2022-11-05,-0.20359286069580618
2022-11-06,-0.7790551083477372
2022-11-07,-0.7677310022287802
2022-11-08,-0.9556462808992074
2022-11-09,-0.9165120302785068
2022-11-10,-1.1631079487458007
2022-11-11,-1.137604582669601
2022-11-12,-1.1350658814835066
2022-11-13,-0.9406488031414574
2022-11-14,-1.0718106939363117
2022-11-15,-1.1448480878347231
2022-11-16,-1.4090098828375894
2022-11-17,-1.6833893824945214
2022-11-18,-0.4935711965315139
2022-11-19,-0.5517722729604837
2022-11-20,-1.3650396066829535
2022-11-21,-1.0505215016113392
2022-11-22,-1.5753883924656957
2022-11-23,-1.0059828366188133
2022-11-24,-0.4634265933406899
2022-11-25,-1.6364951934122227
2022-11-26,-1.7861903517239324
2022-11-27,-0.9023653088601519
2022-11-28,-0.8049580129672128
2022-11-29,-0.3705490833968488
2022-11-30,-0.8374473245993668
2022-12-01,-1.3037323248477204
2022-12-02,-1.3146347031296644
2022-12-03,-1.6786909157120866
2022-12-04,-1.4068530240396606
2022-12-05,-1.0421005625434416
2022-12-06,-0.6680328781845523
2022-12-07,-1.2335602203383684
2022-12-08,-0.6805617110644162
2022-12-09,-0.647147960115982
2022-12-10,-0.14969938142907724
2022-12-11,-0.6618715807656443
2022-12-12,-1.1570539823549364
2022-12-13,-1.1024661576301535
2022-12-14,-1.0212187012045477
2022-12-15,-1.1979881527755853
2022-12-16,-2.005594932456519
2022-12-17,-1.545679147931284
2022-12-18,-1.2757611001131541
2022-12-19,-1.9948562423733163
2022-12-20,-1.8245770834303956
2022-12-21,-1.5465237668715572
2022-12-22,-1.290603632054415
2022-12-23,-1.3803263160605783
2022-12-24,-2.0203930764272244
2022-12-25,-1.1599441859305726
2022-12-26,-0.8276163429957687
2022-12-27,-1.5537935808401455
2022-12-28,-1.5036193064941648
2022-12-29,-1.1824333642382845
2022-12-30,-2.0372594642478634
2022-12-31,-2.2201211645088934
2023-01-01,-0.9876092761809842
2023-01-02,-1.21968876807943
2023-01-03,-1.4417051940773962
2023-01-04,-1.6489070117429372
2023-01-05,-1.5047473159272908
2023-01-06,-1.502212082408214
2023-01-07,-1.692155148929838
2023-01-08,-1.1859616507674942
2023-01-09,-1.5679906095496023
2023-01-10,-1.403378278385962
2023-01-11,-1.2632966465700763
2023-01-12,-1.3477009598604748
2023-01-13,-1.4563039738708399
2023-01-14,-1.9639681761797385
2023-01-15,-1.722631650873123
2023-01-16,-2.166360654540753
2023-01-17,-1.0580615643145277
2023-01-18,-1.9406369347121202
2023-01-19,-0.9755194809653209
2023-01-20,-2.6667465507435217
2023-01-21,-1.2740051933221528
2023-01-22,-1.0842365927187714
2023-01-23,-1.17437847332317
2023-01-24,-1.5119549948249182
2023-01-25,-1.352758151661951
2023-01-26,-0.814767171885283
2023-01-27,-1.5921436129681692
2023-01-28,-0.24917204405559978
2023-01-29,-0.8968755519738956
2023-01-30,-2.544047177083833
2023-01-31,-1.5568562623628832
2023-02-01,-1.932721527444212
2023-02-02,-2.0136073165659303
2023-02-03,-1.8881939171454163
2023-02-04,-3.399151146175799
2023-02-05,-3.5976276565006686
2023-02-06,-3.179062072913704
2023-02-07,-2.553375446311154
2023-02-08,-3.071044443700967
2023-02-09,-2.3660823465471506
2023-02-10,-1.9838372521865957
2023-02-11,-1.861156435651118
2023-02-12,-1.3570689775964375
2023-02-13,-2.1522696279020863
2023-02-14,-3.168029854705131
2023-02-15,-2.525364739483987
2023-02-16,-2.088330003797927
2023-02-17,-1.6870822564376649
2023-02-18,-1.9344137886031454
2023-02-19,-2.20328754823828
2023-02-20,-1.3429673362847945
2023-02-21,-1.6145945150876435
2023-02-22,-1.7727990920435293
2023-02-23,-1.6270408903350277
2023-02-24,-2.2681713367977205
2023-02-25,-1.5705548091930714
2023-02-26,-1.4497512205852234
2023-02-27,-1.8109258309075758
2023-02-28,-1.8612354546549386
2023-03-01,-1.2303166793739928
2023-03-02,-1.7912307941174872
2023-03-03,-1.7844009173751836
2023-03-04,-2.131884145428277
2023-03-05,-2.3542496438813614
2023-03-06,-2.0345535214691592
2023-03-07,-1.2159607146627476
2023-03-08,-2.0340565713895487
2023-03-09,-2.9068132667584226
2023-03-10,-1.7480458088359636
2023-03-11,-2.2544888265532883
2023-03-12,-0.7626675572132571
2023-03-13,-1.666201463872239
2023-03-14,-2.0947214829569187
2023-03-15,-1.9109524171105685
2023-03-16,-1.866023556196767
2023-03-17,-1.8472023307451844
2023-03-18,-1.536559010583395
2023-03-19,-1.3681427749222514
2023-03-20,-0.4481335769040364
2023-03-21,-1.6031458363179236
2023-03-22,-1.6738199646255378
2023-03-23,-0.5911581911231825
2023-03-24,-1.1579782870835273
2023-03-25,-1.644669553376786
2023-03-26,-1.991555628318762
2023-03-27,-0.809322504931635
2023-03-28,-0.8067119948148385
2023-03-29,-0.2788454467417148
2023-03-30,-1.5302532381867062
2023-03-31,-0.33036227302759635
2023-04-01,-0.670949044980922
2023-04-02,0.8276032961663942
2023-04-03,0.02679688518083769
2023-04-04,-0.7300616633966691
2023-04-05,-1.345646800354432
2023-04-06,-1.3543006201693724
2023-04-07,-2.947809316628022
2023-04-08,-1.1974645142516234
2023-04-09,-0.7583028396027546
2023-04-10,-1.1094822635618866
2023-04-11,-0.9900253327317302
2023-04-12,-0.8667066998553414
2023-04-13,-0.8478961388739917
2023-04-14,-1.409355935899864
2023-04-15,-0.8360829917519036
2023-04-16,-1.7864369725127542
2023-04-17,-2.549447997462452
2023-04-18,-0.4551022809891533
2023-04-19,-0.24459952341401936
2023-04-20,-0.6275508788133559
2023-04-21,-0.5735700073638925
2023-04-22,-0.9223904817366613
2023-04-23,-1.2509331904519536
2023-04-24,-0.6405489384800551
2023-04-25,-0.8271963069939757
2023-04-26,-0.02753661262784122
2023-04-27,-1.430259793812054
2023-04-28,-1.9243181634134787
2023-04-29,-2.8585918738958345
2023-04-30,-1.3765524133572005
2023-05-01,-1.524608361236714
2023-05-02,-1.7726966429151263
2023-05-03,-1.4133753167911896
2023-05-04,-0.9535838093947883
2023-05-05,-0.7806060742837387
2023-05-06,-2.114978461420973
2023-05-07,-1.4340559926887395
2023-05-08,-1.0228586508773532
2023-05-09,-1.7642098454269335
2023-05-10,-1.4097668439889544
2023-05-11,-1.1370607059273694
2023-05-12,-1.212124438072641
2023-05-13,-1.8405883709308017
2023-05-14,-0.8191252156038935
2023-05-15,-1.407135180633946
2023-05-16,-0.8243064500191186
2023-05-17,-1.1793835045907908
2023-05-18,-1.1893954317718962
2023-05-19,-0.8726201903272204
2023-05-20,-1.027070353436889
2023-05-21,-0.9874352862443162
2023-05-22,-0.006707945191777531
2023-05-23,-1.970202136824483
2023-05-24,-1.2548143399751366
2023-05-25,-0.7051877267655254
2023-05-26,-0.5797691568256129
2023-05-27,0.10416738426700012
2023-05-28,-0.1994430324139167
2023-05-29,-0.3751038337434823
2023-05-30,-0.6163427864921001
2023-05-31,-1.0646018169661082
2023-06-01,-1.730577709596399
2023-06-02,-2.01890232161513
2023-06-03,-2.2490711604009124
2023-06-04,-1.4878619514417974
2023-06-05,-1.342381795437827
2023-06-06,-1.2863597275211882
2023-06-07,-0.7918449862125251
2023-06-08,-0.23920222173865563
2023-06-09,-0.797015520783791
2023-06-10,-1.5064355785973838
2023-06-11,-1.4441352302832298
2023-06-12,-1.3076346295120629
2023-06-13,-1.2587880091264991
2023-06-14,-0.9368098020720771
2023-06-15,-0.7821717624912382
2023-06-16,-0.24303380307715938
2023-06-17,-1.6225329585971564
2023-06-18,-1.3802933338820866
2023-06-19,-1.61433622309587
2023-06-20,-0.3944472419131473
2023-06-21,-0.5790844939748326
2023-06-22,-0.9293254020578554
2023-06-23,-1.821392436890528
2023-06-24,-2.668495290863147
2023-06-25,-2.775015808623235
2023-06-26,-2.2368412583984676
2023-06-27,-1.930224331768401
2023-06-28,-0.5570879477965135
2023-06-29,-0.590136332145614
2023-06-30,-1.005028337446498
2023-07-01,0.0496825318582724
2023-07-02,-0.24125700357589092
2023-07-03,0.31305498103275375
2023-07-04,-1.0418769900830998
2023-07-05,-0.32870036136199077
2023-07-06,-0.9992859265277494
2023-07-07,-0.21891943358185617
2023-07-08,-2.0305341032363495
2023-07-09,-1.4485266302933908
2023-07-10,-0.8573833628764707
2023-07-11,-1.1514364192869357
2023-07-12,-1.414493595781861
2023-07-13,-1.442381359400285
2023-07-14,-1.4463054559718693
2023-07-15,-0.4336875325311276
2023-07-16,-1.9418407972067206
2023-07-17,-0.3887962758845376
2023-07-18,-2.055061809612222
2023-07-19,-1.1034975796412867
2023-07-20,-0.22204991406740668
2023-07-21,-1.1619208015826992
2023-07-22,-2.2830438519701297
2023-07-23,-0.26959359614076067
2023-07-24,-0.6671635142706055
2023-07-25,-1.2270777827157568
2023-07-26,-0.9591146360434687
2023-07-27,-0.7434677549388106
2023-07-28,-2.530550889590331
2023-07-29,-2.0281587062481767
2023-07-30,-1.4925085097691473
2023-07-31,-1.6068954043153059
2023-08-01,-2.343554838150772
2023-08-02,-1.7014978424378726
2023-08-03,-1.103554121976448
2023-08-04,-1.4646648143923597
2023-08-05,-1.1232115259035882
2023-08-06,0.07074246589451189
2023-08-07,-0.7206165189208937
2023-08-08,-1.8911871197415764
2023-08-09,-0.9124332290111508
2023-08-10,-1.1857041236596642
2023-08-11,-2.47253760205597
2023-08-12,-1.9403613232748105
2023-08-13,-0.8824317164158173
2023-08-14,-1.1729431758642437
2023-08-15,0.0377838621147535
2023-08-16,-1.1248632539184327
2023-08-17,-1.1419754682568426
2023-08-18,-0.5615934779853887
2023-08-19,-1.3892035034947712
2023-08-20,-0.817945156115216
2023-08-21,-1.1082426300158001
2023-08-22,-2.0638225574183506
2023-08-23,-1.5617321958945567
2023-08-24,-1.515678117367657
2023-08-25,-1.6919411397548894
2023-08-26,-1.6895829854109765
2023-08-27,-1.459557996607114
2023-08-28,-1.3403959096720581
2023-08-29,-1.5644208864043687
2023-08-30,-2.653007488971177
2023-08-31,-2.1394472682224213
2023-09-01,-1.4347108720795545
2023-09-02,-2.5210929370357613
2023-09-03,-0.963077535615423
2023-09-04,-1.5653688563111856
2023-09-05,-1.3923219205237432
2023-09-06,-1.8389777284357836
2023-09-07,-2.3464246189675237
2023-09-08,-1.6061138302740865
2023-09-09,-1.9013451967034043
2023-09-10,-2.403538660510924
2023-09-11,-3.110132756290006
2023-09-12,-2.9402489879983484
2023-09-13,-2.139820884733673
2023-09-14,-2.1433892713880947
2023-09-15,-1.1444445248228574
2023-09-16,-2.389570646851085
2023-09-17,-0.9839588494766083
2023-09-18,-0.16555187263994764
2023-09-19,-0.5350142303967136
2023-09-20,-1.1097443544211059
2023-09-21,-1.4597012518787604
2023-09-22,-1.5330652318929072
2023-09-23,-1.2904624895432781
2023-09-24,-1.584064576459608
2023-09-25,-0.6339558644813282
2023-09-26,-1.1138814158277792
2023-09-27,-0.9915202650796449
2023-09-28,-0.7143257583439773
2023-09-29,-0.9544274370543193
2023-09-30,-1.6202337369773718
2023-10-01,0.03266681896941241
2023-10-02,-1.1423984026212533
2023-10-03,-0.15100295025111798
2023-10-04,0.09408550731705057
2023-10-05,-1.1148311866610074
2023-10-06,-0.7860135602370476
2023-10-07,-2.218867926181387
2023-10-08,-2.1532870169155176
2023-10-09,-1.1675739999436703
2023-10-10,-2.625182483837987
2023-10-11,-1.6477713763921018
2023-10-12,-1.1827366350042088
2023-10-13,0.9560827802282224
2023-10-14,-1.4223851183551592
2023-10-15,-1.7373045262500955
2023-10-16,0.2706473061103114
2023-10-17,0.12010046272649168
2023-10-18,-0.19323638544780664
2023-10-19,-1.6040905052236007
2023-10-20,-1.8043313155714205
2023-10-21,-1.3162758640427028
2023-10-22,-1.5636898562199626
2023-10-23,-0.5779788539265092
2023-10-24,0.04737119791748888
2023-10-25,-0.7396195145076054
2023-10-26,-1.119950493764403
2023-10-27,-2.0782982165384367
2023-10-28,-1.1912446413249256
2023-10-29,-1.1282125453162493
2023-10-30,-0.3842007185640465
2023-10-31,-0.5531529593733994
2023-11-01,-3.511241725022242
2023-11-02,-2.6344404920560587
2023-11-03,-1.887959432584008
2023-11-04,-1.719169240768715
2023-11-05,-1.5266384260761114
2023-11-06,-1.0364840206591381
2023-11-07,-1.0264631807399522
2023-11-08,-1.501581026819141
2023-11-09,-0.8743358507489004
2023-11-10,-1.1308502252013326
2023-11-11,-0.44723464502692
2023-11-12,-0.8117768796246172
2023-11-13,-0.3750967169740147
2023-11-14,-0.6581447745677221
2023-11-15,-1.8647322972505904
2023-11-16,-0.6886891397517035
2023-11-17,-0.9420281712227342
2023-11-18,-0.21002841116399187
2023-11-19,-0.9772779465317067
2023-11-20,-0.5165262470695393
2023-11-21,-0.6897486256766906
2023-11-22,-1.25983155901164
2023-11-23,-1.0158563251995485
2023-11-24,-1.842199598843968
2023-11-25,-1.276700008596161
2023-11-26,-0.41686956892085086
2023-11-27,-0.4228739270696431
2023-11-28,-1.0869986262655436
2023-11-29,-0.5198462194962504
2023-11-30,-1.2205093874607473
2023-12-01,-1.2993501715853117
2023-12-02,-1.6320216934173823
2023-12-03,-2.1749804711021836
2023-12-04,-1.3428144477386381
2023-12-05,-1.054168732266106
2023-12-06,-1.8871418635581731
2023-12-07,-1.4426379025363685
2023-12-08,-1.7150594380291428
2023-12-09,-0.9933757037939546
2023-12-10,-1.0904989432107364
2023-12-11,-1.6483742726505017
2023-12-12,-0.4056121349775097
2023-12-13,0.040657700500121706
2023-12-14,-1.2329243782952974
2023-12-15,-1.798770203207006
2023-12-16,-2.2608212523055817
2023-12-17,-2.1174414006165527
2023-12-18,-2.4578708023413767
2023-12-19,-2.0318465061472426
2023-12-20,-2.165660376684283
2023-12-21,-3.182741070584579
2023-12-22,-1.8480021036467524
2023-12-23,-1.5141173793100078
2023-12-24,-1.5742069180306164
2023-12-25,0.1489710936961205
2023-12-26,-1.7808183363422092
2023-12-27,-1.4076420987850728
2023-12-28,-0.7656216880535532
2023-12-29,-1.6099962846902587
2023-12-30,-2.143783072980543
2023-12-31,-0.09112060139709566
2024-01-01,0.25219602290667575
2024-01-02,-0.7086765926145688
2024-01-03,-0.7517528228762991
2024-01-04,-2.1627607573927747
2024-01-05,-1.9000742979858254
2024-01-06,-1.2210001303510893
2024-01-07,-2.7848169903709095
2024-01-08,-1.484070334640564
2024-01-09,-1.6307364476127735
2024-01-10,-2.5129840851772576
2024-01-11,-2.12670392342451
2024-01-12,-1.2123169422685511
2024-01-13,-1.1300305020198547
2024-01-14,-1.4088258024765261
2024-01-15,-1.1324461614946277
2024-01-16,-1.2339143011830602
2024-01-17,-0.4989927495761591
2024-01-18,-1.9916363344323789
2024-01-19,-3.1974711855555706
2024-01-20,-1.9760085950783424
2024-01-21,-1.6315525728865672
2024-01-22,-0.6088295196235195
2024-01-23,-1.1510859625453165
2024-01-24,-0.6930750302897335
2024-01-25,-0.8331584443784774
2024-01-26,-0.7965382842685971
2024-01-27,-1.8799512391304294
2024-01-28,-1.334429840557673
2024-01-29,-0.7487067451594437
2024-01-30,-1.3288804718369194
2024-01-31,-0.9176409189226475
2024-02-01,-1.9288180799415138
2024-02-02,-2.2745110677077665
2024-02-03,-3.8892828943900293
2024-02-04,-5.554404789496706
2024-02-05,-4.520560121632175
2024-02-06,-3.1944737735323887
2024-02-07,-2.3012065777133883
2024-02-08,-1.6460232019097212
2024-02-09,-1.6302440143097583
2024-02-10,-2.0355723163925044
2024-02-11,-1.6559361899030112
2024-02-12,-1.1708069815625466
2024-02-13,-1.3702877197035424
2024-02-14,-1.0524813564148787
2024-02-15,-2.3959982310125474
2024-02-16,-1.660886914057026
2024-02-17,-0.7843573917926547
2024-02-18,0.4068038079989549
2024-02-19,-1.1475546725557055
2024-02-20,-2.228848086920954
2024-02-21,-1.714534521177867
2024-02-22,-1.7468186715032563
2024-02-23,-1.4056219301958157
2024-02-24,-2.3619566278165354
2024-02-25,-1.1753462014770415
2024-02-26,-0.6332027435776305
2024-02-27,-2.1743932696083323
2024-02-28,-0.14147534376979362
2024-02-29,-0.5964356145652072
2024-03-01,-1.0892542092215773
2024-03-02,-0.9696231466767745
2024-03-03,-1.162405484444768
2024-03-04,-0.9616392470186862
2024-03-05,-1.3213811735259542
2024-03-06,-0.1907771951160654
2024-03-07,-1.4586894674499236
2024-03-08,-1.5613417983902913
2024-03-09,-1.233872063897266
2024-03-10,-0.4056725326184586
2024-03-11,-1.8637001426447082
2024-03-12,-1.6593874118729892
2024-03-13,-2.2048420727606306
2024-03-14,-1.5053609946278792
2024-03-15,-2.6740942871607922
2024-03-16,-1.465656636276213
2024-03-17,-1.3688048625964393
2024-03-18,-1.5767053731508514
2024-03-19,-1.2453935354367083
2024-03-20,-1.8608490989531716
2024-03-21,-0.19047128306026367
2024-03-22,-0.5847078130460805
2024-03-23,-1.447412770854974
2024-03-24,-2.164908012407915
2024-03-25,-0.5652845173350425
2024-03-26,-1.154972770446176
2024-03-27,-0.8725123489149503
2024-03-28,-1.6071650985969494
2024-03-29,-1.3317152454895331
2024-03-30,-2.2475906218540547
2024-03-31,-1.5045643770741666
2024-04-01,-2.063652835894801
2024-04-02,-0.949080705065642
2024-04-03,-0.6261905214337439
2024-04-04,-1.114482872689735
2024-04-05,-1.8207178495571432
2024-04-06,-2.7277160839699612
2024-04-07,-2.502090918593164
2024-04-08,-0.1826480579691429
2024-04-09,-1.4374403777816207
2024-04-10,-2.0724960236681382
2024-04-11,-2.940994775438691
2024-04-12,-2.3377427739766325
2024-04-13,-2.8122985297323155
2024-04-14,-2.9913090644668423
2024-04-15,-1.7476547242665161
2024-04-16,-1.863516268715939
2024-04-17,-1.6357058767820674
2024-04-18,-2.0404962969725995
2024-04-19,-1.70110552930803
2024-04-20,-1.1319325940217717
2024-04-21,-1.1053925811290504
2024-04-22,-0.889348944599834
2024-04-23,-1.2650890064883407
2024-04-24,-1.7386292955899614
2024-04-25,-1.111752297528278
2024-04-26,-1.4798341512892148
2024-04-27,-4.237684055599667
2024-04-28,-4.008411144635273
2024-04-29,-2.595956270311915
2024-04-30,-1.622558012308912
2024-05-01,-0.9140501832932779
2024-05-02,-2.3343663702523836
2024-05-03,-2.078908031107721
2024-05-04,-0.32058070952277906
2024-05-05,-0.9925666647869604
2024-05-06,-1.5160531485841489
2024-05-07,-1.5374975900398755
2024-05-08,-2.852153941663747
2024-05-09,-0.9012196797760814
2024-05-10,-1.6584429677775856
2024-05-11,-1.1694163968486797
2024-05-12,-1.9114302155405551
2024-05-13,-1.7000115559220632
2024-05-14,-1.9889678597223606
2024-05-15,-2.0633410881215997
2024-05-16,-1.8028456687016599
2024-05-17,-1.0999252737284326
2024-05-18,-1.6752385004357426
2024-05-19,-1.0771926822385405
2024-05-20,-1.4767412702571363
2024-05-21,-1.3035397341685808
2024-05-22,-0.9065273308866223
2024-05-23,-1.1137320509248338
2024-05-24,-1.2375331300495092
2024-05-25,-2.089273438862094
2024-05-26,-2.4311874423826225
2024-05-27,-1.2154474825157517
2024-05-28,-1.6806034018898914
2024-05-29,-1.4306847744019031
2024-05-30,-1.028740878362759
2024-05-31,-1.292805254175283
2024-06-01,-1.5923906853302194
2024-06-02,-2.734015948605183
2024-06-03,-2.2488865544185916
2024-06-04,-0.4420963369052293
2024-06-05,-1.6471990317143699
2024-06-06,-1.734694264340285
2024-06-07,-2.439126414594311
2024-06-08,-2.084765917079368
2024-06-09,-0.9698000778105044
2024-06-10,-1.3895120027759618
2024-06-11,-1.7692344171310077
2024-06-12,-2.533953507667199
2024-06-13,-1.4548837156482428
2024-06-14,-1.3283613171081592
2024-06-15,-1.505095201258241
2024-06-16,-1.1621773789005239
2024-06-17,-1.2941404693747396
2024-06-18,-1.3845705323834163
2024-06-19,-2.01342032355166
2024-06-20,-2.1648234744220147
2024-06-21,-1.3456634630942914
2024-06-22,-1.6532455244570214
2024-06-23,-0.8436109055977901
2024-06-24,0.22878637857843392
2024-06-25,-0.6937392792574879
2024-06-26,-1.7039163304168947
2024-06-27,-0.9364728139734784
2024-06-28,0.0790069610531882
2024-06-29,-1.6256559627968825
2024-06-30,-1.2756927772040934
2024-07-01,-2.228954996869767
2024-07-02,-2.307985987149377
2024-07-03,-2.349157620475908
2024-07-04,-1.1888252484895614
2024-07-05,-1.1914722284313144
2024-07-06,-0.17581765039036523
2024-07-07,-1.1284938229543977
2024-07-08,-0.574611247200783
2024-07-09,-0.6242781998496992
2024-07-10,-0.9788707618094841
2024-07-11,-0.08605188007621065
2024-07-12,-0.8780333920891685
2024-07-13,-3.597615428802742
2024-07-14,-3.9662533493301897
2024-07-15,-1.7041811613496431
2024-07-16,-1.371770148858737
2024-07-17,-2.225340133631961
2024-07-18,-1.1955371213941173
2024-07-19,-1.6948692224805133
2024-07-20,-1.3850591749011285
2024-07-21,-2.4000169091761596
2024-07-22,-0.7715501693597575
2024-07-23,-2.2915544955673908
2024-07-24,-1.4689883507849544
2024-07-25,-1.3363905097141435
2024-07-26,-2.769015324580961
2024-07-27,-1.2634845923716889
2024-07-28,-0.6131837601036096
2024-07-29,-0.20374953075952115
2024-07-30,-0.7626009607699946
2024-07-31,-1.693129924887808
2024-08-01,-1.2122051867322396
2024-08-02,-1.6595439465633848
2024-08-03,-0.8200762667387362
2024-08-04,-0.05923027921984517
2024-08-05,-0.9107640999542577
2024-08-06,-1.4050871203272832
2024-08-07,-2.0205242812026105
2024-08-08,-1.0968956781605643
2024-08-09,-1.0415411418354665
2024-08-10,-1.0802346147186344
2024-08-11,-1.475201242451341
2024-08-12,-1.4038398233930687
2024-08-13,-1.5451728122777766
2024-08-14,-1.7243629490065726
2024-08-15,-1.5785330519348904
2024-08-16,-2.0652779534768
2024-08-17,-2.0445514744714894
2024-08-18,-1.5895434285654262
2024-08-19,-0.5429459334363805
2024-08-20,-0.8681100555881571
2024-08-21,-2.39999218920637
2024-08-22,-1.4527129635139473
2024-08-23,-1.3609297889357725
2024-08-24,-1.5309401305729948
2024-08-25,-0.9300508774393961
2024-08-26,-1.4223454049727784
2024-08-27,-0.27772695597238906
2024-08-28,-1.1849141001698564
2024-08-29,-1.1749653694814155
2024-08-30,-0.4421126798435152
2024-08-31,-0.8236574230291462
2024-09-01,-1.0563117051437627
2024-09-02,-1.2089082518892735
2024-09-03,-2.3521276422289423
2024-09-04,-2.5667267410163017
2024-09-05,-0.3896418799203795
2024-09-06,-1.0660342593115133
2024-09-07,-1.6983808321620453
2024-09-08,-3.2695489781600804
2024-09-09,-0.9767240961101624
2024-09-10,-1.0367833273424927
2024-09-11,-0.6801072953108995
2024-09-12,-1.2532532497350646
2024-09-13,-1.1812895577683207
2024-09-14,-1.0946468167288197
2024-09-15,-0.40893618609541693
2024-09-16,-2.0402353322995146
2024-09-17,-1.2890270855416008
2024-09-18,-0.3347106402401148
2024-09-19,0.7887924149256569
2024-09-20,-1.7955598608952148
2024-09-21,-0.15892659032201434
2024-09-22,-0.9078297538319282
2024-09-23,-1.4967373349434063
2024-09-24,-2.023821772530823
2024-09-25,-1.2012186590408567
2024-09-26,-1.287356599778938
2024-09-27,-0.10972572372026765
2024-09-28,-1.0968046601744592
2024-09-29,-0.05662003903615764
2024-09-30,-0.7458811869970051
2024-10-01,-2.0692417254849387
2024-10-02,-0.9938166259043335
2024-10-03,-0.5839588767102757
2024-10-04,-0.33588001863725764
2024-10-05,-1.851319786525221
2024-10-06,-1.3585026915152458
2024-10-07,-0.9717500590706871
2024-10-08,-1.8343471782506524
2024-10-09,-1.368324794901552
2024-10-10,-1.6255089219089125
2024-10-11,-1.4105854618586129
2024-10-12,-0.5465396564836565
2024-10-13,-1.2765845197025694
2024-10-14,-1.692526547429468
2024-10-15,-0.03964442535225807
2024-10-16,-1.7606075392020308
2024-10-17,-2.1630948773245358
2024-10-18,-1.8906525679103758
2024-10-19,-2.414311624562247
2024-10-20,-1.3057142375372004
2024-10-21,-1.8597054212542292
2024-10-22,-1.2442792197431798
2024-10-23,-2.1633462356705375
2024-10-24,-2.118852768686868
2024-10-25,-1.129423121759669
2024-10-26,-1.309147509621114
2024-10-27,-2.088704108290796
2024-10-28,-1.0159195621004196
2024-10-29,-1.3583644888864146
2024-10-30,-2.3980649551700077
2024-10-31,-0.17706040567843523
2024-11-01,-0.6218146622502458
2024-11-02,-2.2060653292334633
2024-11-03,-0.31946626509020914
2024-11-04,-0.7977052297146588
2024-11-05,-1.026411444646745
2024-11-06,-0.5140728380040435
2024-11-07,0.6738243508607669
2024-11-08,-0.7396906093256105
2024-11-09,-0.8960672774114902
2024-11-10,1.3355765632126875
2024-11-11,0.4347966008124411
2024-11-12,1.1239367377835487
2024-11-13,-0.24311851822366193
2024-11-14,-1.0911756972169113
2024-11-15,-1.854693313379646
2024-11-16,-0.25818073414836346
2024-11-17,-0.09034638620129579
2024-11-18,-0.60660551549922
2024-11-19,-0.5961732478252391
2024-11-20,-0.9032045747192919
2024-11-21,-0.4221500834801944
2024-11-22,-0.29678713388235994
2024-11-23,-2.286186499634282
2024-11-24,-1.4063752755990762
2024-11-25,-1.1967304872386713
2024-11-26,-2.902600435411017
2024-11-27,-1.9450924606075866
2024-11-28,-0.7368167915425812
2024-11-29,-0.4519882872456249
2024-11-30,-0.8867053073112159
2024-12-01,-1.7526499583331814
2024-12-02,-1.4917207072729766
2024-12-03,-0.37056476129440735
2024-12-04,-0.08444402342954128
2024-12-05,0.10293134801123827
2024-12-06,-0.6989335735153731
2024-12-07,-0.312193592155208
2024-12-08,-1.215086808345339
2024-12-09,-1.6787914316901191
2024-12-10,-1.1007588371852677
2024-12-11,-1.0487578973725113
2024-12-12,-1.0616392873324416
2024-12-13,0.5294747157689124
2024-12-14,-2.1437701988645363
2024-12-15,-0.9933381843627643
2024-12-16,-1.1645244362286267
2024-12-17,-0.6429009343138797
2024-12-18,-1.7022659149319748
2024-12-19,-1.5024241590200362
2024-12-20,-1.717076167114198
2024-12-21,-0.6870753190557719
2024-12-22,-0.5793240056885798
2024-12-23,-0.02433119140365922
2024-12-24,-0.2219589131317209
2024-12-25,-0.3387458404995781
2024-12-26,-0.4367913189012808
2024-12-27,-0.6696427114031956
2024-12-28,-1.7632661537562906
2024-12-29,-1.4453827860881834
2024-12-30,-1.597680483406333
2024-12-31,-0.7614170066500303
2025-01-01,0.5038650595562761
2025-01-02,-1.4721811726230978
2025-01-03,-1.8452258556208008
2025-01-04,-0.14163969006230837
2025-01-05,-0.8208781677728594
2025-01-06,-1.4721161140635677
2025-01-07,-1.3644286087434454
2025-01-08,-0.7408794169892308
2025-01-09,-1.542072774548904
2025-01-10,-1.287968148580629
2025-01-11,-2.1021008037619975
2025-01-12,-1.4867809024484873
2025-01-13,-1.6177310651539925
2025-01-14,-1.0999306076715736
2025-01-15,-0.4489999112400288
2025-01-16,-1.1767518255587401
2025-01-17,-1.1455758930138875
2025-01-18,-0.48772368934961563
2025-01-19,-0.7332152854594498
2025-01-20,-0.8763041644331185
2025-01-21,-1.4258743959679403
2025-01-22,-1.673247298395137
2025-01-23,-1.9908762049771345
2025-01-24,-1.4186614355519855
2025-01-25,-1.113757677558271
2025-01-26,-0.5132350236615273
2025-01-27,-1.46889962214681
2025-01-28,-0.9907131103803581
2025-01-29,-2.4160529592856825
2025-01-30,-0.7986850494605553
2025-01-31,-1.1511395291271995
2025-02-01,-2.947341236317955
2025-02-02,-1.1655630457616046
2025-02-03,-1.3933701751381378
2025-02-04,-1.901939347860246
2025-02-05,-1.5041794944053017
2025-02-06,-1.5617160570930986
2025-02-07,-2.6821260701055327
2025-02-08,-1.7206974962590489
2025-02-09,-1.7706694291412555
2025-02-10,-2.720306661712428
2025-02-11,-1.5983697764338038
2025-02-12,-2.753071602085058
2025-02-13,-1.799262907264116
2025-02-14,-2.1657883551512955
2025-02-15,-1.861899840248618
2025-02-16,-0.3518947033747297
2025-02-17,-2.0195961768950843
2025-02-18,-1.9485071569997938
2025-02-19,-0.878687259192474
2025-02-20,-2.008877981589435
2025-02-21,-2.8138583273302964
2025-02-22,-1.3409865635909126
2025-02-23,-1.6831666130932232
2025-02-24,-1.7234392427383343
2025-02-25,-1.965207951196394
2025-02-26,-3.1066357644396136
2025-02-27,-2.414458548609517
2025-02-28,-1.9609175667190675
2025-03-01,-0.7009293237329638
2025-03-02,-1.5924688692147255
2025-03-03,-1.8602421139875032
2025-03-04,-1.614491418192778
2025-03-05,-1.1796885719295822
2025-03-06,-2.585459501072996
2025-03-07,-1.6215157006326328
2025-03-08,-2.050092629834618
2025-03-09,-1.665545924196725
2025-03-10,-1.9458267474462254
2025-03-11,-1.491424650085023
2025-03-12,-0.9991677464871912
2025-03-13,-1.5166109516280388
2025-03-14,-0.9449987832172043
2025-03-15,-1.104499284535171
2025-03-16,-0.23653025196861288
2025-03-17,-0.2698671245215901
2025-03-18,-2.211222762356643
2025-03-19,-1.8219260241724737
2025-03-20,-1.4686678177631571
2025-03-21,-1.5328027420563264
2025-03-22,-2.2903100539914014
2025-03-23,-0.7197720224406792
2025-03-24,-2.3384355486866353
2025-03-25,-1.4872431877736743
2025-03-26,-1.6890007887091152
2025-03-27,-2.4201415389727314
2025-03-28,-2.827361120408887
2025-03-29,-0.7671538580660685
2025-03-30,-0.3261547497287065
2025-03-31,-1.3917032004094376
2025-04-01,1.2314795150968874
2025-04-02,0.8523094264028831
2025-04-03,-0.2850282444978509
2025-04-04,-0.38021440918100013
2025-04-05,0.050922432286076624
2025-04-06,-2.0795205914221357
2025-04-07,-1.2773008240348929
2025-04-08,-0.9056988619764184
2025-04-09,-1.0731783240252661
2025-04-10,-0.5046775357005538
2025-04-11,-1.813347900202366
2025-04-12,0.0632816367405868
2025-04-13,-0.6228335170162923
2025-04-14,0.06311327159556507
2025-04-15,-0.3070893720900615
2025-04-16,-0.14800043967650703
2025-04-17,-0.5105971113691112
2025-04-18,-1.687643094233318
2025-04-19,-0.24921858677779846
2025-04-20,-0.6898653429278128
2025-04-21,-2.422146489653532
2025-04-22,-1.7437139867628466
2025-04-23,-1.788464238594148
2025-04-24,-1.394253432589755
2025-04-25,-1.5447340886239442
2025-04-26,-1.2527680583232244
2025-04-27,-3.842603867980284
2025-04-28,-2.775216933218997
2025-04-29,-2.095199690444806
2025-04-30,-1.8394989856574973
2025-05-01,-1.742395194031428
2025-05-02,-2.434416616140185
2025-05-03,-1.7439910761852402
2025-05-04,-2.544493592257073
2025-05-05,-2.461128702181389
2025-05-06,-0.8698035483637169
2025-05-07,-0.998181183908042
2025-05-08,-1.139745242664139
2025-05-09,-0.5030888196499953
2025-05-10,-0.9484943528796714
2025-05-11,-0.23655693254302884
2025-05-12,-1.2060200125906375
2025-05-13,-1.0262413864473552
2025-05-14,-0.11095731298916856
2025-05-15,0.4895848925782378
2025-05-16,0.555375583533133
2025-05-17,-1.7388480812445848
2025-05-18,-0.45505577878206593
2025-05-19,-1.3110314146760043
2025-05-20,-0.5951676063407583
2025-05-21,-1.8772473857631062
2025-05-22,-1.5861008052979462
2025-05-23,-1.085921604514943
2025-05-24,-1.096925031911885
2025-05-25,-0.7455160168889323
2025-05-26,-1.1680593697986148
2025-05-27,-1.3697828831599783
2025-05-28,-2.1704218735398664
2025-05-29,-1.934106061096341
2025-05-30,-1.9935087081671683
2025-05-31,-2.0083956980888322
2025-06-01,-2.4180972991181564
2025-06-02,-1.2118006392407776
2025-06-03,-1.9281422050011983
2025-06-04,-1.3491363166890809
2025-06-05,-1.5452275057330829
2025-06-06,-1.8415318814731851
2025-06-07,-1.4232446348000158
2025-06-08,-2.606562853369833
2025-06-09,-1.548224409963255
2025-06-10,-2.28556961682165
2025-06-11,-1.3793700107282867
2025-06-12,-2.3868668706722387
2025-06-13,-1.1655726016864167
2025-06-14,-3.7883557928615175
2025-06-15,
2025-06-16,
2025-06-17,-5.9375
2025-06-18,
2025-06-19,
2025-06-20,
2025-06-21,
2025-06-22,
2025-06-23,
2025-06-24,
2025-06-25,
2025-06-26,
2025-06-27,
2025-06-28,-0.6716533336927686
2025-06-29,-7.09549071618037
2025-06-30,
2025-07-01,0.44843049327354
2025-07-02,-0.8779494036874897
2025-07-03,-1.3165134492588924
2025-07-04,-1.0112274623778799
2025-07-05,-1.444002592694324
2025-07-06,-0.9905501434029608
2025-07-07,-1.6359158340798405
2025-07-08,-1.8369465202344393
2025-07-09,-1.4847592498822304
2025-07-10,-1.4807439149383514
2025-07-11,-1.38094746954577
2025-07-12,-0.3582116703219342
2025-07-13,-1.7415271412931475
2025-07-14,-2.096282986942733
2025-07-15,-2.0657547836782677
2025-07-16,-0.8061200548333929
2025-07-17,-0.9666985936075744
2025-07-18,-2.226358995235874
2025-07-19,-1.5459201898627388
2025-07-20,-1.3821870999894534
2025-07-21,-1.947732639258007
2025-07-22,-2.143026518533685
2025-07-23,-1.7392846487123153
2025-07-24,-1.216519382407459
2025-07-25,-0.9696889049078344
2025-07-26,-0.9638559672759068
2025-07-27,-0.8965942576049901
2025-07-28,-3.090541756653829
2025-07-29,-1.726900911807982
2025-07-30,-2.0775141389861878
2025-07-31,-1.3061717480110204
2025-08-01,-2.4878635194431262
2025-08-02,-2.4054086354698088
2025-08-03,-2.995413154382165
2025-08-04,-3.2831599858056424
2025-08-05,-2.4803880900601536
2025-08-06,-1.9136893872540353
2025-08-07,-1.295051907156462
2025-08-08,-1.4522471323143766
2025-08-09,-2.2885524826643935
2025-08-10,-1.3319847714001332
2025-08-11,-1.149989093023097
2025-08-12,-1.7179765173567227
2025-08-13,-1.6203628901434377
2025-08-14,-2.194452012448639
2025-08-15,-1.9357653990105177
2025-08-16,-1.5220735119613173
2025-08-17,-2.077287994734399
2025-08-18,-1.0352551722707064
2025-08-19,-2.8901450270359534
2025-08-20,-1.0941812782382665
2025-08-21,-2.55779796179694
2025-08-22,-1.541654102493957
2025-08-23,-1.2054335086746935
2025-08-24,-1.2071113003120202
2025-08-25,-0.8913530363908402
2025-08-26,-0.7735467107619207
2025-08-27,-1.3176741691006952
2025-08-28,-0.6801852805026197
2025-08-29,-1.1970450433225455
2025-08-30,-2.487103703049444
2025-08-31,-1.112730868043371
2025-09-01,-0.5019367469018358
2025-09-02,-0.8364724032953877
2025-09-03,-0.8557585893848828
2025-09-04,-1.5803833580499522
2025-09-05,-0.4025945578240221
2025-09-06,-0.6598406813159807
2025-09-07,-2.1897776280709578
2025-09-08,-1.4840087998336033
2025-09-09,-1.3804835107056164
2025-09-10,-1.2790122636654728
2025-09-11,-2.5111703821510165
2025-09-12,-0.6947762136895772
2025-09-13,-2.2689177597232053
2025-09-14,-0.6920157961923616
2025-09-15,-1.317033757181228
2025-09-16,-1.5717434610605772
2025-09-17,-1.049138832385054
2025-09-18,0.557651767781766
2025-09-19,0.44960804505162255
2025-09-20,-0.4063748234479184
2025-09-21,-0.9983241359732045
2025-09-22,-1.5094605862317316
2025-09-23,-1.5160345611487909
2025-09-24,-1.6161376466684114
2025-09-25,-1.0206295927749856
2025-09-26,-0.06932359819728853
2025-09-27,0.12781325498644494
2025-09-28,-1.6918827262085214
2025-09-29,-0.27075413193789644
2025-09-30,-1.3386664916392537
2025-10-01,-1.7363488432148455
2025-10-02,-1.6237933504907083
2025-10-03,-0.991548535249577
2025-10-04,-1.3955252205208326
2025-10-05,-0.8864131438768649
2025-10-06,-0.9933841747052277
2025-10-07,-1.6575161183148541
2025-10-08,-1.1961865825991629
2025-10-09,-1.2942778964801793
2025-10-10,-0.41616280445897064
2025-10-11,-0.6823061023886864
2025-10-12,-1.580807811202534
2025-10-13,-1.2844979495923452
2025-10-14,-0.3304170245438569
2025-10-15,-0.6744473423709294
2025-10-16,-2.3367354631620487
2025-10-17,-2.54773556349252
2025-10-18,-0.4519631235470145
2025-10-19,-0.6579961705622035
2025-10-20,-1.1583546438978884
2025-10-21,-1.4170615651627088
2025-10-22,-1.0365031949661754
2025-10-23,-1.938190151200777
2025-10-24,-1.3059517342191007
2025-10-25,-0.989508912867703
2025-10-26,-1.8026596800883987
2025-10-27,-0.7188044823196463
2025-10-28,-1.137218000381029
2025-10-29,-1.4468776790061788
2025-10-30,-1.2261900872084637
2025-10-31,-0.7961734068331536
2025-11-01,-0.6665523117371035
2025-11-02,-1.02553101759087
2025-11-03,-1.0537307080632137
2025-11-04,-1.6452183346062412
2025-11-05,-0.9298890707875423
2025-11-06,-0.9633490551096564
2025-11-07,-1.4945098752621806
2025-11-08,-0.5873406298053712
2025-11-09,-1.6587938733280905
2025-11-10,-0.19601381662086503
2025-11-11,-1.8566317863127642
2025-11-12,-2.1796524156003754
2025-11-13,-1.6536363594473833
2025-11-14,-1.743591807322191
2025-11-15,-2.4153600755189824
2025-11-16,-1.858064525419471
2025-11-17,-2.2117423411096757
2025-11-18,-1.2460741334235785
2025-11-19,-1.2944764972652083
2025-11-20,-0.8713415176720187
2025-11-21,-1.9781670585741193
2025-11-22,-1.0591926522456354
2025-11-23,-1.9942917470679324
2025-11-24,-1.253311219321116
2025-11-25,-0.9940202665809785
2025-11-26,-1.7763073883947056
2025-11-27,-2.179891596274576
2025-11-28,-1.6871616584697235
2025-11-29,-2.18263822220938
2025-11-30,-1.684068380299202
2025-12-01,-0.8818453793722019
2025-12-02,-0.20604647597176443
2025-12-03,-0.6274069620823682
2025-12-04,-1.6738517566976372
2025-12-05,-1.1440928592227944
2025-12-06,-1.87364207926786
2025-12-07,-1.7334539355712875
2025-12-08,-0.0563213404058807
2025-12-09,-1.401935365394523
2025-12-10,-1.1133931154159493
2025-12-11,-1.3695253848476678
2025-12-12,-1.6453831357044937
2025-12-13,-1.6205086986297268
2025-12-14,-2.634930197521783
2025-12-15,-0.9184384222923729
2025-12-16,-0.8246239091393117
2025-12-17,-0.974188772851858
2025-12-18,-1.0374276856532323
2025-12-19,-1.6019492362535446
2025-12-20,-1.7177262323189662
2025-12-21,-1.5383950955307735
2025-12-22,-1.857567525340834
2025-12-23,-1.0660582522881348
2025-12-24,-2.2660815882412217
2025-12-25,-0.5818185369007337
2025-12-26,-1.8278696346820555
2025-12-27,-1.582856675486381
2025-12-28,-2.531792527192148
2025-12-29,-0.621704484866237
2025-12-30,-2.0388662689527903
2025-12-31,-0.7902366569501664
