date,value
2015-02-18,3.4824223846176925
2015-02-19,3.5821832496521497
2015-02-20,3.5956670076847237
2015-02-21,3.3759226514942844
2015-02-22,3.422912948226744
2015-02-23,3.5385775270747746
2015-02-24,3.4454170996512263
2015-02-25,3.5270340903783555
2015-02-26,3.563507835636494
2015-02-27,3.4594523313801377
2015-02-28,3.277202496679082
2015-03-01,3.447463676645816
2015-03-02,3.44972786324587
2015-03-03,3.481832300999359
2015-03-04,3.523828686123008
2015-03-05,3.550930394631421
2015-03-06,3.4009792301797894
2015-03-07,3.648643433678945
2015-03-08,3.6772775334632763
2015-03-09,3.5813212317400507
2015-03-10,3.6490819365659832
2015-03-11,3.582885238709446
2015-03-12,3.671840253001189
2015-03-13,3.6195795431467994
2015-03-14,3.6413036751971735
2015-03-15,3.5979193356869175
2015-03-16,3.3704536166842214
2015-03-17,3.508089651127027
2015-03-18,3.5452626372088094
2015-03-19,3.594702203207267
2015-03-20,3.51229104275842
2015-03-21,3.54057989678996
2015-03-22,3.555981307614245
2015-03-23,3.472046938885481
2015-03-24,3.502918246882632
2015-03-25,3.575108546726214
2015-03-26,3.517833843937444
2015-03-27,3.5174838902948986
2015-03-28,3.5194853972081277
2015-03-29,3.4812464371228033
2015-03-30,3.5592146988936118
2015-03-31,3.4334840144630543
2015-04-01,3.6505207855540402
2015-04-02,3.5905041880934205
2015-04-03,3.519070309716236
2015-04-04,3.4695332391097846
2015-04-05,3.490518618917159
2015-04-06,3.448078484596076
2015-04-07,3.5063893967566124
2015-04-08,3.542472801339172
2015-04-09,3.4111542952020137
2015-04-10,3.4256748818756964
2015-04-11,3.2965370709273203
2015-04-12,3.32110312333072
2015-04-13,3.3017499036018725
2015-04-14,3.3830106442328747
2015-04-15,3.271450732999821
2015-04-16,3.4028183062193875
2015-04-17,3.4960981896674674
2015-04-18,3.392899852964227
2015-04-19,3.2926042715522414
2015-04-20,3.5010831272452445
2015-04-21,3.341713155024445
2015-04-22,3.3938397171232886
2015-04-23,3.546930407446142
2015-04-24,3.66340250123255
2015-04-25,3.608947040300116
2015-04-26,3.6222319731943173
2015-04-27,3.4210929565331676
2015-04-28,3.4665813395816816
2015-04-29,3.6043555651395263
2015-04-30,3.579184139203056
2015-05-01,3.5555274784299167
2015-05-02,3.52232293072059
2015-05-03,3.563562911378512
2015-05-04,3.431386855423592
2015-05-05,3.5849979559752185
2015-05-06,3.5021702467047673
2015-05-07,3.509325803081575
2015-05-08,3.56757331113206
2015-05-09,3.5302851864144045
2015-05-10,3.4076941604085733
2015-05-11,3.481856410717401
2015-05-12,3.324026655423106
2015-05-13,3.3649248925888213
2015-05-14,3.5116154879097605
2015-05-15,3.58139373048544
2015-05-16,3.3259616586129397
2015-05-17,3.330994404639239
2015-05-18,3.356675268771475
2015-05-19,3.398051375844763
2015-05-20,3.5505345268343214
2015-05-21,3.605476701935408
2015-05-22,3.468861592325464
2015-05-23,3.3112121252908757
2015-05-24,3.327174692894056
2015-05-25,3.171750414545911
2015-05-26,3.392119655497109
2015-05-27,3.657302522978311
2015-05-28,3.420506307748014
2015-05-29,3.5446108977407915
2015-05-30,3.558825123991991
2015-05-31,3.0582275178298444
2015-06-01,3.4986972546150925
2015-06-02,3.4941279360877724
2015-06-03,3.453232960022469
2015-06-04,3.454117934609053
2015-06-05,3.077983205215583
2015-06-06,3.0459367866062976
2015-06-07,3.3876573483688164
2015-06-08,3.253664821438255
2015-06-09,3.3088512088202444
2015-06-10,3.4496338558283877
2015-06-11,3.5140114952760464
2015-06-12,3.4117194396520856
2015-06-13,3.578723789380833
2015-06-14,3.6172672761725293
2015-06-15,3.4764736842806574
2015-06-16,3.5248872523693824
2015-06-17,3.498337497339473
2015-06-18,3.584393676295216
2015-06-19,3.482766527013449
2015-06-20,3.397496885016923
2015-06-21,3.3853290205701283
2015-06-22,3.649502546600873
2015-06-23,3.593346453786789
2015-06-24,3.532202802841292
2015-06-25,3.5334818411608637
2015-06-26,3.5390471525237315
2015-06-27,3.5954216373157144
2015-06-28,3.364246666246669
2015-06-29,3.522403686881751
2015-06-30,3.5236955410035233
2015-07-01,3.2942725514361655
2015-07-02,3.417004357639732
2015-07-03,3.349285082042191
2015-07-04,3.437213279930241
2015-07-05,3.480515139326978
2015-07-06,3.5723738558885887
2015-07-07,3.519725747389302
2015-07-08,3.356064093474793
2015-07-09,3.383826877955955
2015-07-10,3.4365767025975122
2015-07-11,3.4701582068124255
2015-07-12,3.4142875446294028
2015-07-13,3.480614521201409
2015-07-14,3.371100129296986
2015-07-15,3.4279741822822096
2015-07-16,3.4897848382141268
2015-07-17,3.451713696209987
2015-07-18,3.396305223557126
2015-07-19,3.379703681263019
2015-07-20,3.5521242251589453
2015-07-21,3.4479657956256493
2015-07-22,3.706542000874826
2015-07-23,3.730554261559992
2015-07-24,3.6566073732887934
2015-07-25,3.5694474784335
2015-07-26,3.4797034687624278
2015-07-27,3.6393117750826147
2015-07-28,3.577112058730438
2015-07-29,3.561273280270856
2015-07-30,3.530859072791234
2015-07-31,3.6027296697830273
2015-08-01,3.6512044749141723
2015-08-02,3.5286124197723616
2015-08-03,3.52172130766801
2015-08-04,3.510331461853113
2015-08-05,3.457880758283852
2015-08-06,3.4863902303507954
2015-08-07,3.489591723016766
2015-08-08,3.447451476426561
2015-08-09,3.620095834248115
2015-08-10,3.63666716642838
2015-08-11,3.5207632793348775
2015-08-12,3.472943296738802
2015-08-13,3.5406565898848723
2015-08-14,3.545037200584206
2015-08-15,3.515831105157501
2015-08-16,3.441506391678478
2015-08-17,3.5130816906342166
2015-08-18,3.4733294776824706
2015-08-19,3.581007718284581
2015-08-20,3.5848120726297337
2015-08-21,3.4132680652437664
2015-08-22,3.3108602396050086
2015-08-23,3.3711679966467827
2015-08-24,3.506366490690378
2015-08-25,3.5358943683839748
2015-08-26,3.523233829235123
2015-08-27,3.495016253719218
2015-08-28,3.5477387547741253
2015-08-29,3.357810481940243
2015-08-30,3.3607976137535367
2015-08-31,3.4694846901274596
2015-09-01,3.3325297274679233
2015-09-02,3.403639773393722
2015-09-03,3.4592511984751786
2015-09-04,3.5475764257103153
2015-09-05,3.5563396381803347
2015-09-06,3.4416316863527032
2015-09-07,3.3024604041585324
2015-09-08,3.4581084788429206
2015-09-09,3.5624145776158076
2015-09-10,3.5850932065537315
2015-09-11,3.579806808117629
2015-09-12,3.4520770949961883
2015-09-13,3.4830840211115524
2015-09-14,3.7009961704440877
2015-09-15,3.5511900326384
2015-09-16,3.5359275815060056
2015-09-17,3.642298868036516
2015-09-18,3.4564412645042855
2015-09-19,3.330268628373557
2015-09-20,3.4003743141456573
2015-09-21,3.197673348863751
2015-09-22,3.0193856054479298
2015-09-23,3.4834765872739193
2015-09-24,3.4425942593028047
2015-09-25,3.349739223398166
2015-09-26,3.492429339127714
2015-09-27,3.311003395538267
2015-09-28,3.3629778802260266
2015-09-29,3.36978151489141
2015-09-30,3.2564895553927333
2015-10-01,3.4398506743530524
2015-10-02,3.4349110011673947
2015-10-03,3.4064329105504836
2015-10-04,3.399177165371738
2015-10-05,3.395326134399001
2015-10-06,3.417112675595229
2015-10-07,3.4904773001219285
2015-10-08,3.456075919285545
2015-10-09,3.5945335735726625
2015-10-10,3.543555368138917
2015-10-11,3.4373842811641895
2015-10-12,3.515227799865937
2015-10-13,3.5432369122504355
2015-10-14,3.4163288313120743
2015-10-15,3.366954109464776
2015-10-16,3.4312093757990727
2015-10-17,3.40693531469453
2015-10-18,3.447174985357141
2015-10-19,3.4675994320461627
2015-10-20,3.494110056507773
2015-10-21,3.2087882731268573
2015-10-22,3.632717230961997
2015-10-23,3.3237770225538985
2015-10-24,3.4222774820605104
2015-10-25,3.355954000406932
2015-10-26,3.463105435664818
2015-10-27,3.4910201832223264
2015-10-28,3.346986046092423
2015-10-29,3.3475310393463804
2015-10-30,3.4290389382980178
2015-10-31,3.4199083526519183
2015-11-01,3.4187640933012116
2015-11-02,3.5927039182982696
2015-11-03,3.5403902712545157
2015-11-04,3.4766603165402823
2015-11-05,3.528509487339387
2015-11-06,3.6848330265099687
2015-11-07,3.6232734469436787
2015-11-08,3.563788007882085
2015-11-09,3.6307768421634257
2015-11-10,3.451249773965789
2015-11-11,3.6029955315593725
2015-11-12,3.4987043662114408
2015-11-13,3.4274965028895785
2015-11-14,3.3162682572745057
2015-11-15,3.3563716046823124
2015-11-16,3.372715062091743
2015-11-17,3.366502981094959
2015-11-18,3.4665460324599544
2015-11-19,3.3578022700343455
2015-11-20,3.497070959500847
2015-11-21,3.3902326394400544
2015-11-22,3.4411214167008612
2015-11-23,3.3954307608767182
2015-11-24,3.503265843097881
2015-11-25,3.4517139787394164
2015-11-26,3.4762047699226053
2015-11-27,3.4900870731299327
2015-11-28,3.523479972563567
2015-11-29,3.3170332567647876
2015-11-30,3.4039095201355414
2015-12-01,3.5503882116030625
2015-12-02,3.5660318452790167
2015-12-03,3.5414319955280438
2015-12-04,3.302986475669988
2015-12-05,3.2369327133682804
2015-12-06,3.5312628793771292
2015-12-07,3.5871330617667057
2015-12-08,3.622973081430467
2015-12-09,3.280941365057522
2015-12-10,3.4849360874078514
2015-12-11,3.3691830316989293
2015-12-12,3.347382648596779
2015-12-13,3.4086012252074527
2015-12-14,3.4390304037823354
2015-12-15,3.5375821983718567
2015-12-16,3.4844417601344464
2015-12-17,3.5714289739450003
2015-12-18,3.5951590268253817
2015-12-19,3.553211754103522
2015-12-20,3.323725659388331
2015-12-21,3.435144270862732
2015-12-22,3.5335457240537798
2015-12-23,3.6396531770724825
2015-12-24,3.530712236130388
2015-12-25,3.443420317533362
2015-12-26,3.510918892781812
2015-12-27,3.4489552327146353
2015-12-28,3.4655281509261067
2015-12-29,3.5266711550096117
2015-12-30,3.446391161516319
2015-12-31,3.4585334949001005
2016-01-01,3.2395940282129287
2016-01-02,3.4170413711671173
2016-01-03,3.4919330413599665
2016-01-04,3.4333834086432113
2016-01-05,3.5662241696142614
2016-01-06,3.454466280119077
2016-01-07,3.537265802528055
2016-01-08,3.47040900877959
2016-01-09,3.384099376189016
2016-01-10,3.613394845711444
2016-01-11,3.5938937324329436
2016-01-12,3.48961440292063
2016-01-13,3.465038535432193
2016-01-14,3.3658050592228013
2016-01-15,3.5398231905882125
2016-01-16,3.3904549057514903
2016-01-17,3.506654791682414
2016-01-18,3.4160477486311986
2016-01-19,3.3361300428855865
2016-01-20,3.295543326377703
2016-01-21,3.538098574922891
2016-01-22,3.2392913653783935
2016-01-23,3.3022874378512617
2016-01-24,3.1754769444966584
2016-01-25,3.250721926511443
2016-01-26,3.407483866985356
2016-01-27,3.5053921084272845
2016-01-28,3.3114881911683915
2016-01-29,3.3335873841462185
2016-01-30,3.389788317872273
2016-01-31,3.236100876254876
2016-02-01,3.227307575011281
2016-02-02,3.23149925204951
2016-02-03,3.385277850761047
2016-02-04,3.4037580177485554
2016-02-05,3.30020861414304
2016-02-06,3.6166110438466745
2016-02-07,3.5628951786951015
2016-02-08,3.5361902049466956
2016-02-09,3.3657356497392983
2016-02-10,3.5830945638079035
2016-02-11,3.5082714081926407
2016-02-12,3.3663587237674446
2016-02-13,3.406014696066435
2016-02-14,3.5059132156759922
2016-02-15,3.4231092274209347
2016-02-16,3.629919137343098
2016-02-17,3.5327627976966856
2016-02-18,3.5289151987476366
2016-02-19,3.401709127657147
2016-02-20,3.5001485319026315
2016-02-21,3.365889503840748
2016-02-22,3.5204779619163675
2016-02-23,3.3664845011893494
2016-02-24,3.5414333409597507
2016-02-25,3.516973692838753
2016-02-26,3.1873927946624248
2016-02-27,3.0537257915585965
2016-02-28,3.16130242476298
2016-02-29,3.456312359364898
2016-03-01,3.4479238372302894
2016-03-02,3.556311309361359
2016-03-03,3.4834665653526815
2016-03-04,3.4931230474821575
2016-03-05,3.4151557852713124
2016-03-06,3.5609632284740025
2016-03-07,3.4903412201177533
2016-03-08,3.370335711533617
2016-03-09,3.4235845927446675
2016-03-10,3.401677965514148
2016-03-11,3.5588076058797253
2016-03-12,3.514294469120414
2016-03-13,3.3617208586417284
2016-03-14,3.398532106431212
2016-03-15,3.5205699415124316
2016-03-16,3.5387250733405664
2016-03-17,3.4801560215128906
2016-03-18,3.5585612418524706
2016-03-19,3.383822257752275
2016-03-20,3.216396340140187
2016-03-21,3.369395260599801
2016-03-22,3.433640164272653
2016-03-23,3.5120494911235176
2016-03-24,3.53515533574762
2016-03-25,3.48917607927875
2016-03-26,3.3867900161939266
2016-03-27,3.456686473894159
2016-03-28,3.553627581459729
2016-03-29,3.406206490478675
2016-03-30,3.5086855164748427
2016-03-31,3.485844269527341
2016-04-01,3.476770939374962
2016-04-02,3.381907728555541
2016-04-03,3.4829809549597233
2016-04-04,3.6484421197718127
2016-04-05,3.529553955237338
2016-04-06,3.477408908517826
2016-04-07,3.577403089431414
2016-04-08,3.586036786069549
2016-04-09,3.412163918423013
2016-04-10,3.313737306916147
2016-04-11,3.475332357829852
2016-04-12,3.5142550036699816
2016-04-13,3.3304120156077555
2016-04-14,3.52064783803052
2016-04-15,3.579707884801227
2016-04-16,3.3661657616930807
2016-04-17,3.605050116331466
2016-04-18,3.67496434669137
2016-04-19,3.4226396291438554
2016-04-20,3.5420314456836084
2016-04-21,3.5637293106186703
2016-04-22,3.5367440080368486
2016-04-23,3.501049981047675
2016-04-24,3.460298835196709
2016-04-25,3.4416844924493244
2016-04-26,3.56385618022173
2016-04-27,3.5488373898009895
2016-04-28,3.5900681098453435
2016-04-29,3.4305655942990776
2016-04-30,3.430627728834357
2016-05-01,3.573887313866498
2016-05-02,3.3352450951512944
2016-05-03,3.4495953499465575
2016-05-04,3.5785839180893313
2016-05-05,3.5492975741880164
2016-05-06,3.5652324846495693
2016-05-07,3.4941414375815825
2016-05-08,3.723529377093987
2016-05-09,3.606697709210598
2016-05-10,3.6116739638454716
2016-05-11,3.5022608422291284
2016-05-12,3.5379539853169186
2016-05-13,3.5436433510735945
2016-05-14,3.5654334243566206
2016-05-15,3.5759320716403904
2016-05-16,3.594570838157198
2016-05-17,3.5503232807370058
2016-05-18,3.42522572243686
2016-05-19,3.5664478800284436
2016-05-20,3.5263184261889307
2016-05-21,3.636473178346917
2016-05-22,3.5995647524224275
2016-05-23,3.493554071391966
2016-05-24,3.6314517858255813
2016-05-25,3.656695527898359
2016-05-26,3.6883138362208165
2016-05-27,3.6151622088559563
2016-05-28,3.4952604748278477
2016-05-29,3.4074703275871205
2016-05-30,3.565606528033458
2016-05-31,3.547517193394093
2016-06-01,3.548562745054196
2016-06-02,3.510152469382558
2016-06-03,3.6257072310290446
2016-06-04,3.677712427214341
2016-06-05,3.3761278189693678
2016-06-06,3.565639587809301
2016-06-07,3.4854169310958065
2016-06-08,3.4971479450996856
2016-06-09,3.4563292328747712
2016-06-10,3.532603320313509
2016-06-11,3.482473474832619
2016-06-12,3.570130833865788
2016-06-13,3.654268403069435
2016-06-14,3.5972154614818903
2016-06-15,3.496072316178488
2016-06-16,3.5504803965641325
2016-06-17,3.632045079447707
2016-06-18,3.62751485752873
2016-06-19,3.3196880381140796
2016-06-20,3.522906497617954
2016-06-21,3.5337101034030662
2016-06-22,3.5310855462312363
2016-06-23,3.3695289786849227
2016-06-24,3.4632495263245264
2016-06-25,3.506943096347925
2016-06-26,3.491455406832102
2016-06-27,3.4199104879423823
2016-06-28,3.443656618028072
2016-06-29,3.4470259795384033
2016-06-30,3.2669625002075313
2016-07-01,3.3599774304687933
2016-07-02,3.3321433437619845
2016-07-03,3.3233810192014097
2016-07-04,3.328862101572275
2016-07-05,3.4658325898214644
2016-07-06,3.579458384062277
2016-07-07,3.6439967076273514
2016-07-08,3.561950590071132
2016-07-09,3.5588982352945617
2016-07-10,3.5132617982636476
2016-07-11,3.372533216231351
2016-07-12,3.515285396790305
2016-07-13,3.496841735282596
2016-07-14,3.5813029542836703
2016-07-15,3.4696571211958442
2016-07-16,3.539412585919197
2016-07-17,3.424796341419857
2016-07-18,3.482922664875865
2016-07-19,3.5355642178060487
2016-07-20,3.4896331910346117
2016-07-21,3.5588797097505576
2016-07-22,3.507192434817638
2016-07-23,3.5433750357652762
2016-07-24,3.435237431097642
2016-07-25,3.52809061555186
2016-07-26,3.425083482265875
2016-07-27,3.524447629404356
2016-07-28,3.5714937649116623
2016-07-29,3.5514292550612305
2016-07-30,3.5526543241014847
2016-07-31,3.4537053429551485
2016-08-01,3.400478585602535
2016-08-02,3.4081588277388852
2016-08-03,3.5573937371968296
2016-08-04,3.549727224112054
2016-08-05,3.6185974818067836
2016-08-06,3.5383029625594546
2016-08-07,3.5553896859456535
2016-08-08,3.4587507670406197
2016-08-09,3.6384405678859792
2016-08-10,3.59045774515817
2016-08-11,3.5818674017144945
2016-08-12,3.5905567434409593
2016-08-13,3.484564037571386
2016-08-14,3.5886243638400654
2016-08-15,3.5132895551719265
2016-08-16,3.5603458773047993
2016-08-17,3.496564253215263
2016-08-18,3.686243608801207
2016-08-19,3.597816676639128
2016-08-20,3.4571564852258514
2016-08-21,3.5688468448424073
2016-08-22,3.673434905718316
2016-08-23,3.586399934394691
2016-08-24,3.4001198088066884
2016-08-25,3.388954750381912
2016-08-26,3.199259580555652
2016-08-27,3.5313944374085207
2016-08-28,3.3652632726793152
2016-08-29,3.414851715479909
2016-08-30,3.2632332448742303
2016-08-31,3.5874152147802367
2016-09-01,3.4211610890512265
2016-09-02,3.4686715932619974
2016-09-03,3.3951509814630256
2016-09-04,3.453739030029305
2016-09-05,3.6446433999566237
2016-09-06,3.627530245956187
2016-09-07,3.41330161923175
2016-09-08,3.5103672574836486
2016-09-09,3.4969584981064843
2016-09-10,3.590871663099225
2016-09-11,3.4732366115778044
2016-09-12,3.5760696698348506
2016-09-13,3.4462133221581204
2016-09-14,3.5919520682959236
2016-09-15,3.4625806246418875
2016-09-16,3.578389886564399
2016-09-17,3.628983180393054
2016-09-18,3.3610159572966642
2016-09-19,3.3249451013066564
2016-09-20,3.4701962964661757
2016-09-21,3.323378756874456
2016-09-22,3.3862771397327918
2016-09-23,3.6059870449540234
2016-09-24,3.6698073326269967
2016-09-25,3.48526964621935
2016-09-26,3.4989096811914697
2016-09-27,3.5196738173653546
2016-09-28,3.4430969495225
2016-09-29,3.5269549149869857
2016-09-30,3.4545661425831162
2016-10-01,3.5115670295914256
2016-10-02,3.344935786750038
2016-10-03,3.473147134855867
2016-10-04,3.568916362942744
2016-10-05,3.5074161886841226
2016-10-06,3.536610006428565
2016-10-07,3.4916913260013684
2016-10-08,3.4765949819287063
2016-10-09,3.4583778150588573
2016-10-10,3.466548566210707
2016-10-11,3.497336568034091
2016-10-12,3.4319852346494
2016-10-13,3.408662715903272
2016-10-14,3.442493230458991
2016-10-15,3.507794199787874
2016-10-16,3.45538447905212
2016-10-17,3.4617692076709305
2016-10-18,3.4892290027224564
2016-10-19,3.528270891132485
2016-10-20,3.5524769385413912
2016-10-21,3.5792306856317477
2016-10-22,3.518492746459532
2016-10-23,3.4790503543931597
2016-10-24,3.533515611104634
2016-10-25,3.4446398209704787
2016-10-26,3.599394874210403
2016-10-27,3.518647366445476
2016-10-28,3.5068369912824835
2016-10-29,3.509042984926675
2016-10-30,3.4887488408528684
2016-10-31,3.561269720921154
2016-11-01,3.5058562446323953
2016-11-02,3.4131677349635305
2016-11-03,3.5070190296808925
2016-11-04,3.528486716157446
2016-11-05,3.603078325655532
2016-11-06,3.508023433031192
2016-11-07,3.461270497320471
2016-11-08,3.5665107113529357
2016-11-09,3.3888238723136923
2016-11-10,3.3510549700322603
2016-11-11,3.5190096278061627
2016-11-12,3.4997325017602514
2016-11-13,3.2956774959243114
2016-11-14,3.5110679147579558
2016-11-15,3.4297393922803865
2016-11-16,3.472303729749498
2016-11-17,3.371897523661477
2016-11-18,3.3363044696408517
2016-11-19,3.352874568205233
2016-11-20,3.356417708024932
2016-11-21,3.324017772910472
2016-11-22,3.155154449768303
2016-11-23,3.1169557640768626
2016-11-24,3.202701086634895
2016-11-25,3.3712715488969436
2016-11-26,3.4712371213289486
2016-11-27,3.3258211554354595
2016-11-28,3.2469930601825254
2016-11-29,3.178699540573222
2016-11-30,3.4711305480815855
2016-12-01,3.476157124294897
2016-12-02,3.4243435329356515
2016-12-03,3.42887144559513
2016-12-04,3.381989137117991
2016-12-05,3.484866666874678
2016-12-06,3.554227543299063
2016-12-07,3.533997385049806
2016-12-08,3.5852078531444813
2016-12-09,3.466546413209611
2016-12-10,3.5746677485063296
2016-12-11,3.3940627141102104
2016-12-12,3.406767138214703
2016-12-13,3.5476996105224226
2016-12-14,3.589687685799116
2016-12-15,3.557963108564139
2016-12-16,3.456233721877934
2016-12-17,3.345814728862667
2016-12-18,3.3291767606055767
2016-12-19,3.591171182040305
2016-12-20,3.495623941084642
2016-12-21,3.5998332471561945
2016-12-22,3.544020065805107
2016-12-23,3.6245006908272734
2016-12-24,3.6053565736766466
2016-12-25,3.642971025474043
2016-12-26,3.5544323708815737
2016-12-27,3.6094298506818583
2016-12-28,3.6669649507628
2016-12-29,3.725456726323496
2016-12-30,3.6181331001802617
2016-12-31,3.561864159446889
2017-01-01,3.516199280639761
2017-01-02,3.5331304629736713
2017-01-03,3.6640645593586836
2017-01-04,3.5515331632556335
2017-01-05,3.491847406633791
2017-01-06,3.5393613650242974
2017-01-07,3.2092853911233
2017-01-08,3.348004040651835
2017-01-09,3.498971373684339
2017-01-10,3.518126244930196
2017-01-11,3.6348875504102383
2017-01-12,3.5629067129061003
2017-01-13,3.4766613017348034
2017-01-14,3.4689642508763807
2017-01-15,3.4836259810406527
2017-01-16,3.45552247531606
2017-01-17,3.521073960564113
2017-01-18,3.5320315417092654
2017-01-19,3.544094433247517
2017-01-20,3.4651866766870327
2017-01-21,3.3049870009467215
2017-01-22,3.3278961750041947
2017-01-23,3.463060054951594
2017-01-24,3.562737481369672
2017-01-25,3.65278953546937
2017-01-26,3.568521960842424
2017-01-27,3.5881184126650694
2017-01-28,3.597322226180223
2017-01-29,3.411976809908818
2017-01-30,3.4977865995051585
2017-01-31,3.5013091860595993
2017-02-01,3.564293828416786
2017-02-02,3.4866861745182676
2017-02-03,3.6636452645921143
2017-02-04,3.654776609288919
2017-02-05,3.449180904976866
2017-02-06,3.5424899214880505
2017-02-07,3.5312633057527933
2017-02-08,3.609684864931447
2017-02-09,3.6438432209363207
2017-02-10,3.639066489950681
2017-02-11,3.4097454162136507
2017-02-12,3.1950682893408575
2017-02-13,3.3819350016772116
2017-02-14,3.388465734426331
2017-02-15,3.454698161761754
2017-02-16,3.4475435715464227
2017-02-17,3.4542253318288183
2017-02-18,3.48690356110213
2017-02-19,3.64300108029927
2017-02-20,3.328739668218557
2017-02-21,3.4593529976985082
2017-02-22,3.58672898350753
2017-02-23,3.5308930491468167
2017-02-24,3.491499083028523
2017-02-25,3.421405620485279
2017-02-26,3.417060942936062
2017-02-27,3.4944963382412926
2017-02-28,3.603604854139627
2017-03-01,3.5069504493465535
2017-03-02,3.4979802812484455
2017-03-03,3.302931366828018
2017-03-04,3.3723249204380976
2017-03-05,3.5540970197069957
2017-03-06,3.467173664408848
2017-03-07,3.4622413561799976
2017-03-08,3.606444329882055
2017-03-09,3.5656554508238454
2017-03-10,3.460272133954906
2017-03-11,3.4292764981493167
2017-03-12,3.369938095346883
2017-03-13,3.3933400732107386
2017-03-14,3.2451725507778493
2017-03-15,3.334970169966188
2017-03-16,3.4662256369200746
2017-03-17,3.540907644450617
2017-03-18,3.4657070485958292
2017-03-19,3.413472234927702
2017-03-20,3.6598750630402455
2017-03-21,3.6603343352945146
2017-03-22,3.5374814256311518
2017-03-23,3.6361083937772727
2017-03-24,3.4924688913981594
2017-03-25,3.5947305709975454
2017-03-26,3.5604294662277196
2017-03-27,3.5314960578820678
2017-03-28,3.5266546574715414
2017-03-29,3.4901132606346934
2017-03-30,3.59059435108983
2017-03-31,3.5592453563095923
2017-04-01,3.3478694068520007
2017-04-02,3.394932927182719
2017-04-03,3.5913012012750953
2017-04-04,3.6022949041312495
2017-04-05,3.6058212914262313
2017-04-06,3.5348002983220157
2017-04-07,3.598598068266872
2017-04-08,3.4389202183241756
2017-04-09,3.354385136043468
2017-04-10,3.5767726047947317
2017-04-11,3.554983876165374
2017-04-12,3.6390030597989838
2017-04-13,3.7030192453063386
2017-04-14,3.544622587835437
2017-04-15,3.510338608715445
2017-04-16,3.552871020569004
2017-04-17,3.586304938005711
2017-04-18,3.562983689423854
2017-04-19,3.5782239144814163
2017-04-20,3.513234732727803
2017-04-21,3.453341524406626
2017-04-22,3.5582861989387804
2017-04-23,3.5565975910396626
2017-04-24,3.6495488804593355
2017-04-25,3.6095525272092384
2017-04-26,3.5727850606167553
2017-04-27,3.405818755222457
2017-04-28,3.585433794673075
2017-04-29,3.359021919772916
2017-04-30,3.6035957982058067
2017-05-01,3.5650371264146363
2017-05-02,3.588522962795735
2017-05-03,3.5082563648573597
2017-05-04,3.483392184208264
2017-05-05,3.5121101333554794
2017-05-06,3.419489390609096
2017-05-07,3.4945694882614844
2017-05-08,3.5758471015521915
2017-05-09,3.5524710018547734
2017-05-10,3.659405927083744
2017-05-11,3.5647347545309875
2017-05-12,3.511302050228866
2017-05-13,3.4928869366249518
2017-05-14,3.416292887060777
2017-05-15,3.503004102071425
2017-05-16,3.5305734204396804
2017-05-17,3.5373055397079427
2017-05-18,3.651725464675137
2017-05-19,3.594298529197584
2017-05-20,3.529809478728742
2017-05-21,3.581553829036606
2017-05-22,3.561607769268711
2017-05-23,3.525982656717437
2017-05-24,3.5395601571318265
2017-05-25,3.6403364478753635
2017-05-26,3.5091430836412894
2017-05-27,3.5426327911907256
2017-05-28,3.3809417871742156
2017-05-29,3.574204123137366
2017-05-30,3.5680448431374217
2017-05-31,3.5527462038426214
2017-06-01,3.5496720588550517
2017-06-02,3.62417139126642
2017-06-03,3.6736836802735917
2017-06-04,3.388775657141083
2017-06-05,3.4353483628954034
2017-06-06,3.424457096349133
2017-06-07,3.5367115718133606
2017-06-08,3.4083787331048487
2017-06-09,3.499965577743099
2017-06-10,3.4668733350492826
2017-06-11,3.491928322311053
2017-06-12,3.5996293988144124
2017-06-13,3.5925232171105956
2017-06-14,3.6187130668539362
2017-06-15,3.620635417256562
2017-06-16,3.582881416236322
2017-06-17,3.482028297338088
2017-06-18,3.490819057096384
2017-06-19,3.1446025315983537
2017-06-20,3.448606411911827
2017-06-21,3.626716475331395
2017-06-22,3.6616815624612076
2017-06-23,3.6518790192404755
2017-06-24,3.6187978956431306
2017-06-25,3.5253532074809284
2017-06-26,3.526783262202295
2017-06-27,3.3916789862358514
2017-06-28,3.3496472500768855
2017-06-29,3.5265543175799685
2017-06-30,3.5085943769122068
2017-07-01,3.503123805234047
2017-07-02,3.6659247367923724
2017-07-03,3.590038873256217
2017-07-04,3.6139024593996725
2017-07-05,3.49296519018695
2017-07-06,3.5704323059390655
2017-07-07,3.4214657117249283
2017-07-08,3.5032145684603844
2017-07-09,3.509167221902868
2017-07-10,3.602125717373375
2017-07-11,3.515334252313031
2017-07-12,3.441710202021345
2017-07-13,3.593576817562713
2017-07-14,3.6016712804353723
2017-07-15,3.365588715736073
2017-07-16,3.433626234279249
2017-07-17,3.4953800592931334
2017-07-18,3.5520397310504648
2017-07-19,3.5079655384534103
2017-07-20,3.5457092380981314
2017-07-21,3.499060801674095
2017-07-22,3.3260900061613876
2017-07-23,3.4204505567044317
2017-07-24,3.4908971182901345
2017-07-25,3.3228507598243633
2017-07-26,3.407830555923963
2017-07-27,3.542411902720296
2017-07-28,3.677885974353378
2017-07-29,3.619355483752834
2017-07-30,3.4912725093437356
2017-07-31,3.5696573423227282
2017-08-01,3.560771170918944
2017-08-02,3.521161143058977
2017-08-03,3.438656976307667
2017-08-04,3.2819457495354034
2017-08-05,3.5456115588680586
2017-08-06,3.382789975769529
2017-08-07,3.4426427821955987
2017-08-08,3.595734460843489
2017-08-09,3.566140033825124
2017-08-10,3.453634160969596
2017-08-11,3.5411889940901364
2017-08-12,3.743570476834108
2017-08-13,3.390490254513557
2017-08-14,3.5365117934758534
2017-08-15,3.5397059590836544
2017-08-16,3.5732256430134743
2017-08-17,3.345221492607056
2017-08-18,3.3789977102076842
2017-08-19,3.4034474837024202
2017-08-20,3.5688602197199617
2017-08-21,3.6001034293487786
2017-08-22,3.585665503183275
2017-08-23,3.567796914260902
2017-08-24,3.4504764479066448
2017-08-25,3.601570989790412
2017-08-26,3.5784016554139297
2017-08-27,3.5626854149764857
2017-08-28,3.495452639740118
2017-08-29,2.53414684380524
2017-08-30,3.4640662541932903
2017-08-31,3.652629821462317
2017-09-01,3.5635929729430167
2017-09-02,3.6916075260473504
2017-09-03,3.5508513226835214
2017-09-04,3.504971722683684
2017-09-05,3.585035057138016
2017-09-06,3.554653670603109
2017-09-07,3.541337027400946
2017-09-08,3.6119337793618023
2017-09-09,3.4361579202672123
2017-09-10,3.5223116679326587
2017-09-11,3.577392250743333
2017-09-12,3.583023120821553
2017-09-13,3.636711300906051
2017-09-14,3.462894644820476
2017-09-15,3.423629820604035
2017-09-16,3.4842069569084764
2017-09-17,3.4135384440854972
2017-09-18,3.530367066494771
2017-09-19,3.69795384179134
2017-09-20,3.5698343643635466
2017-09-21,3.6188328229573186
2017-09-22,3.49503132554279
2017-09-23,3.541438933680028
2017-09-24,3.5810799732561485
2017-09-25,3.540410731455965
2017-09-26,3.5737447737575176
2017-09-27,3.4250822504612706
2017-09-28,3.5212330890865187
2017-09-29,3.4043321316984474
2017-09-30,3.5984499422051193
2017-10-01,3.494068215638404
2017-10-02,3.4935992039489157
2017-10-03,3.490721640555419
2017-10-04,3.5123320095784716
2017-10-05,3.5438392820740154
2017-10-06,3.3596053157578445
2017-10-07,3.4086456911166123
2017-10-08,3.4684670846666728
2017-10-09,3.5443002962635397
2017-10-10,3.570381337102833
2017-10-11,3.320128031172912
2017-10-12,3.3818078304047363
2017-10-13,3.4497819228592066
2017-10-14,3.4608244139989077
2017-10-15,3.44389439131721
2017-10-16,3.5083789462287265
2017-10-17,3.4883023920279537
2017-10-18,3.5565032267052787
2017-10-19,3.5459697185000585
2017-10-20,3.5593084957199848
2017-10-21,3.5779415140820356
2017-10-22,3.5753182554116782
2017-10-23,3.573677832971363
2017-10-24,3.5556633050039155
2017-10-25,3.5803724947452906
2017-10-26,3.6382525797188254
2017-10-27,3.508171812616031
2017-10-28,3.58766894752339
2017-10-29,3.373825563153069
2017-10-30,3.46909767191748
2017-10-31,3.603777891872837
2017-11-01,3.430188320465959
2017-11-02,3.5851697534538483
2017-11-03,3.4654235229598416
2017-11-04,3.497337619790632
2017-11-05,3.6467304135373797
2017-11-06,3.5303224864473033
2017-11-07,3.540366986843515
2017-11-08,3.536321652163393
2017-11-09,3.50538113799394
2017-11-10,3.507387830164647
2017-11-11,3.340766138151933
2017-11-12,3.331769341733981
2017-11-13,3.3643964134698408
2017-11-14,3.1824606796487798
2017-11-15,3.478196947502838
2017-11-16,3.505247915688785
2017-11-17,3.546261720450298
2017-11-18,3.4282373442283616
2017-11-19,3.464297223928933
2017-11-20,3.5812016465688643
2017-11-21,3.4747076899820324
2017-11-22,3.5220839921019955
2017-11-23,3.412518290175672
2017-11-24,3.5502790522192593
2017-11-25,3.6339262095021176
2017-11-26,3.585214892410202
2017-11-27,3.6168437111928835
2017-11-28,3.510592940816676
2017-11-29,3.553496846823699
2017-11-30,3.5144439830979066
2017-12-01,3.466790188211969
2017-12-02,3.2800489825905315
2017-12-03,3.1817505454796065
2017-12-04,3.555790457341887
2017-12-05,3.583853008966351
2017-12-06,3.5696915123655333
2017-12-07,3.5406887812539343
2017-12-08,3.5281741296174434
2017-12-09,3.563276029784652
2017-12-10,3.416055491199528
2017-12-11,3.574498299611335
2017-12-12,3.494925392389105
2017-12-13,3.3313696471426577
2017-12-14,3.427820798168352
2017-12-15,3.4440752637848036
2017-12-16,3.451898752158426
2017-12-17,3.4462723744728763
2017-12-18,3.381635321163058
2017-12-19,3.436485179561003
2017-12-20,3.445729554874905
2017-12-21,3.4219403014621617
2017-12-22,3.4993756456417153
2017-12-23,3.3848760891303447
2017-12-24,3.174277355810671
2017-12-25,3.327889717600668
2017-12-26,3.4614628073474645
2017-12-27,3.5917309909188666
2017-12-28,3.5324384996110285
2017-12-29,3.35751754383236
2017-12-30,3.373009373333019
2017-12-31,3.556861949770916
2018-01-01,3.635642048543897
2018-01-02,3.4972110902380695
2018-01-03,3.429901366953036
2018-01-04,3.3453329956409283
2018-01-05,3.3722699079671794
2018-01-06,3.4290952244280706
2018-01-07,3.1989071389896857
2018-01-08,3.285664785425193
2018-01-09,3.165169124557089
2018-01-10,3.2895657896215966
2018-01-11,3.231377416246934
2018-01-12,3.315029907974211
2018-01-13,3.351444047535804
2018-01-14,3.287316953278568
2018-01-15,2.976036051650549
2018-01-16,3.1585522577436245
2018-01-17,3.178479918527585
2018-01-18,3.1631629735270623
2018-01-19,3.207954914941159
2018-01-20,3.2401258002193694
2018-01-21,3.2758854299030054
2018-01-22,3.1073760658384026
2018-01-23,3.2581369967646614
2018-01-24,3.2373423186390804
2018-01-25,3.3674048020527643
2018-01-26,3.480457931060753
2018-01-27,3.446641637836372
2018-01-28,3.333557992953399
2018-01-29,3.4772943059345494
2018-01-30,3.5034085441286456
2018-01-31,3.3373050921865115
2018-02-01,3.5094104487600313
2018-02-02,3.4483015112113486
2018-02-03,3.603766374602218
2018-02-04,3.5327562048605112
2018-02-05,3.410266611335245
2018-02-06,3.4220430818906618
2018-02-07,3.4129297141798776
2018-02-08,3.3968036650968703
2018-02-09,3.491924385058387
2018-02-10,3.5217303101498074
2018-02-11,3.477486049827635
2018-02-12,3.301681415308294
2018-02-13,3.4154241003214243
2018-02-14,3.5447106224387745
2018-02-15,3.4367570769688096
2018-02-16,3.5412971619271945
2018-02-17,3.531643565699955
2018-02-18,3.362534463816479
2018-02-19,3.452199054930686
2018-02-20,3.323810306986403
2018-02-21,3.4104367848603836
2018-02-22,3.367794505083347
2018-02-23,3.4112259463443952
2018-02-24,3.273829537737064
2018-02-25,3.3902318976919408
2018-02-26,3.3696615740429325
2018-02-27,3.509875520797336
2018-02-28,3.4327877171549734
2018-03-01,3.52536930514892
2018-03-02,3.4491647480758005
2018-03-03,3.3227630138938076
2018-03-04,3.308919112727844
2018-03-05,3.600429171849993
2018-03-06,3.5021533216528713
2018-03-07,3.4779903797835776
2018-03-08,3.4663336806591496
2018-03-09,3.368471166543067
2018-03-10,3.286421892276624
2018-03-11,3.1412705726397783
2018-03-12,3.294039897838293
2018-03-13,3.4495527510759563
2018-03-14,3.315139836568534
2018-03-15,3.360540388870174
2018-03-16,3.50086228294334
2018-03-17,3.377997433526983
2018-03-18,3.404886213015571
2018-03-19,3.330361499099891
2018-03-20,3.3464073723028536
2018-03-21,3.355130866534471
2018-03-22,3.5669494485549667
2018-03-23,3.5067622371395126
2018-03-24,3.3953630676793907
2018-03-25,3.4532570200580617
2018-03-26,3.50349355559542
2018-03-27,3.581857131861495
2018-03-28,3.580111996079643
2018-03-29,3.5224439297727708
2018-03-30,3.4296438786747667
2018-03-31,3.258930670459818
2018-04-01,3.369835529431083
2018-04-02,3.483134793509771
2018-04-03,3.510124549586983
2018-04-04,3.4613833038794155
2018-04-05,3.518782204057502
2018-04-06,3.6313026260320616
2018-04-07,3.4780095202641825
2018-04-08,3.4185170657997346
2018-04-09,3.5724079531569353
2018-04-10,3.5511213809423556
2018-04-11,3.27775550794676
2018-04-12,3.2120509094244496
2018-04-13,3.215216492129666
2018-04-14,3.327982041764541
2018-04-15,3.286563639955622
2018-04-16,3.4323226662530364
2018-04-17,3.3355267501261934
2018-04-18,3.448212485873467
2018-04-19,3.426900871091095
2018-04-20,3.467460224067679
2018-04-21,3.496568856445231
2018-04-22,3.5029217490009947
2018-04-23,3.469179098708595
2018-04-24,3.3914000926161063
2018-04-25,3.362506567888968
2018-04-26,3.3487884876053844
2018-04-27,3.255939120884982
2018-04-28,3.1596748139075514
2018-04-29,3.154440571350521
2018-04-30,3.394829525687359
2018-05-01,3.3464747505719337
2018-05-02,3.3948218218907593
2018-05-03,3.4048190031646737
2018-05-04,3.413042588131869
2018-05-05,3.388717640998999
2018-05-06,3.4317847249100533
2018-05-07,3.5483053281850037
2018-05-08,3.4344334199845457
2018-05-09,3.2743251744825903
2018-05-10,3.1909290693722463
2018-05-11,3.3391636414684425
2018-05-12,3.1748396560476366
2018-05-13,3.0662627558050097
2018-05-14,3.2525331863931966
2018-05-15,3.192581715194416
2018-05-16,3.345527089548642
2018-05-17,3.4356858123226846
2018-05-18,3.2437751556666052
2018-05-19,3.3042873215159334
2018-05-20,3.39244554666492
2018-05-21,3.370298930705818
2018-05-22,3.3510241278514785
2018-05-23,3.3542448090810293
2018-05-24,3.383556679514393
2018-05-25,3.4408736311901955
2018-05-26,3.4278135624849617
2018-05-27,3.389389693179146
2018-05-28,3.4422950115572464
2018-05-29,3.403136181828395
2018-05-30,3.426630956358675
2018-05-31,3.3075071138580263
2018-06-01,3.332173663053248
2018-06-02,3.3046208745286827
2018-06-03,3.295027758143551
2018-06-04,3.2489182895628517
2018-06-05,3.2991378125883988
2018-06-06,3.432003077335988
2018-06-07,3.4361193784359383
2018-06-08,3.5025912296484782
2018-06-09,3.357764732145815
2018-06-10,3.4983848003278237
2018-06-11,3.223947881102692
2018-06-12,3.3389811965601637
2018-06-13,3.449376284391418
2018-06-14,3.531028186488633
2018-06-15,3.381586525406459
2018-06-16,3.398327956290933
2018-06-17,3.3272024556008324
2018-06-18,3.2236486054381666
2018-06-19,3.5430923183120075
2018-06-20,3.47884249812063
2018-06-21,3.629337346093821
2018-06-22,3.6057156850363454
2018-06-23,3.555848304080773
2018-06-24,3.625584327457486
2018-06-25,3.4648928673514203
2018-06-26,3.539348062911257
2018-06-27,3.414084101030731
2018-06-28,3.4034614501957727
2018-06-29,3.5107540028951085
2018-06-30,3.545884797545917
2018-07-01,3.4216594566675016
2018-07-02,3.4236227264105468
2018-07-03,3.497950589056639
2018-07-04,3.5107657837376074
2018-07-05,3.5083502154205823
2018-07-06,3.3268456137640934
2018-07-07,3.4450659362877034
2018-07-08,3.50840446578374
2018-07-09,3.3809062372527987
2018-07-10,3.3635693479799174
2018-07-11,3.5304034560337803
2018-07-12,3.4526096641643216
2018-07-13,3.687744738508351
2018-07-14,3.4745271863607385
2018-07-15,3.5510572332177857
2018-07-16,3.579410138950585
2018-07-17,3.583798815697566
2018-07-18,3.6368593242326286
2018-07-19,3.473945858497682
2018-07-20,3.367325941945982
2018-07-21,3.346590514128562
2018-07-22,3.3829515175206413
2018-07-23,3.33954109847707
2018-07-24,3.5448414775215626
2018-07-25,3.3987213247015937
2018-07-26,3.559838542928289
2018-07-27,3.54745219154834
2018-07-28,3.4728847828390954
2018-07-29,3.3991142046811316
2018-07-30,3.545822518203791
2018-07-31,3.47209681032869
2018-08-01,3.6633789867756112
2018-08-02,3.6173097561082592
2018-08-03,3.318868675826025
2018-08-04,3.4704575503931707
2018-08-05,3.521971571112086
2018-08-06,3.4708995948243104
2018-08-07,3.489746744503262
2018-08-08,3.5186480301527796
2018-08-09,3.6408359070904996
2018-08-10,3.5307313184144724
2018-08-11,3.4203220034334434
2018-08-12,3.348678170370637
2018-08-13,3.415035892862774
2018-08-14,3.6217275063270233
2018-08-15,3.499650105305844
2018-08-16,3.4248601688214353
2018-08-17,3.616807221955056
2018-08-18,3.5573575359624123
2018-08-19,3.59644983245707
2018-08-20,3.5150615108931684
2018-08-21,3.4676506365938353
2018-08-22,3.5512157170190357
2018-08-23,3.5584159061008016
2018-08-24,3.6470743396654295
2018-08-25,3.4262476318533204
2018-08-26,3.5625508397469003
2018-08-27,3.5445563391686106
2018-08-28,3.5266495816429
2018-08-29,3.5796124185619465
2018-08-30,3.4119856061581824
2018-08-31,3.5500149846265976
2018-09-01,3.494708197552476
2018-09-02,3.3710792213065623
2018-09-03,3.4336088657166632
2018-09-04,3.410855871037071
2018-09-05,3.4154149610572726
2018-09-06,3.4979202094707005
2018-09-07,3.518339025441502
2018-09-08,3.5916922810677674
2018-09-09,3.397128220713803
2018-09-10,3.424594148663435
2018-09-11,3.5990536225909806
2018-09-12,3.45052090570691
2018-09-13,3.520225553405206
2018-09-14,3.4820151358834908
2018-09-15,3.309007662763842
2018-09-16,3.576141555919118
2018-09-17,3.488523327346274
2018-09-18,3.618689983040455
2018-09-19,3.504660272843414
2018-09-20,3.5596352192662635
2018-09-21,3.2847069995708535
2018-09-22,3.4248294826042267
2018-09-23,3.3748127340426897
2018-09-24,3.460704402626754
2018-09-25,3.5352758364723433
2018-09-26,3.385047093786186
2018-09-27,3.4450142820999567
2018-09-28,3.341162206769966
2018-09-29,3.4925236029520743
2018-09-30,3.3468783613788897
2018-10-01,3.4868189806839025
2018-10-02,3.351484136642728
2018-10-03,3.392101132660276
2018-10-04,3.415160886525422
2018-10-05,3.4510872400055224
2018-10-06,3.400617666907039
2018-10-07,3.4150754664869316
2018-10-08,3.285750145165802
2018-10-09,3.3567713114171602
2018-10-10,3.3028718460864823
2018-10-11,3.4087271883596317
2018-10-12,3.313039013304696
2018-10-13,3.309247235401682
2018-10-14,3.432584158652258
2018-10-15,3.5069816411946357
2018-10-16,3.5353307081224012
2018-10-17,3.342720732478112
2018-10-18,3.4804386318884495
2018-10-19,3.5185000813134444
2018-10-20,3.331331781453276
2018-10-21,3.4436493148342904
2018-10-22,3.499167334044842
2018-10-23,3.580184714970233
2018-10-24,3.4647423271925164
2018-10-25,3.5835634320296523
2018-10-26,3.5733063201621555
2018-10-27,3.3323716194252353
2018-10-28,3.480856307556707
2018-10-29,3.4922852016636483
2018-10-30,3.4795816604938623
2018-10-31,3.3745769574480136
2018-11-01,3.3919905343674683
2018-11-02,3.496831385593814
2018-11-03,3.477277057308869
2018-11-04,3.381797689493614
2018-11-05,3.3303557297089474
2018-11-06,3.432829282032692
2018-11-07,3.5087157446002077
2018-11-08,3.3222819785712527
2018-11-09,3.4573085121797122
2018-11-10,3.5315061487978463
2018-11-11,3.1954611332011975
2018-11-12,3.277454737044498
2018-11-13,3.4088282769797646
2018-11-14,3.3522792736129223
2018-11-15,3.585692261756549
2018-11-16,3.4722443698224046
2018-11-17,3.277120049930041
2018-11-18,3.4137850578079107
2018-11-19,3.4456370876287594
2018-11-20,3.4387747141267666
2018-11-21,3.437766945745642
2018-11-22,3.471692475092182
2018-11-23,3.2773680811524066
2018-11-24,3.381792559387947
2018-11-25,3.5466942522243836
2018-11-26,3.4966820688090543
2018-11-27,3.5083007173874132
2018-11-28,3.4801477602717727
2018-11-29,3.515550421777844
2018-11-30,3.438461261918466
2018-12-01,3.3703960543811347
2018-12-02,3.3401455728173586
2018-12-03,3.547760892158423
2018-12-04,3.4716933544557964
2018-12-05,3.487258442894519
2018-12-06,3.619870527020881
2018-12-07,3.611229525906821
2018-12-08,3.4174537733628036
2018-12-09,3.5332200150500714
2018-12-10,3.581883773696792
2018-12-11,3.573170761435873
2018-12-12,3.5758758857295097
2018-12-13,3.573840899725197
2018-12-14,3.4866835578984574
2018-12-15,3.276554648038624
2018-12-16,3.4026954764721578
2018-12-17,3.528208084222724
2018-12-18,3.5105864945382548
2018-12-19,3.361773953438569
2018-12-20,3.4570830183954557
2018-12-21,3.5311895057686296
2018-12-22,3.51638212704474
2018-12-23,3.444774568230389
2018-12-24,3.4768972760023416
2018-12-25,3.4630681997481663
2018-12-26,3.575209830945978
2018-12-27,3.4536048033906708
2018-12-28,3.5552352802475466
2018-12-29,3.475300169904135
2018-12-30,3.5376476441668543
2018-12-31,3.361650568611284
2019-01-01,3.2456298180008787
2019-01-02,3.3034901990746084
2019-01-03,3.51926816669269
2019-01-04,3.6105915033227354
2019-01-05,3.6099624903860645
2019-01-06,3.511195046458725
2019-01-07,3.4719987500985727
2019-01-08,3.6258541667463136
2019-01-09,3.527140325576284
2019-01-10,3.488260675654165
2019-01-11,3.4219433784679274
2019-01-12,3.3568771955190306
2019-01-13,3.475686665889443
2019-01-14,3.213952968031119
2019-01-15,3.4666201247063526
2019-01-16,3.4737655864002956
2019-01-17,3.5184515441004933
2019-01-18,3.6545785084598057
2019-01-19,3.3933086587582673
2019-01-20,3.473705089346407
2019-01-21,3.3341648595441518
2019-01-22,3.4703957871748656
2019-01-23,3.555985221086487
2019-01-24,3.4991916329078396
2019-01-25,3.4826516340442173
2019-01-26,3.496607022831952
2019-01-27,3.4966479642016792
2019-01-28,3.413931191643096
2019-01-29,3.598849284871339
2019-01-30,3.638679466917539
2019-01-31,3.5669095311414574
2019-02-01,3.6462195542771543
2019-02-02,3.5108926293935765
2019-02-03,3.3946209909632006
2019-02-04,3.390358519395578
2019-02-05,3.396752477160965
2019-02-06,3.4350150284043384
2019-02-07,3.5990492033794483
2019-02-08,3.591224307385049
2019-02-09,3.4979612509638836
2019-02-10,3.479136628106258
2019-02-11,3.4727515186289186
2019-02-12,3.607697719349042
2019-02-13,3.4197704135280937
2019-02-14,3.6181036250487217
2019-02-15,3.47129263636457
2019-02-16,3.462052223392173
2019-02-17,3.5541164543163344
2019-02-18,3.39422318279116
2019-02-19,3.5731072826212182
2019-02-20,3.4240068192321287
2019-02-21,3.488517776531539
2019-02-22,3.53233223320343
2019-02-23,3.465678588607319
2019-02-24,3.4514540011449553
2019-02-25,3.34058133508885
2019-02-26,3.558574302436404
2019-02-27,3.383486615306212
2019-02-28,3.6125324879054244
2019-03-01,3.5533162723691856
2019-03-02,3.427971695231466
2019-03-03,3.474021723900276
2019-03-04,3.4148877103065542
2019-03-05,3.4035831391615403
2019-03-06,3.5185659243428367
2019-03-07,3.440696629160806
2019-03-08,3.4741131184128617
2019-03-09,3.394832183215661
2019-03-10,3.2811744848399047
2019-03-11,3.3219386341238657
2019-03-12,3.326428991086425
2019-03-13,3.556209493687384
2019-03-14,3.407128568315153
2019-03-15,3.4695495390246553
2019-03-16,3.5381588264707595
2019-03-17,3.4747044266414244
2019-03-18,3.525163172254328
2019-03-19,3.515525971397609
2019-03-20,3.2161687062691033
2019-03-21,3.278678043148264
2019-03-22,3.2711534536191427
2019-03-23,3.3465280145876415
2019-03-24,3.163089518158797
2019-03-25,3.4118175987572084
2019-03-26,3.3729571210990392
2019-03-27,3.6300820743971305
2019-03-28,3.5535715204042897
2019-03-29,3.409479024925054
2019-03-30,3.149988537533545
2019-03-31,3.2498316294043823
2019-04-01,3.234546232059787
2019-04-02,3.2786942655598144
2019-04-03,3.3187700237898237
2019-04-04,3.4706461880441406
2019-04-05,3.3686476855582588
2019-04-06,3.4291800861223627
2019-04-07,3.3845994630837835
2019-04-08,3.275624483017112
2019-04-09,3.3482402857370714
2019-04-10,3.444498033765841
2019-04-11,3.3581401140587883
2019-04-12,3.143942086124558
2019-04-13,3.0610542782053125
2019-04-14,3.121891146984639
2019-04-15,3.104325702892304
2019-04-16,3.4968033446551363
2019-04-17,3.5190428406748273
2019-04-18,3.446040864580432
2019-04-19,3.711385197900207
2019-04-20,3.5972882278750316
2019-04-21,3.5040872845717153
2019-04-22,3.4664708236908806
2019-04-23,3.376778309871624
2019-04-24,3.3093297266515163
2019-04-25,3.231737022708178
2019-04-26,3.4281772979499974
2019-04-27,3.5371824992934013
2019-04-28,3.157414352938162
2019-04-29,3.157237314507496
2019-04-30,3.4646181474427915
2019-05-01,3.5622108313420315
2019-05-02,3.559603684132589
2019-05-03,3.55846925622725
2019-05-04,3.374359610010152
2019-05-05,3.350798521146875
2019-05-06,3.471715168455561
2019-05-07,3.617124014337696
2019-05-08,3.5445287823854428
2019-05-09,3.407016559148907
2019-05-10,3.5274673583328484
2019-05-11,3.32641369250867
2019-05-12,3.429659630429717
2019-05-13,3.425198529191999
2019-05-14,3.391459946487075
2019-05-15,3.4414614575907105
2019-05-16,3.3067005246705086
2019-05-17,3.5106681936769473
2019-05-18,3.359925468233941
2019-05-19,3.325350336170271
2019-05-20,3.330268622066325
2019-05-21,3.499936328539196
2019-05-22,3.399379315416564
2019-05-23,3.542023539995745
2019-05-24,3.420357390153484
2019-05-25,3.432745608284212
2019-05-26,3.2896181489929925
2019-05-27,3.3978641991592093
2019-05-28,3.4315048761040625
2019-05-29,3.5053159596852357
2019-05-30,3.4046447688949812
2019-05-31,3.5776501354948262
2019-06-01,3.44248852327974
2019-06-02,3.4724948133196873
2019-06-03,3.4299414674755555
2019-06-04,3.513477124102473
2019-06-05,3.356026757576136
2019-06-06,3.3418982329528837
2019-06-07,3.546260530313699
2019-06-08,3.3861133505862826
2019-06-09,3.224889309427132
2019-06-10,3.34920872122155
2019-06-11,3.6160421528587916
2019-06-12,3.4640388707191714
2019-06-13,3.511780360911465
2019-06-14,3.4490122382855395
2019-06-15,3.464130393211266
2019-06-16,3.4611594119156326
2019-06-17,3.4530528088708237
2019-06-18,3.285038080174823
2019-06-19,3.5582087532767677
2019-06-20,3.3036604670711553
2019-06-21,3.3664488038606293
2019-06-22,3.2750987657460433
2019-06-23,3.608770225399251
2019-06-24,3.5833672742318927
2019-06-25,3.2920312128533897
2019-06-26,3.3760103439974425
2019-06-27,3.4253048200945084
2019-06-28,3.229778716886403
2019-06-29,3.1777633435430706
2019-06-30,3.324029383264439
2019-07-01,3.5882925151125034
2019-07-02,3.3018507339553396
2019-07-03,3.294536839259401
2019-07-04,3.3724675567183824
2019-07-05,3.4876218450511263
2019-07-06,3.420255025941687
2019-07-07,3.4943133959965245
2019-07-08,3.5404555555094195
2019-07-09,3.4005213077105276
2019-07-10,3.7357270291567173
2019-07-11,3.5225526785583416
2019-07-12,3.423809616769054
2019-07-13,3.4388267502698247
2019-07-14,3.6340417325649588
2019-07-15,3.446064710370119
2019-07-16,3.2912602830938904
2019-07-17,3.332736452435217
2019-07-18,3.3360722666829528
2019-07-19,3.2906550760613786
2019-07-20,3.464633992102593
2019-07-21,3.580771812135906
2019-07-22,3.4000370386731205
2019-07-23,3.3461717685098913
2019-07-24,3.3970505904217276
2019-07-25,3.6273078172581688
2019-07-26,3.501792072108175
2019-07-27,3.276769360874238
2019-07-28,3.1906990196265377
2019-07-29,3.2008237256606518
2019-07-30,3.352059686924123
2019-07-31,3.550724594551322
2019-08-01,3.57751470479314
2019-08-02,3.543727019528207
2019-08-03,3.447160840816191
2019-08-04,3.3220576652993143
2019-08-05,3.3993160369903785
2019-08-06,3.5176793601546414
2019-08-07,3.495304469305054
2019-08-08,3.5065703819622094
2019-08-09,3.4562124248264303
2019-08-10,3.394097504247601
2019-08-11,3.124959774531909
2019-08-12,3.341137513284393
2019-08-13,3.4368689684921527
2019-08-14,3.5058739965947625
2019-08-15,3.631456759932627
2019-08-16,3.43777776272319
2019-08-17,3.4067733875370183
2019-08-18,3.5913055282221813
2019-08-19,3.550882719953579
2019-08-20,3.545982462338421
2019-08-21,3.5098309386362287
2019-08-22,3.5573500835646135
2019-08-23,3.492505660088098
2019-08-24,3.4586323602851827
2019-08-25,3.1324561343647996
2019-08-26,3.3069623315607597
2019-08-27,3.5151829971253363
2019-08-28,3.183995354384481
2019-08-29,3.4027973828132128
2019-08-30,3.425758689560171
2019-08-31,3.379388483495207
2019-09-01,3.5321839609397383
2019-09-02,3.3759163266253025
2019-09-03,3.461397879369781
2019-09-04,3.638579320414794
2019-09-05,3.4696569883182615
2019-09-06,3.57914757368485
2019-09-07,3.2843814481220313
2019-09-08,3.358016649978987
2019-09-09,3.620894618603075
2019-09-10,3.540697775013987
2019-09-11,3.5568211500586138
2019-09-12,3.55478004216265
2019-09-13,3.345043807595588
2019-09-14,3.546292700693004
2019-09-15,3.720791837950709
2019-09-16,3.3170331281115764
2019-09-17,3.394566948310329
2019-09-18,3.416870768663431
2019-09-19,3.404587435780677
2019-09-20,3.3345554502787205
2019-09-21,3.3247583994757712
2019-09-22,3.3584259572390263
2019-09-23,3.2787533653873724
2019-09-24,3.3820375681238226
2019-09-25,3.3798568944213847
2019-09-26,3.5501579414576527
2019-09-27,3.5442010004661775
2019-09-28,3.423047093767275
2019-09-29,3.331388899240489
2019-09-30,3.476586645442215
2019-10-01,3.597536969002575
2019-10-02,3.56061466190942
2019-10-03,3.5287359631508775
2019-10-04,3.3179201294028986
2019-10-05,3.6328236012687958
2019-10-06,3.403336002818767
2019-10-07,3.484532318661108
2019-10-08,3.573896646262725
2019-10-09,3.6561886103221193
2019-10-10,3.557901677630399
2019-10-11,3.4996413251879614
2019-10-12,3.4822990399991944
2019-10-13,3.534769978362639
2019-10-14,3.5082724397610217
2019-10-15,3.4379062732892924
2019-10-16,3.5411308953530383
2019-10-17,3.5275421925419463
2019-10-18,3.4989873070020523
2019-10-19,3.680361305246734
2019-10-20,3.7968554435057427
2019-10-21,3.8100714901842223
2019-10-22,3.771758749953946
2019-10-23,3.7671873484801353
2019-10-24,3.8386828442169376
2019-10-25,3.813777127965423
2019-10-26,3.7308714230081303
2019-10-27,3.6846671692134105
2019-10-28,3.692374947788459
2019-10-29,3.7915381794609364
2019-10-30,3.633089179699099
2019-10-31,3.4756060132442084
2019-11-01,3.54486252416068
2019-11-02,3.51352819978152
2019-11-03,3.450241235010735
2019-11-04,3.6291387147398244
2019-11-05,3.704683185079536
2019-11-06,3.7497239123710475
2019-11-07,3.7719226426725516
2019-11-08,3.6534454942432797
2019-11-09,3.7699927875636474
2019-11-10,3.6723955214247077
2019-11-11,3.7455384417591433
2019-11-12,3.6805180717688826
2019-11-13,3.562379769115201
2019-11-14,3.5840211527200894
2019-11-15,3.6780374877574857
2019-11-16,3.6465224152328286
2019-11-17,3.721083960126398
2019-11-18,3.6571541052232233
2019-11-19,3.6929461420568486
2019-11-20,3.6906903776658995
2019-11-21,3.7225112519358996
2019-11-22,3.6950614541938007
2019-11-23,3.601926765695673
2019-11-24,3.631632425702617
2019-11-25,3.579253741465913
2019-11-26,3.612467071912305
2019-11-27,3.679988779192594
2019-11-28,3.7341691192710997
2019-11-29,3.615883605336994
2019-11-30,3.5192972033781724
2019-12-01,3.493819016344589
2019-12-02,3.509293564510983
2019-12-03,3.3910480247253485
2019-12-04,3.5668560908981966
2019-12-05,3.5775344132124864
2019-12-06,3.47500492260024
2019-12-07,3.5703615887398277
2019-12-08,3.6104285279336708
2019-12-09,3.447926542123024
2019-12-10,3.545712757360763
2019-12-11,3.4131669750452818
2019-12-12,3.5546716437373167
2019-12-13,3.65665992184952
2019-12-14,3.627620292920505
2019-12-15,3.561613649258468
2019-12-16,3.600835669909227
2019-12-17,3.610277406156234
2019-12-18,3.5562771474221297
2019-12-19,3.645107118627032
2019-12-20,3.4886073431718883
2019-12-21,3.83703499029806
2019-12-22,3.690361411303353
2019-12-23,3.686918212447952
2019-12-24,3.6637232862030453
2019-12-25,3.7670862141522257
2019-12-26,3.709798561770209
2019-12-27,3.686421425954636
2019-12-28,3.7016261736646188
2019-12-29,3.5918242880760007
2019-12-30,3.6118802435907678
2019-12-31,3.5359450160487294
2020-01-01,1.5
2020-01-02,0.8112781244591328
2020-01-03,1.0
2020-01-04,0.0
2020-01-05,3.6088581870891296
2020-01-06,3.6892214956130123
2020-01-07,3.7520083252067487
2020-01-08,3.7367933291324444
2020-01-09,3.552444388550126
2020-01-10,3.5358277787004226
2020-01-11,3.733174487627166
2020-01-12,3.608116111256074
2020-01-13,3.6438350759026914
2020-01-14,3.5276025936896565
2020-01-15,3.5992884092426287
2020-01-16,3.669996945077833
2020-01-17,3.564531101050973
2020-01-18,3.5017226573414124
2020-01-19,3.563958665479868
2020-01-20,3.622998408924798
2020-01-21,3.394756013832286
2020-01-22,3.4825787629043736
2020-01-23,3.583204938735171
2020-01-24,3.5894241568061362
2020-01-25,3.5963513677568244
2020-01-26,3.4300580203443527
2020-01-27,3.479042922199
2020-01-28,3.5323291936933687
2020-01-29,3.5899111103776495
2020-01-30,3.477225764751256
2020-01-31,3.533636675264848
2020-02-01,3.5598343665287966
2020-02-02,3.309328167391474
2020-02-03,3.5020974221285828
2020-02-04,3.4582279901342505
2020-02-05,3.590133450024029
2020-02-06,3.4192551495159433
2020-02-07,3.502728918252801
2020-02-08,3.540015556639284
2020-02-09,3.546775488768964
2020-02-10,3.5862468290510745
2020-02-11,3.4816269674238223
2020-02-12,3.5525816425995638
2020-02-13,3.5521296262453697
2020-02-14,3.4811037617583804
2020-02-15,3.494675740106759
2020-02-16,3.446301511402594
2020-02-17,3.4019199310823995
2020-02-18,3.577358109826192
2020-02-19,3.5524910962399927
2020-02-20,3.679497298252127
2020-02-21,3.682060851662825
2020-02-22,3.5549314666613014
2020-02-23,3.5864102623247973
2020-02-24,3.6829780204673255
2020-02-25,3.506046265112124
2020-02-26,3.4853368477715367
2020-02-27,3.4809040837385075
2020-02-28,3.4554036751202073
2020-02-29,3.464504490193699
2020-03-01,3.2716282904130978
2020-03-02,3.280663586392714
2020-03-03,3.452026542444932
2020-03-04,3.4643772381042695
2020-03-05,3.5303395528147035
2020-03-06,3.3392201400096195
2020-03-07,3.555732604432336
2020-03-08,3.5004431280224186
2020-03-09,3.511075560405733
2020-03-10,3.733699839352086
2020-03-11,3.5031686756664806
2020-03-12,3.6495430029509692
2020-03-13,3.5255816591093474
2020-03-14,3.4603542130106875
2020-03-15,3.25869790798055
2020-03-16,3.3667209141022254
2020-03-17,3.42140958055867
2020-03-18,3.479448606362806
2020-03-19,3.3681719241925716
2020-03-20,3.4764214945894785
2020-03-21,3.413907461454461
2020-03-22,3.45304195374519
2020-03-23,3.5834881083004477
2020-03-24,3.556728356906576
2020-03-25,3.668412341084711
2020-03-26,3.6439007302211213
2020-03-27,3.4189347204931453
2020-03-28,3.3147316041868535
2020-03-29,3.3317194358914595
2020-03-30,3.386279988022532
2020-03-31,3.2532188146569156
2020-04-01,3.2912015024747467
2020-04-02,3.488168665282871
2020-04-03,3.4554373373591036
2020-04-04,3.386712113064221
2020-04-05,3.4424090237063996
2020-04-06,3.4533917191895998
2020-04-07,3.356732692274479
2020-04-08,3.452655632307072
2020-04-09,3.600622760380243
2020-04-10,3.5863208846120074
2020-04-11,3.1255609170110077
2020-04-12,3.400906958919218
2020-04-13,3.4326977911259675
2020-04-14,3.4781189738253
2020-04-15,3.5925124140696076
2020-04-16,3.5500641994252424
2020-04-17,3.353328934872078
2020-04-18,3.4971099464926816
2020-04-19,3.5572335786277267
2020-04-20,3.4468476488784114
2020-04-21,3.527912582718989
2020-04-22,3.6093594776308238
2020-04-23,3.56877323532577
2020-04-24,3.41377686082276
2020-04-25,3.5202593016148085
2020-04-26,3.373823320648931
2020-04-27,3.383206084945368
2020-04-28,3.518934517198622
2020-04-29,3.4872774259673336
2020-04-30,3.5078963796476827
2020-05-01,3.6508597341255697
2020-05-02,3.5727853477789004
2020-05-03,3.4348078743700534
2020-05-04,3.4923866855534444
2020-05-05,3.4815215483892934
2020-05-06,3.7135928390584567
2020-05-07,3.509311983777867
2020-05-08,3.411855043857635
2020-05-09,3.4994962441526267
2020-05-10,3.5078519624957885
2020-05-11,3.467629809899432
2020-05-12,3.430133385586868
2020-05-13,3.530757068939303
2020-05-14,3.5211399832313415
2020-05-15,3.49696834613833
2020-05-16,3.443760320014077
2020-05-17,3.4871355283101644
2020-05-18,3.6421101601143624
2020-05-19,3.7601294443255187
2020-05-20,3.6769593042536997
2020-05-21,3.5974992799871224
2020-05-22,3.5224069928498922
2020-05-23,3.503992064539994
2020-05-24,3.415830319461358
2020-05-25,3.501948557914639
2020-05-26,3.541687314072973
2020-05-27,3.5237215213282838
2020-05-28,3.4016018116759157
2020-05-29,3.4758961802566417
2020-05-30,3.5658827172012932
2020-05-31,3.689213854836526
2020-06-01,3.4168230092423215
2020-06-02,3.592016763094797
2020-06-03,3.5440288753715143
2020-06-04,3.500587413526666
2020-06-05,3.3578419412973304
2020-06-06,3.5659846904346257
2020-06-07,3.516773899813177
2020-06-08,3.6975623565424307
2020-06-09,3.675153396158959
2020-06-10,3.6575550441658637
2020-06-11,3.4183719662737455
2020-06-12,3.6474086555564504
2020-06-13,3.5537556743497265
2020-06-14,3.618279399285022
2020-06-15,3.5687869598244593
2020-06-16,3.4478562303988323
2020-06-17,3.618481268236852
2020-06-18,3.667697070130827
2020-06-19,3.4465893962594754
2020-06-20,3.327791058862284
2020-06-21,3.2564157500866084
2020-06-22,3.5140535707574543
2020-06-23,3.5081640282805737
2020-06-24,3.5903098335286776
2020-06-25,3.4326047903122276
2020-06-26,3.615551821571714
2020-06-27,3.4148342255640594
2020-06-28,3.3689337908618713
2020-06-29,3.3432558007149185
2020-06-30,3.575557816751335
2020-07-01,3.463079509304967
2020-07-02,3.5493149868448794
2020-07-03,3.5377190883001908
2020-07-04,3.490763611111529
2020-07-05,3.5339741310596358
2020-07-06,3.43236236559122
2020-07-07,3.588678537683626
2020-07-08,3.4105061718209666
2020-07-09,3.5101692406413916
2020-07-10,3.648899730262555
2020-07-11,3.4924613636653072
2020-07-12,3.4662589340743994
2020-07-13,3.568003104021085
2020-07-14,3.6631621754923844
2020-07-15,3.712327496622341
2020-07-16,3.599505858746786
2020-07-17,3.561792795361176
2020-07-18,3.5387788165131795
2020-07-19,3.4643513802686123
2020-07-20,3.6023500685840597
2020-07-21,3.6082953809942246
2020-07-22,3.6378621982473343
2020-07-23,3.6604087129705287
2020-07-24,3.6738692670318027
2020-07-25,3.5871503484255385
2020-07-26,3.3497581690777247
2020-07-27,3.4492391523768835
2020-07-28,3.4787140222185773
2020-07-29,3.5693514143694673
2020-07-30,3.581515003401612
2020-07-31,3.50260115436232
2020-08-01,3.741649264688422
2020-08-02,3.67150991965767
2020-08-03,3.6054922993758507
2020-08-04,3.702602670656428
2020-08-05,3.638079767488964
2020-08-06,3.6475016117593797
2020-08-07,3.6333851751477457
2020-08-08,3.652024845034032
2020-08-09,3.436833014036866
2020-08-10,3.714101332923705
2020-08-11,3.613971658312903
2020-08-12,3.6533018551455605
2020-08-13,3.639895730899307
2020-08-14,3.551508124093054
2020-08-15,3.564598359598357
2020-08-16,3.397866736169265
2020-08-17,3.5651037866748805
2020-08-18,3.591015504471931
2020-08-19,3.6671681647672476
2020-08-20,3.4997000374849154
2020-08-21,3.615634228396709
2020-08-22,3.672952852644013
2020-08-23,3.5914600561748404
2020-08-24,3.5956184240970432
2020-08-25,3.5245541292133438
2020-08-26,3.5711465299777347
2020-08-27,3.5228807069098944
2020-08-28,3.4482282719495134
2020-08-29,3.4235800597871098
2020-08-30,3.6884726630013356
2020-08-31,3.6316727156514164
2020-09-01,3.599291777036211
2020-09-02,3.6186205052246416
2020-09-03,3.6268024559397545
2020-09-04,3.631865964024864
2020-09-05,3.6474837042173505
2020-09-06,3.630566264999292
2020-09-07,3.582748383478308
2020-09-08,3.4731216403668306
2020-09-09,3.5596327165690966
2020-09-10,3.6237372755668895
2020-09-11,3.58836976600005
2020-09-12,3.6242994137504683
2020-09-13,3.594519106677007
2020-09-14,3.5565807904551097
2020-09-15,3.471224147513304
2020-09-16,3.4264605837615254
2020-09-17,3.488682570794456
2020-09-18,3.515686362481279
2020-09-19,3.5390413871848043
2020-09-20,3.539345000929118
2020-09-21,3.417473223573655
2020-09-22,3.550243360501696
2020-09-23,3.650492087733445
2020-09-24,3.52358345647372
2020-09-25,3.6429461068267917
2020-09-26,3.5457658149610753
2020-09-27,3.35385975259006
2020-09-28,3.530721972636428
2020-09-29,3.489237053564532
2020-09-30,3.414983630495918
2020-10-01,3.339071068693963
2020-10-02,3.5856299581683997
2020-10-03,3.601584902132827
2020-10-04,3.5689242030490385
2020-10-05,3.5680627034948915
2020-10-06,3.5020935402771918
2020-10-07,3.3998918247714296
2020-10-08,3.5036350724387137
2020-10-09,3.535701208093755
2020-10-10,3.5900492981541587
2020-10-11,3.6801307663601626
2020-10-12,3.463962416611445
2020-10-13,3.457799239828688
2020-10-14,3.6316028101159965
2020-10-15,3.6687277241988645
2020-10-16,3.3587727543207646
2020-10-17,3.480739159697057
2020-10-18,3.5723168391260236
2020-10-19,3.6164199464963347
2020-10-20,3.5898588210136433
2020-10-21,3.4310817065637687
2020-10-22,3.341773585084656
2020-10-23,3.534276776484659
2020-10-24,3.524305606862768
2020-10-25,3.615439274393583
2020-10-26,3.4834827383773352
2020-10-27,3.6239965335356428
2020-10-28,3.433123405260975
2020-10-29,3.4141294729772547
2020-10-30,3.216639914260048
2020-10-31,3.7787040128002154
2020-11-01,3.541911272833099
2020-11-02,3.5240616770320243
2020-11-03,3.5396543595444845
2020-11-04,3.449914014180933
2020-11-05,3.3103021938812054
2020-11-06,2.705066478694399
2020-11-07,3.171446967849441
2020-11-08,3.5125176332053565
2020-11-09,2.9941353759850142
2020-11-10,3.2858617665713488
2020-11-11,3.3009254015314773
2020-11-12,3.444396561843293
2020-11-13,3.455697805631978
2020-11-14,2.530838513194089
2020-11-15,3.436944587563156
2020-11-16,3.420372678213799
2020-11-17,3.604970272874172
2020-11-18,3.6545286436898565
2020-11-19,3.63223611593595
2020-11-20,3.5341749972150005
2020-11-21,3.5603859344607045
2020-11-22,3.493936234375767
2020-11-23,3.5893619565410546
2020-11-24,3.5991222099122706
2020-11-25,3.4539390074264085
2020-11-26,3.58453674573716
2020-11-27,3.611889707543217
2020-11-28,3.5869928188930333
2020-11-29,3.38211236263725
2020-11-30,3.4389158495548275
2020-12-01,3.5217135936734283
2020-12-02,3.44073488126112
2020-12-03,3.4193427497721087
2020-12-04,3.621462985830536
2020-12-05,3.582621506006852
2020-12-06,3.4519728104605525
2020-12-07,3.447332528877055
2020-12-08,3.486949893825055
2020-12-09,3.5315406160206244
2020-12-10,3.386791242128014
2020-12-11,3.415737484584519
2020-12-12,3.449505833446043
2020-12-13,3.291130640552989
2020-12-14,3.5022576984291827
2020-12-15,3.5482360198952008
2020-12-16,3.4580388626828706
2020-12-17,3.4875812408899742
2020-12-18,3.4183368286933065
2020-12-19,3.5949985769790778
2020-12-20,3.640270977938471
2020-12-21,3.668500411047129
2020-12-22,3.6402503655330176
2020-12-23,3.687783318424017
2020-12-24,3.486146224236124
2020-12-25,3.2189188018271038
2020-12-26,3.1959519482928442
2020-12-27,3.190571775390751
2020-12-28,3.516389421654328
2020-12-29,3.469909407021737
2020-12-30,3.3877807891447493
2020-12-31,3.40790757137336
2021-01-01,3.4838594350586396
2021-01-02,3.3846135164275375
2021-01-03,3.2470677043111413
2021-01-04,3.6013266229816527
2021-01-05,3.505633467667493
2021-01-06,3.587975517998533
2021-01-07,3.606048000036024
2021-01-08,3.5721080522116244
2021-01-09,3.361796398796984
2021-01-10,3.35626725963848
2021-01-11,3.4845230443472257
2021-01-12,3.5408104305280044
2021-01-13,3.4415848817310257
2021-01-14,3.423590178371482
2021-01-15,3.486730259988386
2021-01-16,3.573083634397615
2021-01-17,3.376424573719429
2021-01-18,3.6102433354604453
2021-01-19,3.564796783444132
2021-01-20,3.4128047353720667
2021-01-21,3.455632720413143
2021-01-22,3.457042478295215
2021-01-23,3.5471998453476536
2021-01-24,3.4873547607777153
2021-01-25,3.6096785156453044
2021-01-26,3.512452895789938
2021-01-27,3.1078900121743946
2021-01-28,3.389275516663244
2021-01-29,3.5594288900770605
2021-01-30,3.545935179889828
2021-01-31,3.301455510067112
2021-02-01,3.440730281653603
2021-02-02,3.5636681360971383
2021-02-03,3.542895411498397
2021-02-04,3.6519623732529607
2021-02-05,3.4496288309164975
2021-02-06,3.702812992638223
2021-02-07,3.652870595147217
2021-02-08,3.629854649735101
2021-02-09,3.599510159594774
2021-02-10,3.602401140368898
2021-02-11,3.6648370443532183
2021-02-12,3.5621149884990446
2021-02-13,3.657416863528734
2021-02-14,3.509659938900411
2021-02-15,3.494824552664769
2021-02-16,3.6091205117513696
2021-02-17,3.6064276534518624
2021-02-18,3.4871722802453675
2021-02-19,3.5373216408992483
2021-02-20,3.6884358576574305
2021-02-21,3.5114363044973906
2021-02-22,3.3946655690924428
2021-02-23,3.3848541275825585
2021-02-24,3.497661363371689
2021-02-25,3.443009954619707
2021-02-26,3.4546121792330546
2021-02-27,3.4415709838746458
2021-02-28,3.573213459918802
2021-03-01,3.392481964759162
2021-03-02,3.5372186363796896
2021-03-03,3.3623376312329474
2021-03-04,3.4765465972849907
2021-03-05,3.469462146963396
2021-03-06,3.552371001517634
2021-03-07,3.516267255962969
2021-03-08,3.648071318033213
2021-03-09,3.6194894237428885
2021-03-10,3.5975880263850386
2021-03-11,3.553435970797431
2021-03-12,3.67427884769811
2021-03-13,3.5113250705043435
2021-03-14,3.580483375178188
2021-03-15,3.5277113010018804
2021-03-16,3.471122125256417
2021-03-17,3.579564921583477
2021-03-18,3.418206949984455
2021-03-19,3.3311251884458075
2021-03-20,3.4358419677928222
2021-03-21,3.5754332183849282
2021-03-22,3.4544699140398243
2021-03-23,3.460117256486623
2021-03-24,3.364825653837782
2021-03-25,3.3780100693963537
2021-03-26,3.491430118222736
2021-03-27,3.397792075765605
2021-03-28,3.5248737623075224
2021-03-29,3.4868676278971686
2021-03-30,3.6730851982677786
2021-03-31,3.6389968938488506
2021-04-01,3.6240196079366607
2021-04-02,3.56389266099577
2021-04-03,3.4740624899285275
2021-04-04,3.5255750789372735
2021-04-05,3.5030168695737727
2021-04-06,3.538099358056563
2021-04-07,3.558171872974688
2021-04-08,3.6199876545046283
2021-04-09,3.4734411725709227
2021-04-10,3.633251541970557
2021-04-11,3.5239022435833447
2021-04-12,3.3798632096249186
2021-04-13,3.6145769253140245
2021-04-14,3.6185943365978845
2021-04-15,3.6248518386330484
2021-04-16,3.567437034089383
2021-04-17,3.631622882537884
2021-04-18,3.503414820433227
2021-04-19,3.6103093306565666
2021-04-20,3.6946615489206907
2021-04-21,3.726967557024948
2021-04-22,3.548304127179845
2021-04-23,3.6393882960680437
2021-04-24,3.6214844242284494
2021-04-25,3.4908908766128364
2021-04-26,3.6327167034039562
2021-04-27,3.652638523923564
2021-04-28,3.6587628435209063
2021-04-29,3.5939536069867124
2021-04-30,3.558318273499243
2021-05-01,3.556888418866197
2021-05-02,3.4432343821083564
2021-05-03,3.4799046593906335
2021-05-04,3.4650975051472526
2021-05-05,3.4719445741288917
2021-05-06,3.7356999909499655
2021-05-07,3.2697199388296134
2021-05-08,3.473584802253884
2021-05-09,3.4805353795635954
2021-05-10,3.622561975889402
2021-05-11,3.5933674462821346
2021-05-12,3.5575716088120832
2021-05-13,3.5387489475364218
2021-05-14,3.5702738077826264
2021-05-15,3.510829070173189
2021-05-16,3.422576242252606
2021-05-17,3.4824159429755754
2021-05-18,3.4260120459946206
2021-05-19,3.6196209528852927
2021-05-20,3.6203840409056256
2021-05-21,3.5969716290983214
2021-05-22,3.628271201761357
2021-05-23,3.4908021673215566
2021-05-24,3.634054354738781
2021-05-25,3.601469254220619
2021-05-26,3.5438136340326807
2021-05-27,3.6304630289966764
2021-05-28,3.5728947023521918
2021-05-29,3.421332360251245
2021-05-30,3.405307554792333
2021-05-31,3.485154682903356
2021-06-01,3.531344063978397
2021-06-02,3.5584982496208455
2021-06-03,3.61455111771562
2021-06-04,3.4896628851670926
2021-06-05,3.262544365576634
2021-06-06,3.4146895351228506
2021-06-07,3.5658955811658717
2021-06-08,3.564164059574458
2021-06-09,3.5442306871301286
2021-06-10,3.6611173043577874
2021-06-11,3.4616707746267865
2021-06-12,3.5590093349289833
2021-06-13,3.4674746749467
2021-06-14,3.499258139669724
2021-06-15,3.6453101652170568
2021-06-16,3.5920053755426187
2021-06-17,3.4518447506059
2021-06-18,3.470012949909322
2021-06-19,3.6135561856932017
2021-06-20,3.3309922843777
2021-06-21,3.3239777476189643
2021-06-22,3.4744218424728155
2021-06-23,3.529057071630949
2021-06-24,3.541607791209762
2021-06-25,3.555745435839305
2021-06-26,3.4100185097559477
2021-06-27,3.458525332923528
2021-06-28,3.4427980009596335
2021-06-29,3.2995983185709497
2021-06-30,3.6356987320653724
2021-07-01,3.4672408616772894
2021-07-02,3.409302834062385
2021-07-03,3.5353049870984186
2021-07-04,3.5053795565838444
2021-07-05,3.5116329601066956
2021-07-06,3.552791107673619
2021-07-07,3.452197559782461
2021-07-08,3.5651000818977145
2021-07-09,3.6822833409405513
2021-07-10,3.5408457061384633
2021-07-11,3.6548252687791876
2021-07-12,3.6339595543079226
2021-07-13,3.397611620076428
2021-07-14,3.476862720680288
2021-07-15,3.499361725892205
2021-07-16,3.678426302398725
2021-07-17,3.273933929454957
2021-07-18,3.4179517693682353
2021-07-19,3.4049475921182344
2021-07-20,3.407352063360209
2021-07-21,3.4657609750074734
2021-07-22,3.4591847926414836
2021-07-23,3.4824191559246516
2021-07-24,3.3174708764141
2021-07-25,3.3385535932044266
2021-07-26,3.4107272501246886
2021-07-27,3.467531678214472
2021-07-28,3.415688101313672
2021-07-29,3.51478006450606
2021-07-30,3.4090171139903225
2021-07-31,3.5635274156303454
2021-08-01,3.4422362376495714
2021-08-02,3.4447945078393736
2021-08-03,3.5344533227401778
2021-08-04,3.568782740832763
2021-08-05,3.675195449655378
2021-08-06,3.470645173093873
2021-08-07,3.4647128398084797
2021-08-08,3.3878739909333038
2021-08-09,3.5760753882907954
2021-08-10,3.6240098026135663
2021-08-11,3.5806647354295897
2021-08-12,3.5202738410960137
2021-08-13,3.5925889222009584
2021-08-14,3.491415157535765
2021-08-15,3.2274560712920763
2021-08-16,3.3405366355496295
2021-08-17,3.3948276841964313
2021-08-18,3.5906889636839843
2021-08-19,3.4113755579434972
2021-08-20,3.608273963785164
2021-08-21,3.38476121308143
2021-08-22,3.3585238316512362
2021-08-23,3.4797110076975697
2021-08-24,3.4884732640876956
2021-08-25,3.5435660406980842
2021-08-26,3.552674870532442
2021-08-27,3.4401391930207073
2021-08-28,3.45569153004931
2021-08-29,3.462787064356338
2021-08-30,3.4945641799803173
2021-08-31,3.511107017188749
2021-09-01,3.3809079183808217
2021-09-02,3.523217075319114
2021-09-03,3.5328033080850902
2021-09-04,3.5590148896695384
2021-09-05,3.578827776322925
2021-09-06,3.596817567948059
2021-09-07,3.5196763049592743
2021-09-08,3.470816958554063
2021-09-09,3.371161960134974
2021-09-10,3.5394374563820636
2021-09-11,3.662384924186328
2021-09-12,3.577933209236266
2021-09-13,3.5801911102710444
2021-09-14,3.559712388739438
2021-09-15,3.4785473500571222
2021-09-16,3.3864374559193893
2021-09-17,3.498937274359892
2021-09-18,3.2416700261541966
2021-09-19,3.4041532596746564
2021-09-20,3.494613165375196
2021-09-21,3.5378785039469896
2021-09-22,3.5802001131105152
2021-09-23,3.54425710982649
2021-09-24,3.3159022209244005
2021-09-25,3.3555764576701175
2021-09-26,3.5812241657758146
2021-09-27,3.658126796713694
2021-09-28,3.4846088240536295
2021-09-29,3.579007844925002
2021-09-30,3.5557446853992625
2021-10-01,3.572527266138001
2021-10-02,3.530159592553074
2021-10-03,3.529192963143041
2021-10-04,3.4399594541175773
2021-10-05,3.463439192852499
2021-10-06,3.353859050645397
2021-10-07,3.5676320821948235
2021-10-08,3.438667899823413
2021-10-09,3.5326627720718253
2021-10-10,3.51188635687694
2021-10-11,3.6716850495924676
2021-10-12,3.547497561380298
2021-10-13,3.695506721354318
2021-10-14,3.6291515608331997
2021-10-15,3.6033223402910046
2021-10-16,3.5153597137941146
2021-10-17,3.5485983973474124
2021-10-18,3.4936890329536916
2021-10-19,3.6568726460360756
2021-10-20,3.617313684377591
2021-10-21,3.519236946665374
2021-10-22,3.5774788225904466
2021-10-23,3.521100471176406
2021-10-24,3.4717555789098373
2021-10-25,3.470551445852415
2021-10-26,3.6260603954607813
2021-10-27,3.60035464151609
2021-10-28,3.3939383212611194
2021-10-29,3.576010194201899
2021-10-30,3.4773136248957814
2021-10-31,3.297616742615152
2021-11-01,3.5878674994001316
2021-11-02,3.666350703722558
2021-11-03,3.4765872270840497
2021-11-04,3.5410952945327407
2021-11-05,3.6137094664740808
2021-11-06,3.3442726994413428
2021-11-07,3.439903740542173
2021-11-08,3.637501728965137
2021-11-09,3.5962851417366246
2021-11-10,3.545572645848964
2021-11-11,3.640299352987049
2021-11-12,3.4834455935432587
2021-11-13,3.499766084343297
2021-11-14,3.4472172846034312
2021-11-15,3.4563247603771363
2021-11-16,3.4187347936331665
2021-11-17,3.548192218179451
2021-11-18,3.5837208321294503
2021-11-19,3.507935470771469
2021-11-20,3.546132687111196
2021-11-21,3.492575426062493
2021-11-22,3.4566808756041985
2021-11-23,3.4533725716641595
2021-11-24,3.606461928915319
2021-11-25,3.5339704615812053
2021-11-26,3.535108267684368
2021-11-27,3.4561745497236083
2021-11-28,3.2792488687050154
2021-11-29,3.6230126364828203
2021-11-30,3.4898416933120933
2021-12-01,3.5724554038158742
2021-12-02,3.4999246164685776
2021-12-03,3.4945698677098362
2021-12-04,3.332518148791405
2021-12-05,3.3066079544177667
2021-12-06,3.427823501823203
2021-12-07,3.2182100188028184
2021-12-08,3.3264649850658294
2021-12-09,3.4038528893933115
2021-12-10,3.303478392903014
2021-12-11,3.3665071719999276
2021-12-12,3.3544137776424425
2021-12-13,3.4478521177728805
2021-12-14,3.4297669537570625
2021-12-15,3.38329064207305
2021-12-16,3.473683208367568
2021-12-17,3.420681672228412
2021-12-18,3.6119105252200066
2021-12-19,3.501981285067993
2021-12-20,3.4944168649208387
2021-12-21,3.414413933664222
2021-12-22,3.5057806363976014
2021-12-23,3.4869224555171883
2021-12-24,3.417023058116711
2021-12-25,3.606593622289234
2021-12-26,3.4184768702020367
2021-12-27,3.379985056597594
2021-12-28,3.3125029072264405
2021-12-29,3.5567863276617846
2021-12-30,3.487859220523438
2021-12-31,3.4572939333046517
2022-01-01,3.4931152443007325
2022-01-02,3.5592977421066982
2022-01-03,3.62612982887555
2022-01-04,3.4884050947098317
2022-01-05,3.4959734061829932
2022-01-06,3.37502949418265
2022-01-07,3.50603899423259
2022-01-08,3.337633242082639
2022-01-09,3.566170697666889
2022-01-10,3.5267902025430433
2022-01-11,3.342052914796661
2022-01-12,3.4659661046398083
2022-01-13,3.337952017902041
2022-01-14,3.4795987163928275
2022-01-15,3.4273635345641744
2022-01-16,3.686353446688024
2022-01-17,3.56221846736778
2022-01-18,3.517119289146794
2022-01-19,3.4148723764079976
2022-01-20,3.582692639119173
2022-01-21,3.47521574216569
2022-01-22,3.534090040545059
2022-01-23,3.168997773470632
2022-01-24,3.3727890213521463
2022-01-25,3.3792237865913477
2022-01-26,3.594355070084824
2022-01-27,3.6049325272675743
2022-01-28,3.5304480226715524
2022-01-29,3.3619818726338564
2022-01-30,3.500275341520634
2022-01-31,3.590154663692984
2022-02-01,3.5168580486429843
2022-02-02,3.5845993107406966
2022-02-03,3.5667308331550047
2022-02-04,3.5428510510027382
2022-02-05,3.3693052330496656
2022-02-06,3.485066367830863
2022-02-07,3.5093610546409817
2022-02-08,3.39366634372034
2022-02-09,3.5017103633364357
2022-02-10,3.5481403498230137
2022-02-11,3.420717435377933
2022-02-12,3.5786389680113992
2022-02-13,3.4498716558018883
2022-02-14,3.629741147902778
2022-02-15,3.4302467740750373
2022-02-16,3.393091443951834
2022-02-17,3.5233283064886547
2022-02-18,3.4900913155557145
2022-02-19,3.3870811371940692
2022-02-20,3.253075745510917
2022-02-21,3.4256890373718925
2022-02-22,3.416911811457979
2022-02-23,3.3308723725387734
2022-02-24,3.311535780456479
2022-02-25,3.227426223330805
2022-02-26,3.2854623803694354
2022-02-27,3.255303408490514
2022-02-28,3.4891095111013692
2022-03-01,3.5428156250630907
2022-03-02,3.4508074284030363
2022-03-03,3.4556425612602615
2022-03-04,3.4381899762559933
2022-03-05,3.528204224686206
2022-03-06,3.3454627224549527
2022-03-07,3.3752275036277775
2022-03-08,3.3921155802894982
2022-03-09,3.2669988801272827
2022-03-10,3.373737514393988
2022-03-11,3.3035422709191558
2022-03-12,3.1845915138304908
2022-03-13,3.3735919028985903
2022-03-14,3.412778156585583
2022-03-15,3.300455172396885
2022-03-16,3.2678438874576186
2022-03-17,3.5468210211470566
2022-03-18,3.335781991355423
2022-03-19,3.153577109876774
2022-03-20,3.1252175766938395
2022-03-21,3.40151965084512
2022-03-22,3.474247889081405
2022-03-23,3.453838446002175
2022-03-24,3.3802059521918126
2022-03-25,3.5322397602113234
2022-03-26,3.5786647653075336
2022-03-27,3.4918241529891585
2022-03-28,3.4439437337270618
2022-03-29,3.3621189896144053
2022-03-30,3.503252967592694
2022-03-31,3.5090713880259194
2022-04-01,3.5793882433876667
2022-04-02,3.4901731091725217
2022-04-03,3.234835388055081
2022-04-04,3.1546776255997577
2022-04-05,3.18456863411073
2022-04-06,3.3890957295349984
2022-04-07,3.4862220695335977
2022-04-08,3.4548554119673
2022-04-09,3.2739086963181268
2022-04-10,3.0873309365145274
2022-04-11,3.566339290121791
2022-04-12,3.4613641590011572
2022-04-13,3.430098623863352
2022-04-14,3.45915900656145
2022-04-15,3.479325297724254
2022-04-16,3.338525942145619
2022-04-17,3.4725238582444797
2022-04-18,3.4842326773865104
2022-04-19,3.1860171110571787
2022-04-20,3.2651008597285376
2022-04-21,3.4571789638371793
2022-04-22,3.2606532680400027
2022-04-23,3.4816811089553137
2022-04-24,3.301264887126753
2022-04-25,3.307146122203945
2022-04-26,3.466310984547365
2022-04-27,3.499892246296435
2022-04-28,3.3596773590859477
2022-04-29,3.2222555254346297
2022-04-30,3.2455302799764136
2022-05-01,3.5019131741560225
2022-05-02,3.6136231377810906
2022-05-03,3.403454161430596
2022-05-04,3.6700922712655712
2022-05-05,3.3008780292521953
2022-05-06,3.4397922292610983
2022-05-07,3.5364538632433677
2022-05-08,3.3399331696964896
2022-05-09,3.3940832744368024
2022-05-10,3.4372098868877194
2022-05-11,3.46387059528696
2022-05-12,3.5997059463097085
2022-05-13,3.6349463552736965
2022-05-14,3.5549992814557125
2022-05-15,3.3774187995253304
2022-05-16,3.443903191265774
2022-05-17,3.670868615333354
2022-05-18,3.618493823371146
2022-05-19,3.6097955829692108
2022-05-20,3.438564372345823
2022-05-21,3.338130146481331
2022-05-22,3.4550771120559367
2022-05-23,3.4837229121710913
2022-05-24,3.4143402027290817
2022-05-25,3.4749785825408614
2022-05-26,3.423416325587303
2022-05-27,3.572135438083965
2022-05-28,3.373511002263221
2022-05-29,3.1886339025831103
2022-05-30,3.5501823285461276
2022-05-31,3.683290119935374
2022-06-01,3.3854339195315224
2022-06-02,3.528324439222466
2022-06-03,3.420928289455616
2022-06-04,3.5003778442432547
2022-06-05,3.412687913039757
2022-06-06,3.3269176692637554
2022-06-07,3.3606855313652733
2022-06-08,3.5144990588924676
2022-06-09,3.4284941715623543
2022-06-10,3.2793819273145877
2022-06-11,3.256981079183765
2022-06-12,3.3122829547603025
2022-06-13,3.2299113575970213
2022-06-14,3.6073832567394146
2022-06-15,3.6028891473576334
2022-06-16,3.525109774135275
2022-06-17,3.5631226173330584
2022-06-18,3.4789704008268756
2022-06-19,3.3344402481708535
2022-06-20,3.4339734124091317
2022-06-21,3.3757467810952098
2022-06-22,3.6988852261113654
2022-06-23,3.4663847667917804
2022-06-24,3.545941439983575
2022-06-25,3.244709233556587
2022-06-26,3.5217555688700393
2022-06-27,3.396484380828794
2022-06-28,3.4124200615955402
2022-06-29,3.4968282941257303
2022-06-30,3.6920905051881228
2022-07-01,3.304304721087949
2022-07-02,3.1268808135133037
2022-07-03,3.289873607732504
2022-07-04,3.378033683330443
2022-07-05,3.56791184766712
2022-07-06,3.4107370312783347
2022-07-07,3.5015015712949644
2022-07-08,3.512068142859852
2022-07-09,3.407525999883341
2022-07-10,3.5388346041399696
2022-07-11,3.3942991454752183
2022-07-12,3.4668683787514647
2022-07-13,3.4521989095936374
2022-07-14,3.3205233959372755
2022-07-15,3.4036790074026486
2022-07-16,3.4941841778475835
2022-07-17,3.3775322695765784
2022-07-18,3.4351417397007546
2022-07-19,3.5194451324301816
2022-07-20,3.435934642771312
2022-07-21,3.5638476984215655
2022-07-22,3.2888600050692105
2022-07-23,3.334128995998202
2022-07-24,3.2390764096619833
2022-07-25,3.4593549246784177
2022-07-26,3.565992799880943
2022-07-27,3.5944703688816
2022-07-28,3.4717976547473777
2022-07-29,3.263297369859432
2022-07-30,3.2649140702093487
2022-07-31,3.585285978540326
2022-08-01,3.2972382757528917
2022-08-02,3.3504640376195143
2022-08-03,3.335352201153071
2022-08-04,3.5756201551392737
2022-08-05,3.5230090642226335
2022-08-06,3.252410826983249
2022-08-07,3.2983752852995214
2022-08-08,3.3748014168607536
2022-08-09,3.371779674010331
2022-08-10,3.570128534447644
2022-08-11,3.486843133540896
2022-08-12,3.4955379199985
2022-08-13,3.411446691819267
2022-08-14,3.418380764932753
2022-08-15,3.3966359619767834
2022-08-16,3.27552421201945
2022-08-17,3.4199532505389127
2022-08-18,3.3057765099073095
2022-08-19,3.2228813059425896
2022-08-20,3.5759426289822698
2022-08-21,3.4788611542774444
2022-08-22,3.4365348533198237
2022-08-23,3.560926719136847
2022-08-24,3.4208435863850504
2022-08-25,3.52832780568015
2022-08-26,3.5111646596826365
2022-08-27,3.4662619775900945
2022-08-28,3.493852261741396
2022-08-29,3.497573218491397
2022-08-30,3.516404679543429
2022-08-31,3.3987897471132222
2022-09-01,3.502291872923427
2022-09-02,3.5881934373378237
2022-09-03,3.6373052499684704
2022-09-04,3.463088492588191
2022-09-05,3.45379415304392
2022-09-06,3.5611468531758304
2022-09-07,3.5302430345529316
2022-09-08,3.363943945996887
2022-09-09,3.3350356260818974
2022-09-10,3.3629654594866514
2022-09-11,3.2534380017460487
2022-09-12,3.4933888246275657
2022-09-13,3.289354260249851
2022-09-14,3.4539091025444044
2022-09-15,3.024107915332769
2022-09-16,3.210051157049395
2022-09-17,3.306900220174738
2022-09-18,3.0118803639469585
2022-09-19,3.2696102012194257
2022-09-20,3.3979309465291356
2022-09-21,3.277963977024011
2022-09-22,3.248757662044829
2022-09-23,3.312585687895542
2022-09-24,3.4239339672894933
2022-09-25,2.958669718481211
2022-09-26,3.3482583286869514
2022-09-27,3.4797337911878783
2022-09-28,3.5336255304995237
2022-09-29,3.513320902004538
2022-09-30,3.379938370971443
2022-10-01,3.2405733037013227
2022-10-02,3.1870980510218527
2022-10-03,3.383023639198245
2022-10-04,3.3643035620257753
2022-10-05,3.451608383091576
2022-10-06,3.4318003370235024
2022-10-07,3.4291520936418483
2022-10-08,3.45282587702479
2022-10-09,3.2627188815031234
2022-10-10,3.46760851305778
2022-10-11,3.4715053608031026
2022-10-12,3.569607669544606
2022-10-13,3.467914001023198
2022-10-14,3.5186429279805496
2022-10-15,3.351381227731068
2022-10-16,3.414948503069357
2022-10-17,3.4488393548862892
2022-10-18,3.6393747940746453
2022-10-19,3.6405168143082234
2022-10-20,3.5664830167271453
2022-10-21,3.5126936144864294
2022-10-22,3.348089185884098
2022-10-23,3.2486963543777856
2022-10-24,3.30740159130932
2022-10-25,3.4578592657647547
2022-10-26,3.570056292302197
2022-10-27,3.4202407433360844
2022-10-28,3.44666382874337
2022-10-29,3.1937054580812347
2022-10-30,3.5859856565012875
2022-10-31,3.2585258709079485
2022-11-01,3.4950386466656673
2022-11-02,3.46180595869091
2022-11-03,3.4988905449654286
2022-11-04,3.4578170500631416
2022-11-05,3.3366128351348445
2022-11-06,3.5173195801744677
2022-11-07,3.4526995347061367
2022-11-08,3.4882637482486927
2022-11-09,3.2581955810776018
2022-11-10,3.2452778949018404
2022-11-11,3.2372231670388993
2022-11-12,3.3264356391935794
2022-11-13,3.402129068510088
2022-11-14,3.17898611799196
2022-11-15,3.1931470260488495
2022-11-16,3.3867792178083986
2022-11-17,3.4119033398650247
2022-11-18,3.0702086139745433
2022-11-19,3.2423304224428358
2022-11-20,3.530564622800628
2022-11-21,3.4852417480715676
2022-11-22,3.3388418273861165
2022-11-23,3.3865905641143916
2022-11-24,3.407363981773705
2022-11-25,3.4915223761583416
2022-11-26,3.447305779190748
2022-11-27,2.9454800327620516
2022-11-28,3.206650115738714
2022-11-29,3.313886011381711
2022-11-30,3.3092696270237405
2022-12-01,3.470849110829465
2022-12-02,3.465560672803531
2022-12-03,3.577912001912259
2022-12-04,3.6805360441592354
2022-12-05,3.5255384398775687
2022-12-06,3.279404355060616
2022-12-07,3.4649553452727786
2022-12-08,3.42818720724347
2022-12-09,3.4153489411683293
2022-12-10,3.3693818415551995
2022-12-11,3.342149874751172
2022-12-12,3.416704585004042
2022-12-13,3.5010862604829773
2022-12-14,3.4195882159215336
2022-12-15,3.45945262125072
2022-12-16,3.398711260370402
2022-12-17,3.349768542080163
2022-12-18,3.4502114192234052
2022-12-19,3.608094918373448
2022-12-20,3.5472917335296517
2022-12-21,3.5041782799488463
2022-12-22,3.3872581345642367
2022-12-23,3.415707441861838
2022-12-24,3.516581429558123
2022-12-25,3.1576292786731837
2022-12-26,3.4275326414686065
2022-12-27,3.530212397170089
2022-12-28,3.5439931371627993
2022-12-29,3.6211615147255953
2022-12-30,3.588821838692192
2022-12-31,3.464131854548103
2023-01-01,3.292258045953804
2023-01-02,3.3478353563478036
2023-01-03,3.479490930518146
2023-01-04,3.504309187524541
2023-01-05,3.4366801835591083
2023-01-06,3.6187344620480344
2023-01-07,3.2534924877917315
2023-01-08,3.340707521969062
2023-01-09,3.2376113481208533
2023-01-10,3.2300713259874634
2023-01-11,3.4136484085436605
2023-01-12,3.5296780181964813
2023-01-13,3.3678738919429945
2023-01-14,3.3812390051580166
2023-01-15,3.375147620444558
2023-01-16,3.3525650297563523
2023-01-17,3.3250601263049493
2023-01-18,3.4790550116158743
2023-01-19,3.4219813387125644
2023-01-20,3.522695434222052
2023-01-21,3.5486824852379693
2023-01-22,3.395591338919491
2023-01-23,3.1769763775699196
2023-01-24,3.414667932111527
2023-01-25,3.3914568303245054
2023-01-26,3.4487027399216457
2023-01-27,3.580154472596757
2023-01-28,3.384437130023081
2023-01-29,2.991286506305791
2023-01-30,3.515917490710232
2023-01-31,3.421479418205554
2023-02-01,3.4021830890311326
2023-02-02,3.347350283638223
2023-02-03,3.390398224064841
2023-02-04,3.419640910642467
2023-02-05,3.447799179684501
2023-02-06,3.5231106210912726
2023-02-07,3.453171880757681
2023-02-08,3.529203372535179
2023-02-09,3.560689081368072
2023-02-10,3.4821521466157423
2023-02-11,3.2953482674224643
2023-02-12,3.1438530046101096
2023-02-13,3.532161138543072
2023-02-14,3.013886968471839
2023-02-15,3.65094651150531
2023-02-16,3.532945576031606
2023-02-17,3.373416134276787
2023-02-18,3.50787481729197
2023-02-19,3.5425043635534315
2023-02-20,3.450224590365588
2023-02-21,3.3702657175978055
2023-02-22,3.4603079923518756
2023-02-23,3.533436860722877
2023-02-24,3.6534726889288516
2023-02-25,3.5361246328356533
2023-02-26,3.4260200060086405
2023-02-27,3.3507140620841507
2023-02-28,3.667066524352462
2023-03-01,3.3389886479468456
2023-03-02,3.5118753718660467
2023-03-03,3.322744473096655
2023-03-04,3.4716582665982125
2023-03-05,3.4640057500505694
2023-03-06,3.3951858107096013
2023-03-07,3.44857540781675
2023-03-08,3.501734607206511
2023-03-09,3.5424136979270124
2023-03-10,3.5150043591646725
2023-03-11,3.4100285960514753
2023-03-12,3.284509549279016
2023-03-13,3.469396624399957
2023-03-14,3.4142173784610677
2023-03-15,3.3140165196530367
2023-03-16,3.396220086401803
2023-03-17,3.5784634225680163
2023-03-18,3.166486177404995
2023-03-19,3.2656234311043453
2023-03-20,3.346949524254308
2023-03-21,3.368709968774829
2023-03-22,3.3749135075356835
2023-03-23,3.3161268427572046
2023-03-24,3.310886886954333
2023-03-25,3.001060080348415
2023-03-26,3.2997535288637527
2023-03-27,3.3278877328607877
2023-03-28,3.342567011997097
2023-03-29,3.1981459492842466
2023-03-30,3.4026424505355704
2023-03-31,2.9779203213771974
2023-04-01,3.2363637075145895
2023-04-02,3.0443867377385607
2023-04-03,3.3479706116723524
2023-04-04,3.2952385327066027
2023-04-05,3.0138702659596013
2023-04-06,3.3917929655314127
2023-04-07,3.3970808100802965
2023-04-08,2.9621611698397583
2023-04-09,3.2233442158648535
2023-04-10,3.455173297557095
2023-04-11,3.1626923196198575
2023-04-12,3.0809006339937435
2023-04-13,3.2448301399959387
2023-04-14,3.1961000248518916
2023-04-15,3.0172883565705284
2023-04-16,3.0172414538971295
2023-04-17,3.574738590981166
2023-04-18,3.2085092393642944
2023-04-19,3.314221346822037
2023-04-20,3.279027489234093
2023-04-21,3.3313395699034913
2023-04-22,3.3663568949954517
2023-04-23,3.0661850173031446
2023-04-24,3.306844130035276
2023-04-25,3.1862937388622568
2023-04-26,3.0317465184774144
2023-04-27,3.4372915184825628
2023-04-28,3.3796819519438897
2023-04-29,3.4511808605201018
2023-04-30,2.975387238212181
2023-05-01,3.4243516080159417
2023-05-02,3.5268505392344904
2023-05-03,3.453360933211298
2023-05-04,3.4268455944394467
2023-05-05,3.344263118141871
2023-05-06,3.524571638735702
2023-05-07,3.2824377666312814
2023-05-08,3.308457404319288
2023-05-09,3.522388525343034
2023-05-10,3.3617556351471474
2023-05-11,3.364960477956326
2023-05-12,3.4114391421597534
2023-05-13,3.3040041410823955
2023-05-14,2.9920136790492857
2023-05-15,3.17947827863755
2023-05-16,3.4337961669486026
2023-05-17,3.3323091025524096
2023-05-18,3.13811059522236
2023-05-19,3.265443706666968
2023-05-20,3.3857617328272362
2023-05-21,3.144831389047439
2023-05-22,3.17558115357809
2023-05-23,3.1993897908092435
2023-05-24,3.1559007887999604
2023-05-25,3.3051341652705504
2023-05-26,3.1345023320773238
2023-05-27,3.0339027347948853
2023-05-28,2.8908177755201367
2023-05-29,3.3804432003851823
2023-05-30,3.1925350313918113
2023-05-31,3.3202137621117487
2023-06-01,3.2924396534383433
2023-06-02,3.2998981151782383
2023-06-03,3.187473967576504
2023-06-04,3.2326550331716573
2023-06-05,3.4516398489303373
2023-06-06,3.2021910615383553
2023-06-07,3.48399173177293
2023-06-08,3.5213378612103146
2023-06-09,3.4030816224239535
2023-06-10,3.4318267461960126
2023-06-11,3.2676074753394495
2023-06-12,3.2491657630010886
2023-06-13,3.4121933579813613
2023-06-14,3.290207335351955
2023-06-15,3.155710972394046
2023-06-16,3.2351504397964614
2023-06-17,3.3406899573023936
2023-06-18,3.149098342701582
2023-06-19,3.5056911844867122
2023-06-20,3.2866496760756077
2023-06-21,3.565949228253556
2023-06-22,3.298827606471546
2023-06-23,3.278864687269472
2023-06-24,3.7153248422254794
2023-06-25,3.4607035168964764
2023-06-26,3.240399371942008
2023-06-27,3.3349661321000164
2023-06-28,3.28368193896839
2023-06-29,3.1840428243233596
2023-06-30,3.2881625950205833
2023-07-01,3.356968313451203
2023-07-02,2.776196414740235
2023-07-03,3.099144620037336
2023-07-04,3.089283932414463
2023-07-05,3.247568536357501
2023-07-06,3.2513885007737118
2023-07-07,3.053967632289178
2023-07-08,3.074099298046323
2023-07-09,3.2618207093475977
2023-07-10,3.565619850226793
2023-07-11,3.4244055180933435
2023-07-12,3.5226928699183184
2023-07-13,3.513321413866726
2023-07-14,3.450788348919374
2023-07-15,3.000464374812271
2023-07-16,3.528383969973057
2023-07-17,3.258712600680063
2023-07-18,3.525749725595051
2023-07-19,3.4054119452731464
2023-07-20,3.1064600939482063
2023-07-21,3.086964987502751
2023-07-22,3.1953997029599206
2023-07-23,3.314452609890699
2023-07-24,3.2902206501701596
2023-07-25,3.5186831399857548
2023-07-26,3.512352115004685
2023-07-27,3.2198358129509606
2023-07-28,3.497729831360161
2023-07-29,3.1509899205293808
2023-07-30,3.253820275408861
2023-07-31,3.3358463500871016
2023-08-01,3.4664967939974485
2023-08-02,3.3811741787802396
2023-08-03,3.2992941229772366
2023-08-04,3.451297142950602
2023-08-05,3.0393106659571383
2023-08-06,2.893423348518495
2023-08-07,3.1238490567741195
2023-08-08,3.4098200822424136
2023-08-09,3.349294327686342
2023-08-10,3.466574469188462
2023-08-11,3.4032040150949214
2023-08-12,3.0463015480397315
2023-08-13,2.955876569934322
2023-08-14,3.167781685751843
2023-08-15,3.167300216239209
2023-08-16,3.06752502580908
2023-08-17,2.9831651287430536
2023-08-18,3.0619990883518415
2023-08-19,3.054472316091428
2023-08-20,3.0898668985534155
2023-08-21,2.931771745826989
2023-08-22,3.524580801908631
2023-08-23,3.050523317810769
2023-08-24,3.6281118813540614
2023-08-25,3.3047470865423243
2023-08-26,3.309610265888096
2023-08-27,3.4021182358187487
2023-08-28,3.422396908856118
2023-08-29,3.392761343725239
2023-08-30,3.5236835704173703
2023-08-31,3.520646355203958
2023-09-01,3.4218538486072374
2023-09-02,3.271720447681526
2023-09-03,2.9304317759681564
2023-09-04,3.299572936578002
2023-09-05,3.323231093483676
2023-09-06,3.3697199010902414
2023-09-07,3.646085937060663
2023-09-08,3.3635565913860916
2023-09-09,3.2824550822357015
2023-09-10,3.3998330454006433
2023-09-11,3.4860347936126486
2023-09-12,3.2957031878842185
2023-09-13,3.652880158731968
2023-09-14,3.4270337269774642
2023-09-15,3.3553116110755896
2023-09-16,3.376046210886009
2023-09-17,3.2282512538991486
2023-09-18,3.3266853698520937
2023-09-19,3.5166949153778124
2023-09-20,3.4265894826099648
2023-09-21,3.259148331342149
2023-09-22,3.1200969228699953
2023-09-23,3.2329315455462617
2023-09-24,3.390685757443627
2023-09-25,3.4227074394805315
2023-09-26,3.2362472403403886
2023-09-27,3.3549895549217297
2023-09-28,3.3186829249979723
2023-09-29,3.2999091251796453
2023-09-30,3.2941018100299764
2023-10-01,2.9128197258540554
2023-10-02,3.4277017757909123
2023-10-03,2.998158934916499
2023-10-04,3.043195572278871
2023-10-05,3.296101466994113
2023-10-06,3.265472433709032
2023-10-07,3.3903864058259483
2023-10-08,3.389175302499923
2023-10-09,3.325254289327229
2023-10-10,3.12613044135598
2023-10-11,3.155183707908426
2023-10-12,3.309191546296944
2023-10-13,3.0404451317893217
2023-10-14,3.2957713038464544
2023-10-15,3.202628336013584
2023-10-16,3.106709706129728
2023-10-17,3.1777361455317763
2023-10-18,3.2037070166998585
2023-10-19,3.3976097738442474
2023-10-20,3.3701096445726715
2023-10-21,3.3146686113750485
2023-10-22,3.2013696630109787
2023-10-23,3.2135594928220197
2023-10-24,2.9575512656466216
2023-10-25,3.27577986479375
2023-10-26,3.0624364100024604
2023-10-27,3.495607633319975
2023-10-28,3.093397736903941
2023-10-29,3.1989281700202543
2023-10-30,3.4084959595937803
2023-10-31,3.314992446911479
2023-11-01,3.2800321863815993
2023-11-02,3.425313233418417
2023-11-03,3.209024777486974
2023-11-04,3.2604473035983714
2023-11-05,3.2857476428357426
2023-11-06,3.0925768444536783
2023-11-07,3.3162102151355954
2023-11-08,3.3562303240299887
2023-11-09,3.5023395540563675
2023-11-10,3.5388685820751653
2023-11-11,3.1376895637824656
2023-11-12,3.3633412151320825
2023-11-13,3.47498744749288
2023-11-14,3.249053163648857
2023-11-15,3.3870496885828683
2023-11-16,3.411187637457889
2023-11-17,2.989759312382815
2023-11-18,2.995997691884223
2023-11-19,3.042764974635518
2023-11-20,3.317180602465357
2023-11-21,3.5684580524887823
2023-11-22,3.478904017614629
2023-11-23,3.556965674306513
2023-11-24,3.361291079890147
2023-11-25,3.181805706682943
2023-11-26,2.7644510257942048
2023-11-27,3.1739758526864117
2023-11-28,3.1954817714213273
2023-11-29,3.5390012143700496
2023-11-30,3.522685527281125
2023-12-01,3.2051916154203433
2023-12-02,3.2706180321608507
2023-12-03,3.389057695608859
2023-12-04,3.232320000488932
2023-12-05,3.4337888226999564
2023-12-06,3.205363787381506
2023-12-07,3.398749857552142
2023-12-08,3.5240315761920487
2023-12-09,3.1336850986121374
2023-12-10,3.1840820019261127
2023-12-11,3.1780293927187597
2023-12-12,3.0750270952939207
2023-12-13,3.3303713422918566
2023-12-14,3.429295417345133
2023-12-15,3.5773567386949683
2023-12-16,3.339971681705915
2023-12-17,3.4399302591422534
2023-12-18,3.4683640671251057
2023-12-19,3.5861438418129694
2023-12-20,3.574468069642059
2023-12-21,3.5582961827054658
2023-12-22,3.502268795909281
2023-12-23,3.6036592429374106
2023-12-24,3.384004555515457
2023-12-25,2.963526769601454
2023-12-26,3.426459236039096
2023-12-27,3.326416168463526
2023-12-28,3.543514201556769
2023-12-29,3.436842798190132
2023-12-30,3.3228734582678827
2023-12-31,3.1836533670474463
2024-01-01,3.3267756943364946
2024-01-02,3.4535721783830167
2024-01-03,3.4259745698014115
2024-01-04,3.4687135359698558
2024-01-05,3.4652288939929283
2024-01-06,3.349235071902245
2024-01-07,3.562592070126485
2024-01-08,3.458168175675213
2024-01-09,3.257379121592155
2024-01-10,3.5481604118835515
2024-01-11,3.442166387802416
2024-01-12,3.3341261842845076
2024-01-13,3.298277389541256
2024-01-14,3.350950804554029
2024-01-15,3.1035967482320714
2024-01-16,3.3147200971257043
2024-01-17,3.250087453279717
2024-01-18,3.188234051869277
2024-01-19,3.1934558548814636
2024-01-20,3.280456525131249
2024-01-21,3.448130955808686
2024-01-22,3.366965245399237
2024-01-23,3.3633089348205054
2024-01-24,3.4925349736690743
2024-01-25,3.3182627958150506
2024-01-26,3.4688820277181036
2024-01-27,3.2916741093290316
2024-01-28,3.1309500009922515
2024-01-29,3.22868653650846
2024-01-30,3.2686298013928847
2024-01-31,3.1802518833899045
2024-02-01,3.427256881512587
2024-02-02,3.4687281708259046
2024-02-03,3.5625757668837665
2024-02-04,3.5731266796084675
2024-02-05,3.6847950027734826
2024-02-06,3.4520091392815573
2024-02-07,3.1877496400240246
2024-02-08,3.273508121367253
2024-02-09,3.2951671422122297
2024-02-10,3.309582319562679
2024-02-11,2.9963965545603863
2024-02-12,3.4810701847759535
2024-02-13,3.321411022464834
2024-02-14,3.5163042912459708
2024-02-15,3.4684113945767954
2024-02-16,3.3279361427791097
2024-02-17,3.0474008156900814
2024-02-18,3.0112231381749193
2024-02-19,3.143630533871362
2024-02-20,3.48277475473742
2024-02-21,3.4751131481678113
2024-02-22,3.507978510765696
2024-02-23,3.310589868548057
2024-02-24,3.3726306155909387
2024-02-25,3.0502347963114222
2024-02-26,3.412840382143535
2024-02-27,3.3034927766195565
2024-02-28,3.2306618364997397
2024-02-29,3.2158979524915314
2024-03-01,3.558074359451595
2024-03-02,3.4270300013142654
2024-03-03,3.148002449723964
2024-03-04,3.268357637079761
2024-03-05,3.575153744149338
2024-03-06,3.0184084554272146
2024-03-07,3.608856035943275
2024-03-08,3.1327993257591418
2024-03-09,3.597580859938524
2024-03-10,3.087969281490531
2024-03-11,3.134690236727266
2024-03-12,3.355158287533275
2024-03-13,3.3450649763046845
2024-03-14,3.277029738265152
2024-03-15,3.3104485160964177
2024-03-16,3.5125541998155208
2024-03-17,3.2232499075104477
2024-03-18,3.442977547676395
2024-03-19,3.5027593892998565
2024-03-20,3.3649503999814363
2024-03-21,3.3682558671563014
2024-03-22,3.2535969200680475
2024-03-23,3.3795632630799104
2024-03-24,3.2518665358630927
2024-03-25,3.181565980986067
2024-03-26,3.272404914417335
2024-03-27,3.3619110434432535
2024-03-28,3.2944204151132452
2024-03-29,3.1855018206711443
2024-03-30,3.2073056687622397
2024-03-31,3.5061128944723836
2024-04-01,3.4828188611960584
2024-04-02,3.3739089068471686
2024-04-03,3.112124489168271
2024-04-04,3.530322351369085
2024-04-05,3.4509467048049522
2024-04-06,3.3629213243099314
2024-04-07,3.39084505828441
2024-04-08,3.392839571224184
2024-04-09,3.4481711004870657
2024-04-10,3.5760278839491817
2024-04-11,3.6015498905030534
2024-04-12,3.4791749322119796
2024-04-13,3.4518410241703448
2024-04-14,3.245915382767084
2024-04-15,3.295776074978379
2024-04-16,3.380569277411519
2024-04-17,3.374123193122784
2024-04-18,3.4686929701603653
2024-04-19,3.4544802547451634
2024-04-20,3.2442267758444254
2024-04-21,2.7694573198975645
2024-04-22,3.3438993003954374
2024-04-23,3.0582718967498246
2024-04-24,3.5124872812169223
2024-04-25,3.393934994061529
2024-04-26,3.2510187328173514
2024-04-27,3.283704432064508
2024-04-28,3.3938110316191565
2024-04-29,3.4205572503143973
2024-04-30,3.3421552701547306
2024-05-01,3.062646518153519
2024-05-02,3.3089707589810775
2024-05-03,3.4397790053448287
2024-05-04,3.2480417197725675
2024-05-05,3.0593746810894458
2024-05-06,3.3498879954197425
2024-05-07,3.4362965160469887
2024-05-08,3.4166907221671714
2024-05-09,3.2747356067112
2024-05-10,3.3213016043704693
2024-05-11,3.286439561452453
2024-05-12,3.0783607157028734
2024-05-13,3.317316176719129
2024-05-14,3.576814370882583
2024-05-15,3.4043117531375002
2024-05-16,3.513538717173421
2024-05-17,3.240133215519735
2024-05-18,3.5241014348249387
2024-05-19,3.3083670476031957
2024-05-20,3.3478880723221893
2024-05-21,3.2994389987352175
2024-05-22,3.1529914997963258
2024-05-23,3.277029482081087
2024-05-24,3.117609961873118
2024-05-25,3.230308716328336
2024-05-26,3.2227355711698316
2024-05-27,3.2723047856459297
2024-05-28,3.3488251322050964
2024-05-29,3.249258438444084
2024-05-30,3.2529620910694863
2024-05-31,3.394018258595047
2024-06-01,3.2227044041086095
2024-06-02,3.249472689610272
2024-06-03,3.308873316421773
2024-06-04,3.1078374909402777
2024-06-05,3.369785439941819
2024-06-06,3.1551771055518767
2024-06-07,3.542267461462994
2024-06-08,3.2765897001799926
2024-06-09,3.0313474872911192
2024-06-10,3.2524121249392577
2024-06-11,3.301216091758993
2024-06-12,3.3930173892120488
2024-06-13,3.2736691654884496
2024-06-14,3.193267748406995
2024-06-15,3.011801896237676
2024-06-16,3.1436088664799127
2024-06-17,3.389119199306314
2024-06-18,3.4336358023420646
2024-06-19,3.4620532201956102
2024-06-20,3.405787542774789
2024-06-21,3.3593599002784837
2024-06-22,3.2836455423498325
2024-06-23,2.8509889063081
2024-06-24,2.919287097408892
2024-06-25,3.3685798842405217
2024-06-26,3.5870145703851763
2024-06-27,3.6023405423745203
2024-06-28,3.135976243292583
2024-06-29,3.4060817699135333
2024-06-30,3.1782857000470335
2024-07-01,3.448087271184266
2024-07-02,3.37748312484044
2024-07-03,3.457178192868721
2024-07-04,3.226249800514012
2024-07-05,3.410446898264732
2024-07-06,3.5412070833005824
2024-07-07,3.408126753440486
2024-07-08,3.109532229807162
2024-07-09,3.478443466336942
2024-07-10,3.432248130126367
2024-07-11,3.1817970700796687
2024-07-12,3.397081100924018
2024-07-13,3.5029555212433188
2024-07-14,3.478167392540354
2024-07-15,3.3357221537177386
2024-07-16,3.304769477297423
2024-07-17,3.5139106923831473
2024-07-18,3.346984056543584
2024-07-19,3.396360664176475
2024-07-20,3.4126141074524026
2024-07-21,3.377470840902293
2024-07-22,2.956476564191084
2024-07-23,3.4100602960046857
2024-07-24,3.6491800116107624
2024-07-25,3.5242465079478777
2024-07-26,3.562942138679787
2024-07-27,3.3088675373859227
2024-07-28,3.058380117958003
2024-07-29,3.2595084636382254
2024-07-30,3.473093562522828
2024-07-31,3.478935576662954
2024-08-01,3.182283971326292
2024-08-02,3.3412019179330796
2024-08-03,3.307688425268968
2024-08-04,3.1348999820599732
2024-08-05,3.2155408920836965
2024-08-06,3.2719936819880426
2024-08-07,3.2744567683158103
2024-08-08,3.0123467066889384
2024-08-09,3.235715591140182
2024-08-10,3.4533751794627223
2024-08-11,3.0836135549478345
2024-08-12,3.252474458766508
2024-08-13,3.2787938103664125
2024-08-14,3.4487035336164125
2024-08-15,3.4814827376223882
2024-08-16,3.318941398978208
2024-08-17,3.2969392259711405
2024-08-18,3.202862634763205
2024-08-19,3.398623781666628
2024-08-20,3.3805749925013893
2024-08-21,3.4508711580887974
2024-08-22,3.3796343721819593
2024-08-23,3.5433428302075263
2024-08-24,3.231653349026042
2024-08-25,2.966013264658624
2024-08-26,3.3413736584994727
2024-08-27,3.1005790677423155
2024-08-28,3.0944968203369148
2024-08-29,3.286830795599349
2024-08-30,3.2576982717316243
2024-08-31,3.336616230120816
2024-09-01,2.9200944696080775
2024-09-02,3.2878988113249035
2024-09-03,3.5448301091617096
2024-09-04,3.6774048886215644
2024-09-05,3.562456328441429
2024-09-06,3.2207595672026375
2024-09-07,3.5192538273751013
2024-09-08,3.0411590866575655
2024-09-09,3.4023937233538164
2024-09-10,3.3852255122890167
2024-09-11,3.38207852739779
2024-09-12,3.4198393899048356
2024-09-13,3.308962010754924
2024-09-14,3.323830115006951
2024-09-15,3.1657448246587907
2024-09-16,3.284412950073027
2024-09-17,3.3189880952524162
2024-09-18,3.161835099262162
2024-09-19,3.151326353661066
2024-09-20,3.2474705276942397
2024-09-21,3.324715167209477
2024-09-22,3.017371238957737
2024-09-23,3.3057410845774515
2024-09-24,3.3699309365148498
2024-09-25,3.4804940538868636
2024-09-26,3.4145075115803154
2024-09-27,3.3355284442007194
2024-09-28,3.3232665366702747
2024-09-29,2.8620290841115494
2024-09-30,3.3631745350891946
2024-10-01,3.413914545167602
2024-10-02,3.414074971662715
2024-10-03,3.3405688328503036
2024-10-04,3.457886842504121
2024-10-05,3.4608628070316776
2024-10-06,2.9284223173231
2024-10-07,3.3183442731853776
2024-10-08,3.348216061625541
2024-10-09,3.3355320885451114
2024-10-10,3.262997166819406
2024-10-11,3.4340013024117195
2024-10-12,2.982786690973489
2024-10-13,3.117915661366327
2024-10-14,3.1054548509020625
2024-10-15,3.281654022077018
2024-10-16,3.5868862083276096
2024-10-17,3.259684951573024
2024-10-18,3.362830812837524
2024-10-19,3.208824678673799
2024-10-20,3.2189794034438988
2024-10-21,3.3135438448826724
2024-10-22,3.374715956044112
2024-10-23,3.6018301305540765
2024-10-24,3.4878932301214034
2024-10-25,3.1197400250747798
2024-10-26,3.2687203738800052
2024-10-27,3.213633725640204
2024-10-28,2.983621313951235
2024-10-29,3.256112763007909
2024-10-30,3.3717051667687876
2024-10-31,3.255890102805402
2024-11-01,3.1714629203675857
2024-11-02,3.3668379588655877
2024-11-03,3.1134971931696986
2024-11-04,3.18286503203795
2024-11-05,3.2449171942648487
2024-11-06,3.302434941148019
2024-11-07,3.038138397291609
2024-11-08,3.231625913073914
2024-11-09,3.0732520346211594
2024-11-10,2.644063228981817
2024-11-11,2.7964650262141086
2024-11-12,2.823767924941758
2024-11-13,3.082310175699646
2024-11-14,3.134961193476805
2024-11-15,3.317358582746788
2024-11-16,3.0124959124235735
2024-11-17,2.745220954022968
2024-11-18,3.035486879888486
2024-11-19,3.1849839638944126
2024-11-20,3.236258549414959
2024-11-21,3.2562515896659807
2024-11-22,3.126491706540417
2024-11-23,3.3202592795172157
2024-11-24,3.2711050369497343
2024-11-25,3.1512048611700902
2024-11-26,3.291605172736455
2024-11-27,3.282003845096923
2024-11-28,3.3490193321659736
2024-11-29,3.4469999384751584
2024-11-30,3.133773262798508
2024-12-01,3.484043608348462
2024-12-02,3.3063503042390434
2024-12-03,3.508355630042187
2024-12-04,3.303639576278582
2024-12-05,3.075462823026586
2024-12-06,3.2756098093706414
2024-12-07,2.9824437116643403
2024-12-08,3.279103153929882
2024-12-09,3.048352792463501
2024-12-10,3.10182412455259
2024-12-11,3.154959218472245
2024-12-12,3.2880147976819085
2024-12-13,3.166025877804461
2024-12-14,3.2253633694708514
2024-12-15,3.523011519304237
2024-12-16,3.214129254080701
2024-12-17,3.0798863961080696
2024-12-18,3.323608183894995
2024-12-19,3.453382626883593
2024-12-20,3.350418197795278
2024-12-21,3.400835082228063
2024-12-22,2.8466405576173783
2024-12-23,3.0806392892910024
2024-12-24,3.497270407065083
2024-12-25,3.148038332610602
2024-12-26,3.1721192561311815
2024-12-27,3.0949595245204278
2024-12-28,3.5934500193169296
2024-12-29,3.4534513778680194
2024-12-30,3.6000571197204514
2024-12-31,3.3169706195836617
2025-01-01,2.984828177231667
2025-01-02,3.5986917828958576
2025-01-03,3.1647936559931957
2025-01-04,2.9485689473710943
2025-01-05,3.242991097228257
2025-01-06,3.3551591387933115
2025-01-07,3.311963386588415
2025-01-08,3.2521812311505074
2025-01-09,3.4615159075662536
2025-01-10,3.549324957364078
2025-01-11,3.164646560110112
2025-01-12,3.5693366865982723
2025-01-13,3.2647261755950363
2025-01-14,3.3352540135569826
2025-01-15,3.319013446121422
2025-01-16,3.3775968080878966
2025-01-17,3.5827269818628777
2025-01-18,3.3522472255477207
2025-01-19,3.2397552509099805
2025-01-20,3.1496604620992756
2025-01-21,3.4480223783782913
2025-01-22,3.377124698982166
2025-01-23,3.404379292209966
2025-01-24,3.5622745234918423
2025-01-25,3.282483788330753
2025-01-26,2.941887989830899
2025-01-27,3.4812846769522445
2025-01-28,3.277094737042322
2025-01-29,3.595301634896138
2025-01-30,3.4271711046280906
2025-01-31,3.3730596485356696
2025-02-01,3.5772370606753876
2025-02-02,3.594232294012475
2025-02-03,3.106773113387147
2025-02-04,3.4284063040341963
2025-02-05,3.4545405524958896
2025-02-06,3.289557784742423
2025-02-07,3.6018886112408897
2025-02-08,3.5200664611401375
2025-02-09,3.163275685867262
2025-02-10,3.4642213447509076
2025-02-11,3.420017172838782
2025-02-12,3.5533362616482145
2025-02-13,3.3591531767343223
2025-02-14,3.4565862137921872
2025-02-15,3.2707649004431048
2025-02-16,3.2815596094016177
2025-02-17,3.5743414342539253
2025-02-18,3.200861807464182
2025-02-19,3.223919415966061
2025-02-20,3.469956747845852
2025-02-21,3.4142505560706056
2025-02-22,3.4601865753854795
2025-02-23,2.9995584562535837
2025-02-24,3.454396670285633
2025-02-25,3.63190595281951
2025-02-26,3.7516827781200934
2025-02-27,3.441375645453869
2025-02-28,3.609173326739306
2025-03-01,3.4005098521457118
2025-03-02,3.394693353717786
2025-03-03,3.279191912522295
2025-03-04,3.302593275845867
2025-03-05,3.26217754748087
2025-03-06,3.3473086806821963
2025-03-07,3.4673724155570262
2025-03-08,3.4973752236807254
2025-03-09,2.869150116590235
2025-03-10,3.5624976660801075
2025-03-11,3.5638694103957507
2025-03-12,3.3532589155505814
2025-03-13,3.1774681142565906
2025-03-14,3.314535632637391
2025-03-15,3.205608861210695
2025-03-16,3.2395684902827835
2025-03-17,3.4621787153127617
2025-03-18,3.396955993687892
2025-03-19,3.38710779749411
2025-03-20,3.5191156928534277
2025-03-21,3.1770981588466656
2025-03-22,3.4969835373514684
2025-03-23,2.9927922168811736
2025-03-24,3.568596331618833
2025-03-25,3.3786984619547336
2025-03-26,3.4094378619658
2025-03-27,3.433386640783877
2025-03-28,3.5120678771565346
2025-03-29,3.0854957950582036
2025-03-30,3.0851499335083763
2025-03-31,3.3916514561931193
2025-04-01,2.8088729187710397
2025-04-02,2.942228751504504
2025-04-03,3.1165337564835274
2025-04-04,3.1326360912456925
2025-04-05,3.055944860762172
2025-04-06,3.3746153241579195
2025-04-07,3.408889052872213
2025-04-08,3.415383700941696
2025-04-09,3.5149045456710315
2025-04-10,3.4686216757233925
2025-04-11,3.026118356394221
2025-04-12,2.8790064362235914
2025-04-13,3.0985036753930326
2025-04-14,3.060856412014598
2025-04-15,3.170941344448609
2025-04-16,3.078486371734735
2025-04-17,3.186404881927892
2025-04-18,3.245839436165012
2025-04-19,3.072940881663785
2025-04-20,3.3685770884921276
2025-04-21,3.069248186679231
2025-04-22,3.325870938608156
2025-04-23,3.314379065943724
2025-04-24,3.0863824743084782
2025-04-25,3.277586358912571
2025-04-26,3.2301890135035474
2025-04-27,3.1889087724479874
2025-04-28,3.331386291021624
2025-04-29,3.354794342356991
2025-04-30,3.384643310072538
2025-05-01,3.495374503723822
2025-05-02,3.579339475070638
2025-05-03,3.3769525257117867
2025-05-04,3.219829599877995
2025-05-05,3.303201884876885
2025-05-06,3.218949490353606
2025-05-07,3.0899705608359826
2025-05-08,3.2336384007072088
2025-05-09,3.337394052493254
2025-05-10,2.9580759535482
2025-05-11,3.2157971166767183
2025-05-12,2.8800239314556357
2025-05-13,3.12975925802606
2025-05-14,3.1570031304113457
2025-05-15,3.275829363587058
2025-05-16,3.229855086190352
2025-05-17,3.2393227643958067
2025-05-18,3.117189428674928
2025-05-19,3.229192942753103
2025-05-20,3.49302210290976
2025-05-21,3.3727159764497077
2025-05-22,3.592570969991294
2025-05-23,3.290920447236895
2025-05-24,3.2703858042096643
2025-05-25,3.1211474673834694
2025-05-26,3.275852579190687
2025-05-27,3.048112836908861
2025-05-28,3.391151270030151
2025-05-29,3.3317776812854287
2025-05-30,3.6624717622004317
2025-05-31,3.2747711931801624
2025-06-01,3.4269270643749774
2025-06-02,3.2494793792132626
2025-06-03,3.5787158732286772
2025-06-04,3.3460273903516615
2025-06-05,3.5678756748107787
2025-06-06,3.2353061614369447
2025-06-07,3.216433500139545
2025-06-08,3.41193775186941
2025-06-09,3.5941798432912293
2025-06-10,3.455244807162714
2025-06-11,3.266222265369243
2025-06-12,3.2118159954649155
2025-06-13,3.247972711414628
2025-06-14,3.223992525627971
2025-06-15,
2025-06-16,
2025-06-17,0.0
2025-06-18,
2025-06-19,
2025-06-20,
2025-06-21,
2025-06-22,
2025-06-23,
2025-06-24,
2025-06-25,
2025-06-26,
2025-06-27,
2025-06-28,0.9709505944546686
2025-06-29,0.0
2025-06-30,
2025-07-01,0.0
2025-07-02,3.363288778481177
2025-07-03,3.3790564158147025
2025-07-04,3.3160588331028293
2025-07-05,3.5631088133610773
2025-07-06,3.131691738201998
2025-07-07,3.147065296878143
2025-07-08,3.371647482583385
2025-07-09,3.4224647952840144
2025-07-10,3.2832391350129253
2025-07-11,3.432633236089198
2025-07-12,3.4026748395337676
2025-07-13,3.461966590668258
2025-07-14,3.300821923606373
2025-07-15,3.39723139991553
2025-07-16,3.3708213631422876
2025-07-17,3.540999415980574
2025-07-18,3.5669118223601806
2025-07-19,3.193560773437828
2025-07-20,3.2979679262383814
2025-07-21,3.270105180161285
2025-07-22,3.251262397043649
2025-07-23,3.5037543429760865
2025-07-24,3.3648314167342845
2025-07-25,3.432660716340855
2025-07-26,3.1680466573620714
2025-07-27,3.1464066328031572
2025-07-28,3.3982688233522436
2025-07-29,3.29584258880922
2025-07-30,3.44819501797127
2025-07-31,3.679777952388732
2025-08-01,3.5669884591495284
2025-08-02,3.556084496418702
2025-08-03,3.413309853995064
2025-08-04,3.5868687965708403
2025-08-05,3.466375796778566
2025-08-06,3.361982762342057
2025-08-07,3.6392033778880286
2025-08-08,3.5118662048882108
2025-08-09,3.4128145191808956
2025-08-10,3.318627064156641
2025-08-11,3.600247901805276
2025-08-12,3.1500710569867127
2025-08-13,3.295794146416206
2025-08-14,3.3424700445557733
2025-08-15,3.488949568672687
2025-08-16,3.5456489898731176
2025-08-17,3.428612052653198
2025-08-18,3.3745606693619794
2025-08-19,3.5891561263656513
2025-08-20,3.2572173355800875
2025-08-21,3.481026368603266
2025-08-22,3.586389378619511
2025-08-23,3.2865051210859484
2025-08-24,3.4569941707220586
2025-08-25,3.548753733271642
2025-08-26,3.276091616714413
2025-08-27,3.577759317035762
2025-08-28,3.28258312971158
2025-08-29,3.3900633897524592
2025-08-30,3.145952674850098
2025-08-31,3.052844100233209
2025-09-01,3.1087803436055528
2025-09-02,3.388268400847857
2025-09-03,3.2310463511452245
2025-09-04,3.4223357352590678
2025-09-05,3.438477369640976
2025-09-06,3.333077504307981
2025-09-07,3.415356329224972
2025-09-08,3.438020294395213
2025-09-09,3.2839614968656137
2025-09-10,3.4376228195162253
2025-09-11,3.508870322520601
2025-09-12,3.32133587045475
2025-09-13,3.4069920547437786
2025-09-14,3.123670262726562
2025-09-15,3.465412667178867
2025-09-16,3.2869486330219413
2025-09-17,3.48310474515666
2025-09-18,3.2671665694191967
2025-09-19,3.219175919291676
2025-09-20,3.136256150264813
2025-09-21,3.2238301471188784
2025-09-22,3.1560060220154145
2025-09-23,3.345191924937287
2025-09-24,3.378277742559152
2025-09-25,3.3114844276919264
2025-09-26,3.256976737436584
2025-09-27,3.276408533994357
2025-09-28,3.1349960013067077
2025-09-29,3.1439801171178168
2025-09-30,3.130638687111862
2025-10-01,3.458728683938053
2025-10-02,3.25354535097549
2025-10-03,3.187902152136266
2025-10-04,3.268504086669182
2025-10-05,3.403401040512275
2025-10-06,3.4225280207545423
2025-10-07,3.4897716102183223
2025-10-08,3.504421746915122
2025-10-09,3.3400654482089895
2025-10-10,3.4488118777308685
2025-10-11,3.356404793794359
2025-10-12,3.216049266684481
2025-10-13,2.9582518386488728
2025-10-14,3.2607006636120577
2025-10-15,3.291300901932701
2025-10-16,3.5817683628039223
2025-10-17,3.500005979762014
2025-10-18,3.1244284839489698
2025-10-19,3.2383926139506864
2025-10-20,3.5257074709830154
2025-10-21,3.3671558320253108
2025-10-22,3.161376496163725
2025-10-23,3.548756774291964
2025-10-24,3.4983114207128443
2025-10-25,3.1840217088068847
2025-10-26,3.135445708198362
2025-10-27,3.2682194574768766
2025-10-28,3.333383176381832
2025-10-29,3.544150461491057
2025-10-30,3.451073350234559
2025-10-31,3.2918227546328005
2025-11-01,3.169972678559438
2025-11-02,3.009406397761346
2025-11-03,3.2871722337646903
2025-11-04,3.215207047441054
2025-11-05,3.2978060778661624
2025-11-06,3.3862247775758667
2025-11-07,3.4554808602843887
2025-11-08,3.236212832556264
2025-11-09,3.263693731690697
2025-11-10,3.333634794952922
2025-11-11,3.380947979534799
2025-11-12,3.5855580655203187
2025-11-13,3.3642280854573974
2025-11-14,3.3897295587487077
2025-11-15,3.511965670577664
2025-11-16,3.4048437960814377
2025-11-17,3.4807469163131355
2025-11-18,3.4182088013054894
2025-11-19,3.323884954922741
2025-11-20,3.486228569373153
2025-11-21,3.5036797564366644
2025-11-22,3.3326695429712356
2025-11-23,3.5344328207285947
2025-11-24,3.2722267381499477
2025-11-25,3.1851486655044035
2025-11-26,3.332377940132495
2025-11-27,3.363688722258388
2025-11-28,3.42299593445634
2025-11-29,3.3326193172997516
2025-11-30,3.058023139349434
2025-12-01,3.2025910045344945
2025-12-02,2.9434274197928687
2025-12-03,3.430949188199118
2025-12-04,3.514326099331405
2025-12-05,3.5216589437639083
2025-12-06,3.242743754529466
2025-12-07,3.691719305285085
2025-12-08,3.3282635183653104
2025-12-09,3.2735504686680934
2025-12-10,3.49038022001086
2025-12-11,3.6013965021898717
2025-12-12,3.428693833407216
2025-12-13,3.106982619080753
2025-12-14,3.4488288467465544
2025-12-15,3.3881763694691602
2025-12-16,3.430899612302718
2025-12-17,3.2927879328273826
2025-12-18,3.396699121541972
2025-12-19,3.346712830174055
2025-12-20,3.4731259250816633
2025-12-21,3.479483436133425
2025-12-22,3.2896059064823295
2025-12-23,3.493836384953925
2025-12-24,3.3717830202909145
2025-12-25,3.5478441240606235
2025-12-26,3.1502428221103993
2025-12-27,3.415223649904278
2025-12-28,3.450484538870396
2025-12-29,3.2174530683781
2025-12-30,3.3635864770732384
2025-12-31,3.4277922372220986
