date,value
2015-02-18,-0.9254640085910691
2015-02-19,-0.4934174389153449
2015-02-20,-0.8393585132826406
2015-02-21,-1.2014065080835499
2015-02-22,-1.116214661254936
2015-02-23,-1.0417195629242246
2015-02-24,-0.8784302184934184
2015-02-25,-1.1931909155364944
2015-02-26,-1.1947928739480551
2015-02-27,-1.0670558641439372
2015-02-28,-0.9539560803373468
2015-03-01,-0.7265433309517582
2015-03-02,-0.6058351761465923
2015-03-03,-1.1242175435892197
2015-03-04,-1.0687196703822082
2015-03-05,-0.8346554234013774
2015-03-06,-1.0586277896546283
2015-03-07,-1.1650455631400993
2015-03-08,-1.1313027063141006
2015-03-09,-0.9731803955961023
2015-03-10,-1.4131184562458396
2015-03-11,-1.237178705821352
2015-03-12,-1.2288349720206657
2015-03-13,-0.8523641538935819
2015-03-14,-1.768112119322282
2015-03-15,-1.6852224478518691
2015-03-16,-1.1878768531793484
2015-03-17,-0.841087131240306
2015-03-18,-0.7530939111066828
2015-03-19,-0.74163230536331
2015-03-20,-0.8718741248371471
2015-03-21,-1.0462008655909034
2015-03-22,-0.8431662054608748
2015-03-23,-0.4556527572289578
2015-03-24,-1.0203141944343797
2015-03-25,-0.7195611726876482
2015-03-26,-0.4516074033936306
2015-03-27,-0.19163990106022327
2015-03-28,-0.4267191881078298
2015-03-29,-0.4973071153645851
2015-03-30,-0.8066821506555754
2015-03-31,-0.7420856688388526
2015-04-01,-0.8305678163108414
2015-04-02,-1.0149065036712073
2015-04-03,-1.426505264027913
2015-04-04,-1.6641039425039736
2015-04-05,-1.3845553873604148
2015-04-06,-1.09106537340953
2015-04-07,-1.380376079408222
2015-04-08,-0.8837988605491577
2015-04-09,-0.7989532287291948
2015-04-10,-0.6443171977507868
2015-04-11,-1.2602885317005106
2015-04-12,-1.1580217221822446
2015-04-13,-1.1461114396090364
2015-04-14,-1.1011115348946778
2015-04-15,-1.024582487612026
2015-04-16,-0.6380623027994998
2015-04-17,-1.31616951813584
2015-04-18,-0.9608070379735106
2015-04-19,-0.4393474656952046
2015-04-20,-0.07615694665628733
2015-04-21,-0.06529724931443714
2015-04-22,-0.5562488175920639
2015-04-23,-0.7504408854868821
2015-04-24,-0.5396871445455584
2015-04-25,-1.2755301536285835
2015-04-26,-1.2795854204071813
2015-04-27,-0.8571999032491278
2015-04-28,-0.538027263053575
2015-04-29,-0.8057161173085183
2015-04-30,-0.7885467501785348
2015-05-01,-0.9007595060835829
2015-05-02,-1.2496857769316716
2015-05-03,-0.6477938987029181
2015-05-04,-0.3568217517866624
2015-05-05,-0.29409701235168806
2015-05-06,-0.5512967211477953
2015-05-07,-0.8443031559429242
2015-05-08,-0.2606925576427763
2015-05-09,-0.375565175915252
2015-05-10,-0.6377344379301232
2015-05-11,-0.11007585059174264
2015-05-12,-0.4255080492270947
2015-05-13,-0.7227726330053376
2015-05-14,-0.4791056455576477
2015-05-15,-0.5694281416447148
2015-05-16,-0.3685413995426022
2015-05-17,-0.2092527986538226
2015-05-18,-0.6052633633677981
2015-05-19,-0.6381818427727626
2015-05-20,-0.9554999116140664
2015-05-21,-0.8926847679923885
2015-05-22,-0.5468668698075425
2015-05-23,-0.650065078388039
2015-05-24,-0.36794145500516573
2015-05-25,-0.6815735864063126
2015-05-26,-0.7577069422715031
2015-05-27,-0.7708196135521371
2015-05-28,-0.9495048152639773
2015-05-29,-1.3645746137044754
2015-05-30,-1.155314234960974
2015-05-31,-1.0995242805858154
2015-06-01,-1.101070815442136
2015-06-02,-0.7645828683037967
2015-06-03,-1.19718122211455
2015-06-04,-1.690132987385966
2015-06-05,-1.878614161974884
2015-06-06,-1.9033156698627345
2015-06-07,-1.528126844391804
2015-06-08,-1.1500924795851906
2015-06-09,-1.171119543850815
2015-06-10,-0.7645155637837492
2015-06-11,-1.408979557978917
2015-06-12,-1.267536352217357
2015-06-13,-1.2018369706440037
2015-06-14,-1.2390931193687083
2015-06-15,-0.9137586277336277
2015-06-16,-0.7665621369385842
2015-06-17,-0.628123445962864
2015-06-18,-0.9793517692888831
2015-06-19,-1.0544364878396464
2015-06-20,-1.1799124370169662
2015-06-21,-1.2207398275341514
2015-06-22,-0.9686997796630682
2015-06-23,-0.8816025231471123
2015-06-24,-1.1070340048015694
2015-06-25,-1.0646670131704492
2015-06-26,-1.3309736130308427
2015-06-27,-1.2310305280801745
2015-06-28,-0.8144092883113536
2015-06-29,-0.44018850253120617
2015-06-30,-0.7793001169678684
2015-07-01,-0.5008397369913555
2015-07-02,-0.6167392862103287
2015-07-03,-0.5261563592098593
2015-07-04,-1.2418486572174645
2015-07-05,-1.3436086879700482
2015-07-06,-1.185701397161227
2015-07-07,-0.8953542836212353
2015-07-08,-1.0566510716410498
2015-07-09,-1.689383433299469
2015-07-10,-1.7042198090047203
2015-07-11,-1.7708344819741584
2015-07-12,-2.2752453507713626
2015-07-13,-1.8905601809141914
2015-07-14,-1.9728950470682964
2015-07-15,-1.7029848614682073
2015-07-16,-1.5242153566434282
2015-07-17,-1.1611187650228536
2015-07-18,-1.4935042015597848
2015-07-19,-2.0380848580156363
2015-07-20,-1.3093047995363205
2015-07-21,-1.1366944872514755
2015-07-22,-1.247294637519124
2015-07-23,-1.5890743662203048
2015-07-24,-1.3925959858402206
2015-07-25,-1.3751503962797968
2015-07-26,-1.6122866480234797
2015-07-27,-1.2348032641328732
2015-07-28,-1.1582323893496156
2015-07-29,-1.2014452315183168
2015-07-30,-1.4881499377725727
2015-07-31,-1.3954994823685742
2015-08-01,-0.763951231350944
2015-08-02,-1.5044880572598691
2015-08-03,-1.2930567996391915
2015-08-04,-1.4753231514703677
2015-08-05,-1.431090398629262
2015-08-06,-1.3110404077293112
2015-08-07,-1.4488104919348415
2015-08-08,-1.4408953674397302
2015-08-09,-1.1679787093957517
2015-08-10,-1.1672825550130255
2015-08-11,-1.2179983503315608
2015-08-12,-1.4450983319848123
2015-08-13,-2.377392853724562
2015-08-14,-2.3289516172374474
2015-08-15,-2.873504425904977
2015-08-16,-2.922049761986434
2015-08-17,-2.425784602307883
2015-08-18,-2.425942411879747
2015-08-19,-1.5962581266655342
2015-08-20,-1.5032645236322795
2015-08-21,-1.5971771286852967
2015-08-22,-1.8932184323368488
2015-08-23,-1.6110297874472692
2015-08-24,-1.5567772162976008
2015-08-25,-1.4286878841286366
2015-08-26,-1.0499143983169992
2015-08-27,-1.5036229255301408
2015-08-28,-1.2144545609299917
2015-08-29,-1.5683950466039105
2015-08-30,-1.8570008406104535
2015-08-31,-1.4133125569740115
2015-09-01,-1.2175220804388898
2015-09-02,-0.7125101463789237
2015-09-03,-0.7226372681763789
2015-09-04,-0.6767535813975728
2015-09-05,-0.7543692003180884
2015-09-06,-0.5728178011980748
2015-09-07,-0.8525606488660047
2015-09-08,-0.9110636547990363
2015-09-09,-0.840564173327408
2015-09-10,-0.7337714979596849
2015-09-11,-1.0237447036978307
2015-09-12,-1.4246291410306842
2015-09-13,-0.8641095156219873
2015-09-14,-0.8174582814845374
2015-09-15,-0.6820640595247138
2015-09-16,-0.6304035679574429
2015-09-17,-0.650461460864983
2015-09-18,-0.8127378312498452
2015-09-19,-0.8520953774601895
2015-09-20,-1.039753219182358
2015-09-21,-0.44934578419005883
2015-09-22,-0.7168784965550193
2015-09-23,-0.8083952184597933
2015-09-24,-0.7384692760573836
2015-09-25,-0.5340965366544327
2015-09-26,-0.6884643921214398
2015-09-27,-0.4497169015863327
2015-09-28,-0.526027859872112
2015-09-29,-0.501083791357287
2015-09-30,-0.8877685044590586
2015-10-01,-1.2253487779700758
2015-10-02,-0.982696943809513
2015-10-03,-1.0826343064192667
2015-10-04,-1.1521799182799737
2015-10-05,-0.8390838137282369
2015-10-06,-0.7026562930991349
2015-10-07,-1.0496390965083675
2015-10-08,-0.8589200478505779
2015-10-09,-0.8479471118985973
2015-10-10,-0.9091388324598161
2015-10-11,-1.2436986492183764
2015-10-12,-1.1930813642443492
2015-10-13,-0.9159815420939766
2015-10-14,-0.7693062198139827
2015-10-15,-0.4770355498648251
2015-10-16,-0.32083636792990905
2015-10-17,-0.4570629465828803
2015-10-18,-0.5979335718737107
2015-10-19,-0.37451283368121263
2015-10-20,-0.3946438460983757
2015-10-21,-0.11874581828727974
2015-10-22,-0.43852945613695543
2015-10-23,-0.669198294339073
2015-10-24,-1.2193202282258733
2015-10-25,-0.9176789238746175
2015-10-26,-0.509006895667208
2015-10-27,-0.9897626817375915
2015-10-28,-1.0194081420984593
2015-10-29,-0.8128439263997692
2015-10-30,-0.9783698467505019
2015-10-31,-0.6814988119112876
2015-11-01,-0.6911650634477177
2015-11-02,-0.5940419630292227
2015-11-03,-0.6352638196292261
2015-11-04,-0.6514971738752692
2015-11-05,-0.519236418525743
2015-11-06,-0.16841683723746032
2015-11-07,-0.46411976020706325
2015-11-08,-0.3515821317051544
2015-11-09,-0.4921926068765788
2015-11-10,-0.5172914557756657
2015-11-11,-0.5723498962496181
2015-11-12,-0.6273790621852627
2015-11-13,-0.5444359717945312
2015-11-14,-1.4526029895604697
2015-11-15,-1.1428712448259897
2015-11-16,-0.9179986489965283
2015-11-17,-0.7347128576175518
2015-11-18,-0.926418634978316
2015-11-19,-1.7255884832184358
2015-11-20,-2.1399629612004074
2015-11-21,-2.216749548236017
2015-11-22,-1.1766729553344464
2015-11-23,-0.7310939590560548
2015-11-24,-0.7085416596613335
2015-11-25,-0.8937453694962506
2015-11-26,-0.7175977403170765
2015-11-27,-1.0167610255823762
2015-11-28,-1.2111120381026155
2015-11-29,-0.8901990120941589
2015-11-30,-0.5371313155499851
2015-12-01,-0.3896615067253464
2015-12-02,-0.4833630576580721
2015-12-03,-0.3425791346738453
2015-12-04,-0.06451426491088375
2015-12-05,-0.2343002325796983
2015-12-06,-0.16571182829252637
2015-12-07,-0.4525179190665551
2015-12-08,-1.0582265268713926
2015-12-09,-0.8130199572349471
2015-12-10,-0.7483933938804516
2015-12-11,-0.600346593320869
2015-12-12,-0.8723922292292331
2015-12-13,-0.8207096433356628
2015-12-14,-0.9806208726875751
2015-12-15,-0.6294528784353354
2015-12-16,-0.5500858539783174
2015-12-17,-0.76510187695991
2015-12-18,-1.0193102741736748
2015-12-19,-1.2425692701810673
2015-12-20,-0.8107493235219057
2015-12-21,-0.8424227006301229
2015-12-22,-1.6139220348465457
2015-12-23,-1.0094686290928716
2015-12-24,-1.1273640824658528
2015-12-25,-1.699488631468097
2015-12-26,-2.206870150000076
2015-12-27,-2.0305521656285306
2015-12-28,-2.027264131841329
2015-12-29,-1.6657215196855049
2015-12-30,-1.5409126587236828
2015-12-31,-1.4649347545667166
2016-01-01,-1.5275894926858873
2016-01-02,-1.6160919411383385
2016-01-03,-2.3034373413696057
2016-01-04,-1.7974043239673239
2016-01-05,-1.6862565679068373
2016-01-06,-1.4044873070912591
2016-01-07,-1.665250990841973
2016-01-08,-1.5319201802002171
2016-01-09,-1.8326920732410124
2016-01-10,-1.8255652715155242
2016-01-11,-1.4164077583247192
2016-01-12,-1.4407639093242368
2016-01-13,-1.774962775706463
2016-01-14,-1.343481257292326
2016-01-15,-1.1838052416987217
2016-01-16,-0.9002634065187339
2016-01-17,-1.1177215640056744
2016-01-18,-1.1815555708516758
2016-01-19,-0.8682970716454338
2016-01-20,-0.6661560390196327
2016-01-21,-0.28376548967073356
2016-01-22,-0.548530084808662
2016-01-23,-0.5954328793852809
2016-01-24,-0.41053418947607473
2016-01-25,-0.8147249803775967
2016-01-26,-1.2036937964162924
2016-01-27,-1.0451096115279341
2016-01-28,-0.9679738983037767
2016-01-29,-1.4500399510168462
2016-01-30,-1.2208484590991757
2016-01-31,-1.250248579122839
2016-02-01,-1.4547309389897196
2016-02-02,-1.1768270236652678
2016-02-03,-1.0208781013324912
2016-02-04,-0.7009271558340138
2016-02-05,-1.0459609587707195
2016-02-06,-0.6743465948588655
2016-02-07,-1.304971026088593
2016-02-08,-0.6025058693710232
2016-02-09,-1.3120612381440833
2016-02-10,-1.1498985689357424
2016-02-11,-1.0871899085516388
2016-02-12,-1.5759950087819055
2016-02-13,-1.6249022966119608
2016-02-14,-1.1083380422817977
2016-02-15,-1.3123398460502071
2016-02-16,-1.3602744203327182
2016-02-17,-1.2269487512670543
2016-02-18,-1.1815142034518151
2016-02-19,-1.1845898114243352
2016-02-20,-1.5160827008010866
2016-02-21,-1.5110565944449033
2016-02-22,-1.1716974040587362
2016-02-23,-1.1981162066152948
2016-02-24,-1.1720403807971633
2016-02-25,-1.4355261698004258
2016-02-26,-1.4754763337206276
2016-02-27,-1.8769710513049234
2016-02-28,-1.7292071082413971
2016-02-29,-1.1076956882890294
2016-03-01,-1.1935504106647932
2016-03-02,-1.2499793281576783
2016-03-03,-1.4110780556983862
2016-03-04,-1.2937184064670595
2016-03-05,-1.283849341893129
2016-03-06,-1.5150740230298547
2016-03-07,-1.3602368649531178
2016-03-08,-1.1527674367105911
2016-03-09,-1.1326743332584133
2016-03-10,-1.0286129935994885
2016-03-11,-1.1803144594347061
2016-03-12,-1.1090720166758676
2016-03-13,-1.2399329886817156
2016-03-14,-1.1065532277817434
2016-03-15,-0.8363077760948433
2016-03-16,-1.0356663128558488
2016-03-17,-1.0310185766554867
2016-03-18,-1.0459297892872517
2016-03-19,-1.181774450172547
2016-03-20,-0.8779414734812238
2016-03-21,-0.861072738270864
2016-03-22,-0.7719187319824453
2016-03-23,-1.0133657418786939
2016-03-24,-1.1020379498988784
2016-03-25,-0.8678836009229913
2016-03-26,-1.0107127835859337
2016-03-27,-0.6101708491904102
2016-03-28,-0.7504889617511749
2016-03-29,-0.9490643779855765
2016-03-30,-0.8496534939029599
2016-03-31,-0.8838690561475463
2016-04-01,-1.2540592576475256
2016-04-02,-1.663911667281366
2016-04-03,-1.7092748934959832
2016-04-04,-1.4966921974441787
2016-04-05,-1.1706116922371315
2016-04-06,-0.8823725634515578
2016-04-07,-0.8753495387322517
2016-04-08,-0.7741833251303355
2016-04-09,-0.7719108137815704
2016-04-10,-1.0842377811642936
2016-04-11,-1.2448785838052425
2016-04-12,-1.258931929691063
2016-04-13,-0.9900387289564969
2016-04-14,-1.181293991754769
2016-04-15,-1.1426520618706044
2016-04-16,-1.6122896245320617
2016-04-17,-1.3078154425467032
2016-04-18,-1.2945480384375678
2016-04-19,-1.3533358826234823
2016-04-20,-0.9044254150401466
2016-04-21,-1.1103799346763803
2016-04-22,-1.013119261426145
2016-04-23,-1.1848920206483988
2016-04-24,-0.7874730124092514
2016-04-25,-1.3499445518528002
2016-04-26,-0.8440522565527824
2016-04-27,-0.8694272489390343
2016-04-28,-0.9736072880083241
2016-04-29,-1.141127100062556
2016-04-30,-1.2721857864940713
2016-05-01,-1.382556024835729
2016-05-02,-1.1329396097899502
2016-05-03,-1.0025469047860873
2016-05-04,-0.9715934569066428
2016-05-05,-0.5311782697374094
2016-05-06,-0.7626783061411218
2016-05-07,-1.0536865096951753
2016-05-08,-1.4065857482424413
2016-05-09,-1.0118381291653886
2016-05-10,-1.1071630472404819
2016-05-11,-1.0500760226192565
2016-05-12,-0.9104355318220965
2016-05-13,-0.8942154667469662
2016-05-14,-1.071570234902407
2016-05-15,-1.4468002101691524
2016-05-16,-0.8207603401174645
2016-05-17,-0.8430423186449097
2016-05-18,-0.9450738239422996
2016-05-19,-1.1946350123261742
2016-05-20,-0.9300958088115103
2016-05-21,-1.2330154952578445
2016-05-22,-0.7197594742013571
2016-05-23,-0.7354009601626541
2016-05-24,-0.68236852717752
2016-05-25,-0.5710441052930866
2016-05-26,-0.7923507950975235
2016-05-27,-0.9893880370063446
2016-05-28,-1.2892143689760152
2016-05-29,-1.02580811312299
2016-05-30,-0.3535330779607991
2016-05-31,-0.4982840102809551
2016-06-01,-0.8471873356696911
2016-06-02,-1.0656592097420479
2016-06-03,-1.1352242452891188
2016-06-04,-1.5687330037993672
2016-06-05,-1.599652865216657
2016-06-06,-0.977826638158562
2016-06-07,-0.7464851660733032
2016-06-08,-1.2674472517776179
2016-06-09,-1.0947593515535308
2016-06-10,-1.0530741529227072
2016-06-11,-1.3217919292629123
2016-06-12,-1.0036174661352075
2016-06-13,-0.9735203610897616
2016-06-14,-0.973889617799684
2016-06-15,-1.2441510296445621
2016-06-16,-0.8392614546948634
2016-06-17,-0.6938674840217327
2016-06-18,-0.636130315600711
2016-06-19,-0.4828931053288884
2016-06-20,-0.8654789998311506
2016-06-21,-0.8583488142449651
2016-06-22,-0.9496101760036191
2016-06-23,-1.087505529009596
2016-06-24,-0.8455616259807212
2016-06-25,-0.72539868214122
2016-06-26,-0.7605926820673111
2016-06-27,-0.6427448829077835
2016-06-28,-0.8698181324452974
2016-06-29,-1.023563397202777
2016-06-30,-1.106380753873532
2016-07-01,-1.090052864324046
2016-07-02,-1.4582307643372383
2016-07-03,-1.416180226770337
2016-07-04,-1.3611316557599562
2016-07-05,-1.036358329492291
2016-07-06,-0.9855974036129737
2016-07-07,-1.190044606335436
2016-07-08,-1.0629392911835926
2016-07-09,-1.5214303035417165
2016-07-10,-1.3709995322911666
2016-07-11,-1.37103901041859
2016-07-12,-1.4816944958944716
2016-07-13,-1.4917162347091488
2016-07-14,-1.260038096983149
2016-07-15,-1.488543508745102
2016-07-16,-1.4210207312076604
2016-07-17,-1.6135417935459753
2016-07-18,-1.2016941033867803
2016-07-19,-1.4830378523362153
2016-07-20,-1.4284157367808576
2016-07-21,-1.640738466272583
2016-07-22,-1.4978507694885796
2016-07-23,-1.8478481752664928
2016-07-24,-2.1031683438132753
2016-07-25,-1.5045642497063556
2016-07-26,-0.9831320452094768
2016-07-27,-1.0984898676692372
2016-07-28,-1.0759227205765167
2016-07-29,-0.7590093954240444
2016-07-30,-1.4790498767385853
2016-07-31,-1.4028081801673733
2016-08-01,-1.1700618536052516
2016-08-02,-1.8564375082379896
2016-08-03,-1.6608655926314846
2016-08-04,-1.4361761867676988
2016-08-05,-1.5384908899681837
2016-08-06,-2.1449820905042443
2016-08-07,-1.543699463414568
2016-08-08,-1.5100037348602822
2016-08-09,-1.6170319771447954
2016-08-10,-1.380396856075489
2016-08-11,-1.393463178604119
2016-08-12,-1.3997531663930758
2016-08-13,-1.4952012092824907
2016-08-14,-1.336521600359965
2016-08-15,-1.0194369351374277
2016-08-16,-0.8919416237006644
2016-08-17,-0.8296081245687975
2016-08-18,-0.8903981870302278
2016-08-19,-0.7370947284880361
2016-08-20,-0.5442618600058666
2016-08-21,-1.1577065522866854
2016-08-22,-0.9990523295282672
2016-08-23,-1.1089563502126492
2016-08-24,-0.8549433819141149
2016-08-25,-0.7245772202918109
2016-08-26,-0.5972556654968406
2016-08-27,-0.8419085339693516
2016-08-28,-0.9207108446761877
2016-08-29,-0.798150139937471
2016-08-30,-1.5799886397088347
2016-08-31,-0.9759069062779451
2016-09-01,-0.428289605764193
2016-09-02,-0.4353002076976344
2016-09-03,-0.1663931878561083
2016-09-04,-0.5801061857464529
2016-09-05,-0.9594667454443613
2016-09-06,-1.0541747827491406
2016-09-07,-1.1728444001017027
2016-09-08,-1.2759097233320325
2016-09-09,-1.2499002757438333
2016-09-10,-1.4887021336495163
2016-09-11,-0.8508921347719363
2016-09-12,-0.7238522544257815
2016-09-13,-1.0228226315683173
2016-09-14,-0.9913918828387667
2016-09-15,-0.9353412687476789
2016-09-16,-0.9812869845825463
2016-09-17,-1.00136979161968
2016-09-18,-0.9402225027133826
2016-09-19,-1.0438570559641747
2016-09-20,-0.9565130991292569
2016-09-21,-0.8892405738067782
2016-09-22,-0.9822800013039261
2016-09-23,-0.6731112612648159
2016-09-24,-0.3832136801870611
2016-09-25,-0.7253552865310978
2016-09-26,-0.5847366098287716
2016-09-27,-1.1608692023732563
2016-09-28,-0.997069960973352
2016-09-29,-0.6782163812205148
2016-09-30,-0.9430466698865503
2016-10-01,-0.7670875706577647
2016-10-02,-0.8916881683365288
2016-10-03,-0.8746159287503238
2016-10-04,-0.881716607463192
2016-10-05,-1.1642064522486544
2016-10-06,-1.1932677693592788
2016-10-07,-1.155456848360374
2016-10-08,-0.6261250013121132
2016-10-09,-1.1359463102368035
2016-10-10,-1.0654798301324042
2016-10-11,-1.142982219034419
2016-10-12,-0.6358127376117652
2016-10-13,-0.14559995713415477
2016-10-14,-0.3740065253852739
2016-10-15,-0.6177370165272044
2016-10-16,-0.4252195006262351
2016-10-17,-0.7099066952303905
2016-10-18,-0.7695831807266108
2016-10-19,-0.7580990912717439
2016-10-20,-0.5138120061283146
2016-10-21,-0.6461372417551181
2016-10-22,-1.0225842272620072
2016-10-23,-0.9157615093133329
2016-10-24,-0.9275275232205971
2016-10-25,-1.3346379412297615
2016-10-26,-0.8318778303696985
2016-10-27,-0.8555491674755682
2016-10-28,-0.4811843323339213
2016-10-29,-0.4714479368396873
2016-10-30,-0.5586716818461831
2016-10-31,-0.2030406555428132
2016-11-01,-0.23301332288507476
2016-11-02,-0.42234481408415053
2016-11-03,-0.43382086147834187
2016-11-04,-0.6153954194987384
2016-11-05,-0.5764009700462253
2016-11-06,-0.6816973961735717
2016-11-07,-0.6419185918554409
2016-11-08,-0.5637652964704529
2016-11-09,-0.4648613957211009
2016-11-10,-0.3409257747096737
2016-11-11,-0.30389330786323965
2016-11-12,-0.9011181648368868
2016-11-13,-0.5246010838036012
2016-11-14,-0.5032762210487502
2016-11-15,-0.687396765209686
2016-11-16,-0.7360279939451772
2016-11-17,-0.5455432989920502
2016-11-18,-0.3000032431805853
2016-11-19,-0.38644840960792604
2016-11-20,-0.3041236312728607
2016-11-21,-0.2798441736811386
2016-11-22,-0.23610816985597957
2016-11-23,-0.3882129613118445
2016-11-24,-0.7562846360767621
2016-11-25,-1.0740818236911847
2016-11-26,-0.9084674782317957
2016-11-27,-0.45051491809192584
2016-11-28,-0.7171231585891706
2016-11-29,-0.7563392904580556
2016-11-30,-0.7848452593279402
2016-12-01,-0.7651716958698082
2016-12-02,-1.0948090588337434
2016-12-03,-1.1149415780558551
2016-12-04,-1.0544917717975606
2016-12-05,-1.0115569796162405
2016-12-06,-1.0253751561160485
2016-12-07,-1.044216606166224
2016-12-08,-0.7948261600499892
2016-12-09,-0.8969684387648406
2016-12-10,-1.1524952079143858
2016-12-11,-1.078572205120926
2016-12-12,-1.3392262807948565
2016-12-13,-1.0193490833205239
2016-12-14,-1.3227851941102846
2016-12-15,-1.240963000225901
2016-12-16,-1.421687294333683
2016-12-17,-1.7160000022288442
2016-12-18,-1.620654349095931
2016-12-19,-1.039657971206897
2016-12-20,-1.0884722286907302
2016-12-21,-1.0643107651375077
2016-12-22,-1.2620581140645486
2016-12-23,-1.37064731324149
2016-12-24,-1.0615172789103373
2016-12-25,-1.1224083025044644
2016-12-26,-1.2259776026387226
2016-12-27,-1.173231384858108
2016-12-28,-1.319520844677352
2016-12-29,-1.8551148790509036
2016-12-30,-1.5267498261014305
2016-12-31,-1.318538800913018
2017-01-01,-1.3112378933328557
2017-01-02,-1.4196399378470348
2017-01-03,-1.195618015996219
2017-01-04,-1.4789969212799645
2017-01-05,-1.3033689927596934
2017-01-06,-1.1370980302132734
2017-01-07,-1.0286073586250026
2017-01-08,-1.1885562133826797
2017-01-09,-1.067393884453281
2017-01-10,-0.649159232470774
2017-01-11,-0.8414045238140883
2017-01-12,-0.7393591522830214
2017-01-13,-0.9206544603341517
2017-01-14,-1.140481452872292
2017-01-15,-0.72290420943129
2017-01-16,-0.6979908305457304
2017-01-17,-0.6953577888667873
2017-01-18,-0.8424148902707436
2017-01-19,-0.6979637548366326
2017-01-20,-0.5712484711732548
2017-01-21,-0.6744061069001497
2017-01-22,-0.5950034812933493
2017-01-23,-0.633391934714512
2017-01-24,-0.7237120975664619
2017-01-25,-0.6940678194437789
2017-01-26,-0.521947654680234
2017-01-27,-0.43573164515637014
2017-01-28,-0.11560387134235088
2017-01-29,-0.6049116059302737
2017-01-30,-0.866848745153333
2017-01-31,-1.191367673547666
2017-02-01,-1.1227594098530433
2017-02-02,-1.0646578781927074
2017-02-03,-1.0301649565096136
2017-02-04,-1.5902169510452837
2017-02-05,-1.2354294118756226
2017-02-06,-1.1057527148677815
2017-02-07,-1.096063765843011
2017-02-08,-0.9855299571541987
2017-02-09,-0.894010702982946
2017-02-10,-0.6807222007493046
2017-02-11,-0.9492928138937469
2017-02-12,-1.0412790508177876
2017-02-13,-1.0283670055924576
2017-02-14,-1.2115220266857227
2017-02-15,-1.702988622398642
2017-02-16,-1.2015538646370694
2017-02-17,-1.278515637277012
2017-02-18,-1.5133675753190483
2017-02-19,-1.3856362642083748
2017-02-20,-1.1832458037671512
2017-02-21,-1.0106304253272023
2017-02-22,-0.773934204041699
2017-02-23,-0.786111228408008
2017-02-24,-0.949998640210872
2017-02-25,-1.0400298869026323
2017-02-26,-0.7769807875819861
2017-02-27,-0.8605155829104054
2017-02-28,-1.395961776534463
2017-03-01,-1.3039015667233858
2017-03-02,-1.1379733507785783
2017-03-03,-1.4041689923675031
2017-03-04,-1.7138486282621825
2017-03-05,-1.027791824602465
2017-03-06,-1.3276998738251218
2017-03-07,-1.4761963286674797
2017-03-08,-1.1952196006626148
2017-03-09,-1.2878059946737719
2017-03-10,-1.38345231173025
2017-03-11,-0.9440166943501553
2017-03-12,-1.196087487976687
2017-03-13,-0.7222347314629023
2017-03-14,-0.9467751975219112
2017-03-15,-0.7982716707894407
2017-03-16,-0.5580684192166462
2017-03-17,-0.5492792064390848
2017-03-18,-1.0091070966410332
2017-03-19,-0.6875349707677016
2017-03-20,-0.6488476820190913
2017-03-21,-0.6288291685916845
2017-03-22,-0.664489881823773
2017-03-23,-0.8076784912819007
2017-03-24,-0.5642681154710153
2017-03-25,-0.6619758565623636
2017-03-26,-0.628011851259953
2017-03-27,-0.7034683212835082
2017-03-28,-1.3296528311883278
2017-03-29,-1.2274087796533446
2017-03-30,-1.3183869091619462
2017-03-31,-1.3240194521604745
2017-04-01,-1.2979340261788623
2017-04-02,-1.1821685781160163
2017-04-03,-1.1497525623724005
2017-04-04,-1.3262528221096328
2017-04-05,-1.4717934456067103
2017-04-06,-1.27563638877089
2017-04-07,-1.5226596908880523
2017-04-08,-1.103287524844615
2017-04-09,-1.4856312511970948
2017-04-10,-1.146987391001219
2017-04-11,-1.5253770279989227
2017-04-12,-1.5502958676218899
2017-04-13,-1.426310988443649
2017-04-14,-1.756925330749274
2017-04-15,-1.7941714193519211
2017-04-16,-1.4488720687021193
2017-04-17,-1.1421827997111975
2017-04-18,-0.9098915135701698
2017-04-19,-0.9260822565163802
2017-04-20,-1.1898063596304784
2017-04-21,-1.0236106105092775
2017-04-22,-0.9862007243879634
2017-04-23,-0.9301366788758958
2017-04-24,-1.2688513849099095
2017-04-25,-1.273405393582872
2017-04-26,-1.2186447350349563
2017-04-27,-1.101816866619243
2017-04-28,-1.408866863272368
2017-04-29,-1.9038916521361742
2017-04-30,-1.645622540522772
2017-05-01,-1.1681155048724265
2017-05-02,-0.8110953445145894
2017-05-03,-1.064258981954642
2017-05-04,-1.187666589837166
2017-05-05,-1.0590684512793114
2017-05-06,-0.9726219355982844
2017-05-07,-0.6653810828017894
2017-05-08,-0.7989696333806597
2017-05-09,-0.8523581315952321
2017-05-10,-0.7199677980559311
2017-05-11,-0.35285527508036546
2017-05-12,-0.03434169060294014
2017-05-13,0.20355967076946985
2017-05-14,-0.1269048396353817
2017-05-15,-0.1856405650539707
2017-05-16,0.08105626372634449
2017-05-17,-0.2737771488751415
2017-05-18,-0.4136966956356
2017-05-19,-0.6555935943731566
2017-05-20,-0.8893802026291544
2017-05-21,-0.8507852780937215
2017-05-22,-0.6293531525852982
2017-05-23,-0.6386295304553552
2017-05-24,-0.7650549812532312
2017-05-25,-0.8494021222690414
2017-05-26,-0.8355764400103222
2017-05-27,-1.0972511381402228
2017-05-28,-0.9580853441920688
2017-05-29,-0.8289129374059508
2017-05-30,-0.8194124547990673
2017-05-31,-1.1334401297424823
2017-06-01,-0.6384775129511246
2017-06-02,-0.7066292927869596
2017-06-03,-1.015915377616575
2017-06-04,-1.519998398055201
2017-06-05,-1.1460998588228848
2017-06-06,-0.8187928970813971
2017-06-07,-0.5295069782884747
2017-06-08,-0.7541311489344906
2017-06-09,-1.0228332937002556
2017-06-10,-1.1686039621986717
2017-06-11,-0.8528678802712978
2017-06-12,-0.6618775028868876
2017-06-13,-0.6805307621264625
2017-06-14,-0.7652662788213155
2017-06-15,-0.8677569082842694
2017-06-16,-1.209137572936469
2017-06-17,-0.9070327503249314
2017-06-18,-1.1716860566266498
2017-06-19,-0.7482772890035732
2017-06-20,-0.6796828821244821
2017-06-21,-0.8405710481726348
2017-06-22,-0.6931474920574772
2017-06-23,-0.8463199085130642
2017-06-24,-1.03100331079154
2017-06-25,-1.1646023091745787
2017-06-26,-0.9610629675411674
2017-06-27,-1.214896645944392
2017-06-28,-1.172321093094111
2017-06-29,-1.1656141795761457
2017-06-30,-1.300844593142711
2017-07-01,-1.661823842218803
2017-07-02,-1.6279824369050844
2017-07-03,-1.604756148868009
2017-07-04,-1.388713380459292
2017-07-05,-1.0369955583500963
2017-07-06,-1.5570145039588845
2017-07-07,-1.657614471316272
2017-07-08,-1.3976621610937328
2017-07-09,-1.0225814391705512
2017-07-10,-1.0365579865593093
2017-07-11,-0.9505170521428687
2017-07-12,-0.9437931117522226
2017-07-13,-1.370673713285278
2017-07-14,-1.5438073716490348
2017-07-15,-1.6580432320090372
2017-07-16,-1.6733260254140494
2017-07-17,-1.2338657176056
2017-07-18,-1.2304730951118457
2017-07-19,-1.0757897653561836
2017-07-20,-0.9856797048145175
2017-07-21,-1.1896087019690427
2017-07-22,-1.0552002695041593
2017-07-23,-1.245295264415132
2017-07-24,-1.275077278436327
2017-07-25,-1.1898249308065474
2017-07-26,-1.1524910048705859
2017-07-27,-1.2400659726715642
2017-07-28,-1.0074278922973219
2017-07-29,-1.3546134242760726
2017-07-30,-1.0019113682994003
2017-07-31,-1.154343214570452
2017-08-01,-0.9367527503111227
2017-08-02,-1.2023171108420465
2017-08-03,-1.5673581164501227
2017-08-04,-1.768022682258004
2017-08-05,-2.2125804758114564
2017-08-06,-1.807936247068282
2017-08-07,-1.5846958648692886
2017-08-08,-1.5563675287290013
2017-08-09,-1.843815612714775
2017-08-10,-1.6698753293625481
2017-08-11,-2.360274504404915
2017-08-12,-2.1593085979376325
2017-08-13,-1.8508845970701502
2017-08-14,-1.6234867935059822
2017-08-15,-1.5695720237167647
2017-08-16,-1.3942535040479065
2017-08-17,-1.6311430173599484
2017-08-18,-1.862853451738793
2017-08-19,-1.6051023235427067
2017-08-20,-1.3017344625908858
2017-08-21,-1.176996512140713
2017-08-22,-1.4965660899977462
2017-08-23,-1.2504549989211124
2017-08-24,-1.1054320199735543
2017-08-25,-1.1568581430662748
2017-08-26,-1.2243347189330775
2017-08-27,-0.9218513353806466
2017-08-28,-1.0443827320013295
2017-08-29,-0.890320749751615
2017-08-30,-1.2630768169809101
2017-08-31,-1.1303822407248552
2017-09-01,-1.0065881129752954
2017-09-02,-0.7523023910892114
2017-09-03,-0.9880151627247235
2017-09-04,-1.31970306638371
2017-09-05,-1.2594060256106383
2017-09-06,-0.9827946900052563
2017-09-07,-1.1548856511625079
2017-09-08,-1.1244664503897852
2017-09-09,-1.2388140364367208
2017-09-10,-0.854324986127027
2017-09-11,-1.2798845949840345
2017-09-12,-1.119617635332305
2017-09-13,-0.807906118400849
2017-09-14,-1.0162895456373566
2017-09-15,-1.2560580176380494
2017-09-16,-0.9620535908626083
2017-09-17,-0.6668582580053771
2017-09-18,-0.791623460408264
2017-09-19,-0.6768697064920924
2017-09-20,-0.6548825757416915
2017-09-21,-0.9326965935139888
2017-09-22,-1.0143340337248545
2017-09-23,-1.1786559861895256
2017-09-24,-0.8675255228900662
2017-09-25,-0.6216777395823513
2017-09-26,-0.9225108705126182
2017-09-27,-0.6275741495717432
2017-09-28,-0.49367514293496495
2017-09-29,-0.8791569344248413
2017-09-30,-0.9019026598581737
2017-10-01,-0.9294859556405056
2017-10-02,-0.7187514472127001
2017-10-03,-0.5772192060093894
2017-10-04,-0.9437022121040115
2017-10-05,-1.0578717899753853
2017-10-06,-1.1293590171391217
2017-10-07,-1.29354013645093
2017-10-08,-1.0666632269358176
2017-10-09,-0.6358006232545359
2017-10-10,-0.5832199798575024
2017-10-11,-1.0352757862278383
2017-10-12,-1.0246520555430532
2017-10-13,-0.9114246332042372
2017-10-14,-0.7683668310416059
2017-10-15,-0.5891316348249066
2017-10-16,-0.6939883929857931
2017-10-17,-0.7339710258230471
2017-10-18,-0.46785693235097364
2017-10-19,-0.38735519542688135
2017-10-20,-0.4046871016601908
2017-10-21,-0.7896584465300581
2017-10-22,-0.5173110457104126
2017-10-23,-0.5347099557645362
2017-10-24,-0.45384562578002197
2017-10-25,-0.35460260783341435
2017-10-26,0.0034238141622896265
2017-10-27,-0.3435120355636023
2017-10-28,-0.42613215673508326
2017-10-29,-0.5126509232767675
2017-10-30,-0.7199437478213114
2017-10-31,-0.7565812953223022
2017-11-01,-0.653317164579999
2017-11-02,-0.49577090705495935
2017-11-03,-0.6281084056111885
2017-11-04,-0.654512040889762
2017-11-05,-0.8697540481771457
2017-11-06,-0.6143900516557709
2017-11-07,-0.42490066886861044
2017-11-08,-0.7592976558949345
2017-11-09,-0.2664558087022306
2017-11-10,0.0018761742110758467
2017-11-11,-0.2351010838531493
2017-11-12,-0.4043308872567742
2017-11-13,-0.21467565590154114
2017-11-14,-0.13010294728796326
2017-11-15,-0.38731759627592877
2017-11-16,-0.2483694260989297
2017-11-17,-0.3511065502748327
2017-11-18,-0.45891261214447115
2017-11-19,-0.6406029505343924
2017-11-20,-0.28487134301738914
2017-11-21,-0.8454583222203591
2017-11-22,-0.9439936217358428
2017-11-23,-0.6503045196105695
2017-11-24,-0.38312554960872425
2017-11-25,-0.8215440570666952
2017-11-26,-1.094835797695385
2017-11-27,-0.5116844509884175
2017-11-28,-1.0416452040507125
2017-11-29,-1.230161416988976
2017-11-30,-1.3516741933396965
2017-12-01,-0.37723755500469264
2017-12-02,-0.38180422536332753
2017-12-03,-0.5704549237674392
2017-12-04,-0.2799493532194066
2017-12-05,-0.04757357632462923
2017-12-06,-0.4167234961087756
2017-12-07,-0.5092034961224496
2017-12-08,-0.4277028848367148
2017-12-09,-0.9566891418707241
2017-12-10,-1.0744339067570632
2017-12-11,-0.8901135270537529
2017-12-12,-1.1513782527722891
2017-12-13,-1.0220828931545887
2017-12-14,-0.871896243123997
2017-12-15,-0.872972008545605
2017-12-16,-0.9269276304631443
2017-12-17,-1.1190725145455194
2017-12-18,-0.7067751166695356
2017-12-19,-0.9120703562148903
2017-12-20,-0.9965384917191609
2017-12-21,-0.7542381775799033
2017-12-22,-1.0073634454011289
2017-12-23,-1.3404930500720331
2017-12-24,-1.1834096352976027
2017-12-25,-0.8580220511391666
2017-12-26,-1.5342383110789974
2017-12-27,-1.4483171027741655
2017-12-28,-1.4632328268758952
2017-12-29,-1.8247460800778288
2017-12-30,-1.8261559709851127
2017-12-31,-1.2259454704669843
2018-01-01,-0.9237459724668455
2018-01-02,-0.8808632288162423
2018-01-03,-0.9251586865755528
2018-01-04,-1.295107290272092
2018-01-05,-1.0823812150332173
2018-01-06,-1.0652295482969816
2018-01-07,-1.1587512909762854
2018-01-08,-0.7364163250326365
2018-01-09,-0.6009698950811205
2018-01-10,-0.710550246326291
2018-01-11,-0.7498143641024121
2018-01-12,-1.024281024928111
2018-01-13,-1.1012454038267092
2018-01-14,-0.9944919820893874
2018-01-15,-0.6780336906051364
2018-01-16,-0.8354273783546212
2018-01-17,-1.2544302315157863
2018-01-18,-0.9677431289038992
2018-01-19,-0.9382570119208138
2018-01-20,-1.4885054942222236
2018-01-21,-1.1053442611934952
2018-01-22,-0.6358543578914478
2018-01-23,-0.6999169600774817
2018-01-24,-0.6015186306454099
2018-01-25,-0.7371413314802858
2018-01-26,-0.7737616404227168
2018-01-27,-0.8330734704895265
2018-01-28,-0.9838822670195577
2018-01-29,-0.7285023178864627
2018-01-30,-0.926535594635252
2018-01-31,-0.8061060879134525
2018-02-01,-0.5485005480624761
2018-02-02,-0.8445234821858598
2018-02-03,-1.0178698432428976
2018-02-04,-0.8060047001409348
2018-02-05,-0.7145175789251085
2018-02-06,-1.02523120648184
2018-02-07,-0.7593890809149657
2018-02-08,-0.7748309359607171
2018-02-09,-0.9400234748235118
2018-02-10,-0.8028518242527799
2018-02-11,-0.8937916581738394
2018-02-12,-0.6540073108820673
2018-02-13,-0.7176595529232422
2018-02-14,-0.44741678843035393
2018-02-15,-0.353527621445203
2018-02-16,-0.20609799254208477
2018-02-17,-0.6720764024462167
2018-02-18,-0.7913996907574141
2018-02-19,-0.8829523668855167
2018-02-20,-0.9642590738621126
2018-02-21,-1.0393122270723523
2018-02-22,-1.0895214450636306
2018-02-23,-1.0934220413955351
2018-02-24,-1.0755817655572506
2018-02-25,-0.9758962702104548
2018-02-26,-0.5645214464464644
2018-02-27,-0.7239882036939721
2018-02-28,-0.7489552862671227
2018-03-01,-0.9514136904585963
2018-03-02,-1.1700185822580726
2018-03-03,-1.1070026408081182
2018-03-04,-0.9138229946014811
2018-03-05,-0.746191532437732
2018-03-06,-0.7549783243916739
2018-03-07,-0.9277468313821631
2018-03-08,-0.9914687364513407
2018-03-09,-1.0002496026959262
2018-03-10,-0.9069378754352004
2018-03-11,-1.0302681783233794
2018-03-12,-0.5459095993160863
2018-03-13,-0.5930341282061893
2018-03-14,-0.8625409865913555
2018-03-15,-0.6683491109435309
2018-03-16,-0.8536633442041279
2018-03-17,-0.4888147623436077
2018-03-18,-0.4172184469200292
2018-03-19,-0.41054965249208064
2018-03-20,-0.4617139621319655
2018-03-21,-0.5156938440890395
2018-03-22,-1.0932899943884165
2018-03-23,-1.0964926690902663
2018-03-24,-1.2546618798714317
2018-03-25,-1.224514972489647
2018-03-26,-1.004415751672413
2018-03-27,-0.7974481775647697
2018-03-28,-0.4113900553964857
2018-03-29,-0.4299766494272431
2018-03-30,-0.9487053126828392
2018-03-31,-1.0445824894794444
2018-04-01,-0.9638219028216202
2018-04-02,-0.8045688273783074
2018-04-03,-0.8425572735609276
2018-04-04,-1.3253649724248269
2018-04-05,-1.285983794516605
2018-04-06,-1.7058972969887325
2018-04-07,-1.6197473500223187
2018-04-08,-1.196907660484173
2018-04-09,-0.9779446184176165
2018-04-10,-0.7227129722045446
2018-04-11,-0.7828250125021642
2018-04-12,-1.1741300529166172
2018-04-13,-0.7691283305941126
2018-04-14,-1.1538564644223892
2018-04-15,-0.8946429450877343
2018-04-16,-0.6339049464401944
2018-04-17,-0.7096215457038538
2018-04-18,-0.5198728179557106
2018-04-19,-0.6713873895117761
2018-04-20,-1.0071127495477006
2018-04-21,-0.9096135050244851
2018-04-22,-0.707143835681619
2018-04-23,-0.7104220250567684
2018-04-24,-0.9199349074248052
2018-04-25,-0.666324735419199
2018-04-26,-0.6899619706196098
2018-04-27,-0.7367036413139816
2018-04-28,-0.6147010785479516
2018-04-29,-0.6423779423327042
2018-04-30,-0.5892289105722368
2018-05-01,-0.6278448391560272
2018-05-02,-0.3078487415486876
2018-05-03,-0.7581643686638587
2018-05-04,-0.9276628907688316
2018-05-05,-1.0075228809107573
2018-05-06,-1.124406229529475
2018-05-07,-0.5826395527570011
2018-05-08,-0.5235069033506246
2018-05-09,-0.5522976212613941
2018-05-10,-0.9855918636271076
2018-05-11,-0.7025644710660913
2018-05-12,-0.993972673997966
2018-05-13,-1.1324943289882112
2018-05-14,-0.9047655329778092
2018-05-15,-1.202446067948052
2018-05-16,-0.7520160864802026
2018-05-17,-0.745634688676526
2018-05-18,-0.6000784959559357
2018-05-19,-0.6356333430084028
2018-05-20,-0.9511216184508017
2018-05-21,-0.6579395196407983
2018-05-22,-1.1109349204713472
2018-05-23,-1.1108178508905167
2018-05-24,-0.8747869687461122
2018-05-25,-0.9375407711293579
2018-05-26,-0.7531203450904705
2018-05-27,-0.8323051994231198
2018-05-28,-0.6772432751879133
2018-05-29,-0.7186561970858197
2018-05-30,-0.8887896620499762
2018-05-31,-0.7025325630029272
2018-06-01,-0.6726313031504095
2018-06-02,-0.9541891374905221
2018-06-03,-1.1315624982361032
2018-06-04,-1.1096333750161962
2018-06-05,-1.1124798490437497
2018-06-06,-0.7285912481144472
2018-06-07,-0.9532404243015167
2018-06-08,-0.5063519830415248
2018-06-09,-0.38159355671389095
2018-06-10,-0.22587636102895914
2018-06-11,-0.4840281623595887
2018-06-12,-0.25937047493746324
2018-06-13,-0.6201183307874537
2018-06-14,-0.6442090965492601
2018-06-15,-0.8280241454398768
2018-06-16,-1.2378199559945446
2018-06-17,-1.0214652551852486
2018-06-18,-0.7606841461008622
2018-06-19,-0.7457728249795603
2018-06-20,-0.512574208219005
2018-06-21,-0.607209386588671
2018-06-22,-0.4640911672254716
2018-06-23,-0.8416615104354507
2018-06-24,-0.8267504115135994
2018-06-25,-0.712768282620312
2018-06-26,-0.9347568373935299
2018-06-27,-0.8102588972218936
2018-06-28,-0.8133725447617781
2018-06-29,-0.6168350419814963
2018-06-30,-0.7692116653050012
2018-07-01,-0.9576208626463694
2018-07-02,-0.7769290932281642
2018-07-03,-0.975468532990122
2018-07-04,-0.994208239517226
2018-07-05,-1.0426622224419835
2018-07-06,-1.1647176250514235
2018-07-07,-0.7073003492977366
2018-07-08,-0.5972545092039776
2018-07-09,-0.5264726392095526
2018-07-10,-0.2878351404634062
2018-07-11,-1.0058799531841882
2018-07-12,-0.8819460750806397
2018-07-13,-1.134496113619868
2018-07-14,-1.317598306314374
2018-07-15,-0.8321352999448934
2018-07-16,-0.908466568786785
2018-07-17,-0.518516642237702
2018-07-18,-0.3895009551999992
2018-07-19,-0.5385795214369808
2018-07-20,-0.5671703777264977
2018-07-21,-0.31642319499285837
2018-07-22,-0.5591584282320435
2018-07-23,-0.963489095923636
2018-07-24,-0.6972012999111313
2018-07-25,-0.892027490611326
2018-07-26,-1.1999763252036004
2018-07-27,-0.8986748789041628
2018-07-28,-0.8103856521850051
2018-07-29,-0.8195891548831633
2018-07-30,-0.9413595026814666
2018-07-31,-0.9610486312860615
2018-08-01,-1.114169061438618
2018-08-02,-1.2686948609957496
2018-08-03,-1.5187436292049816
2018-08-04,-1.5537589867762136
2018-08-05,-1.27924929305924
2018-08-06,-1.6002966104005116
2018-08-07,-1.381244747453108
2018-08-08,-1.2604529706597494
2018-08-09,-1.0214030739410525
2018-08-10,-1.3432505415882294
2018-08-11,-1.8397060318986642
2018-08-12,-1.5637581451231923
2018-08-13,-1.3043152734655896
2018-08-14,-1.2590051933832718
2018-08-15,-1.3499005469599414
2018-08-16,-1.1943397683519177
2018-08-17,-1.3814843643617527
2018-08-18,-1.210107361995059
2018-08-19,-1.3746216122508224
2018-08-20,-0.7791976632900317
2018-08-21,-0.5144474860862451
2018-08-22,-0.7096487098961697
2018-08-23,-1.3074689117701552
2018-08-24,-0.8499784390476697
2018-08-25,-1.2413987209261141
2018-08-26,-1.301481620314813
2018-08-27,-0.8137171135328226
2018-08-28,-0.7991679672101135
2018-08-29,-0.6799434311202005
2018-08-30,-1.2909174828385057
2018-08-31,-0.9062278977093242
2018-09-01,-0.3449224345643832
2018-09-02,-0.4111849359451317
2018-09-03,-0.5923318656477355
2018-09-04,-0.44427256167202545
2018-09-05,-0.36680899957030416
2018-09-06,-0.415581008295785
2018-09-07,-0.6212113900833427
2018-09-08,-0.12070237517887986
2018-09-09,-0.23954559798431813
2018-09-10,-0.46867341983911676
2018-09-11,-0.7895935656429459
2018-09-12,-0.8721756735189344
2018-09-13,-1.087910431017496
2018-09-14,-0.8334873638501923
2018-09-15,-1.1448444843927237
2018-09-16,-1.156584438132692
2018-09-17,-1.0014679635730437
2018-09-18,-0.9444511789483756
2018-09-19,-0.6196928626844712
2018-09-20,-0.539433159007707
2018-09-21,-1.4970734265423866
2018-09-22,-1.4607693042403385
2018-09-23,-1.3823563546254098
2018-09-24,-1.1694499875485151
2018-09-25,-1.1175633964393004
2018-09-26,-1.2132055190712516
2018-09-27,-1.4961116662966405
2018-09-28,-1.1950848507330891
2018-09-29,-1.0492420992300835
2018-09-30,-0.9968946130147488
2018-10-01,-0.9732124574256796
2018-10-02,-1.4838081186573429
2018-10-03,-1.421010520745628
2018-10-04,-1.7242947217405313
2018-10-05,-2.071608300000352
2018-10-06,-2.014502804287028
2018-10-07,-1.9127561670352575
2018-10-08,-1.7976925472283962
2018-10-09,-1.4719317132312617
2018-10-10,-1.3424928039427146
2018-10-11,-1.521197046554289
2018-10-12,-1.1346105926609014
2018-10-13,-0.9202925776808115
2018-10-14,-0.9368949274693218
2018-10-15,-0.788317612020823
2018-10-16,-0.8148450112010434
2018-10-17,-0.9400815625958574
2018-10-18,-0.7813774568572727
2018-10-19,-1.0129168045307826
2018-10-20,-0.7959755694583349
2018-10-21,-1.0991289538333564
2018-10-22,-0.7889148508310927
2018-10-23,-0.8710552557883923
2018-10-24,-0.312563499358062
2018-10-25,-0.5203465503578777
2018-10-26,-0.6776436362488746
2018-10-27,-0.5940323229150858
2018-10-28,-0.6407166985158086
2018-10-29,-0.26944674072283875
2018-10-30,-0.657601823561525
2018-10-31,-0.6529890758237769
2018-11-01,-0.6859264575532885
2018-11-02,-0.6704615122308084
2018-11-03,-0.43557783511942655
2018-11-04,-0.6174680521313944
2018-11-05,-0.6183759760978634
2018-11-06,-0.6075378720348491
2018-11-07,-0.41262449878945145
2018-11-08,-0.3320528152079807
2018-11-09,-0.6345636697668983
2018-11-10,-1.0725754834576018
2018-11-11,-0.5999825416867823
2018-11-12,-0.2609963420091693
2018-11-13,-0.3874696670661925
2018-11-14,-0.6392956740292455
2018-11-15,-0.44670264607238025
2018-11-16,-0.3465274343105731
2018-11-17,-0.5961139846661921
2018-11-18,-0.7915003173611357
2018-11-19,-0.8228244638860561
2018-11-20,-0.5979144142551595
2018-11-21,-0.831524739292404
2018-11-22,-0.8538767403660438
2018-11-23,-2.2626528400170987
2018-11-24,-1.7234751526444017
2018-11-25,-1.1741191514291522
2018-11-26,-0.9300105541751108
2018-11-27,-0.9006507076968131
2018-11-28,-1.110390135202983
2018-11-29,-0.7983513109765883
2018-11-30,-1.1860760141112279
2018-12-01,-0.8403319094254196
2018-12-02,-0.6322540875299365
2018-12-03,-0.33621762401224675
2018-12-04,-0.4995879568340835
2018-12-05,-0.6393426924715571
2018-12-06,-2.083777768771387
2018-12-07,-2.0929229344696014
2018-12-08,-2.2292617855061447
2018-12-09,-2.7528927182312386
2018-12-10,-2.131883793061696
2018-12-11,-2.2523818607120125
2018-12-12,-2.5609490956755048
2018-12-13,-2.1175142898394106
2018-12-14,-1.9718583183340315
2018-12-15,-1.9099793580778615
2018-12-16,-1.6111180618876961
2018-12-17,-1.3528385034101362
2018-12-18,-1.2987171190088704
2018-12-19,-1.4731253506937225
2018-12-20,-1.7924507654222899
2018-12-21,-1.9924223940371815
2018-12-22,-2.1882753512138255
2018-12-23,-1.37184941367914
2018-12-24,-1.1572679939854442
2018-12-25,-1.2151764903135782
2018-12-26,-1.6293140178147345
2018-12-27,-1.9538269268223785
2018-12-28,-1.9374574734675818
2018-12-29,-2.0118450611592613
2018-12-30,-1.1926857992520483
2018-12-31,-0.9300878388272208
2019-01-01,-0.9749552120550573
2019-01-02,-0.9446676338958737
2019-01-03,-1.7037218129377092
2019-01-04,-2.0298155484603995
2019-01-05,-1.5167835864712735
2019-01-06,-1.203084138399073
2019-01-07,-1.252194307626131
2019-01-08,-1.2496925668538823
2019-01-09,-1.1697249210854919
2019-01-10,-0.9081525835426202
2019-01-11,-1.386264479425539
2019-01-12,-1.7637516610601833
2019-01-13,-1.633290769156164
2019-01-14,-2.3627305806379777
2019-01-15,-3.1609163506637534
2019-01-16,-2.0793879475635526
2019-01-17,-1.8573261899033433
2019-01-18,-1.4946093638535638
2019-01-19,-1.7621141498585076
2019-01-20,-1.0417074799474744
2019-01-21,-0.9988905382529573
2019-01-22,-1.753474373647195
2019-01-23,-1.324034255048372
2019-01-24,-1.6103598444010307
2019-01-25,-1.4754629203151604
2019-01-26,-1.2847110226427256
2019-01-27,-1.179318725013806
2019-01-28,-1.606539376569313
2019-01-29,-3.0101862373792985
2019-01-30,-1.9009256579968623
2019-01-31,-0.9763579154554262
2019-02-01,-0.9667810970439569
2019-02-02,-0.9152771916606627
2019-02-03,-0.8153385294460834
2019-02-04,-0.5828604463764755
2019-02-05,-0.3679832576243384
2019-02-06,-0.8194420412295207
2019-02-07,-0.9860865802984465
2019-02-08,-1.1817224048861683
2019-02-09,-1.262110739408932
2019-02-10,-1.724314820439048
2019-02-11,-1.3229914862004108
2019-02-12,-1.4053919852501002
2019-02-13,-1.0822221443491662
2019-02-14,-1.1477721286296996
2019-02-15,-1.3405703155097104
2019-02-16,-1.5070024642335358
2019-02-17,-1.1886343393664445
2019-02-18,-1.1172579957897808
2019-02-19,-1.073967234540156
2019-02-20,-1.1378427774363589
2019-02-21,-0.7405992813635955
2019-02-22,-0.9605167810239851
2019-02-23,-0.9212819393221523
2019-02-24,-0.8764444536649063
2019-02-25,-0.9900039897802217
2019-02-26,-0.9939979951812985
2019-02-27,-1.3338519447924606
2019-02-28,-1.4118674499866322
2019-03-01,-1.5301339415406325
2019-03-02,-1.811214539186105
2019-03-03,-1.70312352126839
2019-03-04,-1.6951391521551151
2019-03-05,-1.3601911929006703
2019-03-06,-1.4749327075862002
2019-03-07,-1.83038751226513
2019-03-08,-1.4492735280622049
2019-03-09,-1.3043107717628448
2019-03-10,-1.505591092348788
2019-03-11,-1.3899592846746027
2019-03-12,-1.4717716957972289
2019-03-13,-1.5770448988643535
2019-03-14,-2.026868311180299
2019-03-15,-1.5161693595164019
2019-03-16,-1.804535220818795
2019-03-17,-1.3870516062382012
2019-03-18,-1.1545073617155348
2019-03-19,-0.8914134099442691
2019-03-20,-0.4903329349927745
2019-03-21,-0.9084695701558358
2019-03-22,-1.2965420825604812
2019-03-23,-0.9009559096232329
2019-03-24,-0.5928520609546006
2019-03-25,-0.5845848867255637
2019-03-26,-0.7798707654824562
2019-03-27,-0.8597286527496543
2019-03-28,-1.3340191032083697
2019-03-29,-1.0744624448230298
2019-03-30,-1.2812630697718972
2019-03-31,-1.230166320367505
2019-04-01,-0.9175258301420756
2019-04-02,-1.091964113980975
2019-04-03,-1.1353991811359
2019-04-04,-1.072307994917869
2019-04-05,-1.2634761127947909
2019-04-06,-1.417794370708129
2019-04-07,-1.002119310827135
2019-04-08,-0.8633341011252273
2019-04-09,-1.0396078362952033
2019-04-10,-0.8609911883488417
2019-04-11,-0.6682747831611607
2019-04-12,-0.4580883627204459
2019-04-13,-0.951752872250445
2019-04-14,-0.7775337005244878
2019-04-15,-0.9068186352621381
2019-04-16,-0.8667463945356978
2019-04-17,-0.8651075954511523
2019-04-18,-0.7386972961417274
2019-04-19,-0.7551268672887279
2019-04-20,-0.903719115225266
2019-04-21,-1.300870415511765
2019-04-22,-0.8704498913851962
2019-04-23,-0.8910877188396408
2019-04-24,-0.7579119903195298
2019-04-25,-0.03199126233729018
2019-04-26,-0.1826705997638401
2019-04-27,-0.18360229638481107
2019-04-28,-0.22137524605331227
2019-04-29,-0.4157590793372079
2019-04-30,-0.984207155270492
2019-05-01,-1.6880726199060967
2019-05-02,-1.7553208787806989
2019-05-03,-1.3078182039018746
2019-05-04,-1.5688174721880719
2019-05-05,-0.775598522362915
2019-05-06,-1.3904998564518978
2019-05-07,-1.4069603310185361
2019-05-08,-1.3930327376635678
2019-05-09,-1.6569972705205556
2019-05-10,-1.6301768137178516
2019-05-11,-1.5744049363409511
2019-05-12,-1.4529877210957463
2019-05-13,-1.4205307707304908
2019-05-14,-1.209725199743627
2019-05-15,-1.2822630374417194
2019-05-16,-1.933880035042697
2019-05-17,-1.3591886084549067
2019-05-18,-1.7965179642642504
2019-05-19,-1.3742692524630826
2019-05-20,-1.5694698317857947
2019-05-21,-1.4721478008697395
2019-05-22,-1.9082555426801462
2019-05-23,-1.563986837309491
2019-05-24,-1.5798986240360575
2019-05-25,-1.4082255301952107
2019-05-26,-1.030775376740404
2019-05-27,-0.806727398891585
2019-05-28,-0.9072917452886062
2019-05-29,-1.3372274115498544
2019-05-30,-1.6336799572227894
2019-05-31,-1.7528477455832094
2019-06-01,-1.857509297306471
2019-06-02,-2.4665695009250017
2019-06-03,-2.007742985761921
2019-06-04,-2.5887059638559604
2019-06-05,-1.80007879449619
2019-06-06,-1.33906522587375
2019-06-07,-1.5785443799137884
2019-06-08,-1.5545661124936725
2019-06-09,-2.3062073187601393
2019-06-10,-1.8369385299407168
2019-06-11,-1.712363834301767
2019-06-12,-2.078855970065148
2019-06-13,-1.9481653857301837
2019-06-14,-1.6975118654400003
2019-06-15,-2.358170831805291
2019-06-16,-2.491879509477354
2019-06-17,-2.0702240501923685
2019-06-18,-2.003969164100433
2019-06-19,-1.4654298338349232
2019-06-20,-1.3444997581599525
2019-06-21,-1.3070264758055885
2019-06-22,-1.6076939671947055
2019-06-23,-1.4576796572682431
2019-06-24,-1.3884180026935171
2019-06-25,-1.4032096815126263
2019-06-26,-1.3904806917978434
2019-06-27,-1.3454731999900496
2019-06-28,-1.2105981325490554
2019-06-29,-1.1262550600352907
2019-06-30,-1.205917708835971
2019-07-01,-1.6213455842271651
2019-07-02,-1.5987227364431604
2019-07-03,-1.447295874829387
2019-07-04,-1.3784649417328518
2019-07-05,-1.4758147986126995
2019-07-06,-1.2528767857664571
2019-07-07,-1.649265933814556
2019-07-08,-1.540887986096743
2019-07-09,-1.7803632394223068
2019-07-10,-1.2010995147862862
2019-07-11,-1.1755638044681627
2019-07-12,-1.3401026698378677
2019-07-13,-1.4473351441637778
2019-07-14,-2.1392965694721804
2019-07-15,-1.5537848342232996
2019-07-16,-1.364182412491085
2019-07-17,-1.3829359890877972
2019-07-18,-1.3507842033981736
2019-07-19,-1.6657858389820412
2019-07-20,-1.770055921594942
2019-07-21,-1.7923860917280912
2019-07-22,-1.7730324547491139
2019-07-23,-1.5815435734938341
2019-07-24,-1.488315850252636
2019-07-25,-1.317451943203322
2019-07-26,-1.2905821544709126
2019-07-27,-1.7398553711733542
2019-07-28,-2.1083285928183235
2019-07-29,-1.8767012205993407
2019-07-30,-1.7988273340820102
2019-07-31,-1.9132222747522796
2019-08-01,-1.4474656652628972
2019-08-02,-1.8719451532464573
2019-08-03,-2.3999368713703606
2019-08-04,-2.7245584052823877
2019-08-05,-2.4668211353468124
2019-08-06,-2.6153005293880573
2019-08-07,-2.2177095938100106
2019-08-08,-2.144986895371127
2019-08-09,-2.0820009744180057
2019-08-10,-2.420747486113846
2019-08-11,-2.7087693908815043
2019-08-12,-2.8131853103103195
2019-08-13,-3.347166405177371
2019-08-14,-3.153541636542
2019-08-15,-2.5995873711524577
2019-08-16,-2.204317641257252
2019-08-17,-2.510893226888246
2019-08-18,-2.5573808791313946
2019-08-19,-1.855470840917219
2019-08-20,-2.2030364696258764
2019-08-21,-1.9633657102497994
2019-08-22,-1.7721499361235062
2019-08-23,-2.022350192975568
2019-08-24,-2.4879280868478024
2019-08-25,-2.3754551172384857
2019-08-26,-1.8015904029722858
2019-08-27,-1.83531595037203
2019-08-28,-1.652342672831686
2019-08-29,-1.512861937561266
2019-08-30,-1.9416659695526162
2019-08-31,-2.7476922376233226
2019-09-01,-2.974909154189309
2019-09-02,-2.0580779486107446
2019-09-03,-2.1710932206103775
2019-09-04,-2.3938248837771874
2019-09-05,-1.379560346159086
2019-09-06,-1.1406324504482983
2019-09-07,-1.2942645371221226
2019-09-08,-1.7389502625222732
2019-09-09,-1.1727984600630241
2019-09-10,-1.285508791183619
2019-09-11,-1.1313196216943995
2019-09-12,-1.045512694341929
2019-09-13,-1.1514377632170014
2019-09-14,-1.5492800464784215
2019-09-15,-1.7833905444683966
2019-09-16,-1.2030928996619428
2019-09-17,-1.0682963786298456
2019-09-18,-0.8665286356706666
2019-09-19,-0.9327574831959247
2019-09-20,-0.9868057424793458
2019-09-21,-1.2776880437114957
2019-09-22,-1.329508112736144
2019-09-23,-1.0813481600743795
2019-09-24,-1.0789581931248127
2019-09-25,-0.9864266837866505
2019-09-26,-0.968093346165296
2019-09-27,-1.0356430152341818
2019-09-28,-1.1315259139315204
2019-09-29,-1.7359337653708293
2019-09-30,-1.457020714614938
2019-10-01,-1.7360073097677102
2019-10-02,-1.8068945049616756
2019-10-03,-1.9789303544885268
2019-10-04,-2.4109969311714434
2019-10-05,-2.842319153267761
2019-10-06,-2.87002734071902
2019-10-07,-2.0424257002936925
2019-10-08,-1.5717473368379444
2019-10-09,-1.3940977260911165
2019-10-10,-0.9527169542635076
2019-10-11,-0.6323436655437479
2019-10-12,-0.18490613923155716
2019-10-13,-0.8473898271739401
2019-10-14,-1.0357056364699306
2019-10-15,-1.0947289371142033
2019-10-16,-1.1899794298127888
2019-10-17,-0.9974724808206388
2019-10-18,-0.9770893018319983
2019-10-19,-0.9149742986720295
2019-10-20,-1.7496585316639046
2019-10-21,-1.159035903638109
2019-10-22,-0.6542252452735063
2019-10-23,-1.2608543084650814
2019-10-24,-1.2548933048350528
2019-10-25,-1.4863203590927034
2019-10-26,-1.5060562425769601
2019-10-27,-1.5317254354597236
2019-10-28,-0.6995937761063885
2019-10-29,-0.7200641760712194
2019-10-30,-1.068860948232615
2019-10-31,-1.1001866586568416
2019-11-01,-1.0077023154855314
2019-11-02,-0.939503070256596
2019-11-03,-1.545980613982376
2019-11-04,-0.6044385010093825
2019-11-05,-0.8040902386477689
2019-11-06,-0.5805252026962207
2019-11-07,-0.8115045616695045
2019-11-08,-1.05002918922222
2019-11-09,-0.9360534245710779
2019-11-10,-0.7657816665230661
2019-11-11,-0.8883432483550346
2019-11-12,-1.4334999901503749
2019-11-13,-1.3924482966903087
2019-11-14,-1.5767890333379306
2019-11-15,-1.6535912924286573
2019-11-16,-1.8278682983276562
2019-11-17,-2.303980699600453
2019-11-18,-2.125976195140797
2019-11-19,-1.8885587965377777
2019-11-20,-1.9023150217013618
2019-11-21,-1.581458309251391
2019-11-22,-1.5814645296379624
2019-11-23,-1.7396557235422316
2019-11-24,-1.8301522060534618
2019-11-25,-1.6528494696108087
2019-11-26,-1.79418257598939
2019-11-27,-1.558584713530383
2019-11-28,-1.7408052899779494
2019-11-29,-1.5508514305180068
2019-11-30,-1.6832841835251076
2019-12-01,-1.468218517607921
2019-12-02,-1.5634075442047783
2019-12-03,-1.452719957534606
2019-12-04,-1.7180287328731754
2019-12-05,-1.4228841553072136
2019-12-06,-1.3064338284974395
2019-12-07,-1.5196931787745191
2019-12-08,-1.63388726181609
2019-12-09,-1.1656502394684494
2019-12-10,-1.3296155953043969
2019-12-11,-1.3223803524473552
2019-12-12,-1.181990005434441
2019-12-13,-0.9243759128521608
2019-12-14,-1.4500468923009813
2019-12-15,-1.3612898675769085
2019-12-16,-1.2230923692724853
2019-12-17,-1.1980855231652878
2019-12-18,-0.8655720930392807
2019-12-19,-0.9328698437703754
2019-12-20,-1.1497529798458672
2019-12-21,-1.448931102401761
2019-12-22,-1.5713504657356074
2019-12-23,-1.4631516218775849
2019-12-24,-1.582210006386208
2019-12-25,-1.3745766080215187
2019-12-26,-1.2149014058227747
2019-12-27,-1.4437490722517639
2019-12-28,-2.0410709569192433
2019-12-29,-1.7167274977877904
2019-12-30,-1.7128897483332526
2019-12-31,-1.7323795701020193
2020-01-01,-2.505509814886292
2020-01-02,-0.8094243327106698
2020-01-03,-1.4228514220891981
2020-01-04,-2.038086571126118
2020-01-05,-2.555876035899128
2020-01-06,-1.5371400021571096
2020-01-07,-1.3677158136198444
2020-01-08,-1.4320713361829431
2020-01-09,-1.2202688483078985
2020-01-10,-0.857541795074974
2020-01-11,-1.0565844761579546
2020-01-12,-0.9733383164353836
2020-01-13,-1.3273507518643715
2020-01-14,-1.305375545092407
2020-01-15,-1.1565796913862787
2020-01-16,-0.895286492223732
2020-01-17,-1.0240500719863377
2020-01-18,-0.7920845590307428
2020-01-19,-0.8765694370884893
2020-01-20,-1.7091119255201863
2020-01-21,-2.5723302357382796
2020-01-22,-2.491749907807032
2020-01-23,-2.623210435276379
2020-01-24,-2.631364821488022
2020-01-25,-2.732659384254894
2020-01-26,-3.1406952723106882
2020-01-27,-2.932657157253893
2020-01-28,-2.920546020057642
2020-01-29,-2.939465980101221
2020-01-30,-2.9829202774163934
2020-01-31,-3.086681030532796
2020-02-01,-3.096824822068894
2020-02-02,-3.1104454581230376
2020-02-03,-3.063604487725517
2020-02-04,-3.0295869649896083
2020-02-05,-2.7410741900313673
2020-02-06,-2.9484161627287198
2020-02-07,-3.049606674916172
2020-02-08,-3.2549868739101413
2020-02-09,-3.1158793072103865
2020-02-10,-2.8301715947720596
2020-02-11,-2.804327347456839
2020-02-12,-2.80115707936765
2020-02-13,-2.802319449926238
2020-02-14,-2.8057007827319262
2020-02-15,-2.701327675302189
2020-02-16,-2.7667137915864615
2020-02-17,-2.592016288765384
2020-02-18,-2.7528052739231805
2020-02-19,-2.7842503493564896
2020-02-20,-2.731591556903418
2020-02-21,-2.945544632461352
2020-02-22,-2.961881246061833
2020-02-23,-2.860604407937788
2020-02-24,-2.7206522762800227
2020-02-25,-2.8567350385074284
2020-02-26,-2.717587650087076
2020-02-27,-2.707000427240442
2020-02-28,-2.8140585410043397
2020-02-29,-2.88672502496812
2020-03-01,-2.921298201751799
2020-03-02,-2.5484508936048553
2020-03-03,-2.5869176478321947
2020-03-04,-2.5276251605329136
2020-03-05,-2.679056729491805
2020-03-06,-2.452912122852319
2020-03-07,-2.695779037948334
2020-03-08,-2.9189994675750257
2020-03-09,-2.552535407052891
2020-03-10,-2.629973828171198
2020-03-11,-2.4581393251588275
2020-03-12,-2.8541555442012765
2020-03-13,-2.8369338682964407
2020-03-14,-2.8116520413084616
2020-03-15,-2.739326306261305
2020-03-16,-2.5648453995197644
2020-03-17,-2.704714816514425
2020-03-18,-2.6353371950528555
2020-03-19,-2.752550607114372
2020-03-20,-2.9326536711578655
2020-03-21,-2.7684394995782884
2020-03-22,-2.825622773383555
2020-03-23,-2.67379016575647
2020-03-24,-2.5472592670353453
2020-03-25,-2.630506509555282
2020-03-26,-2.7118334518053326
2020-03-27,-2.57858807341224
2020-03-28,-2.6257426778869464
2020-03-29,-2.5910660689500404
2020-03-30,-2.4968568856114803
2020-03-31,-2.482235356876851
2020-04-01,-2.5032645549669623
2020-04-02,-2.515980895154681
2020-04-03,-2.587425713295364
2020-04-04,-2.737678583771475
2020-04-05,-2.893973890108668
2020-04-06,-2.5745234794029908
2020-04-07,-2.4712279413774128
2020-04-08,-2.5492616830651786
2020-04-09,-2.407149963012217
2020-04-10,-2.589888960886928
2020-04-11,-2.900793901977778
2020-04-12,-2.9574279845461855
2020-04-13,-2.7733026748257346
2020-04-14,-2.5869855200996463
2020-04-15,-2.781557171074353
2020-04-16,-2.5661565126790853
2020-04-17,-2.6904874037602355
2020-04-18,-2.916676387911581
2020-04-19,-3.1674676291819375
2020-04-20,-2.8526426218225285
2020-04-21,-2.8068400420851
2020-04-22,-2.8078448026697265
2020-04-23,-2.5829926349067223
2020-04-24,-2.3633424625201953
2020-04-25,-2.442126610983515
2020-04-26,-2.5831267497287658
2020-04-27,-2.6011065778849916
2020-04-28,-2.534241843324602
2020-04-29,-2.4339940648942036
2020-04-30,-2.439721406061827
2020-05-01,-2.773829138379865
2020-05-02,-2.6725029410802956
2020-05-03,-2.969082968011773
2020-05-04,-2.6940261009903526
2020-05-05,-2.7442350848623556
2020-05-06,-2.5859700319429844
2020-05-07,-2.688762076749662
2020-05-08,-2.3094436907854208
2020-05-09,-2.4762584767978235
2020-05-10,-2.896394825388629
2020-05-11,-2.628170903676225
2020-05-12,-2.472012457528274
2020-05-13,-2.4355833637337203
2020-05-14,-2.4706805678860784
2020-05-15,-2.5842920720811455
2020-05-16,-2.632224355193592
2020-05-17,-2.7085086406130614
2020-05-18,-2.451418651925498
2020-05-19,-2.475511262461944
2020-05-20,-2.319644430301435
2020-05-21,-2.3252264712734756
2020-05-22,-2.52553940717642
2020-05-23,-2.5834417223561763
2020-05-24,-2.9460983140603374
2020-05-25,-2.7921485474974914
2020-05-26,-2.4707873321047265
2020-05-27,-2.9326724520271656
2020-05-28,-2.6446121971223087
2020-05-29,-2.3959784441123833
2020-05-30,-2.6734278501544506
2020-05-31,-2.343730007667502
2020-06-01,-2.586881403423864
2020-06-02,-2.5110682516274414
2020-06-03,-2.4508900497495962
2020-06-04,-2.9197532636797314
2020-06-05,-2.520542500377117
2020-06-06,-2.647159337249982
2020-06-07,-2.5878429261574216
2020-06-08,-2.24395671003299
2020-06-09,-2.1218439509672478
2020-06-10,-1.949038355126421
2020-06-11,-2.2011973523377546
2020-06-12,-2.1415654851397625
2020-06-13,-2.7474417881923863
2020-06-14,-2.750244089585006
2020-06-15,-2.507354296593107
2020-06-16,-2.9389992778019174
2020-06-17,-3.3444115118978153
2020-06-18,-3.0182568080697667
2020-06-19,-3.239466232406126
2020-06-20,-3.2623708955359483
2020-06-21,-3.087688700733401
2020-06-22,-2.4671298233009478
2020-06-23,-2.352679915066068
2020-06-24,-2.1809354014437705
2020-06-25,-2.2643814417239674
2020-06-26,-2.5085331920172727
2020-06-27,-2.762009061427402
2020-06-28,-2.341571729662731
2020-06-29,-2.502036652470561
2020-06-30,-2.7897872263261885
2020-07-01,-2.764715713623403
2020-07-02,-2.501167287557027
2020-07-03,-2.5840645897920758
2020-07-04,-2.2876882319497485
2020-07-05,-2.1191706699959023
2020-07-06,-2.508549437613444
2020-07-07,-2.6202635422723737
2020-07-08,-2.4937701212645362
2020-07-09,-2.416666094329419
2020-07-10,-2.656660966601352
2020-07-11,-2.663820478033403
2020-07-12,-2.6089509782626523
2020-07-13,-2.779309146573315
2020-07-14,-2.664982536797103
2020-07-15,-2.4667294904971895
2020-07-16,-2.269725761446483
2020-07-17,-2.249151494621442
2020-07-18,-2.403423709951465
2020-07-19,-2.5413656006382745
2020-07-20,-2.496273368020183
2020-07-21,-2.747970105208115
2020-07-22,-2.706389622858257
2020-07-23,-2.556800719714766
2020-07-24,-2.5029158036623995
2020-07-25,-2.6460478850703932
2020-07-26,-2.6444694061375196
2020-07-27,-2.4078411534917348
2020-07-28,-2.1491126579120663
2020-07-29,-2.0576432979040273
2020-07-30,-2.213876197411748
2020-07-31,-2.3789388118371715
2020-08-01,-2.3925504264430697
2020-08-02,-2.2743331465542753
2020-08-03,-2.0180479136731226
2020-08-04,-2.129970529985131
2020-08-05,-2.0539142636543573
2020-08-06,-2.2601391068944725
2020-08-07,-2.631721079495582
2020-08-08,-2.693412279409903
2020-08-09,-2.4371184288186143
2020-08-10,-2.639471896492152
2020-08-11,-2.3410431962627194
2020-08-12,-2.285436596269954
2020-08-13,-2.125467825372836
2020-08-14,-2.019919215964964
2020-08-15,-2.108370874791429
2020-08-16,-2.119983596552676
2020-08-17,-1.9789534838448137
2020-08-18,-2.0598901930265234
2020-08-19,-1.8925103269720316
2020-08-20,-1.715443217501052
2020-08-21,-1.661658587145824
2020-08-22,-1.7719190589133118
2020-08-23,-2.0300423578963174
2020-08-24,-1.5645599687736254
2020-08-25,-1.788868035531198
2020-08-26,-2.1895449200972315
2020-08-27,-2.0778734289886893
2020-08-28,-2.0941273672316307
2020-08-29,-2.0043197492337104
2020-08-30,-1.9987373727642337
2020-08-31,-1.8844637622633118
2020-09-01,-2.1644241551595216
2020-09-02,-2.0363291776459627
2020-09-03,-1.9990672671330383
2020-09-04,-1.7344808689004254
2020-09-05,-2.009497926985583
2020-09-06,-2.1356772032022135
2020-09-07,-1.956358396621634
2020-09-08,-2.190741089185146
2020-09-09,-2.098252472619762
2020-09-10,-2.0238145265742866
2020-09-11,-1.9161777530987438
2020-09-12,-2.040534729442547
2020-09-13,-1.9878526492162147
2020-09-14,-1.3972728539717585
2020-09-15,-1.810758075021508
2020-09-16,-1.9084129961466718
2020-09-17,-1.6147693269782204
2020-09-18,-1.4218413869924782
2020-09-19,-1.9588319536186551
2020-09-20,-1.7357191535258196
2020-09-21,-1.7100604478533907
2020-09-22,-2.5785058752112255
2020-09-23,-2.1892947837749808
2020-09-24,-2.1251737160223816
2020-09-25,-1.9233133468948842
2020-09-26,-1.954762109926821
2020-09-27,-2.0026081347232374
2020-09-28,-1.8804559274070267
2020-09-29,-1.8845856280629116
2020-09-30,-1.6229702246904305
2020-10-01,-1.4555549123685212
2020-10-02,-1.9552667051553716
2020-10-03,-1.947220932762738
2020-10-04,-1.317306998802475
2020-10-05,-1.7916627429535472
2020-10-06,-1.8673456908477652
2020-10-07,-1.9660042163344393
2020-10-08,-2.1733138679763577
2020-10-09,-1.6748469560330537
2020-10-10,-1.389242797086378
2020-10-11,-1.4351048746997965
2020-10-12,-1.1025750275940591
2020-10-13,-1.4191198265050715
2020-10-14,-1.537293895200546
2020-10-15,-1.6834987153620153
2020-10-16,-1.2671786195324253
2020-10-17,-1.9208585520239738
2020-10-18,-2.158245892700064
2020-10-19,-1.9395658111409302
2020-10-20,-1.5211313784673766
2020-10-21,-1.5708425068851901
2020-10-22,-1.3837738454170532
2020-10-23,-2.129285222270269
2020-10-24,-1.8173058896528647
2020-10-25,-1.706488211705005
2020-10-26,-1.3864949289080284
2020-10-27,-1.3653581915706638
2020-10-28,-1.815937669732333
2020-10-29,-1.7952955278458456
2020-10-30,-1.3425373997245955
2020-10-31,-1.682782399066565
2020-11-01,-1.664877956505637
2020-11-02,-1.5643439710114837
2020-11-03,-1.3950282952985684
2020-11-04,-1.3049613485755571
2020-11-05,-1.449675524459035
2020-11-06,-1.303609542313185
2020-11-07,-2.142491357531052
2020-11-08,-1.3220305287016993
2020-11-09,-0.8567894771775256
2020-11-10,-1.326442425992956
2020-11-11,-1.4157088777467435
2020-11-12,-1.7816000258634832
2020-11-13,-1.3355697202523455
2020-11-14,-1.5384767459377255
2020-11-15,-1.228297011464598
2020-11-16,-0.7588698825455862
2020-11-17,-1.269024146271994
2020-11-18,-1.4662048165910746
2020-11-19,-1.5714929875130594
2020-11-20,-1.4837713993564035
2020-11-21,-1.3778678346280018
2020-11-22,-1.4070061562928757
2020-11-23,-1.2255516702223874
2020-11-24,-1.3347365317632842
2020-11-25,-1.4154056651056797
2020-11-26,-0.8485445393135547
2020-11-27,-1.537778454934659
2020-11-28,-1.8404319967024851
2020-11-29,-1.6999027355426888
2020-11-30,-2.072793456246044
2020-12-01,-1.8931862573824527
2020-12-02,-1.8801953479765894
2020-12-03,-2.105017351211974
2020-12-04,-2.1100512742223136
2020-12-05,-2.3133145358145746
2020-12-06,-1.7374496692391201
2020-12-07,-1.6679893893175766
2020-12-08,-1.7310541382615172
2020-12-09,-1.699742318095733
2020-12-10,-1.7656993985854532
2020-12-11,-1.7820610583344723
2020-12-12,-1.7853804920122291
2020-12-13,-1.755422133233706
2020-12-14,-1.6220313727206708
2020-12-15,-1.8863224465029944
2020-12-16,-1.409440617772812
2020-12-17,-1.337473805752816
2020-12-18,-1.4037662407248785
2020-12-19,-2.170922183844296
2020-12-20,-1.7650117124519487
2020-12-21,-1.7383415219039997
2020-12-22,-1.8563879448700618
2020-12-23,-1.560211977107616
2020-12-24,-1.607896945308712
2020-12-25,-1.5665601505363729
2020-12-26,-1.6197982963244224
2020-12-27,-2.2659661995389286
2020-12-28,-2.976517127789304
2020-12-29,-2.4038758409089596
2020-12-30,-2.2090131994299713
2020-12-31,-1.7639867147130095
2021-01-01,-1.3493028124659556
2021-01-02,-1.7851388969624764
2021-01-03,-1.971729910697637
2021-01-04,-1.50334013666777
2021-01-05,-1.7089930973814818
2021-01-06,-2.183984808888659
2021-01-07,-2.1325649597831657
2021-01-08,-1.832951690461277
2021-01-09,-2.0538651110195
2021-01-10,-1.8922663914862912
2021-01-11,-1.5793954657639047
2021-01-12,-1.8570088053484322
2021-01-13,-1.8145914850759495
2021-01-14,-2.026209979103469
2021-01-15,-2.0471262366229914
2021-01-16,-1.7011821118814763
2021-01-17,-1.6474435066900694
2021-01-18,-1.5887238834340445
2021-01-19,-2.014552760610595
2021-01-20,-2.1041466039682635
2021-01-21,-1.925726784596354
2021-01-22,-1.7476588422925938
2021-01-23,-2.165062573140947
2021-01-24,-1.7358624004407668
2021-01-25,-1.8785386422057828
2021-01-26,-1.6251670789055959
2021-01-27,-1.6577958689087493
2021-01-28,-1.6233599484891825
2021-01-29,-1.6561471779909003
2021-01-30,-1.8718782008142292
2021-01-31,-1.7456117920945688
2021-02-01,-1.5891779951360716
2021-02-02,-1.6161510053713002
2021-02-03,-1.7641017372027703
2021-02-04,-1.8322061090547834
2021-02-05,-1.6601862900707303
2021-02-06,-1.794251214628626
2021-02-07,-0.9146017560232066
2021-02-08,-1.5113914414541976
2021-02-09,-1.3914148150057657
2021-02-10,-1.222780280673311
2021-02-11,-1.4906306659117938
2021-02-12,-1.4764196575944273
2021-02-13,-1.9242200884132177
2021-02-14,-1.7579219792453522
2021-02-15,-1.5187197410276259
2021-02-16,-1.6779583800532707
2021-02-17,-2.0013986114121036
2021-02-18,-1.5582642651021594
2021-02-19,-2.0005765752068436
2021-02-20,-1.6160808206993817
2021-02-21,-1.8027756132478858
2021-02-22,-1.883319341898528
2021-02-23,-1.722879697335461
2021-02-24,-1.479994901086125
2021-02-25,-1.5325843554969296
2021-02-26,-1.3828742170688775
2021-02-27,-1.3627429548843515
2021-02-28,-1.3680048366000113
2021-03-01,-1.8369174832007167
2021-03-02,-1.3680573807672312
2021-03-03,-1.688639353329804
2021-03-04,-1.7748347547241303
2021-03-05,-1.5416785732322407
2021-03-06,-1.4924834410710126
2021-03-07,-1.4783226123684183
2021-03-08,-1.4631142602196294
2021-03-09,-1.5265592454513475
2021-03-10,-1.4843933506421159
2021-03-11,-1.590060360680837
2021-03-12,-1.4160137764162133
2021-03-13,-1.4984107701111309
2021-03-14,-1.8452641671319092
2021-03-15,-2.029430387206248
2021-03-16,-1.8316857789690675
2021-03-17,-1.9562490379853736
2021-03-18,-2.3579641691151028
2021-03-19,-2.7039600371849524
2021-03-20,-2.466385149481743
2021-03-21,-2.2873159746809906
2021-03-22,-2.8383578867074295
2021-03-23,-2.654939836210007
2021-03-24,-2.1657083607468706
2021-03-25,-1.8941332085341418
2021-03-26,-2.1865603023836764
2021-03-27,-1.9656603397752093
2021-03-28,-2.2742438927271884
2021-03-29,-1.7816813260946285
2021-03-30,-1.5934637565583256
2021-03-31,-1.920053800282486
2021-04-01,-1.7877787762916024
2021-04-02,-1.5496682171787513
2021-04-03,-1.314202017611436
2021-04-04,-1.6905338181556036
2021-04-05,-1.8499116809067404
2021-04-06,-1.5719544988875676
2021-04-07,-2.150347219562555
2021-04-08,-1.9291648785326614
2021-04-09,-1.6352296360993055
2021-04-10,-1.7397122111265932
2021-04-11,-1.4802335779315277
2021-04-12,-1.677187912681746
2021-04-13,-1.587338255823724
2021-04-14,-1.670879897966128
2021-04-15,-1.4560180527925077
2021-04-16,-1.7736159029187626
2021-04-17,-1.8503675989468884
2021-04-18,-1.5907519669559798
2021-04-19,-1.2390130248983375
2021-04-20,-1.3256028716869062
2021-04-21,-1.405704420218391
2021-04-22,-1.6128244867310932
2021-04-23,-1.528513529646661
2021-04-24,-1.2835263421726573
2021-04-25,-1.1596618305066067
2021-04-26,-0.7091572363793377
2021-04-27,-1.007597651546896
2021-04-28,-1.2814297007599313
2021-04-29,-1.4820076612355046
2021-04-30,-1.4598774098548
2021-05-01,-1.1465906032297108
2021-05-02,-1.3694242978698254
2021-05-03,-1.6127539613757111
2021-05-04,-1.3921087667062764
2021-05-05,-1.7657908862240328
2021-05-06,-2.046887462464611
2021-05-07,-1.3215766358936953
2021-05-08,-1.2520213277772596
2021-05-09,-1.9158769649806355
2021-05-10,-1.553856776282646
2021-05-11,-1.5638975842897107
2021-05-12,-1.5525496648141035
2021-05-13,-1.8988258555786905
2021-05-14,-1.6940473912652507
2021-05-15,-1.4192463734479734
2021-05-16,-2.0464677563120888
2021-05-17,-1.798486589881036
2021-05-18,-1.475381058461397
2021-05-19,-1.2947196584632576
2021-05-20,-1.1632397845594575
2021-05-21,-1.1608932946795592
2021-05-22,-1.1174426863753262
2021-05-23,-1.5804964667487171
2021-05-24,-1.5728934726217776
2021-05-25,-1.2382597923451675
2021-05-26,-1.4781859227859742
2021-05-27,-1.8150870853168952
2021-05-28,-1.7438171729767262
2021-05-29,-1.95427083170086
2021-05-30,-1.8102170501606254
2021-05-31,-1.5912744141143194
2021-06-01,-1.6900557470319126
2021-06-02,-1.4758130190070216
2021-06-03,-1.5857177410638057
2021-06-04,-2.5111896222960843
2021-06-05,-2.263684412600708
2021-06-06,-1.85022094844094
2021-06-07,-1.6724597414107587
2021-06-08,-1.1706148484747902
2021-06-09,-1.4463348758654646
2021-06-10,-1.7237424931114762
2021-06-11,-1.7889009118630543
2021-06-12,-1.9637269546006944
2021-06-13,-1.6776564570713624
2021-06-14,-1.6049170552439413
2021-06-15,-1.6855912223051674
2021-06-16,-1.4498552482734646
2021-06-17,-1.3096542136825915
2021-06-18,-1.4183032502455346
2021-06-19,-1.4169966314846643
2021-06-20,-1.5444208627381906
2021-06-21,-1.645987526849633
2021-06-22,-1.6273308938789053
2021-06-23,-1.5341024368385274
2021-06-24,-1.8332070362554096
2021-06-25,-1.5034796425865498
2021-06-26,-1.407333968818171
2021-06-27,-1.4775626637671488
2021-06-28,-1.0508186744492936
2021-06-29,-1.2162465183515925
2021-06-30,-1.2190196791680181
2021-07-01,-0.8334345434274486
2021-07-02,-1.196655473445304
2021-07-03,-1.1300405118150432
2021-07-04,-1.2373475161354992
2021-07-05,-0.7968999731638764
2021-07-06,-1.105044870657696
2021-07-07,-0.9403721840823125
2021-07-08,-0.9672703731839504
2021-07-09,-1.1970082782915337
2021-07-10,-1.2536198502539335
2021-07-11,-1.5611025564584966
2021-07-12,-1.5205777529162061
2021-07-13,-1.5503575305810282
2021-07-14,-1.6871364178606023
2021-07-15,-1.676927830819935
2021-07-16,-1.5960282716611776
2021-07-17,-1.3249147662893281
2021-07-18,-0.9841950283397853
2021-07-19,-1.9098901269821866
2021-07-20,-2.4077158437490076
2021-07-21,-2.287130760847665
2021-07-22,-2.3603551198743102
2021-07-23,-1.9671810802084886
2021-07-24,-2.1316617667184308
2021-07-25,-1.9723736317906304
2021-07-26,-2.0776805502665554
2021-07-27,-2.3549088529811373
2021-07-28,-1.6796535339673622
2021-07-29,-1.8131528109824477
2021-07-30,-2.0483577810037548
2021-07-31,-2.394537448565638
2021-08-01,-1.7111082740522539
2021-08-02,-1.609159808325502
2021-08-03,-1.6712788871754458
2021-08-04,-1.7581922676150146
2021-08-05,-1.9342235856750984
2021-08-06,-1.6952373154898892
2021-08-07,-1.4779921316536686
2021-08-08,-1.6908866376140859
2021-08-09,-2.043011319403291
2021-08-10,-3.0430430598663034
2021-08-11,-3.1568471890806995
2021-08-12,-2.1750674361426237
2021-08-13,-2.1014832218582167
2021-08-14,-1.7124786336805027
2021-08-15,-2.2888395999394224
2021-08-16,-1.4939003563771602
2021-08-17,-1.993960711921952
2021-08-18,-1.7208904443007877
2021-08-19,-1.4402020477514592
2021-08-20,-1.6675183768287756
2021-08-21,-1.7963527177028482
2021-08-22,-1.698533281639163
2021-08-23,-1.3556616901740857
2021-08-24,-1.6124348482183406
2021-08-25,-1.7279558700946018
2021-08-26,-1.7808934748364902
2021-08-27,-1.6156208822879787
2021-08-28,-1.6632834497758915
2021-08-29,-1.748422575188446
2021-08-30,-1.383760137388703
2021-08-31,-1.4723380373592787
2021-09-01,-1.326378838525597
2021-09-02,-1.2463169889126944
2021-09-03,-1.1207731029052903
2021-09-04,-1.1128822655132165
2021-09-05,-1.2984863236821385
2021-09-06,-1.2070489046633903
2021-09-07,-1.2287753233471062
2021-09-08,-1.2961124367178956
2021-09-09,-1.257318311082654
2021-09-10,-1.474741715675705
2021-09-11,-1.1592960388640325
2021-09-12,-1.2837529321477839
2021-09-13,-1.036096410793376
2021-09-14,-1.2776644871653136
2021-09-15,-1.8217837062670073
2021-09-16,-1.2959770948075375
2021-09-17,-1.002811831449766
2021-09-18,-0.8302934491092392
2021-09-19,-1.2965232001128315
2021-09-20,-1.4159263426137132
2021-09-21,-1.763300857563681
2021-09-22,-1.2141438358661552
2021-09-23,-1.0768940182153557
2021-09-24,-1.819491040060208
2021-09-25,-2.3230956403809584
2021-09-26,-1.6893315171973604
2021-09-27,-1.4548647672475994
2021-09-28,-1.509961967548493
2021-09-29,-1.3660153271308582
2021-09-30,-0.9923350422827752
2021-10-01,-1.0582794982057842
2021-10-02,-1.408876746863597
2021-10-03,-1.5273524753370737
2021-10-04,-1.7556949347553303
2021-10-05,-1.6342536984360683
2021-10-06,-1.7305700241903519
2021-10-07,-1.601899051931268
2021-10-08,-1.4539626071910428
2021-10-09,-1.2715972338673194
2021-10-10,-1.755391278371667
2021-10-11,-1.8518859177650435
2021-10-12,-1.346435936206979
2021-10-13,-1.2688347940313567
2021-10-14,-1.426472723309113
2021-10-15,-1.2206320240665547
2021-10-16,-1.4950861940051474
2021-10-17,-1.4946198989861899
2021-10-18,-1.0465660952065583
2021-10-19,-1.306957669512843
2021-10-20,-1.1742215334753126
2021-10-21,-1.4442620767310506
2021-10-22,-1.2194839297171476
2021-10-23,-1.1661231025305834
2021-10-24,-1.4482321178918334
2021-10-25,-0.7542190515286485
2021-10-26,-1.0347542996215773
2021-10-27,-0.9041498368380905
2021-10-28,-0.9951630849088046
2021-10-29,-1.2152582106327567
2021-10-30,-1.2137541633264968
2021-10-31,-0.9149095463677258
2021-11-01,-1.227395695527794
2021-11-02,-1.157141289334238
2021-11-03,-1.4607614841570482
2021-11-04,-1.366371796224481
2021-11-05,-1.5524662689233923
2021-11-06,-1.626641734772257
2021-11-07,-1.3479294278545886
2021-11-08,-0.9181197633053493
2021-11-09,-1.4236204608001248
2021-11-10,-1.2489497260595959
2021-11-11,-1.335393578574614
2021-11-12,-1.3419747813958591
2021-11-13,-1.3450777938030838
2021-11-14,-1.4121095334474743
2021-11-15,-1.5547146921113115
2021-11-16,-1.1219928543019049
2021-11-17,-0.7688075469257654
2021-11-18,-1.4014120906844185
2021-11-19,-1.442255918596001
2021-11-20,-1.4057003627963607
2021-11-21,-1.5542770489273394
2021-11-22,-0.9489746830862285
2021-11-23,-1.0658218520966722
2021-11-24,-0.9119427083949172
2021-11-25,-1.3266518901922282
2021-11-26,-1.2768840044575125
2021-11-27,-1.1755903975915911
2021-11-28,-1.773505394929269
2021-11-29,-1.0873984130773209
2021-11-30,-0.8914706333294402
2021-12-01,-0.8953240864276732
2021-12-02,-1.1661752146430138
2021-12-03,-1.0732429407865254
2021-12-04,-0.8612141392699775
2021-12-05,-1.0141236648920495
2021-12-06,-1.3012522913841003
2021-12-07,-1.2072510545500206
2021-12-08,-1.17086124954785
2021-12-09,-1.8426049195481202
2021-12-10,-1.2927251670121225
2021-12-11,-1.711137532656514
2021-12-12,-1.5654424135087759
2021-12-13,-1.6269913173339445
2021-12-14,-1.3829535866767506
2021-12-15,-1.0984482741286823
2021-12-16,-1.3279596974656651
2021-12-17,-1.6943571865725489
2021-12-18,-1.5355476356954687
2021-12-19,-1.7403407374672124
2021-12-20,-1.4203683823357434
2021-12-21,-1.651786458339716
2021-12-22,-1.5021262634048138
2021-12-23,-1.6412460650301253
2021-12-24,-1.454439628323765
2021-12-25,-1.821647113620557
2021-12-26,-1.9468048848592199
2021-12-27,-1.6863413236028866
2021-12-28,-1.5310992774774723
2021-12-29,-1.4068508961715205
2021-12-30,-1.5751775188268644
2021-12-31,-0.9180364856953596
2022-01-01,-0.2829750459883486
2022-01-02,-0.40935868218728405
2022-01-03,-1.3108671551689868
2022-01-04,-1.5519854327218454
2022-01-05,-1.430595960355168
2022-01-06,-1.3869164779145406
2022-01-07,-1.2995245651935987
2022-01-08,-2.08659105740788
2022-01-09,-1.4132860792607023
2022-01-10,-0.9829662816992794
2022-01-11,-1.1574877265589556
2022-01-12,-1.3198603500620474
2022-01-13,-1.5982708541037005
2022-01-14,-1.5236024997953286
2022-01-15,-1.48156437995017
2022-01-16,-1.497947428774119
2022-01-17,-1.3801326126307922
2022-01-18,-1.356297930443356
2022-01-19,-1.2783808650555508
2022-01-20,-1.5749191287105138
2022-01-21,-1.7567070967278262
2022-01-22,-2.203978698082607
2022-01-23,-1.6051183775656055
2022-01-24,-1.662179909836612
2022-01-25,-1.2774471647018013
2022-01-26,-0.7849786786122133
2022-01-27,-1.154323538498179
2022-01-28,-0.9544378056816569
2022-01-29,-0.7212401076358735
2022-01-30,-1.0991239124199015
2022-01-31,-1.1110888729405908
2022-02-01,-0.9891035841192536
2022-02-02,-1.2587309623193124
2022-02-03,-1.379650991211246
2022-02-04,-1.1635698495982172
2022-02-05,-0.38100703799782565
2022-02-06,-0.372110373981399
2022-02-07,-0.7743296898902318
2022-02-08,-1.2943379882131665
2022-02-09,-1.3745868204000617
2022-02-10,-1.3500581606834492
2022-02-11,-1.7464556462916307
2022-02-12,-1.256239289052672
2022-02-13,-1.4124704326923068
2022-02-14,-0.9356786439797441
2022-02-15,-1.3042005150185578
2022-02-16,-1.3693094951678488
2022-02-17,-1.5282543113968314
2022-02-18,-1.6044170603020012
2022-02-19,-1.9334522405856203
2022-02-20,-1.7543926451209269
2022-02-21,-1.6222319011092519
2022-02-22,-1.568720532135157
2022-02-23,-1.9838639739713013
2022-02-24,-2.402349994818069
2022-02-25,-2.364610763610132
2022-02-26,-2.301809229768684
2022-02-27,-2.1287416252253033
2022-02-28,-1.9612795861639565
2022-03-01,-1.7225822657449028
2022-03-02,-2.144508970161593
2022-03-03,-2.0449541986731625
2022-03-04,-1.7887120176667082
2022-03-05,-1.7024620269451625
2022-03-06,-1.8109831808603056
2022-03-07,-1.7857469724292527
2022-03-08,-1.7704785300911183
2022-03-09,-1.7177942072613652
2022-03-10,-1.8598760810407584
2022-03-11,-1.5645958594943972
2022-03-12,-1.7812695843017115
2022-03-13,-2.5362470414883806
2022-03-14,-2.7569673774989054
2022-03-15,-2.5626910784466026
2022-03-16,-2.3050849756809417
2022-03-17,-2.3273660771935765
2022-03-18,-2.486011192967013
2022-03-19,-2.682564752143844
2022-03-20,-2.322986961827393
2022-03-21,-2.2564067524395535
2022-03-22,-2.099673734330614
2022-03-23,-1.710526107802093
2022-03-24,-1.7378547298372669
2022-03-25,-1.6355652105130192
2022-03-26,-1.6205304395249645
2022-03-27,-1.3479096930449919
2022-03-28,-1.5758220028432768
2022-03-29,-1.2199109584071535
2022-03-30,-1.302943668688034
2022-03-31,-1.2336386326259767
2022-04-01,-1.586063783865155
2022-04-02,-1.5446687270505697
2022-04-03,-1.9270372761585601
2022-04-04,-1.8185669093051282
2022-04-05,-1.9721917354045375
2022-04-06,-1.749348452817199
2022-04-07,-1.7666503472488222
2022-04-08,-2.1035208707666486
2022-04-09,-2.146106381447724
2022-04-10,-2.167372521828666
2022-04-11,-1.8990567456131568
2022-04-12,-2.1040642288318283
2022-04-13,-1.5387685744491613
2022-04-14,-1.6054308188078001
2022-04-15,-1.9404620231388536
2022-04-16,-1.5124852773739836
2022-04-17,-1.0957952197025642
2022-04-18,-1.7431707098929732
2022-04-19,-1.3258097474448525
2022-04-20,-1.552629114014239
2022-04-21,-1.8049630353922987
2022-04-22,-1.4315611404819417
2022-04-23,-1.3385684418420734
2022-04-24,-1.2976942044067428
2022-04-25,-1.3056556335669034
2022-04-26,-1.7799539039838113
2022-04-27,-2.2580292351279367
2022-04-28,-1.7643182749906432
2022-04-29,-1.7713440485061596
2022-04-30,-2.115561507279524
2022-05-01,-2.280842322789795
2022-05-02,-2.0406977426423643
2022-05-03,-1.863332738754472
2022-05-04,-1.8797200688279638
2022-05-05,-2.0570350258139354
2022-05-06,-1.96843126109826
2022-05-07,-1.8344552675893775
2022-05-08,-2.0102656947810544
2022-05-09,-1.718084039107345
2022-05-10,-1.313495440826506
2022-05-11,-1.3710242993026562
2022-05-12,-1.7043486995852772
2022-05-13,-1.3780468140461242
2022-05-14,-1.8136337803825016
2022-05-15,-1.4676235721101631
2022-05-16,-1.8076182376244163
2022-05-17,-1.9638044673237989
2022-05-18,-1.6824937154414734
2022-05-19,-1.4169145312872142
2022-05-20,-1.3207622165932522
2022-05-21,-0.9744526576735761
2022-05-22,-0.9199862434003621
2022-05-23,-1.2383132823035143
2022-05-24,-1.7301671732602075
2022-05-25,-1.455881176944509
2022-05-26,-1.14350491738665
2022-05-27,-1.4482262832063324
2022-05-28,-1.836916899293494
2022-05-29,-1.6265204142031024
2022-05-30,-0.7678042653693764
2022-05-31,-1.1398624405545768
2022-06-01,-1.374312663157922
2022-06-02,-1.2691791305213287
2022-06-03,-1.5557794531720008
2022-06-04,-1.655366795919032
2022-06-05,-1.2578700337050366
2022-06-06,-1.2392390371837063
2022-06-07,-1.2789883411709626
2022-06-08,-1.01500721174853
2022-06-09,-1.5157951274390133
2022-06-10,-1.6660668431270402
2022-06-11,-2.0282391377803557
2022-06-12,-2.0462647725141254
2022-06-13,-1.5024137941601694
2022-06-14,-1.4681557535334469
2022-06-15,-1.2117779462882197
2022-06-16,-1.338625959633347
2022-06-17,-1.182288653093979
2022-06-18,-1.2705833787526009
2022-06-19,-0.8857413128458417
2022-06-20,-1.3947262593615064
2022-06-21,-1.45707121692022
2022-06-22,-1.2908149300770582
2022-06-23,-1.2890444686550817
2022-06-24,-1.3339509482515948
2022-06-25,-1.240474708785186
2022-06-26,-0.8799871223884352
2022-06-27,-0.915590457600313
2022-06-28,-1.1400111301792362
2022-06-29,-0.9356684538043449
2022-06-30,-1.2930186969816226
2022-07-01,-0.9104769904358138
2022-07-02,-1.186441037385763
2022-07-03,-1.5745636976198045
2022-07-04,-1.1657085629486361
2022-07-05,-1.3243908808822684
2022-07-06,-1.2945038520536691
2022-07-07,-1.4751853485539863
2022-07-08,-1.6651144391923252
2022-07-09,-2.293802132782678
2022-07-10,-1.882611467543146
2022-07-11,-1.2519972229795115
2022-07-12,-1.369539324759312
2022-07-13,-1.2188079452926683
2022-07-14,-1.3019821731434096
2022-07-15,-1.254828527412488
2022-07-16,-1.307649730513742
2022-07-17,-1.1814748661883538
2022-07-18,-1.0575404753269957
2022-07-19,-1.5677225167185707
2022-07-20,-1.5855971151800556
2022-07-21,-1.495549449521783
2022-07-22,-1.005276328946061
2022-07-23,-1.471663125643963
2022-07-24,-1.4620550084064257
2022-07-25,-1.2017322833382547
2022-07-26,-1.1936672798950696
2022-07-27,-1.1304955332052582
2022-07-28,-1.521294570193994
2022-07-29,-1.242283360193346
2022-07-30,-1.454582398346443
2022-07-31,-1.2561653043383154
2022-08-01,-1.0685372358268708
2022-08-02,-2.0274317067362153
2022-08-03,-1.9931092545809863
2022-08-04,-2.2405581112255226
2022-08-05,-2.438598802832552
2022-08-06,-2.5107490930047325
2022-08-07,-2.0643596647640283
2022-08-08,-2.10979318763478
2022-08-09,-1.8657794643142658
2022-08-10,-1.589796132699639
2022-08-11,-1.5732185695071128
2022-08-12,-1.4710098518678763
2022-08-13,-1.5430746528135026
2022-08-14,-1.3105039056593366
2022-08-15,-1.528269584399361
2022-08-16,-1.5788270179213562
2022-08-17,-1.1915187221952812
2022-08-18,-1.3657555266244379
2022-08-19,-1.653852348808546
2022-08-20,-1.6304718136146041
2022-08-21,-1.1808215034271996
2022-08-22,-1.1242522068660497
2022-08-23,-1.4689234056366671
2022-08-24,-1.359914785454636
2022-08-25,-1.086830616274872
2022-08-26,-1.3655430218370719
2022-08-27,-1.0880281022257297
2022-08-28,-1.146435812792793
2022-08-29,-1.2988228248912406
2022-08-30,-1.6581006004801437
2022-08-31,-1.6962682519023795
2022-09-01,-2.5122293595089924
2022-09-02,-1.9749121785387334
2022-09-03,-1.5504219080973554
2022-09-04,-1.2575736035200638
2022-09-05,-1.298517198359799
2022-09-06,-1.4810827715779726
2022-09-07,-1.1602136857951222
2022-09-08,-0.9606812886884807
2022-09-09,-0.5239971065195245
2022-09-10,-0.7944736879557247
2022-09-11,-1.0174097769311372
2022-09-12,-1.008019108103971
2022-09-13,-0.983585268376049
2022-09-14,-1.1106538584916106
2022-09-15,-0.6135214872413514
2022-09-16,-0.7109078555466496
2022-09-17,-0.9548237119862979
2022-09-18,-1.4572384001530534
2022-09-19,-1.1183353188249252
2022-09-20,-1.0638809826239544
2022-09-21,-1.1189695981998735
2022-09-22,-1.2902774667905872
2022-09-23,-1.7129092692941923
2022-09-24,-1.5466429706305334
2022-09-25,-1.1499793129737832
2022-09-26,-1.1185961862493083
2022-09-27,-1.1829510331852906
2022-09-28,-1.21485043821503
2022-09-29,-0.9103528442851418
2022-09-30,-0.7142757549197543
2022-10-01,-0.8253890836579018
2022-10-02,-1.2835523795836215
2022-10-03,-1.4925777383922272
2022-10-04,-1.5786734753040443
2022-10-05,-1.6559146167209229
2022-10-06,-1.7698060611775053
2022-10-07,-1.5678487672555677
2022-10-08,-1.6820545235915523
2022-10-09,-0.8393534352435474
2022-10-10,-0.8665650889821666
2022-10-11,-1.2882490428331201
2022-10-12,-1.2995685978566427
2022-10-13,-0.9417805270177024
2022-10-14,-1.2871133885520398
2022-10-15,-0.838467899482818
2022-10-16,-0.37247208749112976
2022-10-17,-0.9073241094447192
2022-10-18,-1.271894187224608
2022-10-19,-1.3227798786085414
2022-10-20,-1.273388996604943
2022-10-21,-0.8434675405096627
2022-10-22,-0.24157544081736607
2022-10-23,0.3765543993402879
2022-10-24,-0.967998813235733
2022-10-25,-0.7937707581323216
2022-10-26,-1.0560096804771189
2022-10-27,-0.9021383304514112
2022-10-28,-0.8765843144306328
2022-10-29,-0.744437271803367
2022-10-30,-1.3937699577212357
2022-10-31,-0.9859831214635094
2022-11-01,-0.5633687084490068
2022-11-02,-0.6271301752531852
2022-11-03,-0.5496600954765319
2022-11-04,-1.0234777636990058
2022-11-05,-0.8298285063773092
2022-11-06,-0.7964914521147824
2022-11-07,-0.6050909500837985
2022-11-08,-0.9969758767402184
2022-11-09,-0.7425235668615344
2022-11-10,-0.6405270182705429
2022-11-11,-0.7341427477387437
2022-11-12,-0.522262456679567
2022-11-13,-0.8468896074644663
2022-11-14,-1.1464469458170796
2022-11-15,-1.2894016040058012
2022-11-16,-1.161482462151645
2022-11-17,-1.0691414299969062
2022-11-18,-0.9447692123640624
2022-11-19,-0.39442982877947014
2022-11-20,-0.9401294031445362
2022-11-21,-0.5778678703196316
2022-11-22,-1.36688993522745
2022-11-23,-1.5822993202943119
2022-11-24,-1.350299066395325
2022-11-25,-1.2450051738490897
2022-11-26,-1.6939775630462568
2022-11-27,-3.3953355085905716
2022-11-28,-3.3042296081719944
2022-11-29,-2.8952224738713705
2022-11-30,-2.3663919316153117
2022-12-01,-2.3680935017815177
2022-12-02,-2.20320315296406
2022-12-03,-2.3344763761825122
2022-12-04,-2.038550629502168
2022-12-05,-1.4379912202835903
2022-12-06,-1.2576210459292834
2022-12-07,-0.9525512640038669
2022-12-08,-0.08923229870973957
2022-12-09,0.25040372045759707
2022-12-10,-0.564088564915241
2022-12-11,-0.505836886518062
2022-12-12,-1.4130013395915073
2022-12-13,-1.8497227031335564
2022-12-14,-2.009280435932846
2022-12-15,-1.8254297700054543
2022-12-16,-1.5362591985230643
2022-12-17,-1.9306837110273027
2022-12-18,-1.553795122383787
2022-12-19,-1.1672903215847898
2022-12-20,-1.4567234453847433
2022-12-21,-1.0672489848813724
2022-12-22,-1.4629263359589648
2022-12-23,-1.634298731360625
2022-12-24,-1.6249662880372822
2022-12-25,-1.5737009853514228
2022-12-26,-1.5655166283489077
2022-12-27,-1.8122097387066394
2022-12-28,-1.9739678320959912
2022-12-29,-1.91528747234287
2022-12-30,-1.8449392247474874
2022-12-31,-1.541300380417906
2023-01-01,-1.2709010042275752
2023-01-02,-1.4980361660063015
2023-01-03,-1.5616979745242174
2023-01-04,-1.6016779606346578
2023-01-05,-1.2553215284261194
2023-01-06,-0.9967175253072621
2023-01-07,-1.2565167608721708
2023-01-08,-1.8779806234428766
2023-01-09,-1.043368291505315
2023-01-10,-1.2267915563321394
2023-01-11,-0.9192705135518063
2023-01-12,-1.0761220022466584
2023-01-13,-0.8995986706804752
2023-01-14,-0.8381986775889333
2023-01-15,-1.2194570368156032
2023-01-16,-0.5406327700666572
2023-01-17,-0.8836070147761921
2023-01-18,-0.9344179448357303
2023-01-19,-1.0234615751833478
2023-01-20,-0.5731531428340194
2023-01-21,-0.1996050824214062
2023-01-22,-0.17141758289407716
2023-01-23,-0.7705163997782764
2023-01-24,-1.283234177357545
2023-01-25,-1.1372635081135523
2023-01-26,-1.2375198944660049
2023-01-27,-0.9976529165472239
2023-01-28,-1.0373815054509121
2023-01-29,-0.6716915480304894
2023-01-30,-1.1769299136297557
2023-01-31,-1.0550642552454703
2023-02-01,-1.260405873516818
2023-02-02,-1.0837580046577815
2023-02-03,-1.4846879482874202
2023-02-04,-1.8720817450895997
2023-02-05,-1.8454476694677515
2023-02-06,-1.317007891277505
2023-02-07,-1.1726034804183727
2023-02-08,-1.1298038753628117
2023-02-09,-1.1998698254416504
2023-02-10,-1.1896859723416588
2023-02-11,-0.903923521690207
2023-02-12,-1.0576693546353375
2023-02-13,-1.1867035259846583
2023-02-14,-1.2725270365932886
2023-02-15,-1.5541046270017618
2023-02-16,-1.6083855668238078
2023-02-17,-1.538436423696562
2023-02-18,-1.7285976645591847
2023-02-19,-2.1244354954911735
2023-02-20,-1.6343628607164056
2023-02-21,-1.4902438494381658
2023-02-22,-1.0897317953797356
2023-02-23,-1.416299313668045
2023-02-24,-1.9570145425077432
2023-02-25,-1.8375276745095974
2023-02-26,-1.8767702193787303
2023-02-27,-1.6037245016121833
2023-02-28,-1.8134655578758827
2023-03-01,-1.6444081535981048
2023-03-02,-1.2793165458088958
2023-03-03,-1.2385004224995497
2023-03-04,-1.6580529918473312
2023-03-05,-1.094587290757158
2023-03-06,-1.2035467609035109
2023-03-07,-1.8067906456491631
2023-03-08,-1.6671233397269147
2023-03-09,-1.1774316386186123
2023-03-10,-0.8006356272528351
2023-03-11,-0.65806143934331
2023-03-12,-0.7464803942766057
2023-03-13,-0.5899961583524659
2023-03-14,-0.9862452444899069
2023-03-15,-1.0993501004561015
2023-03-16,-1.4087129251641892
2023-03-17,-1.1625931354334733
2023-03-18,-1.5454207803209052
2023-03-19,-1.198901234712754
2023-03-20,-1.0932445367834125
2023-03-21,-1.1391340379101316
2023-03-22,-1.1202815635450611
2023-03-23,-1.488442218823165
2023-03-24,-1.3714496109343124
2023-03-25,-1.4336658025411286
2023-03-26,-0.8489322941223865
2023-03-27,-0.8728308792480397
2023-03-28,-0.8783296947069976
2023-03-29,-1.1396147390930447
2023-03-30,-1.1040186216107246
2023-03-31,-0.9055320523881757
2023-04-01,-0.6828319138838055
2023-04-02,-0.9039156779855199
2023-04-03,-0.5666116532524628
2023-04-04,-1.0912429329425626
2023-04-05,-1.0337532749341674
2023-04-06,-0.8086228114532455
2023-04-07,-1.046889259305938
2023-04-08,-1.4059555205046235
2023-04-09,-1.6274139034164257
2023-04-10,-1.7308048294979343
2023-04-11,-1.4359866842139524
2023-04-12,-1.198266698407673
2023-04-13,-1.0792055499259239
2023-04-14,-1.2101705441556638
2023-04-15,-1.0854241880606688
2023-04-16,-1.367568850998132
2023-04-17,-1.6692088061200936
2023-04-18,-1.6881655794473613
2023-04-19,-1.4357241360224604
2023-04-20,-1.1311954540084612
2023-04-21,-0.8087668842138759
2023-04-22,-0.854030011657001
2023-04-23,-0.690334143655378
2023-04-24,-0.7709736271633304
2023-04-25,-0.9640623457501551
2023-04-26,-0.8073709872048003
2023-04-27,-1.076375539067522
2023-04-28,-0.9446818515497523
2023-04-29,-0.9157009903226152
2023-04-30,-1.537089326805977
2023-05-01,-1.1187902508462801
2023-05-02,-1.07711235454677
2023-05-03,-1.0713981948138402
2023-05-04,-0.841011156339097
2023-05-05,-0.8836455773381783
2023-05-06,-0.8445245014145236
2023-05-07,-0.5833032005933201
2023-05-08,-1.0850542248257447
2023-05-09,-1.8918054257633077
2023-05-10,-1.4906526836366618
2023-05-11,-1.1860714624506403
2023-05-12,-1.1275374512194078
2023-05-13,-0.9267852531132935
2023-05-14,-0.7364854272087658
2023-05-15,-1.1169170092537675
2023-05-16,-0.9666195066228427
2023-05-17,-0.8631786154154285
2023-05-18,-0.4967436621662524
2023-05-19,-0.3682049772217567
2023-05-20,-0.942410272673076
2023-05-21,-1.0719285804053902
2023-05-22,-0.8213393458980198
2023-05-23,-0.9273728111023514
2023-05-24,-0.8418979911788086
2023-05-25,-0.8506355834460255
2023-05-26,-0.7563584677302849
2023-05-27,-0.68519911149751
2023-05-28,-0.5139664178742691
2023-05-29,-0.4005716442057947
2023-05-30,-1.0752695492593929
2023-05-31,-1.0031386101096247
2023-06-01,-1.0311866205133862
2023-06-02,-1.1417769396843218
2023-06-03,-1.7769048229905369
2023-06-04,-2.2394821968119127
2023-06-05,-1.2988867093696557
2023-06-06,-0.819863372143817
2023-06-07,-0.9514426869719487
2023-06-08,-0.9530577661520303
2023-06-09,-0.8705829246569335
2023-06-10,-0.5154402991489894
2023-06-11,-0.3661545786828855
2023-06-12,-0.6152524242878836
2023-06-13,-0.506365598651979
2023-06-14,-0.5763464773212559
2023-06-15,-0.6208945957576528
2023-06-16,-0.7424901421183706
2023-06-17,-0.8105721591673047
2023-06-18,-1.1735666923132178
2023-06-19,-0.6363991742535554
2023-06-20,-0.9109331791179817
2023-06-21,-1.1499186036707811
2023-06-22,-1.1999550920152902
2023-06-23,-1.1129846213452168
2023-06-24,-1.0987762526024203
2023-06-25,-0.9213145940300433
2023-06-26,-0.47096028903787895
2023-06-27,-0.5558269507418356
2023-06-28,-0.23900130529265654
2023-06-29,-0.2130601549941663
2023-06-30,-0.4944344338588855
2023-07-01,-0.5143056377046623
2023-07-02,-0.6514353064979517
2023-07-03,-0.7515801026502347
2023-07-04,-1.15887054187732
2023-07-05,-1.1928066005760047
2023-07-06,-0.8004613572850324
2023-07-07,-1.0205607192753139
2023-07-08,-0.716984847006019
2023-07-09,-0.918948065427048
2023-07-10,-1.2190194832131502
2023-07-11,-0.9177460387087255
2023-07-12,-0.8024736566694036
2023-07-13,-0.9359620414795666
2023-07-14,-1.2735605180145
2023-07-15,-1.1398198796812948
2023-07-16,-0.7259443516299791
2023-07-17,-0.774215982703085
2023-07-18,-0.794405799473997
2023-07-19,-1.0339150409960092
2023-07-20,-0.9902108295648977
2023-07-21,-0.9399911804650795
2023-07-22,-1.13031803173552
2023-07-23,-0.5811624498814619
2023-07-24,-0.7969617146142942
2023-07-25,-0.7443637117450036
2023-07-26,-0.9295642844112366
2023-07-27,-0.5603389918771174
2023-07-28,-0.29660364449820215
2023-07-29,-0.5003792093617102
2023-07-30,-0.5620594301280927
2023-07-31,-0.45332257868680137
2023-08-01,-0.8956028309153435
2023-08-02,-0.9398285273775921
2023-08-03,-1.1309949950383642
2023-08-04,-1.1961106998220559
2023-08-05,-1.2006883251758078
2023-08-06,-1.7713928112887214
2023-08-07,-1.285929399855191
2023-08-08,-1.3273715474160455
2023-08-09,-1.2991195131704412
2023-08-10,-1.2052950713042871
2023-08-11,-1.195892900598586
2023-08-12,-1.1799925783224396
2023-08-13,-1.5217989302867285
2023-08-14,-1.0335608138811694
2023-08-15,-0.8325830872246426
2023-08-16,-0.613412351607472
2023-08-17,-0.6146772646192892
2023-08-18,-0.8054544349255007
2023-08-19,-1.1410546835234316
2023-08-20,-0.6540607686694222
2023-08-21,-0.38927691274676285
2023-08-22,-0.7390903970725614
2023-08-23,-0.7032109217132692
2023-08-24,-0.6816264324685912
2023-08-25,-0.6921338658224023
2023-08-26,-0.9960765138019404
2023-08-27,-0.9574258116462292
2023-08-28,-1.0297407032361892
2023-08-29,-1.130920612896878
2023-08-30,-1.2859245342653247
2023-08-31,-0.9935288362657718
2023-09-01,-0.6802600946046652
2023-09-02,-0.36082586892223434
2023-09-03,-0.5363068943994036
2023-09-04,-0.4589806058890378
2023-09-05,-0.5603689983201194
2023-09-06,-0.6807931261634325
2023-09-07,-0.6372653133876945
2023-09-08,-0.6124497420311387
2023-09-09,-0.40514221996577676
2023-09-10,-0.8398241840455629
2023-09-11,-0.7346632452707023
2023-09-12,-0.7015629662020054
2023-09-13,-0.4710133327389126
2023-09-14,-0.2597402435130236
2023-09-15,-0.2741499722880971
2023-09-16,0.4488563582341368
2023-09-17,0.0919825119938375
2023-09-18,-0.4195591780651918
2023-09-19,-0.5853387450279196
2023-09-20,-0.4945383552645022
2023-09-21,-0.26850818499715934
2023-09-22,-0.23835709159461188
2023-09-23,-0.2187050343292488
2023-09-24,-0.34394145347022853
2023-09-25,-0.2686515804579352
2023-09-26,-0.12111013293019544
2023-09-27,-0.29215961952402214
2023-09-28,-0.7527581322927623
2023-09-29,-0.759138842542159
2023-09-30,-0.5542028978617392
2023-10-01,-0.18091361231982733
2023-10-02,-0.6157587397399172
2023-10-03,-1.1309865892957418
2023-10-04,-1.600315054759586
2023-10-05,-1.2770627561631929
2023-10-06,-1.2412349748297333
2023-10-07,-0.9470234255194846
2023-10-08,-1.0471475739735605
2023-10-09,-1.684800141348382
2023-10-10,-1.5608288008692175
2023-10-11,-1.4932167789049453
2023-10-12,-1.134559005752272
2023-10-13,-1.598346972661493
2023-10-14,-1.4693506182668232
2023-10-15,-1.2139111879009992
2023-10-16,-0.8356613851435453
2023-10-17,-0.2449631786715638
2023-10-18,-0.6673550848176962
2023-10-19,-0.5018865485581206
2023-10-20,-0.22470135879990005
2023-10-21,-0.32886299850216016
2023-10-22,-1.0809151119384686
2023-10-23,-1.2529696212608266
2023-10-24,-1.1295371339590308
2023-10-25,-0.6776677799451684
2023-10-26,-0.7179984125224663
2023-10-27,-0.8505428528317593
2023-10-28,-0.6197208797387288
2023-10-29,-0.5339420546430496
2023-10-30,-0.8497616308384149
2023-10-31,-0.9421689813277178
2023-11-01,-0.9732483600659504
2023-11-02,-0.8832032306636521
2023-11-03,-0.8533985257546344
2023-11-04,-0.9831215709363822
2023-11-05,-0.4283239009417915
2023-11-06,0.03061001146497999
2023-11-07,-0.4627640192815873
2023-11-08,-0.023082340682552924
2023-11-09,-0.4774788932920231
2023-11-10,-0.8561967853808724
2023-11-11,-1.198326847599145
2023-11-12,-1.082894849432955
2023-11-13,-0.673519617429121
2023-11-14,-0.8313498090085587
2023-11-15,-0.9615889476421428
2023-11-16,-1.1731411669184728
2023-11-17,-0.8534165954080462
2023-11-18,-0.9210320316117591
2023-11-19,-1.1101286440330895
2023-11-20,-1.0079120391226977
2023-11-21,-1.0758703813334862
2023-11-22,-0.757527798001122
2023-11-23,-0.8152772789044785
2023-11-24,-0.9906821726982386
2023-11-25,-0.8944012904361255
2023-11-26,-0.8071976880331904
2023-11-27,-0.8512208965594363
2023-11-28,-0.833494338376513
2023-11-29,-0.9373463778656778
2023-11-30,-0.8461003053445828
2023-12-01,-0.8444850203502529
2023-12-02,-0.4182742782229391
2023-12-03,-0.656953149158128
2023-12-04,-0.6653757906176497
2023-12-05,-0.6812678219894301
2023-12-06,-0.6628975905076824
2023-12-07,-0.7075943067870812
2023-12-08,-0.9560098926267657
2023-12-09,-0.8874233184562281
2023-12-10,-1.4204402946276016
2023-12-11,-0.9974140282059957
2023-12-12,-0.49206876930175575
2023-12-13,-0.3534950852781863
2023-12-14,-0.48596516815635166
2023-12-15,-0.8270904636735924
2023-12-16,-0.3675474080092074
2023-12-17,-1.010756697907375
2023-12-18,-0.9607850414276412
2023-12-19,-1.012549059960948
2023-12-20,-0.8896563270027416
2023-12-21,-1.242853927317123
2023-12-22,-0.9317566299837343
2023-12-23,-1.0523485955911078
2023-12-24,-1.3989277006761816
2023-12-25,-0.7387030490292911
2023-12-26,-0.8693209692857773
2023-12-27,-1.091870596129768
2023-12-28,-0.9154305916838329
2023-12-29,-0.6571164680575563
2023-12-30,-1.1659120581048166
2023-12-31,-0.42046237537596426
2024-01-01,-0.10408391221205678
2024-01-02,-0.9261522093453387
2024-01-03,-0.9955623563921115
2024-01-04,-1.281804540644159
2024-01-05,-1.291675663471852
2024-01-06,-1.2780722211560556
2024-01-07,-1.192216939071185
2024-01-08,-1.182057579811368
2024-01-09,-0.7630175674609244
2024-01-10,-1.0061637117925832
2024-01-11,-0.8448539188590536
2024-01-12,-1.0474497374503733
2024-01-13,-0.9828296811408818
2024-01-14,-0.6172982099000236
2024-01-15,-0.15598887255170715
2024-01-16,-0.4244934913740011
2024-01-17,-0.6075681440984477
2024-01-18,-0.8433340643761812
2024-01-19,-0.828782367247318
2024-01-20,-0.8697961318794243
2024-01-21,-0.671402472148167
2024-01-22,-0.3098439742646988
2024-01-23,-0.47990015362339844
2024-01-24,-0.3609310787635635
2024-01-25,-0.3619347948975303
2024-01-26,-0.9455948258806599
2024-01-27,-0.7008329698791329
2024-01-28,-0.46323098114096306
2024-01-29,-0.4591196663377603
2024-01-30,-0.8954918696255992
2024-01-31,-0.8358879918745358
2024-02-01,-1.1282520305373223
2024-02-02,-0.536880798709565
2024-02-03,-0.5039118741682933
2024-02-04,-0.15794629734575263
2024-02-05,-1.4725147786352086
2024-02-06,-0.7921316610373712
2024-02-07,-0.31086558603871123
2024-02-08,-0.0973680353142261
2024-02-09,-0.3123023138587573
2024-02-10,0.8291016552223219
2024-02-11,0.07603590158712514
2024-02-12,-0.4142842059516083
2024-02-13,-1.0749042255083494
2024-02-14,-0.8030120508265616
2024-02-15,-1.443123755995114
2024-02-16,-1.0164229579429611
2024-02-17,-0.7214470406392419
2024-02-18,-0.25955731175739016
2024-02-19,-0.7571240201132412
2024-02-20,-0.8352612186944682
2024-02-21,-1.0848665269600712
2024-02-22,-0.9934643344043402
2024-02-23,-0.9002782816952809
2024-02-24,-0.9111678240837874
2024-02-25,-0.3967614337179235
2024-02-26,-0.46674994654142676
2024-02-27,-0.4797199019839238
2024-02-28,-0.6082163232269834
2024-02-29,-0.3891912269138619
2024-03-01,-0.8815884669651998
2024-03-02,-1.0981027028448966
2024-03-03,-0.7274035454311404
2024-03-04,-0.5716276796898474
2024-03-05,-0.6392757401100418
2024-03-06,-1.0582476713091913
2024-03-07,-1.2851508021137914
2024-03-08,-1.2856918697273976
2024-03-09,-1.2125825820783824
2024-03-10,-0.9755496260315046
2024-03-11,-0.7298848596626771
2024-03-12,-0.8072463532895993
2024-03-13,-1.3055860194202713
2024-03-14,-1.2109514360983302
2024-03-15,-0.9935087738184426
2024-03-16,-1.0321607204497079
2024-03-17,-0.8507481772942634
2024-03-18,-0.4709386538464697
2024-03-19,-1.0751083228755676
2024-03-20,-1.36085036905657
2024-03-21,-0.930915960932788
2024-03-22,-1.0620612641090492
2024-03-23,-2.3489076384107443
2024-03-24,-1.7709907988063396
2024-03-25,-1.883260533434271
2024-03-26,-2.4403910060257266
2024-03-27,-1.4543653765708495
2024-03-28,-0.9328784091897354
2024-03-29,-0.8048859643463492
2024-03-30,-0.8851630047281716
2024-03-31,-0.839959864219673
2024-04-01,-0.7615012943453573
2024-04-02,-1.1296582584876287
2024-04-03,-0.666967192699508
2024-04-04,-1.0167660847253195
2024-04-05,-1.2448749125120997
2024-04-06,-1.0442199625847655
2024-04-07,-0.86773868151698
2024-04-08,-1.0385353923874148
2024-04-09,-0.536304217094755
2024-04-10,-0.487072849821065
2024-04-11,-0.6313054549689806
2024-04-12,-0.9193075730291322
2024-04-13,-0.6457280791797986
2024-04-14,-1.5245016869143488
2024-04-15,-0.9059862568972349
2024-04-16,-1.0876826207479986
2024-04-17,-0.9794072007433237
2024-04-18,-0.70684891151503
2024-04-19,-0.9555817061828822
2024-04-20,-0.9375411091777937
2024-04-21,-1.0787463365981205
2024-04-22,-0.9878905796134373
2024-04-23,-1.5308287060107415
2024-04-24,-1.3684015794186286
2024-04-25,-1.0430643218464395
2024-04-26,-1.330921824871886
2024-04-27,-1.0278580095260728
2024-04-28,-0.53956199643227
2024-04-29,-0.5707099055608091
2024-04-30,-0.4902594890400169
2024-05-01,-0.927341639313162
2024-05-02,-1.4198483593480096
2024-05-03,-1.1717684133966668
2024-05-04,-1.030693068002365
2024-05-05,-0.7253259684607353
2024-05-06,-0.7534852787312201
2024-05-07,-1.1565500246233704
2024-05-08,-0.4519348121880828
2024-05-09,-0.31707308426493636
2024-05-10,-0.3572703188208882
2024-05-11,-0.3195441384487395
2024-05-12,-0.9329064991210975
2024-05-13,-1.1830969345476756
2024-05-14,-1.065545848151319
2024-05-15,-0.9441886790221865
2024-05-16,-0.40616311258317334
2024-05-17,-0.3313263969356183
2024-05-18,-0.7483730582454262
2024-05-19,-0.9054205848704764
2024-05-20,-0.7661258387524916
2024-05-21,-0.8919799319971541
2024-05-22,-0.9256451760113942
2024-05-23,-1.2201855846712002
2024-05-24,-1.37525732508861
2024-05-25,-1.084783515423501
2024-05-26,-0.5520662473536592
2024-05-27,-0.3607698502514761
2024-05-28,-0.6456117882281122
2024-05-29,-0.30648530629999277
2024-05-30,-0.4759182066416733
2024-05-31,-0.365684025937581
2024-06-01,-0.8600082772600917
2024-06-02,-1.3230283920309207
2024-06-03,-0.9281940273802968
2024-06-04,-0.7668787618326961
2024-06-05,-0.3789998736971692
2024-06-06,-0.046389549225981666
2024-06-07,-0.11440821337805389
2024-06-08,0.23033623336344916
2024-06-09,-0.0415098219641679
2024-06-10,-0.599440367251099
2024-06-11,-1.0315927306400228
2024-06-12,-1.1591390346242354
2024-06-13,-0.6874502665591351
2024-06-14,-0.9763937362542653
2024-06-15,-1.2566229094743657
2024-06-16,-1.108682169260062
2024-06-17,-1.2798048837444758
2024-06-18,-1.2589977434233817
2024-06-19,-0.9568932177747147
2024-06-20,-0.5725283695840225
2024-06-21,-0.8450390288598764
2024-06-22,-1.287483921619918
2024-06-23,-1.4128339038664273
2024-06-24,-0.6086869745875122
2024-06-25,-0.6564329881277959
2024-06-26,-0.48701987696815063
2024-06-27,-0.32410838467353564
2024-06-28,-0.6699733303486812
2024-06-29,-0.6701742762619058
2024-06-30,-0.9754519946418919
2024-07-01,-0.5309486009484762
2024-07-02,-0.5416071019178123
2024-07-03,-0.6668242377866421
2024-07-04,-0.1795663142467848
2024-07-05,-0.11389470918815639
2024-07-06,-0.2920940118947061
2024-07-07,0.19259930614087778
2024-07-08,-0.24890386773723178
2024-07-09,-0.26830628795687284
2024-07-10,-0.4060804827823295
2024-07-11,-0.7440044606124842
2024-07-12,-0.5214306283759504
2024-07-13,-0.7200573503145611
2024-07-14,-0.9203598735212217
2024-07-15,-0.9158770496924318
2024-07-16,-0.8288629382553236
2024-07-17,-0.8799941546521407
2024-07-18,-0.47784057231362975
2024-07-19,-0.36068818772335176
2024-07-20,-1.0786467939686784
2024-07-21,-1.1366406151507338
2024-07-22,-0.70758332348307
2024-07-23,-0.46672048943077565
2024-07-24,-0.24655087789065555
2024-07-25,-0.38584572051972926
2024-07-26,-0.5918501317989118
2024-07-27,-1.3087285151121344
2024-07-28,-1.1118286476843782
2024-07-29,-0.571607043013167
2024-07-30,-0.34674721965225935
2024-07-31,-1.0693855373618788
2024-08-01,-0.8341495597012891
2024-08-02,-0.857275586157339
2024-08-03,-1.1832047497697697
2024-08-04,-1.1222780915099633
2024-08-05,-0.7047905563982967
2024-08-06,-0.6443191750819475
2024-08-07,-0.896320146855071
2024-08-08,-0.6732029252113583
2024-08-09,-0.7147960260402307
2024-08-10,-0.5953141852018088
2024-08-11,-0.9816405963044555
2024-08-12,-1.0902466076593196
2024-08-13,-1.1248491143847497
2024-08-14,-1.1206705762453435
2024-08-15,-0.5255758891294267
2024-08-16,-0.507867062128875
2024-08-17,-1.0397221249971937
2024-08-18,-0.7817095940616932
2024-08-19,-0.7728600408291407
2024-08-20,-0.2362706820795281
2024-08-21,-0.40023414194923906
2024-08-22,-0.7131481241118874
2024-08-23,-0.466877913296354
2024-08-24,-1.1090320839089673
2024-08-25,-1.052380775878466
2024-08-26,-0.8897704305412367
2024-08-27,-1.1177218463311596
2024-08-28,-0.8585952872506625
2024-08-29,-0.8644221876437672
2024-08-30,-0.7336469234887194
2024-08-31,-1.1215185406731776
2024-09-01,-0.8207439408061371
2024-09-02,-0.09722342894439043
2024-09-03,-0.4146860666596002
2024-09-04,-0.41564823242273674
2024-09-05,-0.03005572307066874
2024-09-06,0.11176830424964093
2024-09-07,-0.2871058557019852
2024-09-08,-0.07963807720776502
2024-09-09,0.07081774215061735
2024-09-10,-0.36001615047791874
2024-09-11,-0.5256527697314992
2024-09-12,-0.2337226939265813
2024-09-13,-0.2843079492146967
2024-09-14,0.009321680980787407
2024-09-15,-0.3164719503612494
2024-09-16,-1.3425690743472642
2024-09-17,-1.2021760806764419
2024-09-18,-0.8400281122772265
2024-09-19,-0.9243461018737166
2024-09-20,-0.6215248108397404
2024-09-21,-0.27897074034024344
2024-09-22,-0.3985612008633931
2024-09-23,-0.6392565794740821
2024-09-24,-1.1307279800956933
2024-09-25,-0.7742238959526008
2024-09-26,-0.26903929799082055
2024-09-27,-0.22954753075508544
2024-09-28,-0.7280882842860787
2024-09-29,-0.3149308363722749
2024-09-30,-0.004753858028521174
2024-10-01,-0.7150003211381817
2024-10-02,-1.3275385087062426
2024-10-03,-1.3933224731927825
2024-10-04,-1.456378142260474
2024-10-05,-1.1544279105548507
2024-10-06,-1.3615534396900981
2024-10-07,-2.3985347341996994
2024-10-08,-1.4723716536760958
2024-10-09,-1.1743489609968636
2024-10-10,-0.9602308598057948
2024-10-11,-1.0032088551702625
2024-10-12,-0.6060952482078212
2024-10-13,-0.3529999973974648
2024-10-14,-0.5155784963035541
2024-10-15,-0.031575290554759924
2024-10-16,-0.11357499443045611
2024-10-17,-0.6930835264405251
2024-10-18,-0.3841138858419441
2024-10-19,-1.047265682035773
2024-10-20,-0.4264530878567558
2024-10-21,-0.5608352007201016
2024-10-22,-0.40455189481693715
2024-10-23,-0.3107222975479183
2024-10-24,-0.08629241872047225
2024-10-25,-0.7160015723189687
2024-10-26,-0.5624551073542431
2024-10-27,-0.07355438154548957
2024-10-28,-0.28703137608124923
2024-10-29,-0.586605042402135
2024-10-30,-0.5594926779712419
2024-10-31,-0.4340698556312108
2024-11-01,-0.5625738015456392
2024-11-02,-0.29417387766303943
2024-11-03,-0.47082090322425924
2024-11-04,-0.0820997262259471
2024-11-05,-0.14502776657604752
2024-11-06,0.13314519820164444
2024-11-07,0.3042355149640216
2024-11-08,0.16976155782959715
2024-11-09,-0.2536526762176849
2024-11-10,-0.004141503171825975
2024-11-11,0.09451041955214778
2024-11-12,-0.09631120478642294
2024-11-13,-0.2490842065764132
2024-11-14,-0.26302803749882164
2024-11-15,-0.14949051294398485
2024-11-16,-0.5316099887002577
2024-11-17,-0.8868909702781269
2024-11-18,-0.32353476237063183
2024-11-19,-0.8268323006125677
2024-11-20,-0.8727002721999231
2024-11-21,-0.8320569584644153
2024-11-22,-0.3236396277136674
2024-11-23,-0.6185226708672984
2024-11-24,-0.4472762328389567
2024-11-25,-0.4013645460940358
2024-11-26,-0.8697984789349225
2024-11-27,-1.0415795835275345
2024-11-28,-1.166098089593963
2024-11-29,-0.8334414392651434
2024-11-30,-0.8039352869408244
2024-12-01,-0.36019030921275547
2024-12-02,-0.38990010884022597
2024-12-03,-0.8112583909351628
2024-12-04,-0.5710494151058448
2024-12-05,-0.40532988677400883
2024-12-06,-0.6960991017484195
2024-12-07,-0.39835447040251354
2024-12-08,-0.522420176683064
2024-12-09,-0.37548705468173194
2024-12-10,-0.8708031072300065
2024-12-11,-0.6145434483751334
2024-12-12,-0.4486911246696378
2024-12-13,-0.28921089246987525
2024-12-14,-0.3828249790851187
2024-12-15,-0.22140040583009613
2024-12-16,-0.411125552443605
2024-12-17,-0.4837263938742384
2024-12-18,-0.6041024269532438
2024-12-19,-0.5231169444442408
2024-12-20,-0.46809507635587183
2024-12-21,-0.7732654619556965
2024-12-22,-0.8176576505675374
2024-12-23,-0.49278180367154867
2024-12-24,-0.47071210261146706
2024-12-25,-0.6645776183263897
2024-12-26,-0.5402532544327546
2024-12-27,-0.8445880469441543
2024-12-28,-0.7411048952158374
2024-12-29,-0.9001881000148985
2024-12-30,-0.8453719415568671
2024-12-31,-0.4705895846267969
2025-01-01,-0.6472413918046742
2025-01-02,-0.7630130621017774
2025-01-03,-0.7951859012994197
2025-01-04,-1.5530958923429377
2025-01-05,-1.2001025157639005
2025-01-06,-1.117096367422711
2025-01-07,-1.4908408609521564
2025-01-08,-1.1178820857280005
2025-01-09,-0.7444281385318845
2025-01-10,-0.9474624216738697
2025-01-11,-1.2182103619895854
2025-01-12,-0.8521039399268563
2025-01-13,-0.5828107297718434
2025-01-14,-1.004139394472339
2025-01-15,-0.6188545691096353
2025-01-16,-0.5062975697141251
2025-01-17,-0.5713232391382951
2025-01-18,-0.5588788869837784
2025-01-19,-0.807350710151972
2025-01-20,-0.24898493273289987
2025-01-21,-0.5230704952855811
2025-01-22,-0.8095684874394278
2025-01-23,-0.6799230571280331
2025-01-24,-0.5264917363183345
2025-01-25,-0.4872691444753808
2025-01-26,0.21917090397378292
2025-01-27,-0.2320723151767424
2025-01-28,0.08034369992998561
2025-01-29,-0.04547751594132412
2025-01-30,-0.36086475356525655
2025-01-31,-0.5669906607701669
2025-02-01,-0.8678784285917694
2025-02-02,-1.3117831730465488
2025-02-03,-1.0822845098405525
2025-02-04,-1.4467295666164885
2025-02-05,-0.7459038975809881
2025-02-06,-0.44521558929005217
2025-02-07,-0.7721118446200931
2025-02-08,-0.7053867583647561
2025-02-09,-0.9910869164355529
2025-02-10,-0.5568390542570854
2025-02-11,-0.6330783698149245
2025-02-12,-0.5373958299241093
2025-02-13,-0.8997999516397416
2025-02-14,-0.8996731909335957
2025-02-15,-0.8776349059400597
2025-02-16,-0.2595547095064602
2025-02-17,-0.7846085814166052
2025-02-18,-0.4217565953006382
2025-02-19,-1.0981550427421203
2025-02-20,-0.877438493244638
2025-02-21,-0.8720541906660926
2025-02-22,-0.9132860571180176
2025-02-23,-1.002972740307847
2025-02-24,-0.5199113583025721
2025-02-25,-1.0574381263447226
2025-02-26,-0.7174085205141033
2025-02-27,-1.8160343814646622
2025-02-28,-1.5458717002624691
2025-03-01,-1.1296816838044836
2025-03-02,-0.7864657746076963
2025-03-03,-0.5316740866929315
2025-03-04,-1.0528484934865492
2025-03-05,-1.2129531102599163
2025-03-06,-1.087708868095528
2025-03-07,-1.2086275922747032
2025-03-08,-1.1024122777067813
2025-03-09,-0.8386500778932049
2025-03-10,-0.8136825174923196
2025-03-11,-0.9317462478027011
2025-03-12,-1.0644776173856534
2025-03-13,-1.093632858667863
2025-03-14,-1.170298019563096
2025-03-15,-1.810569142763205
2025-03-16,-0.8596269303689927
2025-03-17,-0.8285177981483479
2025-03-18,-1.0892253321910055
2025-03-19,-1.074807319541066
2025-03-20,-0.8703172384454964
2025-03-21,-0.9723755557042398
2025-03-22,-0.5101420545282694
2025-03-23,-0.436056580591238
2025-03-24,-0.45464477689955296
2025-03-25,-0.6540800678419997
2025-03-26,-0.7199237711058344
2025-03-27,-0.5706563018423211
2025-03-28,-0.38193656357222583
2025-03-29,-0.7967425130406779
2025-03-30,-0.7503218349232077
2025-03-31,-0.9254913196236273
2025-04-01,-0.9049566455136747
2025-04-02,-1.097212496185001
2025-04-03,-1.4034500071658282
2025-04-04,-1.4359637040664013
2025-04-05,-0.7656821759597515
2025-04-06,-0.9189127368082529
2025-04-07,-1.2297594722088907
2025-04-08,-1.7866907752566439
2025-04-09,-2.0019665842218526
2025-04-10,-1.8085999205430585
2025-04-11,-1.2299246195838556
2025-04-12,-1.0570213391118242
2025-04-13,-1.0423463240812298
2025-04-14,-0.34293443163518933
2025-04-15,-0.7152863037648098
2025-04-16,-0.7585899016811974
2025-04-17,-0.422259923883469
2025-04-18,-0.8504386593128909
2025-04-19,-0.7637795860374618
2025-04-20,-0.8229094904600834
2025-04-21,-0.6580521376682469
2025-04-22,-0.8664552893909612
2025-04-23,-0.7305966137835198
2025-04-24,-0.6613418732472982
2025-04-25,-0.7337275453097133
2025-04-26,-0.29754389124390035
2025-04-27,-0.6322799753044838
2025-04-28,-0.5597390429368103
2025-04-29,-0.6389371832114474
2025-04-30,-0.7618614943173199
2025-05-01,-1.0677446452308943
2025-05-02,-1.18619078179408
2025-05-03,-0.4700589686199573
2025-05-04,-1.206854576386361
2025-05-05,-1.048412668570221
2025-05-06,-0.7837877346717603
2025-05-07,-0.9144161132336931
2025-05-08,-0.7308834520985078
2025-05-09,-0.6879869704678103
2025-05-10,-0.7432857422083584
2025-05-11,0.21182735730816654
2025-05-12,0.019639029962342062
2025-05-13,-0.23911654593947948
2025-05-14,-0.07995225860016696
2025-05-15,-0.3523548380901877
2025-05-16,-0.3242099984090313
2025-05-17,-0.38533887153409674
2025-05-18,-0.5894074891051468
2025-05-19,-0.4592881416332004
2025-05-20,0.042116759782262564
2025-05-21,0.2506891135633006
2025-05-22,-0.3626964055982411
2025-05-23,-0.395101206622059
2025-05-24,0.03208872251576157
2025-05-25,0.30640348289497804
2025-05-26,0.24700933382522314
2025-05-27,-0.0358035126968602
2025-05-28,-0.48982968671320815
2025-05-29,-1.0730219344478464
2025-05-30,-0.7835230386393058
2025-05-31,-0.7898703012129609
2025-06-01,-1.412579250401202
2025-06-02,-1.2342741803074249
2025-06-03,-1.6548150486620234
2025-06-04,-1.5372933480286368
2025-06-05,-1.521894315063725
2025-06-06,-1.0894145202257972
2025-06-07,-1.1758104314163156
2025-06-08,-1.353641897152729
2025-06-09,-1.175670245622195
2025-06-10,-1.0968348589801642
2025-06-11,-0.0470336499583661
2025-06-12,-0.19611446506694108
2025-06-13,-0.6928543554269756
2025-06-14,-0.949449885505552
2025-06-15,-2.582272049399286
2025-06-16,-1.5181212357886227
2025-06-17,0.4451384377794231
2025-06-18,-0.3210834649275913
2025-06-19,-0.42899778101922986
2025-06-20,1.2680527003090138
2025-06-21,0.06550757889446371
2025-06-22,-3.290404076662214
2025-06-23,-1.9220198163663342
2025-06-24,-1.7736560039901135
2025-06-25,-1.0827137474858806
2025-06-26,-1.9704800560212794
2025-06-27,-2.29943231797456
2025-06-28,-0.8450756560491919
2025-06-29,-1.3611243939441895
2025-06-30,-0.6852066276731659
2025-07-01,-0.9426723883211872
2025-07-02,-0.6823292734888928
2025-07-03,-0.6752573047479621
2025-07-04,-0.8738631454573091
2025-07-05,-0.34868090901965254
2025-07-06,-0.34771223193970024
2025-07-07,-0.6751394271136497
2025-07-08,-1.275453087596693
2025-07-09,-1.0770979181318154
2025-07-10,-0.5819307016240107
2025-07-11,-0.41861973486510057
2025-07-12,-0.81418784948357
2025-07-13,-0.8025889533870042
2025-07-14,-0.39116302040050305
2025-07-15,-0.4125825772796727
2025-07-16,-0.1674200726248189
2025-07-17,-0.6182650883823343
2025-07-18,-0.7236306770210076
2025-07-19,-0.9418934420591766
2025-07-20,-1.0151930620953313
2025-07-21,-1.2349026940841956
2025-07-22,-0.9490181617121286
2025-07-23,-1.13127583601821
2025-07-24,-1.0954729793137843
2025-07-25,-0.47613759163508523
2025-07-26,-0.7908819009613527
2025-07-27,-0.6115207282743625
2025-07-28,-1.0779476835921367
2025-07-29,-0.9074510278630067
2025-07-30,-0.9256149603829716
2025-07-31,-0.7080619443219858
2025-08-01,-0.6888864314595358
2025-08-02,-0.8940703472720606
2025-08-03,-1.1606757649293342
2025-08-04,-1.509792835236445
2025-08-05,-1.3131134542964604
2025-08-06,-1.4706637485778649
2025-08-07,-1.3270079294487303
2025-08-08,-1.3358935112206085
2025-08-09,-1.4102642620115449
2025-08-10,-1.0367651287713353
2025-08-11,-1.2185882588748032
2025-08-12,-1.326166710328639
2025-08-13,-1.1809695454528282
2025-08-14,-0.7623504778209774
2025-08-15,-0.8879198868229762
2025-08-16,-0.9394446212642928
2025-08-17,-1.2284924837554159
2025-08-18,-0.9479443563681956
2025-08-19,-0.3231594383951044
2025-08-20,-0.3208438689244902
2025-08-21,-0.19278257860214817
2025-08-22,-0.3711136771418589
2025-08-23,-0.7484663903080256
2025-08-24,-0.9235280316836517
2025-08-25,-0.6408690511390024
2025-08-26,-0.37742263225265515
2025-08-27,-0.5643981144150978
2025-08-28,-0.5207663391123181
2025-08-29,-0.3609719100134312
2025-08-30,-0.01290392758280914
2025-08-31,0.38173092777844103
2025-09-01,-0.02064123649285221
2025-09-02,-0.02791002301522175
2025-09-03,-0.3003030567679153
2025-09-04,-0.2296828827719337
2025-09-05,-0.35307729523732084
2025-09-06,-0.4855257211677917
2025-09-07,-0.5567368681793807
2025-09-08,-0.5757432859552708
2025-09-09,-0.32924756543783773
2025-09-10,-0.8190488471550914
2025-09-11,-0.6546548246509154
2025-09-12,-0.742166207707026
2025-09-13,-1.0298390938468929
2025-09-14,-0.7592875858068834
2025-09-15,-0.6319368494172605
2025-09-16,-0.3796960033762449
2025-09-17,-0.26656234627937236
2025-09-18,-0.31555963273718934
2025-09-19,-0.31984738587410033
2025-09-20,-0.3039647464153368
2025-09-21,-1.0188415042821592
2025-09-22,-0.06019048499464604
2025-09-23,-0.39954340259665727
2025-09-24,-0.13388772395338783
2025-09-25,-0.12562980400703044
2025-09-26,-0.2132811880138396
2025-09-27,-0.17649084175021396
2025-09-28,0.24993763985189943
2025-09-29,-0.26500272509711564
2025-09-30,-0.9175262492991502
2025-10-01,-0.5766003320311831
2025-10-02,-1.0305352324278243
2025-10-03,-0.8484429844342046
2025-10-04,-1.0853139237208318
2025-10-05,-0.809112218323786
2025-10-06,-1.2863809173634055
2025-10-07,-0.3690823492284075
2025-10-08,-1.318272999574977
2025-10-09,-0.5238336992636816
2025-10-10,-0.7577660059448934
2025-10-11,-1.0200982380226529
2025-10-12,-1.7254175508913145
2025-10-13,-1.4028782138030678
2025-10-14,-1.1105345769346955
2025-10-15,-1.4285377949616949
2025-10-16,-1.5809448410702887
2025-10-17,-1.0640813961802276
2025-10-18,-1.1987044414125727
2025-10-19,-1.028231937067733
2025-10-20,-0.39125520938862896
2025-10-21,-0.37870387856223664
2025-10-22,-1.0261718542226514
2025-10-23,-1.0319586859567094
2025-10-24,-0.9460617047171598
2025-10-25,-0.614565294408659
2025-10-26,-0.24762297318121512
2025-10-27,-0.15173360647032758
2025-10-28,0.05510746799145652
2025-10-29,-0.24197662154415867
2025-10-30,-0.3146989828805034
2025-10-31,-0.2935603359340231
2025-11-01,-0.05209805105044574
2025-11-02,-0.11583072532677961
2025-11-03,-0.1188936927987696
2025-11-04,-0.16834171096539927
2025-11-05,0.10640061710379571
2025-11-06,-0.2934113020947618
2025-11-07,-0.15290745983142748
2025-11-08,-0.41721038432888174
2025-11-09,-1.0318650215633762
2025-11-10,-1.0351999586380558
2025-11-11,-0.8105530564600293
2025-11-12,-0.7834251114237949
2025-11-13,-0.5708472583510495
2025-11-14,-1.069835259864741
2025-11-15,-0.9619774851598366
2025-11-16,-1.3538025547751762
2025-11-17,-0.8376187964900623
2025-11-18,-0.817502425470242
2025-11-19,-0.9983471420614657
2025-11-20,-1.0007612147309253
2025-11-21,-0.8996047090466581
2025-11-22,-0.6208131260284195
2025-11-23,-0.8225013291176324
2025-11-24,-0.5003650147799527
2025-11-25,-0.477889777822705
2025-11-26,-0.49500340819324556
2025-11-27,-1.2052878089894097
2025-11-28,-0.4156855011881075
2025-11-29,-0.5977321222705184
2025-11-30,-0.7692463234106439
2025-12-01,-0.5163858989096952
2025-12-02,-0.6481010620841932
2025-12-03,-0.607974317465514
2025-12-04,-0.32655111267899717
2025-12-05,-0.6071350424214458
2025-12-06,-0.4684391937651703
2025-12-07,-1.7185529160193445
2025-12-08,-1.0241948790826392
2025-12-09,-0.6336861574696652
2025-12-10,-0.268785988125162
2025-12-11,-1.0995703663245113
2025-12-12,-0.6186488793717327
2025-12-13,-1.4067859546451393
2025-12-14,-1.1122587873544822
2025-12-15,-1.646165240766779
2025-12-16,-1.4677229678145491
2025-12-17,-0.913030794079492
2025-12-18,-0.6861858213304438
2025-12-19,-0.6698539009928289
2025-12-20,-0.8004526515699797
2025-12-21,-1.0519913850695628
2025-12-22,-0.7526469373671375
2025-12-23,-1.1609476582693627
2025-12-24,-0.8964430268929025
2025-12-25,-0.04082192494289383
2025-12-26,-1.1313177712111564
2025-12-27,-1.1669132459379001
2025-12-28,-0.9978658553353965
2025-12-29,-1.2514675092070418
2025-12-30,-0.9583648803046075
2025-12-31,-0.9044700249584151
