date,value
2015-02-18,3.4106064612019935
2015-02-19,3.5162740383662143
2015-02-20,3.5508852893367786
2015-02-21,3.4919476915967316
2015-02-22,3.476123666581248
2015-02-23,3.5761578226803823
2015-02-24,3.49739690228058
2015-02-25,3.5297169178469265
2015-02-26,3.5877255762931077
2015-02-27,3.5994897119061213
2015-02-28,3.550124684729285
2015-03-01,3.4921737355749896
2015-03-02,3.5326127520807113
2015-03-03,3.5820841383520983
2015-03-04,3.577606309762266
2015-03-05,3.509074632944615
2015-03-06,3.5236363212219906
2015-03-07,3.530598661850976
2015-03-08,3.591834190769697
2015-03-09,3.5237070441846567
2015-03-10,3.599961130323805
2015-03-11,3.53283233639825
2015-03-12,3.5626312523579564
2015-03-13,3.538553209392527
2015-03-14,3.642530379630995
2015-03-15,3.6029149785983985
2015-03-16,3.5998249798189095
2015-03-17,3.5173180304344296
2015-03-18,3.541161562198791
2015-03-19,3.535381975627806
2015-03-20,3.4952992538378638
2015-03-21,3.2578088039205464
2015-03-22,3.376306195234503
2015-03-23,3.3855968130039757
2015-03-24,3.4954839528062696
2015-03-25,3.5063592803776515
2015-03-26,3.4714601951568977
2015-03-27,3.4072519091315154
2015-03-28,3.298294634425769
2015-03-29,3.2717382245946522
2015-03-30,3.4480501818465394
2015-03-31,3.4734300253333243
2015-04-01,3.4692211000355533
2015-04-02,3.513777420933925
2015-04-03,3.61853820389748
2015-04-04,3.5971428917666732
2015-04-05,3.5546409122190115
2015-04-06,3.580341439225544
2015-04-07,3.625712426800972
2015-04-08,3.5249687635203317
2015-04-09,3.482907632893975
2015-04-10,3.4415832071137267
2015-04-11,3.55737406759618
2015-04-12,3.439231146121719
2015-04-13,3.557091716626521
2015-04-14,3.498724088893827
2015-04-15,3.5526502196754572
2015-04-16,3.5107994054173317
2015-04-17,3.603796820376243
2015-04-18,3.5113103343929204
2015-04-19,3.4093719405336587
2015-04-20,3.4184124067215262
2015-04-21,3.4045343157913504
2015-04-22,3.4637001479126375
2015-04-23,3.478936307076334
2015-04-24,3.4194877853182835
2015-04-25,3.5718530109967563
2015-04-26,3.494035959060322
2015-04-27,3.530075094710127
2015-04-28,3.4437484893246233
2015-04-29,3.51321504035364
2015-04-30,3.5614063287608526
2015-05-01,3.5365497788690976
2015-05-02,3.4873845248707185
2015-05-03,3.4307340418768115
2015-05-04,3.394363997192514
2015-05-05,3.410052534812608
2015-05-06,3.4687847866287007
2015-05-07,3.5256486675775114
2015-05-08,3.4370217185067435
2015-05-09,3.40301401167271
2015-05-10,3.3411050199145023
2015-05-11,3.421555573833367
2015-05-12,3.4516062378601493
2015-05-13,3.478918718356631
2015-05-14,3.3533606051438283
2015-05-15,3.3694232150459085
2015-05-16,3.255792605283761
2015-05-17,3.231505799975267
2015-05-18,3.3734647396265323
2015-05-19,3.40045891496814
2015-05-20,3.490023006215242
2015-05-21,3.505504007799427
2015-05-22,3.494279751888424
2015-05-23,3.3745391997659278
2015-05-24,3.3555643727666062
2015-05-25,3.4034704471476496
2015-05-26,3.5182883756482264
2015-05-27,3.5246199788554313
2015-05-28,3.489741846637068
2015-05-29,3.583383041752738
2015-05-30,3.4832881233192814
2015-05-31,3.577037939438622
2015-06-01,3.545717510460011
2015-06-02,3.4882987312916764
2015-06-03,3.580670716085857
2015-06-04,3.6359387671698693
2015-06-05,3.6192815781661585
2015-06-06,3.6109573566320803
2015-06-07,3.5231675804293703
2015-06-08,3.5622747899279212
2015-06-09,3.517721928561466
2015-06-10,3.465381966799544
2015-06-11,3.5692693339248223
2015-06-12,3.524559832337242
2015-06-13,3.4772604906611333
2015-06-14,3.4821078852307332
2015-06-15,3.56821290154164
2015-06-16,3.5110037758207358
2015-06-17,3.4955167301509578
2015-06-18,3.577480883828696
2015-06-19,3.5122281392081884
2015-06-20,3.4885307081846397
2015-06-21,3.5311549511359894
2015-06-22,3.474010142132691
2015-06-23,3.4529039680181324
2015-06-24,3.5803307470286265
2015-06-25,3.5133468654755466
2015-06-26,3.6095334092343463
2015-06-27,3.504329781896629
2015-06-28,3.461697680580664
2015-06-29,3.4781847971497193
2015-06-30,3.474496677377825
2015-07-01,3.4620937267826437
2015-07-02,3.481994340675524
2015-07-03,3.4291696334690123
2015-07-04,3.6116570200809637
2015-07-05,3.5551385833086586
2015-07-06,3.558625932665433
2015-07-07,3.49064227750353
2015-07-08,3.4492847215301876
2015-07-09,3.5250057398234924
2015-07-10,3.5936398815148953
2015-07-11,3.6308508536603634
2015-07-12,3.584449069115101
2015-07-13,3.6313387182924437
2015-07-14,3.5697310122183232
2015-07-15,3.5830502371233703
2015-07-16,3.5506685683613015
2015-07-17,3.4921454742093667
2015-07-18,3.513602663245357
2015-07-19,3.5819155645995417
2015-07-20,3.5755412279916365
2015-07-21,3.5841104714553245
2015-07-22,3.6002348328257194
2015-07-23,3.592066200083836
2015-07-24,3.5759573346289795
2015-07-25,3.4689771099064246
2015-07-26,3.581722812627596
2015-07-27,3.600885503709517
2015-07-28,3.5364933201958157
2015-07-29,3.515666721548336
2015-07-30,3.5783067319502604
2015-07-31,3.606848986242883
2015-08-01,3.4855470522080862
2015-08-02,3.620474756701534
2015-08-03,3.601980109501316
2015-08-04,3.5213708478448322
2015-08-05,3.490314986589088
2015-08-06,3.610031738150085
2015-08-07,3.5675824534762746
2015-08-08,3.5846846777601096
2015-08-09,3.502571512657166
2015-08-10,3.5858662295907
2015-08-11,3.630690898159427
2015-08-12,3.6561461519946996
2015-08-13,3.66289870133658
2015-08-14,3.633968000882886
2015-08-15,3.719002639198973
2015-08-16,3.716112130048481
2015-08-17,3.681912344859778
2015-08-18,3.6383731296563577
2015-08-19,3.6330161028158625
2015-08-20,3.546210179158953
2015-08-21,3.5239366018337757
2015-08-22,3.5223933375780794
2015-08-23,3.56625256345388
2015-08-24,3.5995303464895274
2015-08-25,3.5468358898744503
2015-08-26,3.520859225753212
2015-08-27,3.558161034944183
2015-08-28,3.5746926671198884
2015-08-29,3.504062170002033
2015-08-30,3.4951669784561297
2015-08-31,3.443383182429038
2015-09-01,3.469130274259139
2015-09-02,3.3662118158467935
2015-09-03,3.4282573605612714
2015-09-04,3.3750087786784597
2015-09-05,3.396037931511431
2015-09-06,3.379122293417205
2015-09-07,3.4969799393610113
2015-09-08,3.453742299000394
2015-09-09,3.5114913094488256
2015-09-10,3.478303581903069
2015-09-11,3.497996347389241
2015-09-12,3.4739318620187594
2015-09-13,3.4196008469914623
2015-09-14,3.4534979061880486
2015-09-15,3.4298022408622733
2015-09-16,3.4501540733506064
2015-09-17,3.447789002664373
2015-09-18,3.4530297924207076
2015-09-19,3.4271440872542906
2015-09-20,3.3989086634764307
2015-09-21,3.369443507352657
2015-09-22,3.386190966242045
2015-09-23,3.3573780386097867
2015-09-24,3.3913973160433373
2015-09-25,3.367841314192275
2015-09-26,3.418689922073575
2015-09-27,3.3749310370800134
2015-09-28,3.425172456506126
2015-09-29,3.4861654531774526
2015-09-30,3.5196067302480825
2015-10-01,3.5577742067427094
2015-10-02,3.507057550150649
2015-10-03,3.5738764074784077
2015-10-04,3.535166685783918
2015-10-05,3.6158273807058605
2015-10-06,3.565354521271416
2015-10-07,3.5786239683202936
2015-10-08,3.5419885965931552
2015-10-09,3.526562585029778
2015-10-10,3.4563416510108076
2015-10-11,3.5687956056311894
2015-10-12,3.528769472711593
2015-10-13,3.4945292672305315
2015-10-14,3.4590527579702215
2015-10-15,3.4641900569451995
2015-10-16,3.3812694122779687
2015-10-17,3.4188920941993604
2015-10-18,3.4219506270186906
2015-10-19,3.3831773928855053
2015-10-20,3.396492366134464
2015-10-21,3.263031420959864
2015-10-22,3.218726792644501
2015-10-23,3.4967732922142596
2015-10-24,3.437720316223627
2015-10-25,3.4400895217236798
2015-10-26,3.4192252113330452
2015-10-27,3.4937545040012044
2015-10-28,3.5421240959160047
2015-10-29,3.437949012768787
2015-10-30,3.473522320133289
2015-10-31,3.3900609074645693
2015-11-01,3.3097194515497286
2015-11-02,3.428696628835483
2015-11-03,3.38848106411023
2015-11-04,3.333503499298755
2015-11-05,3.3380345698939626
2015-11-06,3.312863017925217
2015-11-07,3.262321685117937
2015-11-08,3.2961787251749946
2015-11-09,3.3961410582118514
2015-11-10,3.4048345118163015
2015-11-11,3.4440034485434663
2015-11-12,3.46360348150249
2015-11-13,3.422480969823284
2015-11-14,3.4168926213296302
2015-11-15,3.4772155910650566
2015-11-16,3.4185328340801404
2015-11-17,3.403985212123438
2015-11-18,3.463564735862892
2015-11-19,3.551630473226492
2015-11-20,3.555504294320644
2015-11-21,3.4933677680520567
2015-11-22,3.4317105111904906
2015-11-23,3.48723786927885
2015-11-24,3.4833302044267613
2015-11-25,3.490485570852851
2015-11-26,3.495274089407815
2015-11-27,3.553041993373393
2015-11-28,3.5438208356358922
2015-11-29,3.4161935990789067
2015-11-30,3.4244701958396746
2015-12-01,3.4648883120460257
2015-12-02,3.4221111919307594
2015-12-03,3.418578868093088
2015-12-04,3.400128233640455
2015-12-05,3.4335318835267423
2015-12-06,3.4179084194058347
2015-12-07,3.463789208670349
2015-12-08,3.5418309626536506
2015-12-09,3.541067435709905
2015-12-10,3.5164463603631106
2015-12-11,3.473815691782622
2015-12-12,3.4705859457151913
2015-12-13,3.4594501167727483
2015-12-14,3.521198695980167
2015-12-15,3.4549914532629327
2015-12-16,3.4402327647451587
2015-12-17,3.540154232954158
2015-12-18,3.6282541015165966
2015-12-19,3.574577411275374
2015-12-20,3.545542602543497
2015-12-21,3.4717325644346335
2015-12-22,3.569218356454241
2015-12-23,3.550517851491308
2015-12-24,3.5776016040654492
2015-12-25,3.6233558650371136
2015-12-26,3.6405870264129194
2015-12-27,3.61457232739168
2015-12-28,3.6145530233528858
2015-12-29,3.5706766730133808
2015-12-30,3.5559020932578886
2015-12-31,3.5486284763328766
2016-01-01,3.5665471008270417
2016-01-02,3.6468033958964208
2016-01-03,3.657547582202254
2016-01-04,3.5793662088397333
2016-01-05,3.6384144011217847
2016-01-06,3.557040975863843
2016-01-07,3.620081604196419
2016-01-08,3.502236391720885
2016-01-09,3.5275705448759167
2016-01-10,3.54848059551871
2016-01-11,3.557753574712919
2016-01-12,3.5666618678190845
2016-01-13,3.608150966271386
2016-01-14,3.5739790739486623
2016-01-15,3.4962601651914316
2016-01-16,3.486045008014146
2016-01-17,3.500806592897409
2016-01-18,3.471956788247965
2016-01-19,3.453219307940501
2016-01-20,3.41651951602761
2016-01-21,3.3294855541024546
2016-01-22,3.4301312226967426
2016-01-23,3.355373729844686
2016-01-24,3.27833602756448
2016-01-25,3.436662352525022
2016-01-26,3.4628768260241602
2016-01-27,3.5080765039344124
2016-01-28,3.5052300418617186
2016-01-29,3.60673037945845
2016-01-30,3.494953645448833
2016-01-31,3.564272824384774
2016-02-01,3.5950822917831315
2016-02-02,3.590404644420326
2016-02-03,3.536982453027289
2016-02-04,3.503005831875308
2016-02-05,3.5322770592912955
2016-02-06,3.402974266912354
2016-02-07,3.490320200073836
2016-02-08,3.478602418562081
2016-02-09,3.5939682555497656
2016-02-10,3.575244666703358
2016-02-11,3.546222591962274
2016-02-12,3.5563858052079413
2016-02-13,3.514282265782888
2016-02-14,3.4900606424266503
2016-02-15,3.5512767638441387
2016-02-16,3.525441845214093
2016-02-17,3.572135046984306
2016-02-18,3.572415322442428
2016-02-19,3.5477082222121883
2016-02-20,3.550189246838269
2016-02-21,3.580331980360216
2016-02-22,3.5797103105555825
2016-02-23,3.517733624745431
2016-02-24,3.5023164792426464
2016-02-25,3.5418736496253485
2016-02-26,3.462281757095348
2016-02-27,3.5162091220838065
2016-02-28,3.489156024076027
2016-02-29,3.5154283761029514
2016-03-01,3.555028008865095
2016-03-02,3.6122819924973877
2016-03-03,3.647011461409247
2016-03-04,3.6123970726569645
2016-03-05,3.5329023864461035
2016-03-06,3.5419671979931033
2016-03-07,3.6073001542177363
2016-03-08,3.5873018641255805
2016-03-09,3.5598975076039014
2016-03-10,3.586955210984333
2016-03-11,3.599092075724304
2016-03-12,3.5539143272704234
2016-03-13,3.5612283258135458
2016-03-14,3.5574375285959805
2016-03-15,3.5907344102663337
2016-03-16,3.544985837795395
2016-03-17,3.5221489230886665
2016-03-18,3.5569242923297466
2016-03-19,3.494295742930518
2016-03-20,3.437454382649178
2016-03-21,3.484463977252454
2016-03-22,3.470179148817258
2016-03-23,3.431952097062979
2016-03-24,3.526606628093488
2016-03-25,3.53505657005859
2016-03-26,3.372153333163479
2016-03-27,3.3203530862656057
2016-03-28,3.461374758321803
2016-03-29,3.5056626499498744
2016-03-30,3.517796030669715
2016-03-31,3.4796279411684625
2016-04-01,3.492134409245228
2016-04-02,3.5110222350239284
2016-04-03,3.582105248138488
2016-04-04,3.62813377418938
2016-04-05,3.6074569793446702
2016-04-06,3.6039464190790276
2016-04-07,3.554343300003097
2016-04-08,3.541098523796457
2016-04-09,3.467237079214189
2016-04-10,3.4763018290824044
2016-04-11,3.5306170586197325
2016-04-12,3.553514372682762
2016-04-13,3.5302566151448773
2016-04-14,3.5724406540878206
2016-04-15,3.5563179900733988
2016-04-16,3.4375876958586757
2016-04-17,3.396360113778039
2016-04-18,3.4967428192859877
2016-04-19,3.521415663138473
2016-04-20,3.5013290208856946
2016-04-21,3.5351216106145125
2016-04-22,3.510393793813215
2016-04-23,3.4422942053769314
2016-04-24,3.482862842014786
2016-04-25,3.5654908780986796
2016-04-26,3.5220602975741526
2016-04-27,3.515841589900217
2016-04-28,3.561068458384351
2016-04-29,3.513327084939428
2016-04-30,3.4709968220452208
2016-05-01,3.5538894049976184
2016-05-02,3.5987229063038995
2016-05-03,3.5986023920243024
2016-05-04,3.6201844393897824
2016-05-05,3.553396332143418
2016-05-06,3.49502253962567
2016-05-07,3.5728980543056594
2016-05-08,3.6190237670055976
2016-05-09,3.5692214339231407
2016-05-10,3.5708683696455354
2016-05-11,3.5043238960357366
2016-05-12,3.454844147818099
2016-05-13,3.4978876637261966
2016-05-14,3.550983964479549
2016-05-15,3.6185650757764054
2016-05-16,3.5000366284683104
2016-05-17,3.477020613586576
2016-05-18,3.5677956446802632
2016-05-19,3.5979758745283537
2016-05-20,3.562134106671981
2016-05-21,3.5892426091329264
2016-05-22,3.5348845652279537
2016-05-23,3.4894300140312433
2016-05-24,3.464864158009848
2016-05-25,3.4725694883164357
2016-05-26,3.4831050639048144
2016-05-27,3.5028832766524802
2016-05-28,3.597221219525026
2016-05-29,3.539856914066405
2016-05-30,3.517534698462393
2016-05-31,3.4693623732210392
2016-06-01,3.5133493444437125
2016-06-02,3.569370270932289
2016-06-03,3.5857170182331104
2016-06-04,3.591138941450902
2016-06-05,3.5497448998527963
2016-06-06,3.500218999785319
2016-06-07,3.5968059958583263
2016-06-08,3.568358097053419
2016-06-09,3.5473066276369076
2016-06-10,3.563324299739543
2016-06-11,3.553067121745494
2016-06-12,3.5074612020229665
2016-06-13,3.4627843394352693
2016-06-14,3.4665161881213566
2016-06-15,3.498131343985392
2016-06-16,3.497392252238887
2016-06-17,3.4518143130511576
2016-06-18,3.4422539961447813
2016-06-19,3.405659070711287
2016-06-20,3.4775218455893326
2016-06-21,3.4418030198307528
2016-06-22,3.4378671755745422
2016-06-23,3.4346428546125063
2016-06-24,3.3547424962109376
2016-06-25,3.3422507758151947
2016-06-26,3.340791105828499
2016-06-27,3.398071569348408
2016-06-28,3.4403976558348317
2016-06-29,3.490401409693473
2016-06-30,3.488134016392802
2016-07-01,3.531945328437444
2016-07-02,3.522851733259388
2016-07-03,3.6085760169082897
2016-07-04,3.6176615578257807
2016-07-05,3.5825222470994156
2016-07-06,3.5681995327349902
2016-07-07,3.599030803074023
2016-07-08,3.5999317757722693
2016-07-09,3.5500334837619225
2016-07-10,3.557932527197829
2016-07-11,3.6097114632023146
2016-07-12,3.6575538475598295
2016-07-13,3.6245255218999057
2016-07-14,3.5545148619910423
2016-07-15,3.477647604505021
2016-07-16,3.5490284515980104
2016-07-17,3.61460700366109
2016-07-18,3.53328414513082
2016-07-19,3.6180581403582797
2016-07-20,3.625511563190466
2016-07-21,3.6353244951517336
2016-07-22,3.5836702924737343
2016-07-23,3.5229160189025768
2016-07-24,3.4711802983530644
2016-07-25,3.4542298525562223
2016-07-26,3.5087527977615465
2016-07-27,3.4797636022849914
2016-07-28,3.5905009660387983
2016-07-29,3.576490751418552
2016-07-30,3.5565741743102666
2016-07-31,3.6044592123130363
2016-08-01,3.575962397864632
2016-08-02,3.66882668374289
2016-08-03,3.6154970127861863
2016-08-04,3.6190611359229883
2016-08-05,3.594292059848698
2016-08-06,3.6225165049122277
2016-08-07,3.5693858945161736
2016-08-08,3.5448266453395703
2016-08-09,3.5950210316497477
2016-08-10,3.5736498372191634
2016-08-11,3.5998877836626595
2016-08-12,3.5841948421261534
2016-08-13,3.4767863595121313
2016-08-14,3.5346114826315285
2016-08-15,3.4941512587361343
2016-08-16,3.4361542326639736
2016-08-17,3.490847091299605
2016-08-18,3.476143971358282
2016-08-19,3.563295785851279
2016-08-20,3.499872364181999
2016-08-21,3.6275733250806392
2016-08-22,3.530462792284038
2016-08-23,3.475370197707113
2016-08-24,3.4312464529011057
2016-08-25,3.4769566321772447
2016-08-26,3.488147193516612
2016-08-27,3.4960130370371796
2016-08-28,3.453939266770769
2016-08-29,3.451754082817857
2016-08-30,3.492006359688377
2016-08-31,3.428735344227511
2016-09-01,3.3706391230045445
2016-09-02,3.313960347128511
2016-09-03,3.100126550087824
2016-09-04,3.1359202458049906
2016-09-05,3.2535152993682828
2016-09-06,3.371599308182262
2016-09-07,3.435092167208731
2016-09-08,3.471376769694417
2016-09-09,3.467552188973018
2016-09-10,3.422919901435861
2016-09-11,3.4787673721566033
2016-09-12,3.5220904675751816
2016-09-13,3.5102482872854175
2016-09-14,3.5282167724698534
2016-09-15,3.507526134056689
2016-09-16,3.5807460931914354
2016-09-17,3.480163719488666
2016-09-18,3.3846132703121774
2016-09-19,3.475973060322854
2016-09-20,3.4845652180998403
2016-09-21,3.5180988851554793
2016-09-22,3.481911033513698
2016-09-23,3.5018153456973495
2016-09-24,3.316547044708538
2016-09-25,3.4592020107806163
2016-09-26,3.519661735009687
2016-09-27,3.5376682436600793
2016-09-28,3.555877387783329
2016-09-29,3.536669028283822
2016-09-30,3.5554506771577232
2016-10-01,3.501964842203247
2016-10-02,3.540354988444305
2016-10-03,3.5684296447952035
2016-10-04,3.5671439983823436
2016-10-05,3.567657450718142
2016-10-06,3.5600273681976455
2016-10-07,3.5717091650412534
2016-10-08,3.4580632449274016
2016-10-09,3.573480415559467
2016-10-10,3.4986159233004908
2016-10-11,3.5666980240944643
2016-10-12,3.5015779117971544
2016-10-13,3.4236148296739586
2016-10-14,3.3842858538420986
2016-10-15,3.3210357892990565
2016-10-16,3.325471722770592
2016-10-17,3.3982389048106256
2016-10-18,3.4640065476559854
2016-10-19,3.504909681842774
2016-10-20,3.4000179953946468
2016-10-21,3.504485832616611
2016-10-22,3.474943774099227
2016-10-23,3.5110180076309523
2016-10-24,3.433493913075409
2016-10-25,3.5765328967623065
2016-10-26,3.49733792939683
2016-10-27,3.5898333109434586
2016-10-28,3.5558103891572364
2016-10-29,3.4253657358693315
2016-10-30,3.4304235671739303
2016-10-31,3.379869925899992
2016-11-01,3.413819669978376
2016-11-02,3.457194752819329
2016-11-03,3.434054197432007
2016-11-04,3.4351937038458584
2016-11-05,3.3982688735771367
2016-11-06,3.492197721895769
2016-11-07,3.553781749721025
2016-11-08,3.542927505808472
2016-11-09,3.478094584770297
2016-11-10,3.470667812750869
2016-11-11,3.475521168150799
2016-11-12,3.44011393182146
2016-11-13,3.418595221694873
2016-11-14,3.4564341860508985
2016-11-15,3.5242692076982824
2016-11-16,3.448230083522253
2016-11-17,3.501788888154375
2016-11-18,3.3485279843999916
2016-11-19,3.2913104537663114
2016-11-20,3.350482448421687
2016-11-21,3.4769703391968636
2016-11-22,3.486279715637303
2016-11-23,3.4712219776262576
2016-11-24,3.557686596279479
2016-11-25,3.577991969415649
2016-11-26,3.5433670921982783
2016-11-27,3.5129471057482275
2016-11-28,3.5483350768373945
2016-11-29,3.5422365731766283
2016-11-30,3.5885164800203158
2016-12-01,3.505720884900816
2016-12-02,3.59481504922375
2016-12-03,3.519275420604633
2016-12-04,3.555664368436194
2016-12-05,3.511890685450942
2016-12-06,3.546924979646657
2016-12-07,3.579933041927062
2016-12-08,3.5308446246360905
2016-12-09,3.580598663191897
2016-12-10,3.6343678710575773
2016-12-11,3.5915531546731136
2016-12-12,3.5992990188136513
2016-12-13,3.605531741618356
2016-12-14,3.6377909921205607
2016-12-15,3.606205346569167
2016-12-16,3.640508015096716
2016-12-17,3.6183796665872046
2016-12-18,3.6255826413504217
2016-12-19,3.553653419834402
2016-12-20,3.5800139612596564
2016-12-21,3.6332786029037516
2016-12-22,3.639038142344938
2016-12-23,3.6071550836794466
2016-12-24,3.5312666810486704
2016-12-25,3.491380193876038
2016-12-26,3.58516108637908
2016-12-27,3.5938640017628214
2016-12-28,3.609247196861754
2016-12-29,3.653918607823319
2016-12-30,3.636574805685661
2016-12-31,3.635286773314608
2017-01-01,3.6635207992871104
2017-01-02,3.6348919422404498
2017-01-03,3.6349390302377844
2017-01-04,3.642048454258044
2017-01-05,3.635694475947828
2017-01-06,3.6173111206012725
2017-01-07,3.544458107302694
2017-01-08,3.6018839951934205
2017-01-09,3.5744921849189013
2017-01-10,3.5119069896214983
2017-01-11,3.567370446360354
2017-01-12,3.516435872884351
2017-01-13,3.5970030466936205
2017-01-14,3.5954048880722884
2017-01-15,3.525622257223942
2017-01-16,3.569740366890443
2017-01-17,3.565353574036528
2017-01-18,3.578910469416603
2017-01-19,3.5254161249699925
2017-01-20,3.5321014916595534
2017-01-21,3.5349975644281004
2017-01-22,3.5394004788587963
2017-01-23,3.556597032037677
2017-01-24,3.616654957835524
2017-01-25,3.589880908238626
2017-01-26,3.5519745079415306
2017-01-27,3.579061044201944
2017-01-28,3.5704796948513646
2017-01-29,3.5828109926026905
2017-01-30,3.6224810299572945
2017-01-31,3.6404815688700465
2017-02-01,3.6266404290146763
2017-02-02,3.629322115086952
2017-02-03,3.5464952650726795
2017-02-04,3.627301857250455
2017-02-05,3.632303870608985
2017-02-06,3.659505317863239
2017-02-07,3.6077984491839854
2017-02-08,3.5827314544127487
2017-02-09,3.5340077250078843
2017-02-10,3.4617686958848046
2017-02-11,3.4687696758446696
2017-02-12,3.564775287603361
2017-02-13,3.578685883054618
2017-02-14,3.6131951299689273
2017-02-15,3.620341218130827
2017-02-16,3.5892590363675274
2017-02-17,3.509176219359767
2017-02-18,3.5670698605506566
2017-02-19,3.663995761845108
2017-02-20,3.5782520051652975
2017-02-21,3.5864935279753105
2017-02-22,3.5604131596030415
2017-02-23,3.5256967381490907
2017-02-24,3.5538752687666038
2017-02-25,3.6205468875466638
2017-02-26,3.522465260391371
2017-02-27,3.497117392680534
2017-02-28,3.5317588215061795
2017-03-01,3.562608661671336
2017-03-02,3.606057226529704
2017-03-03,3.540110053778892
2017-03-04,3.5495368349736056
2017-03-05,3.561244392135795
2017-03-06,3.5936914271032205
2017-03-07,3.670440068774928
2017-03-08,3.635137381558868
2017-03-09,3.654377637614601
2017-03-10,3.599920913926316
2017-03-11,3.580499324406647
2017-03-12,3.547828987445607
2017-03-13,3.540455666798656
2017-03-14,3.5777541167234483
2017-03-15,3.513038277708152
2017-03-16,3.3603543207704045
2017-03-17,3.3599162025212554
2017-03-18,3.420867684668001
2017-03-19,3.3339019811858877
2017-03-20,3.4924748459964707
2017-03-21,3.522228418403141
2017-03-22,3.473609837283962
2017-03-23,3.5115046543706923
2017-03-24,3.4273840769910406
2017-03-25,3.418090271497514
2017-03-26,3.500728377657967
2017-03-27,3.4734861541931714
2017-03-28,3.599155382122697
2017-03-29,3.595651541657534
2017-03-30,3.512328432954743
2017-03-31,3.5422046964429312
2017-04-01,3.461351065278164
2017-04-02,3.552304923350518
2017-04-03,3.5351789467398547
2017-04-04,3.471726047455316
2017-04-05,3.514722255407716
2017-04-06,3.4554432792682803
2017-04-07,3.4066694674846523
2017-04-08,3.4009208600915084
2017-04-09,3.4993865162437405
2017-04-10,3.501247183749799
2017-04-11,3.591591283011745
2017-04-12,3.5686874703746927
2017-04-13,3.635021680796399
2017-04-14,3.5826710265422923
2017-04-15,3.6521185982821773
2017-04-16,3.524866152264392
2017-04-17,3.5795143151193582
2017-04-18,3.523164079090155
2017-04-19,3.597482047582062
2017-04-20,3.5215810534286005
2017-04-21,3.553822082751684
2017-04-22,3.604610342581016
2017-04-23,3.547378253671325
2017-04-24,3.49978530102357
2017-04-25,3.546771817500762
2017-04-26,3.629464024972264
2017-04-27,3.5704588087473312
2017-04-28,3.585925347099546
2017-04-29,3.566978934294302
2017-04-30,3.5121877598479543
2017-05-01,3.5422223276426115
2017-05-02,3.5398058051547974
2017-05-03,3.551074926279396
2017-05-04,3.5899173650559715
2017-05-05,3.542694950492628
2017-05-06,3.470406089017331
2017-05-07,3.485594634225828
2017-05-08,3.509021704661381
2017-05-09,3.542363057603074
2017-05-10,3.515230991099984
2017-05-11,3.3679257678096364
2017-05-12,3.316099603390108
2017-05-13,3.1359987657183748
2017-05-14,3.221175195395111
2017-05-15,3.316180582067407
2017-05-16,3.3340506573210376
2017-05-17,3.4645558084078747
2017-05-18,3.426163349960245
2017-05-19,3.4289361985091737
2017-05-20,3.479739465048471
2017-05-21,3.5032936686572635
2017-05-22,3.5214683667792226
2017-05-23,3.5028915688245754
2017-05-24,3.5143929016949595
2017-05-25,3.6608954805226688
2017-05-26,3.592890323349704
2017-05-27,3.5125708964411393
2017-05-28,3.4524117056658437
2017-05-29,3.4878364059844897
2017-05-30,3.5518381697590504
2017-05-31,3.544335762077403
2017-06-01,3.5035361625564883
2017-06-02,3.5613139557092865
2017-06-03,3.623536434066183
2017-06-04,3.575687608862686
2017-06-05,3.6313309861924283
2017-06-06,3.5886513570045073
2017-06-07,3.513833372524262
2017-06-08,3.4874849777286587
2017-06-09,3.4811283801832054
2017-06-10,3.5230321469166506
2017-06-11,3.4966317559983353
2017-06-12,3.4492986604026603
2017-06-13,3.5608710165844877
2017-06-14,3.5662814460608594
2017-06-15,3.579198821913703
2017-06-16,3.606485647701195
2017-06-17,3.541363257760205
2017-06-18,3.49713007385684
2017-06-19,3.5005913454157267
2017-06-20,3.467814712793433
2017-06-21,3.5296274300309824
2017-06-22,3.5134940515953104
2017-06-23,3.4833128734298624
2017-06-24,3.4231393845370466
2017-06-25,3.4499823373608915
2017-06-26,3.601914816312792
2017-06-27,3.607236921416373
2017-06-28,3.6139926035909147
2017-06-29,3.6354027751135245
2017-06-30,3.712728584155774
2017-07-01,3.696335209429086
2017-07-02,3.6257353357612465
2017-07-03,3.4693780031682198
2017-07-04,3.5558696497216062
2017-07-05,3.510697083173809
2017-07-06,3.5889505127921537
2017-07-07,3.600143511403136
2017-07-08,3.5347279555864723
2017-07-09,3.446440036510229
2017-07-10,3.4903387709269365
2017-07-11,3.5648730058612426
2017-07-12,3.6445517159378413
2017-07-13,3.6561493687869175
2017-07-14,3.626982326798998
2017-07-15,3.6245877709284398
2017-07-16,3.6414321152110345
2017-07-17,3.645175066334671
2017-07-18,3.5867322775991832
2017-07-19,3.6332066164363956
2017-07-20,3.619181290590791
2017-07-21,3.5837071907159763
2017-07-22,3.5750684811334135
2017-07-23,3.6319592461631984
2017-07-24,3.6460272392707007
2017-07-25,3.641177782022073
2017-07-26,3.636383240040325
2017-07-27,3.613825979850928
2017-07-28,3.6099319572197976
2017-07-29,3.643382831764416
2017-07-30,3.7179405189339345
2017-07-31,3.697596159350646
2017-08-01,3.656280256403528
2017-08-02,3.656768873697633
2017-08-03,3.6504823790234853
2017-08-04,3.6944489118746366
2017-08-05,3.7144701834483884
2017-08-06,3.5153868611827206
2017-08-07,3.5894214450142377
2017-08-08,3.6650162278409506
2017-08-09,3.6723302986122035
2017-08-10,3.6565212035489156
2017-08-11,3.7851436600213404
2017-08-12,3.632167358377165
2017-08-13,3.621259564932646
2017-08-14,3.694578953559644
2017-08-15,3.689825549434824
2017-08-16,3.623301729499006
2017-08-17,3.665582943802471
2017-08-18,3.676418471017401
2017-08-19,3.643115284399728
2017-08-20,3.5564936419156408
2017-08-21,3.6552367265854726
2017-08-22,3.7005575256614813
2017-08-23,3.6214693513315304
2017-08-24,3.5948565691529955
2017-08-25,3.559932643740225
2017-08-26,3.6160864676951534
2017-08-27,3.5294638516398424
2017-08-28,3.616393328521988
2017-08-29,3.61073134298777
2017-08-30,3.619546531762574
2017-08-31,3.5158130478322653
2017-09-01,3.5404006451649006
2017-09-02,3.363028145906633
2017-09-03,3.3618247935457486
2017-09-04,3.5130856421391377
2017-09-05,3.4316114541173155
2017-09-06,3.503824130573428
2017-09-07,3.5977080718901515
2017-09-08,3.5637624672541923
2017-09-09,3.5229230968823027
2017-09-10,3.46199117718498
2017-09-11,3.5550555681050877
2017-09-12,3.5440805521338947
2017-09-13,3.5475915950024715
2017-09-14,3.6116442128055724
2017-09-15,3.614469679495187
2017-09-16,3.564476537849166
2017-09-17,3.50410981437081
2017-09-18,3.529944993972843
2017-09-19,3.5156613618959858
2017-09-20,3.5119842288993985
2017-09-21,3.5433262563226453
2017-09-22,3.5583808045713816
2017-09-23,3.63448357411463
2017-09-24,3.565140368390944
2017-09-25,3.545153480200795
2017-09-26,3.490170818817023
2017-09-27,3.4666042074941235
2017-09-28,3.5030545527308297
2017-09-29,3.484159481881443
2017-09-30,3.3314892018143114
2017-10-01,3.449673531140447
2017-10-02,3.54382274784784
2017-10-03,3.5274775690110536
2017-10-04,3.5556880812232916
2017-10-05,3.6336588345489624
2017-10-06,3.6612986709332915
2017-10-07,3.6094789870484627
2017-10-08,3.5174256880822825
2017-10-09,3.5298563157863687
2017-10-10,3.514708502695661
2017-10-11,3.602920608677621
2017-10-12,3.5415073720039705
2017-10-13,3.51852704794708
2017-10-14,3.507927686157474
2017-10-15,3.4257729729522315
2017-10-16,3.4966742709062566
2017-10-17,3.537006192757071
2017-10-18,3.5547302168035757
2017-10-19,3.5604700726096317
2017-10-20,3.534201104285023
2017-10-21,3.5407900094942226
2017-10-22,3.5102161612789526
2017-10-23,3.509377230816231
2017-10-24,3.590348870241405
2017-10-25,3.454579128088175
2017-10-26,3.4161243409670132
2017-10-27,3.5292241790315995
2017-10-28,3.4730789708742487
2017-10-29,3.4765557855083236
2017-10-30,3.507418359780384
2017-10-31,3.46033576024573
2017-11-01,3.525218554878051
2017-11-02,3.4539419462690812
2017-11-03,3.4250633830009116
2017-11-04,3.354573162234082
2017-11-05,3.4021985729038615
2017-11-06,3.4872192728881783
2017-11-07,3.430144235671469
2017-11-08,3.3530557612195167
2017-11-09,3.315994744318882
2017-11-10,3.257159475780595
2017-11-11,3.3284982451987357
2017-11-12,3.2181253699397794
2017-11-13,3.3393007059891593
2017-11-14,3.3459707196892263
2017-11-15,3.3087059473713993
2017-11-16,3.387735786499383
2017-11-17,3.363258663822861
2017-11-18,3.3590438763800616
2017-11-19,3.3379258275599897
2017-11-20,3.407274582210962
2017-11-21,3.4886878204543477
2017-11-22,3.490416992120046
2017-11-23,3.543248559166026
2017-11-24,3.463037348402509
2017-11-25,3.5269707509203476
2017-11-26,3.472270200949899
2017-11-27,3.439149420580532
2017-11-28,3.5161010491298965
2017-11-29,3.5047416810494596
2017-11-30,3.511350386547144
2017-12-01,3.4506827216131977
2017-12-02,3.3461172040356137
2017-12-03,3.4592108809730675
2017-12-04,3.3901436267506395
2017-12-05,3.4518629363186757
2017-12-06,3.4735569677543445
2017-12-07,3.4489801085545104
2017-12-08,3.5323937579228524
2017-12-09,3.537275805019574
2017-12-10,3.52726260051066
2017-12-11,3.533877752148532
2017-12-12,3.499318742906463
2017-12-13,3.4897176602389135
2017-12-14,3.490772451239269
2017-12-15,3.5343628195929124
2017-12-16,3.51268036582751
2017-12-17,3.5721516433371967
2017-12-18,3.550037865574913
2017-12-19,3.6123986742778866
2017-12-20,3.5890984439919973
2017-12-21,3.600396869512764
2017-12-22,3.5983825839020445
2017-12-23,3.613210811535679
2017-12-24,3.645927179681025
2017-12-25,3.5913513905697076
2017-12-26,3.5819149072159897
2017-12-27,3.6070754926892485
2017-12-28,3.6487579070635894
2017-12-29,3.7069941577451537
2017-12-30,3.697228434167764
2017-12-31,3.6236222546152357
2018-01-01,3.6728172608524723
2018-01-02,3.5559143072739
2018-01-03,3.645380269829079
2018-01-04,3.6302011473266846
2018-01-05,3.572714538267073
2018-01-06,3.558614115186858
2018-01-07,3.5065449662369788
2018-01-08,3.467909381351817
2018-01-09,3.5336098152416313
2018-01-10,3.552772354016497
2018-01-11,3.5450048773306273
2018-01-12,3.5896348525342083
2018-01-13,3.576173057012814
2018-01-14,3.555968835916672
2018-01-15,3.5915870411291917
2018-01-16,3.581891271695719
2018-01-17,3.5865341214076674
2018-01-18,3.6277860798727524
2018-01-19,3.6165729981345445
2018-01-20,3.6362199206654657
2018-01-21,3.6231052182707533
2018-01-22,3.5125888691292197
2018-01-23,3.5963961672053566
2018-01-24,3.5928456768736465
2018-01-25,3.5430151964165897
2018-01-26,3.5779159576603603
2018-01-27,3.563838649970263
2018-01-28,3.4891993863266904
2018-01-29,3.5402329972832254
2018-01-30,3.6051087336779633
2018-01-31,3.4853618300391043
2018-02-01,3.492446344368102
2018-02-02,3.518405213497355
2018-02-03,3.519451966361437
2018-02-04,3.517495486748085
2018-02-05,3.609408811745042
2018-02-06,3.639558380404855
2018-02-07,3.609866611588835
2018-02-08,3.530610859119726
2018-02-09,3.50418082392045
2018-02-10,3.491076055468362
2018-02-11,3.4828240465488425
2018-02-12,3.546527050112538
2018-02-13,3.564470814211058
2018-02-14,3.5652098459692723
2018-02-15,3.5401485903128567
2018-02-16,3.511462622857063
2018-02-17,3.569652871306041
2018-02-18,3.5893879970028078
2018-02-19,3.5774050114695037
2018-02-20,3.598056810958441
2018-02-21,3.5405794767743854
2018-02-22,3.602052347918264
2018-02-23,3.6412918352552146
2018-02-24,3.609981338340074
2018-02-25,3.6661568673297773
2018-02-26,3.587182760553467
2018-02-27,3.616247481481737
2018-02-28,3.5771668460105635
2018-03-01,3.6391617150712547
2018-03-02,3.6501702740230515
2018-03-03,3.6130868656680026
2018-03-04,3.597267818097615
2018-03-05,3.5778872170398226
2018-03-06,3.5801557656680254
2018-03-07,3.589015104713872
2018-03-08,3.596118328394784
2018-03-09,3.5628294793929527
2018-03-10,3.5453620152016763
2018-03-11,3.5299211924158818
2018-03-12,3.5282090208082666
2018-03-13,3.5915795264952664
2018-03-14,3.5910398726080297
2018-03-15,3.568382247345597
2018-03-16,3.5688615270515065
2018-03-17,3.567017521613071
2018-03-18,3.4547916474677782
2018-03-19,3.5250865654147905
2018-03-20,3.5753357179412935
2018-03-21,3.5309723306601404
2018-03-22,3.6418130143923992
2018-03-23,3.66728810526023
2018-03-24,3.6770105496152126
2018-03-25,3.6328130402520413
2018-03-26,3.5567656780513905
2018-03-27,3.457594993111186
2018-03-28,3.3189417541826396
2018-03-29,3.395917792738952
2018-03-30,3.4914104879143957
2018-03-31,3.5170195526442916
2018-04-01,3.609439055416666
2018-04-02,3.6012351409028045
2018-04-03,3.5155501358124077
2018-04-04,3.591809552170631
2018-04-05,3.5923477286815966
2018-04-06,3.626274484578937
2018-04-07,3.623610851693716
2018-04-08,3.519790731176669
2018-04-09,3.5558168741724763
2018-04-10,3.5263243327873695
2018-04-11,3.544650049944923
2018-04-12,3.5922927979335935
2018-04-13,3.4894456200199433
2018-04-14,3.614052418847656
2018-04-15,3.470177133660574
2018-04-16,3.5472648910690374
2018-04-17,3.591347326872677
2018-04-18,3.564615206024567
2018-04-19,3.5831697946372194
2018-04-20,3.6226249648105067
2018-04-21,3.4286213764867997
2018-04-22,3.281477410595884
2018-04-23,3.333200439750346
2018-04-24,3.414605234219732
2018-04-25,3.4761850131793453
2018-04-26,3.4432416653186824
2018-04-27,3.4141209564496378
2018-04-28,3.2906207650520702
2018-04-29,3.4560969412196045
2018-04-30,3.4743849480150457
2018-05-01,3.5141194558032285
2018-05-02,3.404470245925099
2018-05-03,3.5141528185213198
2018-05-04,3.5679969638647098
2018-05-05,3.511919685541619
2018-05-06,3.5403321018963854
2018-05-07,3.503653453236621
2018-05-08,3.3757292105721244
2018-05-09,3.4040662287937615
2018-05-10,3.4847808774340954
2018-05-11,3.504177616462706
2018-05-12,3.5244874557236616
2018-05-13,3.482792808699146
2018-05-14,3.5033505483290273
2018-05-15,3.441950561134025
2018-05-16,3.4931082160693503
2018-05-17,3.520672256457442
2018-05-18,3.4730770033892893
2018-05-19,3.4371511402852177
2018-05-20,3.424446993430237
2018-05-21,3.5286950603870015
2018-05-22,3.4753762984586563
2018-05-23,3.5670527175203017
2018-05-24,3.524855295924082
2018-05-25,3.5822060245499396
2018-05-26,3.586604156996259
2018-05-27,3.517849321529388
2018-05-28,3.4927323682603024
2018-05-29,3.494470968667745
2018-05-30,3.4692358639768246
2018-05-31,3.4540548705035414
2018-06-01,3.5546586480331426
2018-06-02,3.477300370816512
2018-06-03,3.4847542122229394
2018-06-04,3.521685931322123
2018-06-05,3.607784975537877
2018-06-06,3.5415910091610785
2018-06-07,3.5665474967636497
2018-06-08,3.4494348553719467
2018-06-09,3.1740214690932502
2018-06-10,3.110906991362301
2018-06-11,3.402232944578259
2018-06-12,3.4237439182363096
2018-06-13,3.4965841419996373
2018-06-14,3.4379932488575835
2018-06-15,3.5189253569011707
2018-06-16,3.6042609044016927
2018-06-17,3.5205080426734137
2018-06-18,3.5106470067340814
2018-06-19,3.42998553256079
2018-06-20,3.456688375159456
2018-06-21,3.507785482369983
2018-06-22,3.5368565759966324
2018-06-23,3.5886356040883305
2018-06-24,3.5425510548573453
2018-06-25,3.4783104180883835
2018-06-26,3.47685281844555
2018-06-27,3.552441980181837
2018-06-28,3.5255175715895986
2018-06-29,3.543139261607478
2018-06-30,3.5605475266426105
2018-07-01,3.5838578266374146
2018-07-02,3.569003689754542
2018-07-03,3.6087836066466394
2018-07-04,3.5494441367104046
2018-07-05,3.5755541369543655
2018-07-06,3.5655644489489484
2018-07-07,3.489135263777127
2018-07-08,3.464902257905002
2018-07-09,3.51664111049817
2018-07-10,3.5110766637744044
2018-07-11,3.54012599169837
2018-07-12,3.5601851695299733
2018-07-13,3.5327734722583113
2018-07-14,3.5248696188468984
2018-07-15,3.4912119737470424
2018-07-16,3.4781820046182483
2018-07-17,3.545032511005342
2018-07-18,3.538248015610783
2018-07-19,3.5310698279066317
2018-07-20,3.4595877239794723
2018-07-21,3.428003897419765
2018-07-22,3.3897946634740084
2018-07-23,3.579493361335104
2018-07-24,3.5236902513191053
2018-07-25,3.5726265465341305
2018-07-26,3.574364252155218
2018-07-27,3.497342150088443
2018-07-28,3.513892583680117
2018-07-29,3.5285789442284976
2018-07-30,3.4733010442032723
2018-07-31,3.569920013528413
2018-08-01,3.6653444907135584
2018-08-02,3.633716138941263
2018-08-03,3.6509915189702227
2018-08-04,3.5495152084042134
2018-08-05,3.534724822008242
2018-08-06,3.6757446194266907
2018-08-07,3.6372186577017898
2018-08-08,3.7136342601732997
2018-08-09,3.665819234040849
2018-08-10,3.680727744030703
2018-08-11,3.7048252483963577
2018-08-12,3.638155106337063
2018-08-13,3.6450855651688756
2018-08-14,3.6349829014819326
2018-08-15,3.6608288189228455
2018-08-16,3.569483107905332
2018-08-17,3.644522202947215
2018-08-18,3.5917560926338963
2018-08-19,3.565683795412861
2018-08-20,3.5950129299062827
2018-08-21,3.5229019797662806
2018-08-22,3.568996516807277
2018-08-23,3.6154919208371297
2018-08-24,3.582893992949828
2018-08-25,3.567213553977454
2018-08-26,3.5626856131344438
2018-08-27,3.5364346354491576
2018-08-28,3.5803577205724713
2018-08-29,3.592197670528711
2018-08-30,3.5998083824793765
2018-08-31,3.5550933821017763
2018-09-01,3.517821254455295
2018-09-02,3.3892515753702566
2018-09-03,3.49588744422403
2018-09-04,3.507244146101616
2018-09-05,3.4866270757561058
2018-09-06,3.452813264715478
2018-09-07,3.413374816581446
2018-09-08,3.3540539663163322
2018-09-09,3.3579966336985025
2018-09-10,3.465959041919338
2018-09-11,3.5067061452276564
2018-09-12,3.5319571309541775
2018-09-13,3.572011879047378
2018-09-14,3.5400547885773843
2018-09-15,3.527243148196073
2018-09-16,3.5325955332934376
2018-09-17,3.559056762172008
2018-09-18,3.5421658161195175
2018-09-19,3.569676562276115
2018-09-20,3.540337807785119
2018-09-21,3.646922465579593
2018-09-22,3.6164671262133576
2018-09-23,3.580137633981045
2018-09-24,3.6318069618645685
2018-09-25,3.6104041463575145
2018-09-26,3.589619699441488
2018-09-27,3.5565780296650424
2018-09-28,3.5684551469123758
2018-09-29,3.5004705860024137
2018-09-30,3.645170985776398
2018-10-01,3.535169331896098
2018-10-02,3.5820574973026504
2018-10-03,3.616364220091314
2018-10-04,3.670785262319656
2018-10-05,3.576251863264243
2018-10-06,3.523317069024005
2018-10-07,3.5287280740431153
2018-10-08,3.475162494210527
2018-10-09,3.5563426974353285
2018-10-10,3.6261420675507217
2018-10-11,3.58933033409545
2018-10-12,3.541153658568901
2018-10-13,3.472619175522432
2018-10-14,3.510543367242842
2018-10-15,3.5048061945052815
2018-10-16,3.5374105795844955
2018-10-17,3.556964112963753
2018-10-18,3.451891814097832
2018-10-19,3.5135014229735013
2018-10-20,3.4776220356599388
2018-10-21,3.5236139612683957
2018-10-22,3.527426256029641
2018-10-23,3.5546471530876413
2018-10-24,3.4794271938908925
2018-10-25,3.4889667513730553
2018-10-26,3.477367545226726
2018-10-27,3.455563055536245
2018-10-28,3.4677105704696887
2018-10-29,3.4238550127763676
2018-10-30,3.5740857739623055
2018-10-31,3.5725286453422944
2018-11-01,3.522634716874294
2018-11-02,3.4701430653507193
2018-11-03,3.4059442772265327
2018-11-04,3.323142314150143
2018-11-05,3.3499668338036765
2018-11-06,3.4072817049181476
2018-11-07,3.4315571306066857
2018-11-08,3.4063109277725387
2018-11-09,3.453643406971619
2018-11-10,3.5386869963545333
2018-11-11,3.424310690977962
2018-11-12,3.471088208678446
2018-11-13,3.387308924617567
2018-11-14,3.4670709168258655
2018-11-15,3.4014584465047104
2018-11-16,3.440661248947022
2018-11-17,3.38355569779874
2018-11-18,3.4252842981458738
2018-11-19,3.509021028913758
2018-11-20,3.462666517781666
2018-11-21,3.5084403399553645
2018-11-22,3.4687902856689306
2018-11-23,3.6298448671078
2018-11-24,3.5610799986150647
2018-11-25,3.5570480596129674
2018-11-26,3.5239499861830055
2018-11-27,3.547958914376307
2018-11-28,3.5896956407400213
2018-11-29,3.5301757118853625
2018-11-30,3.50976175055729
2018-12-01,3.4096513503148778
2018-12-02,3.389743484758832
2018-12-03,3.4522190892271354
2018-12-04,3.490733284866028
2018-12-05,3.524057788277175
2018-12-06,3.662656131910728
2018-12-07,3.6719484854580924
2018-12-08,3.6120847675255123
2018-12-09,3.6731574057334697
2018-12-10,3.7334125010373373
2018-12-11,3.693740750303074
2018-12-12,3.726560493459231
2018-12-13,3.6416180900682926
2018-12-14,3.6608560880908776
2018-12-15,3.5983486200265697
2018-12-16,3.5533712438372245
2018-12-17,3.5452581228790816
2018-12-18,3.6543775322720173
2018-12-19,3.6726782502120208
2018-12-20,3.697581821177294
2018-12-21,3.705869352985692
2018-12-22,3.7368970429124406
2018-12-23,3.612580056797686
2018-12-24,3.696730627600076
2018-12-25,3.549144399193125
2018-12-26,3.601152447776872
2018-12-27,3.639221728965496
2018-12-28,3.737994500112457
2018-12-29,3.7072594804709555
2018-12-30,3.571650172830254
2018-12-31,3.5823100042184524
2019-01-01,3.6249166958495476
2019-01-02,3.6637599457364685
2019-01-03,3.6726116448680246
2019-01-04,3.6871989304044965
2019-01-05,3.6619989989186603
2019-01-06,3.568764794829277
2019-01-07,3.5243266211974564
2019-01-08,3.4344633549703625
2019-01-09,3.5227393989059808
2019-01-10,3.488395038197561
2019-01-11,3.629368886975902
2019-01-12,3.6137072764676317
2019-01-13,3.645603692393289
2019-01-14,3.6239224050187295
2019-01-15,3.606177624316286
2019-01-16,3.6446947225970105
2019-01-17,3.6562940997556814
2019-01-18,3.6100506680795528
2019-01-19,3.582031575812718
2019-01-20,3.518831530907729
2019-01-21,3.5699936591810606
2019-01-22,3.5992332799994653
2019-01-23,3.529961530396934
2019-01-24,3.5842501706471808
2019-01-25,3.62723058597524
2019-01-26,3.593701482026693
2019-01-27,3.635950378353023
2019-01-28,3.624298999241598
2019-01-29,3.702726758162708
2019-01-30,3.6152501767641403
2019-01-31,3.4914111623611057
2019-02-01,3.563492938388528
2019-02-02,3.594729541185433
2019-02-03,3.628619561942325
2019-02-04,3.6013629102264906
2019-02-05,3.5380380690432185
2019-02-06,3.5691263597439518
2019-02-07,3.599258785692126
2019-02-08,3.598803368782424
2019-02-09,3.602633509472721
2019-02-10,3.616472708501769
2019-02-11,3.5710052695042123
2019-02-12,3.613814467954619
2019-02-13,3.570645360892199
2019-02-14,3.5976303935124814
2019-02-15,3.59227713958592
2019-02-16,3.5856176605157004
2019-02-17,3.5950557034829553
2019-02-18,3.684743820778723
2019-02-19,3.5474253284128348
2019-02-20,3.569770415294153
2019-02-21,3.5690007822416567
2019-02-22,3.5918330620673897
2019-02-23,3.4781437587801163
2019-02-24,3.4191047096204494
2019-02-25,3.505825036604838
2019-02-26,3.4676275888627908
2019-02-27,3.508349004852468
2019-02-28,3.5588682368305493
2019-03-01,3.635419098092737
2019-03-02,3.64879408767535
2019-03-03,3.6053083787433504
2019-03-04,3.6643947775919217
2019-03-05,3.620667558309316
2019-03-06,3.5734783580008
2019-03-07,3.5854581377889008
2019-03-08,3.6549189047707
2019-03-09,3.604925288091436
2019-03-10,3.5688238518165454
2019-03-11,3.583780588763964
2019-03-12,3.633582964727766
2019-03-13,3.65845169815608
2019-03-14,3.66603980853732
2019-03-15,3.681796117660133
2019-03-16,3.606839521467989
2019-03-17,3.5571384057355218
2019-03-18,3.5371458785020393
2019-03-19,3.568439227417465
2019-03-20,3.4860524668981285
2019-03-21,3.586498548138202
2019-03-22,3.615704633097426
2019-03-23,3.5210622419465185
2019-03-24,3.4200505041505687
2019-03-25,3.4939519906790495
2019-03-26,3.458174418678265
2019-03-27,3.493587877681374
2019-03-28,3.5956207621151357
2019-03-29,3.538894455723256
2019-03-30,3.6251888363458917
2019-03-31,3.6059001486617777
2019-04-01,3.5484888913012718
2019-04-02,3.6070561516049144
2019-04-03,3.560100798359402
2019-04-04,3.5884270484501477
2019-04-05,3.6287356170871976
2019-04-06,3.5961000979458833
2019-04-07,3.5232110564787336
2019-04-08,3.5385766124689817
2019-04-09,3.543757234536856
2019-04-10,3.575255955255102
2019-04-11,3.5339269299105256
2019-04-12,3.475204999701146
2019-04-13,3.490512332988478
2019-04-14,3.4433576497112477
2019-04-15,3.522515633929802
2019-04-16,3.558835466889284
2019-04-17,3.57974461087118
2019-04-18,3.5594946090864843
2019-04-19,3.463174798100277
2019-04-20,3.5425520338947267
2019-04-21,3.597269238233307
2019-04-22,3.5329045752126955
2019-04-23,3.5528122633331107
2019-04-24,3.4895228811489627
2019-04-25,3.3425361402775504
2019-04-26,3.3442107295802628
2019-04-27,3.2240018022385635
2019-04-28,3.3382439229477345
2019-04-29,3.399057968222207
2019-04-30,3.5710693729910914
2019-05-01,3.6264275915137474
2019-05-02,3.6557287118422854
2019-05-03,3.6493716984677222
2019-05-04,3.6345309629160476
2019-05-05,3.5736500197203895
2019-05-06,3.6252605210768247
2019-05-07,3.6143170323284743
2019-05-08,3.595058767803761
2019-05-09,3.65878731390109
2019-05-10,3.6149480863695893
2019-05-11,3.5667488638465588
2019-05-12,3.6173220364549104
2019-05-13,3.565738737378133
2019-05-14,3.614679051430301
2019-05-15,3.591169880144822
2019-05-16,3.7156380201665127
2019-05-17,3.634691381896948
2019-05-18,3.594290227125106
2019-05-19,3.568561209800478
2019-05-20,3.7522434956017676
2019-05-21,3.743634330352015
2019-05-22,3.7250816010643804
2019-05-23,3.6893577285887598
2019-05-24,3.680100183771211
2019-05-25,3.6057107307303773
2019-05-26,3.602409737133247
2019-05-27,3.5587819964187117
2019-05-28,3.570056873104608
2019-05-29,3.6545898763021
2019-05-30,3.687508457264763
2019-05-31,3.6590435017779526
2019-06-01,3.71531749040587
2019-06-02,3.7535116588180153
2019-06-03,3.7090396618264463
2019-06-04,3.77031907095514
2019-06-05,3.6851132339150316
2019-06-06,3.6109992433983966
2019-06-07,3.6646685750413397
2019-06-08,3.6100777246233777
2019-06-09,3.6449352401815687
2019-06-10,3.636341221370409
2019-06-11,3.606783279975984
2019-06-12,3.6440989750259725
2019-06-13,3.630690259129139
2019-06-14,3.580962512309943
2019-06-15,3.6058306596219643
2019-06-16,3.610650398630703
2019-06-17,3.6260373246969837
2019-06-18,3.580788243041204
2019-06-19,3.5362465718586
2019-06-20,3.384688106497358
2019-06-21,3.5565701466989483
2019-06-22,3.6091373592937925
2019-06-23,3.611051931685268
2019-06-24,3.595748986600743
2019-06-25,3.569315343626432
2019-06-26,3.578094825145413
2019-06-27,3.4785993632940317
2019-06-28,3.409153245760825
2019-06-29,3.342272346607896
2019-06-30,3.404249130202694
2019-07-01,3.545150487176743
2019-07-02,3.6274423398883475
2019-07-03,3.6334013154015814
2019-07-04,3.5754964207579256
2019-07-05,3.626414152613298
2019-07-06,3.5054775096780593
2019-07-07,3.570349559712859
2019-07-08,3.606502323105025
2019-07-09,3.6583302995476985
2019-07-10,3.5878236610542023
2019-07-11,3.592207614479263
2019-07-12,3.677872785315623
2019-07-13,3.644302014198552
2019-07-14,3.7387235407979595
2019-07-15,3.65919844148666
2019-07-16,3.6937461926177235
2019-07-17,3.5825984301460063
2019-07-18,3.5665414756147586
2019-07-19,3.650603893532929
2019-07-20,3.6904746713238947
2019-07-21,3.6142943923360544
2019-07-22,3.6883284972664567
2019-07-23,3.6432560156948703
2019-07-24,3.715230455002447
2019-07-25,3.683632437371272
2019-07-26,3.6636585851130588
2019-07-27,3.6319595849118
2019-07-28,3.5823073992025103
2019-07-29,3.6399515710359065
2019-07-30,3.6940707350167035
2019-07-31,3.667989903326475
2019-08-01,3.601467633199632
2019-08-02,3.6406088039615883
2019-08-03,3.622364204429818
2019-08-04,3.660152352231699
2019-08-05,3.702302670876596
2019-08-06,3.66473676569795
2019-08-07,3.67789566129306
2019-08-08,3.7128106599274764
2019-08-09,3.6789985166334414
2019-08-10,3.7278213221919545
2019-08-11,3.653294668635643
2019-08-12,3.7449505158369574
2019-08-13,3.802444010524558
2019-08-14,3.7892531106099057
2019-08-15,3.704194521213859
2019-08-16,3.7049087145774675
2019-08-17,3.720482640351051
2019-08-18,3.7321002774017424
2019-08-19,3.72038259021898
2019-08-20,3.6274467586749384
2019-08-21,3.6299750879433867
2019-08-22,3.6061887397860932
2019-08-23,3.6423391501317925
2019-08-24,3.74291058554256
2019-08-25,3.6084260442673863
2019-08-26,3.5918523147820167
2019-08-27,3.667423137769974
2019-08-28,3.6100341636399267
2019-08-29,3.669457585398289
2019-08-30,3.6640529125071732
2019-08-31,3.725366777844723
2019-09-01,3.790020095864597
2019-09-02,3.672609455667959
2019-09-03,3.661435372978382
2019-09-04,3.6364678034435953
2019-09-05,3.553383239716439
2019-09-06,3.5298420870539826
2019-09-07,3.4151771018774557
2019-09-08,3.5079333410532456
2019-09-09,3.515224582462316
2019-09-10,3.4881460193441267
2019-09-11,3.5766943855575892
2019-09-12,3.5856843134005176
2019-09-13,3.5562353128023223
2019-09-14,3.667737349840471
2019-09-15,3.699539503325286
2019-09-16,3.585118398413082
2019-09-17,3.576850114047457
2019-09-18,3.5660130607576046
2019-09-19,3.5743541973112922
2019-09-20,3.59819350610226
2019-09-21,3.572304397886023
2019-09-22,3.576001521937136
2019-09-23,3.5195945606813344
2019-09-24,3.5344686388807616
2019-09-25,3.5657862234628865
2019-09-26,3.526896231083287
2019-09-27,3.5578865654422396
2019-09-28,3.516993819359402
2019-09-29,3.6666400540197173
2019-09-30,3.7045443572660184
2019-10-01,3.6752085972604127
2019-10-02,3.65967475381825
2019-10-03,3.6972999615735413
2019-10-04,3.674042738864191
2019-10-05,3.701557156808758
2019-10-06,3.7427116647426857
2019-10-07,3.6636867609026122
2019-10-08,3.6114707750347894
2019-10-09,3.5447424491790804
2019-10-10,3.5274121264922083
2019-10-11,3.376533465725145
2019-10-12,3.24286835003215
2019-10-13,3.470769660376571
2019-10-14,3.59106590654251
2019-10-15,3.5657560242710593
2019-10-16,3.6105321050849537
2019-10-17,3.5924530545935607
2019-10-18,3.579861494481357
2019-10-19,3.490263153346308
2019-10-20,3.6291026575141445
2019-10-21,3.5430097665842535
2019-10-22,3.487827301087619
2019-10-23,3.585319668811669
2019-10-24,3.5849830254165926
2019-10-25,3.5783848316941222
2019-10-26,3.533818480317036
2019-10-27,3.5635478125960787
2019-10-28,3.550675324751813
2019-10-29,3.5318732824788213
2019-10-30,3.5859017407969747
2019-10-31,3.553074206968784
2019-11-01,3.5412342999112187
2019-11-02,3.4188916105717015
2019-11-03,3.392708832320447
2019-11-04,3.3991539350901516
2019-11-05,3.5026048036789077
2019-11-06,3.488393638886218
2019-11-07,3.562646602703937
2019-11-08,3.5716674691580477
2019-11-09,3.508816226740256
2019-11-10,3.479105997711489
2019-11-11,3.5765794806403677
2019-11-12,3.5876033024707916
2019-11-13,3.5769614925752
2019-11-14,3.559790184409108
2019-11-15,3.670183856457888
2019-11-16,3.678199138420526
2019-11-17,3.718419863103885
2019-11-18,3.7584849247004906
2019-11-19,3.682092422273814
2019-11-20,3.7077918999902444
2019-11-21,3.684977979430905
2019-11-22,3.644032105033833
2019-11-23,3.6583371697538727
2019-11-24,3.6519708527809747
2019-11-25,3.676482750838953
2019-11-26,3.628617225863916
2019-11-27,3.649687169769622
2019-11-28,3.7083326852900633
2019-11-29,3.654788253698826
2019-11-30,3.6337042089867535
2019-12-01,3.620895153348163
2019-12-02,3.621267220879732
2019-12-03,3.6004665589676526
2019-12-04,3.6117817165760346
2019-12-05,3.6533826407133403
2019-12-06,3.6640305715762462
2019-12-07,3.593497396381128
2019-12-08,3.6116812791018913
2019-12-09,3.591835959652291
2019-12-10,3.593152009080881
2019-12-11,3.6251944917221826
2019-12-12,3.617038965559064
2019-12-13,3.603629503644369
2019-12-14,3.620928130877514
2019-12-15,3.65154923243879
2019-12-16,3.5936949552371136
2019-12-17,3.5964203977586204
2019-12-18,3.613431253189994
2019-12-19,3.562474866263867
2019-12-20,3.590141852574993
2019-12-21,3.5759633700552027
2019-12-22,3.5901956383229714
2019-12-23,3.5204402633364693
2019-12-24,3.4646362486276816
2019-12-25,3.523439772478517
2019-12-26,3.5763149057678283
2019-12-27,3.7200445216373943
2019-12-28,3.703540341725999
2019-12-29,3.6665335921537823
2019-12-30,3.6593916450269517
2019-12-31,3.6418978781099463
2020-01-01,3.3279393089763554
2020-01-02,3.32329558852125
2020-01-03,3.3596825485482427
2020-01-04,3.145815603084302
2020-01-05,3.634080423323557
2020-01-06,3.5951445950793395
2020-01-07,3.6391064197119998
2020-01-08,3.6793682981650955
2020-01-09,3.6024391058717793
2020-01-10,3.585689653153618
2020-01-11,3.6094435447489968
2020-01-12,3.634844820208781
2020-01-13,3.6545022560449
2020-01-14,3.597223807235913
2020-01-15,3.597034152866443
2020-01-16,3.4887462617508858
2020-01-17,3.4526844295187704
2020-01-18,3.4283007652895203
2020-01-19,3.4250157183269945
2020-01-20,3.492698322887909
2020-01-21,3.4660814751058826
2020-01-22,3.409849515489968
2020-01-23,3.413468325331125
2020-01-24,3.419880160294331
2020-01-25,3.3311203772208056
2020-01-26,3.368838518850387
2020-01-27,3.3630045427209216
2020-01-28,3.4343158989644307
2020-01-29,3.4143630435456243
2020-01-30,3.3860725268834493
2020-01-31,3.38244492871809
2020-02-01,3.358078320821906
2020-02-02,3.3353473780757548
2020-02-03,3.449466130472617
2020-02-04,3.4565776921173974
2020-02-05,3.454723032911917
2020-02-06,3.4510420132935775
2020-02-07,3.463073640852725
2020-02-08,3.5049106089262367
2020-02-09,3.5079901844021353
2020-02-10,3.4998289316124924
2020-02-11,3.4850340058662015
2020-02-12,3.524332086400897
2020-02-13,3.53999737013549
2020-02-14,3.5924465374013423
2020-02-15,3.4799556935485993
2020-02-16,3.5236378381482663
2020-02-17,3.5833342611820047
2020-02-18,3.623211955094235
2020-02-19,3.6333756279574185
2020-02-20,3.5603783897873456
2020-02-21,3.5711836710315596
2020-02-22,3.4939856849795015
2020-02-23,3.4739658237919606
2020-02-24,3.58080216359946
2020-02-25,3.6172112934036864
2020-02-26,3.514831897312889
2020-02-27,3.506877648415426
2020-02-28,3.4658616816338794
2020-02-29,3.4844845454505387
2020-03-01,3.4274106557014092
2020-03-02,3.469338041137312
2020-03-03,3.3846485600129643
2020-03-04,3.404970531174281
2020-03-05,3.448512135364178
2020-03-06,3.38206889703777
2020-03-07,3.3836108588096416
2020-03-08,3.456503441231289
2020-03-09,3.4980608605716568
2020-03-10,3.431245180240451
2020-03-11,3.3700048851424356
2020-03-12,3.418496253024569
2020-03-13,3.4739200977501676
2020-03-14,3.3983767323322036
2020-03-15,3.4596768429589764
2020-03-16,3.559850772349477
2020-03-17,3.5572839762941255
2020-03-18,3.607802218072949
2020-03-19,3.5444150513171255
2020-03-20,3.644405442916463
2020-03-21,3.6160498788265403
2020-03-22,3.575755731999249
2020-03-23,3.625025774364266
2020-03-24,3.614788599463699
2020-03-25,3.6422891789615073
2020-03-26,3.6616702233832332
2020-03-27,3.6318214022626885
2020-03-28,3.611555019499377
2020-03-29,3.600420471116247
2020-03-30,3.5970604429366606
2020-03-31,3.5950646963621224
2020-04-01,3.6507339320890146
2020-04-02,3.6379986896428105
2020-04-03,3.6421448023981284
2020-04-04,3.616397515049715
2020-04-05,3.6369208509991195
2020-04-06,3.6550375024048036
2020-04-07,3.6497941842359447
2020-04-08,3.6762445852886074
2020-04-09,3.6364399090841277
2020-04-10,3.6674956627807083
2020-04-11,3.62285655717599
2020-04-12,3.5897899932509625
2020-04-13,3.6391296412691307
2020-04-14,3.5973096748648716
2020-04-15,3.643089115716712
2020-04-16,3.6385099263510603
2020-04-17,3.6073321604782933
2020-04-18,3.6438413022030933
2020-04-19,3.6658181074082425
2020-04-20,3.6640469100199895
2020-04-21,3.6310156602439685
2020-04-22,3.67283067121676
2020-04-23,3.6834052007475857
2020-04-24,3.6465432445823445
2020-04-25,3.596687612364649
2020-04-26,3.565943484052649
2020-04-27,3.6608336108919963
2020-04-28,3.687520820986612
2020-04-29,3.6996319474779495
2020-04-30,3.648411416801636
2020-05-01,3.6832320219796193
2020-05-02,3.6834754700126333
2020-05-03,3.6664270238973216
2020-05-04,3.645145447907589
2020-05-05,3.7053920556658038
2020-05-06,3.6666358485286485
2020-05-07,3.6692165726267585
2020-05-08,3.6696031176471315
2020-05-09,3.684122911006327
2020-05-10,3.6824880582226305
2020-05-11,3.678107873018516
2020-05-12,3.7316432067853174
2020-05-13,3.714001719870946
2020-05-14,3.7283036704537773
2020-05-15,3.7533268472411603
2020-05-16,3.75202776182751
2020-05-17,3.707692293525688
2020-05-18,3.715564747517917
2020-05-19,3.732357959740505
2020-05-20,3.7040497185699985
2020-05-21,3.693723396853216
2020-05-22,3.715388391491814
2020-05-23,3.7168190148399467
2020-05-24,3.733984541614879
2020-05-25,3.7628599303015946
2020-05-26,3.7378651634012963
2020-05-27,3.7955041466092365
2020-05-28,3.7860544629379316
2020-05-29,3.7782622382397633
2020-05-30,3.752357995253929
2020-05-31,3.731051009619441
2020-06-01,3.7783168724885305
2020-06-02,3.7488711201194924
2020-06-03,3.7728709200027883
2020-06-04,3.8508214921382544
2020-06-05,3.786554538909288
2020-06-06,3.7104404069214363
2020-06-07,3.7152000181757936
2020-06-08,3.6868118658793563
2020-06-09,3.696652085602469
2020-06-10,3.6997717044299794
2020-06-11,3.685026907378357
2020-06-12,3.6504446060734557
2020-06-13,3.699121672287528
2020-06-14,3.7027812398879885
2020-06-15,3.68389070287767
2020-06-16,3.683301677210681
2020-06-17,3.7484712771278796
2020-06-18,3.7306860960867287
2020-06-19,3.7544381236225943
2020-06-20,3.7671087829176226
2020-06-21,3.758089459353935
2020-06-22,3.684003714121017
2020-06-23,3.7080931116851614
2020-06-24,3.7104676171382165
2020-06-25,3.7645664627995568
2020-06-26,3.789910529328951
2020-06-27,3.7547853237122917
2020-06-28,3.6957550316033014
2020-06-29,3.797301230527984
2020-06-30,3.782493187622588
2020-07-01,3.819650125921004
2020-07-02,3.7923192824983287
2020-07-03,3.7610044540930523
2020-07-04,3.7754856615643697
2020-07-05,3.737616501107388
2020-07-06,3.762621580267341
2020-07-07,3.8130072627222957
2020-07-08,3.7553812693303765
2020-07-09,3.739593424325478
2020-07-10,3.796809716953047
2020-07-11,3.762696132617986
2020-07-12,3.7671505678253485
2020-07-13,3.822802363281952
2020-07-14,3.821392205098537
2020-07-15,3.8100971564324393
2020-07-16,3.7818105736898096
2020-07-17,3.7760398341927073
2020-07-18,3.7783152646528038
2020-07-19,3.796231794754764
2020-07-20,3.7826527372092764
2020-07-21,3.7426920841316966
2020-07-22,3.7900610841277103
2020-07-23,3.7736945248461726
2020-07-24,3.747433804693108
2020-07-25,3.80966851365101
2020-07-26,3.8179907165165194
2020-07-27,3.815665041199662
2020-07-28,3.755721749000257
2020-07-29,3.744498255881242
2020-07-30,3.762830795620329
2020-07-31,3.7480389607829023
2020-08-01,3.736565804970247
2020-08-02,3.733491402730441
2020-08-03,3.7375140262016178
2020-08-04,3.7563813191507736
2020-08-05,3.697783911579575
2020-08-06,3.7864129814465253
2020-08-07,3.795709862375422
2020-08-08,3.7776103100444187
2020-08-09,3.741529690877825
2020-08-10,3.7964045749015742
2020-08-11,3.775380597479965
2020-08-12,3.7548802010075617
2020-08-13,3.7718738739323294
2020-08-14,3.7571154166651715
2020-08-15,3.8091196047577713
2020-08-16,3.8306206818014794
2020-08-17,3.777620442783887
2020-08-18,3.776160194993281
2020-08-19,3.7161539537767756
2020-08-20,3.621409836498503
2020-08-21,3.6380083708214137
2020-08-22,3.6224126955612297
2020-08-23,3.685406817084
2020-08-24,3.683735408020097
2020-08-25,3.6253500010020545
2020-08-26,3.7228159267888334
2020-08-27,3.7882575301458377
2020-08-28,3.8130820600985884
2020-08-29,3.6384384194493964
2020-08-30,3.600919230030023
2020-08-31,3.741419813724126
2020-09-01,3.6497473082222616
2020-09-02,3.678341501254144
2020-09-03,3.6778706829227894
2020-09-04,3.5830323679837144
2020-09-05,3.6346194746628986
2020-09-06,3.6355803878962734
2020-09-07,3.7245808804709757
2020-09-08,3.7287357350332897
2020-09-09,3.6754518091470234
2020-09-10,3.6318870829374066
2020-09-11,3.6688146935709764
2020-09-12,3.65516415673215
2020-09-13,3.6820611709430593
2020-09-14,3.695290849362637
2020-09-15,3.73969835818071
2020-09-16,3.7281522256088215
2020-09-17,3.70565640564314
2020-09-18,3.7138859106798163
2020-09-19,3.710483120633469
2020-09-20,3.7143019010351086
2020-09-21,3.7598139667966515
2020-09-22,3.7324758969963914
2020-09-23,3.711209617099705
2020-09-24,3.72946630853275
2020-09-25,3.7240067113447597
2020-09-26,3.689560938001264
2020-09-27,3.714475182729819
2020-09-28,3.773750260935584
2020-09-29,3.7070489676596323
2020-09-30,3.653557608042332
2020-10-01,3.635092094124442
2020-10-02,3.627692065425077
2020-10-03,3.637752252615577
2020-10-04,3.5569508276464727
2020-10-05,3.688063479451781
2020-10-06,3.5441132255513037
2020-10-07,3.61712857088363
2020-10-08,3.6595162725313086
2020-10-09,3.570846006944985
2020-10-10,3.6194329978206463
2020-10-11,3.5637717773127693
2020-10-12,3.541637304321801
2020-10-13,3.6344875691631073
2020-10-14,3.7012978828818635
2020-10-15,3.6865815354924436
2020-10-16,3.6033935266431976
2020-10-17,3.634537276208512
2020-10-18,3.699729774675493
2020-10-19,3.717866370571786
2020-10-20,3.690457740826246
2020-10-21,3.643574970999699
2020-10-22,3.6858458366807705
2020-10-23,3.683435272604471
2020-10-24,3.635764815341628
2020-10-25,3.5024841666089563
2020-10-26,3.680604445931298
2020-10-27,3.6499735125169814
2020-10-28,3.648586655483478
2020-10-29,3.567603857316998
2020-10-30,3.6541407575744027
2020-10-31,3.5046090456740218
2020-11-01,3.6506056759988827
2020-11-02,3.6551970926737543
2020-11-03,3.631974572812926
2020-11-04,3.6937999157970633
2020-11-05,3.570574567856545
2020-11-06,3.634353945675768
2020-11-07,3.630454654642747
2020-11-08,3.6073670180249744
2020-11-09,3.608901878412583
2020-11-10,3.5467676472743457
2020-11-11,3.648407562788946
2020-11-12,3.6910968488674585
2020-11-13,3.7018431866971566
2020-11-14,3.5841644186759605
2020-11-15,3.6041136582856446
2020-11-16,3.5251634973251353
2020-11-17,3.618725873766153
2020-11-18,3.6809549911942776
2020-11-19,3.649301055982967
2020-11-20,3.647477974210552
2020-11-21,3.631806205993742
2020-11-22,3.6111310928562763
2020-11-23,3.6190177069758587
2020-11-24,3.5982901091334223
2020-11-25,3.5419742526507174
2020-11-26,3.537964239185285
2020-11-27,3.740138510217377
2020-11-28,3.681934852084737
2020-11-29,3.639334026364235
2020-11-30,3.669872908379548
2020-12-01,3.643964084182083
2020-12-02,3.6487411652367925
2020-12-03,3.7351963107494153
2020-12-04,3.77583590104618
2020-12-05,3.761558252342112
2020-12-06,3.6413290367713507
2020-12-07,3.7004412340290758
2020-12-08,3.751623271397329
2020-12-09,3.7379248602606254
2020-12-10,3.7343521999442633
2020-12-11,3.7614263969128103
2020-12-12,3.680494874950942
2020-12-13,3.730245774454246
2020-12-14,3.710644644801417
2020-12-15,3.7572956507331376
2020-12-16,3.6647468605093865
2020-12-17,3.630562223991058
2020-12-18,3.704614645332674
2020-12-19,3.8020035986136427
2020-12-20,3.7310964807493057
2020-12-21,3.6997188534327323
2020-12-22,3.7364214425269395
2020-12-23,3.707665427525291
2020-12-24,3.6938426736349
2020-12-25,3.6283253015235566
2020-12-26,3.5976657554732285
2020-12-27,3.6400547788308963
2020-12-28,3.7023645439721085
2020-12-29,3.7507043658855443
2020-12-30,3.682835994280336
2020-12-31,3.684368339249576
2021-01-01,3.6793160377767506
2021-01-02,3.756752581318255
2021-01-03,3.6165366676480204
2021-01-04,3.7446862760626427
2021-01-05,3.6574559405929263
2021-01-06,3.736650887179654
2021-01-07,3.7144558015513844
2021-01-08,3.674065358887894
2021-01-09,3.744017836909845
2021-01-10,3.679409182381705
2021-01-11,3.65415896536638
2021-01-12,3.6442541090376372
2021-01-13,3.6511536498803174
2021-01-14,3.6603402821402744
2021-01-15,3.717905228485859
2021-01-16,3.7049879154619556
2021-01-17,3.6187365187306098
2021-01-18,3.671195375746925
2021-01-19,3.748797868280688
2021-01-20,3.7116499635603097
2021-01-21,3.727470433324091
2021-01-22,3.660581330615062
2021-01-23,3.716332119480717
2021-01-24,3.661698637852386
2021-01-25,3.7193280599071636
2021-01-26,3.6772109338068866
2021-01-27,3.710791835262965
2021-01-28,3.665235970695614
2021-01-29,3.641473768490604
2021-01-30,3.693372690872739
2021-01-31,3.6366057632337907
2021-02-01,3.7124650501062213
2021-02-02,3.754253460215349
2021-02-03,3.70510239140241
2021-02-04,3.7176517669155658
2021-02-05,3.6798290690758115
2021-02-06,3.641516561057519
2021-02-07,3.6075777542280574
2021-02-08,3.699573654950851
2021-02-09,3.6529779108722735
2021-02-10,3.66461360436454
2021-02-11,3.662638911775218
2021-02-12,3.646212613721207
2021-02-13,3.728685064462552
2021-02-14,3.6930716642540835
2021-02-15,3.681468058633522
2021-02-16,3.715149001777453
2021-02-17,3.6838139760177246
2021-02-18,3.654857328009088
2021-02-19,3.7335339384972404
2021-02-20,3.621964187294501
2021-02-21,3.578516705303686
2021-02-22,3.635408148528433
2021-02-23,3.648648727214458
2021-02-24,3.606055497160418
2021-02-25,3.607913877484909
2021-02-26,3.6392872037300137
2021-02-27,3.5822456387376587
2021-02-28,3.6606043198982166
2021-03-01,3.707058241741557
2021-03-02,3.703848346116505
2021-03-03,3.6679505429733545
2021-03-04,3.7028885036467676
2021-03-05,3.6812400362113245
2021-03-06,3.6625310871063386
2021-03-07,3.6436900295790777
2021-03-08,3.672785791086901
2021-03-09,3.6818139123095626
2021-03-10,3.6397869758221133
2021-03-11,3.6291502640763156
2021-03-12,3.6512151869974545
2021-03-13,3.6850360764220085
2021-03-14,3.6641755875695132
2021-03-15,3.694398877227879
2021-03-16,3.6527611413261214
2021-03-17,3.6756199852387934
2021-03-18,3.641702616910555
2021-03-19,3.5900165254694016
2021-03-20,3.5658303274900813
2021-03-21,3.606009824875804
2021-03-22,3.682941605010034
2021-03-23,3.6454680444329526
2021-03-24,3.5870032609521845
2021-03-25,3.646825095131233
2021-03-26,3.597938532885195
2021-03-27,3.550529235728872
2021-03-28,3.6563291181312065
2021-03-29,3.6329621221091757
2021-03-30,3.663162779266089
2021-03-31,3.6605955372753054
2021-04-01,3.67481126121633
2021-04-02,3.505063360243128
2021-04-03,3.378409408918517
2021-04-04,3.3766338729382386
2021-04-05,3.6119452044895044
2021-04-06,3.611467335297086
2021-04-07,3.730056456642352
2021-04-08,3.7404932155722967
2021-04-09,3.699784247899734
2021-04-10,3.6514237640082854
2021-04-11,3.6200829844787092
2021-04-12,3.598217400870158
2021-04-13,3.6239113465246726
2021-04-14,3.685757378742301
2021-04-15,3.609166329690425
2021-04-16,3.604028285809529
2021-04-17,3.5769653907186294
2021-04-18,3.5251885964643974
2021-04-19,3.5840102351694156
2021-04-20,3.663818805670208
2021-04-21,3.5857032787603558
2021-04-22,3.6132942087445032
2021-04-23,3.650544951860674
2021-04-24,3.5614043193714258
2021-04-25,3.6140235062071207
2021-04-26,3.623152147588154
2021-04-27,3.524331723398499
2021-04-28,3.5986144997836527
2021-04-29,3.6255393997522916
2021-04-30,3.677346973316512
2021-05-01,3.669660949632895
2021-05-02,3.557338882754488
2021-05-03,3.609159886404217
2021-05-04,3.642303691951251
2021-05-05,3.6951822831112087
2021-05-06,3.6846874338799473
2021-05-07,3.6697267019645974
2021-05-08,3.67314845226965
2021-05-09,3.6547204002668328
2021-05-10,3.668520710055657
2021-05-11,3.6804321238470656
2021-05-12,3.6862464894903364
2021-05-13,3.648529157118726
2021-05-14,3.626577668264939
2021-05-15,3.547514380910894
2021-05-16,3.524727313445748
2021-05-17,3.6087931253645156
2021-05-18,3.6501752122428326
2021-05-19,3.6338948233932276
2021-05-20,3.608551627865453
2021-05-21,3.617490522485908
2021-05-22,3.510750978319523
2021-05-23,3.6924670128386894
2021-05-24,3.6102800129871433
2021-05-25,3.6037281790721796
2021-05-26,3.6740103966252438
2021-05-27,3.6664449908213057
2021-05-28,3.636599930078534
2021-05-29,3.7087225403253306
2021-05-30,3.679244467181484
2021-05-31,3.6981043976420667
2021-06-01,3.640306608965598
2021-06-02,3.714408491589262
2021-06-03,3.7261328729072223
2021-06-04,3.7651099820210723
2021-06-05,3.708332284367703
2021-06-06,3.702813801284837
2021-06-07,3.6480917839539213
2021-06-08,3.605276673814988
2021-06-09,3.618047374309453
2021-06-10,3.636941171821085
2021-06-11,3.6424694154590527
2021-06-12,3.5814108529273727
2021-06-13,3.6043971778047985
2021-06-14,3.586446103210583
2021-06-15,3.6142704754177157
2021-06-16,3.665550738993528
2021-06-17,3.605776716068053
2021-06-18,3.6065530911756603
2021-06-19,3.563069924695947
2021-06-20,3.6171573614319246
2021-06-21,3.6553839767551977
2021-06-22,3.666745067270575
2021-06-23,3.6696941351024766
2021-06-24,3.7309465360294465
2021-06-25,3.67653416216329
2021-06-26,3.683580691799382
2021-06-27,3.681067804795852
2021-06-28,3.6375423745858635
2021-06-29,3.601673011597297
2021-06-30,3.647815879884819
2021-07-01,3.65025571462179
2021-07-02,3.700043501199726
2021-07-03,3.6447489797120105
2021-07-04,3.71101175104267
2021-07-05,3.5689342499181023
2021-07-06,3.60366301624399
2021-07-07,3.5892404228157515
2021-07-08,3.6920495730350913
2021-07-09,3.720682118852224
2021-07-10,3.6436411877919177
2021-07-11,3.6843611179672258
2021-07-12,3.724262415283106
2021-07-13,3.7803630289310997
2021-07-14,3.6319957992282603
2021-07-15,3.597349138654462
2021-07-16,3.6440516161672547
2021-07-17,3.547731363391494
2021-07-18,3.5830299464923825
2021-07-19,3.608334367516029
2021-07-20,3.6610484896198403
2021-07-21,3.648415261308749
2021-07-22,3.6437593652390143
2021-07-23,3.569866985116776
2021-07-24,3.54094137702041
2021-07-25,3.490795874654478
2021-07-26,3.510185099546443
2021-07-27,3.5687999057529813
2021-07-28,3.4298124250446422
2021-07-29,3.506684819078761
2021-07-30,3.6302003126396025
2021-07-31,3.6381024706610274
2021-08-01,3.646618062816931
2021-08-02,3.65153213103782
2021-08-03,3.6138214659396186
2021-08-04,3.6856572013952333
2021-08-05,3.7152698362021095
2021-08-06,3.705372628967982
2021-08-07,3.616809355928423
2021-08-08,3.6105648144106683
2021-08-09,3.703871035272129
2021-08-10,3.7554883102840786
2021-08-11,3.7304413346167626
2021-08-12,3.720125492583118
2021-08-13,3.6145428402528474
2021-08-14,3.7131208144007335
2021-08-15,3.6897593946455562
2021-08-16,3.5959623365149374
2021-08-17,3.613821992968443
2021-08-18,3.596044336858264
2021-08-19,3.624216307205517
2021-08-20,3.6795170877505776
2021-08-21,3.692861312486952
2021-08-22,3.574943171990817
2021-08-23,3.6945596378182124
2021-08-24,3.6157872987166035
2021-08-25,3.616187072031639
2021-08-26,3.63871282398558
2021-08-27,3.6871980178567476
2021-08-28,3.5799387984294557
2021-08-29,3.6020929646765376
2021-08-30,3.609992482385912
2021-08-31,3.6340072529654948
2021-09-01,3.606753969490377
2021-09-02,3.5591780019499426
2021-09-03,3.5683866396374118
2021-09-04,3.680200048979481
2021-09-05,3.6840779798110184
2021-09-06,3.6273869857978687
2021-09-07,3.6141940812935425
2021-09-08,3.6199638161415932
2021-09-09,3.5822612538679337
2021-09-10,3.524261869135129
2021-09-11,3.518424608804418
2021-09-12,3.527930580194538
2021-09-13,3.597003240215739
2021-09-14,3.5911482002151125
2021-09-15,3.5691163525421854
2021-09-16,3.633491394975747
2021-09-17,3.53527065255381
2021-09-18,3.6092428002121375
2021-09-19,3.628663194591737
2021-09-20,3.7051489456658326
2021-09-21,3.6766396823921723
2021-09-22,3.5703219966031825
2021-09-23,3.567138960858177
2021-09-24,3.632908561143518
2021-09-25,3.599682270678895
2021-09-26,3.5995970033820783
2021-09-27,3.617690193247855
2021-09-28,3.622871911201726
2021-09-29,3.6794554657228966
2021-09-30,3.5511220648656834
2021-10-01,3.643004861045261
2021-10-02,3.664443155537889
2021-10-03,3.6258995421794613
2021-10-04,3.662537657466435
2021-10-05,3.639863476283466
2021-10-06,3.5901783556064455
2021-10-07,3.58580488815843
2021-10-08,3.6721662118852154
2021-10-09,3.6880235887298793
2021-10-10,3.608982422778971
2021-10-11,3.70220888565506
2021-10-12,3.6738982775886644
2021-10-13,3.6213791809778737
2021-10-14,3.655573358991917
2021-10-15,3.642228367181724
2021-10-16,3.5764080978629216
2021-10-17,3.6706821440142594
2021-10-18,3.6580620797177694
2021-10-19,3.646127072198817
2021-10-20,3.613279977493593
2021-10-21,3.6622154732322025
2021-10-22,3.6412302632323406
2021-10-23,3.6644895747937065
2021-10-24,3.728428974129033
2021-10-25,3.6275335138983746
2021-10-26,3.546816414524841
2021-10-27,3.578250888945342
2021-10-28,3.6328678361692086
2021-10-29,3.531082422428783
2021-10-30,3.602694228572855
2021-10-31,3.4818467639551933
2021-11-01,3.5146073027504876
2021-11-02,3.6224739335961664
2021-11-03,3.630467421752914
2021-11-04,3.629278473570315
2021-11-05,3.6776864078678155
2021-11-06,3.6901003587178507
2021-11-07,3.5889245025807814
2021-11-08,3.626241786216074
2021-11-09,3.661340861242029
2021-11-10,3.60600947627155
2021-11-11,3.6014673221580695
2021-11-12,3.5154171894129
2021-11-13,3.5404327916168437
2021-11-14,3.601351240373608
2021-11-15,3.610615716744636
2021-11-16,3.499309781770412
2021-11-17,3.5752683854937377
2021-11-18,3.650957528630084
2021-11-19,3.637586616123583
2021-11-20,3.650687057307809
2021-11-21,3.6933658326340564
2021-11-22,3.664391114860888
2021-11-23,3.7099248241146627
2021-11-24,3.6121515446939196
2021-11-25,3.7177939799283877
2021-11-26,3.64716300115007
2021-11-27,3.601053102171386
2021-11-28,3.52790627958766
2021-11-29,3.6458647283073837
2021-11-30,3.5337581985229227
2021-12-01,3.57122500476261
2021-12-02,3.578760234892222
2021-12-03,3.552919734414759
2021-12-04,3.470512722631552
2021-12-05,3.5716810502710405
2021-12-06,3.6871208660528656
2021-12-07,3.6946998062417893
2021-12-08,3.6862596452910363
2021-12-09,3.709572204175757
2021-12-10,3.622276576156715
2021-12-11,3.6389555650409497
2021-12-12,3.604208394961631
2021-12-13,3.6651298036483015
2021-12-14,3.6296207263297386
2021-12-15,3.659110652107758
2021-12-16,3.6905245518254484
2021-12-17,3.689061873789234
2021-12-18,3.643957461055554
2021-12-19,3.6751456675242693
2021-12-20,3.656154470152716
2021-12-21,3.731367350855371
2021-12-22,3.6708013417775103
2021-12-23,3.7185981459483344
2021-12-24,3.6584564800776724
2021-12-25,3.6823983691472404
2021-12-26,3.685604838843477
2021-12-27,3.7057241596061816
2021-12-28,3.672521989513503
2021-12-29,3.7294825810631034
2021-12-30,3.6999656002535644
2021-12-31,3.5899971419231873
2022-01-01,3.593123190347327
2022-01-02,3.530290871656859
2022-01-03,3.5908588140388926
2022-01-04,3.708936307277899
2022-01-05,3.7370129391630127
2022-01-06,3.6377223460023744
2022-01-07,3.6127720242548427
2022-01-08,3.701865715507559
2022-01-09,3.531630120464454
2022-01-10,3.590362849393358
2022-01-11,3.6217055255721617
2022-01-12,3.5869281945666254
2022-01-13,3.6712112591373343
2022-01-14,3.6607259531326126
2022-01-15,3.5832978704054397
2022-01-16,3.6122681627026596
2022-01-17,3.6010009919992534
2022-01-18,3.621212799668302
2022-01-19,3.6702585136718238
2022-01-20,3.7068087022042344
2022-01-21,3.734336472356497
2022-01-22,3.659660672517279
2022-01-23,3.6517172334531636
2022-01-24,3.74740207414037
2022-01-25,3.707173408813037
2022-01-26,3.6245843073431394
2022-01-27,3.5852352845748605
2022-01-28,3.5872888795085927
2022-01-29,3.502301639645445
2022-01-30,3.596277621635243
2022-01-31,3.583380284517485
2022-02-01,3.627288385312556
2022-02-02,3.6115574170467037
2022-02-03,3.6065829552596433
2022-02-04,3.463728833019231
2022-02-05,3.397681315872795
2022-02-06,3.352224567888202
2022-02-07,3.5204185124996275
2022-02-08,3.532506067047579
2022-02-09,3.6401876969736278
2022-02-10,3.6231534429328214
2022-02-11,3.5696335724252872
2022-02-12,3.550637791178417
2022-02-13,3.653988066208534
2022-02-14,3.600010103668765
2022-02-15,3.6408535627416807
2022-02-16,3.626303006462561
2022-02-17,3.6414269949121163
2022-02-18,3.6562921188362365
2022-02-19,3.620189788898684
2022-02-20,3.5268949834629986
2022-02-21,3.6832028413929363
2022-02-22,3.6216493296679637
2022-02-23,3.677356021815548
2022-02-24,3.7037527759882805
2022-02-25,3.6902945453768172
2022-02-26,3.6959398984586977
2022-02-27,3.7140794187016444
2022-02-28,3.5986709459000847
2022-03-01,3.5950983144408264
2022-03-02,3.691855239977029
2022-03-03,3.624374498319757
2022-03-04,3.627241841027484
2022-03-05,3.5210885088551325
2022-03-06,3.56192358513837
2022-03-07,3.6296591369276294
2022-03-08,3.61368536103451
2022-03-09,3.6500889704596253
2022-03-10,3.671484881300834
2022-03-11,3.5669679354672676
2022-03-12,3.679450126931556
2022-03-13,3.7230756499450557
2022-03-14,3.6661079135141934
2022-03-15,3.643571821745844
2022-03-16,3.6322721683234347
2022-03-17,3.652906435938328
2022-03-18,3.5714251838901103
2022-03-19,3.5371114106709567
2022-03-20,3.569324849405531
2022-03-21,3.608899424091765
2022-03-22,3.5721905302043706
2022-03-23,3.5996892488039847
2022-03-24,3.533172650138022
2022-03-25,3.4961060734352642
2022-03-26,3.547514964002489
2022-03-27,3.5363187273772327
2022-03-28,3.614744484690889
2022-03-29,3.496527344363822
2022-03-30,3.2475658412183535
2022-03-31,3.3833895243930407
2022-04-01,3.4946209159769017
2022-04-02,3.4703863009757048
2022-04-03,3.5512952872636516
2022-04-04,3.627565364366113
2022-04-05,3.673862835164072
2022-04-06,3.5979004486362696
2022-04-07,3.6548934672005267
2022-04-08,3.624531655755843
2022-04-09,3.657002736581639
2022-04-10,3.710375023856789
2022-04-11,3.620888590348633
2022-04-12,3.8029708155898168
2022-04-13,3.708802118204624
2022-04-14,3.6855855596738465
2022-04-15,3.592183219480749
2022-04-16,3.5713953414624697
2022-04-17,3.530404533183836
2022-04-18,3.6279442010871725
2022-04-19,3.6341622910718514
2022-04-20,3.5940277064396344
2022-04-21,3.6233290492405925
2022-04-22,3.5785508918564704
2022-04-23,3.5877199309073005
2022-04-24,3.5371450581834494
2022-04-25,3.579987336642892
2022-04-26,3.6911979958414536
2022-04-27,3.770323342994229
2022-04-28,3.673473273267878
2022-04-29,3.642852279002241
2022-04-30,3.622189572644987
2022-05-01,3.6520047605653083
2022-05-02,3.671804112878587
2022-05-03,3.623048565692828
2022-05-04,3.7209698347988613
2022-05-05,3.7142064113000743
2022-05-06,3.6949952018021652
2022-05-07,3.6953233278942963
2022-05-08,3.697372620847449
2022-05-09,3.6760840149290956
2022-05-10,3.6186717199466347
2022-05-11,3.672957445545541
2022-05-12,3.5876390076169513
2022-05-13,3.520802260768423
2022-05-14,3.591655025999555
2022-05-15,3.675952377269983
2022-05-16,3.692796187380598
2022-05-17,3.627824357129199
2022-05-18,3.568058782950308
2022-05-19,3.50260191289365
2022-05-20,3.586215753668248
2022-05-21,3.435011521094608
2022-05-22,3.3649321654356403
2022-05-23,3.5210261934449716
2022-05-24,3.6219789564494618
2022-05-25,3.5902402204761765
2022-05-26,3.50534790896753
2022-05-27,3.593004774250443
2022-05-28,3.5340273412279584
2022-05-29,3.487697088191907
2022-05-30,3.479409611040823
2022-05-31,3.5907969906172394
2022-06-01,3.565278074799104
2022-06-02,3.6067744098337045
2022-06-03,3.616323235097398
2022-06-04,3.5807528326886495
2022-06-05,3.5721526680190454
2022-06-06,3.601157100539406
2022-06-07,3.6459693816040804
2022-06-08,3.6038271094716343
2022-06-09,3.609328467874359
2022-06-10,3.5895989243243513
2022-06-11,3.5711218608667625
2022-06-12,3.599524716827168
2022-06-13,3.619674534161299
2022-06-14,3.572332717529445
2022-06-15,3.5671298218463656
2022-06-16,3.576112616308671
2022-06-17,3.5488900438164377
2022-06-18,3.4696329197897726
2022-06-19,3.481026019176997
2022-06-20,3.6369155630804726
2022-06-21,3.625306579988347
2022-06-22,3.629395452103379
2022-06-23,3.5642199221222617
2022-06-24,3.582796377854097
2022-06-25,3.5587993511628526
2022-06-26,3.6036814255207834
2022-06-27,3.5802451523300793
2022-06-28,3.530100217367061
2022-06-29,3.6041731590233304
2022-06-30,3.632846824720881
2022-07-01,3.5986228391062984
2022-07-02,3.5361772187306353
2022-07-03,3.574115505948795
2022-07-04,3.513311656163461
2022-07-05,3.5011826348774417
2022-07-06,3.561165918326152
2022-07-07,3.445545183310061
2022-07-08,3.473265137069632
2022-07-09,3.3480902718300625
2022-07-10,3.4663504801713443
2022-07-11,3.5457571776210957
2022-07-12,3.6043692271327075
2022-07-13,3.5801385008556847
2022-07-14,3.6156569546369606
2022-07-15,3.5147585731247744
2022-07-16,3.515002713554501
2022-07-17,3.482351582879823
2022-07-18,3.517554849139109
2022-07-19,3.492621416139947
2022-07-20,3.599287493189828
2022-07-21,3.633160257098441
2022-07-22,3.578602937838758
2022-07-23,3.7009235669552485
2022-07-24,3.5008643240629396
2022-07-25,3.637848302413236
2022-07-26,3.54878380195659
2022-07-27,3.5040905684631984
2022-07-28,3.5359603173212593
2022-07-29,3.4891449624906423
2022-07-30,3.46939453221368
2022-07-31,3.5960526516979
2022-08-01,3.4931038307711444
2022-08-02,3.613579430392752
2022-08-03,3.5963022579560406
2022-08-04,3.647617676914393
2022-08-05,3.5758213373738847
2022-08-06,3.510392734254299
2022-08-07,3.546417991227738
2022-08-08,3.6023820434601435
2022-08-09,3.6313233112494614
2022-08-10,3.597442026969982
2022-08-11,3.6736212592686948
2022-08-12,3.6224531936125723
2022-08-13,3.5468014207117453
2022-08-14,3.4857617671047723
2022-08-15,3.54929094448082
2022-08-16,3.572847953385377
2022-08-17,3.6175242508149688
2022-08-18,3.6207022987086575
2022-08-19,3.5338123412860205
2022-08-20,3.599281447630459
2022-08-21,3.6145114818490525
2022-08-22,3.5818448401232237
2022-08-23,3.5368846164786123
2022-08-24,3.6106004791561785
2022-08-25,3.4866241157279947
2022-08-26,3.6772763561359656
2022-08-27,3.5576842459656133
2022-08-28,3.5598921205433722
2022-08-29,3.6112565354903716
2022-08-30,3.7209398568146907
2022-08-31,3.6641369931541092
2022-09-01,3.746334036153325
2022-09-02,3.614589616072322
2022-09-03,3.6817036979684525
2022-09-04,3.5870367433279737
2022-09-05,3.608016431912711
2022-09-06,3.691559688540279
2022-09-07,3.531891596133827
2022-09-08,3.509900923404565
2022-09-09,3.4205307816008284
2022-09-10,3.4894555823345703
2022-09-11,3.372124171527161
2022-09-12,3.36960282732285
2022-09-13,3.421629466300195
2022-09-14,3.374892580176521
2022-09-15,3.2758038509695733
2022-09-16,3.2477330614827107
2022-09-17,3.2616013641099526
2022-09-18,3.3187936849874484
2022-09-19,3.431438919164095
2022-09-20,3.4507864116661056
2022-09-21,3.491602305645624
2022-09-22,3.485842231164085
2022-09-23,3.4204079858582173
2022-09-24,3.4786999572398023
2022-09-25,3.6190539538210453
2022-09-26,3.4744178726930954
2022-09-27,3.574215286857105
2022-09-28,3.571044075622644
2022-09-29,3.546088756121083
2022-09-30,3.5253797532383024
2022-10-01,3.562043071344669
2022-10-02,3.5877638709732547
2022-10-03,3.7560687965552275
2022-10-04,3.651291627264628
2022-10-05,3.6300279281485652
2022-10-06,3.6572089357099054
2022-10-07,3.656128389003793
2022-10-08,3.6632341378720694
2022-10-09,3.6102022987086904
2022-10-10,3.699726160596715
2022-10-11,3.6618829396750456
2022-10-12,3.638470579505237
2022-10-13,3.570853059490209
2022-10-14,3.6354252572515358
2022-10-15,3.5387232250338037
2022-10-16,3.5659022602991253
2022-10-17,3.695530628870647
2022-10-18,3.72614624651739
2022-10-19,3.5989665422243577
2022-10-20,3.5987378640835015
2022-10-21,3.584035553636955
2022-10-22,3.5244563221893705
2022-10-23,3.411104003065584
2022-10-24,3.5553373763484717
2022-10-25,3.567846725322757
2022-10-26,3.5482354760254062
2022-10-27,3.5485061236433633
2022-10-28,3.564471972176372
2022-10-29,3.404838671836815
2022-10-30,3.532704928608024
2022-10-31,3.4399694519227793
2022-11-01,3.3702194765136837
2022-11-02,3.3408666712445316
2022-11-03,3.438429704624553
2022-11-04,3.3750364370438968
2022-11-05,3.43109690734721
2022-11-06,3.482504886803715
2022-11-07,3.4660779580517036
2022-11-08,3.5627302778062275
2022-11-09,3.524786101392829
2022-11-10,3.3640096020534886
2022-11-11,3.260491089862984
2022-11-12,3.1940749915854525
2022-11-13,3.17634372645689
2022-11-14,3.2031825532561404
2022-11-15,3.287841209740123
2022-11-16,3.3052802731099016
2022-11-17,3.3305221605675
2022-11-18,3.3650410675977014
2022-11-19,3.1518987771425793
2022-11-20,3.13041588352731
2022-11-21,3.387464029880101
2022-11-22,3.438050410688083
2022-11-23,3.5035672564198053
2022-11-24,3.603882086912677
2022-11-25,3.514778136257004
2022-11-26,3.690415440782512
2022-11-27,3.6453583583332874
2022-11-28,3.707385930030717
2022-11-29,3.767491387547574
2022-11-30,3.712526760702239
2022-12-01,3.6951665348399683
2022-12-02,3.7167465120503893
2022-12-03,3.7204523594589425
2022-12-04,3.6895374631895734
2022-12-05,3.6570526945695043
2022-12-06,3.5640524674488003
2022-12-07,3.535442843296643
2022-12-08,3.39519956716164
2022-12-09,3.325606503763361
2022-12-10,3.435173645019509
2022-12-11,3.462902601524118
2022-12-12,3.542754283755413
2022-12-13,3.588226340462636
2022-12-14,3.65174995223221
2022-12-15,3.736713827790651
2022-12-16,3.7267136163203483
2022-12-17,3.7546171181461543
2022-12-18,3.69965448140792
2022-12-19,3.620133423584997
2022-12-20,3.6031670062860868
2022-12-21,3.474345369342667
2022-12-22,3.5949827513502353
2022-12-23,3.5976530359937673
2022-12-24,3.5116672747838837
2022-12-25,3.6065402894712335
2022-12-26,3.5982983360188867
2022-12-27,3.6525883292606522
2022-12-28,3.605834536736563
2022-12-29,3.542714671218634
2022-12-30,3.4875244992116077
2022-12-31,3.4731271492697875
2023-01-01,3.4539678186846334
2023-01-02,3.5983821470676363
2023-01-03,3.5314452530605545
2023-01-04,3.490763495738169
2023-01-05,3.47051545539216
2023-01-06,3.437953578680564
2023-01-07,3.447486215420638
2023-01-08,3.462860816562847
2023-01-09,3.5468965808479487
2023-01-10,3.497812041079423
2023-01-11,3.4814506282331594
2023-01-12,3.5664922281353406
2023-01-13,3.5043337562236268
2023-01-14,3.4659267959889903
2023-01-15,3.363152665902292
2023-01-16,3.4938122646207868
2023-01-17,3.532265607161697
2023-01-18,3.425932609031954
2023-01-19,3.3858496099880426
2023-01-20,3.4346928006670123
2023-01-21,3.382426863155798
2023-01-22,3.4387179350494907
2023-01-23,3.505428858108729
2023-01-24,3.596525137987179
2023-01-25,3.568704467233032
2023-01-26,3.587477415584154
2023-01-27,3.4960085351367627
2023-01-28,3.5915241774765283
2023-01-29,3.532669540748899
2023-01-30,3.5898207707109275
2023-01-31,3.522608288990122
2023-02-01,3.5917623477935208
2023-02-02,3.6318467831299315
2023-02-03,3.500707389933894
2023-02-04,3.6444507175474925
2023-02-05,3.6596680846994882
2023-02-06,3.6145448576565236
2023-02-07,3.630471865186571
2023-02-08,3.614671639816316
2023-02-09,3.6396393059906136
2023-02-10,3.659020535954324
2023-02-11,3.614663343455629
2023-02-12,3.6306478666931277
2023-02-13,3.6722107731317775
2023-02-14,3.647756328318448
2023-02-15,3.6503011595482957
2023-02-16,3.63030884033359
2023-02-17,3.5565041572556066
2023-02-18,3.5553665394536837
2023-02-19,3.559173111160763
2023-02-20,3.578169199679912
2023-02-21,3.5690997141462333
2023-02-22,3.43433585798213
2023-02-23,3.5734781337209784
2023-02-24,3.6210951551864716
2023-02-25,3.5632114012459697
2023-02-26,3.598216526468872
2023-02-27,3.6391868979123023
2023-02-28,3.6159681776250907
2023-03-01,3.5592826991541546
2023-03-02,3.5294780672908384
2023-03-03,3.466133949625363
2023-03-04,3.551004459731109
2023-03-05,3.6121986067940632
2023-03-06,3.566949665210407
2023-03-07,3.564981905830812
2023-03-08,3.6062660485936586
2023-03-09,3.608427262571212
2023-03-10,3.455174520930438
2023-03-11,3.4518195977497936
2023-03-12,3.5128156117395166
2023-03-13,3.4733007684303763
2023-03-14,3.5471145722323802
2023-03-15,3.5910311018106467
2023-03-16,3.585894405064915
2023-03-17,3.4795274595636743
2023-03-18,3.478091265825853
2023-03-19,3.380649151393303
2023-03-20,3.3676231799570857
2023-03-21,3.4597201428696875
2023-03-22,3.3940484111275926
2023-03-23,3.5544373034849595
2023-03-24,3.530161914304653
2023-03-25,3.4355715601735617
2023-03-26,3.4919130562759153
2023-03-27,3.431701465086375
2023-03-28,3.4252344140995823
2023-03-29,3.3710204360733584
2023-03-30,3.431753368400038
2023-03-31,3.422215708841518
2023-04-01,3.3113315936012486
2023-04-02,3.3117345674717464
2023-04-03,3.381015750476321
2023-04-04,3.5217391363054897
2023-04-05,3.340309136882536
2023-04-06,3.3558011620505686
2023-04-07,3.3269984804126556
2023-04-08,3.444809598477918
2023-04-09,3.570438234616022
2023-04-10,3.5476271104125656
2023-04-11,3.4887086400286726
2023-04-12,3.5224041863504967
2023-04-13,3.425432986903909
2023-04-14,3.4320509561212815
2023-04-15,3.416298572295501
2023-04-16,3.4167285066050814
2023-04-17,3.544567576199708
2023-04-18,3.5238838036170947
2023-04-19,3.5175991456107507
2023-04-20,3.483761669812536
2023-04-21,3.500913116749968
2023-04-22,3.459694830042002
2023-04-23,3.427519674714344
2023-04-24,3.473082473433685
2023-04-25,3.452214663781452
2023-04-26,3.425688384778346
2023-04-27,3.3791475620620592
2023-04-28,3.3780657408643813
2023-04-29,3.3803959580469023
2023-04-30,3.4333390121505225
2023-05-01,3.4319982406853264
2023-05-02,3.4292055053668222
2023-05-03,3.451365680519684
2023-05-04,3.2608184689533126
2023-05-05,3.354335332485617
2023-05-06,3.3789518709061213
2023-05-07,3.333272503559066
2023-05-08,3.4108719901363256
2023-05-09,3.5304166686017355
2023-05-10,3.5869348379708317
2023-05-11,3.407923206147533
2023-05-12,3.300142995230416
2023-05-13,3.3447901106977707
2023-05-14,3.383739835946407
2023-05-15,3.402189454096473
2023-05-16,3.48837503374393
2023-05-17,3.4884954154846555
2023-05-18,3.3724874436464365
2023-05-19,3.311286095896401
2023-05-20,3.368144072958011
2023-05-21,3.4279125727546735
2023-05-22,3.441003722559424
2023-05-23,3.4290800554443255
2023-05-24,3.400347876580746
2023-05-25,3.471617773902625
2023-05-26,3.3743837655857414
2023-05-27,3.422134673261637
2023-05-28,3.4117658992077127
2023-05-29,3.4862299936856345
2023-05-30,3.501057983403259
2023-05-31,3.4838352956959833
2023-06-01,3.413338488123247
2023-06-02,3.412073748799034
2023-06-03,3.5092897730517114
2023-06-04,3.620297203078504
2023-06-05,3.5377315802860587
2023-06-06,3.4181290726241027
2023-06-07,3.5171273598675237
2023-06-08,3.471310177746243
2023-06-09,3.464707375941606
2023-06-10,3.446367062847093
2023-06-11,3.457262535182827
2023-06-12,3.42478311826365
2023-06-13,3.4449929317992414
2023-06-14,3.3448290856730907
2023-06-15,3.3597916663296323
2023-06-16,3.335841205172298
2023-06-17,3.2691606265096023
2023-06-18,3.0313697988277553
2023-06-19,3.1345275928008958
2023-06-20,3.3263315128358046
2023-06-21,3.366399923072132
2023-06-22,3.4395110926828103
2023-06-23,3.3836807335394337
2023-06-24,3.3022782549350223
2023-06-25,3.2230512691433018
2023-06-26,3.2379138917712504
2023-06-27,3.292092197477491
2023-06-28,3.301224250115284
2023-06-29,3.390228490967512
2023-06-30,3.373015808583612
2023-07-01,3.4362069794951937
2023-07-02,3.489043363092434
2023-07-03,3.432925990284027
2023-07-04,3.498688599667855
2023-07-05,3.509291621881602
2023-07-06,3.402784286574174
2023-07-07,3.4082544828081986
2023-07-08,3.3864826674257102
2023-07-09,3.377538572265692
2023-07-10,3.3657818133436126
2023-07-11,3.4311819604663865
2023-07-12,3.390565539266054
2023-07-13,3.3932092794834654
2023-07-14,3.4772498056592003
2023-07-15,3.4760667526267968
2023-07-16,3.4165512215862655
2023-07-17,3.45008731059807
2023-07-18,3.3568871990749587
2023-07-19,3.5240864850175706
2023-07-20,3.5064089212380734
2023-07-21,3.500151355324614
2023-07-22,3.5981848125275855
2023-07-23,3.4569172694826795
2023-07-24,3.4609793571075054
2023-07-25,3.3804645901409645
2023-07-26,3.367951068362817
2023-07-27,3.4339820530005483
2023-07-28,3.415642104719827
2023-07-29,3.467671766872138
2023-07-30,3.4585811275341847
2023-07-31,3.4983205154819337
2023-08-01,3.5190369345441597
2023-08-02,3.502188634739064
2023-08-03,3.535573237698067
2023-08-04,3.5153273726249155
2023-08-05,3.515341437257905
2023-08-06,3.556650026127024
2023-08-07,3.589148930059762
2023-08-08,3.5953075875385574
2023-08-09,3.5710595118927664
2023-08-10,3.5559694419079975
2023-08-11,3.6061344173359107
2023-08-12,3.5081527457653143
2023-08-13,3.5234093504990764
2023-08-14,3.523154169168464
2023-08-15,3.427917672544908
2023-08-16,3.4331924020302176
2023-08-17,3.513052683800134
2023-08-18,3.456364801197779
2023-08-19,3.587549442507848
2023-08-20,3.4558599227832234
2023-08-21,3.4555160235209113
2023-08-22,3.4098294025529823
2023-08-23,3.4756822278400508
2023-08-24,3.4314326044729855
2023-08-25,3.5248906259668917
2023-08-26,3.556570478657273
2023-08-27,3.4482625109338163
2023-08-28,3.531064372863478
2023-08-29,3.4572155796649575
2023-08-30,3.4411827606580574
2023-08-31,3.507292880061495
2023-09-01,3.4357505184517545
2023-09-02,3.453794080425634
2023-09-03,3.407948154127118
2023-09-04,3.3976326165629076
2023-09-05,3.420801744750274
2023-09-06,3.333664327979427
2023-09-07,3.335606250724531
2023-09-08,3.366601150724989
2023-09-09,3.3148792333992683
2023-09-10,3.2866971847372994
2023-09-11,3.418827348386498
2023-09-12,3.4210350124914166
2023-09-13,3.423193276832835
2023-09-14,3.42127341923655
2023-09-15,3.3591338153286214
2023-09-16,3.210077433939853
2023-09-17,3.080593484836939
2023-09-18,3.3001371912680977
2023-09-19,3.333625464320149
2023-09-20,3.3896659814977435
2023-09-21,3.3348994346925367
2023-09-22,3.4359850439122206
2023-09-23,3.310342374748053
2023-09-24,3.3499506139957913
2023-09-25,3.4051509213054993
2023-09-26,3.37536754064197
2023-09-27,3.4497663038900725
2023-09-28,3.511984697048378
2023-09-29,3.4235949094480227
2023-09-30,3.43170175528577
2023-10-01,3.439732116509993
2023-10-02,3.5000954199505077
2023-10-03,3.590259245357411
2023-10-04,3.6181311918983963
2023-10-05,3.6357576933771365
2023-10-06,3.4728851078853435
2023-10-07,3.4264443043662958
2023-10-08,3.4709662991907386
2023-10-09,3.479096966048806
2023-10-10,3.5377061336488906
2023-10-11,3.56778311888681
2023-10-12,3.5177973960112787
2023-10-13,3.5210708697740256
2023-10-14,3.5069467444355515
2023-10-15,3.352905717781477
2023-10-16,3.3020964982255454
2023-10-17,3.1841319089352536
2023-10-18,3.2576000997502934
2023-10-19,3.34158851080544
2023-10-20,3.323302115886168
2023-10-21,3.3836965851877783
2023-10-22,3.503626872966475
2023-10-23,3.4908435303299346
2023-10-24,3.3764368667882345
2023-10-25,3.3936944165923624
2023-10-26,3.337509843851766
2023-10-27,3.368558857988275
2023-10-28,3.2463320197256373
2023-10-29,3.25759006215552
2023-10-30,3.352833254450133
2023-10-31,3.326574764571926
2023-11-01,3.415042973275581
2023-11-02,3.4487934579253023
2023-11-03,3.363568532485603
2023-11-04,3.3937435306901342
2023-11-05,3.2847107349455094
2023-11-06,3.2844716625420247
2023-11-07,3.3160407457853496
2023-11-08,3.308137511225022
2023-11-09,3.414583711804416
2023-11-10,3.357357582733215
2023-11-11,3.4326715504070373
2023-11-12,3.4786494683274114
2023-11-13,3.39592659865611
2023-11-14,3.3643717398754727
2023-11-15,3.286249770761928
2023-11-16,3.3674226554791487
2023-11-17,3.3762173466552095
2023-11-18,3.3285839670860966
2023-11-19,3.3634491571088114
2023-11-20,3.3384796128807555
2023-11-21,3.444929300118537
2023-11-22,3.452229792648981
2023-11-23,3.404046673478449
2023-11-24,3.449749730362864
2023-11-25,3.413766914682026
2023-11-26,3.3725362844471625
2023-11-27,3.435401033589057
2023-11-28,3.518315844224613
2023-11-29,3.4915086806993116
2023-11-30,3.487669641113509
2023-12-01,3.4059878487370683
2023-12-02,3.3297800165033173
2023-12-03,3.351828560759715
2023-12-04,3.4422013947929444
2023-12-05,3.4384756497649613
2023-12-06,3.450300037037895
2023-12-07,3.4369837181530185
2023-12-08,3.4321932872868803
2023-12-09,3.4234107083664953
2023-12-10,3.4514788827617546
2023-12-11,3.5154054592181776
2023-12-12,3.4007614386180416
2023-12-13,3.368049936139897
2023-12-14,3.4045121446319966
2023-12-15,3.5194672813517465
2023-12-16,3.4427745706942856
2023-12-17,3.5142892554253047
2023-12-18,3.5207361787064904
2023-12-19,3.563781045194804
2023-12-20,3.5528323755664513
2023-12-21,3.6252241432408403
2023-12-22,3.493973356203573
2023-12-23,3.5870343660905393
2023-12-24,3.623779041096488
2023-12-25,3.4816075110236326
2023-12-26,3.4805329865030323
2023-12-27,3.561829280980873
2023-12-28,3.588923749810447
2023-12-29,3.6025366103743157
2023-12-30,3.542375859238685
2023-12-31,3.3849340072269287
2024-01-01,3.4297917630342516
2024-01-02,3.5715198522746237
2024-01-03,3.571896623652654
2024-01-04,3.67621304326833
2024-01-05,3.686022737631044
2024-01-06,3.6055458307884134
2024-01-07,3.7016000808554295
2024-01-08,3.5812212454955996
2024-01-09,3.5421266363805333
2024-01-10,3.4505464680606734
2024-01-11,3.3971631001615448
2024-01-12,3.567797893322016
2024-01-13,3.56318171701022
2024-01-14,3.5132750150723964
2024-01-15,3.465892302438854
2024-01-16,3.4795409995040103
2024-01-17,3.518345621148105
2024-01-18,3.5180367036148104
2024-01-19,3.4916936893608956
2024-01-20,3.5374437109486707
2024-01-21,3.406905860620254
2024-01-22,3.47630867030743
2024-01-23,3.5283942064857525
2024-01-24,3.554883044793961
2024-01-25,3.5549334164606066
2024-01-26,3.4735518346918988
2024-01-27,3.423664712813591
2024-01-28,3.4478977935558484
2024-01-29,3.521141899806215
2024-01-30,3.5326049934107013
2024-01-31,3.583345313949579
2024-02-01,3.6846345676096424
2024-02-02,3.585044097125084
2024-02-03,3.5831287090206376
2024-02-04,3.4913440024767066
2024-02-05,3.650430624992073
2024-02-06,3.609402441143046
2024-02-07,3.565391354199688
2024-02-08,3.474135967269324
2024-02-09,3.5332357862103048
2024-02-10,3.4433747428785266
2024-02-11,3.5654102946543604
2024-02-12,3.578047988768475
2024-02-13,3.585639507476264
2024-02-14,3.628628647285117
2024-02-15,3.66871489840875
2024-02-16,3.63556918729367
2024-02-17,3.434863139748926
2024-02-18,3.2845671148001734
2024-02-19,3.4603776853005055
2024-02-20,3.5439131878133407
2024-02-21,3.6395260070976385
2024-02-22,3.5298566152400315
2024-02-23,3.5536467270349
2024-02-24,3.5510702046360394
2024-02-25,3.4979249004933406
2024-02-26,3.5250218361761725
2024-02-27,3.5548162179115352
2024-02-28,3.524243239288597
2024-02-29,3.503876894247772
2024-03-01,3.5245476209702566
2024-03-02,3.5243801168061415
2024-03-03,3.461894033933853
2024-03-04,3.4988019874155354
2024-03-05,3.5307413151063565
2024-03-06,3.5870687294867207
2024-03-07,3.591029367633033
2024-03-08,3.5563426904269253
2024-03-09,3.509935251221682
2024-03-10,3.629038592296093
2024-03-11,3.570057021287144
2024-03-12,3.6020120398034017
2024-03-13,3.647145398560902
2024-03-14,3.640445740708666
2024-03-15,3.620002457693842
2024-03-16,3.6125162587218793
2024-03-17,3.5235748845695465
2024-03-18,3.468408875011919
2024-03-19,3.483741084258559
2024-03-20,3.558986598723671
2024-03-21,3.5957237491729326
2024-03-22,3.527773025596266
2024-03-23,3.5838239230059266
2024-03-24,3.6279491039669405
2024-03-25,3.7070412685843106
2024-03-26,3.6456056954053944
2024-03-27,3.5345488116858133
2024-03-28,3.5028840708115068
2024-03-29,3.5704883191489936
2024-03-30,3.5229088623837534
2024-03-31,3.541433079170543
2024-04-01,3.4232325338102703
2024-04-02,3.4039756128572902
2024-04-03,3.429811651859635
2024-04-04,3.3996637640782295
2024-04-05,3.3204016167196784
2024-04-06,3.366839409970137
2024-04-07,3.3659330904779923
2024-04-08,3.3455449215512947
2024-04-09,3.3823082969468987
2024-04-10,3.3910921446787126
2024-04-11,3.445154667843591
2024-04-12,3.4293306648048723
2024-04-13,3.289401922859315
2024-04-14,3.447821829964697
2024-04-15,3.489245701902781
2024-04-16,3.36250793545105
2024-04-17,3.4510840005571435
2024-04-18,3.522331976043973
2024-04-19,3.5172278247250515
2024-04-20,3.5483570343069757
2024-04-21,3.429475139403936
2024-04-22,3.5880529043084453
2024-04-23,3.536899987208673
2024-04-24,3.619329687329297
2024-04-25,3.5821361370658975
2024-04-26,3.4049920395781728
2024-04-27,3.4483076786505107
2024-04-28,3.3905830063279394
2024-04-29,3.4627353543502877
2024-04-30,3.4481575265007973
2024-05-01,3.5381871938886666
2024-05-02,3.538604877645255
2024-05-03,3.5093925816533966
2024-05-04,3.4253551552081123
2024-05-05,3.3350231204876533
2024-05-06,3.446527088722715
2024-05-07,3.561516651644521
2024-05-08,3.495353549642869
2024-05-09,3.430383511877217
2024-05-10,3.510868387550207
2024-05-11,3.4657928390659656
2024-05-12,3.545783860583997
2024-05-13,3.479060618825467
2024-05-14,3.5088993619682287
2024-05-15,3.52842736718554
2024-05-16,3.4282322245738506
2024-05-17,3.4249204654885235
2024-05-18,3.4212020718549248
2024-05-19,3.479924585035172
2024-05-20,3.5168601950822835
2024-05-21,3.5507934714997895
2024-05-22,3.531490838191536
2024-05-23,3.6741671595931016
2024-05-24,3.6870182652530414
2024-05-25,3.517274706509902
2024-05-26,3.31465187276446
2024-05-27,3.450523012969062
2024-05-28,3.495680985873562
2024-05-29,3.4354289366479316
2024-05-30,3.4588161505844437
2024-05-31,3.3159227723649294
2024-06-01,3.3869373221260544
2024-06-02,3.4335491802550306
2024-06-03,3.5377877169207275
2024-06-04,3.563111473700081
2024-06-05,3.443727870956161
2024-06-06,3.3972437386140717
2024-06-07,3.5398856492142117
2024-06-08,3.374054986541834
2024-06-09,3.424087521163236
2024-06-10,3.4703477461568566
2024-06-11,3.4699068979754752
2024-06-12,3.5038519948783464
2024-06-13,3.4529280473817927
2024-06-14,3.5449146964804226
2024-06-15,3.4875162876293273
2024-06-16,3.4577935599099616
2024-06-17,3.553065863607797
2024-06-18,3.437022877051433
2024-06-19,3.4085076185816314
2024-06-20,3.4362694680080708
2024-06-21,3.452313788284926
2024-06-22,3.4857496272031
2024-06-23,3.5426317048823344
2024-06-24,3.4049404962236154
2024-06-25,3.4268949166596308
2024-06-26,3.432117169439786
2024-06-27,3.4108001062937188
2024-06-28,3.4467662934901435
2024-06-29,3.432739359820699
2024-06-30,3.5021251426019635
2024-07-01,3.4955880022301113
2024-07-02,3.4128383588215185
2024-07-03,3.388942945056386
2024-07-04,3.323130022852134
2024-07-05,3.369055564753462
2024-07-06,3.4091876553318445
2024-07-07,3.356751657850554
2024-07-08,3.2967068764470593
2024-07-09,3.4560577854907386
2024-07-10,3.5017741154963167
2024-07-11,3.45264246943421
2024-07-12,3.4607600862674293
2024-07-13,3.518552454940846
2024-07-14,3.485394508258221
2024-07-15,3.560552001113166
2024-07-16,3.545743136321215
2024-07-17,3.6143632109398984
2024-07-18,3.544692983655006
2024-07-19,3.5241661926620056
2024-07-20,3.4447347684345697
2024-07-21,3.6497259934415784
2024-07-22,3.5548648432491055
2024-07-23,3.3422239236100864
2024-07-24,3.3193154421855096
2024-07-25,3.3322769581428946
2024-07-26,3.3919283440129986
2024-07-27,3.297616206102941
2024-07-28,3.3314928565074977
2024-07-29,3.4537958059003326
2024-07-30,3.477421287879203
2024-07-31,3.498690345512518
2024-08-01,3.5465599566489474
2024-08-02,3.5248071286644884
2024-08-03,3.624819258937582
2024-08-04,3.483140439865291
2024-08-05,3.558704995777785
2024-08-06,3.4811194567875914
2024-08-07,3.558217688647804
2024-08-08,3.503743243659174
2024-08-09,3.556841002308368
2024-08-10,3.4342569242703114
2024-08-11,3.610282146982343
2024-08-12,3.6303503377530473
2024-08-13,3.504619173331082
2024-08-14,3.5196802309624577
2024-08-15,3.5154454062459277
2024-08-16,3.4189103150218743
2024-08-17,3.529555083565431
2024-08-18,3.337558618326718
2024-08-19,3.428995265081743
2024-08-20,3.4687718575398963
2024-08-21,3.480126580020893
2024-08-22,3.583853880750772
2024-08-23,3.432391489631502
2024-08-24,3.5365216844821963
2024-08-25,3.5533012429282205
2024-08-26,3.5787392339915036
2024-08-27,3.5479028313300187
2024-08-28,3.413248993994281
2024-08-29,3.3956393712792083
2024-08-30,3.417193783094465
2024-08-31,3.4234375963229944
2024-09-01,3.3107910805487806
2024-09-02,3.3611764963777357
2024-09-03,3.417570505744316
2024-09-04,3.4531672656164254
2024-09-05,3.474657881877265
2024-09-06,3.3573748307834803
2024-09-07,3.389511706522148
2024-09-08,3.3419219102870685
2024-09-09,3.398342279921072
2024-09-10,3.4440583709395085
2024-09-11,3.4137856969631537
2024-09-12,3.3030491731319347
2024-09-13,3.4260550926915516
2024-09-14,3.302420475929789
2024-09-15,3.3227016248988566
2024-09-16,3.5952711607746815
2024-09-17,3.624302121629797
2024-09-18,3.6278043494139736
2024-09-19,3.5402563989498446
2024-09-20,3.4519742807330687
2024-09-21,3.4375330111424383
2024-09-22,3.4510127687448975
2024-09-23,3.5320880898067295
2024-09-24,3.6398898888220867
2024-09-25,3.544754708939502
2024-09-26,3.4837240085368055
2024-09-27,3.4527685220213757
2024-09-28,3.515402703727503
2024-09-29,3.5107352328241497
2024-09-30,3.506942882563972
2024-10-01,3.6130952188077536
2024-10-02,3.587845704951024
2024-10-03,3.664569468901581
2024-10-04,3.6346942527526975
2024-10-05,3.5766505632637298
2024-10-06,3.596958668554942
2024-10-07,3.6047179959310167
2024-10-08,3.61469617722399
2024-10-09,3.457654529210342
2024-10-10,3.5394520642373055
2024-10-11,3.5661113357958896
2024-10-12,3.508850717849003
2024-10-13,3.382523127233339
2024-10-14,3.463311054578879
2024-10-15,3.3574412343218287
2024-10-16,3.441315478147156
2024-10-17,3.500477099586276
2024-10-18,3.4123999362518806
2024-10-19,3.571183013053836
2024-10-20,3.4932594371405283
2024-10-21,3.5261164512240595
2024-10-22,3.4393231114655602
2024-10-23,3.2719344971255664
2024-10-24,3.3421970941255736
2024-10-25,3.454412236469122
2024-10-26,3.4898940764354935
2024-10-27,3.5243496662303637
2024-10-28,3.5656956616473336
2024-10-29,3.481849375551089
2024-10-30,3.4888095313003236
2024-10-31,3.5575403165465667
2024-11-01,3.508649211219024
2024-11-02,3.4943061011664573
2024-11-03,3.423431233175135
2024-11-04,3.4149813114743006
2024-11-05,3.4626980957607394
2024-11-06,3.487549038596609
2024-11-07,3.440076711749478
2024-11-08,3.4242410414030946
2024-11-09,3.4014948445757067
2024-11-10,3.3659849431571076
2024-11-11,3.448675793972205
2024-11-12,3.516626188231914
2024-11-13,3.4926702965635705
2024-11-14,3.476436702985646
2024-11-15,3.380493676415849
2024-11-16,3.266198545613199
2024-11-17,3.264495061687477
2024-11-18,3.3685561866872877
2024-11-19,3.449926625796305
2024-11-20,3.4511609740458735
2024-11-21,3.5451805766581517
2024-11-22,3.5018846879030834
2024-11-23,3.51754066401332
2024-11-24,3.462146615059
2024-11-25,3.508635602485529
2024-11-26,3.5425009620397883
2024-11-27,3.526295899703491
2024-11-28,3.558912323494035
2024-11-29,3.474659876452808
2024-11-30,3.5560121081349916
2024-12-01,3.551516620674936
2024-12-02,3.461813215318921
2024-12-03,3.5801072680549044
2024-12-04,3.5542897998295118
2024-12-05,3.4688876302001597
2024-12-06,3.5869168274796883
2024-12-07,3.5138536124022384
2024-12-08,3.5602941332085583
2024-12-09,3.558961948165688
2024-12-10,3.676374903831782
2024-12-11,3.6274752894542757
2024-12-12,3.504203868802443
2024-12-13,3.536839482286963
2024-12-14,3.5900644788024105
2024-12-15,3.5371155542339046
2024-12-16,3.5304406285094307
2024-12-17,3.4939768095510364
2024-12-18,3.56384837007936
2024-12-19,3.561319880045346
2024-12-20,3.480976737538637
2024-12-21,3.5298578176168363
2024-12-22,3.6128937873848908
2024-12-23,3.6310487619184424
2024-12-24,3.548944591087959
2024-12-25,3.436420091821527
2024-12-26,3.524280439873057
2024-12-27,3.661954195852028
2024-12-28,3.6379257503736753
2024-12-29,3.5020124613196586
2024-12-30,3.592678907433421
2024-12-31,3.4831717515199454
2025-01-01,3.5932558647753554
2025-01-02,3.6933330221201937
2025-01-03,3.653589543820016
2025-01-04,3.660558373463114
2025-01-05,3.5341965222663365
2025-01-06,3.5497329490151106
2025-01-07,3.6043428032297236
2025-01-08,3.573792160161617
2025-01-09,3.5778041884143814
2025-01-10,3.5941265490523024
2025-01-11,3.4650543283994155
2025-01-12,3.5605160397697415
2025-01-13,3.6181170417978423
2025-01-14,3.575642731112728
2025-01-15,3.599795227320008
2025-01-16,3.6204412097187886
2025-01-17,3.5598459584553157
2025-01-18,3.5034955170297755
2025-01-19,3.6452739751210097
2025-01-20,3.557141099888935
2025-01-21,3.599872954889924
2025-01-22,3.5803249973859264
2025-01-23,3.602288975551352
2025-01-24,3.4609448132169547
2025-01-25,3.48940316765992
2025-01-26,3.447972383052079
2025-01-27,3.5326425564336996
2025-01-28,3.622696666256978
2025-01-29,3.585870768718995
2025-01-30,3.675655179638577
2025-01-31,3.5855225345164117
2025-02-01,3.5780745414542583
2025-02-02,3.6940934028005827
2025-02-03,3.625220174663601
2025-02-04,3.709345035389026
2025-02-05,3.6101151204391253
2025-02-06,3.5763242506536628
2025-02-07,3.6101695135325587
2025-02-08,3.631886917066028
2025-02-09,3.665293954050216
2025-02-10,3.544488604541569
2025-02-11,3.654820940291623
2025-02-12,3.618471775325266
2025-02-13,3.5834440046820895
2025-02-14,3.544977354385432
2025-02-15,3.4988066277087264
2025-02-16,3.424170762526375
2025-02-17,3.443447072217313
2025-02-18,3.4431036791922134
2025-02-19,3.5398515604069125
2025-02-20,3.5335033282513835
2025-02-21,3.4732961289008095
2025-02-22,3.5232356624856953
2025-02-23,3.6106618232816032
2025-02-24,3.524162209823985
2025-02-25,3.62704159900972
2025-02-26,3.6779541727157605
2025-02-27,3.7064788993143196
2025-02-28,3.6001105267634967
2025-03-01,3.5306185072809657
2025-03-02,3.57931414855303
2025-03-03,3.5493377463809583
2025-03-04,3.670981438571841
2025-03-05,3.6443456231891758
2025-03-06,3.6226337102495423
2025-03-07,3.62550155228715
2025-03-08,3.667303679354009
2025-03-09,3.581351739909676
2025-03-10,3.6505589893851886
2025-03-11,3.5931783324945936
2025-03-12,3.604573047504779
2025-03-13,3.557255132261143
2025-03-14,3.5415649362302473
2025-03-15,3.591279822253149
2025-03-16,3.568645083873041
2025-03-17,3.56413413006899
2025-03-18,3.5984317631985365
2025-03-19,3.6046308835293517
2025-03-20,3.574709382739141
2025-03-21,3.526471203688817
2025-03-22,3.3213323334008678
2025-03-23,3.272549470269732
2025-03-24,3.4284550041744803
2025-03-25,3.505792433042775
2025-03-26,3.543390876081038
2025-03-27,3.508627296440994
2025-03-28,3.4767360652918198
2025-03-29,3.5230388712117113
2025-03-30,3.4710953254582773
2025-03-31,3.55679618228836
2025-04-01,3.5976582687287735
2025-04-02,3.627727328119027
2025-04-03,3.6366664687683334
2025-04-04,3.6645960741760932
2025-04-05,3.503974606723158
2025-04-06,3.5368987761063524
2025-04-07,3.548513594840392
2025-04-08,3.650651748811911
2025-04-09,3.722526758607333
2025-04-10,3.6803356356921646
2025-04-11,3.5413779010239304
2025-04-12,3.5356034875922346
2025-04-13,3.537274562990664
2025-04-14,3.441143588566843
2025-04-15,3.527103614277533
2025-04-16,3.575907632081172
2025-04-17,3.4607849258640186
2025-04-18,3.459010068363527
2025-04-19,3.4588925214448465
2025-04-20,3.5430399811939024
2025-04-21,3.5109001493414222
2025-04-22,3.51262321391716
2025-04-23,3.457917988119666
2025-04-24,3.4836288283511885
2025-04-25,3.417465686047807
2025-04-26,3.4027671747207786
2025-04-27,3.440600247793167
2025-04-28,3.4561932913216085
2025-04-29,3.53623737074609
2025-04-30,3.511840610263855
2025-05-01,3.5732955173304752
2025-05-02,3.660793276769393
2025-05-03,3.4910345006193326
2025-05-04,3.580073719004205
2025-05-05,3.527794996632249
2025-05-06,3.4749766944039333
2025-05-07,3.4226795548915274
2025-05-08,3.4947944674305167
2025-05-09,3.4295835132412646
2025-05-10,3.2390191249703855
2025-05-11,3.2836920163772643
2025-05-12,3.3737253278905293
2025-05-13,3.459400278033444
2025-05-14,3.4140635319443877
2025-05-15,3.536382546607684
2025-05-16,3.4985017367206486
2025-05-17,3.508035072471962
2025-05-18,3.460058994020047
2025-05-19,3.418425376210693
2025-05-20,3.417656071578643
2025-05-21,3.418212037431189
2025-05-22,3.521045330967849
2025-05-23,3.4601330666302603
2025-05-24,3.423685714671596
2025-05-25,3.45594218001904
2025-05-26,3.3994812980104148
2025-05-27,3.4244078674031244
2025-05-28,3.5452356659035087
2025-05-29,3.636176057167098
2025-05-30,3.539950894839359
2025-05-31,3.528194239280404
2025-06-01,3.5433164528658176
2025-06-02,3.536267554256918
2025-06-03,3.6387797806104922
2025-06-04,3.583723958723986
2025-06-05,3.5561733536006876
2025-06-06,3.529186231252325
2025-06-07,3.5105843972697333
2025-06-08,3.568817067876258
2025-06-09,3.50442884550108
2025-06-10,3.59442901174096
2025-06-11,3.4841940326822463
2025-06-12,3.4908860807974853
2025-06-13,3.4506151046519227
2025-06-14,3.498296941711859
2025-06-15,2.848459564719984
2025-06-16,3.228907811826745
2025-06-17,2.2826118737776384
2025-06-18,2.804498375307205
2025-06-19,1.6849774484867255
2025-06-20,1.5219280948873621
2025-06-21,2.0874628412503395
2025-06-22,1.780672129520887
2025-06-23,1.275162982784857
2025-06-24,3.136863709607318
2025-06-25,2.4129030794117057
2025-06-26,1.7091574555978686
2025-06-27,2.112300876357291
2025-06-28,2.5334858133780047
2025-06-29,2.2893730126283933
2025-06-30,2.890399900481379
2025-07-01,3.2741986535780736
2025-07-02,3.574807255533217
2025-07-03,3.588414112331382
2025-07-04,3.507246258620642
2025-07-05,3.4535615752481816
2025-07-06,3.509780272400477
2025-07-07,3.5222901281769126
2025-07-08,3.6140982106073376
2025-07-09,3.5964861028390698
2025-07-10,3.5472899487514504
2025-07-11,3.3159018535576936
2025-07-12,3.4287195286173064
2025-07-13,3.268822411795761
2025-07-14,3.244955495156594
2025-07-15,3.2979726766234667
2025-07-16,3.4093718686609913
2025-07-17,3.5063241482055947
2025-07-18,3.452913591481658
2025-07-19,3.4787464306660834
2025-07-20,3.5257520458911387
2025-07-21,3.467688540018482
2025-07-22,3.5002778596287247
2025-07-23,3.5452825471442058
2025-07-24,3.542338069335948
2025-07-25,3.394451624827976
2025-07-26,3.498490037609519
2025-07-27,3.4070939820706916
2025-07-28,3.4225449993605976
2025-07-29,3.5031710864147696
2025-07-30,3.5109741845416274
2025-07-31,3.5021779336339733
2025-08-01,3.5528636849293984
2025-08-02,3.5870314643481866
2025-08-03,3.6164806401835965
2025-08-04,3.6847504752798534
2025-08-05,3.6580021130387905
2025-08-06,3.518622688916225
2025-08-07,3.5675844148280293
2025-08-08,3.485833577142862
2025-08-09,3.5016572055870814
2025-08-10,3.61313592743447
2025-08-11,3.650834934729003
2025-08-12,3.6434252872712203
2025-08-13,3.5599518067532188
2025-08-14,3.521401432050233
2025-08-15,3.5256610068693126
2025-08-16,3.402510116057357
2025-08-17,3.4946847388270057
2025-08-18,3.387112672173146
2025-08-19,3.300684612498
2025-08-20,3.3266536215408693
2025-08-21,3.352424996821579
2025-08-22,3.349772827207576
2025-08-23,3.466610820468151
2025-08-24,3.5249946687018623
2025-08-25,3.440917285271602
2025-08-26,3.410537641280846
2025-08-27,3.5295008867742634
2025-08-28,3.415840361869468
2025-08-29,3.329591157275397
2025-08-30,3.0461926481192516
2025-08-31,2.816715773450077
2025-09-01,3.000837360234491
2025-09-02,2.993013302139575
2025-09-03,3.2457772801828364
2025-09-04,3.301496402612498
2025-09-05,3.286800006969346
2025-09-06,3.3296385280065968
2025-09-07,3.3553113586894976
2025-09-08,3.4181812011559036
2025-09-09,3.448067969185246
2025-09-10,3.534651993723843
2025-09-11,3.5006448415237594
2025-09-12,3.4514887079789194
2025-09-13,3.5190347688841754
2025-09-14,3.3953728355357433
2025-09-15,3.4068478097814143
2025-09-16,3.436571738833643
2025-09-17,3.4347376923204656
2025-09-18,3.4044122595331863
2025-09-19,3.4254403081891076
2025-09-20,3.5089196456172385
2025-09-21,3.5351668671564997
2025-09-22,3.41217789503284
2025-09-23,3.4448622129050888
2025-09-24,3.4356329727447594
2025-09-25,3.4136498389330603
2025-09-26,3.598864183286663
2025-09-27,3.4964043481555023
2025-09-28,3.4056300211045647
2025-09-29,3.5138880575319367
2025-09-30,3.6423976836645453
2025-10-01,3.5667804476220186
2025-10-02,3.597541730233643
2025-10-03,3.559238697996739
2025-10-04,3.6088984987010595
2025-10-05,3.5058265494585097
2025-10-06,3.617027295151893
2025-10-07,3.5624143903074468
2025-10-08,3.647178787372304
2025-10-09,3.526025236707432
2025-10-10,3.5318752424244857
2025-10-11,3.520191408945576
2025-10-12,3.5930306661862152
2025-10-13,3.5917858859170497
2025-10-14,3.563308578170221
2025-10-15,3.5228537139203153
2025-10-16,3.6197940829096042
2025-10-17,3.531886676390414
2025-10-18,3.5405022613282338
2025-10-19,3.4482100478724726
2025-10-20,3.489099864350699
2025-10-21,3.5082240572533516
2025-10-22,3.5605917092293833
2025-10-23,3.4995229146794875
2025-10-24,3.3744933864479942
2025-10-25,3.1845773486637188
2025-10-26,3.101361196587644
2025-10-27,3.25257691655624
2025-10-28,3.368845051766538
2025-10-29,3.315401683235947
2025-10-30,3.296089433446551
2025-10-31,3.3266114541873035
2025-11-01,3.1227340765056137
2025-11-02,3.2316576269098447
2025-11-03,3.3585275790892344
2025-11-04,3.423186053983572
2025-11-05,3.4651904034114587
2025-11-06,3.514516292348278
2025-11-07,3.571488776981044
2025-11-08,3.535378818054328
2025-11-09,3.5746137396099478
2025-11-10,3.5598356824930413
2025-11-11,3.506258577613311
2025-11-12,3.4659740761638207
2025-11-13,3.449053817697237
2025-11-14,3.55172134808976
2025-11-15,3.507336519336351
2025-11-16,3.588772167853246
2025-11-17,3.4798485727995305
2025-11-18,3.576781318582191
2025-11-19,3.565165286514908
2025-11-20,3.5684743198866347
2025-11-21,3.574833043297878
2025-11-22,3.476193023624819
2025-11-23,3.543819318295764
2025-11-24,3.3934322314494225
2025-11-25,3.448462145065634
2025-11-26,3.467185930983819
2025-11-27,3.558103048484129
2025-11-28,3.542163768957087
2025-11-29,3.6235010159758527
2025-11-30,3.635458576822185
2025-12-01,3.629973941178161
2025-12-02,3.589111102232345
2025-12-03,3.4718888877661933
2025-12-04,3.5062645747639873
2025-12-05,3.538069850222205
2025-12-06,3.4503646839748083
2025-12-07,3.684266298784378
2025-12-08,3.636893754738151
2025-12-09,3.5952806561583084
2025-12-10,3.5628150180539384
2025-12-11,3.6279630012787107
2025-12-12,3.6138813209987757
2025-12-13,3.7129530218134867
2025-12-14,3.6025790889451703
2025-12-15,3.6802754867997773
2025-12-16,3.644160889331061
2025-12-17,3.599138610784043
2025-12-18,3.5642374694770194
2025-12-19,3.6268103228798316
2025-12-20,3.6203401793988874
2025-12-21,3.5237998962873536
2025-12-22,3.589730126299732
2025-12-23,3.6370886757723757
2025-12-24,3.568468368504582
2025-12-25,3.4449161013404552
2025-12-26,3.6848971322216943
2025-12-27,3.5893202001489315
2025-12-28,3.588882765217158
2025-12-29,3.662218960288598
2025-12-30,3.65333462108409
2025-12-31,3.6248072288120397
