date,value
2015-02-18,3.467478062873278
2015-02-19,3.4826622812352586
2015-02-20,3.4377850322007095
2015-02-21,3.396575566879902
2015-02-22,3.5172731294995208
2015-02-23,3.511071932863873
2015-02-24,3.4844748019311584
2015-02-25,3.533961118708926
2015-02-26,3.520270797320463
2015-02-27,3.5705328257337348
2015-02-28,3.6169466389764984
2015-03-01,3.6414601402239075
2015-03-02,3.6151809045519583
2015-03-03,3.442527960047943
2015-03-04,3.53191305784534
2015-03-05,3.545465123923045
2015-03-06,3.2719182986327815
2015-03-07,3.489449833161942
2015-03-08,3.4823897582245587
2015-03-09,3.4806301620065496
2015-03-10,3.5189329799599216
2015-03-11,3.5948118256576223
2015-03-12,3.580603804126407
2015-03-13,3.548666534564548
2015-03-14,3.627486510842938
2015-03-15,3.520049473078795
2015-03-16,3.398194034401532
2015-03-17,3.470521690937922
2015-03-18,3.671527921671809
2015-03-19,3.477949979499769
2015-03-20,3.4033325383079385
2015-03-21,3.3628000717483024
2015-03-22,3.5085806494499625
2015-03-23,3.4956362779329675
2015-03-24,3.234952158395869
2015-03-25,3.33096528334974
2015-03-26,3.4266000784851043
2015-03-27,3.493312952122328
2015-03-28,3.382695964655732
2015-03-29,3.35615934056705
2015-03-30,3.4340110807656576
2015-03-31,3.47824504060229
2015-04-01,3.374806349948516
2015-04-02,3.3947072024442275
2015-04-03,3.500579078827426
2015-04-04,3.594928624691888
2015-04-05,3.547378733161183
2015-04-06,3.6112722214322392
2015-04-07,3.554355729439542
2015-04-08,3.5223783480716637
2015-04-09,3.4846370015499306
2015-04-10,3.5058010692335952
2015-04-11,3.5255954179511186
2015-04-12,3.350900019907626
2015-04-13,3.2816473988121104
2015-04-14,3.42403965059617
2015-04-15,3.361888108287721
2015-04-16,3.461376021275641
2015-04-17,3.4795475399182494
2015-04-18,3.499491988404014
2015-04-19,3.499138636170122
2015-04-20,3.575746019637926
2015-04-21,3.545965913498108
2015-04-22,3.5455336525498877
2015-04-23,3.571555581708018
2015-04-24,3.5529649029900203
2015-04-25,3.6025482372313538
2015-04-26,3.577210155617967
2015-04-27,3.5310000210192474
2015-04-28,3.498422206068839
2015-04-29,3.613802450395564
2015-04-30,3.617250333210773
2015-05-01,3.6591374812073623
2015-05-02,3.613684238357462
2015-05-03,3.580380830014704
2015-05-04,3.6261918866568417
2015-05-05,3.535062221868805
2015-05-06,3.696567881831721
2015-05-07,3.6155656282245046
2015-05-08,3.559623349963751
2015-05-09,3.531175991478265
2015-05-10,3.494267677618529
2015-05-11,3.4716778577688174
2015-05-12,3.477981360038383
2015-05-13,3.4598250086119995
2015-05-14,3.4178680046439602
2015-05-15,3.5200724032035358
2015-05-16,3.540230794880828
2015-05-17,3.533341796073302
2015-05-18,3.537606551941621
2015-05-19,3.6013526251737265
2015-05-20,3.547685999647579
2015-05-21,3.4723307003549584
2015-05-22,3.4247223641098294
2015-05-23,3.5109456659477556
2015-05-24,3.53836668566266
2015-05-25,3.462230992741471
2015-05-26,3.456143241807236
2015-05-27,3.4904301073581134
2015-05-28,3.4400768145260185
2015-05-29,3.4184254225574957
2015-05-30,3.5213355871161554
2015-05-31,3.377358818465355
2015-06-01,3.2943894394992035
2015-06-02,3.2380478755598086
2015-06-03,3.4061705291202724
2015-06-04,3.297702081667063
2015-06-05,3.2385843978655857
2015-06-06,3.3832305120393604
2015-06-07,3.223966777301458
2015-06-08,3.201705686446547
2015-06-09,3.3183615939110234
2015-06-10,3.2966777422997486
2015-06-11,3.322209567140811
2015-06-12,3.3996619491431477
2015-06-13,3.259929989048611
2015-06-14,3.360829784444291
2015-06-15,3.5516000062747093
2015-06-16,3.5730556331881522
2015-06-17,3.4542148209461745
2015-06-18,3.448746789934593
2015-06-19,3.4548948752433923
2015-06-20,3.55744057169561
2015-06-21,3.641922591674221
2015-06-22,3.5868455887232105
2015-06-23,3.495168887533296
2015-06-24,3.456218533395938
2015-06-25,3.529476392734812
2015-06-26,3.437845332776564
2015-06-27,3.4471667486148614
2015-06-28,3.2967466334848443
2015-06-29,3.332222638280245
2015-06-30,3.470588009682256
2015-07-01,3.4917061954128283
2015-07-02,3.596317480415822
2015-07-03,3.5940902780254214
2015-07-04,3.4906307852176366
2015-07-05,3.4923099392348145
2015-07-06,3.356940890855961
2015-07-07,3.342825182272368
2015-07-08,3.417373980962981
2015-07-09,3.447895999857903
2015-07-10,3.62795636161817
2015-07-11,3.5009397316290127
2015-07-12,3.502343152818147
2015-07-13,3.529236638531123
2015-07-14,3.40470384801647
2015-07-15,3.5676810302158555
2015-07-16,3.6026254619674556
2015-07-17,3.478538947175275
2015-07-18,3.510912615091846
2015-07-19,3.4476678763655597
2015-07-20,3.4811865949045226
2015-07-21,3.527299028321423
2015-07-22,3.583376286582277
2015-07-23,3.5678331284161
2015-07-24,3.532490772399128
2015-07-25,3.5685740887673836
2015-07-26,3.599475262817737
2015-07-27,3.589892198731348
2015-07-28,3.5657704431600545
2015-07-29,3.582912728960438
2015-07-30,3.609360196780873
2015-07-31,3.60851886267829
2015-08-01,3.546461855130851
2015-08-02,3.5200329441932876
2015-08-03,3.564026178009951
2015-08-04,3.6415116436599932
2015-08-05,3.641592053856919
2015-08-06,3.6020658504913787
2015-08-07,3.7019083124786656
2015-08-08,3.5959914629069933
2015-08-09,3.5486085173684914
2015-08-10,3.6700614062541312
2015-08-11,3.5823477385818503
2015-08-12,3.5839137483458887
2015-08-13,3.6470304794835866
2015-08-14,3.5749527899900455
2015-08-15,3.5962704866130784
2015-08-16,3.589176638319678
2015-08-17,3.626891108503881
2015-08-18,3.5539044078486706
2015-08-19,3.5991403427104367
2015-08-20,3.5372035483446305
2015-08-21,3.5705321679574005
2015-08-22,3.650261329176542
2015-08-23,3.582284190421195
2015-08-24,3.438288023215017
2015-08-25,3.506028555619975
2015-08-26,3.508720000308265
2015-08-27,3.4765801693392038
2015-08-28,3.519762946927171
2015-08-29,3.5125549775020994
2015-08-30,3.4218070417203585
2015-08-31,3.4897734947963563
2015-09-01,3.477615642368415
2015-09-02,3.551878419524877
2015-09-03,3.497416106966228
2015-09-04,3.5307295458092813
2015-09-05,3.428203758972928
2015-09-06,3.4304442688207026
2015-09-07,3.4668414720438214
2015-09-08,3.538488478583564
2015-09-09,3.5457578457236902
2015-09-10,3.4927330637828926
2015-09-11,3.4738116255464786
2015-09-12,3.476186951220683
2015-09-13,3.4282276987186413
2015-09-14,3.4628022449281186
2015-09-15,3.559367386703052
2015-09-16,3.5741362581162663
2015-09-17,3.627891333957019
2015-09-18,3.6119616774919887
2015-09-19,3.5029790334404503
2015-09-20,3.518009619756126
2015-09-21,3.481016054172464
2015-09-22,3.603422240921809
2015-09-23,3.6413482088166016
2015-09-24,3.589206668477641
2015-09-25,3.5451340175592354
2015-09-26,3.505602288535704
2015-09-27,3.508867414910017
2015-09-28,3.633693733955368
2015-09-29,3.6113124481895116
2015-09-30,3.6040007658708566
2015-10-01,3.5762852945258703
2015-10-02,3.5013485068375223
2015-10-03,3.3968118950313637
2015-10-04,3.4576079554358454
2015-10-05,3.4701365864155025
2015-10-06,3.5363679960530363
2015-10-07,3.559157417853322
2015-10-08,3.623153172913388
2015-10-09,3.5860129582245617
2015-10-10,3.5912556922658405
2015-10-11,3.5037061648446985
2015-10-12,3.5818218801810993
2015-10-13,3.571900532107113
2015-10-14,3.5596832886553145
2015-10-15,3.5862624132186514
2015-10-16,3.55142285565384
2015-10-17,3.4919635870804706
2015-10-18,3.448377622980123
2015-10-19,3.5513442987740387
2015-10-20,3.5382750712019626
2015-10-21,3.3840746323653272
2015-10-22,3.2370370777454553
2015-10-23,3.4562534858989693
2015-10-24,3.4230755031190214
2015-10-25,3.547649883125073
2015-10-26,3.540695457361808
2015-10-27,3.475173974123883
2015-10-28,3.519841800826002
2015-10-29,3.472578924841206
2015-10-30,3.4667450975708856
2015-10-31,3.5448921330530654
2015-11-01,3.6460463488053785
2015-11-02,3.537213183770601
2015-11-03,3.6024429886794147
2015-11-04,3.585186468504876
2015-11-05,3.55380430982334
2015-11-06,3.5372151169424537
2015-11-07,3.685090156066383
2015-11-08,3.6128201331860392
2015-11-09,3.596284277663794
2015-11-10,3.487073903439362
2015-11-11,3.5589128929080935
2015-11-12,3.5229621405238536
2015-11-13,3.6094481783875714
2015-11-14,3.525779098458647
2015-11-15,3.6213724452220326
2015-11-16,3.606574947411154
2015-11-17,3.6760710454852537
2015-11-18,3.614940344246734
2015-11-19,3.63950532364257
2015-11-20,3.603336133508571
2015-11-21,3.5458855305787207
2015-11-22,3.579596895591752
2015-11-23,3.526547258478847
2015-11-24,3.586852492980085
2015-11-25,3.581504842913176
2015-11-26,3.609669527589722
2015-11-27,3.6931539900863597
2015-11-28,3.5717345372113973
2015-11-29,3.6050807908199625
2015-11-30,3.553788737855545
2015-12-01,3.597194375097107
2015-12-02,3.5930240438420236
2015-12-03,3.6085537717482294
2015-12-04,3.6379805839508723
2015-12-05,3.611073489062255
2015-12-06,3.5534498174582714
2015-12-07,3.588593847565548
2015-12-08,3.61477749195161
2015-12-09,3.6625780932820695
2015-12-10,3.6274302497632056
2015-12-11,3.6311674230758633
2015-12-12,3.695869340217812
2015-12-13,3.6700049318949057
2015-12-14,3.600595266741183
2015-12-15,3.6425026182869438
2015-12-16,3.6699115181846413
2015-12-17,3.5337156583629863
2015-12-18,3.5661422709850585
2015-12-19,3.6122366022584096
2015-12-20,3.5829373810826355
2015-12-21,3.623628956956252
2015-12-22,3.631146619545985
2015-12-23,3.620167927063479
2015-12-24,3.564289333243348
2015-12-25,3.4710280989393114
2015-12-26,3.585049993312884
2015-12-27,3.6565116176483055
2015-12-28,3.6544203328532756
2015-12-29,3.6029124734047286
2015-12-30,3.5980076928461955
2015-12-31,3.6910456367174906
2016-01-01,3.7803257841062683
2016-01-02,3.751054146286116
2016-01-03,3.723313643984358
2016-01-04,3.6728895603244065
2016-01-05,3.6724914327687554
2016-01-06,3.6958144912559026
2016-01-07,3.7206862861194088
2016-01-08,3.7062947766344436
2016-01-09,3.774990622227116
2016-01-10,3.7341106337044434
2016-01-11,3.6687792565375124
2016-01-12,3.6789260769615897
2016-01-13,3.6558250849182987
2016-01-14,3.6258066207481723
2016-01-15,3.7077941090741326
2016-01-16,3.6882198489410465
2016-01-17,3.625092782539233
2016-01-18,3.5418163822141553
2016-01-19,3.66181457154129
2016-01-20,3.6496932925139522
2016-01-21,3.6010110304611818
2016-01-22,3.4770024196086933
2016-01-23,3.5914776691972907
2016-01-24,3.624606413332801
2016-01-25,3.5940102311870468
2016-01-26,3.6922934658321753
2016-01-27,3.6312480627549704
2016-01-28,3.605322609203747
2016-01-29,3.6160071091236192
2016-01-30,3.588790723404526
2016-01-31,3.633147296703921
2016-02-01,3.6003726977713915
2016-02-02,3.5417260153104024
2016-02-03,3.575542720912981
2016-02-04,3.610004154234802
2016-02-05,3.64202754210746
2016-02-06,3.6949625298406774
2016-02-07,3.699508147006976
2016-02-08,3.5398631341648867
2016-02-09,3.563444561655432
2016-02-10,3.461961478484271
2016-02-11,3.447109099371436
2016-02-12,3.2937073189372224
2016-02-13,3.2947812681420436
2016-02-14,3.3643475435237824
2016-02-15,3.408708023080445
2016-02-16,3.4594884383231257
2016-02-17,3.526134534850954
2016-02-18,3.5607349118616476
2016-02-19,3.5491270876679115
2016-02-20,3.543496758059509
2016-02-21,3.5818960006622076
2016-02-22,3.5808272211295415
2016-02-23,3.521396564601532
2016-02-24,3.5149002140539287
2016-02-25,3.609287493978405
2016-02-26,3.525686385402267
2016-02-27,3.5658093114242337
2016-02-28,3.570507124700985
2016-02-29,3.614822294157956
2016-03-01,3.6216429639518055
2016-03-02,3.6314773946041794
2016-03-03,3.539657950987434
2016-03-04,3.5016978837246104
2016-03-05,3.535928406448549
2016-03-06,3.5585092499337465
2016-03-07,3.5485778125486442
2016-03-08,3.5251257822686943
2016-03-09,3.581695919763312
2016-03-10,3.59544516432413
2016-03-11,3.52303402100955
2016-03-12,3.595585130341956
2016-03-13,3.59468565684794
2016-03-14,3.5605408112617463
2016-03-15,3.636115388708159
2016-03-16,3.612581158904992
2016-03-17,3.707719213668918
2016-03-18,3.5889663061909984
2016-03-19,3.7065355500003765
2016-03-20,3.5700421048811752
2016-03-21,3.551645866286239
2016-03-22,3.6094625078060307
2016-03-23,3.617925774628846
2016-03-24,3.59351992909145
2016-03-25,3.570985040166904
2016-03-26,3.6223705105562494
2016-03-27,3.6945995441175836
2016-03-28,3.6186611902911636
2016-03-29,3.599400395010544
2016-03-30,3.545457317542746
2016-03-31,3.567920799592041
2016-04-01,3.5739859857304563
2016-04-02,3.490726132208634
2016-04-03,3.5401052284266097
2016-04-04,3.549777095119633
2016-04-05,3.5913718734288995
2016-04-06,3.5382151113369935
2016-04-07,3.549415584233784
2016-04-08,3.5329612548204743
2016-04-09,3.5006284554679854
2016-04-10,3.5961375466581442
2016-04-11,3.584593256192663
2016-04-12,3.5887395744263895
2016-04-13,3.560913165204709
2016-04-14,3.654440093789376
2016-04-15,3.5816142849546275
2016-04-16,3.5339215970429154
2016-04-17,3.423328441005195
2016-04-18,3.426149366230977
2016-04-19,3.535176703210828
2016-04-20,3.4616850139350275
2016-04-21,3.5270887008289717
2016-04-22,3.4999256445258893
2016-04-23,3.423035878088106
2016-04-24,3.362253524921352
2016-04-25,3.4313834234709804
2016-04-26,3.5868258502496
2016-04-27,3.605739541649755
2016-04-28,3.625967721190818
2016-04-29,3.5949042302398797
2016-04-30,3.6825040757347183
2016-05-01,3.686566616909931
2016-05-02,3.6356717937844145
2016-05-03,3.5862638558652375
2016-05-04,3.5295458246352425
2016-05-05,3.5249932552768377
2016-05-06,3.573157236942947
2016-05-07,3.59869418499893
2016-05-08,3.7067226941438256
2016-05-09,3.629218489315322
2016-05-10,3.658186806585244
2016-05-11,3.5501718751463285
2016-05-12,3.5759698112057405
2016-05-13,3.513779386900245
2016-05-14,3.542056068992027
2016-05-15,3.570438001380314
2016-05-16,3.5917311781573114
2016-05-17,3.6125603568274354
2016-05-18,3.5579589313926214
2016-05-19,3.5329395648105946
2016-05-20,3.4811205092996103
2016-05-21,3.4976329352705244
2016-05-22,3.532034069172568
2016-05-23,3.5317498794199147
2016-05-24,3.528282493253461
2016-05-25,3.5526256176500413
2016-05-26,3.4719597976466963
2016-05-27,3.5690614865896664
2016-05-28,3.547275397184575
2016-05-29,3.5144647785922785
2016-05-30,3.5814451076564016
2016-05-31,3.632661200287178
2016-06-01,3.6114827130329417
2016-06-02,3.670101461491418
2016-06-03,3.7324766001766396
2016-06-04,3.659375968397257
2016-06-05,3.699340900721019
2016-06-06,3.635754139417041
2016-06-07,3.5669859948202096
2016-06-08,3.581887011351852
2016-06-09,3.655933472920812
2016-06-10,3.560549442250122
2016-06-11,3.621440156746573
2016-06-12,3.6426194222831656
2016-06-13,3.5782533081579744
2016-06-14,3.5244891679044734
2016-06-15,3.617487274378306
2016-06-16,3.6090001761340686
2016-06-17,3.5866497166413693
2016-06-18,3.6373773315997737
2016-06-19,3.667798692792232
2016-06-20,3.651890710725549
2016-06-21,3.6203041594261403
2016-06-22,3.579702624676027
2016-06-23,3.5709898518375494
2016-06-24,3.412059781509952
2016-06-25,3.2523121490052533
2016-06-26,3.354481735512126
2016-06-27,3.321452981960198
2016-06-28,3.494514166027966
2016-06-29,3.564625607543205
2016-06-30,3.54687412791374
2016-07-01,3.558660663458984
2016-07-02,3.543477540034918
2016-07-03,3.5275080784194226
2016-07-04,3.5383091848686727
2016-07-05,3.518993347315969
2016-07-06,3.548948840574322
2016-07-07,3.668623216514616
2016-07-08,3.6059415832023687
2016-07-09,3.4456323827378044
2016-07-10,3.6091350050046387
2016-07-11,3.684521455584518
2016-07-12,3.6126777992632713
2016-07-13,3.6419507149341723
2016-07-14,3.505159766742311
2016-07-15,3.6536812302570825
2016-07-16,3.6533086916425677
2016-07-17,3.6428278744593645
2016-07-18,3.5928045069350936
2016-07-19,3.622096958206382
2016-07-20,3.5940358317457877
2016-07-21,3.546764273453061
2016-07-22,3.6915973344547095
2016-07-23,3.621663845854769
2016-07-24,3.626897250644632
2016-07-25,3.743139917058923
2016-07-26,3.7021962505868267
2016-07-27,3.7175673284691633
2016-07-28,3.706871975601484
2016-07-29,3.6080994150198666
2016-07-30,3.6930240156586334
2016-07-31,3.7197070150077773
2016-08-01,3.7539184257806317
2016-08-02,3.7172787395695153
2016-08-03,3.694774321109247
2016-08-04,3.6883259575324314
2016-08-05,3.701859549535096
2016-08-06,3.6751394245954256
2016-08-07,3.676817750388119
2016-08-08,3.6379011423900947
2016-08-09,3.7371000730575368
2016-08-10,3.7741331230724984
2016-08-11,3.690660887454988
2016-08-12,3.702421900699718
2016-08-13,3.584459938889296
2016-08-14,3.6691006511620516
2016-08-15,3.66133751444428
2016-08-16,3.697618269810338
2016-08-17,3.736666886048371
2016-08-18,3.6648330254208896
2016-08-19,3.6589275211613352
2016-08-20,3.665373244985203
2016-08-21,3.641898214574984
2016-08-22,3.503944101522182
2016-08-23,3.5391593017388705
2016-08-24,3.6365683408481155
2016-08-25,3.5801996642111455
2016-08-26,3.4969498573543034
2016-08-27,3.5734710579495728
2016-08-28,3.5541953212901745
2016-08-29,3.5927401699552197
2016-08-30,3.554014676912669
2016-08-31,3.575873780772851
2016-09-01,3.5475224875796187
2016-09-02,3.532618692843205
2016-09-03,3.5659136421352113
2016-09-04,3.521526919431201
2016-09-05,3.4948553285334896
2016-09-06,3.538380963253952
2016-09-07,3.558337707506553
2016-09-08,3.506245037279779
2016-09-09,3.5219338812378083
2016-09-10,3.670661631594294
2016-09-11,3.6032406662546475
2016-09-12,3.565353860291794
2016-09-13,3.6036602252167365
2016-09-14,3.61468746578656
2016-09-15,3.554764192964506
2016-09-16,3.629143779483511
2016-09-17,3.667869121904533
2016-09-18,3.631440535541653
2016-09-19,3.633027253771046
2016-09-20,3.6316246349023267
2016-09-21,3.5807579311907274
2016-09-22,3.5692132395645797
2016-09-23,3.5972083359793463
2016-09-24,3.5068561394889377
2016-09-25,3.5214034022867473
2016-09-26,3.5774233339363692
2016-09-27,3.622319036106569
2016-09-28,3.631343331616832
2016-09-29,3.547919603488971
2016-09-30,3.572575382311668
2016-10-01,3.6363826178557774
2016-10-02,3.6419387744685094
2016-10-03,3.5912762322731244
2016-10-04,3.605510043895301
2016-10-05,3.4810297242851482
2016-10-06,3.57454164251451
2016-10-07,3.5831665649174993
2016-10-08,3.7564540576864447
2016-10-09,3.721208645022296
2016-10-10,3.7068488052371076
2016-10-11,3.635188943926085
2016-10-12,3.616570461644808
2016-10-13,3.668834001403548
2016-10-14,3.6155190122388072
2016-10-15,3.540152560020799
2016-10-16,3.554228916886672
2016-10-17,3.568607672557019
2016-10-18,3.424212667653551
2016-10-19,3.41840008021209
2016-10-20,3.449141923319875
2016-10-21,3.5472924707026277
2016-10-22,3.638558878179759
2016-10-23,3.624640408547976
2016-10-24,3.632280143258862
2016-10-25,3.595558566536131
2016-10-26,3.5645532459925198
2016-10-27,3.634425183269899
2016-10-28,3.6420602284475674
2016-10-29,3.665545999094615
2016-10-30,3.5352951797546592
2016-10-31,3.5534424533527154
2016-11-01,3.5873192124134707
2016-11-02,3.631003968077155
2016-11-03,3.6361229838342317
2016-11-04,3.596204504026878
2016-11-05,3.70717167598816
2016-11-06,3.6713361158223408
2016-11-07,3.646466509092813
2016-11-08,3.629140500568371
2016-11-09,3.5519401103265014
2016-11-10,3.5899598284101253
2016-11-11,3.5945156681858936
2016-11-12,3.6385543283261796
2016-11-13,3.6141625304311114
2016-11-14,3.510274697198369
2016-11-15,3.471527281750758
2016-11-16,3.45789578012788
2016-11-17,3.422274403933734
2016-11-18,3.325763105122483
2016-11-19,3.4075129517365075
2016-11-20,3.4086463185759865
2016-11-21,3.549690331269969
2016-11-22,3.670509298403735
2016-11-23,3.648786611120838
2016-11-24,3.5920989643750545
2016-11-25,3.672624217610933
2016-11-26,3.591577237827834
2016-11-27,3.625093571192316
2016-11-28,3.558535492717054
2016-11-29,3.539146249721315
2016-11-30,3.593371584262791
2016-12-01,3.5275192905137907
2016-12-02,3.6090322242516066
2016-12-03,3.5950602624244983
2016-12-04,3.586674520549983
2016-12-05,3.6198755163716343
2016-12-06,3.6908220029705143
2016-12-07,3.605375707760243
2016-12-08,3.465173095708821
2016-12-09,3.5264539155951544
2016-12-10,3.6556795896781624
2016-12-11,3.615928942491454
2016-12-12,3.6454530609477094
2016-12-13,3.6582596141910937
2016-12-14,3.657761336632679
2016-12-15,3.7270301758474265
2016-12-16,3.606852149824122
2016-12-17,3.679416532238754
2016-12-18,3.6556663736794883
2016-12-19,3.703507834441236
2016-12-20,3.717835501812907
2016-12-21,3.781512958362686
2016-12-22,3.7717175909553835
2016-12-23,3.7297709445203457
2016-12-24,3.797527049203942
2016-12-25,3.717061491359595
2016-12-26,3.7321661245631907
2016-12-27,3.754302941316651
2016-12-28,3.73940473176474
2016-12-29,3.7544035332547283
2016-12-30,3.744873552977907
2016-12-31,3.738436945358051
2017-01-01,3.765599992007297
2017-01-02,3.7660014834115443
2017-01-03,3.791361423844083
2017-01-04,3.736255907279753
2017-01-05,3.6675985065813093
2017-01-06,3.6938071532580405
2017-01-07,3.705775458009363
2017-01-08,3.6679196439635726
2017-01-09,3.6816016831581875
2017-01-10,3.6565952612355885
2017-01-11,3.613196440084574
2017-01-12,3.615815581421014
2017-01-13,3.594653398251135
2017-01-14,3.6710381285199762
2017-01-15,3.6970374940390385
2017-01-16,3.582342011925891
2017-01-17,3.629534437524729
2017-01-18,3.6173430072712813
2017-01-19,3.590844220332368
2017-01-20,3.581108689654062
2017-01-21,3.642269584576944
2017-01-22,3.619506357583182
2017-01-23,3.630675021593217
2017-01-24,3.638248101704642
2017-01-25,3.6956397722578433
2017-01-26,3.652490887292977
2017-01-27,3.5796830531701502
2017-01-28,3.476211714592381
2017-01-29,3.4963482796935375
2017-01-30,3.5933506178583627
2017-01-31,3.5838748012082795
2017-02-01,3.714044756942116
2017-02-02,3.580332776602945
2017-02-03,3.48214625485555
2017-02-04,3.6243998452183273
2017-02-05,3.7022962053374644
2017-02-06,3.588479938202604
2017-02-07,3.5796935878962826
2017-02-08,3.59552974065704
2017-02-09,3.6222877567899494
2017-02-10,3.5958910329211724
2017-02-11,3.61864422954371
2017-02-12,3.659213730325576
2017-02-13,3.564493327902873
2017-02-14,3.5760528355415944
2017-02-15,3.475864816249722
2017-02-16,3.35384421103445
2017-02-17,3.311971041186094
2017-02-18,3.306147561742718
2017-02-19,3.313698081353715
2017-02-20,3.466078276484043
2017-02-21,3.490636870966338
2017-02-22,3.5506705265392675
2017-02-23,3.6418740496527002
2017-02-24,3.632715716340025
2017-02-25,3.670983469829739
2017-02-26,3.719263551996786
2017-02-27,3.5971115480938436
2017-02-28,3.6817058870294783
2017-03-01,3.5559483506930367
2017-03-02,3.528929538158177
2017-03-03,3.5651668072923024
2017-03-04,3.5477099957128857
2017-03-05,3.626271084184831
2017-03-06,3.6456637186957956
2017-03-07,3.6056659341679667
2017-03-08,3.6175516558573038
2017-03-09,3.5814578172307714
2017-03-10,3.674875897169351
2017-03-11,3.6823092350072795
2017-03-12,3.6911407985886715
2017-03-13,3.678620449368488
2017-03-14,3.6253829026200264
2017-03-15,3.6434716330152828
2017-03-16,3.5951259434033576
2017-03-17,3.4642158591711194
2017-03-18,3.534943073455037
2017-03-19,3.56343038076852
2017-03-20,3.600553825500199
2017-03-21,3.618920197095456
2017-03-22,3.646861194284118
2017-03-23,3.6306422801589555
2017-03-24,3.547894658717573
2017-03-25,3.494861239667173
2017-03-26,3.5986340747876966
2017-03-27,3.5870844259908066
2017-03-28,3.589467144181671
2017-03-29,3.646661799403478
2017-03-30,3.529350705310555
2017-03-31,3.607275572146642
2017-04-01,3.654452638796684
2017-04-02,3.6318929475366146
2017-04-03,3.6540003353180404
2017-04-04,3.5327929492104495
2017-04-05,3.5821382972665727
2017-04-06,3.589015284753398
2017-04-07,3.5833848304160365
2017-04-08,3.658710682999759
2017-04-09,3.68594899235446
2017-04-10,3.6715222259609814
2017-04-11,3.5717085362762924
2017-04-12,3.6207245396505208
2017-04-13,3.4273417774470425
2017-04-14,3.42737945322282
2017-04-15,3.5771263078124194
2017-04-16,3.631683606592814
2017-04-17,3.603036268973413
2017-04-18,3.5433237798177397
2017-04-19,3.5726017814403903
2017-04-20,3.5635487381572313
2017-04-21,3.622079543577269
2017-04-22,3.7036552284555304
2017-04-23,3.6014609570730034
2017-04-24,3.5575730020598435
2017-04-25,3.479348318804343
2017-04-26,3.4995104003800064
2017-04-27,3.6778697930606636
2017-04-28,3.589680164655979
2017-04-29,3.5951023504497677
2017-04-30,3.4911630605898774
2017-05-01,3.5700644966274484
2017-05-02,3.4276574791616357
2017-05-03,3.5089717125281292
2017-05-04,3.6058846979578507
2017-05-05,3.5654597508972947
2017-05-06,3.5245945779920866
2017-05-07,3.5895732503889666
2017-05-08,3.5420251590601044
2017-05-09,3.6292586128177304
2017-05-10,3.600378861393361
2017-05-11,3.5406725266227785
2017-05-12,3.5785698924740994
2017-05-13,3.4310082414252223
2017-05-14,3.4616480130064256
2017-05-15,3.501677321282091
2017-05-16,3.5441785784483266
2017-05-17,3.5481745695895484
2017-05-18,3.602067390654263
2017-05-19,3.4498761435665997
2017-05-20,3.3477291539141243
2017-05-21,3.484927193485223
2017-05-22,3.4815141396600033
2017-05-23,3.59248777706665
2017-05-24,3.5536805361474166
2017-05-25,3.4456195537521315
2017-05-26,3.4183690897971113
2017-05-27,3.433760970369608
2017-05-28,3.3887243645398253
2017-05-29,3.358923185083091
2017-05-30,3.4774640511642074
2017-05-31,3.6033038878047394
2017-06-01,3.595474763031251
2017-06-02,3.5988887036083574
2017-06-03,3.590026734594538
2017-06-04,3.5638167069154463
2017-06-05,3.592203475845958
2017-06-06,3.619480840802904
2017-06-07,3.622780293541971
2017-06-08,3.513144602520911
2017-06-09,3.4939821250266374
2017-06-10,3.400465954469248
2017-06-11,3.4779690404422996
2017-06-12,3.5259906457421275
2017-06-13,3.612830613205033
2017-06-14,3.551557694559312
2017-06-15,3.560969932518046
2017-06-16,3.514393279866387
2017-06-17,3.470328053029208
2017-06-18,3.469109446237944
2017-06-19,3.513536166530354
2017-06-20,3.621799173741154
2017-06-21,3.5705223080988615
2017-06-22,3.595269145581701
2017-06-23,3.5729630185284287
2017-06-24,3.5488257331212156
2017-06-25,3.5692722121405778
2017-06-26,3.5993148057019124
2017-06-27,3.573326875505799
2017-06-28,3.6168129863899026
2017-06-29,3.5698695348668332
2017-06-30,3.5227975536624103
2017-07-01,3.4341191453694173
2017-07-02,3.5042512572273785
2017-07-03,3.4167739456701898
2017-07-04,3.3159565903308135
2017-07-05,3.4040353825840692
2017-07-06,3.2959182593136958
2017-07-07,3.3703559036906245
2017-07-08,3.3251999672987105
2017-07-09,3.371448319820061
2017-07-10,3.487469508638605
2017-07-11,3.5128667930028223
2017-07-12,3.5518693029061925
2017-07-13,3.47980599810976
2017-07-14,3.599851587523115
2017-07-15,3.596436130741744
2017-07-16,3.5867424233592433
2017-07-17,3.5638784246812243
2017-07-18,3.591580987172929
2017-07-19,3.4799581356574447
2017-07-20,3.628154336687733
2017-07-21,3.6384863658543485
2017-07-22,3.541677048352744
2017-07-23,3.6419365523814657
2017-07-24,3.607516566899678
2017-07-25,3.6875537767081425
2017-07-26,3.727791467137799
2017-07-27,3.6493472924357238
2017-07-28,3.73971290089548
2017-07-29,3.684631587774591
2017-07-30,3.683934023992221
2017-07-31,3.745198629682142
2017-08-01,3.647751240680106
2017-08-02,3.7107674846711878
2017-08-03,3.6774804654872186
2017-08-04,3.678213619108501
2017-08-05,3.6668741044813893
2017-08-06,3.644451587489152
2017-08-07,3.6576561836414623
2017-08-08,3.6549380218798624
2017-08-09,3.6470020223704
2017-08-10,3.6398286064615264
2017-08-11,3.6257074970105236
2017-08-12,3.6016312605565175
2017-08-13,3.784657540946157
2017-08-14,3.696562734401955
2017-08-15,3.674427412386712
2017-08-16,3.6818021558635134
2017-08-17,3.6798356774252086
2017-08-18,3.677464314735962
2017-08-19,3.7325799638647177
2017-08-20,3.728427898495033
2017-08-21,3.655147517922404
2017-08-22,3.6676095250342295
2017-08-23,3.6528260784360462
2017-08-24,3.645213171742665
2017-08-25,3.704644573604736
2017-08-26,3.6673670319921667
2017-08-27,3.6799602944093253
2017-08-28,3.6541540355968594
2017-08-29,3.517319689598295
2017-08-30,3.689959223304079
2017-08-31,3.617338514556039
2017-09-01,3.723622456296291
2017-09-02,3.653177609314505
2017-09-03,3.648483858275587
2017-09-04,3.6506341436940306
2017-09-05,3.5996214235757615
2017-09-06,3.566498923018127
2017-09-07,3.5896923451476876
2017-09-08,3.609572600047956
2017-09-09,3.6396682384823507
2017-09-10,3.6524054249365987
2017-09-11,3.674628349547965
2017-09-12,3.6840558920042916
2017-09-13,3.626825592300452
2017-09-14,3.5845550094602383
2017-09-15,3.5493502951991247
2017-09-16,3.59400338966986
2017-09-17,3.6086246511520494
2017-09-18,3.5668163876491703
2017-09-19,3.609785231428646
2017-09-20,3.601632715153359
2017-09-21,3.6270695665172634
2017-09-22,3.6481070279683423
2017-09-23,3.606688187885916
2017-09-24,3.5804278746372944
2017-09-25,3.6106899100064416
2017-09-26,3.606973059414622
2017-09-27,3.5623131352504247
2017-09-28,3.56287289390924
2017-09-29,3.572718267955253
2017-09-30,3.6537237656520705
2017-10-01,3.5726797572820796
2017-10-02,3.633760411732796
2017-10-03,3.6093354316421866
2017-10-04,3.6407631724814897
2017-10-05,3.6173382656197393
2017-10-06,3.582176826466511
2017-10-07,3.576895344530293
2017-10-08,3.5283020870011526
2017-10-09,3.54901765612467
2017-10-10,3.5592551157441914
2017-10-11,3.5783579104655585
2017-10-12,3.5943676952718113
2017-10-13,3.582656641460004
2017-10-14,3.5291956223327787
2017-10-15,3.5612671324985077
2017-10-16,3.4868825603837847
2017-10-17,3.565321849747969
2017-10-18,3.624217641833612
2017-10-19,3.5355782400009574
2017-10-20,3.5977161327803953
2017-10-21,3.675151506726414
2017-10-22,3.686353715206145
2017-10-23,3.6914589009295184
2017-10-24,3.574015296062827
2017-10-25,3.652650599110655
2017-10-26,3.629099404972131
2017-10-27,3.582284127556014
2017-10-28,3.573808948262378
2017-10-29,3.556815027716413
2017-10-30,3.548620737734409
2017-10-31,3.680003436259769
2017-11-01,3.6554273659007346
2017-11-02,3.6160933668656656
2017-11-03,3.612622263728722
2017-11-04,3.566227131892863
2017-11-05,3.6724654634995235
2017-11-06,3.565741177801188
2017-11-07,3.6206638323668767
2017-11-08,3.607846423718521
2017-11-09,3.6238772495027245
2017-11-10,3.5778845172576617
2017-11-11,3.5742121268681415
2017-11-12,3.5640251381438537
2017-11-13,3.5125469427746063
2017-11-14,3.483563455602578
2017-11-15,3.5247745726812454
2017-11-16,3.539405550686003
2017-11-17,3.5300027729623222
2017-11-18,3.458246127442069
2017-11-19,3.490866504717039
2017-11-20,3.5857816682739148
2017-11-21,3.655065436607748
2017-11-22,3.624797945413434
2017-11-23,3.6127079910733046
2017-11-24,3.5065918462788974
2017-11-25,3.534791960606803
2017-11-26,3.6358595081022234
2017-11-27,3.5972299991952714
2017-11-28,3.628701143010761
2017-11-29,3.6087004689025886
2017-11-30,3.5359780870611197
2017-12-01,3.6003885274212166
2017-12-02,3.6631887853962124
2017-12-03,3.710296207429635
2017-12-04,3.674644400379257
2017-12-05,3.6862842770866298
2017-12-06,3.651110502859883
2017-12-07,3.543513241494998
2017-12-08,3.5607280293457553
2017-12-09,3.5811751121718034
2017-12-10,3.671535698885586
2017-12-11,3.6743422002930566
2017-12-12,3.6680938644869263
2017-12-13,3.6265219652096845
2017-12-14,3.6472905064402474
2017-12-15,3.59250169794743
2017-12-16,3.5714906257619927
2017-12-17,3.636331183970436
2017-12-18,3.7456447231557983
2017-12-19,3.68206770006033
2017-12-20,3.7199234919389017
2017-12-21,3.670095226439066
2017-12-22,3.647937327520125
2017-12-23,3.635152214954809
2017-12-24,3.618323563710446
2017-12-25,3.639716706899546
2017-12-26,3.552186580144464
2017-12-27,3.60011887764448
2017-12-28,3.711138428733261
2017-12-29,3.744634242555976
2017-12-30,3.732444846850143
2017-12-31,3.7121126058408493
2018-01-01,3.69621900958586
2018-01-02,3.7318193088964344
2018-01-03,3.643038589825456
2018-01-04,3.6891044359211436
2018-01-05,3.6058771174400155
2018-01-06,3.6293827136534373
2018-01-07,3.4973912613721008
2018-01-08,3.5934856019462984
2018-01-09,3.640574215822035
2018-01-10,3.61714765692196
2018-01-11,3.5414273248068007
2018-01-12,3.5393266807950945
2018-01-13,3.584267534621584
2018-01-14,3.5295655021005565
2018-01-15,3.6453233966663925
2018-01-16,3.679816476002473
2018-01-17,3.638747001156315
2018-01-18,3.7234323682821753
2018-01-19,3.608829090459895
2018-01-20,3.556325853091194
2018-01-21,3.5397138400496675
2018-01-22,3.58157293273431
2018-01-23,3.678881099814627
2018-01-24,3.623838636746824
2018-01-25,3.561324110158743
2018-01-26,3.5514292190039467
2018-01-27,3.695084432893916
2018-01-28,3.602483139397835
2018-01-29,3.647043655734784
2018-01-30,3.564539380298982
2018-01-31,3.612801734495508
2018-02-01,3.670336636245544
2018-02-02,3.7346831777833676
2018-02-03,3.625618125784329
2018-02-04,3.543089371851294
2018-02-05,3.5958241391654893
2018-02-06,3.62736739217217
2018-02-07,3.597615427658055
2018-02-08,3.612274267106758
2018-02-09,3.6043609983225067
2018-02-10,3.6061070926022345
2018-02-11,3.5857647644955484
2018-02-12,3.607510943487019
2018-02-13,3.567472148029804
2018-02-14,3.5762690961833026
2018-02-15,3.5261292451872888
2018-02-16,3.4043091151241804
2018-02-17,3.4166141465626865
2018-02-18,3.5147576037757275
2018-02-19,3.581077407267232
2018-02-20,3.5241095966464298
2018-02-21,3.5195367638954957
2018-02-22,3.6115167453756802
2018-02-23,3.5953317463725307
2018-02-24,3.55692116648316
2018-02-25,3.516074957751082
2018-02-26,3.5691408746526436
2018-02-27,3.5415038161582393
2018-02-28,3.632634412755486
2018-03-01,3.6789310193744456
2018-03-02,3.604625637114787
2018-03-03,3.656060194667916
2018-03-04,3.6717047087183357
2018-03-05,3.663152675357506
2018-03-06,3.5917574786162514
2018-03-07,3.589835295109623
2018-03-08,3.609468927097247
2018-03-09,3.615545638520016
2018-03-10,3.608432247682504
2018-03-11,3.6382433090569237
2018-03-12,3.6592151969321365
2018-03-13,3.617341069904861
2018-03-14,3.608580388073125
2018-03-15,3.6329207773761762
2018-03-16,3.5106333867334696
2018-03-17,3.547717363071843
2018-03-18,3.5534569286938287
2018-03-19,3.604596048189525
2018-03-20,3.5673308552683234
2018-03-21,3.595974828978408
2018-03-22,3.632321802910176
2018-03-23,3.550957762879266
2018-03-24,3.5509718463760165
2018-03-25,3.5095737886751164
2018-03-26,3.733676478047243
2018-03-27,3.6868167216289307
2018-03-28,3.6764544823852168
2018-03-29,3.6536572285133753
2018-03-30,3.6634057298622764
2018-03-31,3.732856243231946
2018-04-01,3.578108207163396
2018-04-02,3.5944098256280457
2018-04-03,3.6229028854599177
2018-04-04,3.604833154004145
2018-04-05,3.6596191707013555
2018-04-06,3.6679059978065696
2018-04-07,3.7196312775274913
2018-04-08,3.6262141365300726
2018-04-09,3.68960950337174
2018-04-10,3.5585684285864443
2018-04-11,3.6416926774019402
2018-04-12,3.6023774058748783
2018-04-13,3.5241391349271014
2018-04-14,3.439980623218713
2018-04-15,3.4955808403423405
2018-04-16,3.6292378640620133
2018-04-17,3.5449843422971767
2018-04-18,3.5831098425150762
2018-04-19,3.570360951696912
2018-04-20,3.5740724571774085
2018-04-21,3.5382802382163283
2018-04-22,3.502762431815227
2018-04-23,3.446716165276438
2018-04-24,3.5364590500657607
2018-04-25,3.5131406610249427
2018-04-26,3.478817785146099
2018-04-27,3.330058898470596
2018-04-28,3.347314196365285
2018-04-29,3.448636882953854
2018-04-30,3.554340061960127
2018-05-01,3.561882144504347
2018-05-02,3.502786228341835
2018-05-03,3.618991315847538
2018-05-04,3.550551116744421
2018-05-05,3.56348985912622
2018-05-06,3.5969149143820194
2018-05-07,3.615981686153486
2018-05-08,3.5972777983845776
2018-05-09,3.5477180438176927
2018-05-10,3.4295829260109776
2018-05-11,3.365488228424715
2018-05-12,3.4445342459351953
2018-05-13,3.436149868394516
2018-05-14,3.5842096017734812
2018-05-15,3.56930343409604
2018-05-16,3.6107525158706233
2018-05-17,3.548016280597046
2018-05-18,3.4638308905084245
2018-05-19,3.6099954522909985
2018-05-20,3.5594524978532545
2018-05-21,3.5061266189415243
2018-05-22,3.5686131921208735
2018-05-23,3.583290870473622
2018-05-24,3.5684326449667894
2018-05-25,3.4956356205507304
2018-05-26,3.568368619773867
2018-05-27,3.583287881986632
2018-05-28,3.5556062556056243
2018-05-29,3.5713649303838055
2018-05-30,3.6054432250447372
2018-05-31,3.653750071203599
2018-06-01,3.5964017982063954
2018-06-02,3.5685937921732447
2018-06-03,3.6256284413229887
2018-06-04,3.49996179083651
2018-06-05,3.5608306861917587
2018-06-06,3.5397572989954753
2018-06-07,3.536801475458439
2018-06-08,3.6242871803029595
2018-06-09,3.566761211787959
2018-06-10,3.5502895134482495
2018-06-11,3.5402111294466425
2018-06-12,3.4575716427088565
2018-06-13,3.606894606530393
2018-06-14,3.6319868257280152
2018-06-15,3.5910161270377916
2018-06-16,3.5974321590592213
2018-06-17,3.4987306514653334
2018-06-18,3.708553892796723
2018-06-19,3.600106901546645
2018-06-20,3.5338525973931807
2018-06-21,3.4962231070424505
2018-06-22,3.540505326246519
2018-06-23,3.5012500301656413
2018-06-24,3.6263085215318975
2018-06-25,3.609997032896297
2018-06-26,3.4244870832980596
2018-06-27,3.4630497239902835
2018-06-28,3.5544363521933087
2018-06-29,3.5193907906384663
2018-06-30,3.5582193213460602
2018-07-01,3.4835711579490454
2018-07-02,3.64203388862677
2018-07-03,3.5843210995734025
2018-07-04,3.662042381550744
2018-07-05,3.5236130623355093
2018-07-06,3.556040106966667
2018-07-07,3.6622832254773527
2018-07-08,3.545964479864143
2018-07-09,3.493690962792942
2018-07-10,3.4586480666208748
2018-07-11,3.483976753518244
2018-07-12,3.6008822403881156
2018-07-13,3.612293679159951
2018-07-14,3.605733236322811
2018-07-15,3.5939754009251508
2018-07-16,3.4995289791050634
2018-07-17,3.5670657076660057
2018-07-18,3.641598562174882
2018-07-19,3.65725515723117
2018-07-20,3.6386671523865055
2018-07-21,3.6089975193232195
2018-07-22,3.6137786467961943
2018-07-23,3.586198850261853
2018-07-24,3.5454129722120413
2018-07-25,3.588457633278169
2018-07-26,3.6409014529158394
2018-07-27,3.6347351853605994
2018-07-28,3.5343066153579796
2018-07-29,3.5564398745844095
2018-07-30,3.559593670438183
2018-07-31,3.6057373818903606
2018-08-01,3.650063308905925
2018-08-02,3.6735116814254525
2018-08-03,3.6734714018808123
2018-08-04,3.5802240946294432
2018-08-05,3.6261414601258792
2018-08-06,3.7016275419925693
2018-08-07,3.658576231691448
2018-08-08,3.6516343072347794
2018-08-09,3.7134269318978594
2018-08-10,3.767461835645989
2018-08-11,3.629139213830448
2018-08-12,3.6154517174703695
2018-08-13,3.5316502907944884
2018-08-14,3.501065645873804
2018-08-15,3.451683308617143
2018-08-16,3.518940843403292
2018-08-17,3.3807363284535805
2018-08-18,3.3118908276598216
2018-08-19,3.291412072538334
2018-08-20,3.378492278110249
2018-08-21,3.547701192069666
2018-08-22,3.6583873661836037
2018-08-23,3.624251803424395
2018-08-24,3.440908134598603
2018-08-25,3.439301524206878
2018-08-26,3.5444067757770403
2018-08-27,3.659868599083688
2018-08-28,3.6671946428765865
2018-08-29,3.685572378758005
2018-08-30,3.6362821358794974
2018-08-31,3.5354403192505464
2018-09-01,3.7378385374226943
2018-09-02,3.719560548443639
2018-09-03,3.6427834168378475
2018-09-04,3.5984072882510554
2018-09-05,3.5304508984580796
2018-09-06,3.5693451868436554
2018-09-07,3.4806111882193562
2018-09-08,3.5263329440981823
2018-09-09,3.627336053932083
2018-09-10,3.5946516863304776
2018-09-11,3.6424341438374186
2018-09-12,3.638149577903265
2018-09-13,3.6652197489354914
2018-09-14,3.5511723277216136
2018-09-15,3.585917067674832
2018-09-16,3.5860671644328557
2018-09-17,3.509539288473755
2018-09-18,3.5187943668002646
2018-09-19,3.5622138665687713
2018-09-20,3.5307634280766726
2018-09-21,3.644898096877318
2018-09-22,3.4116067421143343
2018-09-23,3.5457485938576467
2018-09-24,3.547238546770531
2018-09-25,3.6157057903974525
2018-09-26,3.582332385128467
2018-09-27,3.5520869469770395
2018-09-28,3.5218167609308058
2018-09-29,3.5757678518650606
2018-09-30,3.534283658543667
2018-10-01,3.674809595147569
2018-10-02,3.66631552417024
2018-10-03,3.4865157555382114
2018-10-04,3.5213434312266005
2018-10-05,3.585860710443324
2018-10-06,3.6193396058238956
2018-10-07,3.54163672407611
2018-10-08,3.605124614117968
2018-10-09,3.6419930296172702
2018-10-10,3.5960899268573896
2018-10-11,3.545655315242428
2018-10-12,3.567325459080161
2018-10-13,3.5190983156736784
2018-10-14,3.6528079605326202
2018-10-15,3.6395067497764737
2018-10-16,3.561731709924874
2018-10-17,3.5835995938858685
2018-10-18,3.5458414809761636
2018-10-19,3.5801989108544987
2018-10-20,3.569832414123864
2018-10-21,3.64928438464033
2018-10-22,3.669114774287288
2018-10-23,3.6534150778344934
2018-10-24,3.637004038039315
2018-10-25,3.5600160015481785
2018-10-26,3.573528998053413
2018-10-27,3.388830659861399
2018-10-28,3.426785357128629
2018-10-29,3.56887472179209
2018-10-30,3.5138305544389836
2018-10-31,3.5626889667406796
2018-11-01,3.421736689530912
2018-11-02,3.5342976435679976
2018-11-03,3.5937299497112765
2018-11-04,3.579813774636472
2018-11-05,3.5805292878758337
2018-11-06,3.646784553836339
2018-11-07,3.5623785617565726
2018-11-08,3.559844015825276
2018-11-09,3.6332126078032387
2018-11-10,3.579132670905242
2018-11-11,3.4799661358101894
2018-11-12,3.531527638830103
2018-11-13,3.593413338617061
2018-11-14,3.5643888934766204
2018-11-15,3.6404299706751617
2018-11-16,3.583174362214887
2018-11-17,3.5595376765183473
2018-11-18,3.546419511115861
2018-11-19,3.5507065269636393
2018-11-20,3.6055195849103234
2018-11-21,3.6296562587779526
2018-11-22,3.6101748752791907
2018-11-23,3.5351682665499586
2018-11-24,3.6223624512258126
2018-11-25,3.665263297604268
2018-11-26,3.4532126055725185
2018-11-27,3.4590871398839718
2018-11-28,3.4797984406467126
2018-11-29,3.5045802295482646
2018-11-30,3.4845907499478916
2018-12-01,3.2762578876880517
2018-12-02,3.386275594496624
2018-12-03,3.507487708772281
2018-12-04,3.5597321211739197
2018-12-05,3.609168655998106
2018-12-06,3.593534295870638
2018-12-07,3.498392544991865
2018-12-08,3.4910479202586173
2018-12-09,3.5527471767510437
2018-12-10,3.5498506661594926
2018-12-11,3.4547323987000067
2018-12-12,3.633123059785865
2018-12-13,3.6573829701350493
2018-12-14,3.638841319278468
2018-12-15,3.5844151006143545
2018-12-16,3.564870837532069
2018-12-17,3.635283819556856
2018-12-18,3.632241058110313
2018-12-19,3.701636359454587
2018-12-20,3.7298377191821492
2018-12-21,3.697240297171355
2018-12-22,3.6680642709303535
2018-12-23,3.7296081583535674
2018-12-24,3.674787293321441
2018-12-25,3.6494605551014323
2018-12-26,3.5467189647952098
2018-12-27,3.4471382875069363
2018-12-28,3.6318344571117303
2018-12-29,3.6627296710817814
2018-12-30,3.673953153209958
2018-12-31,3.628113804271885
2019-01-01,3.6444699449063656
2019-01-02,3.6766821125312257
2019-01-03,3.6763300725155585
2019-01-04,3.715844246512642
2019-01-05,3.5849007718468284
2019-01-06,3.5369240688419423
2019-01-07,3.642154841940822
2019-01-08,3.689282712637396
2019-01-09,3.6871455917297804
2019-01-10,3.6115160207229295
2019-01-11,3.7070112653869236
2019-01-12,3.6000333397968003
2019-01-13,3.511134817281881
2019-01-14,3.646019016939014
2019-01-15,3.703984773460064
2019-01-16,3.6305309719392334
2019-01-17,3.6725372485441725
2019-01-18,3.546137287123903
2019-01-19,3.535307630912544
2019-01-20,3.6348060595639633
2019-01-21,3.6305416754387725
2019-01-22,3.5266407917140055
2019-01-23,3.5180851881772512
2019-01-24,3.6081831705379996
2019-01-25,3.6134927640766263
2019-01-26,3.6070490098286614
2019-01-27,3.6615222809130907
2019-01-28,3.650959003866651
2019-01-29,3.6280409305617596
2019-01-30,3.6544449285049567
2019-01-31,3.6007796373041896
2019-02-01,3.578102688852172
2019-02-02,3.5389569858943966
2019-02-03,3.5011765303576934
2019-02-04,3.555146964211632
2019-02-05,3.634786306907952
2019-02-06,3.5660601990915186
2019-02-07,3.6481431512784033
2019-02-08,3.6135172736324175
2019-02-09,3.584605103833854
2019-02-10,3.6376622171170316
2019-02-11,3.581171552646426
2019-02-12,3.5902231801510243
2019-02-13,3.5537932898589735
2019-02-14,3.422236179967484
2019-02-15,3.359380191066098
2019-02-16,3.2357949344318984
2019-02-17,3.4333035619643617
2019-02-18,3.5869584462616957
2019-02-19,3.6097624437242386
2019-02-20,3.5890820284562235
2019-02-21,3.620194066571598
2019-02-22,3.5775670951099503
2019-02-23,3.5896292099041567
2019-02-24,3.5992938805011936
2019-02-25,3.5383008097608086
2019-02-26,3.580641690671642
2019-02-27,3.6487628755861548
2019-02-28,3.6282917742377787
2019-03-01,3.581824718287547
2019-03-02,3.5791792871249886
2019-03-03,3.520894062332831
2019-03-04,3.577766686288477
2019-03-05,3.613441227733047
2019-03-06,3.5869461649831043
2019-03-07,3.5457215381127543
2019-03-08,3.5918857292885416
2019-03-09,3.509833997069617
2019-03-10,3.5682624012475914
2019-03-11,3.5460529200104474
2019-03-12,3.577008018198541
2019-03-13,3.6606502593138632
2019-03-14,3.612878409797985
2019-03-15,3.6250947537169056
2019-03-16,3.712227384571487
2019-03-17,3.574651298132051
2019-03-18,3.6185188143198594
2019-03-19,3.5848890337503656
2019-03-20,3.6117170855198983
2019-03-21,3.5812140958959198
2019-03-22,3.6100269862160235
2019-03-23,3.63162869960333
2019-03-24,3.6482420151024657
2019-03-25,3.601161172744783
2019-03-26,3.643666641940161
2019-03-27,3.6011908286176655
2019-03-28,3.6504059070465296
2019-03-29,3.6565375906595206
2019-03-30,3.7060847620216566
2019-03-31,3.516842471605166
2019-04-01,3.5072724608693777
2019-04-02,3.5721308678991828
2019-04-03,3.6069695826919728
2019-04-04,3.49201770262579
2019-04-05,3.5411243383556026
2019-04-06,3.621571992668254
2019-04-07,3.5908347367084037
2019-04-08,3.5350294747859947
2019-04-09,3.3894594695152365
2019-04-10,3.461432078842155
2019-04-11,3.576999309772721
2019-04-12,3.488060166606167
2019-04-13,3.594979322026086
2019-04-14,3.4842611001038444
2019-04-15,3.5027479693608607
2019-04-16,3.5736582856081363
2019-04-17,3.6244567915567094
2019-04-18,3.5582100806461017
2019-04-19,3.5985637477975954
2019-04-20,3.5561081380384048
2019-04-21,3.5592144449177794
2019-04-22,3.6313775451368806
2019-04-23,3.597100406186925
2019-04-24,3.6258504397249327
2019-04-25,3.6125208118342345
2019-04-26,3.580728965806042
2019-04-27,3.488645119212886
2019-04-28,3.5542602986873417
2019-04-29,3.516639783780752
2019-04-30,3.4885929724894527
2019-05-01,3.546866109778016
2019-05-02,3.5459725326561466
2019-05-03,3.6029725479593457
2019-05-04,3.5687776848255557
2019-05-05,3.552088254521582
2019-05-06,3.5667652706515565
2019-05-07,3.563471502482988
2019-05-08,3.57767648373594
2019-05-09,3.601115195102909
2019-05-10,3.5631202659847347
2019-05-11,3.553591978069994
2019-05-12,3.648292462711465
2019-05-13,3.601374588109646
2019-05-14,3.6030906093381785
2019-05-15,3.6444877091402876
2019-05-16,3.5986075281397065
2019-05-17,3.6463671678813654
2019-05-18,3.6095020273502936
2019-05-19,3.5962421353726137
2019-05-20,3.6329983071814422
2019-05-21,3.592539218282108
2019-05-22,3.604946695325837
2019-05-23,3.5436469898304335
2019-05-24,3.5127887333484775
2019-05-25,3.617344450140214
2019-05-26,3.63662496714291
2019-05-27,3.5460003108942004
2019-05-28,3.528523900251968
2019-05-29,3.4775677326077856
2019-05-30,3.463248268175371
2019-05-31,3.4914476678277295
2019-06-01,3.408479793082005
2019-06-02,3.5348973671421637
2019-06-03,3.5394265266815506
2019-06-04,3.6186469337068323
2019-06-05,3.5951760804853583
2019-06-06,3.538096377592457
2019-06-07,3.57440814412237
2019-06-08,3.545592049570284
2019-06-09,3.4842047533917104
2019-06-10,3.4588025005572325
2019-06-11,3.561199365868761
2019-06-12,3.5265993027164617
2019-06-13,3.513210503471141
2019-06-14,3.5653301136885127
2019-06-15,3.6162816505963056
2019-06-16,3.6004743078074233
2019-06-17,3.610489626092203
2019-06-18,3.500900486374103
2019-06-19,3.531567548106494
2019-06-20,3.559858384351731
2019-06-21,3.555377891857665
2019-06-22,3.654495315142188
2019-06-23,3.680047118731312
2019-06-24,3.6042653934069793
2019-06-25,3.586166982417436
2019-06-26,3.6070833809104066
2019-06-27,3.5922177872273604
2019-06-28,3.4632249578676126
2019-06-29,3.5084722698826725
2019-06-30,3.599479822749937
2019-07-01,3.6228485741829934
2019-07-02,3.596183929394917
2019-07-03,3.571363124072936
2019-07-04,3.5742000584798848
2019-07-05,3.6025177591775996
2019-07-06,3.611207585232953
2019-07-07,3.6107351815849045
2019-07-08,3.6533570255877197
2019-07-09,3.5844605430557457
2019-07-10,3.5803976455070035
2019-07-11,3.5363508078563
2019-07-12,3.6063930652503
2019-07-13,3.566254615842304
2019-07-14,3.6393544505808593
2019-07-15,3.62150404833489
2019-07-16,3.5875951130342463
2019-07-17,3.6045596096869432
2019-07-18,3.6174657500191616
2019-07-19,3.6568405792656757
2019-07-20,3.7283461954375863
2019-07-21,3.7258757129831226
2019-07-22,3.632193837167881
2019-07-23,3.618490408109891
2019-07-24,3.6535904739410694
2019-07-25,3.654385639642327
2019-07-26,3.6493975381767343
2019-07-27,3.5484675456441854
2019-07-28,3.4935114240071323
2019-07-29,3.61010914262164
2019-07-30,3.6021264700038156
2019-07-31,3.662123660363731
2019-08-01,3.6028354482687375
2019-08-02,3.53316977067739
2019-08-03,3.555596029954214
2019-08-04,3.6994112814288123
2019-08-05,3.6573011895274465
2019-08-06,3.6484860818216927
2019-08-07,3.6446241602850344
2019-08-08,3.592793243806714
2019-08-09,3.6808467599509074
2019-08-10,3.637527973309231
2019-08-11,3.6780375147382216
2019-08-12,3.629945859966067
2019-08-13,3.6609613909131333
2019-08-14,3.684019830370668
2019-08-15,3.6178761172989913
2019-08-16,3.6053909677344023
2019-08-17,3.6390613164796806
2019-08-18,3.577255936877777
2019-08-19,3.528978538683471
2019-08-20,3.5352975266116586
2019-08-21,3.44275917785519
2019-08-22,3.510562272557351
2019-08-23,3.498885946969638
2019-08-24,3.520497490242814
2019-08-25,3.508830924295015
2019-08-26,3.4018709489126975
2019-08-27,3.5680689666057934
2019-08-28,3.5713900383028356
2019-08-29,3.4502297030460367
2019-08-30,3.4869394245159397
2019-08-31,3.5634000113675217
2019-09-01,3.5321061315738236
2019-09-02,3.551228359608925
2019-09-03,3.550596947736316
2019-09-04,3.5660365853297873
2019-09-05,3.579464228764975
2019-09-06,3.4996225816378805
2019-09-07,3.542897099574753
2019-09-08,3.5755040155701767
2019-09-09,3.5554743359685306
2019-09-10,3.5248445378984234
2019-09-11,3.5413014181111153
2019-09-12,3.5573253211187668
2019-09-13,3.504807902611791
2019-09-14,3.5384654297013265
2019-09-15,3.506980996944348
2019-09-16,3.5264008087055405
2019-09-17,3.6042691674918035
2019-09-18,3.5817300506830363
2019-09-19,3.5080418494295573
2019-09-20,3.5943334181880973
2019-09-21,3.586805987081162
2019-09-22,3.501295300932969
2019-09-23,3.5260112891688236
2019-09-24,3.4981713848049134
2019-09-25,3.5725946969592433
2019-09-26,3.509613218722929
2019-09-27,3.49659967519661
2019-09-28,3.52687261323329
2019-09-29,3.565090375518884
2019-09-30,3.5437949468857655
2019-10-01,3.5506033639685795
2019-10-02,3.4795811067945714
2019-10-03,3.512072504662159
2019-10-04,3.4691896693672466
2019-10-05,3.499301968815182
2019-10-06,3.327833850784232
2019-10-07,3.576042848118925
2019-10-08,3.608162983016351
2019-10-09,3.6041410386941886
2019-10-10,3.6019946376667766
2019-10-11,3.640917785085143
2019-10-12,3.750773187189189
2019-10-13,3.720016906377964
2019-10-14,3.685244241384805
2019-10-15,3.6905730833051025
2019-10-16,3.5461970201645157
2019-10-17,3.629201807183085
2019-10-18,3.6025792218930164
2019-10-19,3.6130537676913956
2019-10-20,3.5723757684812076
2019-10-21,3.53548165624158
2019-10-22,3.5040145573630146
2019-10-23,3.546208817863533
2019-10-24,3.5595219805470943
2019-10-25,3.539109155474735
2019-10-26,3.5820640649523514
2019-10-27,3.4188764170617496
2019-10-28,3.4548292264933846
2019-10-29,3.523679240593002
2019-10-30,3.4875931511770895
2019-10-31,3.5329569326358268
2019-11-01,3.38249369452086
2019-11-02,3.4754225157058127
2019-11-03,3.5621379944508265
2019-11-04,3.5989791668407727
2019-11-05,3.6390601780300713
2019-11-06,3.6159588166992775
2019-11-07,3.4855080292507243
2019-11-08,3.6130542139096105
2019-11-09,3.4971611520199146
2019-11-10,3.544669885757435
2019-11-11,3.521977797241629
2019-11-12,3.5967396848704714
2019-11-13,3.544489919301257
2019-11-14,3.526443479518147
2019-11-15,3.5441226684202944
2019-11-16,3.4860851876882712
2019-11-17,3.4752456841199244
2019-11-18,3.5201773422486435
2019-11-19,3.519082517966414
2019-11-20,3.5769140363357956
2019-11-21,3.59994182240929
2019-11-22,3.5559148703097785
2019-11-23,3.622338625442372
2019-11-24,3.453898861220514
2019-11-25,3.612885361298854
2019-11-26,3.6549171438169448
2019-11-27,3.6363520597060286
2019-11-28,3.655422321823834
2019-11-29,3.641684064773376
2019-11-30,3.593055540731246
2019-12-01,3.624621365039821
2019-12-02,3.5890297874231973
2019-12-03,3.5463366434059567
2019-12-04,3.5794811256649215
2019-12-05,3.5941530672321136
2019-12-06,3.409643330952234
2019-12-07,3.427291304952017
2019-12-08,3.500896621730336
2019-12-09,3.3112650020225347
2019-12-10,3.510959488008306
2019-12-11,3.6045246409602294
2019-12-12,3.6619044137787498
2019-12-13,3.6400620258891827
2019-12-14,3.5586757090872565
2019-12-15,3.585665021762089
2019-12-16,3.544123793367241
2019-12-17,3.646299319105163
2019-12-18,3.6115074044037674
2019-12-19,3.5928675015799123
2019-12-20,3.5143143869902493
2019-12-21,3.5646812018556466
2019-12-22,3.680408110562923
2019-12-23,3.664121159627832
2019-12-24,3.56597036737488
2019-12-25,3.5956157006542213
2019-12-26,3.556717984029055
2019-12-27,3.7082536953966443
2019-12-28,3.636304029264009
2019-12-29,3.5993569577331517
2019-12-30,3.5665610797207083
2019-12-31,3.605565424962794
2020-01-01,2.7993678714728953
2020-01-02,2.898990393321472
2020-01-03,2.8082774773777084
2020-01-04,3.184270544047722
2020-01-05,3.51280199546348
2020-01-06,3.501070472440164
2020-01-07,3.53953906346813
2020-01-08,3.628305144871235
2020-01-09,3.667694904132431
2020-01-10,3.5828837182486013
2020-01-11,3.362224083277024
2020-01-12,3.4250318163208275
2020-01-13,3.5156857803846115
2020-01-14,3.5986933994265162
2020-01-15,3.4758519245375608
2020-01-16,3.4882069695356925
2020-01-17,3.4857705250275286
2020-01-18,3.4610181038500545
2020-01-19,3.2622178790225687
2020-01-20,3.355156473048326
2020-01-21,3.451488404503078
2020-01-22,3.5343443671561445
2020-01-23,3.463442299436131
2020-01-24,3.4872571215402224
2020-01-25,3.553191927151406
2020-01-26,3.5270531060581156
2020-01-27,3.5135503451245347
2020-01-28,3.464820183173676
2020-01-29,3.5486698840375013
2020-01-30,3.5683619589900846
2020-01-31,3.4591312555854272
2020-02-01,3.504706638579777
2020-02-02,3.4515055762660176
2020-02-03,3.467300154258108
2020-02-04,3.4755021084821798
2020-02-05,3.529117752658283
2020-02-06,3.5211839390323085
2020-02-07,3.392338471282507
2020-02-08,3.567905330920597
2020-02-09,3.54606619076405
2020-02-10,3.5490586352649602
2020-02-11,3.5842453277191266
2020-02-12,3.5449899234663267
2020-02-13,3.551070009531288
2020-02-14,3.414897737911567
2020-02-15,3.275448315904117
2020-02-16,3.377545419959112
2020-02-17,3.5752834280124
2020-02-18,3.5859025997653107
2020-02-19,3.5561532723902607
2020-02-20,3.6807015073287475
2020-02-21,3.584351388755496
2020-02-22,3.443396811365182
2020-02-23,3.517445370652465
2020-02-24,3.5969133014146397
2020-02-25,3.5471093644346094
2020-02-26,3.543038030080887
2020-02-27,3.5979218925416276
2020-02-28,3.4621480501790636
2020-02-29,3.5076683200648717
2020-03-01,3.4240615832117673
2020-03-02,3.5447813367333882
2020-03-03,3.5242217368886246
2020-03-04,3.5694681626897697
2020-03-05,3.5805415609267497
2020-03-06,3.5009509729340453
2020-03-07,3.5075500325329867
2020-03-08,3.5176958473433033
2020-03-09,3.478258651616541
2020-03-10,3.409222583225562
2020-03-11,3.3959998404344147
2020-03-12,3.5299111452096774
2020-03-13,3.590586319407312
2020-03-14,3.533189886964757
2020-03-15,3.487812198419844
2020-03-16,3.5725666721626386
2020-03-17,3.486211593960192
2020-03-18,3.569158745321519
2020-03-19,3.5873130157424495
2020-03-20,3.609023679302919
2020-03-21,3.525085027390637
2020-03-22,3.468127843243553
2020-03-23,3.573061289141369
2020-03-24,3.4708609638800034
2020-03-25,3.5414163842767215
2020-03-26,3.550369112580243
2020-03-27,3.5548497105028996
2020-03-28,3.5087340985656112
2020-03-29,3.5519265343126833
2020-03-30,3.6115811847272137
2020-03-31,3.528106608364182
2020-04-01,3.606793979498187
2020-04-02,3.587573981005079
2020-04-03,3.5064961351742254
2020-04-04,3.6317555785121356
2020-04-05,3.5695711604554705
2020-04-06,3.666062477132097
2020-04-07,3.652045270117673
2020-04-08,3.638619555396419
2020-04-09,3.646837283322409
2020-04-10,3.6335430471234726
2020-04-11,3.7026352797962496
2020-04-12,3.636835833841522
2020-04-13,3.562751007915307
2020-04-14,3.5834654033582147
2020-04-15,3.6508830216533013
2020-04-16,3.6679532560304082
2020-04-17,3.5741622669725612
2020-04-18,3.3455065313366585
2020-04-19,3.477801416839646
2020-04-20,3.599933075038086
2020-04-21,3.5995976245476706
2020-04-22,3.580035563758132
2020-04-23,3.6573930448020175
2020-04-24,3.567171751024151
2020-04-25,3.6270350389812296
2020-04-26,3.6290615355869336
2020-04-27,3.6257707603916125
2020-04-28,3.546008005167346
2020-04-29,3.6192590126128206
2020-04-30,3.6434670424976447
2020-05-01,3.6996106196186025
2020-05-02,3.6736138895089168
2020-05-03,3.7010086387472687
2020-05-04,3.623839070276306
2020-05-05,3.6706041683828117
2020-05-06,3.5987773631970223
2020-05-07,3.6288076010207764
2020-05-08,3.6341514586292263
2020-05-09,3.6946959633150764
2020-05-10,3.7723707751576585
2020-05-11,3.669646301873221
2020-05-12,3.6258002386748376
2020-05-13,3.628192435769751
2020-05-14,3.696358826588852
2020-05-15,3.663937158125028
2020-05-16,3.6662880123463397
2020-05-17,3.639877443663156
2020-05-18,3.591666781178027
2020-05-19,3.6415798817161233
2020-05-20,3.6545878673034324
2020-05-21,3.558277195120629
2020-05-22,3.6414325470348596
2020-05-23,3.6427742384604387
2020-05-24,3.5889170238947528
2020-05-25,3.6938305975761003
2020-05-26,3.6109378317532257
2020-05-27,3.644708540074235
2020-05-28,3.657692690110365
2020-05-29,3.6448867915426555
2020-05-30,3.592194693867121
2020-05-31,3.705989080679174
2020-06-01,3.6536166660229523
2020-06-02,3.5909812433365436
2020-06-03,3.6695355434361874
2020-06-04,3.727784705139683
2020-06-05,3.6742237698002187
2020-06-06,3.750237818865822
2020-06-07,3.7418833400634064
2020-06-08,3.748287950476922
2020-06-09,3.6658586735603236
2020-06-10,3.6377430466026186
2020-06-11,3.673852920562749
2020-06-12,3.651326110919889
2020-06-13,3.7202197953206
2020-06-14,3.7011960035559563
2020-06-15,3.6920830756910554
2020-06-16,3.656820578931432
2020-06-17,3.680984201634775
2020-06-18,3.637485282368807
2020-06-19,3.656402633560175
2020-06-20,3.631742198320975
2020-06-21,3.628837146439988
2020-06-22,3.6906546453822746
2020-06-23,3.650342095161011
2020-06-24,3.69975334646429
2020-06-25,3.6717522087921433
2020-06-26,3.6685994142206564
2020-06-27,3.6544828971171857
2020-06-28,3.6581060409589363
2020-06-29,3.6435795674021287
2020-06-30,3.6468543733638077
2020-07-01,3.67963690090978
2020-07-02,3.6595276928311016
2020-07-03,3.6342145318411636
2020-07-04,3.678869467067302
2020-07-05,3.5938321068177914
2020-07-06,3.655429247548277
2020-07-07,3.584929562644595
2020-07-08,3.6115186431923556
2020-07-09,3.6673609453135803
2020-07-10,3.6292434764525217
2020-07-11,3.6072415604445824
2020-07-12,3.718398173154964
2020-07-13,3.5970118823396215
2020-07-14,3.6481839123396784
2020-07-15,3.5721845411045883
2020-07-16,3.667961001522809
2020-07-17,3.6066020044491633
2020-07-18,3.685758508498746
2020-07-19,3.695451658517392
2020-07-20,3.650372219401622
2020-07-21,3.55121852351412
2020-07-22,3.575448658985946
2020-07-23,3.7437103605392754
2020-07-24,3.686712025076021
2020-07-25,3.5835398435364563
2020-07-26,3.5989633291425585
2020-07-27,3.5902378577061387
2020-07-28,3.6313989039851284
2020-07-29,3.6626161858917077
2020-07-30,3.7094255357090327
2020-07-31,3.675784602806734
2020-08-01,3.743842861232397
2020-08-02,3.798509226255336
2020-08-03,3.64988964261027
2020-08-04,3.681722869009249
2020-08-05,3.6920797157055056
2020-08-06,3.6962683873214273
2020-08-07,3.6990892124239894
2020-08-08,3.6066353912942004
2020-08-09,3.6164431297374544
2020-08-10,3.656301681294567
2020-08-11,3.6320585033807573
2020-08-12,3.634018405317566
2020-08-13,3.544368748521355
2020-08-14,3.651943161877327
2020-08-15,3.6343688447316973
2020-08-16,3.6783752525799502
2020-08-17,3.509922736595088
2020-08-18,3.4779905993145985
2020-08-19,3.5749532889832762
2020-08-20,3.5140390527060625
2020-08-21,3.4970687611319304
2020-08-22,3.47094249016721
2020-08-23,3.5500139072016967
2020-08-24,3.5173064755506456
2020-08-25,3.485448991666423
2020-08-26,3.506840231878895
2020-08-27,3.4969014191775383
2020-08-28,3.5925135131865824
2020-08-29,3.7718770000729154
2020-08-30,3.767230193998707
2020-08-31,3.6384442798045886
2020-09-01,3.5704511839768003
2020-09-02,3.5360176973184796
2020-09-03,3.541967432523491
2020-09-04,3.591589111396468
2020-09-05,3.596745307244062
2020-09-06,3.632924344071109
2020-09-07,3.618881348861671
2020-09-08,3.6939997633412056
2020-09-09,3.6180938156368985
2020-09-10,3.6445404767925984
2020-09-11,3.5563682058466535
2020-09-12,3.6074091501301937
2020-09-13,3.610015418551206
2020-09-14,3.659275557094154
2020-09-15,3.6116581488123525
2020-09-16,3.619176575274572
2020-09-17,3.60929292430563
2020-09-18,3.6596133424563986
2020-09-19,3.670065345395209
2020-09-20,3.662993124909366
2020-09-21,3.6447057949693034
2020-09-22,3.580473920913105
2020-09-23,3.6461213372598555
2020-09-24,3.6305074596041766
2020-09-25,3.542522560586185
2020-09-26,3.7143539015976184
2020-09-27,3.6237862931497635
2020-09-28,3.4407412999396416
2020-09-29,3.499244820816233
2020-09-30,3.5647788681410373
2020-10-01,3.573387530625311
2020-10-02,3.6327130843173516
2020-10-03,3.5741336228021368
2020-10-04,3.5598731618897834
2020-10-05,3.5503828376740723
2020-10-06,3.5633924875265137
2020-10-07,3.6953125047789435
2020-10-08,3.642847192537449
2020-10-09,3.524766816311415
2020-10-10,3.5968217184838993
2020-10-11,3.5656377692857557
2020-10-12,3.5043204736743743
2020-10-13,3.6123061960943104
2020-10-14,3.602795561761477
2020-10-15,3.655926555562705
2020-10-16,3.522106238233831
2020-10-17,3.5640696437658996
2020-10-18,3.500047048068832
2020-10-19,3.5839244335340736
2020-10-20,3.5620521683171695
2020-10-21,3.6498673006545124
2020-10-22,3.542823836213209
2020-10-23,3.612177175016685
2020-10-24,3.5732785302145955
2020-10-25,3.4861742896513435
2020-10-26,3.690057958955585
2020-10-27,3.68620165044233
2020-10-28,3.667540133643736
2020-10-29,3.6573036355180157
2020-10-30,3.577664539109487
2020-10-31,3.4828738515969833
2020-11-01,3.6242093680864693
2020-11-02,3.6722896741181112
2020-11-03,3.6366293221470682
2020-11-04,3.604505711627484
2020-11-05,3.5597733798336675
2020-11-06,3.5528240624027827
2020-11-07,3.3932955164694705
2020-11-08,3.6166216528741977
2020-11-09,3.6429860899786277
2020-11-10,3.5518667119986325
2020-11-11,3.5693686401694875
2020-11-12,3.5688996730246427
2020-11-13,3.3857076505859847
2020-11-14,3.351767823227808
2020-11-15,3.471804103223442
2020-11-16,3.5332314058105507
2020-11-17,3.5915378191108065
2020-11-18,3.7623027773482174
2020-11-19,3.625447978590319
2020-11-20,3.6667063230975043
2020-11-21,3.6390725355350355
2020-11-22,3.6040545262332997
2020-11-23,3.6567090330832315
2020-11-24,3.5993807127030997
2020-11-25,3.697277235605221
2020-11-26,3.5964462576353284
2020-11-27,3.6683511323278926
2020-11-28,3.679003713673688
2020-11-29,3.6580058316789184
2020-11-30,3.6262546482704976
2020-12-01,3.6272226334243296
2020-12-02,3.6310596666013146
2020-12-03,3.621549490256764
2020-12-04,3.6940079053206523
2020-12-05,3.655546707231961
2020-12-06,3.5905220246169303
2020-12-07,3.574960523490108
2020-12-08,3.594503595259673
2020-12-09,3.612601389775383
2020-12-10,3.6372457350619727
2020-12-11,3.6943477640206868
2020-12-12,3.657155317391159
2020-12-13,3.6603815921152525
2020-12-14,3.631092430695159
2020-12-15,3.6684492546129244
2020-12-16,3.57097488369563
2020-12-17,3.5670827373095224
2020-12-18,3.5747610637014673
2020-12-19,3.6259982044569825
2020-12-20,3.4641413758895334
2020-12-21,3.6524356223602683
2020-12-22,3.6532049635742165
2020-12-23,3.7064797713355087
2020-12-24,3.6492528745445223
2020-12-25,3.6594338715811316
2020-12-26,3.6436106846415157
2020-12-27,3.535258467138001
2020-12-28,3.6678881969028376
2020-12-29,3.62799732919094
2020-12-30,3.6555284419262297
2020-12-31,3.62830373928936
2021-01-01,3.680851753440914
2021-01-02,3.5629597570882656
2021-01-03,3.5790946999834867
2021-01-04,3.6614781900243156
2021-01-05,3.572561144088386
2021-01-06,3.5657607165477647
2021-01-07,3.6368530001611483
2021-01-08,3.606425403452522
2021-01-09,3.57668374063766
2021-01-10,3.6094810322476465
2021-01-11,3.578711058058671
2021-01-12,3.614552413861825
2021-01-13,3.694574460238771
2021-01-14,3.6164692784194155
2021-01-15,3.556307851573579
2021-01-16,3.5699433947020145
2021-01-17,3.624927070005561
2021-01-18,3.58387158041078
2021-01-19,3.58127311655624
2021-01-20,3.6912216442188317
2021-01-21,3.623916548391823
2021-01-22,3.6150840028274134
2021-01-23,3.7128165856719906
2021-01-24,3.6723935188166634
2021-01-25,3.642749495789337
2021-01-26,3.6459541014002346
2021-01-27,3.67988690482352
2021-01-28,3.6714948332382122
2021-01-29,3.709245070951695
2021-01-30,3.6810500016905543
2021-01-31,3.7480018760903926
2021-02-01,3.679637826167052
2021-02-02,3.630171062034513
2021-02-03,3.6622457699592337
2021-02-04,3.667103395116459
2021-02-05,3.648090711526069
2021-02-06,3.6539748681486772
2021-02-07,3.6267823470234415
2021-02-08,3.6288103279893926
2021-02-09,3.643833512470425
2021-02-10,3.631627056095835
2021-02-11,3.578646394373927
2021-02-12,3.693085690845437
2021-02-13,3.674491187067251
2021-02-14,3.6379251381195856
2021-02-15,3.6777655641938174
2021-02-16,3.7115686914672628
2021-02-17,3.5964839092253
2021-02-18,3.5978372483887866
2021-02-19,3.5643960482255013
2021-02-20,3.567514636027995
2021-02-21,3.664010783953173
2021-02-22,3.651738770672767
2021-02-23,3.7480906749144034
2021-02-24,3.62462473501278
2021-02-25,3.7073343154200313
2021-02-26,3.6476016136518257
2021-02-27,3.4728089556809114
2021-02-28,3.6227084460297174
2021-03-01,3.690316013974472
2021-03-02,3.6712916504151383
2021-03-03,3.6742664196095367
2021-03-04,3.669739134955406
2021-03-05,3.689242906486426
2021-03-06,3.5238420423075865
2021-03-07,3.618241361324225
2021-03-08,3.6463055815056293
2021-03-09,3.638938996308493
2021-03-10,3.6150138680927553
2021-03-11,3.5735442524959318
2021-03-12,3.643536227256019
2021-03-13,3.6720008266198985
2021-03-14,3.6214142451595395
2021-03-15,3.621672089324385
2021-03-16,3.582289647632165
2021-03-17,3.644437573566702
2021-03-18,3.6063761298003776
2021-03-19,3.5512866940900576
2021-03-20,3.6867770426074644
2021-03-21,3.6303991849734043
2021-03-22,3.675290612047573
2021-03-23,3.6362115423311536
2021-03-24,3.6674456712356434
2021-03-25,3.531647603554113
2021-03-26,3.69077950826814
2021-03-27,3.7155494344116136
2021-03-28,3.587049817737323
2021-03-29,3.677673912275659
2021-03-30,3.552308095592749
2021-03-31,3.5325908096138696
2021-04-01,3.523686519636868
2021-04-02,3.506078673066084
2021-04-03,3.586047391962192
2021-04-04,3.6066566878966726
2021-04-05,3.4466998801283926
2021-04-06,3.5543186709916075
2021-04-07,3.587066659362809
2021-04-08,3.448693005463606
2021-04-09,3.332344559181667
2021-04-10,3.328937581367377
2021-04-11,3.3937291927756386
2021-04-12,3.4922364399776944
2021-04-13,3.5634569027939826
2021-04-14,3.5073510889401573
2021-04-15,3.4717900774244494
2021-04-16,3.491524732632826
2021-04-17,3.4537749417853347
2021-04-18,3.580320182584584
2021-04-19,3.6692918547265356
2021-04-20,3.621977733565421
2021-04-21,3.7259652135467163
2021-04-22,3.6469166577633656
2021-04-23,3.5809631468806993
2021-04-24,3.6248898119293314
2021-04-25,3.7277935717512034
2021-04-26,3.6645254165859495
2021-04-27,3.531702894136503
2021-04-28,3.6255074511011345
2021-04-29,3.6104980902358474
2021-04-30,3.5828102026240707
2021-05-01,3.5226715320844426
2021-05-02,3.6693473252223754
2021-05-03,3.7653550886292377
2021-05-04,3.6685710555995925
2021-05-05,3.7229228756393953
2021-05-06,3.6005046535228655
2021-05-07,3.696670197210806
2021-05-08,3.612017942632053
2021-05-09,3.650769917504912
2021-05-10,3.6158995212164693
2021-05-11,3.613587763869835
2021-05-12,3.6706826887192885
2021-05-13,3.7086529248028515
2021-05-14,3.696371906802844
2021-05-15,3.691920578841736
2021-05-16,3.6505320403416213
2021-05-17,3.6178785059336547
2021-05-18,3.6559921020167474
2021-05-19,3.574985602427546
2021-05-20,3.529135545106449
2021-05-21,3.5855169054542366
2021-05-22,3.6905497846624438
2021-05-23,3.7340143714985192
2021-05-24,3.5960553998455325
2021-05-25,3.553687008558612
2021-05-26,3.5466629059104857
2021-05-27,3.49539216420161
2021-05-28,3.6081042745642034
2021-05-29,3.6352652539711214
2021-05-30,3.632928287703828
2021-05-31,3.6010788150337527
2021-06-01,3.542572953311199
2021-06-02,3.6892699484339873
2021-06-03,3.6256094916196107
2021-06-04,3.633026580243799
2021-06-05,3.620087890061993
2021-06-06,3.6494720341694284
2021-06-07,3.597522625626918
2021-06-08,3.604113405274539
2021-06-09,3.6116704183964177
2021-06-10,3.5895488846398664
2021-06-11,3.4367668266583817
2021-06-12,3.19992206515136
2021-06-13,3.3646234623485194
2021-06-14,3.5252881397127567
2021-06-15,3.593418794798356
2021-06-16,3.585682007867267
2021-06-17,3.5661031193399926
2021-06-18,3.5927238088908706
2021-06-19,3.4232486333931504
2021-06-20,3.527939717883464
2021-06-21,3.6398225600572234
2021-06-22,3.6076699034548834
2021-06-23,3.421166686531568
2021-06-24,3.372854075721907
2021-06-25,3.401607586137982
2021-06-26,3.5710054219373433
2021-06-27,3.538985677123925
2021-06-28,3.5004165427362954
2021-06-29,3.6455919779364443
2021-06-30,3.5805225131000364
2021-07-01,3.5184709340186293
2021-07-02,3.473183870483126
2021-07-03,3.4773416091860323
2021-07-04,3.542797256560929
2021-07-05,3.5179206188179752
2021-07-06,3.6048994997499535
2021-07-07,3.566319097685678
2021-07-08,3.6123205562608933
2021-07-09,3.5073056633010418
2021-07-10,3.5346786570522113
2021-07-11,3.6026439946151134
2021-07-12,3.375636100539748
2021-07-13,3.5017667801578063
2021-07-14,3.520432401031335
2021-07-15,3.597205833626643
2021-07-16,3.563028584076754
2021-07-17,3.577158872699234
2021-07-18,3.461720260096844
2021-07-19,3.573266018564988
2021-07-20,3.5952353903706578
2021-07-21,3.559931782251554
2021-07-22,3.553737844062939
2021-07-23,3.6643580799477076
2021-07-24,3.566669164863344
2021-07-25,3.563234682659812
2021-07-26,3.6100309876932877
2021-07-27,3.6375075603355835
2021-07-28,3.7157871150245603
2021-07-29,3.6763988819490065
2021-07-30,3.643436806312246
2021-07-31,3.579131866462111
2021-08-01,3.644749827262506
2021-08-02,3.777173704658683
2021-08-03,3.5553890800731627
2021-08-04,3.646629088062319
2021-08-05,3.658682281481921
2021-08-06,3.6320907107164104
2021-08-07,3.5808066546533746
2021-08-08,3.4991258581819435
2021-08-09,3.5727505059466735
2021-08-10,3.671911604951727
2021-08-11,3.6519536865981213
2021-08-12,3.6604394459911216
2021-08-13,3.6224066677392885
2021-08-14,3.655594785244625
2021-08-15,3.534607673179829
2021-08-16,3.7016569695218653
2021-08-17,3.6514598352956456
2021-08-18,3.5184281232377956
2021-08-19,3.5672405094285673
2021-08-20,3.5760335948800996
2021-08-21,3.515475245178462
2021-08-22,3.3987901697228455
2021-08-23,3.522190942809243
2021-08-24,3.5145203122696063
2021-08-25,3.5272612429036374
2021-08-26,3.5226848905576618
2021-08-27,3.532168187569117
2021-08-28,3.564456611651115
2021-08-29,3.4248557562142343
2021-08-30,3.453891531921423
2021-08-31,3.5073973661727003
2021-09-01,3.5509616401751534
2021-09-02,3.5705027505900566
2021-09-03,3.530539319006755
2021-09-04,3.4209186203401134
2021-09-05,3.4215601297440905
2021-09-06,3.478391748451909
2021-09-07,3.557602693935066
2021-09-08,3.3075335124589498
2021-09-09,3.469427077478426
2021-09-10,3.564586363180131
2021-09-11,3.5990752800038823
2021-09-12,3.544881352191001
2021-09-13,3.464611405330172
2021-09-14,3.5532754392249517
2021-09-15,3.6150154530209453
2021-09-16,3.634630479807054
2021-09-17,3.6796898493196473
2021-09-18,3.661991685299494
2021-09-19,3.6221705727563056
2021-09-20,3.6040303226243777
2021-09-21,3.5661298667221075
2021-09-22,3.6395791726312754
2021-09-23,3.602989055971043
2021-09-24,3.642594852411834
2021-09-25,3.613497872949886
2021-09-26,3.5781323467320476
2021-09-27,3.537557088052887
2021-09-28,3.579954037627023
2021-09-29,3.617928160254212
2021-09-30,3.660737744573623
2021-10-01,3.6264834599028233
2021-10-02,3.5224149633025212
2021-10-03,3.5284358712282797
2021-10-04,3.5635879694094097
2021-10-05,3.584356212014733
2021-10-06,3.5796928459796087
2021-10-07,3.357910532813545
2021-10-08,3.579923878401938
2021-10-09,3.630187560371129
2021-10-10,3.3541998242589925
2021-10-11,3.4064303411306116
2021-10-12,3.5006085493446166
2021-10-13,3.5724623972870675
2021-10-14,3.5326493209024683
2021-10-15,3.526109601482754
2021-10-16,3.378188689659711
2021-10-17,3.43335235263969
2021-10-18,3.51434841808637
2021-10-19,3.614000073375558
2021-10-20,3.6919096370196613
2021-10-21,3.6417194796287884
2021-10-22,3.5333053986593517
2021-10-23,3.502375974506789
2021-10-24,3.6784647952172875
2021-10-25,3.5771968949285746
2021-10-26,3.518052889452051
2021-10-27,3.499872726455309
2021-10-28,3.5175487686438904
2021-10-29,3.4533045504960906
2021-10-30,3.301828696018518
2021-10-31,3.371843511615798
2021-11-01,3.4657656636763225
2021-11-02,3.486095611205447
2021-11-03,3.5696228215510732
2021-11-04,3.5399642293551192
2021-11-05,3.5373263211747346
2021-11-06,3.6118717319062736
2021-11-07,3.476379381508993
2021-11-08,3.5609046044104256
2021-11-09,3.581835725224553
2021-11-10,3.569212413185974
2021-11-11,3.5253712847107472
2021-11-12,3.4917723513406735
2021-11-13,3.5890614653978647
2021-11-14,3.5736321387862673
2021-11-15,3.5098988637771136
2021-11-16,3.5527390007616013
2021-11-17,3.504676265525762
2021-11-18,3.5308053193824067
2021-11-19,3.4794525938977094
2021-11-20,3.699117517079298
2021-11-21,3.6402105998295404
2021-11-22,3.5830862888433805
2021-11-23,3.6040010918335406
2021-11-24,3.62025413307308
2021-11-25,3.6126809701386517
2021-11-26,3.6425529357872053
2021-11-27,3.3910719397119546
2021-11-28,3.574860394327834
2021-11-29,3.595579311430107
2021-11-30,3.5254555234458023
2021-12-01,3.5712732381825125
2021-12-02,3.578331645801275
2021-12-03,3.681244223573296
2021-12-04,3.5616374555803776
2021-12-05,3.637211656603799
2021-12-06,3.604002519108927
2021-12-07,3.5556345481263847
2021-12-08,3.499941273830917
2021-12-09,3.492706678440493
2021-12-10,3.4525427792298613
2021-12-11,3.3027081308797013
2021-12-12,3.393226718532393
2021-12-13,3.6134805112458954
2021-12-14,3.5681756179643753
2021-12-15,3.6822192323062235
2021-12-16,3.643299012203849
2021-12-17,3.611210041340602
2021-12-18,3.539797152619405
2021-12-19,3.6859025978916584
2021-12-20,3.6697661890610305
2021-12-21,3.592914317641151
2021-12-22,3.6497864664365642
2021-12-23,3.573941167034726
2021-12-24,3.558760394526257
2021-12-25,3.4963551159472868
2021-12-26,3.558012816733145
2021-12-27,3.6317151715854687
2021-12-28,3.5968937697875885
2021-12-29,3.622580922944313
2021-12-30,3.6305154852397794
2021-12-31,3.6379111229659515
2022-01-01,3.618200021664282
2022-01-02,3.778664293822292
2022-01-03,3.4974767403011002
2022-01-04,3.67407272908785
2022-01-05,3.5244429215914894
2022-01-06,3.4941159997968705
2022-01-07,3.589427975682933
2022-01-08,3.6344801180594266
2022-01-09,3.571736468824402
2022-01-10,3.583214432325379
2022-01-11,3.5957184020017374
2022-01-12,3.6490102558195088
2022-01-13,3.742095779323049
2022-01-14,3.683924547261009
2022-01-15,3.5686090023843726
2022-01-16,3.5938245596868827
2022-01-17,3.493937722443856
2022-01-18,3.4159559493290574
2022-01-19,3.491384943077906
2022-01-20,3.417116988818948
2022-01-21,3.5072220997905568
2022-01-22,3.5965846826173733
2022-01-23,3.648554064901248
2022-01-24,3.684710852609267
2022-01-25,3.7039956406777943
2022-01-26,3.6118472373879413
2022-01-27,3.5314641005762044
2022-01-28,3.620309195032248
2022-01-29,3.630171903021819
2022-01-30,3.7676352080490965
2022-01-31,3.6644346392899263
2022-02-01,3.7297881026887714
2022-02-02,3.6996143316845567
2022-02-03,3.7131896588230586
2022-02-04,3.5402683584290213
2022-02-05,3.6007922880502514
2022-02-06,3.497709299078761
2022-02-07,3.434974263482348
2022-02-08,3.4320967575814727
2022-02-09,3.5444178678420215
2022-02-10,3.436747804159093
2022-02-11,3.4048416543706903
2022-02-12,3.310896440787638
2022-02-13,3.4473614163006663
2022-02-14,3.4569479543460844
2022-02-15,3.3416190803613812
2022-02-16,3.4249036343308443
2022-02-17,3.3722855132805747
2022-02-18,3.455115519475407
2022-02-19,3.3068081652693047
2022-02-20,3.2890088664200507
2022-02-21,3.3643735837125366
2022-02-22,3.590600469040401
2022-02-23,3.6978383998231865
2022-02-24,3.7429199869381735
2022-02-25,3.7493260902793297
2022-02-26,3.7605291586924405
2022-02-27,3.78122101123722
2022-02-28,3.650477350006472
2022-03-01,3.6359781768929986
2022-03-02,3.563033149012044
2022-03-03,3.731933599077494
2022-03-04,3.627511865291241
2022-03-05,3.489035674208107
2022-03-06,3.2332161883352337
2022-03-07,3.6169410220976475
2022-03-08,3.701393160778288
2022-03-09,3.5892315622221465
2022-03-10,3.4287629800930453
2022-03-11,3.5334398604138038
2022-03-12,3.4512041042338546
2022-03-13,3.5899662749681145
2022-03-14,3.5892480411678993
2022-03-15,3.604410845283412
2022-03-16,3.6265686203679817
2022-03-17,3.6146910990359165
2022-03-18,3.5515246044887716
2022-03-19,3.6044298129219112
2022-03-20,3.5342924637402042
2022-03-21,3.5517681921970943
2022-03-22,3.6089239077701065
2022-03-23,3.6475361865644844
2022-03-24,3.579183419444115
2022-03-25,3.629042461590901
2022-03-26,3.5742663183275827
2022-03-27,3.5787048380957818
2022-03-28,3.6336033943691524
2022-03-29,3.5202355554500393
2022-03-30,3.668859657112499
2022-03-31,3.6125935780027985
2022-04-01,3.7217603356754068
2022-04-02,3.7104673368623415
2022-04-03,3.664324200864168
2022-04-04,3.817652998705954
2022-04-05,3.6936528765737227
2022-04-06,3.762427580955499
2022-04-07,3.6750460526711737
2022-04-08,3.6841361641872354
2022-04-09,3.6451616467024888
2022-04-10,3.5872053031976554
2022-04-11,3.660679111012918
2022-04-12,3.565445633080538
2022-04-13,3.5650835778415058
2022-04-14,3.6971230504364634
2022-04-15,3.706712787984101
2022-04-16,3.6533931938228124
2022-04-17,3.6917172726930154
2022-04-18,3.587760241327635
2022-04-19,3.6397813189058694
2022-04-20,3.5954104271028386
2022-04-21,3.7445819726938168
2022-04-22,3.6786201024967613
2022-04-23,3.5278495201715985
2022-04-24,3.6527414136330467
2022-04-25,3.5885382559027286
2022-04-26,3.4581612383598515
2022-04-27,3.4680051972753465
2022-04-28,3.5770020847837345
2022-04-29,3.672607509274426
2022-04-30,3.576177900831922
2022-05-01,3.5721344326572764
2022-05-02,3.4445427069101915
2022-05-03,3.461985809031789
2022-05-04,3.4854984305270307
2022-05-05,3.2959216168608956
2022-05-06,3.537537488399671
2022-05-07,3.694123067021179
2022-05-08,3.5001974291611377
2022-05-09,3.525474874973362
2022-05-10,3.3853376742581753
2022-05-11,3.4915264388328158
2022-05-12,3.5221721478928556
2022-05-13,3.275124808533812
2022-05-14,3.1434722872467225
2022-05-15,3.13943300236284
2022-05-16,3.323110627468653
2022-05-17,3.3681271452884363
2022-05-18,3.4562921298857177
2022-05-19,3.626286978327656
2022-05-20,3.4746182923164057
2022-05-21,3.5089077976852483
2022-05-22,3.359570407611814
2022-05-23,3.5064456522796434
2022-05-24,3.5282706033323965
2022-05-25,3.551042155757253
2022-05-26,3.610578450423567
2022-05-27,3.471360447383929
2022-05-28,3.4529193626867856
2022-05-29,3.393907622464196
2022-05-30,3.550328770844274
2022-05-31,3.666219388704076
2022-06-01,3.6551908053169573
2022-06-02,3.6613683027760078
2022-06-03,3.5800725147828847
2022-06-04,3.372820488284968
2022-06-05,3.512029038678411
2022-06-06,3.5470974379321634
2022-06-07,3.522087777083665
2022-06-08,3.6303817937315954
2022-06-09,3.5120285893664667
2022-06-10,3.4765989858120503
2022-06-11,3.5055763761738294
2022-06-12,3.511775153684413
2022-06-13,3.5554261323302256
2022-06-14,3.5450811974751977
2022-06-15,3.6077372807920676
2022-06-16,3.3136243781652674
2022-06-17,3.298819051847985
2022-06-18,3.4519540480063204
2022-06-19,3.574016006712205
2022-06-20,3.4604365271131137
2022-06-21,3.6256198836436715
2022-06-22,3.5515506992624957
2022-06-23,3.5739007535116802
2022-06-24,3.596603185665871
2022-06-25,3.3129761858628437
2022-06-26,3.176798372327935
2022-06-27,3.065598668361285
2022-06-28,3.363439780150919
2022-06-29,3.527175561197615
2022-06-30,3.4922970918889074
2022-07-01,3.560170219056376
2022-07-02,3.559439112038817
2022-07-03,3.5914277340660172
2022-07-04,3.6112366403682383
2022-07-05,3.5958851036100246
2022-07-06,3.579751217899551
2022-07-07,3.623179667160305
2022-07-08,3.6039189163982406
2022-07-09,3.650751183986513
2022-07-10,3.5954088523612344
2022-07-11,3.6429441271125222
2022-07-12,3.567267939204208
2022-07-13,3.6289348541562645
2022-07-14,3.5455422127464207
2022-07-15,3.631377431543411
2022-07-16,3.5570603915829215
2022-07-17,3.520640613393643
2022-07-18,3.4736061071372655
2022-07-19,3.49316499814124
2022-07-20,3.6237824781038066
2022-07-21,3.6580269384223545
2022-07-22,3.6216976882128367
2022-07-23,3.5512036117848185
2022-07-24,3.510740727466787
2022-07-25,3.6419798283615945
2022-07-26,3.6604965362173907
2022-07-27,3.6498009689245707
2022-07-28,3.588565888029731
2022-07-29,3.5123163053001276
2022-07-30,3.565153439949676
2022-07-31,3.5804360215125373
2022-08-01,3.605981461763456
2022-08-02,3.607202151589628
2022-08-03,3.5647845677958814
2022-08-04,3.597862371333077
2022-08-05,3.60464049638211
2022-08-06,3.594424461359974
2022-08-07,3.4458069816575363
2022-08-08,3.642956518124461
2022-08-09,3.633531463519309
2022-08-10,3.6134159886862927
2022-08-11,3.626525623604631
2022-08-12,3.7279820038362232
2022-08-13,3.6797023332870036
2022-08-14,3.5834260967947698
2022-08-15,3.575544420866845
2022-08-16,3.5447558777311055
2022-08-17,3.6039794730078776
2022-08-18,3.573049889912562
2022-08-19,3.6026124051862998
2022-08-20,3.54628018383806
2022-08-21,3.3344177155491694
2022-08-22,3.5179728579902827
2022-08-23,3.5492172808912885
2022-08-24,3.602773136256854
2022-08-25,3.540214027685077
2022-08-26,3.6721366992807587
2022-08-27,3.594208569805929
2022-08-28,3.6845585583059686
2022-08-29,3.5172696018353777
2022-08-30,3.5659193847820427
2022-08-31,3.5865999989282074
2022-09-01,3.6216923172310334
2022-09-02,3.6656559555499793
2022-09-03,3.6541414074754788
2022-09-04,3.5071123454742392
2022-09-05,3.5810372432184416
2022-09-06,3.472288280109424
2022-09-07,3.538018003502475
2022-09-08,3.4429228708522137
2022-09-09,3.5215898102127348
2022-09-10,3.4290456930855844
2022-09-11,3.3936287829616
2022-09-12,3.492136225223361
2022-09-13,3.5719935730308463
2022-09-14,3.5320147631293555
2022-09-15,3.6333256742589652
2022-09-16,3.646027076301284
2022-09-17,3.5835321080591966
2022-09-18,3.632634361484575
2022-09-19,3.5154735450206047
2022-09-20,3.572760988217642
2022-09-21,3.576151032919894
2022-09-22,3.4931168965097172
2022-09-23,3.5758565095406487
2022-09-24,3.476055575821516
2022-09-25,3.4344378341840587
2022-09-26,3.4558204567437336
2022-09-27,3.6298116142234518
2022-09-28,3.6316807406636613
2022-09-29,3.647734512121233
2022-09-30,3.6415093380227077
2022-10-01,3.609861008022836
2022-10-02,3.52234897457197
2022-10-03,3.60637182670751
2022-10-04,3.552446608311285
2022-10-05,3.486908576537288
2022-10-06,3.5584771911464683
2022-10-07,3.4809529356885918
2022-10-08,3.6330787065883863
2022-10-09,3.608021596277294
2022-10-10,3.5448328525693102
2022-10-11,3.5975820027940046
2022-10-12,3.6595030163701976
2022-10-13,3.5964843109839593
2022-10-14,3.607571885676884
2022-10-15,3.492830247617115
2022-10-16,3.607570292226098
2022-10-17,3.4896414283465997
2022-10-18,3.6091037793062073
2022-10-19,3.582192179819929
2022-10-20,3.59556244476115
2022-10-21,3.673404866122676
2022-10-22,3.6670085612071075
2022-10-23,3.6280118491537934
2022-10-24,3.5302204060169795
2022-10-25,3.3843679061397487
2022-10-26,3.5488162937444336
2022-10-27,3.4810570676796364
2022-10-28,3.588160198921859
2022-10-29,3.5861820147073087
2022-10-30,3.5940957368901527
2022-10-31,3.675407043572107
2022-11-01,3.5206544461062586
2022-11-02,3.488091658222941
2022-11-03,3.510621690193173
2022-11-04,3.3827705120968723
2022-11-05,3.4213477914403305
2022-11-06,3.5406422421736052
2022-11-07,3.5376266739620736
2022-11-08,3.6628791630729847
2022-11-09,3.7321891074229807
2022-11-10,3.60635214060938
2022-11-11,3.4839471816065086
2022-11-12,3.6042662459672523
2022-11-13,3.359398825551196
2022-11-14,3.5124586672852107
2022-11-15,3.630255334844142
2022-11-16,3.501747710060395
2022-11-17,3.563171092612986
2022-11-18,3.582991959272821
2022-11-19,3.546811152753552
2022-11-20,3.6261813407586954
2022-11-21,3.64241384855072
2022-11-22,3.6277973643261388
2022-11-23,3.671776977781499
2022-11-24,3.577434228615611
2022-11-25,3.622994873239374
2022-11-26,3.6033867481299566
2022-11-27,3.5706947952195067
2022-11-28,3.5820729722476865
2022-11-29,3.50727721918585
2022-11-30,3.503679487549939
2022-12-01,3.47709137490338
2022-12-02,3.535658876804986
2022-12-03,3.515970804335705
2022-12-04,3.50963456937593
2022-12-05,3.6318251157995283
2022-12-06,3.614126554157511
2022-12-07,3.78462940781528
2022-12-08,3.6863529595769227
2022-12-09,3.7205943430601405
2022-12-10,3.6340179324349937
2022-12-11,3.6370261485077617
2022-12-12,3.6356645600961697
2022-12-13,3.678956522489917
2022-12-14,3.624042410221381
2022-12-15,3.650734653146418
2022-12-16,3.679222739713066
2022-12-17,3.680357644156499
2022-12-18,3.5887727865965693
2022-12-19,3.4483982337530987
2022-12-20,3.6899974126633857
2022-12-21,3.6030900538782844
2022-12-22,3.625193331230262
2022-12-23,3.682540721100353
2022-12-24,3.589148897532014
2022-12-25,3.4710507734819034
2022-12-26,3.718117413030415
2022-12-27,3.676203292273441
2022-12-28,3.574493385293924
2022-12-29,3.655674847322407
2022-12-30,3.5983101604792447
2022-12-31,3.2998832826329223
2023-01-01,3.4946209881635335
2023-01-02,3.5970645390093505
2023-01-03,3.632934699847221
2023-01-04,3.6208400883324794
2023-01-05,3.491894331658953
2023-01-06,3.6124212461889638
2023-01-07,3.561160706736231
2023-01-08,3.7161085299024763
2023-01-09,3.621932305519434
2023-01-10,3.649670783001576
2023-01-11,3.6372658338432244
2023-01-12,3.6452024682359743
2023-01-13,3.4973119275718423
2023-01-14,3.7093406869939898
2023-01-15,3.726545907031761
2023-01-16,3.675827519733927
2023-01-17,3.72852396575654
2023-01-18,3.6670348197737166
2023-01-19,3.583028013401082
2023-01-20,3.5252724512070803
2023-01-21,3.665209683112143
2023-01-22,3.577201411337753
2023-01-23,3.6958107861030047
2023-01-24,3.655367103515818
2023-01-25,3.7004527839733408
2023-01-26,3.6657367847415983
2023-01-27,3.7012594683499347
2023-01-28,3.5622580792626213
2023-01-29,3.5882497347135742
2023-01-30,3.5820454210141994
2023-01-31,3.638861522143475
2023-02-01,3.7577193873677617
2023-02-02,3.689264735928521
2023-02-03,3.714756313776291
2023-02-04,3.626783120847758
2023-02-05,3.566100800283031
2023-02-06,3.557001646610861
2023-02-07,3.58082200405944
2023-02-08,3.501871392890571
2023-02-09,3.4796307860648388
2023-02-10,3.6221314972443537
2023-02-11,3.724120634310439
2023-02-12,3.6177789812369396
2023-02-13,3.60008899183218
2023-02-14,3.656830129236373
2023-02-15,3.6331746587435094
2023-02-16,3.509690113822405
2023-02-17,3.537650430962297
2023-02-18,3.2949847117048052
2023-02-19,3.3720349276360526
2023-02-20,3.4369595040036613
2023-02-21,3.5477578139041874
2023-02-22,3.5820349350048533
2023-02-23,3.613131103344679
2023-02-24,3.5727157933931366
2023-02-25,3.4598454090228645
2023-02-26,3.628222036276915
2023-02-27,3.639058473390803
2023-02-28,3.6623411396525385
2023-03-01,3.616939836685117
2023-03-02,3.4960222280204674
2023-03-03,3.3769977551184547
2023-03-04,3.4390817319867732
2023-03-05,3.578159921724941
2023-03-06,3.5237592952671766
2023-03-07,3.6146387818310712
2023-03-08,3.675201869594121
2023-03-09,3.630405973881465
2023-03-10,3.5919799265849117
2023-03-11,3.6492457641708653
2023-03-12,3.6706459734165624
2023-03-13,3.5534773093722962
2023-03-14,3.6492772859377234
2023-03-15,3.583524620694247
2023-03-16,3.5979320346399297
2023-03-17,3.597437025711822
2023-03-18,3.64440053428394
2023-03-19,3.583187809548338
2023-03-20,3.6664588677210155
2023-03-21,3.4982333711643148
2023-03-22,3.5572478656415165
2023-03-23,3.5870894611069115
2023-03-24,3.570340222405524
2023-03-25,3.5929012784302996
2023-03-26,3.5871648103931166
2023-03-27,3.7073409582650156
2023-03-28,3.608202907120249
2023-03-29,3.4203685940543305
2023-03-30,3.4207086104447475
2023-03-31,3.4847742415957326
2023-04-01,3.5357645387645453
2023-04-02,3.544670302940134
2023-04-03,3.458159122385069
2023-04-04,3.5833920990821193
2023-04-05,3.570685307539474
2023-04-06,3.684990218371487
2023-04-07,3.571994218626701
2023-04-08,3.6746911351461486
2023-04-09,3.6689961856049855
2023-04-10,3.690566585202161
2023-04-11,3.6584488005236526
2023-04-12,3.6402965247758092
2023-04-13,3.6191019177087123
2023-04-14,3.5628885368437095
2023-04-15,3.467009413949442
2023-04-16,3.533518906712252
2023-04-17,3.5248843207443343
2023-04-18,3.6065605697502434
2023-04-19,3.605308137053394
2023-04-20,3.59233863692027
2023-04-21,3.5077618724187225
2023-04-22,3.496216229798495
2023-04-23,3.6519423998489393
2023-04-24,3.594077542569318
2023-04-25,3.6252578292439237
2023-04-26,3.695615130971806
2023-04-27,3.575291637397797
2023-04-28,3.5600882844247823
2023-04-29,3.669952004774427
2023-04-30,3.632381710490355
2023-05-01,3.599682831583177
2023-05-02,3.47129769082562
2023-05-03,3.6139261119585524
2023-05-04,3.5464362552763045
2023-05-05,3.5761454021388346
2023-05-06,3.4300155347569183
2023-05-07,3.5517506890532786
2023-05-08,3.567451682227575
2023-05-09,3.5584193670085207
2023-05-10,3.564039294719991
2023-05-11,3.5068049466507305
2023-05-12,3.4632083284948907
2023-05-13,3.274769291580588
2023-05-14,3.1553638883971296
2023-05-15,3.3448828758524165
2023-05-16,3.4561698594679706
2023-05-17,3.63828260291506
2023-05-18,3.535551765121675
2023-05-19,3.481835962852359
2023-05-20,3.454957864484799
2023-05-21,3.369440561628812
2023-05-22,3.593440451544229
2023-05-23,3.647291249582013
2023-05-24,3.684888074408952
2023-05-25,3.581298213101934
2023-05-26,3.5989562256416847
2023-05-27,3.626473672912928
2023-05-28,3.661824097980614
2023-05-29,3.6634362387276793
2023-05-30,3.561565620984552
2023-05-31,3.720191857128139
2023-06-01,3.633048573851548
2023-06-02,3.560627115064211
2023-06-03,3.5474054631466383
2023-06-04,3.671967213342586
2023-06-05,3.549997230936936
2023-06-06,3.5135198837003156
2023-06-07,3.5875943187245327
2023-06-08,3.5422107534430856
2023-06-09,3.497763969892666
2023-06-10,3.569141577798781
2023-06-11,3.5535374640751334
2023-06-12,3.678981230123517
2023-06-13,3.6123037982108763
2023-06-14,3.547045751607109
2023-06-15,3.453395432164011
2023-06-16,3.4953207789608216
2023-06-17,3.522730102253851
2023-06-18,3.526546716727316
2023-06-19,3.399310179683579
2023-06-20,3.4595568776537244
2023-06-21,3.49519634300264
2023-06-22,3.503132723100382
2023-06-23,3.543066508138569
2023-06-24,3.4457881912437336
2023-06-25,3.481301704518349
2023-06-26,3.531925203655361
2023-06-27,3.627827023007168
2023-06-28,3.5585041205932866
2023-06-29,3.563559079253646
2023-06-30,3.5770384817303778
2023-07-01,3.580383536213534
2023-07-02,3.706696463044854
2023-07-03,3.6044228620520617
2023-07-04,3.55532858515104
2023-07-05,3.5207905971615205
2023-07-06,3.6066813844615773
2023-07-07,3.598634186494562
2023-07-08,3.510067247442519
2023-07-09,3.586331697839794
2023-07-10,3.5644876424253944
2023-07-11,3.5586689485271696
2023-07-12,3.557912939026016
2023-07-13,3.576432003667561
2023-07-14,3.667848999258292
2023-07-15,3.534388829805302
2023-07-16,3.5336231752460145
2023-07-17,3.539732602475763
2023-07-18,3.4864344664569953
2023-07-19,3.5505033524771754
2023-07-20,3.556407209888859
2023-07-21,3.5414799134585246
2023-07-22,3.515422991010012
2023-07-23,3.662208085201426
2023-07-24,3.5790895665421503
2023-07-25,3.6031065167656378
2023-07-26,3.543467445162126
2023-07-27,3.5534665082225256
2023-07-28,3.524276977689139
2023-07-29,3.642844274850305
2023-07-30,3.539137746687832
2023-07-31,3.631358065549121
2023-08-01,3.6109524848017642
2023-08-02,3.61198032982377
2023-08-03,3.6637443413951836
2023-08-04,3.6339220000987043
2023-08-05,3.571402372991747
2023-08-06,3.591458674865722
2023-08-07,3.634188376062328
2023-08-08,3.669727684518677
2023-08-09,3.6788181284763013
2023-08-10,3.694011027918564
2023-08-11,3.6076968143483015
2023-08-12,3.6561370202557897
2023-08-13,3.674407633433733
2023-08-14,3.535670609171472
2023-08-15,3.503610472494562
2023-08-16,3.6073727508460167
2023-08-17,3.660949493370275
2023-08-18,3.662680274972799
2023-08-19,3.674764300983829
2023-08-20,3.6631310787912326
2023-08-21,3.7040634284830025
2023-08-22,3.5934532770385816
2023-08-23,3.5861809469703725
2023-08-24,3.6330129519802545
2023-08-25,3.639829590640077
2023-08-26,3.5307791783652633
2023-08-27,3.6082909678347685
2023-08-28,3.591174927788536
2023-08-29,3.653674909475774
2023-08-30,3.699618322136392
2023-08-31,3.600781938830184
2023-09-01,3.5975516839085677
2023-09-02,3.6675244050070357
2023-09-03,3.6793022625881244
2023-09-04,3.5209839275053483
2023-09-05,3.583245902088671
2023-09-06,3.5635118412391207
2023-09-07,3.5770983326535104
2023-09-08,3.531478854218978
2023-09-09,3.4728180688891146
2023-09-10,3.4571259481700554
2023-09-11,3.5146650463952582
2023-09-12,3.5421446003171644
2023-09-13,3.4823225833697267
2023-09-14,3.5582801165153084
2023-09-15,3.5101081822509013
2023-09-16,3.508328827851244
2023-09-17,3.6040465537818234
2023-09-18,3.6050109374089048
2023-09-19,3.516196077016405
2023-09-20,3.550761784020214
2023-09-21,3.517495771295027
2023-09-22,3.5836014284600015
2023-09-23,3.499786286528336
2023-09-24,3.4480721965346723
2023-09-25,3.599552990642804
2023-09-26,3.623957348924247
2023-09-27,3.7120109253623115
2023-09-28,3.5905592774808652
2023-09-29,3.5088229939012074
2023-09-30,3.4698609976449473
2023-10-01,3.6167276166133413
2023-10-02,3.585070951199109
2023-10-03,3.5461540360851527
2023-10-04,3.593549554048335
2023-10-05,3.6086153673402075
2023-10-06,3.452909192777042
2023-10-07,3.4775146595874635
2023-10-08,3.522243543414345
2023-10-09,3.612888239008018
2023-10-10,3.6231021041648894
2023-10-11,3.6346732375767306
2023-10-12,3.694534340771005
2023-10-13,3.6675644354458004
2023-10-14,3.638240514148912
2023-10-15,3.630142781682969
2023-10-16,3.485223470041511
2023-10-17,3.516207195283661
2023-10-18,3.7128552790948834
2023-10-19,3.6511376368332265
2023-10-20,3.600647568180824
2023-10-21,3.6291568085409125
2023-10-22,3.582510955907975
2023-10-23,3.65241600128111
2023-10-24,3.617624106725009
2023-10-25,3.59480744171989
2023-10-26,3.6095942811416415
2023-10-27,3.6765009944781886
2023-10-28,3.622639171209031
2023-10-29,3.4823370473893385
2023-10-30,3.589297154759834
2023-10-31,3.538828588511848
2023-11-01,3.5243862257756122
2023-11-02,3.562038710384618
2023-11-03,3.4779584224310534
2023-11-04,3.510818355424683
2023-11-05,3.568620125101831
2023-11-06,3.6187411904512086
2023-11-07,3.5100632520768706
2023-11-08,3.6487759576213756
2023-11-09,3.5938996910548524
2023-11-10,3.54110786090706
2023-11-11,3.545290944257578
2023-11-12,3.6519526083046077
2023-11-13,3.506868088652046
2023-11-14,3.4643728723449048
2023-11-15,3.6214624768368493
2023-11-16,3.6145724087248805
2023-11-17,3.4344616275560695
2023-11-18,3.4237245666915563
2023-11-19,3.472632947221916
2023-11-20,3.566216174512877
2023-11-21,3.497486206293264
2023-11-22,3.550401018752784
2023-11-23,3.665238633733579
2023-11-24,3.595568241647499
2023-11-25,3.6302383038715758
2023-11-26,3.5521733182347695
2023-11-27,3.5363734818590844
2023-11-28,3.5343556633991913
2023-11-29,3.597269499179699
2023-11-30,3.602709549113631
2023-12-01,3.567972728833945
2023-12-02,3.6071584807668953
2023-12-03,3.6067314472061085
2023-12-04,3.5938113344845917
2023-12-05,3.510444762080591
2023-12-06,3.5787352077325125
2023-12-07,3.6016643800592325
2023-12-08,3.5899061044824596
2023-12-09,3.4356651981328987
2023-12-10,3.662204077602283
2023-12-11,3.5385154633581
2023-12-12,3.555949959622327
2023-12-13,3.607471270274093
2023-12-14,3.5901939089069757
2023-12-15,3.662875641031551
2023-12-16,3.576522651726864
2023-12-17,3.6565873222078196
2023-12-18,3.6910220371332505
2023-12-19,3.678031619224516
2023-12-20,3.727104621677929
2023-12-21,3.66081900195745
2023-12-22,3.686871841564243
2023-12-23,3.6335482114350226
2023-12-24,3.662280280912817
2023-12-25,3.671163407942364
2023-12-26,3.661224612358939
2023-12-27,3.5473754601673355
2023-12-28,3.6324722255634176
2023-12-29,3.6606153307074245
2023-12-30,3.643583094452772
2023-12-31,3.712583614160617
2024-01-01,3.6792344332384443
2024-01-02,3.7354227662609754
2024-01-03,3.705466913995662
2024-01-04,3.691866834120507
2024-01-05,3.6375617647372285
2024-01-06,3.538317544337273
2024-01-07,3.717311821543395
2024-01-08,3.767763577005522
2024-01-09,3.6879434439913483
2024-01-10,3.7413659412877744
2024-01-11,3.559966115864381
2024-01-12,3.6108977150866934
2024-01-13,3.636485538123094
2024-01-14,3.591896293778187
2024-01-15,3.696520041235425
2024-01-16,3.6091000930515458
2024-01-17,3.6788099782359023
2024-01-18,3.661180818286847
2024-01-19,3.693639220868599
2024-01-20,3.5433913234273584
2024-01-21,3.5010021708771286
2024-01-22,3.5267605644055986
2024-01-23,3.5691959065363887
2024-01-24,3.616350245168747
2024-01-25,3.5907668497682965
2024-01-26,3.673664545339576
2024-01-27,3.6641684251995956
2024-01-28,3.7097528144384757
2024-01-29,3.6920169200715725
2024-01-30,3.749701713365453
2024-01-31,3.6637452027998605
2024-02-01,3.632357328727228
2024-02-02,3.685994657316552
2024-02-03,3.664613255269349
2024-02-04,3.5871134117627688
2024-02-05,3.589858614940826
2024-02-06,3.6002420051893624
2024-02-07,3.600901708281193
2024-02-08,3.5696283305422627
2024-02-09,3.544892431559186
2024-02-10,3.4390039999332824
2024-02-11,3.4703974459601077
2024-02-12,3.5040708556750975
2024-02-13,3.5351321967223575
2024-02-14,3.5641954712192123
2024-02-15,3.386291289208101
2024-02-16,3.359996039216744
2024-02-17,3.257181386048578
2024-02-18,3.35147637916218
2024-02-19,3.503612840232542
2024-02-20,3.625526378640892
2024-02-21,3.6501271240587516
2024-02-22,3.594850777584207
2024-02-23,3.5711101870084385
2024-02-24,3.5441062323203067
2024-02-25,3.5697737090819195
2024-02-26,3.6413266408963727
2024-02-27,3.7360670671894387
2024-02-28,3.571661127848031
2024-02-29,3.6466468945394492
2024-03-01,3.6267646339558395
2024-03-02,3.5703996513283087
2024-03-03,3.6526064574626975
2024-03-04,3.597759299145073
2024-03-05,3.6560766822758097
2024-03-06,3.5915511392790753
2024-03-07,3.637734565994376
2024-03-08,3.6165194812516495
2024-03-09,3.6503726854207663
2024-03-10,3.6411511469368785
2024-03-11,3.601562681706354
2024-03-12,3.6489168354740036
2024-03-13,3.565033980373478
2024-03-14,3.6205143061074394
2024-03-15,3.4462387603761497
2024-03-16,3.567357149656911
2024-03-17,3.486171930002668
2024-03-18,3.642873802475959
2024-03-19,3.606060453555578
2024-03-20,3.6606009858628568
2024-03-21,3.664098842980777
2024-03-22,3.63117272443027
2024-03-23,3.6156032492266967
2024-03-24,3.5905035976087727
2024-03-25,3.6605343458734145
2024-03-26,3.5318584499005716
2024-03-27,3.6432095898563692
2024-03-28,3.643929253211978
2024-03-29,3.6790563879192386
2024-03-30,3.721502011253839
2024-03-31,3.638797641834777
2024-04-01,3.6783782375879897
2024-04-02,3.670685652126507
2024-04-03,3.6270629977482427
2024-04-04,3.6538507673675973
2024-04-05,3.6517365724692645
2024-04-06,3.6461118569559203
2024-04-07,3.7137591711009734
2024-04-08,3.701734839509398
2024-04-09,3.632267280519819
2024-04-10,3.6934443224173075
2024-04-11,3.6245375005430054
2024-04-12,3.6970055366599794
2024-04-13,3.597087682599048
2024-04-14,3.609376482117665
2024-04-15,3.5902798653266816
2024-04-16,3.5266140420233776
2024-04-17,3.549691604556836
2024-04-18,3.631819016824071
2024-04-19,3.588096498803056
2024-04-20,3.5147774072185056
2024-04-21,3.4650023389764635
2024-04-22,3.5088899730464194
2024-04-23,3.674251064364082
2024-04-24,3.6129682559386738
2024-04-25,3.6525043746499626
2024-04-26,3.597153084968651
2024-04-27,3.6210065996852836
2024-04-28,3.6752020095087623
2024-04-29,3.704239119939956
2024-04-30,3.727726249799542
2024-05-01,3.6688491266411316
2024-05-02,3.613537422330075
2024-05-03,3.596182994335586
2024-05-04,3.6192933150116664
2024-05-05,3.7210671043446952
2024-05-06,3.6078739260191703
2024-05-07,3.7096289663421635
2024-05-08,3.7641219227390996
2024-05-09,3.6399271070190764
2024-05-10,3.7516526729571313
2024-05-11,3.6572574082565943
2024-05-12,3.6177723814175824
2024-05-13,3.67913039016935
2024-05-14,3.6778355447966646
2024-05-15,3.632785917999476
2024-05-16,3.678286407908151
2024-05-17,3.6679502343301396
2024-05-18,3.6591218678535853
2024-05-19,3.599988851727966
2024-05-20,3.6597437932408536
2024-05-21,3.591019201871277
2024-05-22,3.5844470455316526
2024-05-23,3.5358527468563636
2024-05-24,3.5758894890198922
2024-05-25,3.560621563522663
2024-05-26,3.4113339353224665
2024-05-27,3.561672034561224
2024-05-28,3.5321142946110236
2024-05-29,3.628355441396967
2024-05-30,3.6366529678509742
2024-05-31,3.65842246647593
2024-06-01,3.6775839723769472
2024-06-02,3.6622488003704983
2024-06-03,3.639218833728433
2024-06-04,3.6822439844234816
2024-06-05,3.686850936110524
2024-06-06,3.6168003236994895
2024-06-07,3.5652558426216316
2024-06-08,3.6020186546581505
2024-06-09,3.570043292225897
2024-06-10,3.5723353523043473
2024-06-11,3.38670016478897
2024-06-12,3.591397771721218
2024-06-13,3.5260291108837354
2024-06-14,3.4386113261138376
2024-06-15,3.5664297919167325
2024-06-16,3.5371435141426346
2024-06-17,3.5627010873186986
2024-06-18,3.5731025214363212
2024-06-19,3.5628449814074323
2024-06-20,3.572506855184762
2024-06-21,3.4375476930363624
2024-06-22,3.574391065072261
2024-06-23,3.432355114146641
2024-06-24,3.5787797557880205
2024-06-25,3.524393630162537
2024-06-26,3.65648637806438
2024-06-27,3.659137009042439
2024-06-28,3.546125102798811
2024-06-29,3.6055633295629543
2024-06-30,3.658020815814997
2024-07-01,3.6756986196167887
2024-07-02,3.5431302214729077
2024-07-03,3.693575892088469
2024-07-04,3.569797291880089
2024-07-05,3.6053925136143574
2024-07-06,3.5143472274659033
2024-07-07,3.548978424607989
2024-07-08,3.559633286900976
2024-07-09,3.5730225161892553
2024-07-10,3.52276737455171
2024-07-11,3.552041679545394
2024-07-12,3.663142398325924
2024-07-13,3.725983202671756
2024-07-14,3.688373604284376
2024-07-15,3.6481231055792187
2024-07-16,3.644148915673515
2024-07-17,3.6802099602564433
2024-07-18,3.590022314520276
2024-07-19,3.698469642970135
2024-07-20,3.6827428590013667
2024-07-21,3.7352560420424425
2024-07-22,3.6339002816904404
2024-07-23,3.6182115031495776
2024-07-24,3.6857143321778016
2024-07-25,3.7210743021968713
2024-07-26,3.5951854052285928
2024-07-27,3.61310760814396
2024-07-28,3.7216668892973828
2024-07-29,3.70937997720257
2024-07-30,3.716342405909867
2024-07-31,3.6445008469898803
2024-08-01,3.6325908400871167
2024-08-02,3.5338727003685655
2024-08-03,3.602639213035503
2024-08-04,3.6501659714014347
2024-08-05,3.516062386149506
2024-08-06,3.735373055118025
2024-08-07,3.71404090483161
2024-08-08,3.727041901555318
2024-08-09,3.6633696274637817
2024-08-10,3.6835632496958772
2024-08-11,3.6747136173567627
2024-08-12,3.617271260526201
2024-08-13,3.601877503715884
2024-08-14,3.790118979374162
2024-08-15,3.827329307265752
2024-08-16,3.767513187113166
2024-08-17,3.7755583603769436
2024-08-18,3.786339400428449
2024-08-19,3.81397933888956
2024-08-20,3.800784926968533
2024-08-21,3.669307518622654
2024-08-22,3.65631931558748
2024-08-23,3.6868447507467956
2024-08-24,3.7668666188434266
2024-08-25,3.7911544115900315
2024-08-26,3.7082459407029926
2024-08-27,3.6146191447748075
2024-08-28,3.527009957597123
2024-08-29,3.639292073910181
2024-08-30,3.6828946498966473
2024-08-31,3.747859646680158
2024-09-01,3.6567722896360553
2024-09-02,3.633808223465692
2024-09-03,3.6561314599240173
2024-09-04,3.611201399888889
2024-09-05,3.550566874163767
2024-09-06,3.3523924108654777
2024-09-07,3.4615495369846863
2024-09-08,3.5165122665027853
2024-09-09,3.626349957759779
2024-09-10,3.6802612252267206
2024-09-11,3.5591898330350737
2024-09-12,3.493829527314699
2024-09-13,3.598683097908284
2024-09-14,3.5940073022812875
2024-09-15,3.572249449665909
2024-09-16,3.600135157312112
2024-09-17,3.5371684450228273
2024-09-18,3.5873840912117556
2024-09-19,3.6056307146935143
2024-09-20,3.6104317617303794
2024-09-21,3.633711239210914
2024-09-22,3.605090484178818
2024-09-23,3.5655004748665027
2024-09-24,3.568530709679912
2024-09-25,3.6199707207827223
2024-09-26,3.592395951094066
2024-09-27,3.532851385886759
2024-09-28,3.451230333893567
2024-09-29,3.618672825211392
2024-09-30,3.702136281310766
2024-10-01,3.5518336365227823
2024-10-02,3.614468849596346
2024-10-03,3.4995153507719046
2024-10-04,3.5897479994930976
2024-10-05,3.538674978351005
2024-10-06,3.6198066000056985
2024-10-07,3.599068436858457
2024-10-08,3.5399430733264103
2024-10-09,3.482671842388779
2024-10-10,3.5577002492694385
2024-10-11,3.4264071915083445
2024-10-12,3.612871351296706
2024-10-13,3.436297735672659
2024-10-14,3.567198847822758
2024-10-15,3.632655764032483
2024-10-16,3.5229137744788512
2024-10-17,3.5072230740708097
2024-10-18,3.31356543242886
2024-10-19,3.42649705879684
2024-10-20,3.5692445234644854
2024-10-21,3.5996671573665426
2024-10-22,3.6117195925298695
2024-10-23,3.6363861102768635
2024-10-24,3.5858925784522695
2024-10-25,3.4633497191725313
2024-10-26,3.45905334925286
2024-10-27,3.484697746250993
2024-10-28,3.6118682995518414
2024-10-29,3.661747861102839
2024-10-30,3.5207719225578775
2024-10-31,3.6655337195179216
2024-11-01,3.629873821428585
2024-11-02,3.6119909971485717
2024-11-03,3.7162514285088664
2024-11-04,3.6012276881039162
2024-11-05,3.630827817672625
2024-11-06,3.545931197457982
2024-11-07,3.678757528547593
2024-11-08,3.641717566730424
2024-11-09,3.629740733033493
2024-11-10,3.499528034496484
2024-11-11,3.531906533567621
2024-11-12,3.6478213849323797
2024-11-13,3.609918426606926
2024-11-14,3.6350377564405423
2024-11-15,3.3027218340427424
2024-11-16,3.367651304435459
2024-11-17,3.4745497181459593
2024-11-18,3.564687182947791
2024-11-19,3.5128469470297254
2024-11-20,3.6822434922990905
2024-11-21,3.6050646013725594
2024-11-22,3.6741709487844894
2024-11-23,3.664516862953765
2024-11-24,3.464532844730592
2024-11-25,3.5397427583143743
2024-11-26,3.49932776028281
2024-11-27,3.608839978598468
2024-11-28,3.6035504187387293
2024-11-29,3.5455998773291584
2024-11-30,3.4659503348667653
2024-12-01,3.639236786706175
2024-12-02,3.507798976726288
2024-12-03,3.5762211244738644
2024-12-04,3.617523431228912
2024-12-05,3.6237175863843096
2024-12-06,3.6085468928573996
2024-12-07,3.586679805497546
2024-12-08,3.4676093711200218
2024-12-09,3.3981034895027173
2024-12-10,3.558652264255695
2024-12-11,3.4595778114747224
2024-12-12,3.460916325859773
2024-12-13,3.5613107798912473
2024-12-14,3.494748432775836
2024-12-15,3.6038897186139187
2024-12-16,3.598490246976173
2024-12-17,3.53441244410479
2024-12-18,3.5404200503556993
2024-12-19,3.6491274198258945
2024-12-20,3.5811634463976936
2024-12-21,3.663501605100775
2024-12-22,3.6364083175729056
2024-12-23,3.6637769651239993
2024-12-24,3.6239512314865663
2024-12-25,3.625317159437454
2024-12-26,3.5427819466384456
2024-12-27,3.652689916718486
2024-12-28,3.5359855773412194
2024-12-29,3.5077153418503775
2024-12-30,3.6246953101314334
2024-12-31,3.643896306862356
2025-01-01,3.645861183986087
2025-01-02,3.580401030303088
2025-01-03,3.4642120699921066
2025-01-04,3.4812951607120493
2025-01-05,3.5774720534985405
2025-01-06,3.6231719955741633
2025-01-07,3.65129440347222
2025-01-08,3.5791873320843606
2025-01-09,3.510439553997123
2025-01-10,3.6151671365473597
2025-01-11,3.675450000256265
2025-01-12,3.62586074185296
2025-01-13,3.6246504237824833
2025-01-14,3.5115076878457456
2025-01-15,3.661910220343748
2025-01-16,3.6647203430438626
2025-01-17,3.569988819125969
2025-01-18,3.7488369396348107
2025-01-19,3.6056934396638662
2025-01-20,3.603077667804907
2025-01-21,3.599454645616692
2025-01-22,3.6010933803712772
2025-01-23,3.5949940183114637
2025-01-24,3.690371106753424
2025-01-25,3.6573714895638063
2025-01-26,3.58244536730031
2025-01-27,3.5812207774154676
2025-01-28,3.465337977192521
2025-01-29,3.6446860250682
2025-01-30,3.6419873554372115
2025-01-31,3.630609592619795
2025-02-01,3.6033440437344844
2025-02-02,3.626372667822932
2025-02-03,3.5591609750777797
2025-02-04,3.573295808573429
2025-02-05,3.5420599658537983
2025-02-06,3.6264625808201574
2025-02-07,3.521688282979665
2025-02-08,3.546129038510128
2025-02-09,3.6107889569956124
2025-02-10,3.51794774939091
2025-02-11,3.508184656691908
2025-02-12,3.3236268054600093
2025-02-13,3.4722013935714853
2025-02-14,3.346502237892006
2025-02-15,3.3203739759522493
2025-02-16,3.331479523766856
2025-02-17,3.3992973474226207
2025-02-18,3.4242698040926083
2025-02-19,3.5757919350349665
2025-02-20,3.5520442836718242
2025-02-21,3.6767199938006367
2025-02-22,3.6229596257190657
2025-02-23,3.6112004257649457
2025-02-24,3.5667019600458443
2025-02-25,3.5509281810316793
2025-02-26,3.635415525717817
2025-02-27,3.5867631777118496
2025-02-28,3.636790324116464
2025-03-01,3.5301647017425224
2025-03-02,3.5146812136064307
2025-03-03,3.682799242587984
2025-03-04,3.68948133244286
2025-03-05,3.652977989251735
2025-03-06,3.5429857009811103
2025-03-07,3.7421370602281874
2025-03-08,3.786970131575099
2025-03-09,3.6389845061449138
2025-03-10,3.688078744331559
2025-03-11,3.6777413113541346
2025-03-12,3.630945771506697
2025-03-13,3.5699439098912453
2025-03-14,3.632890227611087
2025-03-15,3.614514442020606
2025-03-16,3.6732301306690758
2025-03-17,3.6117055525094317
2025-03-18,3.677322613797223
2025-03-19,3.7270262488684267
2025-03-20,3.644882656037509
2025-03-21,3.646495461754555
2025-03-22,3.6452230695674546
2025-03-23,3.658829669903512
2025-03-24,3.7226967526008843
2025-03-25,3.6103931536260974
2025-03-26,3.701786975783525
2025-03-27,3.6597260209145865
2025-03-28,3.563616283206269
2025-03-29,3.713063895349943
2025-03-30,3.6766550493862336
2025-03-31,3.5967849188791385
2025-04-01,3.560972856393735
2025-04-02,3.5559283043592758
2025-04-03,3.637822552962256
2025-04-04,3.559952420746935
2025-04-05,3.6880846578654447
2025-04-06,3.708661181505814
2025-04-07,3.6629149001114305
2025-04-08,3.632716186441116
2025-04-09,3.6712269192368963
2025-04-10,3.683824621185053
2025-04-11,3.488863195315069
2025-04-12,3.6635449902573614
2025-04-13,3.664279238190298
2025-04-14,3.6730854967057716
2025-04-15,3.633698636387993
2025-04-16,3.6323460892399013
2025-04-17,3.713274013326632
2025-04-18,3.691198614732305
2025-04-19,3.5560226397900023
2025-04-20,3.7650692843101368
2025-04-21,3.4470953564337585
2025-04-22,3.4871775766105753
2025-04-23,3.5316149975917512
2025-04-24,3.560769575536862
2025-04-25,3.583950853927951
2025-04-26,3.506923680874229
2025-04-27,3.5476603696876383
2025-04-28,3.622663053489679
2025-04-29,3.735191652586636
2025-04-30,3.681805084009687
2025-05-01,3.617524676511291
2025-05-02,3.747096063707527
2025-05-03,3.73009226739691
2025-05-04,3.725398152831897
2025-05-05,3.633259911392953
2025-05-06,3.603369703118531
2025-05-07,3.6113583094637574
2025-05-08,3.5814469726990343
2025-05-09,3.515131138968688
2025-05-10,3.393947990043043
2025-05-11,3.502521846133668
2025-05-12,3.5182578945713785
2025-05-13,3.60708117730838
2025-05-14,3.6184748777058053
2025-05-15,3.5505251336472448
2025-05-16,3.5208437286606933
2025-05-17,3.4856327665515017
2025-05-18,3.24225790887673
2025-05-19,3.338431342352523
2025-05-20,3.537468966546486
2025-05-21,3.6178662436307856
2025-05-22,3.6180071088296732
2025-05-23,3.639162622373606
2025-05-24,3.6274033483504406
2025-05-25,3.6647221746054224
2025-05-26,3.658697265691662
2025-05-27,3.7549917300454365
2025-05-28,3.620015160134841
2025-05-29,3.5520547541525005
2025-05-30,3.5775162103342604
2025-05-31,3.417969537606179
2025-06-01,3.5920833881510084
2025-06-02,3.6295031655456587
2025-06-03,3.729823253050755
2025-06-04,3.678029280108929
2025-06-05,3.5132180611461457
2025-06-06,3.5329322137685097
2025-06-07,3.5558738947215605
2025-06-08,3.6180259042769802
2025-06-09,3.6391875940471534
2025-06-10,3.649173857856655
2025-06-11,3.662718250828272
2025-06-12,3.6275202578465793
2025-06-13,3.5525020722502276
2025-06-14,3.430113697284707
2025-06-15,1.9219280948873623
2025-06-16,0.9182958340544896
2025-06-17,1.7961796919474975
2025-06-18,1.7924812503605778
2025-06-19,0.0
2025-06-20,
2025-06-21,2.0588138903312014
2025-06-22,1.584962500721156
2025-06-23,1.9219280948873623
2025-06-24,1.6171895725927152
2025-06-25,1.6688388898504305
2025-06-26,2.1174924611847548
2025-06-27,2.4464393446710155
2025-06-28,1.8910611120726526
2025-06-29,0.9182958340544896
2025-06-30,2.3911197773146977
2025-07-01,3.2873017372529416
2025-07-02,3.627513607575557
2025-07-03,3.581730422621159
2025-07-04,3.5263239309731182
2025-07-05,3.529466835590282
2025-07-06,3.6137883205673504
2025-07-07,3.6005736375660593
2025-07-08,3.624796596985035
2025-07-09,3.6164763939827442
2025-07-10,3.5474754187093787
2025-07-11,3.5075995807704214
2025-07-12,3.591591638811584
2025-07-13,3.6204252552608387
2025-07-14,3.621810469415051
2025-07-15,3.563503201535663
2025-07-16,3.576374990191865
2025-07-17,3.5059885510251187
2025-07-18,3.506788298784421
2025-07-19,3.5298509594409344
2025-07-20,3.525827562710382
2025-07-21,3.5425004920096996
2025-07-22,3.547179382398155
2025-07-23,3.5987137033485936
2025-07-24,3.560659224023283
2025-07-25,3.43428939430145
2025-07-26,3.515065475003762
2025-07-27,3.5877347933566703
2025-07-28,3.6236453222377394
2025-07-29,3.6415727107226816
2025-07-30,3.6106941480403627
2025-07-31,3.6335575382428273
2025-08-01,3.5902914690324237
2025-08-02,3.6703423963949238
2025-08-03,3.63697565683755
2025-08-04,3.704367180044464
2025-08-05,3.6277926333501958
2025-08-06,3.6681218215745375
2025-08-07,3.620561059875859
2025-08-08,3.657142119452284
2025-08-09,3.542862063581894
2025-08-10,3.4604364079912795
2025-08-11,3.3793479873460432
2025-08-12,3.5846782071058043
2025-08-13,3.262889436147894
2025-08-14,3.289688672910666
2025-08-15,3.482057835475936
2025-08-16,3.351583871134882
2025-08-17,3.167486207964003
2025-08-18,3.3845247868876207
2025-08-19,3.431578605017674
2025-08-20,3.6510564209529246
2025-08-21,3.6894804866351993
2025-08-22,3.6048557395427188
2025-08-23,3.60956979046156
2025-08-24,3.5975506413036973
2025-08-25,3.50490062920423
2025-08-26,3.564992586568367
2025-08-27,3.5989419293482015
2025-08-28,3.5540621731898248
2025-08-29,3.557841447711322
2025-08-30,3.5315874677186443
2025-08-31,3.66887708876528
2025-09-01,3.646718103344157
2025-09-02,3.604543626935447
2025-09-03,3.5849083415907845
2025-09-04,3.6259238279511683
2025-09-05,3.7349007775601466
2025-09-06,3.6650626872629912
2025-09-07,3.66169843388838
2025-09-08,3.7414639433653734
2025-09-09,3.678613572314138
2025-09-10,3.6913027719047946
2025-09-11,3.682209201678709
2025-09-12,3.673929202496878
2025-09-13,3.7182603062810924
2025-09-14,3.631023438854836
2025-09-15,3.7025111160651107
2025-09-16,3.6670693353732884
2025-09-17,3.743083136614945
2025-09-18,3.621564049185121
2025-09-19,3.6345566941098753
2025-09-20,3.754592195642916
2025-09-21,3.5937725974253185
2025-09-22,3.5894018857510455
2025-09-23,3.6315219186730716
2025-09-24,3.5991070408859356
2025-09-25,3.6355135916287113
2025-09-26,3.608341879862646
2025-09-27,3.749941195132104
2025-09-28,3.6118223852183706
2025-09-29,3.5657583627658624
2025-09-30,3.639722117565822
2025-10-01,3.6939912660803453
2025-10-02,3.6299994123578325
2025-10-03,3.655113177530929
2025-10-04,3.680381806755105
2025-10-05,3.472138781631455
2025-10-06,3.6262364177487867
2025-10-07,3.6679095959600625
2025-10-08,3.742471134753901
2025-10-09,3.611471270448693
2025-10-10,3.6495439891647488
2025-10-11,3.6862594742407606
2025-10-12,3.667644221569698
2025-10-13,3.496158688913287
2025-10-14,3.59008256972994
2025-10-15,3.6361698516312986
2025-10-16,3.626988344178513
2025-10-17,3.6150548706039323
2025-10-18,3.5380503759412796
2025-10-19,3.662322628309682
2025-10-20,3.6399822318226973
2025-10-21,3.5856198590113175
2025-10-22,3.5880671746788315
2025-10-23,3.6268817878346375
2025-10-24,3.6165563136374947
2025-10-25,3.6399183312396874
2025-10-26,3.5274685784721225
2025-10-27,3.6235248824921396
2025-10-28,3.6265750180059553
2025-10-29,3.6471724202133236
2025-10-30,3.5438392263325675
2025-10-31,3.53223764302676
2025-11-01,3.5275942225790287
2025-11-02,3.505911488146577
2025-11-03,3.620403755035565
2025-11-04,3.5722194307247905
2025-11-05,3.693150977758504
2025-11-06,3.615304603538938
2025-11-07,3.5609847512231134
2025-11-08,3.606999175719179
2025-11-09,3.649300654291466
2025-11-10,3.661049068675177
2025-11-11,3.67198255688367
2025-11-12,3.6189812210417074
2025-11-13,3.585428235536733
2025-11-14,3.629775661962154
2025-11-15,3.5971535091189994
2025-11-16,3.64169237653072
2025-11-17,3.7092178107408498
2025-11-18,3.579883084922352
2025-11-19,3.556794254716387
2025-11-20,3.634416768769953
2025-11-21,3.391140327208351
2025-11-22,3.233116039536612
2025-11-23,3.2525922843977813
2025-11-24,3.4539045735067
2025-11-25,3.592029819537856
2025-11-26,3.5570009426129587
2025-11-27,3.6162347884326516
2025-11-28,3.538903552327977
2025-11-29,3.745755531324865
2025-11-30,3.6148592190415796
2025-12-01,3.5369954836617232
2025-12-02,3.564559162853598
2025-12-03,3.5100116631328753
2025-12-04,3.488912118820209
2025-12-05,3.5175142866047437
2025-12-06,3.3799863168821616
2025-12-07,3.325522774557267
2025-12-08,3.3515239908417764
2025-12-09,3.5390483867639997
2025-12-10,3.4188939953056146
2025-12-11,3.4534618820591083
2025-12-12,3.4867072468897153
2025-12-13,3.360248762109786
2025-12-14,3.2573310738919647
2025-12-15,3.400264975041455
2025-12-16,3.3825617193868216
2025-12-17,3.523527594270165
2025-12-18,3.5877255318486148
2025-12-19,3.556925610034504
2025-12-20,3.576347934971434
2025-12-21,3.6047442970946593
2025-12-22,3.6804656550368406
2025-12-23,3.697923605871575
2025-12-24,3.703568328865332
2025-12-25,3.6235829023733106
2025-12-26,3.6634915191667767
2025-12-27,3.417137194717682
2025-12-28,3.457964606473388
2025-12-29,3.5892683986244305
2025-12-30,3.7014161605550817
2025-12-31,3.6150480891997616
