date,value
2015-02-18,-2.5217212969867715
2015-02-19,-1.645183608685819
2015-02-20,-1.5685557986034955
2015-02-21,-1.4173382055880104
2015-02-22,-1.626416611015228
2015-02-23,-1.788393944884774
2015-02-24,-1.8938495517549145
2015-02-25,-1.9364052658001931
2015-02-26,-1.913114078734727
2015-02-27,-1.6872710973842255
2015-02-28,-2.6758543470824407
2015-03-01,-2.1841777689861486
2015-03-02,-1.8459779837378725
2015-03-03,-1.374245725117304
2015-03-04,-1.3441595191061197
2015-03-05,-1.449084294217251
2015-03-06,-1.4809984412749055
2015-03-07,-1.7400402361014573
2015-03-08,-1.9477876597942891
2015-03-09,-1.675171351814173
2015-03-10,-1.7353164194113266
2015-03-11,-1.8696058455107787
2015-03-12,-2.0525402078816746
2015-03-13,-2.05575532755229
2015-03-14,-1.9427496498884609
2015-03-15,-1.6284302455265929
2015-03-16,-1.186167957942275
2015-03-17,-1.305737204050764
2015-03-18,-2.418865849781874
2015-03-19,-1.9628673137831971
2015-03-20,-1.4800888440487683
2015-03-21,-1.6074987345885583
2015-03-22,-1.7574239365378934
2015-03-23,-1.6899241409812125
2015-03-24,-2.4113434693118836
2015-03-25,-2.2689319558056633
2015-03-26,-2.0423572224943913
2015-03-27,-2.491233908173513
2015-03-28,-2.5004477694441185
2015-03-29,-2.363111959546394
2015-03-30,-2.1742392351902127
2015-03-31,-1.9790690411474892
2015-04-01,-1.752211934384366
2015-04-02,-1.9730826361044307
2015-04-03,-1.640506985186619
2015-04-04,-2.173925286866095
2015-04-05,-2.2029870920115098
2015-04-06,-2.0118197523564865
2015-04-07,-2.3117134900700993
2015-04-08,-1.802548523999741
2015-04-09,-1.8084396471660393
2015-04-10,-1.3666614935727923
2015-04-11,-1.7748278280356387
2015-04-12,-1.162247699953427
2015-04-13,-1.5958473807923583
2015-04-14,-1.7395337941700877
2015-04-15,-1.634537130897584
2015-04-16,-1.7560095743480408
2015-04-17,-1.770223705067688
2015-04-18,-1.7652148877240375
2015-04-19,-2.1457618796087563
2015-04-20,-2.3887796169873754
2015-04-21,-2.432879333444396
2015-04-22,-2.125122884533359
2015-04-23,-2.119832920182093
2015-04-24,-2.366659824251114
2015-04-25,-2.2600598576434896
2015-04-26,-2.2647266910074437
2015-04-27,-1.8129213779106828
2015-04-28,-1.494844737716964
2015-04-29,-1.4672467426853129
2015-04-30,-2.002789172865979
2015-05-01,-2.1094521099937027
2015-05-02,-2.320978806191864
2015-05-03,-1.8347558428375705
2015-05-04,-1.758245000427217
2015-05-05,-1.7191334378447978
2015-05-06,-2.41538847479662
2015-05-07,-1.8516664285557831
2015-05-08,-1.7551509158782483
2015-05-09,-1.4711137182033551
2015-05-10,-1.5838379412144552
2015-05-11,-1.3581404313811272
2015-05-12,-1.170156843180279
2015-05-13,-1.2752047379546707
2015-05-14,-1.5146264696627667
2015-05-15,-1.517769038233088
2015-05-16,-1.7499931159567386
2015-05-17,-1.5822874039369095
2015-05-18,-1.7463464872072918
2015-05-19,-1.592094800469279
2015-05-20,-1.634874945440475
2015-05-21,-1.3703573142759764
2015-05-22,-0.9536451001949108
2015-05-23,-1.2654884266051258
2015-05-24,-1.7115187493001633
2015-05-25,-1.35429764174529
2015-05-26,-1.231896730861671
2015-05-27,-1.332963259994539
2015-05-28,-1.212653433513762
2015-05-29,-1.0961530173981386
2015-05-30,-1.428460687017842
2015-05-31,-1.1846869960472923
2015-06-01,-1.4744423938187257
2015-06-02,-1.3925755497930479
2015-06-03,-1.3008598139318956
2015-06-04,-1.4797330774556745
2015-06-05,-1.5857434707645834
2015-06-06,-2.138273662481056
2015-06-07,-1.9331652812322064
2015-06-08,-1.4686298436154475
2015-06-09,-1.4475711008171734
2015-06-10,-1.4481813090211049
2015-06-11,-1.7071713428071584
2015-06-12,-1.9348156089005724
2015-06-13,-1.6697413060333735
2015-06-14,-1.6709843960747033
2015-06-15,-1.376311613581633
2015-06-16,-1.7741056755260929
2015-06-17,-1.7127038443201248
2015-06-18,-1.5951292190828166
2015-06-19,-1.195029540414147
2015-06-20,-2.6035759706496857
2015-06-21,-3.1637039729157395
2015-06-22,-2.6376770571718056
2015-06-23,-1.9023959633591838
2015-06-24,-1.4473762899129514
2015-06-25,-1.4704201728081723
2015-06-26,-2.0071369625069715
2015-06-27,-2.1247614741975522
2015-06-28,-1.77520417172762
2015-06-29,-1.9212496976094777
2015-06-30,-1.62686566915301
2015-07-01,-1.645726765045093
2015-07-02,-1.961484824969424
2015-07-03,-1.611775979495712
2015-07-04,-1.6155833690506813
2015-07-05,-1.5914697484789904
2015-07-06,-1.4781695904961776
2015-07-07,-1.7251450821106342
2015-07-08,-1.4949423251894298
2015-07-09,-1.3259071855334372
2015-07-10,-2.217912317362475
2015-07-11,-1.6986462555596216
2015-07-12,-1.5490695840422866
2015-07-13,-1.3678391537175199
2015-07-14,-1.0782794623061671
2015-07-15,-1.9768825622708486
2015-07-16,-1.6692217377209468
2015-07-17,-1.19785464039389
2015-07-18,-1.7223242026248324
2015-07-19,-1.6781526262666926
2015-07-20,-1.9522183853397097
2015-07-21,-1.781215714764788
2015-07-22,-1.4649485083139122
2015-07-23,-1.4736871597596686
2015-07-24,-1.633132842163037
2015-07-25,-2.4018449261501873
2015-07-26,-2.500398600234615
2015-07-27,-2.182092397221689
2015-07-28,-1.7418408253387654
2015-07-29,-1.9334332341156504
2015-07-30,-1.7593976230362662
2015-07-31,-1.8550527127465768
2015-08-01,-1.8394916255898546
2015-08-02,-2.0558479990887353
2015-08-03,-1.5916880604762051
2015-08-04,-1.9999404137850938
2015-08-05,-2.0278671878479937
2015-08-06,-1.7646862559380676
2015-08-07,-2.117494465619561
2015-08-08,-2.2390763967556007
2015-08-09,-2.106325561993445
2015-08-10,-2.1480126250991156
2015-08-11,-1.6135461747365938
2015-08-12,-1.202031699361761
2015-08-13,-1.8599291615808344
2015-08-14,-1.7596874042977968
2015-08-15,-1.9630800638572004
2015-08-16,-2.080219430985185
2015-08-17,-1.8356884373260136
2015-08-18,-2.1059728593031033
2015-08-19,-1.8444399312364899
2015-08-20,-2.0258057988464104
2015-08-21,-2.277950184486765
2015-08-22,-3.0692599996186942
2015-08-23,-3.0472889099262943
2015-08-24,-3.1450573551235537
2015-08-25,-2.90820350549276
2015-08-26,-3.0624374456196186
2015-08-27,-2.658716514729413
2015-08-28,-2.652203368703324
2015-08-29,-3.005117960308641
2015-08-30,-2.5348266200189404
2015-08-31,-2.6487301031818142
2015-09-01,-2.7139499183826956
2015-09-02,-2.592752159769565
2015-09-03,-2.8533293938908963
2015-09-04,-2.9301426646602016
2015-09-05,-3.3567020008134376
2015-09-06,-3.084273656093711
2015-09-07,-3.0247768852079906
2015-09-08,-2.9507202869029245
2015-09-09,-2.7078754922267643
2015-09-10,-2.3739002215933716
2015-09-11,-2.5960655536172728
2015-09-12,-2.7944847093163383
2015-09-13,-2.6151951088257372
2015-09-14,-2.749460287747803
2015-09-15,-2.6474867650027676
2015-09-16,-2.59983043012983
2015-09-17,-2.9577132549830996
2015-09-18,-2.8961377358210942
2015-09-19,-2.382076501785202
2015-09-20,-2.5482224993241127
2015-09-21,-2.3861494960317122
2015-09-22,-2.6571854665433277
2015-09-23,-2.4049054910841368
2015-09-24,-2.236791494494436
2015-09-25,-2.2980926957392356
2015-09-26,-2.2401812414522135
2015-09-27,-2.358620561636201
2015-09-28,-2.7632153500662993
2015-09-29,-2.397774644899294
2015-09-30,-2.4050925899090303
2015-10-01,-2.397814232592032
2015-10-02,-2.023720552050238
2015-10-03,-1.7209113015929995
2015-10-04,-1.7851719961168455
2015-10-05,-1.4711784155771543
2015-10-06,-1.6481474201191966
2015-10-07,-2.263056618863661
2015-10-08,-2.356354973388835
2015-10-09,-2.3291953437625943
2015-10-10,-2.7479345374396167
2015-10-11,-2.5595616537007975
2015-10-12,-2.1155863728963973
2015-10-13,-1.8050781794724229
2015-10-14,-1.987416788063851
2015-10-15,-1.926961492784868
2015-10-16,-2.137700610894739
2015-10-17,-2.5468934928292053
2015-10-18,-2.7421378819348603
2015-10-19,-2.5440052120410424
2015-10-20,-2.545446106899555
2015-10-21,-2.686953435828853
2015-10-22,-3.6893802068324164
2015-10-23,-2.612501837439129
2015-10-24,-2.6612117502888784
2015-10-25,-2.8130616758582074
2015-10-26,-2.067130127198963
2015-10-27,-1.8485564862586767
2015-10-28,-2.087155741220849
2015-10-29,-1.96989394484784
2015-10-30,-2.266939245665182
2015-10-31,-2.554889959711019
2015-11-01,-2.7277955774262623
2015-11-02,-2.116588135784274
2015-11-03,-2.1774627028921194
2015-11-04,-2.035745423665123
2015-11-05,-2.110717226644672
2015-11-06,-2.174264748526194
2015-11-07,-2.599290733007552
2015-11-08,-2.44050706305367
2015-11-09,-2.0074978834685924
2015-11-10,-1.8257671834015854
2015-11-11,-1.6375276380471644
2015-11-12,-1.7601087041249077
2015-11-13,-2.2579642900247605
2015-11-14,-4.104252982981182
2015-11-15,-3.684283916347696
2015-11-16,-3.206803238116257
2015-11-17,-2.998887648520016
2015-11-18,-2.387979465268347
2015-11-19,-2.364821425797535
2015-11-20,-2.339191777846827
2015-11-21,-2.186325205853205
2015-11-22,-2.366052075035877
2015-11-23,-2.179892373078632
2015-11-24,-2.2492154334234122
2015-11-25,-2.2171251766278885
2015-11-26,-2.3124090070717025
2015-11-27,-2.5764382599753963
2015-11-28,-2.4646828515554504
2015-11-29,-2.267810311199192
2015-11-30,-1.8638319655447129
2015-12-01,-1.7839457809572878
2015-12-02,-1.9687906231377603
2015-12-03,-1.8606186299877439
2015-12-04,-1.8400119474417886
2015-12-05,-2.0416198522429063
2015-12-06,-2.1706784186531096
2015-12-07,-2.0919815564441127
2015-12-08,-2.065481516094871
2015-12-09,-2.2285593296215875
2015-12-10,-2.1598431889304104
2015-12-11,-1.8838866430106074
2015-12-12,-2.0305836406385773
2015-12-13,-2.4168838140325097
2015-12-14,-1.7678166821850672
2015-12-15,-1.9624052372159129
2015-12-16,-2.201349869643776
2015-12-17,-1.7572815841190437
2015-12-18,-1.879932721071347
2015-12-19,-2.133631828600854
2015-12-20,-2.042506442809267
2015-12-21,-1.9129401877365868
2015-12-22,-2.129392750543706
2015-12-23,-2.5138309303771353
2015-12-24,-1.940142174887882
2015-12-25,-2.0808129406414215
2015-12-26,-2.6932743112065918
2015-12-27,-2.4122860293294393
2015-12-28,-1.912722159343784
2015-12-29,-2.3975053200157563
2015-12-30,-2.410478607870494
2015-12-31,-2.500849120448257
2016-01-01,-3.2174529335320314
2016-01-02,-3.0103197238913393
2016-01-03,-2.941425342700438
2016-01-04,-2.6499460827393273
2016-01-05,-3.3445908795283184
2016-01-06,-3.6476779390805616
2016-01-07,-3.4687585826487277
2016-01-08,-4.208413479786419
2016-01-09,-4.879018015222165
2016-01-10,-4.538600543562304
2016-01-11,-3.548633291619382
2016-01-12,-4.219874362751444
2016-01-13,-3.9899165249400355
2016-01-14,-3.559769803083046
2016-01-15,-3.12285410602005
2016-01-16,-3.2090381775901773
2016-01-17,-3.250183975933317
2016-01-18,-2.890171927549144
2016-01-19,-3.095489682699286
2016-01-20,-3.0076685692998963
2016-01-21,-2.488285874048178
2016-01-22,-2.6528660499255703
2016-01-23,-3.1103284018154223
2016-01-24,-2.6255914491766386
2016-01-25,-2.1748255380054045
2016-01-26,-2.326363491292977
2016-01-27,-2.9066873875497303
2016-01-28,-2.621228487148409
2016-01-29,-2.8675393319400553
2016-01-30,-2.8375374602119825
2016-01-31,-3.185925067012353
2016-02-01,-2.4811129572604558
2016-02-02,-2.1352115590162226
2016-02-03,-2.162110709522742
2016-02-04,-2.701881979590921
2016-02-05,-2.6604919652326315
2016-02-06,-2.8433451557271128
2016-02-07,-2.69170445300517
2016-02-08,-2.7031893263557483
2016-02-09,-3.1828975592545854
2016-02-10,-2.610657164911738
2016-02-11,-2.576443342143309
2016-02-12,-2.2881092412065644
2016-02-13,-2.197606894961822
2016-02-14,-2.2543811126254516
2016-02-15,-2.3336742162211204
2016-02-16,-2.297220704598393
2016-02-17,-2.0819138918515105
2016-02-18,-2.21733055672702
2016-02-19,-2.3177201294415495
2016-02-20,-2.275260278178965
2016-02-21,-3.0026315553195793
2016-02-22,-2.680799651818159
2016-02-23,-2.3432969870602705
2016-02-24,-2.5210033352261076
2016-02-25,-2.476964326089755
2016-02-26,-2.3272175784752416
2016-02-27,-2.444614873545092
2016-02-28,-2.683701934218004
2016-02-29,-2.5476658793038665
2016-03-01,-2.601612075680318
2016-03-02,-2.3538689950868035
2016-03-03,-2.111496595087386
2016-03-04,-2.2240556574168306
2016-03-05,-2.409858294001687
2016-03-06,-2.4313018173575247
2016-03-07,-2.262088761882416
2016-03-08,-2.102150693459191
2016-03-09,-1.974387173530175
2016-03-10,-1.948303965173058
2016-03-11,-2.0532573216044603
2016-03-12,-2.358861269630629
2016-03-13,-2.174108844520146
2016-03-14,-1.957279446151062
2016-03-15,-2.1333664302759456
2016-03-16,-2.1075587204252466
2016-03-17,-2.3345242628334955
2016-03-18,-2.096026715153576
2016-03-19,-2.784808885226638
2016-03-20,-2.209801966248632
2016-03-21,-2.040931608957308
2016-03-22,-2.6887566074546942
2016-03-23,-2.7074768573916677
2016-03-24,-2.3106319599989558
2016-03-25,-2.816344719839399
2016-03-26,-2.864335529477699
2016-03-27,-2.8240909166427524
2016-03-28,-2.591857803245663
2016-03-29,-2.158810088755673
2016-03-30,-1.8938214309184558
2016-03-31,-1.9970188423861346
2016-04-01,-1.8791237279450828
2016-04-02,-1.9605287797165407
2016-04-03,-2.8572485921178608
2016-04-04,-2.519058872672118
2016-04-05,-2.278382212012974
2016-04-06,-2.1172968790652034
2016-04-07,-2.2488878406552444
2016-04-08,-2.0270826465775897
2016-04-09,-2.06557474641709
2016-04-10,-2.4197298771746523
2016-04-11,-2.034379853114907
2016-04-12,-2.0717811162507296
2016-04-13,-1.9645472165871334
2016-04-14,-2.108328929954493
2016-04-15,-2.3919676054652146
2016-04-16,-2.4623629269043747
2016-04-17,-2.103156897460318
2016-04-18,-1.4733865645692568
2016-04-19,-2.46188702005704
2016-04-20,-1.7930858555462499
2016-04-21,-1.468631348921746
2016-04-22,-1.620130926738501
2016-04-23,-1.5439209755460968
2016-04-24,-1.4784898926045413
2016-04-25,-1.3870506107288736
2016-04-26,-1.4353226516334738
2016-04-27,-1.6517510472837347
2016-04-28,-1.7314871409371049
2016-04-29,-1.6336510989928743
2016-04-30,-2.0275024464099034
2016-05-01,-1.9322369391504362
2016-05-02,-1.5757367901068866
2016-05-03,-1.978036154397927
2016-05-04,-1.9519573013683804
2016-05-05,-1.6444342946287296
2016-05-06,-1.5754870393500602
2016-05-07,-2.1340821038193494
2016-05-08,-2.0920550862376905
2016-05-09,-1.4325439270035782
2016-05-10,-2.494547462550419
2016-05-11,-1.9508055592449483
2016-05-12,-1.52207916626119
2016-05-13,-1.5837518455184618
2016-05-14,-2.0420168511557892
2016-05-15,-2.4603004078828308
2016-05-16,-1.95462721539264
2016-05-17,-1.891078904778372
2016-05-18,-1.5797056252845147
2016-05-19,-1.5054400355889908
2016-05-20,-1.4945393341609137
2016-05-21,-1.6220979062228182
2016-05-22,-1.8640712457330988
2016-05-23,-1.6699328737674735
2016-05-24,-1.6519790885382164
2016-05-25,-1.534709581707472
2016-05-26,-1.5023399769461503
2016-05-27,-1.5926331694959992
2016-05-28,-1.9074826709792798
2016-05-29,-2.217701052275698
2016-05-30,-2.0115932203354534
2016-05-31,-2.224194224585847
2016-06-01,-2.3611169284133355
2016-06-02,-2.913691564243455
2016-06-03,-2.9936335127284517
2016-06-04,-2.498558235551467
2016-06-05,-2.6210464495878436
2016-06-06,-2.0300715711450126
2016-06-07,-2.004175524679229
2016-06-08,-2.055960734765262
2016-06-09,-2.44810950949663
2016-06-10,-1.7954770534632278
2016-06-11,-2.0465217303824432
2016-06-12,-1.9186432233048647
2016-06-13,-1.6928269377003315
2016-06-14,-1.374073406430043
2016-06-15,-1.592052324901737
2016-06-16,-1.888129102909511
2016-06-17,-2.202744056915845
2016-06-18,-2.2331507841231475
2016-06-19,-2.0586332367563145
2016-06-20,-1.7984811846055104
2016-06-21,-1.6191870035687426
2016-06-22,-1.742170851108606
2016-06-23,-3.0445141722742424
2016-06-24,-1.833479254098675
2016-06-25,-1.7179645123605138
2016-06-26,-1.6173732593137453
2016-06-27,-1.2138405619472599
2016-06-28,-1.4038786006558768
2016-06-29,-2.0139798734296686
2016-06-30,-1.534047981376018
2016-07-01,-1.6613100022381941
2016-07-02,-2.1628722121340775
2016-07-03,-1.9080388372113664
2016-07-04,-1.5321553748173073
2016-07-05,-1.5336763902989057
2016-07-06,-1.4074951042449764
2016-07-07,-1.905866018349562
2016-07-08,-1.647679449232242
2016-07-09,-1.589430892125971
2016-07-10,-2.546791620889445
2016-07-11,-2.3270037972088615
2016-07-12,-1.8898574942853144
2016-07-13,-1.9003925108853519
2016-07-14,-1.5277233727384427
2016-07-15,-2.127560865447594
2016-07-16,-2.082466562855039
2016-07-17,-2.4466617376456963
2016-07-18,-3.1746472413750917
2016-07-19,-3.9532607305151
2016-07-20,-2.4548606814507306
2016-07-21,-2.021787346625744
2016-07-22,-4.074719775567945
2016-07-23,-5.608210458528184
2016-07-24,-5.514276213345417
2016-07-25,-5.5220504729110615
2016-07-26,-4.244800039119059
2016-07-27,-3.9764130795408823
2016-07-28,-3.9189466663227557
2016-07-29,-2.9656206569588335
2016-07-30,-3.131817215536006
2016-07-31,-3.038167661659353
2016-08-01,-2.5370557508951634
2016-08-02,-2.523210700596104
2016-08-03,-2.940053730272418
2016-08-04,-2.557190093830121
2016-08-05,-2.447094051778753
2016-08-06,-2.850905475251561
2016-08-07,-2.665035508515419
2016-08-08,-2.4425919986869675
2016-08-09,-2.7505253334383752
2016-08-10,-3.2148350832421566
2016-08-11,-3.190150616823621
2016-08-12,-2.453703794989155
2016-08-13,-2.6805329169612455
2016-08-14,-3.018177427962518
2016-08-15,-2.47521169115492
2016-08-16,-2.6713887272723786
2016-08-17,-2.92354588408632
2016-08-18,-2.5574426812935687
2016-08-19,-2.3925354559710064
2016-08-20,-2.018982337098145
2016-08-21,-2.5439529379039856
2016-08-22,-2.10972590585079
2016-08-23,-1.936427107747819
2016-08-24,-1.7740036418247622
2016-08-25,-2.1318204731239008
2016-08-26,-1.8019314220586342
2016-08-27,-1.996133555248048
2016-08-28,-2.1870219181083974
2016-08-29,-2.0425740607717215
2016-08-30,-1.5799250245797725
2016-08-31,-1.8530883740833675
2016-09-01,-1.8134444649270867
2016-09-02,-1.9850597116907884
2016-09-03,-1.753930727204256
2016-09-04,-1.827796840613096
2016-09-05,-1.5597740974897503
2016-09-06,-1.4691453007935498
2016-09-07,-1.4514902734759434
2016-09-08,-1.2845526641394922
2016-09-09,-1.6957226466996898
2016-09-10,-2.1640101750136975
2016-09-11,-2.0614298919715863
2016-09-12,-1.662314956362248
2016-09-13,-2.8832041153598498
2016-09-14,-1.824063342711478
2016-09-15,-2.357534553795331
2016-09-16,-2.1928459104167706
2016-09-17,-2.0765853043969797
2016-09-18,-1.9629859118299524
2016-09-19,-1.9044394284492248
2016-09-20,-1.9833928305457513
2016-09-21,-2.1493165053783363
2016-09-22,-1.7204391133789207
2016-09-23,-1.4896673885062464
2016-09-24,-2.1362983616577553
2016-09-25,-1.8419449440945597
2016-09-26,-1.5901446118434461
2016-09-27,-1.78050332543889
2016-09-28,-1.8555828797108143
2016-09-29,-1.7903668065089329
2016-09-30,-2.3955305021608684
2016-10-01,-2.465103185595106
2016-10-02,-2.2738714445928836
2016-10-03,-1.5084584723984609
2016-10-04,-1.6804822838179512
2016-10-05,-1.7006100999024094
2016-10-06,-1.7200783160522175
2016-10-07,-1.7800844324107281
2016-10-08,-3.3200792551351417
2016-10-09,-3.1741726803402135
2016-10-10,-3.335521558251601
2016-10-11,-2.321110413054264
2016-10-12,-2.2296558752250553
2016-10-13,-3.0153667358471443
2016-10-14,-2.2338513367002366
2016-10-15,-2.2687935947660796
2016-10-16,-1.8237323373860914
2016-10-17,-2.3812229132145726
2016-10-18,-1.8103600946054428
2016-10-19,-1.850598848593709
2016-10-20,-1.9139771398187158
2016-10-21,-1.6666759720516975
2016-10-22,-1.7828144410356788
2016-10-23,-1.7129569249498595
2016-10-24,-1.8556637741048474
2016-10-25,-2.134495550975713
2016-10-26,-1.7298477498013671
2016-10-27,-1.7249322595242538
2016-10-28,-1.661499110914424
2016-10-29,-1.9106411147424
2016-10-30,-2.212232543870765
2016-10-31,-1.6179171871533427
2016-11-01,-1.5550539518106
2016-11-02,-1.9014914239832965
2016-11-03,-2.4285961896777053
2016-11-04,-2.469271197590349
2016-11-05,-2.6002395469793673
2016-11-06,-2.2280177780082004
2016-11-07,-2.315826783971323
2016-11-08,-2.4169644674938384
2016-11-09,-1.0694502044756513
2016-11-10,-1.5262218735829287
2016-11-11,-2.2802419421294053
2016-11-12,-2.2575909562443592
2016-11-13,-1.8651877681225046
2016-11-14,-1.367031645216401
2016-11-15,-1.6394814647074214
2016-11-16,-1.4907971741901567
2016-11-17,-0.9851439276812698
2016-11-18,-1.3023377961459528
2016-11-19,-1.312721795650039
2016-11-20,-1.104957675596896
2016-11-21,-1.4378586232303028
2016-11-22,-1.7384584790279707
2016-11-23,-1.8415508782300742
2016-11-24,-1.6276308140409115
2016-11-25,-1.928666729105844
2016-11-26,-1.8962661988634195
2016-11-27,-1.8963174719596048
2016-11-28,-1.6957651665245683
2016-11-29,-1.5663884234944698
2016-11-30,-1.6758272715143936
2016-12-01,-1.4851468250748259
2016-12-02,-1.638856113738954
2016-12-03,-1.9308145277758524
2016-12-04,-1.700273590054272
2016-12-05,-1.9565212162726264
2016-12-06,-2.2081270037667364
2016-12-07,-1.823807455090095
2016-12-08,-1.9564945590783032
2016-12-09,-2.115743111033916
2016-12-10,-2.2654457850277954
2016-12-11,-1.874173594657465
2016-12-12,-1.7709300056775539
2016-12-13,-1.9918042865071055
2016-12-14,-1.8492951313696269
2016-12-15,-2.4619531000899864
2016-12-16,-2.4024106270956938
2016-12-17,-2.7274129761995836
2016-12-18,-2.5836419123936487
2016-12-19,-3.1790627088659127
2016-12-20,-5.016053395437154
2016-12-21,-4.6109231141168
2016-12-22,-4.538624624355438
2016-12-23,-4.9260713257750615
2016-12-24,-4.593500023650063
2016-12-25,-3.5532161601627164
2016-12-26,-3.3236115527275087
2016-12-27,-2.9416933596652624
2016-12-28,-3.34224517742585
2016-12-29,-3.3739469154041464
2016-12-30,-2.918282409819345
2016-12-31,-2.458188546457902
2017-01-01,-2.5354559037283093
2017-01-02,-3.372265767085157
2017-01-03,-3.1802904077316354
2017-01-04,-3.296194905317401
2017-01-05,-2.7179493045968095
2017-01-06,-2.244259987978157
2017-01-07,-2.4582781819855954
2017-01-08,-2.7607537559078774
2017-01-09,-2.400912228926213
2017-01-10,-2.242499936651578
2017-01-11,-2.129180196563527
2017-01-12,-2.0996378842547294
2017-01-13,-2.0659064547654538
2017-01-14,-2.2706311526988694
2017-01-15,-2.187655769616533
2017-01-16,-2.0672365440874017
2017-01-17,-1.8529849056174947
2017-01-18,-1.6148123597777448
2017-01-19,-1.7821723868307655
2017-01-20,-1.2931605772450432
2017-01-21,-1.2961693489130492
2017-01-22,-1.69434208745317
2017-01-23,-1.5543372392180168
2017-01-24,-1.5169404761944478
2017-01-25,-1.8083474572793452
2017-01-26,-1.8939446770112665
2017-01-27,-2.1879725593153463
2017-01-28,-2.216937555930033
2017-01-29,-2.538643630042608
2017-01-30,-2.5577059053536946
2017-01-31,-2.4843476312541646
2017-02-01,-3.235100399685969
2017-02-02,-2.260498951007174
2017-02-03,-2.0031055197317085
2017-02-04,-2.1905209202308904
2017-02-05,-2.3429763521703513
2017-02-06,-1.8060087856484657
2017-02-07,-1.6472084719841729
2017-02-08,-1.792166916136956
2017-02-09,-1.9517332413885673
2017-02-10,-1.9290460874327267
2017-02-11,-1.8848024727460304
2017-02-12,-1.624850331944857
2017-02-13,-1.3464626985967474
2017-02-14,-1.9366662431677777
2017-02-15,-1.5837525320118113
2017-02-16,-1.3769192870872613
2017-02-17,-1.2259800713428932
2017-02-18,-1.0832985623939153
2017-02-19,-1.5091345679204016
2017-02-20,-1.7269955926913365
2017-02-21,-1.6468415663347875
2017-02-22,-1.9197686070335764
2017-02-23,-2.2349693136126434
2017-02-24,-1.890583441930364
2017-02-25,-2.1441580253458152
2017-02-26,-2.94600245491483
2017-02-27,-3.104965603022737
2017-02-28,-3.040727654019655
2017-03-01,-1.807135515125535
2017-03-02,-1.9293165752855848
2017-03-03,-2.2046265289856355
2017-03-04,-2.4319809364439187
2017-03-05,-2.9792698659098704
2017-03-06,-2.265700020297033
2017-03-07,-2.1525393805014827
2017-03-08,-1.9536438807932526
2017-03-09,-2.0618477814948544
2017-03-10,-2.441813114206923
2017-03-11,-2.680077127075765
2017-03-12,-2.6199997869847933
2017-03-13,-2.338128102208797
2017-03-14,-2.1974539058236715
2017-03-15,-2.16645709108013
2017-03-16,-1.8309168342297013
2017-03-17,-1.608243605996893
2017-03-18,-1.5532368078283059
2017-03-19,-1.8711864976447878
2017-03-20,-1.925146569016564
2017-03-21,-1.900658972517225
2017-03-22,-2.2753218167218803
2017-03-23,-2.3700478950826045
2017-03-24,-1.8665417034868277
2017-03-25,-1.719894073569205
2017-03-26,-2.043263213181378
2017-03-27,-1.4622446309633375
2017-03-28,-1.5939863968875392
2017-03-29,-1.4207325927084309
2017-03-30,-1.598896176472895
2017-03-31,-1.5331767994053134
2017-04-01,-1.6743540021921912
2017-04-02,-1.7580912880450643
2017-04-03,-1.9624948384582588
2017-04-04,-1.991806082715351
2017-04-05,-2.1790993507985146
2017-04-06,-2.258667867396797
2017-04-07,-2.539475546487398
2017-04-08,-2.777579838888042
2017-04-09,-2.5870084303248713
2017-04-10,-2.214047545020203
2017-04-11,-2.021738415156953
2017-04-12,-2.126569510803375
2017-04-13,-1.4868871723528763
2017-04-14,-1.6205001671858144
2017-04-15,-1.9129962886114338
2017-04-16,-1.6602161206020545
2017-04-17,-1.537425760077471
2017-04-18,-1.3747564612050613
2017-04-19,-1.3892478588545811
2017-04-20,-1.5444641166197035
2017-04-21,-1.9800687639575305
2017-04-22,-2.0895013719720463
2017-04-23,-2.063528840776695
2017-04-24,-1.7041795600840641
2017-04-25,-2.033146783955368
2017-04-26,-1.8663057902559488
2017-04-27,-2.230305564627419
2017-04-28,-2.340386289378419
2017-04-29,-1.8466920227804158
2017-04-30,-1.8906596680310037
2017-05-01,-1.8479186407142052
2017-05-02,-2.0834310622418464
2017-05-03,-1.8756757703481257
2017-05-04,-1.7526173241662224
2017-05-05,-1.9284778725114498
2017-05-06,-1.9491465450554462
2017-05-07,-1.7900549842239977
2017-05-08,-1.0704034676237464
2017-05-09,-2.0285494811613383
2017-05-10,-2.0360624922941395
2017-05-11,-1.8241436060409175
2017-05-12,-1.6649308989410696
2017-05-13,-1.3926081955718814
2017-05-14,-0.9378466315945281
2017-05-15,-1.3161876377675166
2017-05-16,-1.6078266516888284
2017-05-17,-1.924911017767379
2017-05-18,-1.817065312789068
2017-05-19,-1.7244663842623755
2017-05-20,-1.323996922065973
2017-05-21,-1.6149022538007225
2017-05-22,-1.155600489670554
2017-05-23,-1.721860722015639
2017-05-24,-1.5693715519035154
2017-05-25,-1.6178799536448492
2017-05-26,-1.9742118279646839
2017-05-27,-1.8731618428011776
2017-05-28,-1.2144444351058272
2017-05-29,-0.9722751201941255
2017-05-30,-1.7691880672593896
2017-05-31,-2.1041542160242432
2017-06-01,-1.7146676134131205
2017-06-02,-1.497657766188972
2017-06-03,-1.9374196477947463
2017-06-04,-2.7571381128820938
2017-06-05,-1.968300576174379
2017-06-06,-1.7862851342410726
2017-06-07,-2.026778958486916
2017-06-08,-1.3203549830840258
2017-06-09,-1.1749510105639895
2017-06-10,-1.0752275150054016
2017-06-11,-1.7385190136552842
2017-06-12,-1.4110586257622286
2017-06-13,-2.1076757116035396
2017-06-14,-1.4535580898925502
2017-06-15,-1.515756671590341
2017-06-16,-1.340967102799612
2017-06-17,-1.2352814053198364
2017-06-18,-1.4032022173040903
2017-06-19,-1.447223758790913
2017-06-20,-1.5261239853155069
2017-06-21,-1.5126648838070942
2017-06-22,-1.445858726443033
2017-06-23,-1.5027187007529739
2017-06-24,-1.4163746298345925
2017-06-25,-1.3169792818734407
2017-06-26,-1.310905854424872
2017-06-27,-1.2136785258721874
2017-06-28,-1.582692844281845
2017-06-29,-1.634349826934774
2017-06-30,-1.1015591634659292
2017-07-01,-1.2894139356842225
2017-07-02,-1.5069183475467032
2017-07-03,-1.4990697829353534
2017-07-04,-1.4712498166219754
2017-07-05,-1.6201860418571312
2017-07-06,-1.8006779443505987
2017-07-07,-2.4532734298639918
2017-07-08,-2.271735981541425
2017-07-09,-2.005774603161122
2017-07-10,-2.0906593709815127
2017-07-11,-1.9252655436480304
2017-07-12,-1.834447254324218
2017-07-13,-1.48495983572709
2017-07-14,-1.8911340854292282
2017-07-15,-2.874791940882455
2017-07-16,-2.4610238271138023
2017-07-17,-1.8013140626409507
2017-07-18,-2.3271578183764943
2017-07-19,-2.138030367554057
2017-07-20,-2.631432711940263
2017-07-21,-2.1646802671027467
2017-07-22,-2.083168945809305
2017-07-23,-2.3032656633271733
2017-07-24,-2.6384309583328127
2017-07-25,-2.700102977222654
2017-07-26,-2.533978366960663
2017-07-27,-2.2397929726765398
2017-07-28,-3.051659320376516
2017-07-29,-3.586434894823572
2017-07-30,-3.9515952071000826
2017-07-31,-2.863533601717691
2017-08-01,-2.1379165267832225
2017-08-02,-2.398359309241084
2017-08-03,-2.209615012588894
2017-08-04,-2.4560807340867243
2017-08-05,-2.9494014677964846
2017-08-06,-2.3956559494396354
2017-08-07,-2.509364453857076
2017-08-08,-2.309363205120824
2017-08-09,-2.2032815102823253
2017-08-10,-2.281550094168881
2017-08-11,-2.7014183204556086
2017-08-12,-2.294150595182338
2017-08-13,-2.3841411562225936
2017-08-14,-2.6613759006867364
2017-08-15,-2.2408644748530033
2017-08-16,-2.6735472007069436
2017-08-17,-2.575340883320046
2017-08-18,-3.6795178816485494
2017-08-19,-3.7292467113261356
2017-08-20,-3.480585885321973
2017-08-21,-2.502708123139498
2017-08-22,-2.182463105844288
2017-08-23,-2.060605483018735
2017-08-24,-1.9851136044876994
2017-08-25,-2.384311587150449
2017-08-26,-2.125970206008599
2017-08-27,-2.174594727657647
2017-08-28,-2.689130355027672
2017-08-29,-2.8775100665824516
2017-08-30,-1.815270191823578
2017-08-31,-2.077427466079003
2017-09-01,-2.1942892025615484
2017-09-02,-2.1665029716405613
2017-09-03,-2.5194935936035963
2017-09-04,-2.3989152373932754
2017-09-05,-2.256984474796127
2017-09-06,-1.7946060308971232
2017-09-07,-1.864286680377098
2017-09-08,-1.8344446344248817
2017-09-09,-2.0290247472640828
2017-09-10,-2.1058309857517696
2017-09-11,-2.1480687713223157
2017-09-12,-2.4925734457342323
2017-09-13,-1.9746152340807335
2017-09-14,-1.5626029003108401
2017-09-15,-1.7314838299131097
2017-09-16,-1.804734275015108
2017-09-17,-1.9503422464903895
2017-09-18,-1.6575977289451345
2017-09-19,-1.5709560597184098
2017-09-20,-1.6627223693389659
2017-09-21,-1.443711168824974
2017-09-22,-1.5014587851789765
2017-09-23,-1.4619254600351521
2017-09-24,-0.8097078522815536
2017-09-25,-0.9006571443975216
2017-09-26,-1.1864665386868332
2017-09-27,-1.0948543851664527
2017-09-28,-1.292956644915578
2017-09-29,-1.3603767626882124
2017-09-30,-2.1091225855196534
2017-10-01,-1.4267554499303676
2017-10-02,-1.2976046734143292
2017-10-03,-1.283564674323591
2017-10-04,-1.3972012133956777
2017-10-05,-1.4308220636197224
2017-10-06,-1.6855547664276083
2017-10-07,-1.6140618993312013
2017-10-08,-2.0776975682065153
2017-10-09,-1.481404356371447
2017-10-10,-1.2760240304008248
2017-10-11,-1.2874160778391
2017-10-12,-1.3792489323134363
2017-10-13,-1.430821727625554
2017-10-14,-1.1657359769812576
2017-10-15,-1.2280508655321443
2017-10-16,-1.2885408075069469
2017-10-17,-1.5203404543266321
2017-10-18,-1.750760681967351
2017-10-19,-1.7521048043420193
2017-10-20,-1.6940075500688025
2017-10-21,-2.5120491248772527
2017-10-22,-2.041150389722591
2017-10-23,-2.0333815285662165
2017-10-24,-1.4925957666739638
2017-10-25,-2.1668380418882913
2017-10-26,-1.734965660730259
2017-10-27,-1.3167700876363153
2017-10-28,-1.349675929912635
2017-10-29,-1.6560665999269204
2017-10-30,-1.438866324922499
2017-10-31,-2.2077353815049325
2017-11-01,-1.9855949241666566
2017-11-02,-1.956353001762964
2017-11-03,-1.609351424677742
2017-11-04,-1.9328019729499786
2017-11-05,-1.9957955247125152
2017-11-06,-1.4545777519082193
2017-11-07,-1.5337226667188948
2017-11-08,-1.5025977768888201
2017-11-09,-1.6581073224452387
2017-11-10,-1.840249204049212
2017-11-11,-1.807678704906392
2017-11-12,-1.6387773367461513
2017-11-13,-1.3977542792399233
2017-11-14,-1.1404581867554116
2017-11-15,-1.260224421771212
2017-11-16,-1.396592178631811
2017-11-17,-1.3912015006972251
2017-11-18,-1.6254112886104626
2017-11-19,-1.695076643743747
2017-11-20,-1.7662703544821101
2017-11-21,-2.5316044194714293
2017-11-22,-2.1574706265891987
2017-11-23,-1.9551720199077698
2017-11-24,-1.5281300521169108
2017-11-25,-1.407727118877096
2017-11-26,-1.7652263757865279
2017-11-27,-1.4001926960066313
2017-11-28,-2.1642712148442964
2017-11-29,-1.9216187480210658
2017-11-30,-1.5254723776586705
2017-12-01,-1.3738618636519409
2017-12-02,-1.9825515412749963
2017-12-03,-2.0878279199310295
2017-12-04,-1.7605744941536878
2017-12-05,-2.0162977607485533
2017-12-06,-1.7102019429527713
2017-12-07,-1.590859247408496
2017-12-08,-1.1457766266072176
2017-12-09,-1.3806003984565325
2017-12-10,-1.6459849681381309
2017-12-11,-1.4329355805686115
2017-12-12,-1.5832171962611583
2017-12-13,-1.7375604036281456
2017-12-14,-1.7831526976391168
2017-12-15,-1.651187029255402
2017-12-16,-1.445258001451762
2017-12-17,-2.0197674693572356
2017-12-18,-2.2287160215666555
2017-12-19,-2.09424915453587
2017-12-20,-2.0748317899511237
2017-12-21,-2.0665604927140184
2017-12-22,-2.032211160064952
2017-12-23,-1.9819180572960842
2017-12-24,-1.5203422544926029
2017-12-25,-1.4895833852435085
2017-12-26,-1.5141475936588997
2017-12-27,-2.1044204755277156
2017-12-28,-2.389665713777297
2017-12-29,-2.8297381820176146
2017-12-30,-2.2407467052201655
2017-12-31,-1.684199867202245
2018-01-01,-2.327968600196723
2018-01-02,-2.859186434217842
2018-01-03,-2.4451486267208327
2018-01-04,-2.3902376893342283
2018-01-05,-2.285920453940132
2018-01-06,-1.9341265466009858
2018-01-07,-1.7903559218775384
2018-01-08,-1.8784599760657321
2018-01-09,-2.060188329089782
2018-01-10,-1.704860975387441
2018-01-11,-1.8729000537410194
2018-01-12,-1.4239153045932817
2018-01-13,-1.7247645773373466
2018-01-14,-1.4896244001601628
2018-01-15,-1.6357215936327496
2018-01-16,-2.021242011692378
2018-01-17,-2.134759696459608
2018-01-18,-2.443981189887354
2018-01-19,-1.9355102124147814
2018-01-20,-1.266458002843496
2018-01-21,-1.3817577005903572
2018-01-22,-2.12863367243191
2018-01-23,-2.220198002543122
2018-01-24,-1.8512900504798728
2018-01-25,-1.651463277998101
2018-01-26,-1.5934987656264266
2018-01-27,-2.65867281937925
2018-01-28,-2.080893286914974
2018-01-29,-1.9391026172177637
2018-01-30,-1.59694215436879
2018-01-31,-2.112677101058891
2018-02-01,-1.9859288862344335
2018-02-02,-2.133512024785208
2018-02-03,-2.2809127515519725
2018-02-04,-1.8873180958038873
2018-02-05,-2.0501633815751465
2018-02-06,-1.757108543654399
2018-02-07,-0.6372336825112213
2018-02-08,-1.0164279330588748
2018-02-09,-1.3493247502930532
2018-02-10,-1.4308484069921859
2018-02-11,-1.562115495768277
2018-02-12,-1.4828542305486856
2018-02-13,-1.0738805662529816
2018-02-14,-1.3071958711767402
2018-02-15,-1.4584181935214546
2018-02-16,-1.5340040126922048
2018-02-17,-1.4542395737799767
2018-02-18,-2.3449824118867895
2018-02-19,-1.7936513513644667
2018-02-20,-1.4872052031848926
2018-02-21,-1.8990522485163994
2018-02-22,-1.932560760735823
2018-02-23,-1.48376613533816
2018-02-24,-1.5286288708729265
2018-02-25,-1.505200581919034
2018-02-26,-1.3484300170164907
2018-02-27,-1.36339389624013
2018-02-28,-1.5466655067874797
2018-03-01,-2.2868841886144278
2018-03-02,-2.174998856739437
2018-03-03,-2.274800314542875
2018-03-04,-1.3837568435588072
2018-03-05,-1.5243049729692024
2018-03-06,-1.5769518768241917
2018-03-07,-1.8535117301163189
2018-03-08,-1.4761845144992334
2018-03-09,-1.393144151433111
2018-03-10,-1.8594679680454953
2018-03-11,-2.048689076304704
2018-03-12,-1.7546959652731162
2018-03-13,-1.9289266517417627
2018-03-14,-1.4723994950838633
2018-03-15,-1.8640885337046242
2018-03-16,-1.8554353103435484
2018-03-17,-1.8738090709665847
2018-03-18,-2.2083309198841605
2018-03-19,-1.6650589580958508
2018-03-20,-1.688249944296544
2018-03-21,-1.7401246061983466
2018-03-22,-2.2623616116761815
2018-03-23,-1.7798254215247908
2018-03-24,-1.696640359515122
2018-03-25,-3.661365101460647
2018-03-26,-3.5365744064770626
2018-03-27,-2.7613927769558315
2018-03-28,-2.4667164513966324
2018-03-29,-2.37087481516803
2018-03-30,-2.0588590284351844
2018-03-31,-2.4584838887115272
2018-04-01,-2.112070236520072
2018-04-02,-2.2958087482789966
2018-04-03,-3.5926323118120917
2018-04-04,-2.5093175550305173
2018-04-05,-3.000300441370842
2018-04-06,-3.3827788366191585
2018-04-07,-3.3124631938930627
2018-04-08,-3.3368070755983825
2018-04-09,-2.189517608132454
2018-04-10,-1.809811686568639
2018-04-11,-2.2360061849685255
2018-04-12,-2.1531624686354256
2018-04-13,-2.3436827334666432
2018-04-14,-2.1734400801921985
2018-04-15,-2.077798041624464
2018-04-16,-1.9074633732196917
2018-04-17,-1.6478336297525507
2018-04-18,-1.9124538622115221
2018-04-19,-1.588515629048529
2018-04-20,-1.8416550028627432
2018-04-21,-1.7281295673423447
2018-04-22,-1.1510540870443695
2018-04-23,-1.37600862815523
2018-04-24,-1.6709220017307262
2018-04-25,-1.4036768950776892
2018-04-26,-1.4242662282380298
2018-04-27,-0.9961174612791347
2018-04-28,-0.966417434883687
2018-04-29,-1.1252022605105065
2018-04-30,-1.350767918972372
2018-05-01,-1.2737809604028287
2018-05-02,-1.442181590056487
2018-05-03,-2.1505643421156453
2018-05-04,-2.2393909279487945
2018-05-05,-1.7277115395649045
2018-05-06,-1.9119541790029095
2018-05-07,-1.8116348610065718
2018-05-08,-1.9395568143302224
2018-05-09,-1.4598866782508193
2018-05-10,-1.3038493298531357
2018-05-11,-1.4229188199649816
2018-05-12,-1.4418437424296673
2018-05-13,-1.5534426629521276
2018-05-14,-1.6106219760641465
2018-05-15,-1.9529613171033133
2018-05-16,-1.8988420251159017
2018-05-17,-1.3976298774521863
2018-05-18,-1.3958283782601177
2018-05-19,-1.6957938902511536
2018-05-20,-1.8908687239052542
2018-05-21,-1.459475845617657
2018-05-22,-2.6570726028752008
2018-05-23,-1.6566700330318618
2018-05-24,-1.2399176653777813
2018-05-25,-1.480957605713439
2018-05-26,-1.5652346145710039
2018-05-27,-1.8516494413418345
2018-05-28,-1.6668683480010191
2018-05-29,-1.7289255036455993
2018-05-30,-1.8224671699928994
2018-05-31,-1.9495176893246922
2018-06-01,-2.317699128582706
2018-06-02,-2.0648918821945084
2018-06-03,-2.309485254131934
2018-06-04,-1.4839078690196565
2018-06-05,-1.5083274180271073
2018-06-06,-1.4491517480436609
2018-06-07,-1.7124686748564728
2018-06-08,-2.4659879336535373
2018-06-09,-2.854082383031791
2018-06-10,-2.6192410250978897
2018-06-11,-2.219960230437486
2018-06-12,-1.897114097193808
2018-06-13,-2.043105326666394
2018-06-14,-1.906626165463671
2018-06-15,-1.8293032610294773
2018-06-16,-1.8456703077271752
2018-06-17,-1.9390833330431287
2018-06-18,-2.9772415562248673
2018-06-19,-2.622908730449853
2018-06-20,-2.1834022405172044
2018-06-21,-1.8923365759247555
2018-06-22,-1.5855141021997154
2018-06-23,-1.4653875918573165
2018-06-24,-1.7957915666739297
2018-06-25,-1.7065059708016685
2018-06-26,-1.2729708090502707
2018-06-27,-1.8643802891542112
2018-06-28,-1.9259537852301383
2018-06-29,-1.5233308867634148
2018-06-30,-1.5381422882287354
2018-07-01,-1.693474495026202
2018-07-02,-2.16673023385192
2018-07-03,-1.896045799994756
2018-07-04,-2.105649455159046
2018-07-05,-2.0041589408177747
2018-07-06,-1.9127272853419164
2018-07-07,-1.92502561321327
2018-07-08,-1.5691751167993004
2018-07-09,-1.246084846542354
2018-07-10,-1.3079213430625911
2018-07-11,-1.96222806738692
2018-07-12,-2.0961275170443474
2018-07-13,-2.3507290990336758
2018-07-14,-2.6080096977156573
2018-07-15,-2.2475321444300693
2018-07-16,-1.9535791495621035
2018-07-17,-1.9282132550622217
2018-07-18,-1.9060227668060954
2018-07-19,-2.5616900280713706
2018-07-20,-2.725749870339765
2018-07-21,-2.8768486890475087
2018-07-22,-1.7890338526899472
2018-07-23,-1.7639962051911604
2018-07-24,-1.8589954423407997
2018-07-25,-2.0336814155482643
2018-07-26,-1.9262962911445176
2018-07-27,-2.1747934497098744
2018-07-28,-2.3194555665356127
2018-07-29,-2.01498202909903
2018-07-30,-1.8113556028720275
2018-07-31,-1.7270951811552364
2018-08-01,-1.879390459610035
2018-08-02,-1.7899949693629311
2018-08-03,-2.513075643769914
2018-08-04,-2.247037313721645
2018-08-05,-2.0139435805110084
2018-08-06,-2.4291418887802187
2018-08-07,-2.473164796878729
2018-08-08,-2.321028008943634
2018-08-09,-2.2562123080869028
2018-08-10,-2.297971955101278
2018-08-11,-1.9797587717841418
2018-08-12,-1.9470838036740692
2018-08-13,-1.9711129082478758
2018-08-14,-2.0368753874557126
2018-08-15,-1.9589518422516061
2018-08-16,-1.8577609236248147
2018-08-17,-1.7400434522276276
2018-08-18,-1.7788326721111727
2018-08-19,-1.781350112927628
2018-08-20,-1.9911978752657769
2018-08-21,-2.873787422256911
2018-08-22,-3.135792061819763
2018-08-23,-2.2301267113238845
2018-08-24,-1.4997921226374455
2018-08-25,-1.5944401986352594
2018-08-26,-2.209987106799731
2018-08-27,-2.66562944000378
2018-08-28,-2.743700932512726
2018-08-29,-2.6868884759265557
2018-08-30,-2.640832042680109
2018-08-31,-1.9769775808969068
2018-09-01,-2.8710131152068543
2018-09-02,-3.3703627784743255
2018-09-03,-3.1161247753228944
2018-09-04,-2.453145884283111
2018-09-05,-2.100974247832388
2018-09-06,-2.038958910159225
2018-09-07,-1.9210075014470103
2018-09-08,-1.7703921793741777
2018-09-09,-2.9927628817776624
2018-09-10,-2.5174483246827966
2018-09-11,-2.1502789434392735
2018-09-12,-2.6095839353610235
2018-09-13,-2.5516564425868395
2018-09-14,-2.1543688131132512
2018-09-15,-1.9751914813222187
2018-09-16,-2.0907018050500703
2018-09-17,-1.6014270667187216
2018-09-18,-2.098952071881145
2018-09-19,-1.6283908993762133
2018-09-20,-1.4388630480547082
2018-09-21,-1.612694754339335
2018-09-22,-1.4093257916410586
2018-09-23,-1.7793556951873915
2018-09-24,-1.5284624142365695
2018-09-25,-2.0346376164813194
2018-09-26,-1.7326689238485489
2018-09-27,-1.718706804319106
2018-09-28,-2.2073691717273918
2018-09-29,-2.135065991268699
2018-09-30,-2.1186806759723926
2018-10-01,-2.185920772372869
2018-10-02,-1.8106982501721969
2018-10-03,-1.2617582699387304
2018-10-04,-1.350224935170613
2018-10-05,-1.4887522881758635
2018-10-06,-2.0609782047465606
2018-10-07,-2.3154720953889045
2018-10-08,-1.7036851094246277
2018-10-09,-1.3495651101461161
2018-10-10,-2.162598421318155
2018-10-11,-1.8674935871589309
2018-10-12,-1.8293678666282462
2018-10-13,-1.953550535534914
2018-10-14,-2.2271771842658725
2018-10-15,-2.333784320782051
2018-10-16,-2.1812704896065607
2018-10-17,-1.7832057752573953
2018-10-18,-1.958352068064812
2018-10-19,-1.9168172026640071
2018-10-20,-1.625950587266203
2018-10-21,-2.3341966891623955
2018-10-22,-2.052543508424422
2018-10-23,-1.8046881199542155
2018-10-24,-1.5171284949419614
2018-10-25,-1.378085561073532
2018-10-26,-1.6943750882243505
2018-10-27,-2.0262453788740578
2018-10-28,-2.0596769923050022
2018-10-29,-1.5180194137758147
2018-10-30,-1.7686610442952013
2018-10-31,-1.3222794201859402
2018-11-01,-1.240400422425766
2018-11-02,-1.7314922195455957
2018-11-03,-1.944055717239873
2018-11-04,-1.879349156354537
2018-11-05,-1.6630169823197827
2018-11-06,-2.2184501826808094
2018-11-07,-1.6988172694085153
2018-11-08,-1.7493984933961162
2018-11-09,-2.147793473742713
2018-11-10,-2.3285532083511464
2018-11-11,-2.086507163848127
2018-11-12,-1.7294262580448267
2018-11-13,-1.887710403621804
2018-11-14,-1.3341233285919978
2018-11-15,-1.381943389934988
2018-11-16,-1.626275418453513
2018-11-17,-1.8676991932560318
2018-11-18,-1.6735560192360246
2018-11-19,-1.6742135274026337
2018-11-20,-1.5538780749661432
2018-11-21,-1.4799533460367986
2018-11-22,-1.6046036756007551
2018-11-23,-1.584386339391055
2018-11-24,-1.482474538510056
2018-11-25,-1.8773461902518298
2018-11-26,-1.7152965775869409
2018-11-27,-2.1331287132485524
2018-11-28,-1.5704473695337524
2018-11-29,-1.7871597629392386
2018-11-30,-2.0893871746873334
2018-12-01,-1.2458097964253039
2018-12-02,-1.5602078576631384
2018-12-03,-1.3994091483577429
2018-12-04,-1.6267840135232956
2018-12-05,-2.1404039609512187
2018-12-06,-1.5370067495297492
2018-12-07,-0.8884019971541427
2018-12-08,-1.174809988146227
2018-12-09,-1.374725785414663
2018-12-10,-1.6038156234656102
2018-12-11,-1.6133714735583455
2018-12-12,-2.7457722296046256
2018-12-13,-2.478378060962063
2018-12-14,-2.002988876810716
2018-12-15,-1.8426195462968835
2018-12-16,-2.1164099509995937
2018-12-17,-1.857553206226884
2018-12-18,-1.949743418532751
2018-12-19,-1.9371678956549265
2018-12-20,-2.212682410307388
2018-12-21,-2.054813664950988
2018-12-22,-1.7488424414358452
2018-12-23,-1.6644597984296037
2018-12-24,-2.1589113584623396
2018-12-25,-1.9334102274518732
2018-12-26,-1.512272677095859
2018-12-27,-1.6944276581017943
2018-12-28,-2.011536897409542
2018-12-29,-2.780644781921537
2018-12-30,-2.3203464420630104
2018-12-31,-1.9996658470345616
2019-01-01,-2.599287353850348
2019-01-02,-2.5870909926131596
2019-01-03,-2.371346205664006
2019-01-04,-2.5342085794778924
2019-01-05,-2.2805053532708084
2019-01-06,-2.043218642463348
2019-01-07,-2.0603974915035614
2019-01-08,-2.9025079101156948
2019-01-09,-2.180121590618126
2019-01-10,-1.8260506520889863
2019-01-11,-2.572034908972176
2019-01-12,-2.0488194177751677
2019-01-13,-2.231716908739451
2019-01-14,-2.1500686047307274
2019-01-15,-2.207560343879621
2019-01-16,-1.6974406559602138
2019-01-17,-1.6416079839309794
2019-01-18,-1.508819272908575
2019-01-19,-1.3096113062736932
2019-01-20,-1.904841497032565
2019-01-21,-1.6886815501241663
2019-01-22,-0.9925233700045686
2019-01-23,-1.5702980771518253
2019-01-24,-1.69427093553581
2019-01-25,-1.3018440660975141
2019-01-26,-1.7179861795124676
2019-01-27,-2.3791904548151015
2019-01-28,-1.797084375355507
2019-01-29,-1.5288975093818225
2019-01-30,-2.005667798142389
2019-01-31,-1.6972708337090772
2019-02-01,-1.5251353626281843
2019-02-02,-1.2944695213592572
2019-02-03,-1.4232739349779722
2019-02-04,-1.2101414382453193
2019-02-05,-1.503669877363693
2019-02-06,-1.6058936390956673
2019-02-07,-1.6827576077767112
2019-02-08,-1.6821561684788273
2019-02-09,-1.8343035654157078
2019-02-10,-2.06294104720087
2019-02-11,-1.4372122427681548
2019-02-12,-1.4279967828860056
2019-02-13,-1.7818050843314
2019-02-14,-1.3226277005416593
2019-02-15,-1.3499179293784522
2019-02-16,-1.316244415914233
2019-02-17,-1.6178217676004616
2019-02-18,-1.954734011013436
2019-02-19,-1.6056349043992875
2019-02-20,-1.6244291252513663
2019-02-21,-1.885049065741432
2019-02-22,-1.8695206202472878
2019-02-23,-2.2034800706073456
2019-02-24,-2.334528197927652
2019-02-25,-1.6783458339269244
2019-02-26,-1.6590825101960633
2019-02-27,-1.651533533260152
2019-02-28,-1.5818230439741967
2019-03-01,-1.5255442078426884
2019-03-02,-1.4285632935125936
2019-03-03,-1.4645135217042398
2019-03-04,-1.3707628594933223
2019-03-05,-1.338216412438183
2019-03-06,-1.3423308577275384
2019-03-07,-1.5698500668731787
2019-03-08,-1.5250449707560896
2019-03-09,-1.4746918690455029
2019-03-10,-1.7582944881292182
2019-03-11,-1.3663785006918077
2019-03-12,-1.4925746514240485
2019-03-13,-1.6316502608490286
2019-03-14,-1.493590105607445
2019-03-15,-2.179496913357266
2019-03-16,-2.3257298587109076
2019-03-17,-1.9017752941094246
2019-03-18,-2.1368067364730563
2019-03-19,-1.792734566422236
2019-03-20,-1.5499946187874492
2019-03-21,-1.4996030926013142
2019-03-22,-1.8788033648873845
2019-03-23,-1.8610119056468495
2019-03-24,-2.331810597618618
2019-03-25,-1.6872722102413613
2019-03-26,-1.6788426773797962
2019-03-27,-1.5924482547832242
2019-03-28,-1.7415964524587093
2019-03-29,-1.7394164990100576
2019-03-30,-2.5047206924727075
2019-03-31,-1.6501127264720477
2019-04-01,-1.2926000305408778
2019-04-02,-1.5456457824848697
2019-04-03,-1.5206494794282208
2019-04-04,-1.368682431599047
2019-04-05,-1.380331935535319
2019-04-06,-1.8817492907096396
2019-04-07,-1.976006628147799
2019-04-08,-1.4953930669669542
2019-04-09,-1.7718583743454916
2019-04-10,-1.4006600423513376
2019-04-11,-1.68491465368094
2019-04-12,-1.4119578164791753
2019-04-13,-1.5711843478347929
2019-04-14,-1.6516224148105536
2019-04-15,-1.9348736045235422
2019-04-16,-1.7297112501904524
2019-04-17,-1.8439037636185716
2019-04-18,-2.499986718114961
2019-04-19,-2.1991804554685945
2019-04-20,-1.8668734173778354
2019-04-21,-2.292628763380485
2019-04-22,-1.9407485741086623
2019-04-23,-1.624718040059963
2019-04-24,-1.6123987603022518
2019-04-25,-1.6729868854881502
2019-04-26,-1.963750303374534
2019-04-27,-1.5037882317115394
2019-04-28,-1.482602048879505
2019-04-29,-1.0316790417807395
2019-04-30,-1.0628891826457296
2019-05-01,-1.529920436677446
2019-05-02,-1.63369258987789
2019-05-03,-1.6506204919072278
2019-05-04,-1.5825976200147618
2019-05-05,-1.6956671437738804
2019-05-06,-1.6672588207773023
2019-05-07,-1.521076282366478
2019-05-08,-1.5887011125778603
2019-05-09,-1.6637358543819114
2019-05-10,-1.7421021627560083
2019-05-11,-1.8829945231589005
2019-05-12,-1.9496919019842047
2019-05-13,-1.8338480196027949
2019-05-14,-1.8138534806835362
2019-05-15,-1.973352231607089
2019-05-16,-1.8213781101190294
2019-05-17,-1.6376324424418887
2019-05-18,-1.3994663546346544
2019-05-19,-1.4327619619349978
2019-05-20,-1.3948496825349188
2019-05-21,-1.5032114670729886
2019-05-22,-1.5293886333197828
2019-05-23,-1.3173104892880474
2019-05-24,-1.2108273093561872
2019-05-25,-1.5382865097849554
2019-05-26,-1.4787005216825566
2019-05-27,-0.8106171233626259
2019-05-28,-1.0020838944425212
2019-05-29,-0.9375878061981718
2019-05-30,-1.0939508640192888
2019-05-31,-1.5266133004777533
2019-06-01,-1.1789135570976272
2019-06-02,-1.3519664449074436
2019-06-03,-1.2026798114762314
2019-06-04,-1.8520946541128913
2019-06-05,-1.807698470227962
2019-06-06,-2.37649049060557
2019-06-07,-1.975122051617551
2019-06-08,-1.5443227578783978
2019-06-09,-1.6723716098329786
2019-06-10,-1.4467268703339418
2019-06-11,-1.6207563377289098
2019-06-12,-0.9522103791127611
2019-06-13,-1.1702638623989043
2019-06-14,-1.5034675639685153
2019-06-15,-1.7568461889157871
2019-06-16,-1.916966495535011
2019-06-17,-2.158193461301759
2019-06-18,-1.8656570949127134
2019-06-19,-1.9869562919158537
2019-06-20,-1.8141732560172326
2019-06-21,-1.6814608359510521
2019-06-22,-2.486875538926452
2019-06-23,-2.5223880611680434
2019-06-24,-2.045237265163861
2019-06-25,-1.604002334243731
2019-06-26,-2.1440986883739943
2019-06-27,-2.6867199217754543
2019-06-28,-2.0675906663338712
2019-06-29,-2.169987474587387
2019-06-30,-1.8621607053076152
2019-07-01,-1.8398556633457566
2019-07-02,-1.563848702829257
2019-07-03,-1.360712544233004
2019-07-04,-1.3488724814609547
2019-07-05,-1.620721117974353
2019-07-06,-1.731868345719503
2019-07-07,-1.9547101321420486
2019-07-08,-1.7084815122258876
2019-07-09,-1.435961063309507
2019-07-10,-2.4242620826578003
2019-07-11,-2.0231102008231407
2019-07-12,-1.8114999392438016
2019-07-13,-1.4828425474974916
2019-07-14,-1.9115697771615492
2019-07-15,-1.631586052412102
2019-07-16,-1.2347428767474873
2019-07-17,-1.1271583445420634
2019-07-18,-1.296735446084114
2019-07-19,-1.5074264661094348
2019-07-20,-2.4267630821871387
2019-07-21,-2.344158649737329
2019-07-22,-1.7483391016967809
2019-07-23,-1.4849083561862841
2019-07-24,-1.9534204253695024
2019-07-25,-1.6208900552222947
2019-07-26,-1.819913570253971
2019-07-27,-1.456008055319292
2019-07-28,-1.5520811350512798
2019-07-29,-1.7536928505345575
2019-07-30,-2.1636316294253812
2019-07-31,-2.5138539974025638
2019-08-01,-2.2612829633308564
2019-08-02,-2.235166515759253
2019-08-03,-1.8698981834503554
2019-08-04,-2.094870065655876
2019-08-05,-2.118055808692132
2019-08-06,-2.3179049670813607
2019-08-07,-1.9876797424320163
2019-08-08,-2.275424440740114
2019-08-09,-1.6999684665016224
2019-08-10,-2.0772601342403534
2019-08-11,-2.118404383011213
2019-08-12,-1.8602503345755939
2019-08-13,-1.7073440795604513
2019-08-14,-1.817150782997634
2019-08-15,-1.533560767182416
2019-08-16,-1.5152309828904018
2019-08-17,-1.9308103376994266
2019-08-18,-2.366512650440717
2019-08-19,-1.9892915628811194
2019-08-20,-1.7714384204286222
2019-08-21,-1.6130191965507423
2019-08-22,-1.797345318008661
2019-08-23,-1.711446021911441
2019-08-24,-2.13072551577704
2019-08-25,-2.1972864434201953
2019-08-26,-1.5223634621627584
2019-08-27,-1.9646915090384516
2019-08-28,-1.8593258558854195
2019-08-29,-1.3572554446409077
2019-08-30,-1.6165507311339478
2019-08-31,-1.937026259126559
2019-09-01,-2.817235756506786
2019-09-02,-1.740269109140348
2019-09-03,-1.59362742297593
2019-09-04,-1.7688148702440412
2019-09-05,-1.6489425213069633
2019-09-06,-1.5507540720234068
2019-09-07,-1.870103893228425
2019-09-08,-1.9109223209420374
2019-09-09,-1.6696868276037553
2019-09-10,-1.6662676595937294
2019-09-11,-1.6910329293279611
2019-09-12,-1.4791191409249236
2019-09-13,-1.0200275572062771
2019-09-14,-1.3206161754168173
2019-09-15,-1.4700822414282428
2019-09-16,-1.3491998366353857
2019-09-17,-1.4793861760999976
2019-09-18,-1.1696828114015438
2019-09-19,-1.3440965098429232
2019-09-20,-1.3012762319190827
2019-09-21,-1.7616571256181712
2019-09-22,-1.590276267856217
2019-09-23,-1.4539821897292722
2019-09-24,-1.8661870763891488
2019-09-25,-1.8375881647500538
2019-09-26,-1.4719517362842103
2019-09-27,-1.7881631821308719
2019-09-28,-1.641091335439918
2019-09-29,-1.9113488470083237
2019-09-30,-1.880754686260686
2019-10-01,-1.408985867943496
2019-10-02,-1.1729978262448244
2019-10-03,-1.323140816714793
2019-10-04,-1.412692041696031
2019-10-05,-1.5276791158609517
2019-10-06,-1.7942435930957914
2019-10-07,-2.1558373113486846
2019-10-08,-2.2149115943993074
2019-10-09,-3.1165310338000896
2019-10-10,-3.3725647174241353
2019-10-11,-2.5918676683713264
2019-10-12,-2.4889655964336104
2019-10-13,-2.7773691670200225
2019-10-14,-2.239704167115658
2019-10-15,-2.0387147660245786
2019-10-16,-1.639822702897647
2019-10-17,-1.6551299265143697
2019-10-18,-1.6633838086675434
2019-10-19,-1.9580755326960386
2019-10-20,-2.0325643300645244
2019-10-21,-1.590974518576053
2019-10-22,-1.4522188445223492
2019-10-23,-1.5170896097486135
2019-10-24,-1.5710979398561609
2019-10-25,-1.5002047621398082
2019-10-26,-1.876570585597843
2019-10-27,-1.7224315495998481
2019-10-28,-1.1331010129541454
2019-10-29,-1.969858217149734
2019-10-30,-1.772432152545915
2019-10-31,-1.7098548789908574
2019-11-01,-1.2354158678345724
2019-11-02,-1.3792036142245934
2019-11-03,-2.024091000634683
2019-11-04,-1.9577427818706148
2019-11-05,-1.4955500828526647
2019-11-06,-1.4022903243389033
2019-11-07,-1.3793563702854006
2019-11-08,-1.705068688918409
2019-11-09,-1.487810248711273
2019-11-10,-1.2265124872761561
2019-11-11,-1.507259828256542
2019-11-12,-1.672195387835308
2019-11-13,-1.2671694087758607
2019-11-14,-1.6424242169356582
2019-11-15,-1.9291401423202825
2019-11-16,-2.1200014169655543
2019-11-17,-1.3528159988419777
2019-11-18,-1.2357516538402686
2019-11-19,-1.5015759860424807
2019-11-20,-1.6833489900887566
2019-11-21,-1.614443487690213
2019-11-22,-1.635401460391639
2019-11-23,-1.9246448376911387
2019-11-24,-1.7662853200493336
2019-11-25,-1.61359483195807
2019-11-26,-1.8914325715926517
2019-11-27,-1.6688433792435324
2019-11-28,-1.9645019597690487
2019-11-29,-1.5310589458734516
2019-11-30,-1.5223650569536729
2019-12-01,-1.618971903979473
2019-12-02,-1.6738743195676293
2019-12-03,-1.7287577814221802
2019-12-04,-2.345620035064048
2019-12-05,-1.9380644578143131
2019-12-06,-1.9437404656461756
2019-12-07,-1.9993556501963685
2019-12-08,-1.5345770246127732
2019-12-09,-1.2632463873251585
2019-12-10,-1.5706417793714604
2019-12-11,-1.6563178041276236
2019-12-12,-2.3633603405742885
2019-12-13,-1.7826237294243243
2019-12-14,-1.7656463569183993
2019-12-15,-1.9620460550619057
2019-12-16,-1.7817030534298686
2019-12-17,-1.8623135122736467
2019-12-18,-1.8172417810798305
2019-12-19,-1.6569966082224674
2019-12-20,-1.3489506933687396
2019-12-21,-2.2975619293372604
2019-12-22,-2.3750503714690225
2019-12-23,-1.9314522980578328
2019-12-24,-2.2260696560483084
2019-12-25,-1.5688787297612627
2019-12-26,-1.8260215639852497
2019-12-27,-1.9088771442890156
2019-12-28,-2.0756108623914145
2019-12-29,-2.1591925136677763
2019-12-30,-2.1946812230716715
2019-12-31,-1.4740262879367394
2020-01-01,-1.8043113300361875
2020-01-02,-2.304502653505966
2020-01-03,-1.811281198774607
2020-01-04,-2.579241355550834
2020-01-05,-3.157342229260158
2020-01-06,-2.86016602824882
2020-01-07,-2.2918912900402635
2020-01-08,-2.4975345440765806
2020-01-09,-2.0813110095498266
2020-01-10,-2.0378296398611555
2020-01-11,-1.8815337857269094
2020-01-12,-2.1639480663897825
2020-01-13,-1.9375796159238117
2020-01-14,-2.0833509532251964
2020-01-15,-1.9036277915341389
2020-01-16,-1.571184631649983
2020-01-17,-1.9105479870427928
2020-01-18,-1.9411900896071042
2020-01-19,-1.9157649848273979
2020-01-20,-1.8926886489009542
2020-01-21,-2.0082803976954526
2020-01-22,-1.994083289391474
2020-01-23,-2.2020255979165664
2020-01-24,-2.567763243123201
2020-01-25,-2.7406114354252864
2020-01-26,-2.3930646065491197
2020-01-27,-2.2868908627075673
2020-01-28,-2.2518364616326925
2020-01-29,-2.0383651128843026
2020-01-30,-2.0801159239033504
2020-01-31,-1.9007842082548667
2020-02-01,-2.01765426041939
2020-02-02,-2.071157350316224
2020-02-03,-1.442354104136099
2020-02-04,-1.6556866771736742
2020-02-05,-1.3942382620509217
2020-02-06,-1.3572153356380867
2020-02-07,-1.0587877544123503
2020-02-08,-1.5748458100292744
2020-02-09,-1.7486377588457163
2020-02-10,-1.3839165759681855
2020-02-11,-1.5135094445818957
2020-02-12,-1.305924560246959
2020-02-13,-1.6725202706231204
2020-02-14,-1.4968882950170435
2020-02-15,-1.7795523434065457
2020-02-16,-1.9254659845883981
2020-02-17,-2.1558541281600325
2020-02-18,-2.146156869809255
2020-02-19,-1.6120970819603018
2020-02-20,-3.8815890639419646
2020-02-21,-3.388688831333
2020-02-22,-3.22561248177691
2020-02-23,-2.1561213217374706
2020-02-24,-2.3664984969508702
2020-02-25,-2.0825120386423523
2020-02-26,-2.245361944977525
2020-02-27,-2.0697015461319035
2020-02-28,-2.0644581583184367
2020-02-29,-2.0977772809226143
2020-03-01,-1.7727932702696299
2020-03-02,-2.0936582435707294
2020-03-03,-2.0263999209774224
2020-03-04,-1.8932290293884462
2020-03-05,-2.142727781887091
2020-03-06,-2.167942745229157
2020-03-07,-2.475538576682224
2020-03-08,-1.813791343143827
2020-03-09,-1.928298516904303
2020-03-10,-2.174724931860869
2020-03-11,-2.2124444052281214
2020-03-12,-2.196698786044872
2020-03-13,-1.9121713613350333
2020-03-14,-2.067505501049134
2020-03-15,-1.9762815517756445
2020-03-16,-2.0960172457744557
2020-03-17,-2.32720749271269
2020-03-18,-2.55579141893035
2020-03-19,-2.3499901972363673
2020-03-20,-2.3139346001737118
2020-03-21,-2.702300340719367
2020-03-22,-2.6420863938971464
2020-03-23,-2.1968184342998374
2020-03-24,-2.440275661409611
2020-03-25,-2.4209284020928785
2020-03-26,-2.3562424961719737
2020-03-27,-2.156285231031334
2020-03-28,-2.545915320119142
2020-03-29,-2.609911278898138
2020-03-30,-2.495568226284398
2020-03-31,-2.090943277040684
2020-04-01,-2.090381147577603
2020-04-02,-2.139795123744982
2020-04-03,-2.1340675475257753
2020-04-04,-2.1728801229210317
2020-04-05,-2.4058420767562625
2020-04-06,-2.1478942022348955
2020-04-07,-2.0279011485944967
2020-04-08,-2.1646184439219365
2020-04-09,-2.039418134377686
2020-04-10,-2.0068778451227787
2020-04-11,-2.256864536878639
2020-04-12,-2.2742551076512827
2020-04-13,-2.0300233558390124
2020-04-14,-2.078661904110701
2020-04-15,-2.6459298266900517
2020-04-16,-2.0671076111156133
2020-04-17,-1.9091179667299834
2020-04-18,-2.3273082206465476
2020-04-19,-2.4443706426930962
2020-04-20,-2.3170875579326458
2020-04-21,-2.122980852481487
2020-04-22,-2.2232799025212464
2020-04-23,-2.542583860690795
2020-04-24,-2.3685791041127713
2020-04-25,-2.340885579540772
2020-04-26,-2.438918152248915
2020-04-27,-1.8313167008056765
2020-04-28,-1.7645376553469427
2020-04-29,-2.3204095058135374
2020-04-30,-2.6012988012614375
2020-05-01,-2.411472857867005
2020-05-02,-2.524676676866996
2020-05-03,-2.343774260173115
2020-05-04,-2.0178024104948014
2020-05-05,-2.019489599645012
2020-05-06,-1.8572176824776698
2020-05-07,-1.9432612927768156
2020-05-08,-2.194869325969182
2020-05-09,-2.2043783342449688
2020-05-10,-2.885642650183995
2020-05-11,-2.682400421093219
2020-05-12,-2.237938141360474
2020-05-13,-2.0321078557368084
2020-05-14,-1.9813461812237936
2020-05-15,-2.1678139657289566
2020-05-16,-2.312989736044258
2020-05-17,-2.1002550819986374
2020-05-18,-1.6890119979960965
2020-05-19,-1.4491931252092802
2020-05-20,-1.5527037227358285
2020-05-21,-1.4147884855982964
2020-05-22,-1.712988400233439
2020-05-23,-2.1502911198380925
2020-05-24,-1.6634944157179006
2020-05-25,-1.642631268680923
2020-05-26,-1.41672062146589
2020-05-27,-1.6476281807910145
2020-05-28,-2.0425100208058278
2020-05-29,-1.752479413887371
2020-05-30,-1.76359362720319
2020-05-31,-2.602857758524914
2020-06-01,-2.569422495636349
2020-06-02,-2.0967202233560904
2020-06-03,-2.4335562932453407
2020-06-04,-3.0226683263010514
2020-06-05,-2.962445861190347
2020-06-06,-3.091655802783152
2020-06-07,-3.4933915076463786
2020-06-08,-2.8205327206902737
2020-06-09,-2.584705465696159
2020-06-10,-2.37530995544087
2020-06-11,-2.5784390778388464
2020-06-12,-1.9013851294755595
2020-06-13,-2.2387860985179167
2020-06-14,-2.344223146329617
2020-06-15,-2.2419188610325693
2020-06-16,-2.478570937236802
2020-06-17,-2.498632923214506
2020-06-18,-2.851106241576197
2020-06-19,-2.7198730136614895
2020-06-20,-2.6522354978178413
2020-06-21,-2.877285076118397
2020-06-22,-3.1218298273555276
2020-06-23,-2.6205929663053773
2020-06-24,-2.1728101829055126
2020-06-25,-1.833466527309873
2020-06-26,-2.027080574336881
2020-06-27,-2.1872059193446516
2020-06-28,-2.1480665377712294
2020-06-29,-1.9706152413657219
2020-06-30,-1.902003912096905
2020-07-01,-2.0018187301200934
2020-07-02,-1.8007140158102846
2020-07-03,-1.8680580099152124
2020-07-04,-2.2520334073411172
2020-07-05,-2.092622375491773
2020-07-06,-2.2145027974499873
2020-07-07,-1.8021220522375685
2020-07-08,-2.0726206769882496
2020-07-09,-1.967298384708973
2020-07-10,-1.9707627507098036
2020-07-11,-2.291688655076616
2020-07-12,-2.4129845091940916
2020-07-13,-1.8255993842025997
2020-07-14,-2.0029145976298217
2020-07-15,-2.0701877484829154
2020-07-16,-2.34357893426568
2020-07-17,-2.1109972798475645
2020-07-18,-2.5231680225073285
2020-07-19,-2.3145298825885097
2020-07-20,-1.8149595610461344
2020-07-21,-1.7622729571127023
2020-07-22,-2.2796868072392225
2020-07-23,-2.8918331178731673
2020-07-24,-2.140840737184988
2020-07-25,-2.4217926208889446
2020-07-26,-2.167926778639362
2020-07-27,-2.1226951142149297
2020-07-28,-2.1381012000528075
2020-07-29,-1.8876498130076025
2020-07-30,-2.0484469049395466
2020-07-31,-2.088575919099015
2020-08-01,-2.9115187704685037
2020-08-02,-2.9716839379649382
2020-08-03,-2.452796690660445
2020-08-04,-2.186234963141525
2020-08-05,-2.540342216555638
2020-08-06,-2.6283629376283
2020-08-07,-2.316915319433096
2020-08-08,-2.239489624523406
2020-08-09,-2.242072658508834
2020-08-10,-2.3738915637056834
2020-08-11,-2.437030072420741
2020-08-12,-2.5115125858520204
2020-08-13,-2.197474896846015
2020-08-14,-2.2942761809819396
2020-08-15,-1.9495692996313518
2020-08-16,-2.2772393255650547
2020-08-17,-2.1194940820217107
2020-08-18,-2.3222714397210007
2020-08-19,-2.3358910020378842
2020-08-20,-2.2337309977967346
2020-08-21,-2.5049879899211187
2020-08-22,-2.7198661989235995
2020-08-23,-2.421550242100558
2020-08-24,-2.513394078650343
2020-08-25,-2.752998873180933
2020-08-26,-2.436935781187431
2020-08-27,-2.2901282069536
2020-08-28,-2.355596469659419
2020-08-29,-3.057402366738382
2020-08-30,-3.2891721437773507
2020-08-31,-2.6041331166165964
2020-09-01,-2.347317260297817
2020-09-02,-2.857508426273247
2020-09-03,-2.952467088284367
2020-09-04,-2.9828436475295512
2020-09-05,-2.905802138485545
2020-09-06,-3.2293964547346974
2020-09-07,-3.0622929407064525
2020-09-08,-2.8309739212544627
2020-09-09,-2.948613710512593
2020-09-10,-2.646776630096659
2020-09-11,-2.368441341726429
2020-09-12,-2.4213657443309087
2020-09-13,-2.378102850042008
2020-09-14,-2.464251788089172
2020-09-15,-2.2624204777714074
2020-09-16,-2.3684102117021437
2020-09-17,-2.106835238376207
2020-09-18,-2.1816898950170613
2020-09-19,-2.176915931705589
2020-09-20,-2.7398141594492658
2020-09-21,-2.3442176714045426
2020-09-22,-2.195563759817681
2020-09-23,-2.313728382906288
2020-09-24,-2.4294848469525028
2020-09-25,-2.0313113267389027
2020-09-26,-2.268872045569741
2020-09-27,-2.443955812884233
2020-09-28,-2.063530164585084
2020-09-29,-2.317424098013014
2020-09-30,-2.199257354305271
2020-10-01,-1.9821909223635128
2020-10-02,-1.6392218222171795
2020-10-03,-1.970850012373588
2020-10-04,-2.568097890654668
2020-10-05,-2.348902585061236
2020-10-06,-2.1792423869486157
2020-10-07,-2.628228958728635
2020-10-08,-2.243445388894025
2020-10-09,-2.3524474967836384
2020-10-10,-2.370027086819669
2020-10-11,-2.079441601823474
2020-10-12,-2.3869233856825702
2020-10-13,-2.083886103436809
2020-10-14,-2.1804614344056317
2020-10-15,-2.266000433359042
2020-10-16,-2.0726761170601744
2020-10-17,-2.158316639353886
2020-10-18,-1.9910081977985574
2020-10-19,-1.9388789982472687
2020-10-20,-1.9775068116000407
2020-10-21,-2.2272443667256296
2020-10-22,-2.2249471153781624
2020-10-23,-2.57687174324221
2020-10-24,-2.375148233246684
2020-10-25,-2.400212726239549
2020-10-26,-2.1925710367005484
2020-10-27,-2.4457723162328273
2020-10-28,-2.081593486831391
2020-10-29,-2.6218817517870248
2020-10-30,-2.3138877963703846
2020-10-31,-1.8095148819763427
2020-11-01,-2.2208596925374997
2020-11-02,-1.848287622639365
2020-11-03,-2.998583576949195
2020-11-04,-1.840751033187441
2020-11-05,-1.816796119744407
2020-11-06,-2.7743662321145393
2020-11-07,-2.288660130449012
2020-11-08,-1.2332179653604705
2020-11-09,-1.629442128188358
2020-11-10,-1.1104649060902774
2020-11-11,-1.4154977893094478
2020-11-12,-1.314414836718818
2020-11-13,-1.7130191295697974
2020-11-14,-1.753793597674273
2020-11-15,-1.6829840437230934
2020-11-16,-1.8652607004336093
2020-11-17,-2.428368034868827
2020-11-18,-2.5303888614941568
2020-11-19,-2.4445165004989566
2020-11-20,-2.8238715821446925
2020-11-21,-2.219321681949428
2020-11-22,-2.3211984681159934
2020-11-23,-2.051068903838122
2020-11-24,-1.7182592725333816
2020-11-25,-1.9091725786224067
2020-11-26,-1.4458186958566255
2020-11-27,-2.0310115451510438
2020-11-28,-2.1894727757602674
2020-11-29,-1.9683917146231353
2020-11-30,-1.803045220195743
2020-12-01,-2.0189739786145187
2020-12-02,-1.6955592506765353
2020-12-03,-1.627762720605638
2020-12-04,-1.7291596674416896
2020-12-05,-1.9508940920850433
2020-12-06,-1.9423357398946046
2020-12-07,-1.7876294224841591
2020-12-08,-1.509884444321732
2020-12-09,-1.5154160460147164
2020-12-10,-1.5087989767404963
2020-12-11,-1.936163816995462
2020-12-12,-2.010300809732349
2020-12-13,-2.279033716984025
2020-12-14,-1.7027082043449027
2020-12-15,-1.5258215218555808
2020-12-16,-1.3729936041078992
2020-12-17,-1.432646495686382
2020-12-18,-1.4386797071488857
2020-12-19,-1.8829829946667014
2020-12-20,-2.5260465468184266
2020-12-21,-2.8049721381539863
2020-12-22,-2.34404078117106
2020-12-23,-2.2755634741900312
2020-12-24,-1.3690099654351078
2020-12-25,-1.4441981738748826
2020-12-26,-2.152643978902001
2020-12-27,-1.7201684490782614
2020-12-28,-1.644044470386194
2020-12-29,-2.5334983824402455
2020-12-30,-1.9815836549187267
2020-12-31,-1.8249144574454972
2021-01-01,-1.6708906995100488
2021-01-02,-1.934115715471672
2021-01-03,-1.8800018799641354
2021-01-04,-1.6476327042403116
2021-01-05,-1.73041382479244
2021-01-06,-1.479654144679158
2021-01-07,-2.3477972055330443
2021-01-08,-1.907936506038005
2021-01-09,-1.9594734513081857
2021-01-10,-2.3112807178120622
2021-01-11,-2.115340381024654
2021-01-12,-2.200211666180118
2021-01-13,-2.2655646953606956
2021-01-14,-2.263498596516042
2021-01-15,-1.9266545211220678
2021-01-16,-1.2516253401118693
2021-01-17,-2.8120497952471446
2021-01-18,-3.337458008920737
2021-01-19,-2.563736686415531
2021-01-20,-1.8384418278120518
2021-01-21,-1.6937747156240663
2021-01-22,-1.882561040309171
2021-01-23,-3.0118941378036554
2021-01-24,-3.0228142469289736
2021-01-25,-2.1273953337276628
2021-01-26,-2.011481093602104
2021-01-27,-2.2196754427268366
2021-01-28,-2.9297014213523833
2021-01-29,-1.948057679835442
2021-01-30,-2.0107580489920323
2021-01-31,-2.818928266286081
2021-02-01,-2.1878300293850357
2021-02-02,-2.5534369049132923
2021-02-03,-2.3256709841457597
2021-02-04,-2.2064795309279592
2021-02-05,-2.789657999697508
2021-02-06,-2.592901102888042
2021-02-07,-2.0412537493486584
2021-02-08,-2.198703320719605
2021-02-09,-2.1610406675135763
2021-02-10,-2.334478957011121
2021-02-11,-2.3427108840202733
2021-02-12,-2.6812118977658193
2021-02-13,-2.599936643957808
2021-02-14,-2.3244434365312263
2021-02-15,-1.978333952242916
2021-02-16,-2.1251681074592947
2021-02-17,-1.7337518588228118
2021-02-18,-1.7848343584060415
2021-02-19,-1.952059194712699
2021-02-20,-2.8397620394376397
2021-02-21,-2.5300000731901595
2021-02-22,-2.51597285136779
2021-02-23,-2.2640852339204964
2021-02-24,-3.15294427279563
2021-02-25,-2.4790788854318064
2021-02-26,-2.004076764963506
2021-02-27,-1.750032540135964
2021-02-28,-2.061534412449283
2021-03-01,-2.000339152375542
2021-03-02,-2.2798415146037034
2021-03-03,-1.9204810114026258
2021-03-04,-1.7475678343650047
2021-03-05,-1.6757205803569786
2021-03-06,-1.3107592984891272
2021-03-07,-1.762540184448899
2021-03-08,-1.4941723778744458
2021-03-09,-1.620008516151827
2021-03-10,-1.7572777866141684
2021-03-11,-1.3980819380715135
2021-03-12,-1.5595435770919575
2021-03-13,-2.086865200683464
2021-03-14,-2.4575399903327884
2021-03-15,-1.4461441512103326
2021-03-16,-1.7437688231976038
2021-03-17,-1.6990142096632646
2021-03-18,-1.8453491688292172
2021-03-19,-1.6033021972454031
2021-03-20,-2.4332865668084023
2021-03-21,-2.492986769914685
2021-03-22,-2.3922768387530864
2021-03-23,-2.121691268087596
2021-03-24,-2.255908625438718
2021-03-25,-1.9988159487434802
2021-03-26,-2.008321544288955
2021-03-27,-1.7914857483000315
2021-03-28,-1.9270490561075837
2021-03-29,-2.085898436446784
2021-03-30,-1.6327096365212055
2021-03-31,-1.862105870338166
2021-04-01,-1.4440918247240266
2021-04-02,-1.5775140836703934
2021-04-03,-2.148563378527845
2021-04-04,-2.103049837304486
2021-04-05,-1.951612622555561
2021-04-06,-2.103593237529012
2021-04-07,-1.8085698087450304
2021-04-08,-1.7051107210226104
2021-04-09,-1.399287041221585
2021-04-10,-1.6791052503836421
2021-04-11,-1.4905043175424
2021-04-12,-1.6175301787023588
2021-04-13,-1.6156391069843705
2021-04-14,-1.4704700468574838
2021-04-15,-1.4936225919821597
2021-04-16,-1.498604770726097
2021-04-17,-1.438710161498435
2021-04-18,-2.698715117751364
2021-04-19,-2.4980376265747126
2021-04-20,-1.5128874506828212
2021-04-21,-2.271928511241632
2021-04-22,-1.8252257648270755
2021-04-23,-1.7674557643420146
2021-04-24,-2.2007360732755097
2021-04-25,-2.155643880805396
2021-04-26,-1.8622057944610009
2021-04-27,-1.474186005089556
2021-04-28,-1.2679797822708867
2021-04-29,-1.8018242362866137
2021-04-30,-1.584799803117494
2021-05-01,-1.947835690332092
2021-05-02,-2.407321173009015
2021-05-03,-2.3532589017214147
2021-05-04,-2.102711389827902
2021-05-05,-2.5391341431696612
2021-05-06,-1.2139043340545532
2021-05-07,-1.497524756843039
2021-05-08,-1.591437579945037
2021-05-09,-1.5294478580489765
2021-05-10,-1.4023782586281652
2021-05-11,-1.6170418613471973
2021-05-12,-1.9682451901239284
2021-05-13,-2.122883729688892
2021-05-14,-2.4128013783671953
2021-05-15,-2.6202742159115036
2021-05-16,-2.623607896275051
2021-05-17,-2.0659983785930582
2021-05-18,-1.593950785116056
2021-05-19,-2.0479974730147985
2021-05-20,-2.480265005133857
2021-05-21,-2.0559105369919237
2021-05-22,-1.9861702780700992
2021-05-23,-2.6687780284425178
2021-05-24,-1.8728552493038644
2021-05-25,-1.8879262315179564
2021-05-26,-1.7796993656556341
2021-05-27,-1.4667382512600304
2021-05-28,-2.360500842530985
2021-05-29,-2.038316345166604
2021-05-30,-1.6682871914756197
2021-05-31,-1.7797746820891598
2021-06-01,-1.4162256022580257
2021-06-02,-1.3781350859156984
2021-06-03,-1.619401773262053
2021-06-04,-2.0493091724030186
2021-06-05,-2.2450179521527116
2021-06-06,-1.8055553175968617
2021-06-07,-1.6006493074972865
2021-06-08,-1.9456332431877672
2021-06-09,-2.0529505207768777
2021-06-10,-1.7918362101709353
2021-06-11,-1.3893098843893303
2021-06-12,-0.9705519101928086
2021-06-13,-1.0748744416585596
2021-06-14,-1.5005230967665855
2021-06-15,-1.668674765330624
2021-06-16,-1.5549989556623298
2021-06-17,-1.568531054471739
2021-06-18,-1.5302293874311055
2021-06-19,-1.3206227449785641
2021-06-20,-1.6684514843723701
2021-06-21,-2.1562254374717957
2021-06-22,-1.954738532168687
2021-06-23,-1.4597590202977742
2021-06-24,-1.521909461988929
2021-06-25,-2.190126338246074
2021-06-26,-2.595464391064568
2021-06-27,-2.4215040250441917
2021-06-28,-1.9585380856079646
2021-06-29,-1.8977487880169324
2021-06-30,-1.7038975377069434
2021-07-01,-1.112335002905953
2021-07-02,-1.0286515431842447
2021-07-03,-1.2822565629036056
2021-07-04,-1.5355515131644644
2021-07-05,-1.293122397386571
2021-07-06,-1.4883508002647998
2021-07-07,-1.448955707294719
2021-07-08,-1.3654687306459352
2021-07-09,-1.0241986424047274
2021-07-10,-1.5335086148456225
2021-07-11,-1.8951701905557623
2021-07-12,-1.0654596488782935
2021-07-13,-1.2712215105485032
2021-07-14,-1.6373664385485338
2021-07-15,-2.7241277469178837
2021-07-16,-3.3376631919334674
2021-07-17,-3.8902500575928887
2021-07-18,-3.7706844193228335
2021-07-19,-3.0755555189544475
2021-07-20,-2.7066555745872996
2021-07-21,-1.8926877649468494
2021-07-22,-1.5133955178644645
2021-07-23,-2.0934014589996766
2021-07-24,-2.0835988074921508
2021-07-25,-1.9756486257505033
2021-07-26,-2.043733670331829
2021-07-27,-2.259431859604204
2021-07-28,-2.6606235129324998
2021-07-29,-1.9444437999918731
2021-07-30,-2.111454322954793
2021-07-31,-2.1001268965944395
2021-08-01,-3.003900328646481
2021-08-02,-2.802361111429808
2021-08-03,-1.828391661821734
2021-08-04,-2.0288475031170803
2021-08-05,-1.7623713999936264
2021-08-06,-2.1010968394194425
2021-08-07,-1.823692973441934
2021-08-08,-1.5330632362759655
2021-08-09,-1.3550537469106856
2021-08-10,-2.0218728586118586
2021-08-11,-2.9422490797897267
2021-08-12,-2.021493386525844
2021-08-13,-1.5313825435621728
2021-08-14,-1.898188028284536
2021-08-15,-1.6012854336671156
2021-08-16,-1.6599387990273107
2021-08-17,-2.329654941508065
2021-08-18,-1.766907261040322
2021-08-19,-1.7420814208413389
2021-08-20,-2.546311388375536
2021-08-21,-2.0091750256228433
2021-08-22,-1.268322469569401
2021-08-23,-2.2825184632457947
2021-08-24,-2.0847123005810606
2021-08-25,-1.5508007601874207
2021-08-26,-1.8589618780065833
2021-08-27,-1.9168243821971207
2021-08-28,-2.005945392282424
2021-08-29,-1.8113907804028113
2021-08-30,-1.6290213487962852
2021-08-31,-1.2737460698135068
2021-09-01,-1.3268942047052616
2021-09-02,-1.538888673947899
2021-09-03,-1.4341345175216362
2021-09-04,-1.3680513420104046
2021-09-05,-1.3535543743532303
2021-09-06,-1.208403639742501
2021-09-07,-1.357783859218028
2021-09-08,-1.0790853573568306
2021-09-09,-1.3196382042183221
2021-09-10,-1.7202405688555815
2021-09-11,-1.7482436894304096
2021-09-12,-1.3402175420398996
2021-09-13,-1.0090563619513289
2021-09-14,-1.1366163165179144
2021-09-15,-1.3122737695842266
2021-09-16,-1.8786328265476893
2021-09-17,-1.5239837899901971
2021-09-18,-1.420466305582136
2021-09-19,-1.3528620764193233
2021-09-20,-1.330972188621102
2021-09-21,-1.8389983184410432
2021-09-22,-1.8311565705355783
2021-09-23,-1.6113850503588787
2021-09-24,-1.7019328178494075
2021-09-25,-1.3340593693480434
2021-09-26,-0.8384188450693034
2021-09-27,-0.6345938410444767
2021-09-28,-1.288367869688666
2021-09-29,-1.5232783648114236
2021-09-30,-2.1618739042306148
2021-10-01,-2.0377129670308496
2021-10-02,-1.0201017966574706
2021-10-03,-0.7730238189188222
2021-10-04,-1.1039525604343068
2021-10-05,-1.4502164767154748
2021-10-06,-1.7389466212095983
2021-10-07,-1.5204440321660577
2021-10-08,-1.5981066255221792
2021-10-09,-1.7302257682398925
2021-10-10,-1.1157417513720627
2021-10-11,-1.0649443837535535
2021-10-12,-1.0359268553333203
2021-10-13,-1.3115145683786338
2021-10-14,-1.0611158282229272
2021-10-15,-0.918852773341727
2021-10-16,-1.0803468472183124
2021-10-17,-0.7593348253342865
2021-10-18,-1.3327163808288687
2021-10-19,-1.6763845580782013
2021-10-20,-1.923561569131163
2021-10-21,-1.6348894188708722
2021-10-22,-1.578286733372327
2021-10-23,-1.8860624741845338
2021-10-24,-1.8490545801859244
2021-10-25,-2.3280469759153077
2021-10-26,-1.2514983081667888
2021-10-27,-1.5087446999264098
2021-10-28,-1.5197099055949956
2021-10-29,-1.3525609110700512
2021-10-30,-1.2993296532384375
2021-10-31,-1.2267411281929044
2021-11-01,-1.4337157603747053
2021-11-02,-1.1951940377702674
2021-11-03,-1.412405772995356
2021-11-04,-1.4570453768045457
2021-11-05,-1.7620808326257413
2021-11-06,-2.3809757229065305
2021-11-07,-2.255654305306323
2021-11-08,-1.720067465653192
2021-11-09,-2.075609865022278
2021-11-10,-2.2923365339918265
2021-11-11,-2.211933967892676
2021-11-12,-1.9449333635807406
2021-11-13,-2.1973370302574717
2021-11-14,-2.364400152177593
2021-11-15,-2.6495034965937245
2021-11-16,-2.1402339545357387
2021-11-17,-2.181063600037283
2021-11-18,-2.1288683442428114
2021-11-19,-2.155697667294341
2021-11-20,-2.382960855718681
2021-11-21,-2.387297432641869
2021-11-22,-2.4381599839780854
2021-11-23,-2.141827381875929
2021-11-24,-1.2985511304895978
2021-11-25,-1.2839207243319541
2021-11-26,-2.1419899534797797
2021-11-27,-2.200912405279796
2021-11-28,-2.260059440705063
2021-11-29,-1.5677809849222082
2021-11-30,-1.9703048928005438
2021-12-01,-1.960936869543276
2021-12-02,-1.8458844676297919
2021-12-03,-1.6868953456050835
2021-12-04,-1.4611298307384748
2021-12-05,-1.7133831066855572
2021-12-06,-1.3164107155009415
2021-12-07,-1.5278461559698884
2021-12-08,-1.1226847956993369
2021-12-09,-1.0881770303439533
2021-12-10,-1.3625296270930356
2021-12-11,-1.182082265078022
2021-12-12,-1.75551448311136
2021-12-13,-1.9182224782355555
2021-12-14,-1.5202027643546276
2021-12-15,-3.1032289196140037
2021-12-16,-2.161960358406464
2021-12-17,-1.5594296770570948
2021-12-18,-1.7332975213211308
2021-12-19,-2.2157471313865087
2021-12-20,-2.315407214142364
2021-12-21,-1.7964601272511844
2021-12-22,-1.4710303493101486
2021-12-23,-1.630759289163392
2021-12-24,-1.2938738110860377
2021-12-25,-1.319083860342005
2021-12-26,-1.862014562512926
2021-12-27,-1.708536472659801
2021-12-28,-2.0900073099758565
2021-12-29,-1.9638326228717362
2021-12-30,-1.9420720173508146
2021-12-31,-1.468135261708888
2022-01-01,-1.8472157653895245
2022-01-02,-2.0879550510056686
2022-01-03,-1.4632162615102735
2022-01-04,-2.183998285628078
2022-01-05,-1.611388291849283
2022-01-06,-1.6784694746960898
2022-01-07,-1.7874187818242127
2022-01-08,-2.6709209872455872
2022-01-09,-2.1514392294995974
2022-01-10,-1.6134784464203697
2022-01-11,-1.900876517145423
2022-01-12,-2.0383481421212397
2022-01-13,-3.7874497135330247
2022-01-14,-2.7525870513996726
2022-01-15,-2.48586408040415
2022-01-16,-2.0381249235398493
2022-01-17,-1.7887965954673264
2022-01-18,-2.076789002550511
2022-01-19,-2.2761068603497603
2022-01-20,-2.5559162526491717
2022-01-21,-2.3443212860393743
2022-01-22,-1.7820545993981436
2022-01-23,-2.4135019238976874
2022-01-24,-2.9498688987370567
2022-01-25,-2.8608642327875256
2022-01-26,-2.5536671251175216
2022-01-27,-2.494567255589369
2022-01-28,-2.182668584399341
2022-01-29,-2.0746281847804315
2022-01-30,-2.4301676629116997
2022-01-31,-2.666838579598156
2022-02-01,-2.3627045669364537
2022-02-02,-2.065388254773862
2022-02-03,-2.285144927410663
2022-02-04,-2.1011885894459583
2022-02-05,-1.9409988120012591
2022-02-06,-1.9276666644430849
2022-02-07,-1.9717762885804402
2022-02-08,-2.122897125699084
2022-02-09,-1.9263497968643226
2022-02-10,-1.7494322974526273
2022-02-11,-1.8988830849996206
2022-02-12,-2.0903561806947937
2022-02-13,-2.197887001039802
2022-02-14,-1.8820669881769845
2022-02-15,-1.9619261142981028
2022-02-16,-1.82600135699808
2022-02-17,-2.0889720880475897
2022-02-18,-2.374893419545403
2022-02-19,-2.637036085364616
2022-02-20,-2.289610042556393
2022-02-21,-2.2456455739322325
2022-02-22,-2.1193519043246205
2022-02-23,-2.196295581482531
2022-02-24,-2.979388467296498
2022-02-25,-2.948672557759912
2022-02-26,-2.734059410207833
2022-02-27,-2.5723380376770444
2022-02-28,-2.0718905957842972
2022-03-01,-1.9717429658154029
2022-03-02,-2.110205995474323
2022-03-03,-2.4626460422179197
2022-03-04,-2.2469693893753813
2022-03-05,-2.2192317368296606
2022-03-06,-2.2779310280924783
2022-03-07,-1.9696277876211734
2022-03-08,-2.4253300965319267
2022-03-09,-2.1054335519793126
2022-03-10,-2.029418560293965
2022-03-11,-1.9126019975220838
2022-03-12,-2.4479399350666946
2022-03-13,-2.9382620738590854
2022-03-14,-2.0371160782570366
2022-03-15,-2.378518717560698
2022-03-16,-1.9603238100075584
2022-03-17,-2.3566516695865367
2022-03-18,-2.2404074464997157
2022-03-19,-2.2090912853314113
2022-03-20,-1.7068481634849395
2022-03-21,-1.9530042278399993
2022-03-22,-2.309594724371235
2022-03-23,-2.1359529152950114
2022-03-24,-1.9007889176146233
2022-03-25,-1.8180829492940824
2022-03-26,-2.063968463447737
2022-03-27,-1.5397023149382147
2022-03-28,-1.9064990148721828
2022-03-29,-1.7607071278451913
2022-03-30,-1.8666599508929085
2022-03-31,-1.7796360030460228
2022-04-01,-1.8530561157384215
2022-04-02,-2.049556184943497
2022-04-03,-2.8594975925342396
2022-04-04,-3.3090895528669355
2022-04-05,-2.859034164984422
2022-04-06,-2.6559204459972743
2022-04-07,-2.577378374408351
2022-04-08,-2.34167674090486
2022-04-09,-2.396180609967439
2022-04-10,-2.8839058374972946
2022-04-11,-2.393359692750182
2022-04-12,-1.8537226315964328
2022-04-13,-2.171056457186945
2022-04-14,-2.4000637221700125
2022-04-15,-1.7580460104082
2022-04-16,-1.8903820240526432
2022-04-17,-2.045723985157654
2022-04-18,-1.9741621223693422
2022-04-19,-1.8006423241288392
2022-04-20,-1.6499123473340327
2022-04-21,-1.9609206346859573
2022-04-22,-2.8624006004448446
2022-04-23,-2.081715705075366
2022-04-24,-2.1783720091452103
2022-04-25,-1.5075659445301248
2022-04-26,-1.807848342329039
2022-04-27,-1.6332366409294528
2022-04-28,-1.9056403957643677
2022-04-29,-2.163738182953411
2022-04-30,-2.0568064964180977
2022-05-01,-1.687702978763595
2022-05-02,-1.5278843030831097
2022-05-03,-1.5764720055051127
2022-05-04,-1.5187048097584697
2022-05-05,-1.0620310497437053
2022-05-06,-1.4851202926268388
2022-05-07,-2.1339776756598328
2022-05-08,-2.244288991338652
2022-05-09,-1.664329877906779
2022-05-10,-1.6021649070477106
2022-05-11,-1.634019624945382
2022-05-12,-1.7571027764425549
2022-05-13,-1.8683991536296063
2022-05-14,-1.8839656059447545
2022-05-15,-1.2513678512034236
2022-05-16,-1.499212711731266
2022-05-17,-1.6056858175956839
2022-05-18,-1.4361719582658723
2022-05-19,-1.954710368366292
2022-05-20,-1.7810771696941958
2022-05-21,-2.0385907001214205
2022-05-22,-1.6895827914638297
2022-05-23,-1.2631057027563841
2022-05-24,-1.5258392477445757
2022-05-25,-1.3949828486404228
2022-05-26,-1.6190589433045917
2022-05-27,-1.578800086464873
2022-05-28,-1.7100478472520393
2022-05-29,-1.7379730758082135
2022-05-30,-1.5505429483398374
2022-05-31,-1.6767291409445473
2022-06-01,-1.3737850689964204
2022-06-02,-1.5886626376891255
2022-06-03,-1.8367257987418828
2022-06-04,-1.848810620469486
2022-06-05,-1.8620016361341232
2022-06-06,-1.417022922885416
2022-06-07,-1.5954837614486095
2022-06-08,-2.32874047154387
2022-06-09,-2.2175271750053596
2022-06-10,-1.741323038459614
2022-06-11,-1.6585747209258357
2022-06-12,-1.7480272531240433
2022-06-13,-1.510477461120462
2022-06-14,-1.8723145039944178
2022-06-15,-2.0175866735535375
2022-06-16,-1.1320435215749927
2022-06-17,-1.1240806877022398
2022-06-18,-1.3767595904898464
2022-06-19,-1.5758040224083782
2022-06-20,-1.5379050533853806
2022-06-21,-1.5234719417951832
2022-06-22,-1.3568959060457444
2022-06-23,-1.4168153930273077
2022-06-24,-1.834835634817151
2022-06-25,-1.965937260734702
2022-06-26,-1.4459596032098148
2022-06-27,-1.2709133939306747
2022-06-28,-2.2825475352351186
2022-06-29,-1.4525371508917897
2022-06-30,-1.3475444288606027
2022-07-01,-1.4267701368470012
2022-07-02,-1.5051113907071687
2022-07-03,-1.8012380708967262
2022-07-04,-1.5484685794869626
2022-07-05,-1.5121359888174781
2022-07-06,-1.2183929978678214
2022-07-07,-1.5573993150512402
2022-07-08,-2.1430422157630518
2022-07-09,-2.087653060530224
2022-07-10,-1.9870218170152132
2022-07-11,-2.043847372856997
2022-07-12,-1.610595027162622
2022-07-13,-1.5685308841834134
2022-07-14,-1.4663888694015796
2022-07-15,-2.076860779330672
2022-07-16,-1.4539919616061772
2022-07-17,-1.5257977500341282
2022-07-18,-1.5585277845773697
2022-07-19,-1.673340189684692
2022-07-20,-1.6766763833735903
2022-07-21,-2.1596597497533683
2022-07-22,-1.785768056745929
2022-07-23,-1.972092581779173
2022-07-24,-2.037577878647663
2022-07-25,-1.6784907212267954
2022-07-26,-1.9573281409893333
2022-07-27,-2.0296274235257314
2022-07-28,-1.7760944638929146
2022-07-29,-1.8979730572042528
2022-07-30,-2.270354824506736
2022-07-31,-1.9013335733080687
2022-08-01,-1.7425178503602208
2022-08-02,-1.8896870384326583
2022-08-03,-2.040697805283632
2022-08-04,-2.337347648694215
2022-08-05,-1.9509767554263677
2022-08-06,-1.505833132925915
2022-08-07,-1.808585787118973
2022-08-08,-1.7919879900100024
2022-08-09,-1.767254591352733
2022-08-10,-1.6570940524929518
2022-08-11,-1.9985350887785394
2022-08-12,-2.242237345752998
2022-08-13,-1.9713561011093752
2022-08-14,-1.65894197144005
2022-08-15,-1.4989309002274134
2022-08-16,-1.6804671306088887
2022-08-17,-2.717565587859603
2022-08-18,-2.0208827106759606
2022-08-19,-2.231009520036723
2022-08-20,-2.4154884594795796
2022-08-21,-1.8950437896315064
2022-08-22,-1.9891804348497355
2022-08-23,-1.9370571829866563
2022-08-24,-1.1229896994616528
2022-08-25,-1.2953454163973255
2022-08-26,-1.5960719481170607
2022-08-27,-1.9002869043010209
2022-08-28,-1.7734133080293935
2022-08-29,-1.2422268344587732
2022-08-30,-1.8624305608198126
2022-08-31,-1.7797799637359517
2022-09-01,-2.073502448221108
2022-09-02,-1.9054019095782673
2022-09-03,-1.5433715679151951
2022-09-04,-1.8655149124952946
2022-09-05,-1.817192630339886
2022-09-06,-1.417061104248642
2022-09-07,-1.6533216212514428
2022-09-08,-1.4308499592842145
2022-09-09,-1.5623530806847874
2022-09-10,-1.510542471055567
2022-09-11,-0.9748824526818857
2022-09-12,-1.3701579328417202
2022-09-13,-2.006149934254338
2022-09-14,-1.7071523636995114
2022-09-15,-1.6032522922749735
2022-09-16,-1.4109421781683151
2022-09-17,-1.5420680680766878
2022-09-18,-1.7394693748605596
2022-09-19,-1.2276235071974162
2022-09-20,-1.578860544014413
2022-09-21,-1.5369631322240915
2022-09-22,-1.3565117640254156
2022-09-23,-1.6234595519267643
2022-09-24,-1.2460443145584648
2022-09-25,-1.147575730734801
2022-09-26,-1.4263798629653177
2022-09-27,-2.5213598673529143
2022-09-28,-2.327525521110003
2022-09-29,-1.9100009848646848
2022-09-30,-1.92160118118686
2022-10-01,-1.6814921470826225
2022-10-02,-1.4911877101542725
2022-10-03,-1.4066081947780305
2022-10-04,-1.6411399102522082
2022-10-05,-1.517256904466066
2022-10-06,-1.7827139070493758
2022-10-07,-1.4050777241330066
2022-10-08,-1.767071842579197
2022-10-09,-2.45835841126533
2022-10-10,-2.226850344393521
2022-10-11,-2.6894757609370536
2022-10-12,-1.8833662194880358
2022-10-13,-1.434940370347632
2022-10-14,-1.424124704420677
2022-10-15,-1.6447628195319322
2022-10-16,-1.3791293443797974
2022-10-17,-1.4176743124913411
2022-10-18,-1.6920135602397117
2022-10-19,-1.5126348320804814
2022-10-20,-1.756321625004545
2022-10-21,-1.6934441606485666
2022-10-22,-2.146096900444545
2022-10-23,-1.8601958924424078
2022-10-24,-1.4832238388063097
2022-10-25,-1.4267625626546574
2022-10-26,-1.5100617643005936
2022-10-27,-1.5199229837276655
2022-10-28,-2.269503856205638
2022-10-29,-2.039492861727343
2022-10-30,-2.3870313455252963
2022-10-31,-1.8710018095291387
2022-11-01,-1.5620073639135057
2022-11-02,-1.3525024812683042
2022-11-03,-1.542055338727095
2022-11-04,-1.701900591416755
2022-11-05,-1.7748591232935096
2022-11-06,-2.013731010557757
2022-11-07,-1.4903695375289507
2022-11-08,-1.8596841591329132
2022-11-09,-1.698122379768294
2022-11-10,-1.3721178541586052
2022-11-11,-1.5855571078852322
2022-11-12,-1.8129982911372533
2022-11-13,-1.2652914940061113
2022-11-14,-1.2995066806288362
2022-11-15,-1.8646777422592578
2022-11-16,-1.498178789514962
2022-11-17,-1.8277853918719658
2022-11-18,-1.6218083330236759
2022-11-19,-1.8067506891783518
2022-11-20,-1.94853657022662
2022-11-21,-1.5042837234032205
2022-11-22,-1.7357637485680675
2022-11-23,-1.853213510158065
2022-11-24,-1.6569486051525126
2022-11-25,-1.3039649127617758
2022-11-26,-1.9181311099087819
2022-11-27,-1.482471508462068
2022-11-28,-1.487699906716265
2022-11-29,-1.151828227344712
2022-11-30,-1.5635153589728943
2022-12-01,-1.2474814121231537
2022-12-02,-1.7723646926523022
2022-12-03,-1.7288968741603978
2022-12-04,-1.6516429954364804
2022-12-05,-1.6582368604135869
2022-12-06,-1.9828278348234247
2022-12-07,-3.372752655236598
2022-12-08,-2.826595620965495
2022-12-09,-2.3229320098057533
2022-12-10,-3.034617513233737
2022-12-11,-2.517739121023932
2022-12-12,-2.0092171559871193
2022-12-13,-2.3689568730910358
2022-12-14,-1.650892970214585
2022-12-15,-1.4013222277973727
2022-12-16,-1.5997786015790396
2022-12-17,-1.8587973625312137
2022-12-18,-1.8308335344099802
2022-12-19,-1.4458470441053415
2022-12-20,-2.6418213604523184
2022-12-21,-1.7701358509828469
2022-12-22,-1.2787237974898409
2022-12-23,-2.0188597897382583
2022-12-24,-1.4160331490566591
2022-12-25,-1.248538629881387
2022-12-26,-1.886224198507704
2022-12-27,-1.9598359106138616
2022-12-28,-1.9304478679147299
2022-12-29,-1.9770211102352122
2022-12-30,-1.6255830214788274
2022-12-31,-1.542881397931033
2023-01-01,-1.4066972208796067
2023-01-02,-2.2037577354807056
2023-01-03,-1.76022944939497
2023-01-04,-2.335202576213617
2023-01-05,-1.584627127263826
2023-01-06,-1.6634183356989196
2023-01-07,-1.702623636256199
2023-01-08,-3.6172296919826388
2023-01-09,-2.3171546615556804
2023-01-10,-2.0672103306664944
2023-01-11,-1.866439794793711
2023-01-12,-1.5466629738056457
2023-01-13,-1.45080192850883
2023-01-14,-2.546004516022215
2023-01-15,-2.84991055673558
2023-01-16,-2.2971138086197165
2023-01-17,-2.1490603511371766
2023-01-18,-2.078931417907022
2023-01-19,-1.5374079880738654
2023-01-20,-0.9827686783921697
2023-01-21,-1.3827559811216128
2023-01-22,-1.4199759510765328
2023-01-23,-1.5674334569869262
2023-01-24,-1.7068694353240532
2023-01-25,-1.7818731491947553
2023-01-26,-2.3283414389390673
2023-01-27,-2.4809483225535836
2023-01-28,-2.111795608866442
2023-01-29,-1.705590635582537
2023-01-30,-1.8151856444855097
2023-01-31,-2.078510201181039
2023-02-01,-2.3091617197869367
2023-02-02,-2.0367566653671445
2023-02-03,-1.7302688266089195
2023-02-04,-2.1150028486016246
2023-02-05,-1.9258022723302557
2023-02-06,-1.6153714548064868
2023-02-07,-1.394721756471712
2023-02-08,-1.1819648042727728
2023-02-09,-0.7986941592398862
2023-02-10,-1.6272659058846133
2023-02-11,-1.9643277562988963
2023-02-12,-2.0511071813996486
2023-02-13,-1.8232112134168579
2023-02-14,-1.7300929129982363
2023-02-15,-1.8972370061968522
2023-02-16,-1.6367054254060267
2023-02-17,-1.7646180197265815
2023-02-18,-1.5752759357537003
2023-02-19,-2.1366730514763734
2023-02-20,-1.4774165685564031
2023-02-21,-1.9550553588555053
2023-02-22,-2.0248119026121523
2023-02-23,-1.6067073789623407
2023-02-24,-1.8564217297059886
2023-02-25,-1.1557099295201925
2023-02-26,-1.6645318360161987
2023-02-27,-1.50454021773533
2023-02-28,-1.9646056707410158
2023-03-01,-2.0684930443718184
2023-03-02,-1.4845266247097277
2023-03-03,-0.9648203943928677
2023-03-04,-1.3651917217299145
2023-03-05,-2.10667223093007
2023-03-06,-1.4461002103248897
2023-03-07,-1.6270077518141104
2023-03-08,-1.930501977891676
2023-03-09,-2.1136618841856376
2023-03-10,-3.05492732652201
2023-03-11,-2.81705045638978
2023-03-12,-2.395774574191789
2023-03-13,-1.728570022656456
2023-03-14,-2.0761017751265727
2023-03-15,-1.9329890757387542
2023-03-16,-2.0414431357778877
2023-03-17,-1.9934672673568776
2023-03-18,-2.305118371396974
2023-03-19,-2.4604863726502724
2023-03-20,-2.1870153095470792
2023-03-21,-1.8792275466466704
2023-03-22,-1.1021098476225395
2023-03-23,-1.696861504498843
2023-03-24,-1.9089724705418118
2023-03-25,-2.1062037871100787
2023-03-26,-2.0792362210378164
2023-03-27,-1.8581558810252299
2023-03-28,-1.4280051915022614
2023-03-29,-0.524580519562185
2023-03-30,-0.7938997531537029
2023-03-31,-1.233876422562099
2023-04-01,-1.216546041339181
2023-04-02,-1.4916015610352484
2023-04-03,-1.2018417606508114
2023-04-04,-1.5533257455377354
2023-04-05,-1.6339726104015837
2023-04-06,-1.8316968751857468
2023-04-07,-2.0133115955963437
2023-04-08,-2.5865565943743176
2023-04-09,-2.5011989923695515
2023-04-10,-2.2853039065681577
2023-04-11,-2.1198010425720932
2023-04-12,-1.7532257181392061
2023-04-13,-1.7350789331658991
2023-04-14,-1.8755254974606086
2023-04-15,-2.1217781546540038
2023-04-16,-1.841596331604958
2023-04-17,-1.5630256179522817
2023-04-18,-1.5879409618099312
2023-04-19,-1.9396906668705853
2023-04-20,-1.7167069609930545
2023-04-21,-1.2381146949184811
2023-04-22,-1.6363000831889043
2023-04-23,-2.1104088871044615
2023-04-24,-1.786389193676755
2023-04-25,-1.860186835267528
2023-04-26,-2.004983117261308
2023-04-27,-1.720724883344303
2023-04-28,-1.4195237706836439
2023-04-29,-1.4495958135393003
2023-04-30,-1.79735891373992
2023-05-01,-1.2863813602558656
2023-05-02,-1.0178766229686125
2023-05-03,-1.8120843707379795
2023-05-04,-1.889421521238729
2023-05-05,-1.4933545143971256
2023-05-06,-1.1003226854819073
2023-05-07,-1.4025013561098985
2023-05-08,-1.6604301763930787
2023-05-09,-1.4987106314581236
2023-05-10,-1.2772903259187292
2023-05-11,-2.1702948832485034
2023-05-12,-1.5337527128145463
2023-05-13,-0.8489563959644616
2023-05-14,0.1545107722570411
2023-05-15,-0.7263926771422348
2023-05-16,-1.653320568286901
2023-05-17,-1.554420348997785
2023-05-18,-1.1961004280736325
2023-05-19,-1.2964215467947224
2023-05-20,-0.8931672421193335
2023-05-21,-1.5175482734308747
2023-05-22,-1.5792596380756518
2023-05-23,-1.974918121306044
2023-05-24,-1.8250118964834219
2023-05-25,-1.6096294044356263
2023-05-26,-1.8797143662779665
2023-05-27,-2.160475289804284
2023-05-28,-2.152036205334756
2023-05-29,-1.5546354257951582
2023-05-30,-1.4364329410967775
2023-05-31,-2.055368460310059
2023-06-01,-1.553753905504385
2023-06-02,-1.5157766161224182
2023-06-03,-1.7849684926542062
2023-06-04,-3.0319270678678625
2023-06-05,-1.5813010135546033
2023-06-06,-1.517529188068128
2023-06-07,-1.5011166239906792
2023-06-08,-1.3716425976703375
2023-06-09,-1.3218363481360424
2023-06-10,-1.7707249679301458
2023-06-11,-1.8102652596580961
2023-06-12,-1.1873579863876336
2023-06-13,-1.495866147107144
2023-06-14,-1.4744703886304993
2023-06-15,-1.3468404799564115
2023-06-16,-1.2813004938364256
2023-06-17,-1.4343856758049416
2023-06-18,-1.2878220416434605
2023-06-19,-1.0122648127731464
2023-06-20,-1.1953629620671995
2023-06-21,-1.0862338591401794
2023-06-22,-1.5225266532277741
2023-06-23,-1.1675469672812497
2023-06-24,-1.4284034075233067
2023-06-25,-1.620723672883567
2023-06-26,-0.976339031985768
2023-06-27,-1.787161196880073
2023-06-28,-1.4456967496845334
2023-06-29,-1.0970612963916593
2023-06-30,-1.4486387318074763
2023-07-01,-2.4818896533007853
2023-07-02,-2.6595433115216855
2023-07-03,-1.6078529927249947
2023-07-04,-1.230080252955737
2023-07-05,-1.204412883170483
2023-07-06,-1.819924499030215
2023-07-07,-1.8615160395486423
2023-07-08,-1.5988836568847367
2023-07-09,-1.4798691112273445
2023-07-10,-0.8635779252804024
2023-07-11,-0.5642958038365176
2023-07-12,-0.9775826694463341
2023-07-13,-0.9667099040227951
2023-07-14,-1.3766124527822907
2023-07-15,-1.4201493918427524
2023-07-16,-1.2962718716961377
2023-07-17,-1.1343586891916486
2023-07-18,-1.007232047568556
2023-07-19,-1.3336441893389608
2023-07-20,-1.1764206201749496
2023-07-21,-1.3450323401089581
2023-07-22,-1.5203965674206739
2023-07-23,-1.7743631171909633
2023-07-24,-1.3660011409599797
2023-07-25,-1.4043083748446943
2023-07-26,-1.4435506059839787
2023-07-27,-1.500805475089895
2023-07-28,-1.2402562662503456
2023-07-29,-2.1142717775587117
2023-07-30,-2.0145305139583285
2023-07-31,-1.4856081969113484
2023-08-01,-1.7506016738834544
2023-08-02,-2.0454051030813707
2023-08-03,-1.9005647109209116
2023-08-04,-1.8822707868472932
2023-08-05,-1.6326724766040681
2023-08-06,-1.6891335983613749
2023-08-07,-1.6806176931763468
2023-08-08,-1.5482501255828363
2023-08-09,-1.6512912984024222
2023-08-10,-1.5094442069838843
2023-08-11,-1.5024201544521858
2023-08-12,-1.6882412026885347
2023-08-13,-1.827613320710332
2023-08-14,-1.3419614402572064
2023-08-15,-1.58123208201192
2023-08-16,-1.5968181597671396
2023-08-17,-1.0589236568869091
2023-08-18,-1.4866718755851513
2023-08-19,-1.7520586034837167
2023-08-20,-1.378839254120838
2023-08-21,-1.9096986964106397
2023-08-22,-1.283971487119545
2023-08-23,-1.5819534972105085
2023-08-24,-1.834795192242227
2023-08-25,-1.8827630534466941
2023-08-26,-1.7214807945157435
2023-08-27,-1.7943358058254752
2023-08-28,-1.3605321577285054
2023-08-29,-2.1373182713586725
2023-08-30,-1.9028309635953509
2023-08-31,-1.6994019591843768
2023-09-01,-2.1845855281107047
2023-09-02,-1.6165594396699559
2023-09-03,-1.8228338230564858
2023-09-04,-1.2737355997098385
2023-09-05,-1.227673288132374
2023-09-06,-1.1590473416845377
2023-09-07,-1.2100049367703065
2023-09-08,-1.2340937727072572
2023-09-09,-1.139351603793665
2023-09-10,-1.101700573784286
2023-09-11,-0.8876686819484348
2023-09-12,-1.1251828557257928
2023-09-13,-1.0749434194921872
2023-09-14,-1.4798162412320448
2023-09-15,-1.0227418597417746
2023-09-16,-1.3051293615442365
2023-09-17,-1.7903032410157504
2023-09-18,-1.4391797835088234
2023-09-19,-1.3206023313877335
2023-09-20,-1.5948977767587011
2023-09-21,-1.2868441821267147
2023-09-22,-1.3323556487222326
2023-09-23,-1.6316601183690318
2023-09-24,-1.6346321161327735
2023-09-25,-1.5483953973971043
2023-09-26,-2.044634513948664
2023-09-27,-2.059344880146699
2023-09-28,-1.2586470444930034
2023-09-29,-1.144744143279723
2023-09-30,-1.3594778229858435
2023-10-01,-1.7660904060705107
2023-10-02,-0.9436499843962626
2023-10-03,-0.8915660503501732
2023-10-04,-1.0653301406531612
2023-10-05,-1.2741336904589984
2023-10-06,-1.363011344162057
2023-10-07,-2.142607378683254
2023-10-08,-2.3633510909293314
2023-10-09,-2.633251641046168
2023-10-10,-2.2223089971817096
2023-10-11,-2.0242050689508195
2023-10-12,-2.262666827267069
2023-10-13,-2.129323263500698
2023-10-14,-2.3723057298938324
2023-10-15,-2.3747155381217873
2023-10-16,-1.7242007442594915
2023-10-17,-2.0671731047714554
2023-10-18,-2.9358450005310517
2023-10-19,-2.544180931125367
2023-10-20,-2.289555023938775
2023-10-21,-2.150785473877557
2023-10-22,-2.374477480295301
2023-10-23,-2.0900917284768985
2023-10-24,-1.865574351485531
2023-10-25,-1.7311454392204066
2023-10-26,-1.756814193388592
2023-10-27,-1.7554877419970039
2023-10-28,-1.8876476481924258
2023-10-29,-1.3119453218784904
2023-10-30,-2.4734812460145528
2023-10-31,-2.2883139288634253
2023-11-01,-1.8220649063774463
2023-11-02,-1.6675460089846619
2023-11-03,-1.6210947406895992
2023-11-04,-1.951248377912502
2023-11-05,-2.8218265555405844
2023-11-06,-1.4906799256502177
2023-11-07,-1.5961122134765888
2023-11-08,-1.5932326789520752
2023-11-09,-2.0061605976757138
2023-11-10,-1.6011786617988384
2023-11-11,-1.0723111896898958
2023-11-12,-1.7531393511050535
2023-11-13,-1.0217031320605574
2023-11-14,-0.8978297884030431
2023-11-15,-1.699467914233321
2023-11-16,-2.030397963610823
2023-11-17,-1.5561183475097347
2023-11-18,-1.5802098079741724
2023-11-19,-1.5502177563592423
2023-11-20,-1.405935021644445
2023-11-21,-1.1439974070128518
2023-11-22,-1.0656712845156118
2023-11-23,-1.7740652882539438
2023-11-24,-1.3662574714035158
2023-11-25,-1.9618762543083132
2023-11-26,-1.8560658514229882
2023-11-27,-1.4494432554270873
2023-11-28,-1.5757700176159435
2023-11-29,-1.9736501024830133
2023-11-30,-2.0501653544193315
2023-12-01,-1.491691463360865
2023-12-02,-1.7002868898261037
2023-12-03,-2.9483233883093423
2023-12-04,-1.9567995134156875
2023-12-05,-1.860855378364805
2023-12-06,-1.6506496278380016
2023-12-07,-1.4411720594352164
2023-12-08,-1.3508849748095184
2023-12-09,-1.513383478319821
2023-12-10,-1.7762174193844094
2023-12-11,-1.6982273527922276
2023-12-12,-1.7967690354337567
2023-12-13,-1.408132016971148
2023-12-14,-1.9202973432187826
2023-12-15,-2.0383494587695195
2023-12-16,-1.8707303896585177
2023-12-17,-2.5314287275591902
2023-12-18,-1.8216690551660764
2023-12-19,-1.4732463197700874
2023-12-20,-1.5757438515948932
2023-12-21,-1.6813339521387007
2023-12-22,-1.7005325327731702
2023-12-23,-1.6978996992328397
2023-12-24,-1.8790690874937412
2023-12-25,-1.9893955965914638
2023-12-26,-2.4170950794581305
2023-12-27,-1.9312501736827632
2023-12-28,-1.6155548871850165
2023-12-29,-1.916279949380757
2023-12-30,-1.9454208353602178
2023-12-31,-2.5288864443941783
2024-01-01,-2.3618073417393233
2024-01-02,-1.9248662822867184
2024-01-03,-2.0619319019215263
2024-01-04,-2.1765731192310245
2024-01-05,-2.7627380062656877
2024-01-06,-2.303983895757131
2024-01-07,-2.3299378031959392
2024-01-08,-2.8150056978677362
2024-01-09,-1.957950153314007
2024-01-10,-2.0676742340252523
2024-01-11,-1.7949462664758196
2024-01-12,-2.2995131136090476
2024-01-13,-2.448842121394795
2024-01-14,-2.6369260683195686
2024-01-15,-2.687916447779975
2024-01-16,-1.9062348508325977
2024-01-17,-1.749967173059984
2024-01-18,-1.6643365571432005
2024-01-19,-1.9957043521038487
2024-01-20,-2.0089461053469195
2024-01-21,-1.9224927061663837
2024-01-22,-1.7101031998894796
2024-01-23,-1.275806768608312
2024-01-24,-1.2932093476975004
2024-01-25,-1.7264876959320257
2024-01-26,-1.7987644050055043
2024-01-27,-2.4820904385974565
2024-01-28,-2.0935171333085973
2024-01-29,-1.8618982998970666
2024-01-30,-1.7951917211868433
2024-01-31,-1.7695605210348875
2024-02-01,-1.2323791844427925
2024-02-02,-1.4194973303820235
2024-02-03,-1.6105018928647323
2024-02-04,-1.6389163816968506
2024-02-05,-1.4069056296539055
2024-02-06,-1.4691403751574268
2024-02-07,-1.310619926042807
2024-02-08,-1.397713391983139
2024-02-09,-1.650249935142053
2024-02-10,-1.8397979648048641
2024-02-11,-1.9125455268753209
2024-02-12,-1.4049543095721666
2024-02-13,-1.4511737403994338
2024-02-14,-1.423380608553973
2024-02-15,-0.9521354078573342
2024-02-16,-1.729588523717534
2024-02-17,-1.4344151090731725
2024-02-18,-1.8975315827526988
2024-02-19,-2.086232365991858
2024-02-20,-2.1371171605469677
2024-02-21,-2.0790630574358886
2024-02-22,-1.721050158323302
2024-02-23,-1.5949142733120447
2024-02-24,-2.0395123720415205
2024-02-25,-1.8205695650074294
2024-02-26,-2.1053915946474557
2024-02-27,-2.156426113044341
2024-02-28,-2.000076049762999
2024-02-29,-1.8370114474019268
2024-03-01,-2.1045363798497134
2024-03-02,-2.1649712192422106
2024-03-03,-2.780839112009161
2024-03-04,-2.497446182713674
2024-03-05,-2.2773151848311577
2024-03-06,-1.7594112359787357
2024-03-07,-1.5274718196744212
2024-03-08,-1.2716967509080117
2024-03-09,-1.903817051162789
2024-03-10,-1.9577577253401308
2024-03-11,-1.8684545948241091
2024-03-12,-1.7981702121456635
2024-03-13,-1.496942720595793
2024-03-14,-1.4522905570067897
2024-03-15,-1.254805201468633
2024-03-16,-1.48033777767538
2024-03-17,-2.5794890370913333
2024-03-18,-1.8272889618896744
2024-03-19,-1.3723761059622726
2024-03-20,-1.4362570245901267
2024-03-21,-1.1881943846335334
2024-03-22,-1.4648658414703633
2024-03-23,-2.9176718285519714
2024-03-24,-2.1773086714125904
2024-03-25,-1.9491804630141345
2024-03-26,-1.419467188848913
2024-03-27,-1.8137956776423303
2024-03-28,-2.0590828239132724
2024-03-29,-2.053622939361686
2024-03-30,-1.9729796088147131
2024-03-31,-2.0025805886885144
2024-04-01,-1.917568092500781
2024-04-02,-1.393943405892307
2024-04-03,-1.5729375577057219
2024-04-04,-1.7731423460511857
2024-04-05,-2.0609882580255747
2024-04-06,-1.9658547643974102
2024-04-07,-1.86176896279283
2024-04-08,-2.159099933247146
2024-04-09,-1.8782863442164037
2024-04-10,-1.9814822237623988
2024-04-11,-1.7488191512127416
2024-04-12,-2.5886101075764643
2024-04-13,-2.2382025946795703
2024-04-14,-3.144320820023867
2024-04-15,-2.2220753503516715
2024-04-16,-1.616812305147078
2024-04-17,-1.962881411575776
2024-04-18,-2.127732674727705
2024-04-19,-1.8758670902245504
2024-04-20,-1.633500344994707
2024-04-21,-1.6576524175343168
2024-04-22,-1.387882412446764
2024-04-23,-2.3157924314524037
2024-04-24,-1.8478070468304497
2024-04-25,-1.5107811285770514
2024-04-26,-1.30062439510401
2024-04-27,-1.7508946299930082
2024-04-28,-2.323987893705574
2024-04-29,-2.5547528905081114
2024-04-30,-1.9407294319028314
2024-05-01,-1.7252181371946873
2024-05-02,-1.8557503549400816
2024-05-03,-2.458443839080172
2024-05-04,-2.7133465442893407
2024-05-05,-2.5037282149198656
2024-05-06,-1.980093200973797
2024-05-07,-1.9205661988180625
2024-05-08,-2.1700282898103613
2024-05-09,-1.53639039308865
2024-05-10,-1.972311579878733
2024-05-11,-1.9454123419205358
2024-05-12,-1.908244354994295
2024-05-13,-1.5244882556037676
2024-05-14,-1.706182408191412
2024-05-15,-2.059812875865144
2024-05-16,-1.7212714605790287
2024-05-17,-1.5817130454301347
2024-05-18,-2.149595775858878
2024-05-19,-1.270168132227216
2024-05-20,-1.8228648940710255
2024-05-21,-2.24300236788723
2024-05-22,-1.6985838964528095
2024-05-23,-1.6671520256297252
2024-05-24,-1.6949296557054003
2024-05-25,-2.1583746020500483
2024-05-26,-1.6620640171322256
2024-05-27,-1.7967465903459259
2024-05-28,-1.2034459494546497
2024-05-29,-1.531713030902934
2024-05-30,-1.2749725542254533
2024-05-31,-2.507783457187328
2024-06-01,-2.403967389461712
2024-06-02,-2.7079042096158816
2024-06-03,-2.312591450871346
2024-06-04,-1.964132686648648
2024-06-05,-2.134197588930978
2024-06-06,-2.0087447660169895
2024-06-07,-1.7082273052481156
2024-06-08,-1.9641215644559913
2024-06-09,-1.4722214207228146
2024-06-10,-0.9288840930448515
2024-06-11,-0.7500078815761586
2024-06-12,-1.0987620221999366
2024-06-13,-1.1922267848490686
2024-06-14,-1.2630788974223888
2024-06-15,-1.7988812880846172
2024-06-16,-1.8693894579199088
2024-06-17,-1.6340557710970591
2024-06-18,-1.4173940050664855
2024-06-19,-1.2893527250935544
2024-06-20,-1.5801611300367093
2024-06-21,-1.424314645151465
2024-06-22,-1.9499474878253251
2024-06-23,-1.5153948664503434
2024-06-24,-1.5422824789212604
2024-06-25,-1.472855095966043
2024-06-26,-2.1382065153318104
2024-06-27,-1.4306350403220907
2024-06-28,-1.4967291802926106
2024-06-29,-1.8353810462885745
2024-06-30,-1.9202807434703595
2024-07-01,-1.465703630041895
2024-07-02,-1.2354617923771614
2024-07-03,-1.7694606880750143
2024-07-04,-0.9014080463002782
2024-07-05,-0.9910822427053936
2024-07-06,-1.6119655803699462
2024-07-07,-1.2150932367501144
2024-07-08,-1.1542199972185392
2024-07-09,-1.2148983876435935
2024-07-10,-1.087830787990213
2024-07-11,-1.5037074693725245
2024-07-12,-1.7337726816407277
2024-07-13,-1.834195745437146
2024-07-14,-2.5975984385758792
2024-07-15,-1.75085261743793
2024-07-16,-1.8018894274514208
2024-07-17,-1.30747424595009
2024-07-18,-1.1497139744753566
2024-07-19,-2.2750667118028023
2024-07-20,-2.888763783277728
2024-07-21,-2.2754479513839856
2024-07-22,-1.2490617983374466
2024-07-23,-1.5204516525495408
2024-07-24,-1.6268147718271913
2024-07-25,-1.8518074297269822
2024-07-26,-2.082854038553232
2024-07-27,-2.31492312153702
2024-07-28,-1.81066390338922
2024-07-29,-1.6895332523720794
2024-07-30,-2.232731531279492
2024-07-31,-2.0424456411504868
2024-08-01,-3.287130387459419
2024-08-02,-2.7279560786976664
2024-08-03,-2.6126676179924018
2024-08-04,-1.7799675853516923
2024-08-05,-1.6928107925902047
2024-08-06,-2.0598072784514807
2024-08-07,-2.108489983694488
2024-08-08,-2.0103648622508636
2024-08-09,-1.6470701239617362
2024-08-10,-1.8646250151425388
2024-08-11,-2.636164229297827
2024-08-12,-2.710598114441694
2024-08-13,-2.3223371521544993
2024-08-14,-3.30182949408743
2024-08-15,-2.799227372559749
2024-08-16,-2.5223715009108703
2024-08-17,-1.6658979127892297
2024-08-18,-1.9824142163419607
2024-08-19,-1.511498572463505
2024-08-20,-2.1229226215858295
2024-08-21,-1.5347876870186183
2024-08-22,-1.6654937709889428
2024-08-23,-2.156745418773111
2024-08-24,-4.422492362867535
2024-08-25,-5.240712831418685
2024-08-26,-3.5232092131540105
2024-08-27,-2.499541811971416
2024-08-28,-1.8107422579394097
2024-08-29,-2.7882102565638336
2024-08-30,-2.9356650599074525
2024-08-31,-3.1112356371579066
2024-09-01,-2.591185348914392
2024-09-02,-1.654358394470173
2024-09-03,-1.9990548935865888
2024-09-04,-1.5854952595007072
2024-09-05,-2.434365106454347
2024-09-06,-1.4953208115154053
2024-09-07,-1.621903899557521
2024-09-08,-1.467666662025659
2024-09-09,-1.8386255850313626
2024-09-10,-2.035948865569556
2024-09-11,-1.7781653577696928
2024-09-12,-1.772540376957955
2024-09-13,-1.5877266652887432
2024-09-14,-1.5499625609151086
2024-09-15,-1.4139925752740468
2024-09-16,-1.7074705517514062
2024-09-17,-0.7786559763510458
2024-09-18,-0.9378315252881732
2024-09-19,-1.206444834145865
2024-09-20,-1.4371613021032745
2024-09-21,-1.5136225284152627
2024-09-22,-1.5318821645485516
2024-09-23,-0.9797567280755904
2024-09-24,-1.1845721474219342
2024-09-25,-1.5515763564117302
2024-09-26,-1.440156893658125
2024-09-27,-1.1514342311679395
2024-09-28,-1.7870980427898866
2024-09-29,-2.320760971648318
2024-09-30,-1.7112211418248884
2024-10-01,-1.3140601811261294
2024-10-02,-2.160820594509446
2024-10-03,-1.2214791899938033
2024-10-04,-1.6651833269164948
2024-10-05,-1.6859952619672314
2024-10-06,-2.3003468610756
2024-10-07,-2.0717214931555317
2024-10-08,-2.641139633429484
2024-10-09,-1.9581013484417369
2024-10-10,-1.272926977596849
2024-10-11,-0.8814362396403457
2024-10-12,-1.9852892981824708
2024-10-13,-1.1651225717534657
2024-10-14,-1.5441384249523833
2024-10-15,-1.3357226921657201
2024-10-16,-1.419051624870518
2024-10-17,-1.53825341971847
2024-10-18,-1.2452840781636874
2024-10-19,-1.6088204191694182
2024-10-20,-2.230843501696329
2024-10-21,-1.3552917282623465
2024-10-22,-1.0178235223233656
2024-10-23,-1.04706621818436
2024-10-24,-1.4668255625870061
2024-10-25,-0.7684478346953265
2024-10-26,-1.3321426804922791
2024-10-27,-1.822718889692488
2024-10-28,-2.084104140676937
2024-10-29,-2.6483507940000335
2024-10-30,-1.9906787487794613
2024-10-31,-2.44229768367461
2024-11-01,-2.31624674368853
2024-11-02,-1.781187746172291
2024-11-03,-1.9892659019951806
2024-11-04,-1.658727953230329
2024-11-05,-2.186117991144036
2024-11-06,-1.0281724170781201
2024-11-07,-1.6917150605260258
2024-11-08,-1.5744411986983633
2024-11-09,-1.8770799716346143
2024-11-10,-1.4328834434111999
2024-11-11,-1.4267692540306811
2024-11-12,-1.2782330524387495
2024-11-13,-1.0629983413640869
2024-11-14,-1.130499457768565
2024-11-15,-1.3595494891271687
2024-11-16,-1.5414853573888392
2024-11-17,-1.8744254851231468
2024-11-18,-1.8033421803915872
2024-11-19,-1.733204469190936
2024-11-20,-2.1102737043687854
2024-11-21,-1.6247569191674498
2024-11-22,-1.8372732257894113
2024-11-23,-1.6126868614191785
2024-11-24,-1.3181368995721499
2024-11-25,-1.696567967485621
2024-11-26,-1.4116146304838608
2024-11-27,-1.5373403549989257
2024-11-28,-1.6153927453857009
2024-11-29,-1.1262638968037708
2024-11-30,-1.2338439176183802
2024-12-01,-1.363927064062992
2024-12-02,-1.3108028626656467
2024-12-03,-1.3285264073827399
2024-12-04,-1.571155612472829
2024-12-05,-1.5426932559759206
2024-12-06,-1.8124966786854286
2024-12-07,-1.032814961222389
2024-12-08,-1.4222558647230732
2024-12-09,-1.8278812784899907
2024-12-10,-1.8302562375709825
2024-12-11,-1.0650772895669576
2024-12-12,-1.0548564519283437
2024-12-13,-1.2926073612551112
2024-12-14,-1.518274121912751
2024-12-15,-1.6115423477459387
2024-12-16,-1.3083325800559995
2024-12-17,-1.7229594978654068
2024-12-18,-1.4339762015803033
2024-12-19,-1.4204342437123445
2024-12-20,-2.2031443673624884
2024-12-21,-5.1905441753320405
2024-12-22,-5.136029239325402
2024-12-23,-3.1830696425314366
2024-12-24,-2.2009508698065705
2024-12-25,-1.4685600557391012
2024-12-26,-1.769232795272652
2024-12-27,-1.9114774678647988
2024-12-28,-1.49006638922838
2024-12-29,-1.6399416823031676
2024-12-30,-1.8035245431302969
2024-12-31,-2.0325980260922916
2025-01-01,-2.891321499059254
2025-01-02,-2.4388432237785933
2025-01-03,-2.1902654181901413
2025-01-04,-1.8067540167907432
2025-01-05,-2.245899571989131
2025-01-06,-1.9914808143518905
2025-01-07,-1.9867099100722685
2025-01-08,-1.2702664563865702
2025-01-09,-1.258695981420758
2025-01-10,-1.5418946813213075
2025-01-11,-1.8056136534879748
2025-01-12,-1.7283390615116305
2025-01-13,-1.7235083066069785
2025-01-14,-1.4900741815103336
2025-01-15,-1.8757448626101354
2025-01-16,-1.5241225445973907
2025-01-17,-1.6548372073808488
2025-01-18,-1.439300283339823
2025-01-19,-1.5040952049805134
2025-01-20,-1.477720593546982
2025-01-21,-1.1087248645503915
2025-01-22,-1.907762943952081
2025-01-23,-2.3600120219163916
2025-01-24,-2.130362172754908
2025-01-25,-2.3632046352308036
2025-01-26,-2.1912240200107425
2025-01-27,-2.6123641079084186
2025-01-28,-1.6097408067073702
2025-01-29,-1.93857036458103
2025-01-30,-1.7449605388295955
2025-01-31,-2.157864642553222
2025-02-01,-1.7506889765365854
2025-02-02,-1.8661044333545225
2025-02-03,-1.2124978270109839
2025-02-04,-1.2384374853589488
2025-02-05,-1.4230590261148173
2025-02-06,-1.4966494229072085
2025-02-07,-1.260219774579617
2025-02-08,-1.411018911189756
2025-02-09,-1.9709652240771458
2025-02-10,-1.6206221395698803
2025-02-11,-1.4165498054574182
2025-02-12,-1.0752495292653816
2025-02-13,-1.6215416934651063
2025-02-14,-1.8112690025990157
2025-02-15,-1.438973247069284
2025-02-16,-1.4491585371922544
2025-02-17,-1.3391821988002524
2025-02-18,-1.657509622584536
2025-02-19,-1.8544572665453207
2025-02-20,-1.6137400344303499
2025-02-21,-2.0636921107855986
2025-02-22,-2.6607344875135137
2025-02-23,-1.387809219953561
2025-02-24,-0.834277299662139
2025-02-25,-1.1986508089665395
2025-02-26,-1.6359402562968826
2025-02-27,-1.681927541622362
2025-02-28,-1.598119932521215
2025-03-01,-1.524429459140657
2025-03-02,-1.0589472931737152
2025-03-03,-2.259025922534381
2025-03-04,-1.7977126556072522
2025-03-05,-1.3169271399249762
2025-03-06,-1.1019834932830823
2025-03-07,-1.7434400934471324
2025-03-08,-1.3646691361074694
2025-03-09,-1.9174140447210177
2025-03-10,-1.5642353454153204
2025-03-11,-1.808995849280146
2025-03-12,-1.3742217541693682
2025-03-13,-1.4822673784279579
2025-03-14,-1.3285772606594295
2025-03-15,-1.6545712160104074
2025-03-16,-1.779998053708646
2025-03-17,-1.6930301274127086
2025-03-18,-1.407682149437198
2025-03-19,-1.685108315176693
2025-03-20,-1.8009914792102313
2025-03-21,-1.802811935036194
2025-03-22,-1.915547044308135
2025-03-23,-2.162166513370239
2025-03-24,-2.298266093822053
2025-03-25,-2.0392120561256855
2025-03-26,-1.9528487594763235
2025-03-27,-1.844232692775513
2025-03-28,-1.5026400695366124
2025-03-29,-1.894290408239277
2025-03-30,-1.6873958880528914
2025-03-31,-1.0849268236729213
2025-04-01,-1.1385048953185277
2025-04-02,-1.2628297193721765
2025-04-03,-1.7849385773786322
2025-04-04,-1.4477676072490562
2025-04-05,-1.8370637580276896
2025-04-06,-2.3346555634409487
2025-04-07,-1.8854707053371662
2025-04-08,-1.6761222460196343
2025-04-09,-1.2541330944131102
2025-04-10,-1.3147762700990173
2025-04-11,-0.8677652146773882
2025-04-12,-1.5784428171375837
2025-04-13,-2.1481771079893788
2025-04-14,-1.8886261305179641
2025-04-15,-1.7353318082677935
2025-04-16,-2.4883941409416077
2025-04-17,-2.3363676388149095
2025-04-18,-1.7345483553274925
2025-04-19,-1.9588239165372832
2025-04-20,-1.9734977419778506
2025-04-21,-1.7319664441965112
2025-04-22,-1.5680191314990073
2025-04-23,-1.4066240616017782
2025-04-24,-1.3386023152738449
2025-04-25,-1.4845952269111486
2025-04-26,-1.5666950638101609
2025-04-27,-1.499504908467123
2025-04-28,-0.8111460210460331
2025-04-29,-1.6259957652159889
2025-04-30,-1.2389879380413247
2025-05-01,-1.3691931675559996
2025-05-02,-1.5530530145541726
2025-05-03,-1.988509911875824
2025-05-04,-1.9035059143978645
2025-05-05,-0.906056920698587
2025-05-06,-1.106169519537012
2025-05-07,-1.481996548951913
2025-05-08,-1.4058238380386059
2025-05-09,-0.8253690305914203
2025-05-10,-1.3947823370765016
2025-05-11,-1.8026616739565833
2025-05-12,-1.6367718708744605
2025-05-13,-1.6822972518166144
2025-05-14,-1.5610547981734348
2025-05-15,-1.2632630731984318
2025-05-16,-1.1276731404535096
2025-05-17,-1.76083364802285
2025-05-18,-1.4221090725037921
2025-05-19,-1.3999221268058608
2025-05-20,-1.3710080852134299
2025-05-21,-1.977841964924267
2025-05-22,-1.415494693709571
2025-05-23,-2.0432551794176144
2025-05-24,-2.6494251556330504
2025-05-25,-2.513924894915203
2025-05-26,-2.592068689734805
2025-05-27,-2.8084156691865947
2025-05-28,-1.615787540402929
2025-05-29,-1.2708894505474795
2025-05-30,-1.1650909827068308
2025-05-31,-1.4281743532771054
2025-06-01,-1.920803521478157
2025-06-02,-1.8996566151001268
2025-06-03,-2.3130580475772122
2025-06-04,-1.7879180257699336
2025-06-05,-1.6789104066800056
2025-06-06,-2.076439099063546
2025-06-07,-2.2757920315691447
2025-06-08,-2.230478854191418
2025-06-09,-1.770432003309133
2025-06-10,-1.8665551993863418
2025-06-11,-1.7230122529421654
2025-06-12,-1.094386464946162
2025-06-13,-1.8189809646632553
2025-06-14,-1.558284813698084
2025-06-15,-3.5852924808496476
2025-06-16,-0.4284664094845524
2025-06-17,-2.184237807624789
2025-06-18,-3.901036191623255
2025-06-19,4.1025641025641
2025-06-20,
2025-06-21,-1.7771282796306564
2025-06-22,-1.3703735204289362
2025-06-23,-3.13586366461996
2025-06-24,-0.290209454869481
2025-06-25,-2.2449259192167688
2025-06-26,-3.1337127875600306
2025-06-27,-3.678820965391874
2025-06-28,-2.1643990149021755
2025-06-29,-1.733636453185489
2025-06-30,-2.2759464748760685
2025-07-01,-1.6711098450066906
2025-07-02,-1.6041471038480954
2025-07-03,-1.8254161654570276
2025-07-04,-1.560880349178624
2025-07-05,-1.7758893391782105
2025-07-06,-0.9427795285984466
2025-07-07,-1.3846947860144558
2025-07-08,-1.5785025070761147
2025-07-09,-1.7364855865589586
2025-07-10,-1.4582980798494412
2025-07-11,-1.80458706510649
2025-07-12,-1.8177118858587917
2025-07-13,-1.8396734677905366
2025-07-14,-2.0616114967171613
2025-07-15,-1.6175556774095146
2025-07-16,-1.4310193228099062
2025-07-17,-1.1053090035821178
2025-07-18,-1.9706818278584484
2025-07-19,-2.0384536194316345
2025-07-20,-1.7096559842796373
2025-07-21,-1.245114350273686
2025-07-22,-1.9680284256796652
2025-07-23,-1.8215966974937814
2025-07-24,-1.7224231424076606
2025-07-25,-2.1757122086694123
2025-07-26,-2.286055123899891
2025-07-27,-2.3319938199908923
2025-07-28,-1.8899076221555229
2025-07-29,-1.6313553041320012
2025-07-30,-1.7117153257200113
2025-07-31,-1.6245662493386317
2025-08-01,-1.8855809695590842
2025-08-02,-2.1047412089422135
2025-08-03,-2.072685171581976
2025-08-04,-1.6283013301332965
2025-08-05,-1.76564320260413
2025-08-06,-1.3250066778959426
2025-08-07,-1.79054615783603
2025-08-08,-2.160937740783335
2025-08-09,-2.579989048204352
2025-08-10,-2.151646278164076
2025-08-11,-1.631938884692133
2025-08-12,-1.6742605457391369
2025-08-13,-1.3839246188660022
2025-08-14,-1.423884829955234
2025-08-15,-1.5421099980963044
2025-08-16,-1.0241731179811893
2025-08-17,-1.1184252746659553
2025-08-18,-1.2699091760790495
2025-08-19,-1.178657018059338
2025-08-20,-1.4497658498801893
2025-08-21,-2.4388085929558283
2025-08-22,-2.2920196991575557
2025-08-23,-2.541359762182728
2025-08-24,-1.7782507018574447
2025-08-25,-1.5515294152450907
2025-08-26,-1.840876559017966
2025-08-27,-1.8940587774261886
2025-08-28,-1.5206234569959463
2025-08-29,-1.9552658360191084
2025-08-30,-2.1115942104860377
2025-08-31,-2.235810104332347
2025-09-01,-1.5501232213517053
2025-09-02,-1.253246785478104
2025-09-03,-1.4624433707924518
2025-09-04,-1.419260058448122
2025-09-05,-1.8408683209155272
2025-09-06,-1.4332342713985002
2025-09-07,-1.5325734892939153
2025-09-08,-1.7613551202315714
2025-09-09,-1.9027354036346245
2025-09-10,-2.294733336478993
2025-09-11,-1.963090368607611
2025-09-12,-1.6080125923916226
2025-09-13,-1.692076444327781
2025-09-14,-1.9139963439225327
2025-09-15,-2.145271182511366
2025-09-16,-2.5651726453838366
2025-09-17,-3.4485410881011704
2025-09-18,-1.8650164775084306
2025-09-19,-2.2325293057428994
2025-09-20,-2.5948992581799915
2025-09-21,-1.9044845244643258
2025-09-22,-1.9485610036121572
2025-09-23,-1.4764295893350532
2025-09-24,-1.516916385912472
2025-09-25,-1.721096412984031
2025-09-26,-1.8224053376922862
2025-09-27,-2.324337814203297
2025-09-28,-2.4590760375526135
2025-09-29,-1.8427211003449002
2025-09-30,-2.177015772666143
2025-10-01,-2.900757103979298
2025-10-02,-2.0964639574693336
2025-10-03,-1.744089071244027
2025-10-04,-1.8585666807320846
2025-10-05,-1.5905860420761235
2025-10-06,-2.2254588845055148
2025-10-07,-2.380779106802165
2025-10-08,-2.2186415021803327
2025-10-09,-1.185090241348388
2025-10-10,-1.1760263457128126
2025-10-11,-1.7438121960042503
2025-10-12,-1.6422131909676607
2025-10-13,-0.6995073161075519
2025-10-14,-0.8800920105174403
2025-10-15,-1.4265553115413516
2025-10-16,-1.9026051057874727
2025-10-17,-1.8812509118694685
2025-10-18,-1.6145253812919629
2025-10-19,-1.897515504600576
2025-10-20,-1.4667797397615405
2025-10-21,-1.5274192865031675
2025-10-22,-1.1402175000136072
2025-10-23,-1.5482326568015208
2025-10-24,-1.4769564280301393
2025-10-25,-1.650456846276186
2025-10-26,-1.5394930772238684
2025-10-27,-1.4120708442152554
2025-10-28,-1.5630521984105934
2025-10-29,-1.5884136915746436
2025-10-30,-1.5870775490690605
2025-10-31,-1.3418513421173015
2025-11-01,-2.0262080704221908
2025-11-02,-2.0521136776566693
2025-11-03,-1.5814118812215145
2025-11-04,-1.4447717778909435
2025-11-05,-2.365702680522281
2025-11-06,-2.047169638974703
2025-11-07,-1.7980135270594186
2025-11-08,-1.6466526643057307
2025-11-09,-2.021164796583152
2025-11-10,-1.7879020054845765
2025-11-11,-1.8240845157835235
2025-11-12,-1.4598890001634706
2025-11-13,-1.522503116751218
2025-11-14,-1.598926686544394
2025-11-15,-1.813697614428575
2025-11-16,-1.921446661506711
2025-11-17,-1.8571548605853336
2025-11-18,-1.0252969122764948
2025-11-19,-1.154352220332465
2025-11-20,-1.85922080501564
2025-11-21,-1.1846166581592448
2025-11-22,-0.9732815783657768
2025-11-23,-0.8159209325122961
2025-11-24,-1.2910842860939267
2025-11-25,-1.5698996421118585
2025-11-26,-1.1784762717681017
2025-11-27,-1.6834615738308825
2025-11-28,-1.7903310701276527
2025-11-29,-2.2302851897837033
2025-11-30,-1.3394138700911482
2025-12-01,-1.282679784426204
2025-12-02,-1.4438035932048081
2025-12-03,-0.46806194414181185
2025-12-04,-0.8431649346012955
2025-12-05,-1.4242218706038627
2025-12-06,-1.5481211319212984
2025-12-07,-1.647024174697858
2025-12-08,-1.1704444186736436
2025-12-09,-1.0892918171153674
2025-12-10,-0.5214598302220909
2025-12-11,-1.2588251903145742
2025-12-12,-1.4217764789068432
2025-12-13,-1.5003693134624267
2025-12-14,-1.574135165397517
2025-12-15,-0.9770460721911122
2025-12-16,-0.7931271450064794
2025-12-17,-1.0076273986587334
2025-12-18,-1.4085281298345218
2025-12-19,-1.5937991074117417
2025-12-20,-1.5913499877046082
2025-12-21,-1.1878637170522313
2025-12-22,-1.4941111948344385
2025-12-23,-1.8414754061448078
2025-12-24,-2.5213549521164933
2025-12-25,-2.0314894260114564
2025-12-26,-1.3609672540500195
2025-12-27,-1.0966927526275925
2025-12-28,-1.2861963029545593
2025-12-29,-1.5568524850948595
2025-12-30,-2.1393016052912195
2025-12-31,-1.9246368403508913
