date,value
2015-02-18,-2.7407473472370034
2015-02-19,-2.475132298502874
2015-02-20,-2.140506650080331
2015-02-21,-2.0495802252916
2015-02-22,-2.083652923246016
2015-02-23,-1.6947878794585236
2015-02-24,-2.4667127278931122
2015-02-25,-2.42520824099282
2015-02-26,-2.2983158351513104
2015-02-27,-2.1723130317060173
2015-02-28,-2.424438165110558
2015-03-01,-2.0103225845419503
2015-03-02,-1.868069714463691
2015-03-03,-1.9361780931058188
2015-03-04,-2.2445707579592664
2015-03-05,-1.5912504285997915
2015-03-06,-1.7397360890781108
2015-03-07,-2.716783717481202
2015-03-08,-2.358474043410516
2015-03-09,-2.3651340474346245
2015-03-10,-2.187557993264912
2015-03-11,-1.9915737013054042
2015-03-12,-1.7859262561051463
2015-03-13,-1.8760737826285883
2015-03-14,-1.8620679908879978
2015-03-15,-2.02671923836858
2015-03-16,-1.655778371043769
2015-03-17,-1.5959323216496213
2015-03-18,-2.5829541084021694
2015-03-19,-2.6728006712955406
2015-03-20,-1.6317110184049277
2015-03-21,-1.6326900151164416
2015-03-22,-1.788011709398857
2015-03-23,-1.68155997463372
2015-03-24,-2.9597251514768046
2015-03-25,-2.6420573347862226
2015-03-26,-2.3639734641204684
2015-03-27,-2.42096057170539
2015-03-28,-2.0295507462580074
2015-03-29,-2.2146087674015553
2015-03-30,-1.996520347340725
2015-03-31,-2.035855767788231
2015-04-01,-1.7353894759339172
2015-04-02,-1.8982727757807805
2015-04-03,-2.1050574523888463
2015-04-04,-2.084014927678989
2015-04-05,-2.0864424921732643
2015-04-06,-2.2225963893621987
2015-04-07,-1.801873552707062
2015-04-08,-1.6202724199925587
2015-04-09,-2.0375555713024123
2015-04-10,-1.3686831784304252
2015-04-11,-1.1573976728209137
2015-04-12,-0.8963320544393512
2015-04-13,-1.5626570920560325
2015-04-14,-1.6004321465920075
2015-04-15,-1.194647289966834
2015-04-16,-1.403794772136668
2015-04-17,-2.1300337689444313
2015-04-18,-1.838996777129359
2015-04-19,-2.097676732291258
2015-04-20,-1.6126772151738615
2015-04-21,-1.5788450055310164
2015-04-22,-2.144895199442556
2015-04-23,-2.422450083340536
2015-04-24,-2.609726979359725
2015-04-25,-2.459603554411712
2015-04-26,-2.2128408294252044
2015-04-27,-1.9656410068792927
2015-04-28,-1.7964519510538803
2015-04-29,-2.0835692793139367
2015-04-30,-2.0259166359234966
2015-05-01,-1.8938326382306632
2015-05-02,-1.846565122845082
2015-05-03,-2.0503272356703985
2015-05-04,-1.5012821509456513
2015-05-05,-1.5456586513643005
2015-05-06,-1.7467747574397474
2015-05-07,-1.8866489481811155
2015-05-08,-1.5697839842984178
2015-05-09,-1.4352176196682116
2015-05-10,-1.3493209849763836
2015-05-11,-0.7535006213757578
2015-05-12,-0.9581246015371373
2015-05-13,-1.2029070262357393
2015-05-14,-1.015661267687041
2015-05-15,-1.579690752387492
2015-05-16,-1.3353489585928209
2015-05-17,-1.4405308619289006
2015-05-18,-1.8211685614294344
2015-05-19,-1.9355001191602261
2015-05-20,-1.936996303575724
2015-05-21,-1.4828532523029108
2015-05-22,-1.3027934314063145
2015-05-23,-1.6868620298424806
2015-05-24,-1.2912558995364454
2015-05-25,-1.1344342070245872
2015-05-26,-1.216257074853396
2015-05-27,-1.3519107115089684
2015-05-28,-1.0044589963917154
2015-05-29,-1.4554687897711571
2015-05-30,-1.4157260089290278
2015-05-31,-1.674441056227679
2015-06-01,-1.4546007309723596
2015-06-02,-1.55905244682578
2015-06-03,-1.224089410689407
2015-06-04,-1.8210984479903607
2015-06-05,-1.8155837480192576
2015-06-06,-1.634510643782142
2015-06-07,-1.7881836779953333
2015-06-08,-1.3687962373134437
2015-06-09,-1.5254345090728285
2015-06-10,-1.3651223007480302
2015-06-11,-1.6393943676116758
2015-06-12,-2.4412105882569732
2015-06-13,-1.7258163030787346
2015-06-14,-1.7158382338512923
2015-06-15,-1.9328314729874185
2015-06-16,-1.9911463467782544
2015-06-17,-1.5715815447319246
2015-06-18,-1.7990309418141335
2015-06-19,-1.5136312465699346
2015-06-20,-1.483774832207678
2015-06-21,-1.500284802658933
2015-06-22,-1.5939604922288526
2015-06-23,-1.6173122394737884
2015-06-24,-1.3328180149116098
2015-06-25,-1.467626005840298
2015-06-26,-4.7639926002684945
2015-06-27,-4.379258417903021
2015-06-28,-3.810886895729977
2015-06-29,-2.7519533903191853
2015-06-30,-2.246908230281457
2015-07-01,-1.5452121006673685
2015-07-02,-1.6763094495532416
2015-07-03,-2.041088759158023
2015-07-04,-1.828035558026458
2015-07-05,-1.3111018303717576
2015-07-06,-1.2253479370530518
2015-07-07,-1.677324293036787
2015-07-08,-1.665727567758657
2015-07-09,-1.4448917524042306
2015-07-10,-1.4379745088463176
2015-07-11,-1.3626701389543836
2015-07-12,-1.3710036057847776
2015-07-13,-1.643164919612722
2015-07-14,-0.9294731437783538
2015-07-15,-1.053821022040271
2015-07-16,-2.063564512194945
2015-07-17,-1.5931609521963075
2015-07-18,-1.9516243030083182
2015-07-19,-1.6222136628564479
2015-07-20,-1.4608999521748158
2015-07-21,-1.6635629347592469
2015-07-22,-1.8265533837037407
2015-07-23,-1.5996219682951072
2015-07-24,-1.4947531756432202
2015-07-25,-1.7143089591104366
2015-07-26,-1.4565677126226737
2015-07-27,-1.566415524876763
2015-07-28,-1.7199585522860872
2015-07-29,-1.9571320379613515
2015-07-30,-1.7175995497569858
2015-07-31,-1.8285015603879613
2015-08-01,-2.010655203548423
2015-08-02,-2.1350479437716356
2015-08-03,-1.9044883713598155
2015-08-04,-1.8506689857869412
2015-08-05,-1.759552760636766
2015-08-06,-1.594964501755815
2015-08-07,-1.973090416629655
2015-08-08,-2.5490584211059537
2015-08-09,-2.2634763772314987
2015-08-10,-2.060788506752902
2015-08-11,-1.9163557223595584
2015-08-12,-1.9924617615571751
2015-08-13,-2.0037910712580955
2015-08-14,-1.7894084050651866
2015-08-15,-1.9676920667747682
2015-08-16,-1.9928615481488234
2015-08-17,-1.70003678103666
2015-08-18,-1.7096229080343819
2015-08-19,-2.177961097797762
2015-08-20,-2.1138209119622378
2015-08-21,-2.411231759658867
2015-08-22,-3.367225720557495
2015-08-23,-2.3374221528667642
2015-08-24,-2.135140420380234
2015-08-25,-2.485884313164354
2015-08-26,-2.4041756298030545
2015-08-27,-1.985348147124867
2015-08-28,-1.7206337150321425
2015-08-29,-2.246488577700892
2015-08-30,-2.346402021538662
2015-08-31,-2.5079841424599616
2015-09-01,-1.909162030104927
2015-09-02,-2.1746472461201667
2015-09-03,-2.354538991611463
2015-09-04,-1.8018867266030345
2015-09-05,-1.9812031462397834
2015-09-06,-1.9989835368620708
2015-09-07,-2.4183025078302887
2015-09-08,-2.1599425182839416
2015-09-09,-2.1797099135221236
2015-09-10,-1.8444929508954646
2015-09-11,-1.545634810684994
2015-09-12,-1.5390898884259496
2015-09-13,-1.6403194797463339
2015-09-14,-1.7691453859959654
2015-09-15,-1.7561801605307332
2015-09-16,-1.6415218427091696
2015-09-17,-1.790124641148954
2015-09-18,-1.4459609642843503
2015-09-19,-1.3605987811174827
2015-09-20,-1.372324393611212
2015-09-21,-1.356497185366795
2015-09-22,-1.8864700309260105
2015-09-23,-1.834059286557714
2015-09-24,-1.315760901410404
2015-09-25,-1.386661763973043
2015-09-26,-1.3137318664771755
2015-09-27,-2.154750474356093
2015-09-28,-1.6045898908609715
2015-09-29,-1.4548509017077487
2015-09-30,-2.2161111958467115
2015-10-01,-1.574662610839506
2015-10-02,-1.7015220037204095
2015-10-03,-1.930469865593276
2015-10-04,-2.3135821664271496
2015-10-05,-2.005613450640128
2015-10-06,-2.32319650170287
2015-10-07,-2.058415823200561
2015-10-08,-1.8160976197201475
2015-10-09,-1.5017146214854302
2015-10-10,-1.4601253323107763
2015-10-11,-1.6606638875143591
2015-10-12,-1.9761257834446868
2015-10-13,-1.3898207441900938
2015-10-14,-1.7887817096212035
2015-10-15,-1.4724724541606338
2015-10-16,-1.5031965969338914
2015-10-17,-1.5620442416924376
2015-10-18,-1.7081564169849528
2015-10-19,-1.5599638349743212
2015-10-20,-1.37950081577
2015-10-21,-1.5535481270575704
2015-10-22,-1.764307356878914
2015-10-23,-1.8647618302746822
2015-10-24,-1.498715006923169
2015-10-25,-1.6020358890304909
2015-10-26,-1.2119346882908428
2015-10-27,-1.5716855553280895
2015-10-28,-1.3339865996850055
2015-10-29,-1.4205513221424577
2015-10-30,-1.5775892027724732
2015-10-31,-1.7356880079461334
2015-11-01,-2.0464505444979566
2015-11-02,-1.5467592054663888
2015-11-03,-1.3083513356108853
2015-11-04,-1.799982446071332
2015-11-05,-1.531157119671686
2015-11-06,-1.7387522481342828
2015-11-07,-1.7413004615428487
2015-11-08,-1.6407256027943957
2015-11-09,-1.6299030399674002
2015-11-10,-1.5320399428654028
2015-11-11,-1.849303737785325
2015-11-12,-1.8183858728160949
2015-11-13,-2.5157196079326263
2015-11-14,-5.8889541577269116
2015-11-15,-5.2733445083100845
2015-11-16,-4.992809225605326
2015-11-17,-4.361777019927091
2015-11-18,-4.541720665996284
2015-11-19,-4.706499525665175
2015-11-20,-4.174978338302496
2015-11-21,-4.4629238409060825
2015-11-22,-4.070528051900482
2015-11-23,-3.669928724643144
2015-11-24,-3.6042160203389533
2015-11-25,-3.407540987816914
2015-11-26,-2.8345261108677122
2015-11-27,-3.00714134376441
2015-11-28,-2.866640945436725
2015-11-29,-2.525355787439146
2015-11-30,-1.982146802273213
2015-12-01,-2.0666610971058996
2015-12-02,-2.197059645703174
2015-12-03,-2.3368363821166698
2015-12-04,-2.287677641574775
2015-12-05,-2.6038548573630975
2015-12-06,-2.3447943586571225
2015-12-07,-2.1083271749990744
2015-12-08,-2.222633506661369
2015-12-09,-2.291918506293118
2015-12-10,-2.0555493898795945
2015-12-11,-2.06274942210079
2015-12-12,-1.5748872809979113
2015-12-13,-1.28531009479323
2015-12-14,-1.7219447135582844
2015-12-15,-2.0219073495244384
2015-12-16,-2.325957506765916
2015-12-17,-2.270578768264067
2015-12-18,-2.006058911645479
2015-12-19,-1.6472352576276217
2015-12-20,-2.5845869102183747
2015-12-21,-2.7800868673115318
2015-12-22,-2.5899796455074307
2015-12-23,-3.2119942590899737
2015-12-24,-3.203100818753878
2015-12-25,-2.701454348887698
2015-12-26,-3.2936356229272525
2015-12-27,-2.9204330768836186
2015-12-28,-2.5668510294051297
2015-12-29,-3.4840949739163216
2015-12-30,-3.1887532586208986
2015-12-31,-3.169209123568524
2016-01-01,-3.1314401121861346
2016-01-02,-3.072288791533482
2016-01-03,-3.059410575136714
2016-01-04,-2.9366363547743894
2016-01-05,-2.618366688649944
2016-01-06,-2.6301834726509385
2016-01-07,-3.6952751649497393
2016-01-08,-3.329481334977872
2016-01-09,-2.6767644199137237
2016-01-10,-3.184581815916022
2016-01-11,-2.7056617420208884
2016-01-12,-2.642809189741012
2016-01-13,-2.638241538232171
2016-01-14,-3.0681953074356603
2016-01-15,-2.8571069996263385
2016-01-16,-3.7138803048753775
2016-01-17,-2.918826470458681
2016-01-18,-2.3349985755431795
2016-01-19,-2.333198259228626
2016-01-20,-2.1533900594980557
2016-01-21,-1.9370734919929276
2016-01-22,-2.2491082367376056
2016-01-23,-2.369475664260787
2016-01-24,-1.7238765767590487
2016-01-25,-1.9332752298280804
2016-01-26,-1.9353099435724095
2016-01-27,-1.9931180092061078
2016-01-28,-1.89998292064477
2016-01-29,-1.797076569266807
2016-01-30,-1.789794332959724
2016-01-31,-2.1594543550103977
2016-02-01,-1.4416401942609787
2016-02-02,-1.5836032885087277
2016-02-03,-1.9511714675876355
2016-02-04,-2.268206896982358
2016-02-05,-2.2438151594516986
2016-02-06,-2.390124426921522
2016-02-07,-2.330042257414377
2016-02-08,-1.9408934579029242
2016-02-09,-1.740073784797637
2016-02-10,-1.9908320000219597
2016-02-11,-1.7957918494823364
2016-02-12,-1.8995517005358795
2016-02-13,-2.559312187057149
2016-02-14,-2.129845110237661
2016-02-15,-1.6839436977264173
2016-02-16,-1.9540688752816153
2016-02-17,-1.8109667470855113
2016-02-18,-1.613630691349962
2016-02-19,-1.7487854611791789
2016-02-20,-2.0101241847808633
2016-02-21,-1.7168070291023076
2016-02-22,-1.465241740003288
2016-02-23,-1.6714569474962777
2016-02-24,-1.4897047176067073
2016-02-25,-1.9010122323747638
2016-02-26,-1.8671170897948333
2016-02-27,-2.007435185609559
2016-02-28,-2.287176628444147
2016-02-29,-2.2691491763563185
2016-03-01,-2.5850677106002715
2016-03-02,-2.159798857392256
2016-03-03,-2.2202939296741797
2016-03-04,-1.922596814769033
2016-03-05,-1.8270388926047936
2016-03-06,-1.7304536681753557
2016-03-07,-1.9652213900889652
2016-03-08,-2.203825529193549
2016-03-09,-2.092221547530842
2016-03-10,-1.4765512062984836
2016-03-11,-1.8463241583031842
2016-03-12,-2.2862664744848087
2016-03-13,-2.726330752590275
2016-03-14,-2.62452355973467
2016-03-15,-2.767140009748134
2016-03-16,-3.244144241150397
2016-03-17,-2.5042256350803562
2016-03-18,-3.4868669510461388
2016-03-19,-4.810997484085507
2016-03-20,-4.368875898369027
2016-03-21,-3.481029360335885
2016-03-22,-4.8341609374419585
2016-03-23,-4.366872930089902
2016-03-24,-4.147049574960179
2016-03-25,-4.762444229344817
2016-03-26,-4.812045104306194
2016-03-27,-5.207476043586707
2016-03-28,-4.554842077290993
2016-03-29,-3.1903314028135332
2016-03-30,-3.4244987486155485
2016-03-31,-3.507356300018768
2016-04-01,-2.899149699773372
2016-04-02,-3.8486323621653584
2016-04-03,-3.303800041429147
2016-04-04,-2.555662095273127
2016-04-05,-2.625999792549069
2016-04-06,-2.384508099913416
2016-04-07,-2.279009467157746
2016-04-08,-2.5889058624809533
2016-04-09,-3.527610806043672
2016-04-10,-3.5214669047139524
2016-04-11,-2.6140048311707607
2016-04-12,-2.454169226543389
2016-04-13,-3.0335092090564513
2016-04-14,-2.5268278966307336
2016-04-15,-1.9647831774811078
2016-04-16,-1.6588711436659305
2016-04-17,-1.4688828428534089
2016-04-18,-1.7225248426255497
2016-04-19,-1.5465049683733294
2016-04-20,-1.7737517065469204
2016-04-21,-1.433073024299873
2016-04-22,-0.7847453913310524
2016-04-23,-1.0108934406890915
2016-04-24,-1.2273954544092531
2016-04-25,-1.4754799263717737
2016-04-26,-1.6055246282157718
2016-04-27,-2.434250730978632
2016-04-28,-2.5662251037256567
2016-04-29,-2.4882116442370976
2016-04-30,-2.24010178824616
2016-05-01,-1.7312313492181106
2016-05-02,-2.012336113781905
2016-05-03,-1.8768870344350193
2016-05-04,-1.9226564043412813
2016-05-05,-1.7646742809870233
2016-05-06,-1.8010090249188293
2016-05-07,-1.6734484973350223
2016-05-08,-1.459528446833923
2016-05-09,-1.8019808513770061
2016-05-10,-2.0943131479436436
2016-05-11,-1.9631664858414208
2016-05-12,-1.8360835383110403
2016-05-13,-1.629757663967806
2016-05-14,-1.7848609750515536
2016-05-15,-1.385514969718148
2016-05-16,-1.408540134484879
2016-05-17,-1.7132670973221014
2016-05-18,-1.9252613178455633
2016-05-19,-2.5079858429617774
2016-05-20,-2.546042785610796
2016-05-21,-2.260375759702667
2016-05-22,-1.8292783731283273
2016-05-23,-1.512145222306045
2016-05-24,-1.9961530036049806
2016-05-25,-1.8750248119268882
2016-05-26,-2.213207406138497
2016-05-27,-2.0587586365153268
2016-05-28,-1.8665612618432053
2016-05-29,-2.177367527465337
2016-05-30,-2.064483618297397
2016-05-31,-1.6632087167499887
2016-06-01,-1.5346890276093161
2016-06-02,-1.6418920005254494
2016-06-03,-1.485992948292012
2016-06-04,-1.9004035174601144
2016-06-05,-1.7998985150939293
2016-06-06,-1.7756006466539633
2016-06-07,-1.7089321121873193
2016-06-08,-1.693491927309147
2016-06-09,-1.8856632524799084
2016-06-10,-1.575299894009498
2016-06-11,-1.7319237396383436
2016-06-12,-2.0065927407001314
2016-06-13,-2.7053366630246862
2016-06-14,-3.6911535641358015
2016-06-15,-2.944631984975599
2016-06-16,-2.378988662481567
2016-06-17,-2.0729097297390133
2016-06-18,-2.319627596982211
2016-06-19,-2.011208072993454
2016-06-20,-1.8444743959431174
2016-06-21,-1.7561043637214415
2016-06-22,-1.755117532516849
2016-06-23,-1.539947211377149
2016-06-24,-1.0389617387042538
2016-06-25,-1.4074265997877762
2016-06-26,-1.1171344511816395
2016-06-27,-0.8903042826780743
2016-06-28,-1.3582053282466038
2016-06-29,-1.9634705235041
2016-06-30,-1.7034862261232389
2016-07-01,-1.9187404053316681
2016-07-02,-1.8419675070335768
2016-07-03,-1.5370561412046784
2016-07-04,-1.2286988174572366
2016-07-05,-1.5683837829205878
2016-07-06,-1.7731669900444071
2016-07-07,-1.9091334542891902
2016-07-08,-1.3257918371285473
2016-07-09,-1.3049962359852745
2016-07-10,-1.5336435315302703
2016-07-11,-1.2295862564209519
2016-07-12,-1.4285037906734646
2016-07-13,-1.617417515830653
2016-07-14,-1.5220819155030716
2016-07-15,-4.211327066439214
2016-07-16,-3.74891078637913
2016-07-17,-3.562262106081073
2016-07-18,-3.069236515685903
2016-07-19,-2.93990997752169
2016-07-20,-2.690615153217928
2016-07-21,-2.4563807504272956
2016-07-22,-2.698008459207764
2016-07-23,-3.2399492729331647
2016-07-24,-2.650585672185491
2016-07-25,-2.4333639496290207
2016-07-26,-5.451929774786759
2016-07-27,-4.291055621712493
2016-07-28,-3.3765379209436746
2016-07-29,-3.1819250180501952
2016-07-30,-3.2272762139319666
2016-07-31,-2.8109494110589517
2016-08-01,-2.889823139410209
2016-08-02,-2.776066730371171
2016-08-03,-2.4319119572954784
2016-08-04,-2.997281877168405
2016-08-05,-2.7137844740482
2016-08-06,-3.294119031898578
2016-08-07,-2.992263310038581
2016-08-08,-2.4877596696573137
2016-08-09,-2.218284072661508
2016-08-10,-2.7200378849805125
2016-08-11,-2.6350925897750663
2016-08-12,-2.9107106795648923
2016-08-13,-2.791562486259095
2016-08-14,-2.5971594762753494
2016-08-15,-2.798063972885111
2016-08-16,-2.748402411492891
2016-08-17,-2.3549438349631657
2016-08-18,-2.4019341939858543
2016-08-19,-2.4955749935151803
2016-08-20,-2.5570927646283423
2016-08-21,-2.3368833997864513
2016-08-22,-1.9633234812035472
2016-08-23,-2.241797419227833
2016-08-24,-2.7153625382196105
2016-08-25,-2.526625498012818
2016-08-26,-2.910319153768419
2016-08-27,-2.79553978849403
2016-08-28,-2.5580066776756167
2016-08-29,-2.2726521952432184
2016-08-30,-2.190449005709206
2016-08-31,-1.8463635325402932
2016-09-01,-1.8468406246261715
2016-09-02,-2.0767993576209687
2016-09-03,-1.5090428635738204
2016-09-04,-1.5403146110018533
2016-09-05,-2.1015611803163865
2016-09-06,-1.863769569767748
2016-09-07,-1.8300979292486415
2016-09-08,-2.2705466629589472
2016-09-09,-2.7688458449331765
2016-09-10,-2.5588821339158603
2016-09-11,-2.8290000406640328
2016-09-12,-2.2282773614498708
2016-09-13,-2.046340391290976
2016-09-14,-2.1937061614721527
2016-09-15,-2.075350608027082
2016-09-16,-1.967807980470992
2016-09-17,-2.0771561379904315
2016-09-18,-2.161057912477246
2016-09-19,-2.1459456508406265
2016-09-20,-1.9088072092068094
2016-09-21,-1.555560666208581
2016-09-22,-1.7104795314497714
2016-09-23,-1.6390434323235668
2016-09-24,-2.326654292539271
2016-09-25,-2.545478560826357
2016-09-26,-2.229053532113704
2016-09-27,-1.7879921719654046
2016-09-28,-1.3563372894926784
2016-09-29,-1.381340462350117
2016-09-30,-1.3054309233582215
2016-10-01,-2.097485537280383
2016-10-02,-1.897727185402097
2016-10-03,-1.7629605785288878
2016-10-04,-1.6017758631911858
2016-10-05,-1.2395935470408597
2016-10-06,-1.6337519266105627
2016-10-07,-1.8328481542819164
2016-10-08,-2.564372932688545
2016-10-09,-2.7826831638436036
2016-10-10,-2.3869416004602906
2016-10-11,-2.4495734084437735
2016-10-12,-2.7277699522708603
2016-10-13,-1.9655782746848915
2016-10-14,-1.909162512869392
2016-10-15,-2.089781997397069
2016-10-16,-2.1983515195339587
2016-10-17,-1.788357558629685
2016-10-18,-1.6483716353189088
2016-10-19,-1.5953755060273036
2016-10-20,-1.95673641648576
2016-10-21,-1.8973830377249818
2016-10-22,-2.2509880002344147
2016-10-23,-2.2956946722165688
2016-10-24,-2.140392525162997
2016-10-25,-2.091450624131213
2016-10-26,-1.9568758795946113
2016-10-27,-1.5559001966354045
2016-10-28,-1.4215213870565375
2016-10-29,-1.6855629561873964
2016-10-30,-1.6683394689754925
2016-10-31,-1.79371842958622
2016-11-01,-1.4761706810906023
2016-11-02,-1.6673021427290977
2016-11-03,-1.5633322790529747
2016-11-04,-1.3400657341099973
2016-11-05,-2.042702639086874
2016-11-06,-1.80714922852409
2016-11-07,-1.0448988775601902
2016-11-08,-1.0491064718494958
2016-11-09,-0.7614834941838124
2016-11-10,-1.1731817771512871
2016-11-11,-1.1580879148786183
2016-11-12,-1.618443932410824
2016-11-13,-1.9698847091834442
2016-11-14,-1.432802173558174
2016-11-15,-1.1527568797424195
2016-11-16,-0.9020795475542048
2016-11-17,-1.1552391989716033
2016-11-18,-1.3071852859304463
2016-11-19,-1.5659837324638064
2016-11-20,-1.5320974488240149
2016-11-21,-1.719691601684463
2016-11-22,-1.6631188280074625
2016-11-23,-1.7112228879498048
2016-11-24,-1.6362384391823244
2016-11-25,-2.645703705653542
2016-11-26,-2.042174408620124
2016-11-27,-1.475260939319331
2016-11-28,-1.1508235559236553
2016-11-29,-1.5227319559348669
2016-11-30,-1.602181583223045
2016-12-01,-1.4466769730464146
2016-12-02,-1.6573840616921944
2016-12-03,-1.5976422164662207
2016-12-04,-1.4990366996161848
2016-12-05,-1.5056452862324143
2016-12-06,-1.4361972833738523
2016-12-07,-1.2640639922394674
2016-12-08,-1.4902416875774813
2016-12-09,-1.6571510776357599
2016-12-10,-2.2453556355465327
2016-12-11,-1.705668432448445
2016-12-12,-1.915585914677779
2016-12-13,-2.1006764732463856
2016-12-14,-2.048350258474619
2016-12-15,-1.9531930904321877
2016-12-16,-2.1042215597687814
2016-12-17,-2.4205678637023307
2016-12-18,-2.3888604521261776
2016-12-19,-2.4289083832637086
2016-12-20,-2.6805414980513436
2016-12-21,-2.274120547875689
2016-12-22,-1.9368809610267834
2016-12-23,-1.9344122483252182
2016-12-24,-2.345031825032153
2016-12-25,-1.802410701541229
2016-12-26,-2.000916778489858
2016-12-27,-1.9625258138819996
2016-12-28,-2.3295159097320015
2016-12-29,-2.0770978241519455
2016-12-30,-1.7432268608206827
2016-12-31,-1.9085935688492726
2017-01-01,-2.3893299939705055
2017-01-02,-2.802625690763299
2017-01-03,-2.0011391298499372
2017-01-04,-1.637904519595789
2017-01-05,-2.195531704094365
2017-01-06,-2.0026831343023277
2017-01-07,-1.8483418195819747
2017-01-08,-1.8365819110933197
2017-01-09,-1.8630453904032294
2017-01-10,-1.720747145341927
2017-01-11,-1.6674496409147024
2017-01-12,-2.1050435040453257
2017-01-13,-1.9123086184136076
2017-01-14,-1.76486518917177
2017-01-15,-1.645498464120069
2017-01-16,-1.4832028575853284
2017-01-17,-1.2261660452959628
2017-01-18,-1.461618371267312
2017-01-19,-1.5089171965078554
2017-01-20,-1.1508579076613135
2017-01-21,-1.7153829341029587
2017-01-22,-1.2738898583282487
2017-01-23,-0.9222451652451382
2017-01-24,-1.0861616469254858
2017-01-25,-1.1646798276134471
2017-01-26,-1.115793818421039
2017-01-27,-1.4748675537152531
2017-01-28,-1.4545632777912756
2017-01-29,-1.6201452626918331
2017-01-30,-2.2873719217738953
2017-01-31,-2.059946470171556
2017-02-01,-1.6925422337868374
2017-02-02,-1.511389463787085
2017-02-03,-2.821314204795284
2017-02-04,-2.7720320790159727
2017-02-05,-2.1806703693698046
2017-02-06,-1.995817859805441
2017-02-07,-2.3523583611775667
2017-02-08,-2.3434393972750502
2017-02-09,-2.1176146055258314
2017-02-10,-2.599748623129107
2017-02-11,-2.441495460232092
2017-02-12,-2.6584850939889475
2017-02-13,-2.223514862490646
2017-02-14,-2.0157451732594107
2017-02-15,-1.7509965283454587
2017-02-16,-2.0780872436121287
2017-02-17,-1.289317793660523
2017-02-18,-1.7537629525344058
2017-02-19,-1.8852644237296212
2017-02-20,-1.4850601826358671
2017-02-21,-1.605244845726568
2017-02-22,-1.4968909298998339
2017-02-23,-1.7063834765723591
2017-02-24,-1.6225913367384268
2017-02-25,-1.3519100434363722
2017-02-26,-1.4498445812746923
2017-02-27,-1.3366557045867495
2017-02-28,-1.6806908495000243
2017-03-01,-1.5957258331312474
2017-03-02,-1.9609073054950628
2017-03-03,-1.5548015949117249
2017-03-04,-1.1970787257546647
2017-03-05,-1.2065946620283918
2017-03-06,-1.2557425587402957
2017-03-07,-1.383184150380424
2017-03-08,-1.6002623420333053
2017-03-09,-1.3122336689444831
2017-03-10,-1.3308900763569456
2017-03-11,-1.4662224757061166
2017-03-12,-2.120470038525468
2017-03-13,-1.9488963497940337
2017-03-14,-1.5864692879183258
2017-03-15,-1.3574529911004385
2017-03-16,-2.011166374399443
2017-03-17,-1.5984824186536943
2017-03-18,-2.6192229131806175
2017-03-19,-3.233365413609138
2017-03-20,-2.268630291187173
2017-03-21,-1.7610424820689468
2017-03-22,-2.369493487792983
2017-03-23,-2.9671727466754843
2017-03-24,-2.1617207865811126
2017-03-25,-1.924379498692858
2017-03-26,-1.5208725928754516
2017-03-27,-1.474056650793956
2017-03-28,-2.114292910748763
2017-03-29,-1.4783230347966407
2017-03-30,-1.3513409895687363
2017-03-31,-1.6711247769143358
2017-04-01,-1.8386736694890697
2017-04-02,-1.9557872904449383
2017-04-03,-1.4678841135454088
2017-04-04,-2.633810359248673
2017-04-05,-3.0348038861808195
2017-04-06,-2.5957569695012035
2017-04-07,-2.8426364019177166
2017-04-08,-2.8211151907939893
2017-04-09,-2.557348938314195
2017-04-10,-2.0252776375080686
2017-04-11,-2.397213777672137
2017-04-12,-1.6292660051314716
2017-04-13,-1.590188552254839
2017-04-14,-1.6940819882609077
2017-04-15,-1.728414583588958
2017-04-16,-1.6445960563499775
2017-04-17,-1.6017458647969125
2017-04-18,-1.998584949869082
2017-04-19,-2.0483693882837954
2017-04-20,-2.863907217751071
2017-04-21,-4.042733477581433
2017-04-22,-2.965087301309179
2017-04-23,-1.9723504820122746
2017-04-24,-1.4524114873519725
2017-04-25,-1.6490625093493607
2017-04-26,-2.14621476371125
2017-04-27,-2.3174849458784794
2017-04-28,-1.7054297509673875
2017-04-29,-1.445803345512222
2017-04-30,-1.5716654901057747
2017-05-01,-2.0921328738154514
2017-05-02,-1.9348627526634217
2017-05-03,-1.7378205550186878
2017-05-04,-1.9461229598159213
2017-05-05,-1.7928039270748932
2017-05-06,-2.2822334337973365
2017-05-07,-1.1887187669175083
2017-05-08,-0.27886813877528094
2017-05-09,-1.0031508311854653
2017-05-10,-0.9585763203812389
2017-05-11,-0.9251367225715652
2017-05-12,-1.0929174590764885
2017-05-13,-1.0793689464920992
2017-05-14,-0.5346337490032221
2017-05-15,-0.5824302446447067
2017-05-16,-0.8894059201390789
2017-05-17,-0.7336956494315054
2017-05-18,-0.8027869899689464
2017-05-19,-1.4031451884770787
2017-05-20,-1.313242567317948
2017-05-21,-0.9930242498657538
2017-05-22,-0.7322448954682261
2017-05-23,-1.7592332781268576
2017-05-24,-1.5758843918203294
2017-05-25,-1.0618721282343457
2017-05-26,-1.1031241548913069
2017-05-27,-1.1256800858789981
2017-05-28,-1.0964400595566517
2017-05-29,-1.1874302046351393
2017-05-30,-1.729830750123574
2017-05-31,-1.387155185789105
2017-06-01,-1.026550099741548
2017-06-02,-0.9796883990903624
2017-06-03,-1.0361181797605037
2017-06-04,-2.428619776921589
2017-06-05,-1.717154665122761
2017-06-06,-1.9422805754345978
2017-06-07,-2.0363400991925062
2017-06-08,-1.210110876900358
2017-06-09,-1.1210477435090065
2017-06-10,-1.3333619456039043
2017-06-11,-1.0697642627900001
2017-06-12,-0.8445508404844978
2017-06-13,-1.2000844370321158
2017-06-14,-1.2713466111345022
2017-06-15,-1.12555825300869
2017-06-16,-1.127946312103776
2017-06-17,-1.5230266229338638
2017-06-18,-1.86838175750407
2017-06-19,-2.012586318425453
2017-06-20,-1.952713384940517
2017-06-21,-1.3371161838632113
2017-06-22,-1.380691467024213
2017-06-23,-1.3237251117909326
2017-06-24,-1.4105202112653283
2017-06-25,-1.3373577021650522
2017-06-26,-1.1158401772263444
2017-06-27,-1.3038223086017005
2017-06-28,-1.003523211227189
2017-06-29,-1.3636055719284808
2017-06-30,-1.5894962967959982
2017-07-01,-1.6237719021003658
2017-07-02,-1.6639648971077823
2017-07-03,-2.1379719694624773
2017-07-04,-1.7393943322716137
2017-07-05,-1.5440580153852859
2017-07-06,-1.6400801107361043
2017-07-07,-1.6491735429062448
2017-07-08,-1.3741900743793516
2017-07-09,-1.4117348072945097
2017-07-10,-1.200133336019685
2017-07-11,-1.2205149083614484
2017-07-12,-1.3826759053481652
2017-07-13,-1.0464577206298356
2017-07-14,-0.747975358992099
2017-07-15,-1.1088277906602362
2017-07-16,-1.6641901429230477
2017-07-17,-1.4053303770364982
2017-07-18,-1.4757848199856836
2017-07-19,-1.7754599767111305
2017-07-20,-1.5473935854540952
2017-07-21,-1.3428921069558413
2017-07-22,-1.7864907299151074
2017-07-23,-1.559305329874203
2017-07-24,-1.8168087955100392
2017-07-25,-1.6134026700839492
2017-07-26,-2.0346184791075577
2017-07-27,-1.7798700976493107
2017-07-28,-1.637575432879759
2017-07-29,-1.697310950784517
2017-07-30,-1.7159744256563598
2017-07-31,-1.3391200137891341
2017-08-01,-1.0419333561032553
2017-08-02,-1.3393405870108974
2017-08-03,-1.4665210701880322
2017-08-04,-1.328683372721083
2017-08-05,-1.3520475186440708
2017-08-06,-2.341897356228395
2017-08-07,-1.7149386343026771
2017-08-08,-1.7587186931013625
2017-08-09,-2.963739138180585
2017-08-10,-2.799154899762091
2017-08-11,-1.950229099612952
2017-08-12,-2.1038173362846635
2017-08-13,-1.8407322435889588
2017-08-14,-3.3170386549606388
2017-08-15,-2.801173035947471
2017-08-16,-2.117045997266208
2017-08-17,-2.969451477839346
2017-08-18,-3.8918334323606145
2017-08-19,-3.2207178041007034
2017-08-20,-2.9170884984554974
2017-08-21,-2.660626615354304
2017-08-22,-2.200026943721021
2017-08-23,-2.1002656738462973
2017-08-24,-1.2909666346875417
2017-08-25,-1.3576043393771948
2017-08-26,-1.7137026308547354
2017-08-27,-1.5925967518804114
2017-08-28,-1.6348202979194684
2017-08-29,-2.596605061691503
2017-08-30,-1.6711321834887243
2017-08-31,-1.6281355241393092
2017-09-01,-1.411459243263903
2017-09-02,-1.8869133192906533
2017-09-03,-2.081163054794702
2017-09-04,-1.698116980353455
2017-09-05,-1.762000454778017
2017-09-06,-1.828173054176099
2017-09-07,-1.871214184188658
2017-09-08,-1.8055078374899938
2017-09-09,-2.157496469507391
2017-09-10,-2.593650253410979
2017-09-11,-2.1730002378324134
2017-09-12,-2.285447548090084
2017-09-13,-1.7480154137320938
2017-09-14,-1.363298195900197
2017-09-15,-1.9406444766335347
2017-09-16,-1.672261418629302
2017-09-17,-2.518845093471357
2017-09-18,-1.654056640604434
2017-09-19,-1.6710463665242237
2017-09-20,-1.4286650422324458
2017-09-21,-1.5403326619907733
2017-09-22,-1.3658220255464444
2017-09-23,-1.5217489863162206
2017-09-24,-1.456778957346662
2017-09-25,-1.2421923364913352
2017-09-26,-1.2231763978510646
2017-09-27,-0.9187351691804359
2017-09-28,-1.069115730368597
2017-09-29,-1.036259300788658
2017-09-30,-1.5347582805747664
2017-10-01,-3.2440941256651326
2017-10-02,-3.0517455311582697
2017-10-03,-2.372068885332348
2017-10-04,-1.7606799270006335
2017-10-05,-1.7474595418674939
2017-10-06,-1.520964103793951
2017-10-07,-1.763106169029985
2017-10-08,-1.8082278833797192
2017-10-09,-1.6538189052381902
2017-10-10,-2.0217325985135908
2017-10-11,-1.4646358122954168
2017-10-12,-1.4117838903837379
2017-10-13,-1.3305069713148128
2017-10-14,-1.664574057062761
2017-10-15,-1.6943665112726756
2017-10-16,-1.6376961818672764
2017-10-17,-1.6019746863087851
2017-10-18,-1.7818671881564117
2017-10-19,-1.4189359604574854
2017-10-20,-1.4532407097900837
2017-10-21,-2.0448251930612935
2017-10-22,-1.8852850267555386
2017-10-23,-1.4478966653290386
2017-10-24,-1.3499008269593011
2017-10-25,-1.2422037451528642
2017-10-26,-1.21480831860478
2017-10-27,-1.534847257582239
2017-10-28,-1.5740323661577194
2017-10-29,-1.8432178380407926
2017-10-30,-1.8913334908649138
2017-10-31,-2.068413064838268
2017-11-01,-1.9661520994050161
2017-11-02,-1.932302875441391
2017-11-03,-1.9680417710391171
2017-11-04,-1.6147251040587096
2017-11-05,-1.8052857642042253
2017-11-06,-1.602518780459051
2017-11-07,-1.8442007853385394
2017-11-08,-1.5946468189282468
2017-11-09,-1.0734465958430204
2017-11-10,-1.8229788928856268
2017-11-11,-1.7644979425412244
2017-11-12,-1.467946058654229
2017-11-13,-1.7140648292736536
2017-11-14,-1.5678287537216873
2017-11-15,-1.6323634839701748
2017-11-16,-1.362929729025243
2017-11-17,-1.6334347030102696
2017-11-18,-1.8246060839836855
2017-11-19,-1.772659212661339
2017-11-20,-1.502712920283934
2017-11-21,-1.4506566303524113
2017-11-22,-1.8247623007480105
2017-11-23,-1.6451320798174518
2017-11-24,-1.6503714646835699
2017-11-25,-2.4899059466245417
2017-11-26,-2.076755439638841
2017-11-27,-1.5549680274432947
2017-11-28,-1.5224697410896186
2017-11-29,-1.3736338741730594
2017-11-30,-1.5603474726661906
2017-12-01,-1.6081443833644367
2017-12-02,-1.5454793675042695
2017-12-03,-1.4980637476833336
2017-12-04,-1.098612927324606
2017-12-05,-1.4125284222542696
2017-12-06,-1.2209287812285226
2017-12-07,-1.2224429742209244
2017-12-08,-1.2821525474363773
2017-12-09,-1.6481226158096507
2017-12-10,-1.585774069000418
2017-12-11,-1.288657795349188
2017-12-12,-1.0486786360498201
2017-12-13,-1.2596977624671204
2017-12-14,-1.4092486363286734
2017-12-15,-1.7514745455968743
2017-12-16,-1.5295069063336888
2017-12-17,-1.2633793852727537
2017-12-18,-1.8204768376914402
2017-12-19,-1.7640003046359805
2017-12-20,-1.6628259272161316
2017-12-21,-1.5574488706054472
2017-12-22,-1.6466089831014286
2017-12-23,-1.7618910041090738
2017-12-24,-2.2166738253091043
2017-12-25,-1.9754236841474133
2017-12-26,-2.018544091544105
2017-12-27,-1.7570140496340934
2017-12-28,-2.08821386786842
2017-12-29,-1.9920478393268688
2017-12-30,-1.6304141857731222
2017-12-31,-1.352913672668794
2018-01-01,-1.7061541646437506
2018-01-02,-2.3603816778764037
2018-01-03,-2.548877178227971
2018-01-04,-2.3338661428323197
2018-01-05,-1.720020149926212
2018-01-06,-1.999020407733901
2018-01-07,-2.132155125033894
2018-01-08,-1.1701144060242328
2018-01-09,-1.691926002208183
2018-01-10,-1.6294475463154154
2018-01-11,-1.6125489169237845
2018-01-12,-1.635783071762621
2018-01-13,-1.945810883817736
2018-01-14,-1.724459592242356
2018-01-15,-2.3060508136058537
2018-01-16,-2.398726797958632
2018-01-17,-1.761126947698431
2018-01-18,-1.6052885087563231
2018-01-19,-1.540476844123608
2018-01-20,-1.0557559729281565
2018-01-21,-1.8830946755024216
2018-01-22,-1.627966997621911
2018-01-23,-1.667892461405917
2018-01-24,-1.792464593838822
2018-01-25,-1.5366829426853088
2018-01-26,-1.6480919012745665
2018-01-27,-2.1485613953655807
2018-01-28,-1.9026966748136447
2018-01-29,-2.0258099874783597
2018-01-30,-1.5643404926030327
2018-01-31,-2.0855457284611703
2018-02-01,-2.203715019496526
2018-02-02,-2.621304362873077
2018-02-03,-2.4257350897329366
2018-02-04,-2.2138719889946885
2018-02-05,-2.5946964851919176
2018-02-06,-2.320076915806245
2018-02-07,-1.5256432470786816
2018-02-08,-1.6789841309414142
2018-02-09,-1.6783526568578129
2018-02-10,-1.3836266451594654
2018-02-11,-1.2913014187302887
2018-02-12,-1.366742258269479
2018-02-13,-1.524206899261438
2018-02-14,-1.9040169283622177
2018-02-15,-1.9063563353087625
2018-02-16,-1.9832834829747599
2018-02-17,-2.3705191094703224
2018-02-18,-1.8734036577157536
2018-02-19,-1.887727779989832
2018-02-20,-1.9938869639920627
2018-02-21,-1.9661494628426894
2018-02-22,-1.8321885787146424
2018-02-23,-1.7070787789020698
2018-02-24,-1.8886868325652553
2018-02-25,-1.9532298690502115
2018-02-26,-1.5301259471427764
2018-02-27,-1.5700214639859253
2018-02-28,-1.4882356903779788
2018-03-01,-1.3815750310834518
2018-03-02,-2.5291081309702315
2018-03-03,-3.0031678577375076
2018-03-04,-2.0773648317593962
2018-03-05,-1.670297066623057
2018-03-06,-1.5285976832933579
2018-03-07,-1.722517568461112
2018-03-08,-1.1824981748854966
2018-03-09,-1.2882484710360544
2018-03-10,-0.16634996128590418
2018-03-11,-0.32509384226646765
2018-03-12,-0.8073872430022253
2018-03-13,-1.2751214882855448
2018-03-14,-1.5200017212959382
2018-03-15,-1.768729400957376
2018-03-16,-1.597874969314087
2018-03-17,-1.6638427315915794
2018-03-18,-1.332907020049444
2018-03-19,-1.471516874482433
2018-03-20,-2.001283339218853
2018-03-21,-1.6978161137406393
2018-03-22,-2.474230120090145
2018-03-23,-4.041444840050338
2018-03-24,-4.518804393912535
2018-03-25,-3.3456146964421727
2018-03-26,-2.6814135440128988
2018-03-27,-2.3601011239419374
2018-03-28,-2.469946865113436
2018-03-29,-2.691646813260023
2018-03-30,-2.7045583823071606
2018-03-31,-2.474099799787397
2018-04-01,-2.2498894421113422
2018-04-02,-1.757727556588694
2018-04-03,-1.8916154262233427
2018-04-04,-2.278287687951331
2018-04-05,-1.9999857672898342
2018-04-06,-1.764808576265649
2018-04-07,-1.982981924925776
2018-04-08,-1.6456750455405054
2018-04-09,-2.29779513929701
2018-04-10,-1.7619631423453261
2018-04-11,-1.9530889258388202
2018-04-12,-2.0210332034284404
2018-04-13,-2.614694258338625
2018-04-14,-3.565324959087312
2018-04-15,-3.3041885348258355
2018-04-16,-2.5383294561139946
2018-04-17,-1.9407963341358074
2018-04-18,-1.8684028795329908
2018-04-19,-1.6587801426808315
2018-04-20,-1.8695101932492602
2018-04-21,-1.630097381054987
2018-04-22,-1.9881342635028243
2018-04-23,-2.3450463230718768
2018-04-24,-1.283590225937966
2018-04-25,-1.2382535481647161
2018-04-26,-1.3131574177850343
2018-04-27,-1.1341532780099886
2018-04-28,-1.1225632808681913
2018-04-29,-1.2788631985295311
2018-04-30,-1.5548683235242216
2018-05-01,-1.8108527662712408
2018-05-02,-2.0156479334157607
2018-05-03,-1.7473419620845936
2018-05-04,-1.723495013672431
2018-05-05,-1.8687094900340624
2018-05-06,-2.2299617531217852
2018-05-07,-1.6589713303106075
2018-05-08,-1.6384783060816308
2018-05-09,-1.5519996615628833
2018-05-10,-1.4272629199804667
2018-05-11,-1.413230746470529
2018-05-12,-2.4318432919042823
2018-05-13,-3.9215760506002058
2018-05-14,-2.3187370140165227
2018-05-15,-2.1622227511544962
2018-05-16,-1.4540371789514552
2018-05-17,-1.3421217735125592
2018-05-18,-1.8341645405222442
2018-05-19,-1.1169527432303854
2018-05-20,-1.7037896115345428
2018-05-21,-1.5282404575471087
2018-05-22,-1.8787059948395028
2018-05-23,-1.7360840276952012
2018-05-24,-1.4824232444530498
2018-05-25,-1.4804451937072187
2018-05-26,-1.570314342035779
2018-05-27,-1.2420864065314188
2018-05-28,-0.5491454669356246
2018-05-29,-1.3751660183121965
2018-05-30,-1.660261117907655
2018-05-31,-1.432783160657538
2018-06-01,-1.5310850560014277
2018-06-02,-1.8199560336624694
2018-06-03,-2.187782802962163
2018-06-04,-1.6962276406401688
2018-06-05,-1.7399483789191748
2018-06-06,-1.376082261463655
2018-06-07,-1.1499172080308917
2018-06-08,-1.667921434809978
2018-06-09,-1.483917685197501
2018-06-10,-1.6462573160941512
2018-06-11,-1.5884666912163177
2018-06-12,-1.6593533911187643
2018-06-13,-1.875529879596777
2018-06-14,-1.6867543611781473
2018-06-15,-1.7421203552042483
2018-06-16,-1.599994543686958
2018-06-17,-1.6993958126932016
2018-06-18,-1.3609915933739456
2018-06-19,-1.4422395328211193
2018-06-20,-1.3676836638782708
2018-06-21,-1.2751731934493353
2018-06-22,-1.2666694809812693
2018-06-23,-1.4176295558109608
2018-06-24,-1.819907974005876
2018-06-25,-1.2466666432422804
2018-06-26,-0.8836685037755682
2018-06-27,-1.5015723066331692
2018-06-28,-1.9519233683251394
2018-06-29,-1.8236488498905443
2018-06-30,-1.54525824151053
2018-07-01,-3.1068042137766154
2018-07-02,-2.6080760775135703
2018-07-03,-1.9643078393493492
2018-07-04,-1.870654244129243
2018-07-05,-1.80872219408053
2018-07-06,-1.746613096813728
2018-07-07,-1.9987838834090796
2018-07-08,-1.919367428834462
2018-07-09,-1.4041137236974213
2018-07-10,-1.095123245302161
2018-07-11,-1.3076857275068285
2018-07-12,-0.9692232329747872
2018-07-13,-0.9396255990006953
2018-07-14,-0.749236661623305
2018-07-15,-0.8765875585344082
2018-07-16,-1.4689215379758302
2018-07-17,-0.9770577189201848
2018-07-18,-1.0692852248742148
2018-07-19,-1.5022540910645832
2018-07-20,-1.4169500277076714
2018-07-21,-1.3196634501470752
2018-07-22,-2.050387116103483
2018-07-23,-1.90465244545356
2018-07-24,-1.9945499974061054
2018-07-25,-1.6825982978331184
2018-07-26,-1.4457609160287326
2018-07-27,-1.359459609336908
2018-07-28,-1.4869094589670209
2018-07-29,-1.8944720977827698
2018-07-30,-1.6411612374496294
2018-07-31,-1.8092933375963247
2018-08-01,-1.8361561776430768
2018-08-02,-1.8549605285124702
2018-08-03,-1.5659671825327148
2018-08-04,-1.7060983889705217
2018-08-05,-1.8278077022569137
2018-08-06,-1.9217994601475288
2018-08-07,-1.766245511291329
2018-08-08,-1.8472645032620039
2018-08-09,-1.8964489676559433
2018-08-10,-2.049870465662696
2018-08-11,-2.2184965666244545
2018-08-12,-1.7250814418610816
2018-08-13,-1.70911308489115
2018-08-14,-1.4786903225613175
2018-08-15,-1.7774106931423073
2018-08-16,-1.565257031862171
2018-08-17,-1.3438834340727726
2018-08-18,-1.7710552402191664
2018-08-19,-1.4700008766436434
2018-08-20,-1.517554349848558
2018-08-21,-1.7173349609309116
2018-08-22,-2.424581201669712
2018-08-23,-3.020353198008735
2018-08-24,-1.84673980213996
2018-08-25,-1.942436265409789
2018-08-26,-1.6024672017331443
2018-08-27,-1.6783405039037922
2018-08-28,-1.9335617682726731
2018-08-29,-2.0529632588776012
2018-08-30,-2.0936897410562882
2018-08-31,-2.1133547023678267
2018-09-01,-1.6768443305581318
2018-09-02,-1.5935626202136999
2018-09-03,-1.6117978338435666
2018-09-04,-2.0824652921673916
2018-09-05,-1.6694554250488596
2018-09-06,-1.4493571495425077
2018-09-07,-1.6012371771716019
2018-09-08,-1.4286629765599839
2018-09-09,-1.3219519802820316
2018-09-10,-2.1070468700651994
2018-09-11,-1.8482731606502911
2018-09-12,-1.3476643817249685
2018-09-13,-1.85217959856067
2018-09-14,-1.7153766563277373
2018-09-15,-1.7264627219665514
2018-09-16,-2.065435247027056
2018-09-17,-1.818083074315726
2018-09-18,-1.6593301077673168
2018-09-19,-1.4163331756170001
2018-09-20,-1.4131255832488612
2018-09-21,-1.6636779993826876
2018-09-22,-1.4333971513747565
2018-09-23,-1.353489490337396
2018-09-24,-1.597209285430928
2018-09-25,-1.3245488677071122
2018-09-26,-1.633061581613019
2018-09-27,-1.458594216462032
2018-09-28,-1.5028518761965866
2018-09-29,-1.50616700618082
2018-09-30,-1.672003534742152
2018-10-01,-1.5653869062526116
2018-10-02,-1.6132808484439942
2018-10-03,-1.9010195133389298
2018-10-04,-1.6402744468476074
2018-10-05,-1.7696381574511155
2018-10-06,-1.9724740740606832
2018-10-07,-1.8500452647562304
2018-10-08,-1.7068250745742402
2018-10-09,-1.6411587981390643
2018-10-10,-1.4318587813323371
2018-10-11,-1.204981237262878
2018-10-12,-1.1960426305661893
2018-10-13,-1.2245613728555516
2018-10-14,-1.5163999875480554
2018-10-15,-1.9443668182953762
2018-10-16,-1.8793869707405741
2018-10-17,-1.6970390135217985
2018-10-18,-1.5874252793420427
2018-10-19,-1.5093501426333922
2018-10-20,-1.7776022659221526
2018-10-21,-2.188771786403064
2018-10-22,-1.9057697147643682
2018-10-23,-1.8976736759334403
2018-10-24,-1.5721374713711507
2018-10-25,-1.72441622216569
2018-10-26,-1.6577747770271323
2018-10-27,-1.8273140018154999
2018-10-28,-1.6656716230421027
2018-10-29,-1.0422646574094447
2018-10-30,-1.2082581629107985
2018-10-31,-1.7930592532269307
2018-11-01,-1.6401843673649001
2018-11-02,-1.6916306361802127
2018-11-03,-1.759659940300449
2018-11-04,-1.5043823142117718
2018-11-05,-1.8227368471829286
2018-11-06,-2.1389704701999688
2018-11-07,-2.0622834072963143
2018-11-08,-1.7942910435930584
2018-11-09,-1.7655742678135204
2018-11-10,-1.6269486590521087
2018-11-11,-1.8856612724126063
2018-11-12,-1.9830771709192347
2018-11-13,-2.1099658796444243
2018-11-14,-1.530784635959187
2018-11-15,-1.4375834639374425
2018-11-16,-1.7989740264109195
2018-11-17,-2.8972173291819168
2018-11-18,-2.7955287451989057
2018-11-19,-2.0592955596484974
2018-11-20,-2.125671524150909
2018-11-21,-1.7560645509802364
2018-11-22,-1.7951191006338199
2018-11-23,-1.9464135160871905
2018-11-24,-3.0406519552465294
2018-11-25,-3.1131328466030093
2018-11-26,-2.2441810781457363
2018-11-27,-2.057854213342437
2018-11-28,-1.5575901351387946
2018-11-29,-1.4417667478625202
2018-11-30,-1.6962926736980217
2018-12-01,-2.7180602178178748
2018-12-02,-3.476862429486006
2018-12-03,-2.908479503047468
2018-12-04,-3.126067950987689
2018-12-05,-3.063203866790775
2018-12-06,-2.7994624157035597
2018-12-07,-2.7676819693726338
2018-12-08,-3.489118581924217
2018-12-09,-3.5651736181374445
2018-12-10,-3.0691054144982544
2018-12-11,-3.066811469728112
2018-12-12,-4.153203555426682
2018-12-13,-3.7225972296190855
2018-12-14,-3.2254230379664737
2018-12-15,-3.537560639580553
2018-12-16,-2.882256406895903
2018-12-17,-2.3880408728427938
2018-12-18,-2.1473720116145114
2018-12-19,-2.1433125914097735
2018-12-20,-2.4597638367858212
2018-12-21,-2.8131139618641465
2018-12-22,-2.9995505480672318
2018-12-23,-2.9966631754585484
2018-12-24,-2.357880679361898
2018-12-25,-2.149353112652445
2018-12-26,-2.2454480484316464
2018-12-27,-2.1793481265305297
2018-12-28,-1.9373369570901555
2018-12-29,-2.708951913124663
2018-12-30,-3.1298432565760668
2018-12-31,-2.2868885775906667
2019-01-01,-1.9944510045597645
2019-01-02,-1.9949756486583068
2019-01-03,-2.287184245764555
2019-01-04,-2.2986350793313184
2019-01-05,-3.243790229220985
2019-01-06,-3.1279609942001914
2019-01-07,-3.2422943269202187
2019-01-08,-2.4572355804061923
2019-01-09,-2.0879386158567415
2019-01-10,-2.1823912933072402
2019-01-11,-2.326415951282407
2019-01-12,-3.5773098747536376
2019-01-13,-3.4794708239919636
2019-01-14,-2.627006293210688
2019-01-15,-2.265742673297366
2019-01-16,-1.9929129415385127
2019-01-17,-1.8181785040615897
2019-01-18,-1.9266782121342334
2019-01-19,-2.394616121616152
2019-01-20,-2.146228791283658
2019-01-21,-1.5116342641027662
2019-01-22,-1.4474846296577741
2019-01-23,-1.6383944614821875
2019-01-24,-1.4924320628822485
2019-01-25,-1.2765343162345768
2019-01-26,-2.127488470523881
2019-01-27,-2.254202470112168
2019-01-28,-1.994520218827893
2019-01-29,-1.9679183360521386
2019-01-30,-1.8769933489798842
2019-01-31,-2.0299434811889814
2019-02-01,-1.883738401431256
2019-02-02,-2.869630149648711
2019-02-03,-2.324562526897808
2019-02-04,-1.6457736761416777
2019-02-05,-2.227224644111171
2019-02-06,-1.7989324890202356
2019-02-07,-1.7985232449098647
2019-02-08,-1.8278296119201718
2019-02-09,-2.7898224693345615
2019-02-10,-2.7933741381078145
2019-02-11,-1.6133548023735484
2019-02-12,-1.9000815835169962
2019-02-13,-1.7484659367080584
2019-02-14,-1.51883439642377
2019-02-15,-1.6865391274294301
2019-02-16,-2.0788873756408677
2019-02-17,-2.5971264820600775
2019-02-18,-2.084802559809596
2019-02-19,-1.8164113400201967
2019-02-20,-2.1928762566981095
2019-02-21,-1.9996519846380223
2019-02-22,-1.7820298171473559
2019-02-23,-1.725391161404667
2019-02-24,-1.9130777019834604
2019-02-25,-1.8271407914448436
2019-02-26,-1.6379785452334223
2019-02-27,-1.3638683762094874
2019-02-28,-1.6386817503682336
2019-03-01,-1.4712675344847328
2019-03-02,-1.8402898750015708
2019-03-03,-2.0885183144608983
2019-03-04,-1.5916613813066822
2019-03-05,-2.21223218787143
2019-03-06,-2.7763362459849965
2019-03-07,-2.8023240758534667
2019-03-08,-2.167635311785067
2019-03-09,-1.6066554047349644
2019-03-10,-1.7418393253066724
2019-03-11,-1.474068468588629
2019-03-12,-1.7095137667394587
2019-03-13,-1.2698578915276106
2019-03-14,-1.5052515703289542
2019-03-15,-2.267406667571087
2019-03-16,-3.2158486020790495
2019-03-17,-2.971157208589067
2019-03-18,-2.614368443586087
2019-03-19,-2.3436091265124994
2019-03-20,-1.8259812459794085
2019-03-21,-1.663408546541632
2019-03-22,-1.799815711004016
2019-03-23,-2.725776729786186
2019-03-24,-2.1229840039292216
2019-03-25,-1.3156941927211752
2019-03-26,-0.6592650915303111
2019-03-27,-1.233415814537919
2019-03-28,-1.6005052168289677
2019-03-29,-1.6666450366756986
2019-03-30,-1.9200001919268708
2019-03-31,-1.6410364056514708
2019-04-01,-1.13782185831639
2019-04-02,-1.2880289314562259
2019-04-03,-1.3270161838919554
2019-04-04,-1.9591548158694534
2019-04-05,-2.2959595077955908
2019-04-06,-2.6488968515354747
2019-04-07,-2.435131890022055
2019-04-08,-1.9185003652496293
2019-04-09,-1.7729403704003157
2019-04-10,-1.523533298858465
2019-04-11,-1.5950249237217486
2019-04-12,-1.787297603375574
2019-04-13,-2.2539527794042953
2019-04-14,-2.2300853809800696
2019-04-15,-1.8091774520092363
2019-04-16,-1.3317548234489531
2019-04-17,-1.0697625826580222
2019-04-18,-1.2262126933719597
2019-04-19,-1.838679868473153
2019-04-20,-2.2407561292087332
2019-04-21,-2.576912377028706
2019-04-22,-1.6526691390720394
2019-04-23,-1.4421719263218407
2019-04-24,-1.7936521282423825
2019-04-25,-1.7942588295252757
2019-04-26,-1.3428111445821842
2019-04-27,-2.009967491600216
2019-04-28,-1.8313357560911754
2019-04-29,-1.6158127832620892
2019-04-30,-1.2403209902140009
2019-05-01,-2.27811031155498
2019-05-02,-1.8397920635994498
2019-05-03,-1.8459151578538053
2019-05-04,-1.8888231454698456
2019-05-05,-1.4113814062487913
2019-05-06,-1.8506931880928192
2019-05-07,-1.8789574743777933
2019-05-08,-1.730653533748143
2019-05-09,-1.387755965785244
2019-05-10,-1.7704489506700258
2019-05-11,-2.1519034275153706
2019-05-12,-2.252328589493648
2019-05-13,-1.8815771683819484
2019-05-14,-1.7992261289609819
2019-05-15,-1.6287933456322463
2019-05-16,-1.9864951939509137
2019-05-17,-1.8197804648346476
2019-05-18,-1.4687042805858224
2019-05-19,-1.414122299414381
2019-05-20,-1.6994833961336615
2019-05-21,-1.6509197185893731
2019-05-22,-1.3809944661652616
2019-05-23,-1.2578857638889582
2019-05-24,-1.688366903078058
2019-05-25,-2.426111119913666
2019-05-26,-2.2062280635136373
2019-05-27,-1.886636959699417
2019-05-28,-1.7617140686068635
2019-05-29,-1.7358080195020527
2019-05-30,-1.3476505853544167
2019-05-31,-1.61971577529594
2019-06-01,-1.4212126250879935
2019-06-02,-2.1688691395355506
2019-06-03,-1.71777392860884
2019-06-04,-1.5892878892813511
2019-06-05,-1.2777616334244937
2019-06-06,-0.9010650402285706
2019-06-07,-0.998868356953462
2019-06-08,-1.414875474822187
2019-06-09,-1.3311647687162054
2019-06-10,-1.6902162195182702
2019-06-11,-1.7145743142021337
2019-06-12,-1.5677824666964204
2019-06-13,-1.4680834394251274
2019-06-14,-0.9000604952782136
2019-06-15,-0.9290954482577569
2019-06-16,-1.0481778377578501
2019-06-17,-0.8790631603709352
2019-06-18,-0.6939389106967663
2019-06-19,-1.1560623754724726
2019-06-20,-1.1265843882849025
2019-06-21,-0.78699978751207
2019-06-22,-1.1737545979724548
2019-06-23,-1.0537171176961413
2019-06-24,-0.9932984168062257
2019-06-25,-1.3119953931145683
2019-06-26,-1.3180658942106687
2019-06-27,-2.0116807392855662
2019-06-28,-1.6737215102549277
2019-06-29,-1.217481715345108
2019-06-30,-1.113674182284135
2019-07-01,-1.261284304619109
2019-07-02,-1.1124557283174668
2019-07-03,-1.350314248589344
2019-07-04,-1.2520443599739122
2019-07-05,-1.0656092952611955
2019-07-06,-1.177811815101053
2019-07-07,-1.3168717579115772
2019-07-08,-1.5696459430383778
2019-07-09,-1.6587237169725344
2019-07-10,-1.4867324472357248
2019-07-11,-1.8643112996807538
2019-07-12,-1.5649581901751937
2019-07-13,-1.5480352406789881
2019-07-14,-1.1767895708685971
2019-07-15,-1.0464298492970827
2019-07-16,-1.2604327778024615
2019-07-17,-1.3604561418187175
2019-07-18,-1.049978446530423
2019-07-19,-1.1444961719753262
2019-07-20,-1.323540533008684
2019-07-21,-1.2862761685194752
2019-07-22,-1.5143676888919855
2019-07-23,-1.3369327561148217
2019-07-24,-1.5123451591654409
2019-07-25,-1.2846060524662661
2019-07-26,-1.5975393684322805
2019-07-27,-2.014753790698583
2019-07-28,-1.5703191231534974
2019-07-29,-1.6957359841200157
2019-07-30,-1.564516312523908
2019-07-31,-1.5053533454159018
2019-08-01,-1.4184767635623388
2019-08-02,-1.5532020144264336
2019-08-03,-1.8631584980794147
2019-08-04,-1.7366541105027116
2019-08-05,-1.4742721439983177
2019-08-06,-1.3380339620253079
2019-08-07,-1.540140920681817
2019-08-08,-1.5425211584229026
2019-08-09,-1.8795685600860748
2019-08-10,-2.0434869334652497
2019-08-11,-1.8344381226064934
2019-08-12,-2.277983609257221
2019-08-13,-1.717472703098132
2019-08-14,-1.565960527878465
2019-08-15,-1.4087389192511264
2019-08-16,-1.4527053336535172
2019-08-17,-1.7814822771940233
2019-08-18,-1.9785439436920425
2019-08-19,-1.583273213093039
2019-08-20,-1.703517575227326
2019-08-21,-1.4844680410457143
2019-08-22,-1.1238393200104209
2019-08-23,-1.8931683290125763
2019-08-24,-2.1275382710358755
2019-08-25,-1.6462874899805613
2019-08-26,-1.4780513714430505
2019-08-27,-1.6812710973585505
2019-08-28,-1.7773364246986565
2019-08-29,-1.4229823582882413
2019-08-30,-1.5338087527103723
2019-08-31,-2.374596804459433
2019-09-01,-2.7989142108789555
2019-09-02,-1.8736126441974412
2019-09-03,-1.5561852948348285
2019-09-04,-1.5925594708612802
2019-09-05,-1.4633891138480652
2019-09-06,-1.5937988385103783
2019-09-07,-1.8216201055941024
2019-09-08,-1.7135630229218555
2019-09-09,-1.4261186044585228
2019-09-10,-1.2292974790550253
2019-09-11,-1.524972024414542
2019-09-12,-1.6527999708984284
2019-09-13,-1.745779034044569
2019-09-14,-1.7615968764771803
2019-09-15,-1.7859095220416168
2019-09-16,-1.4002506152419163
2019-09-17,-1.2377670574168391
2019-09-18,-1.252218739336619
2019-09-19,-1.589868092795433
2019-09-20,-1.2308441908941716
2019-09-21,-1.9341089057041987
2019-09-22,-1.823777398960757
2019-09-23,-1.5764449509059535
2019-09-24,-1.7130542500540398
2019-09-25,-1.542020365712292
2019-09-26,-1.73706059661007
2019-09-27,-1.3478533853350547
2019-09-28,-1.570901021918998
2019-09-29,-1.5437464515228958
2019-09-30,-1.168252105021948
2019-10-01,-1.3670284779672857
2019-10-02,-1.4935904838276928
2019-10-03,-2.279767464709522
2019-10-04,-2.198052249505533
2019-10-05,-2.6271326518612312
2019-10-06,-2.0417729954431882
2019-10-07,-1.8294344578242554
2019-10-08,-1.3448948346118832
2019-10-09,-1.328869641938953
2019-10-10,-1.5683295354098217
2019-10-11,-2.056595590796032
2019-10-12,-2.3193035266717272
2019-10-13,-2.471029401080678
2019-10-14,-2.18059440905656
2019-10-15,-1.911062708544463
2019-10-16,-1.5655337539341216
2019-10-17,-1.566067813563692
2019-10-18,-2.084189393364189
2019-10-19,-1.5339405246930187
2019-10-20,-1.8777993501137888
2019-10-21,-1.4934478085607223
2019-10-22,-1.4595242396642307
2019-10-23,-1.372009050554758
2019-10-24,-1.372925380304849
2019-10-25,-1.439937034883516
2019-10-26,-1.2855893659193656
2019-10-27,-2.046789636160213
2019-10-28,-1.9600286404751381
2019-10-29,-1.8919907938839853
2019-10-30,-1.8373721528396476
2019-10-31,-1.5703953749888495
2019-11-01,-1.3025670339156115
2019-11-02,-1.8738880546508048
2019-11-03,-2.3042446109316757
2019-11-04,-1.5571532273193096
2019-11-05,-1.4297275175390158
2019-11-06,-1.1072084622772878
2019-11-07,-1.5213418648239245
2019-11-08,-1.5820403161531147
2019-11-09,-1.9981531952264036
2019-11-10,-2.1120836534381877
2019-11-11,-1.8219701385359968
2019-11-12,-1.6410619959377908
2019-11-13,-1.673500859323868
2019-11-14,-1.6019599184848325
2019-11-15,-1.515240888433754
2019-11-16,-2.506742913809882
2019-11-17,-2.0766954293366173
2019-11-18,-1.6952096939910224
2019-11-19,-1.6954264943396162
2019-11-20,-1.2340939279981935
2019-11-21,-1.3730534794325895
2019-11-22,-1.5961796433511004
2019-11-23,-2.133386005719559
2019-11-24,-2.253531490716953
2019-11-25,-1.7689597687728598
2019-11-26,-2.399089114866068
2019-11-27,-2.2513792711615013
2019-11-28,-2.0724023343584546
2019-11-29,-2.1265518147210587
2019-11-30,-1.7974267279624891
2019-12-01,-1.9815009023720658
2019-12-02,-1.9858540219372953
2019-12-03,-2.1500242533609097
2019-12-04,-1.8964195789874108
2019-12-05,-2.2138432146298137
2019-12-06,-2.1704381340170458
2019-12-07,-2.280492070722058
2019-12-08,-2.1660606853481252
2019-12-09,-1.7904940537671699
2019-12-10,-1.5657730270475805
2019-12-11,-1.7981456821263972
2019-12-12,-2.0657854181388737
2019-12-13,-1.7235267547282382
2019-12-14,-1.772994437979805
2019-12-15,-1.6704409301864345
2019-12-16,-2.2116314055740838
2019-12-17,-2.270125552755949
2019-12-18,-1.7313849834104569
2019-12-19,-1.7673216493802741
2019-12-20,-2.142103913755518
2019-12-21,-2.158473788243347
2019-12-22,-2.1318710323019503
2019-12-23,-2.048470668675984
2019-12-24,-2.028665588019145
2019-12-25,-1.7919401034118112
2019-12-26,-2.4126917064666222
2019-12-27,-2.3846332649136164
2019-12-28,-2.504678557787316
2019-12-29,-2.8022087084627048
2019-12-30,-2.215647465634404
2019-12-31,-2.275607862911562
2020-01-01,-2.235557558759148
2020-01-02,-1.8048842668334926
2020-01-03,-1.0927117397250194
2020-01-04,-1.6310356445720198
2020-01-05,-3.4658577481146855
2020-01-06,-2.6400466984649653
2020-01-07,-2.690848693634919
2020-01-08,-2.739766618423394
2020-01-09,-2.2956254854981895
2020-01-10,-2.111175744557752
2020-01-11,-2.315247624308235
2020-01-12,-2.3457877820620743
2020-01-13,-2.2310174391758886
2020-01-14,-2.3399412677234244
2020-01-15,-1.6898968446464016
2020-01-16,-1.7331399600762627
2020-01-17,-1.372814218057366
2020-01-18,-2.063596715127621
2020-01-19,-1.9751775534695737
2020-01-20,-1.6522150860320854
2020-01-21,-1.8875339099395279
2020-01-22,-1.752823158697465
2020-01-23,-1.6703373900028013
2020-01-24,-1.8639904410076442
2020-01-25,-2.311555200677372
2020-01-26,-2.5064316818876793
2020-01-27,-1.989497926731389
2020-01-28,-1.8651954560245483
2020-01-29,-1.5622897601541805
2020-01-30,-2.0893260963893097
2020-01-31,-1.7874055686942611
2020-02-01,-1.721258139224975
2020-02-02,-1.9806697820329284
2020-02-03,-1.938031239032408
2020-02-04,-1.9298275041304738
2020-02-05,-1.3402838173410028
2020-02-06,-1.7469528002670538
2020-02-07,-1.9500134739619737
2020-02-08,-1.8544571360336
2020-02-09,-2.009917571459424
2020-02-10,-1.9219551803298893
2020-02-11,-1.542655064850252
2020-02-12,-1.7723503630577762
2020-02-13,-1.400209779749784
2020-02-14,-1.5622048243979312
2020-02-15,-2.199854629461634
2020-02-16,-2.1636857143743975
2020-02-17,-1.5956570701996882
2020-02-18,-1.6298063144061448
2020-02-19,-1.507040308447291
2020-02-20,-1.7184359109369203
2020-02-21,-1.940693482162177
2020-02-22,-1.7738350902079043
2020-02-23,-1.6329118457752778
2020-02-24,-1.92841545197227
2020-02-25,-1.5572314320038672
2020-02-26,-1.669374399428455
2020-02-27,-1.9554968621826931
2020-02-28,-1.6165107173566728
2020-02-29,-1.824116523797526
2020-03-01,-2.2394844922595296
2020-03-02,-1.9631577102597275
2020-03-03,-1.6341179637892231
2020-03-04,-1.7063480779165963
2020-03-05,-1.673427275569193
2020-03-06,-1.9064600864911738
2020-03-07,-2.0016436118344005
2020-03-08,-1.674439154435361
2020-03-09,-1.8349054087442682
2020-03-10,-1.9859013400729202
2020-03-11,-1.9062635003083932
2020-03-12,-2.054736961591874
2020-03-13,-2.0518477608613233
2020-03-14,-2.359525971063923
2020-03-15,-2.2599258297295717
2020-03-16,-2.400762319618882
2020-03-17,-2.3119342106790555
2020-03-18,-2.0904265506374355
2020-03-19,-2.09639680341158
2020-03-20,-2.1177993352622293
2020-03-21,-2.476603426927257
2020-03-22,-2.535196900800651
2020-03-23,-2.238113086214198
2020-03-24,-1.8039611754074227
2020-03-25,-1.9274560063602013
2020-03-26,-2.2239494169164575
2020-03-27,-2.0089116143791923
2020-03-28,-2.3780602415730785
2020-03-29,-2.1261647095976244
2020-03-30,-2.214072310990429
2020-03-31,-2.1722176178759427
2020-04-01,-2.288486965448569
2020-04-02,-2.0741475416684807
2020-04-03,-1.8750203535883456
2020-04-04,-3.3297231893694477
2020-04-05,-3.080474909569133
2020-04-06,-2.5178202539987047
2020-04-07,-1.9829802621191641
2020-04-08,-2.2458116760518427
2020-04-09,-2.028681765040525
2020-04-10,-1.7826363308548023
2020-04-11,-1.6932170439221468
2020-04-12,-1.8025957296231656
2020-04-13,-2.060625019626186
2020-04-14,-1.8518146547939498
2020-04-15,-2.0193321682825354
2020-04-16,-2.00693976958911
2020-04-17,-2.0017268067950846
2020-04-18,-2.2318855264840356
2020-04-19,-2.0258884169274185
2020-04-20,-2.3845916878299547
2020-04-21,-2.097571161577823
2020-04-22,-2.0945743676712554
2020-04-23,-1.9086546939403382
2020-04-24,-1.571074576305678
2020-04-25,-1.710358074481911
2020-04-26,-2.036542539678897
2020-04-27,-1.760622621298784
2020-04-28,-2.087759868248156
2020-04-29,-1.899373861028552
2020-04-30,-1.7662060518764737
2020-05-01,-1.7873090073460742
2020-05-02,-2.2990091703493767
2020-05-03,-1.8761120596316132
2020-05-04,-1.8341977157875775
2020-05-05,-1.7635982103489827
2020-05-06,-1.5954048232557803
2020-05-07,-1.8690206087037182
2020-05-08,-1.8817867714143155
2020-05-09,-1.8388078221497415
2020-05-10,-2.0733035309870025
2020-05-11,-1.7952403611894623
2020-05-12,-1.8938158847412214
2020-05-13,-1.7354238268355222
2020-05-14,-1.5879782979305768
2020-05-15,-1.6772922428501174
2020-05-16,-2.9578371005027297
2020-05-17,-2.291094518277571
2020-05-18,-1.546612565446787
2020-05-19,-1.6849165128931016
2020-05-20,-1.9335126100428086
2020-05-21,-1.535254905509845
2020-05-22,-1.6806960872640797
2020-05-23,-1.5043356346088463
2020-05-24,-1.3912088331562626
2020-05-25,-1.5214265449463042
2020-05-26,-1.338261146229669
2020-05-27,-1.857529302088657
2020-05-28,-1.7270612200300564
2020-05-29,-1.7087766968737628
2020-05-30,-1.9680874260731454
2020-05-31,-1.6901303925861404
2020-06-01,-1.710248600916757
2020-06-02,-2.2619523399199184
2020-06-03,-3.066766960966763
2020-06-04,-2.1049205460594163
2020-06-05,-2.264095415500263
2020-06-06,-3.183269836478263
2020-06-07,-2.752004507497435
2020-06-08,-2.6123221845960374
2020-06-09,-2.333925556153662
2020-06-10,-2.126699295125967
2020-06-11,-2.062505649088207
2020-06-12,-2.529922652105624
2020-06-13,-3.028180934542999
2020-06-14,-2.6512800743739677
2020-06-15,-2.1477007883218864
2020-06-16,-2.081251413233139
2020-06-17,-2.4423284118317268
2020-06-18,-2.1175936873488115
2020-06-19,-1.9243843468119401
2020-06-20,-2.343709646071011
2020-06-21,-2.055797636234226
2020-06-22,-2.2132723063487956
2020-06-23,-2.1014096550370556
2020-06-24,-1.8781042527606557
2020-06-25,-1.7337818575042332
2020-06-26,-1.5647675826695813
2020-06-27,-2.1059628707520677
2020-06-28,-1.5077179284369502
2020-06-29,-1.899128014038986
2020-06-30,-1.8688724754291537
2020-07-01,-1.9963671948708637
2020-07-02,-2.0350110745596144
2020-07-03,-1.9062970490795623
2020-07-04,-1.9647899478330961
2020-07-05,-1.7779996488203842
2020-07-06,-1.8320713753300428
2020-07-07,-1.8125611519886795
2020-07-08,-2.0274196822860713
2020-07-09,-1.6986373619316992
2020-07-10,-1.902795707624236
2020-07-11,-2.4278716235638433
2020-07-12,-2.028904482887328
2020-07-13,-1.7019963249252898
2020-07-14,-1.664514069194425
2020-07-15,-1.7945340272738404
2020-07-16,-1.8711203195938093
2020-07-17,-1.7454596223054009
2020-07-18,-2.11779287061604
2020-07-19,-2.1728438435192716
2020-07-20,-1.751331347441187
2020-07-21,-1.3475717116864427
2020-07-22,-1.70103119206125
2020-07-23,-1.8717504266133662
2020-07-24,-2.209711382252468
2020-07-25,-2.238186509967991
2020-07-26,-2.1764842808503047
2020-07-27,-1.6827954501812266
2020-07-28,-1.5221912449204886
2020-07-29,-1.6849198395613685
2020-07-30,-1.5290767714635813
2020-07-31,-1.4068755733415665
2020-08-01,-2.077404153553016
2020-08-02,-1.9413534388535392
2020-08-03,-2.0311231322745433
2020-08-04,-2.06498911334076
2020-08-05,-2.5048520791162714
2020-08-06,-2.916813632046466
2020-08-07,-2.942040489009644
2020-08-08,-2.8969611966786832
2020-08-09,-3.1448042239315
2020-08-10,-3.2582122566326004
2020-08-11,-2.8403092007872326
2020-08-12,-2.4201321380893743
2020-08-13,-2.072017416403995
2020-08-14,-2.3417380305150792
2020-08-15,-2.3509460117047114
2020-08-16,-2.564840361385688
2020-08-17,-2.1686104395700774
2020-08-18,-2.613469847380715
2020-08-19,-2.624940009247761
2020-08-20,-2.2948417004485067
2020-08-21,-2.123277121774142
2020-08-22,-2.0099156808260115
2020-08-23,-2.3092028645767253
2020-08-24,-2.144497971183103
2020-08-25,-1.9388019966922003
2020-08-26,-1.9955447365075867
2020-08-27,-2.017007713109038
2020-08-28,-1.9598689733767083
2020-08-29,-2.2892734498674865
2020-08-30,-2.58482845894996
2020-08-31,-2.463162477499614
2020-09-01,-2.5363510646736724
2020-09-02,-3.405088849603212
2020-09-03,-2.3165197558279393
2020-09-04,-2.9405622942567917
2020-09-05,-2.8570770816908353
2020-09-06,-2.9763495367752073
2020-09-07,-2.302988686034857
2020-09-08,-2.1343780088802586
2020-09-09,-2.364196409425682
2020-09-10,-1.9421419393757322
2020-09-11,-2.493434631857007
2020-09-12,-2.700471341950734
2020-09-13,-2.5733538476953295
2020-09-14,-2.115786190348005
2020-09-15,-1.9445492739455252
2020-09-16,-1.738998685150978
2020-09-17,-1.9195544864832201
2020-09-18,-1.8062069004064474
2020-09-19,-1.9387810901521372
2020-09-20,-1.8505672904342703
2020-09-21,-1.9390087545784955
2020-09-22,-1.9169765946629704
2020-09-23,-2.1343151311949558
2020-09-24,-1.9264864634681855
2020-09-25,-3.696216784358732
2020-09-26,-3.980830953666638
2020-09-27,-3.56942595217536
2020-09-28,-2.3174705427395756
2020-09-29,-2.480620102051284
2020-09-30,-2.5223310267981813
2020-10-01,-2.5712001602934462
2020-10-02,-2.2708930170097137
2020-10-03,-2.7363370330580215
2020-10-04,-2.2832913482977455
2020-10-05,-2.2082996925711638
2020-10-06,-2.1966048070560147
2020-10-07,-2.1874072534105524
2020-10-08,-1.9764099496888874
2020-10-09,-2.3150048279879183
2020-10-10,-2.368794311663013
2020-10-11,-2.4514915347206165
2020-10-12,-2.3811321277592836
2020-10-13,-1.8648879123017528
2020-10-14,-2.236256960806621
2020-10-15,-2.3150655347130513
2020-10-16,-2.250390464995714
2020-10-17,-5.221522047764259
2020-10-18,-4.543031493245052
2020-10-19,-4.017492138959786
2020-10-20,-3.383092115935493
2020-10-21,-3.4081335994120017
2020-10-22,-3.190999860430467
2020-10-23,-3.168096087584244
2020-10-24,-3.053948249103552
2020-10-25,-3.553146925093975
2020-10-26,-3.508440205756446
2020-10-27,-3.676489109455902
2020-10-28,-3.6962003039276716
2020-10-29,-5.30923099178592
2020-10-30,-5.2525237723000995
2020-10-31,-4.498027098956569
2020-11-01,-4.330784998212917
2020-11-02,-3.569014115999521
2020-11-03,-4.367868021757443
2020-11-04,-2.962642006142209
2020-11-05,-3.1347695170714434
2020-11-06,-2.6046872660237397
2020-11-07,-2.753677708699181
2020-11-08,-2.1766000725192227
2020-11-09,-2.1516644455085574
2020-11-10,-1.9956659910256436
2020-11-11,-2.1612238982499044
2020-11-12,-2.321184188027068
2020-11-13,-1.890396092531072
2020-11-14,-2.369461123437435
2020-11-15,-1.9472670390228208
2020-11-16,-2.626866512393774
2020-11-17,-2.0635593804553745
2020-11-18,-1.8851758219508006
2020-11-19,-1.671736426143932
2020-11-20,-1.9094118595313614
2020-11-21,-2.410276549582291
2020-11-22,-2.736501087113344
2020-11-23,-2.4063834858791586
2020-11-24,-1.903185983966624
2020-11-25,-2.0071331257280653
2020-11-26,-2.104758545426245
2020-11-27,-2.6364962438940274
2020-11-28,-3.145271484474155
2020-11-29,-3.1504053004206862
2020-11-30,-2.5994165600983825
2020-12-01,-2.061635239649561
2020-12-02,-1.7154320135229804
2020-12-03,-1.6008174731399376
2020-12-04,-2.413071994067634
2020-12-05,-2.7206258481480856
2020-12-06,-2.467458912717819
2020-12-07,-2.274909730388122
2020-12-08,-2.33326070218759
2020-12-09,-1.7451057233028806
2020-12-10,-1.4012868773650555
2020-12-11,-1.4913427873503096
2020-12-12,-1.9617406014559802
2020-12-13,-2.2726324218640417
2020-12-14,-1.52447433760385
2020-12-15,-1.6358702049516547
2020-12-16,-3.23884837403659
2020-12-17,-2.6409471605780404
2020-12-18,-1.9459157654055181
2020-12-19,-2.290862104293581
2020-12-20,-2.1183640994063797
2020-12-21,-2.5367708379470035
2020-12-22,-1.834116205158086
2020-12-23,-2.631752726755613
2020-12-24,-1.8415733917550263
2020-12-25,-1.443169371565863
2020-12-26,-1.896999928902232
2020-12-27,-1.8395014448898679
2020-12-28,-2.0446401639504543
2020-12-29,-1.917298741892364
2020-12-30,-1.3358890055086443
2020-12-31,-1.4470373298440802
2021-01-01,-1.766461618864232
2021-01-02,-2.064513175106861
2021-01-03,-2.523075267759996
2021-01-04,-1.8382918904685066
2021-01-05,-1.9907574620208657
2021-01-06,-1.5389547291202605
2021-01-07,-1.9343982256111207
2021-01-08,-1.8781828945182566
2021-01-09,-2.0522904978849956
2021-01-10,-1.760998451189108
2021-01-11,-1.585099123032679
2021-01-12,-1.62529118094939
2021-01-13,-1.7772651041425265
2021-01-14,-1.6703410579221434
2021-01-15,-1.801548320653721
2021-01-16,-1.6827697999204951
2021-01-17,-2.008928875187484
2021-01-18,-1.816368716477784
2021-01-19,-1.6174592235266585
2021-01-20,-1.337358701507054
2021-01-21,-1.1702990750334332
2021-01-22,-1.386838305536371
2021-01-23,-1.7361540070744312
2021-01-24,-1.9201134035996876
2021-01-25,-1.7373084314265317
2021-01-26,-1.623492706930512
2021-01-27,-1.747275823570581
2021-01-28,-1.683373008275356
2021-01-29,-1.7133419806110621
2021-01-30,-2.1104412584472794
2021-01-31,-2.107162332111967
2021-02-01,-1.6651856480701341
2021-02-02,-1.8564074197519382
2021-02-03,-1.6364153296561814
2021-02-04,-2.1740905192530424
2021-02-05,-1.6455295468165914
2021-02-06,-1.5497980753037073
2021-02-07,-1.5542822897248425
2021-02-08,-1.6521617172442433
2021-02-09,-1.4840388169328298
2021-02-10,-1.708154661040902
2021-02-11,-1.4782392978341383
2021-02-12,-1.5707348708342148
2021-02-13,-1.8614254670007753
2021-02-14,-1.7013045630951653
2021-02-15,-1.6438176096547044
2021-02-16,-1.8276752244194028
2021-02-17,-1.8239966643053862
2021-02-18,-2.1289579410085597
2021-02-19,-1.6841093624057677
2021-02-20,-2.1443165003779616
2021-02-21,-2.1760534321257525
2021-02-22,-1.9437499190419654
2021-02-23,-1.8594091825184889
2021-02-24,-2.209871838932841
2021-02-25,-1.8124053247323795
2021-02-26,-1.3727984652729315
2021-02-27,-1.695937502220519
2021-02-28,-1.6512376366221164
2021-03-01,-2.599261746931691
2021-03-02,-2.1847271236487087
2021-03-03,-2.216297831752351
2021-03-04,-1.8099542345886797
2021-03-05,-1.673087639263152
2021-03-06,-1.8693801574850215
2021-03-07,-2.1126010761634406
2021-03-08,-2.1265872413201214
2021-03-09,-1.9680755451718925
2021-03-10,-1.8279996077334155
2021-03-11,-1.6312137082038276
2021-03-12,-1.6113888041894646
2021-03-13,-1.5179352899842689
2021-03-14,-1.971214334678055
2021-03-15,-1.744947918941747
2021-03-16,-1.6880620036012044
2021-03-17,-1.8999386627271473
2021-03-18,-1.7823720849512397
2021-03-19,-1.5512673923673788
2021-03-20,-1.6025737268747005
2021-03-21,-1.9027029710515238
2021-03-22,-2.192637983136055
2021-03-23,-2.048221420747289
2021-03-24,-1.7617987022604338
2021-03-25,-1.3626300122106412
2021-03-26,-2.1992303416302517
2021-03-27,-2.5450961480608125
2021-03-28,-2.0086694246373025
2021-03-29,-2.2728631314636405
2021-03-30,-2.170858457007961
2021-03-31,-2.043236747004786
2021-04-01,-1.8440481095783472
2021-04-02,-1.6837076536825615
2021-04-03,-1.9099608381131996
2021-04-04,-1.8494018083867172
2021-04-05,-1.8672649379857975
2021-04-06,-1.4829812341139437
2021-04-07,-1.9513446808850938
2021-04-08,-1.770702109568922
2021-04-09,-1.2827082371362544
2021-04-10,-1.9156158956786897
2021-04-11,-1.8428058180122555
2021-04-12,-2.2459858007294473
2021-04-13,-2.0270361814389926
2021-04-14,-1.7657024157068497
2021-04-15,-2.166586970461573
2021-04-16,-1.8617877420870574
2021-04-17,-1.9185471055410153
2021-04-18,-2.395250802475093
2021-04-19,-2.384015339556933
2021-04-20,-2.2646971996741483
2021-04-21,-2.0505817810617586
2021-04-22,-1.8904756777441931
2021-04-23,-3.225571922123689
2021-04-24,-3.061597119465689
2021-04-25,-3.1655722584768347
2021-04-26,-1.8123593824884021
2021-04-27,-2.241295498490656
2021-04-28,-2.6036123027398532
2021-04-29,-2.249297741154224
2021-04-30,-2.2334639688305806
2021-05-01,-2.3195192540336063
2021-05-02,-2.491501682951847
2021-05-03,-1.9952810314273917
2021-05-04,-1.4010667030980346
2021-05-05,-1.9846054441875518
2021-05-06,-2.0412882490216075
2021-05-07,-1.9147000845280677
2021-05-08,-1.7788361910066548
2021-05-09,-1.5754014679595647
2021-05-10,-2.5986447615462405
2021-05-11,-2.318083811064405
2021-05-12,-1.9577683277288853
2021-05-13,-1.5698286928872642
2021-05-14,-1.811242912344932
2021-05-15,-2.383775299971558
2021-05-16,-2.0136450134553647
2021-05-17,-1.7293623904281632
2021-05-18,-1.248140893748863
2021-05-19,-1.9752775884452816
2021-05-20,-1.8259308635690288
2021-05-21,-1.301698262430161
2021-05-22,-1.62189334848263
2021-05-23,-1.5755532454523138
2021-05-24,-1.8677570757064392
2021-05-25,-2.1642671321000075
2021-05-26,-2.3128251739878882
2021-05-27,-2.0638821655742934
2021-05-28,-2.3595701906241184
2021-05-29,-1.7573737401419494
2021-05-30,-2.4665034088163797
2021-05-31,-1.827459205659141
2021-06-01,-1.324662923229132
2021-06-02,-1.2271938293340465
2021-06-03,-1.4413449686157986
2021-06-04,-1.5339641654018936
2021-06-05,-1.7047711079765921
2021-06-06,-1.7548267038540901
2021-06-07,-1.4447811850276113
2021-06-08,-2.0855667511835008
2021-06-09,-1.9064323207235527
2021-06-10,-2.154783914344806
2021-06-11,-1.7682320466314183
2021-06-12,-1.398062587314934
2021-06-13,-1.3735670722764002
2021-06-14,-1.199325481606995
2021-06-15,-1.4788727209114654
2021-06-16,-1.4306212556612214
2021-06-17,-1.3799729147158424
2021-06-18,-1.1389703790373074
2021-06-19,-1.4701174015297396
2021-06-20,-1.0941838524256968
2021-06-21,-1.3284115630650792
2021-06-22,-1.7188975940261186
2021-06-23,-1.1520989534712993
2021-06-24,-1.1672129961485262
2021-06-25,-1.6241690811941898
2021-06-26,-1.8878287129317664
2021-06-27,-0.9274651822377386
2021-06-28,-0.8611958046441627
2021-06-29,-1.2148965519532993
2021-06-30,-1.019863144426788
2021-07-01,-0.8680833033570051
2021-07-02,-1.2386922311143715
2021-07-03,-1.4765935433814656
2021-07-04,-1.2732349144645045
2021-07-05,-1.2276980324152449
2021-07-06,-0.9797398971057992
2021-07-07,-1.5867700648838918
2021-07-08,-1.3768536352711882
2021-07-09,-1.2192354307856492
2021-07-10,-1.5090902822553838
2021-07-11,-1.2196227168773928
2021-07-12,-0.9101378567596974
2021-07-13,-0.9132889401675094
2021-07-14,-0.625643237843501
2021-07-15,-1.473867031284209
2021-07-16,-1.5762920994489478
2021-07-17,-1.5608966086562153
2021-07-18,-1.7110117235254458
2021-07-19,-2.346635181053144
2021-07-20,-1.8374217510708957
2021-07-21,-1.553879413894895
2021-07-22,-1.5719779302765227
2021-07-23,-1.4857704984687379
2021-07-24,-1.90147169553507
2021-07-25,-1.8143515582288319
2021-07-26,-1.602846238888885
2021-07-27,-1.558647855910855
2021-07-28,-1.580565339097713
2021-07-29,-1.5514167346765968
2021-07-30,-1.4710879658958769
2021-07-31,-2.059341036552593
2021-08-01,-1.8194866223199209
2021-08-02,-1.6579493428644323
2021-08-03,-1.0880996942320378
2021-08-04,-1.4733318845645849
2021-08-05,-1.2876586159750643
2021-08-06,-1.8591234780276895
2021-08-07,-1.7532858274251706
2021-08-08,-1.4034800197327073
2021-08-09,-2.7248723583436676
2021-08-10,-2.0791459182106733
2021-08-11,-1.870558390445466
2021-08-12,-1.146933471307405
2021-08-13,-1.56730348788376
2021-08-14,-1.7219922228039444
2021-08-15,-1.5739287995144198
2021-08-16,-1.5503837279048598
2021-08-17,-1.773011316665627
2021-08-18,-1.8803980854478455
2021-08-19,-1.7736434939674797
2021-08-20,-1.6681836640389887
2021-08-21,-1.4543644119734973
2021-08-22,-1.1713453684344373
2021-08-23,-1.3819946006240933
2021-08-24,-1.8164270324374334
2021-08-25,-1.2299706447974306
2021-08-26,-1.8937969628719307
2021-08-27,-1.9651056802900635
2021-08-28,-1.6453633444535887
2021-08-29,-1.4511104332199856
2021-08-30,-1.3373276350794978
2021-08-31,-1.0341360240679702
2021-09-01,-1.03288250594972
2021-09-02,-0.9668805016663914
2021-09-03,-1.3440053775471803
2021-09-04,-1.241203065055548
2021-09-05,-1.8624388135897971
2021-09-06,-1.5006611264195897
2021-09-07,-1.5767293840312573
2021-09-08,-2.36784427289557
2021-09-09,-1.7068686165074487
2021-09-10,-1.295516976845967
2021-09-11,-1.6783584864055552
2021-09-12,-1.1774389502710636
2021-09-13,-1.4257013653769002
2021-09-14,-1.3727946780221105
2021-09-15,-1.4773111970479487
2021-09-16,-1.5951892212757977
2021-09-17,-1.3893145501226194
2021-09-18,-0.9425238485367727
2021-09-19,-1.231057912311095
2021-09-20,-1.1545444808269223
2021-09-21,-1.1508283234994132
2021-09-22,-0.8155413092503119
2021-09-23,-0.8966254183378508
2021-09-24,-1.1477170815137825
2021-09-25,-1.535965258749553
2021-09-26,-1.4487293622950685
2021-09-27,-1.3356352224058077
2021-09-28,-1.0343024657061888
2021-09-29,-1.3380321547840324
2021-09-30,-1.9399218239712757
2021-10-01,-1.487380615466181
2021-10-02,-1.431248799352817
2021-10-03,-2.133693842210302
2021-10-04,-1.5132631216232875
2021-10-05,-1.9304742615077566
2021-10-06,-1.7620181207071428
2021-10-07,-1.1693340570945878
2021-10-08,-1.2752342820064686
2021-10-09,-1.8176139071540933
2021-10-10,-1.530865856136906
2021-10-11,-1.4773396010641877
2021-10-12,-1.3644365211093634
2021-10-13,-1.2212608376630805
2021-10-14,-1.447979422663576
2021-10-15,-1.5352319199031124
2021-10-16,-2.3949154523494127
2021-10-17,-2.3768717549977008
2021-10-18,-1.343348440912663
2021-10-19,-1.310097239305858
2021-10-20,-1.3228025093294382
2021-10-21,-1.2132863928240722
2021-10-22,-1.3427844864386407
2021-10-23,-1.4257476020318083
2021-10-24,-1.1539550368890967
2021-10-25,-1.3593967914692093
2021-10-26,-1.2673554397856686
2021-10-27,-1.3845641453088204
2021-10-28,-1.7351767967297211
2021-10-29,-1.376226581728499
2021-10-30,-1.214442281647044
2021-10-31,-1.2141538908883074
2021-11-01,-1.3275814770237357
2021-11-02,-1.476630847067618
2021-11-03,-1.3199985398761156
2021-11-04,-1.0411494380166775
2021-11-05,-1.3737186527982872
2021-11-06,-1.088213674967714
2021-11-07,-1.4526747539939842
2021-11-08,-1.6336146621975416
2021-11-09,-1.0764982313194595
2021-11-10,-0.9767308098905606
2021-11-11,-1.0570216847364198
2021-11-12,-1.5033082743384139
2021-11-13,-1.621451370808009
2021-11-14,-1.4264342638757093
2021-11-15,-1.7848654524429024
2021-11-16,-1.740349298563009
2021-11-17,-1.720676636911605
2021-11-18,-1.3839625712129664
2021-11-19,-1.4097358499725525
2021-11-20,-1.9003161355932727
2021-11-21,-2.3658875517101485
2021-11-22,-1.790560337067941
2021-11-23,-1.6847739284994918
2021-11-24,-2.354782267463598
2021-11-25,-2.9995261567709814
2021-11-26,-2.6662146023609457
2021-11-27,-2.6968685196314937
2021-11-28,-2.938012564138887
2021-11-29,-1.9150483909593998
2021-11-30,-1.3336934385021042
2021-12-01,-1.4038207152540798
2021-12-02,-1.5593420955475608
2021-12-03,-1.3874934520281934
2021-12-04,-0.9871495321595831
2021-12-05,-1.1205132231134558
2021-12-06,-1.2144508274349322
2021-12-07,-2.030279968774665
2021-12-08,-2.2011694856478274
2021-12-09,-1.614692831627944
2021-12-10,-1.2798481091202798
2021-12-11,-1.3361192305325467
2021-12-12,-1.331943885163686
2021-12-13,-1.2349537487563522
2021-12-14,-1.19925824539694
2021-12-15,-1.3969447313502878
2021-12-16,-1.2631745776464016
2021-12-17,-1.1112370873282045
2021-12-18,-1.727066838917583
2021-12-19,-0.8413148883193569
2021-12-20,-1.0750801031458255
2021-12-21,-1.425382755211713
2021-12-22,-1.3499118226466205
2021-12-23,-1.4449896683793566
2021-12-24,-1.3262686843989147
2021-12-25,-1.5347205062510876
2021-12-26,-1.7682495176112005
2021-12-27,-1.9251000502374835
2021-12-28,-1.7018554626634144
2021-12-29,-1.8504934983763932
2021-12-30,-1.6420877536716774
2021-12-31,-1.5985439441681135
2022-01-01,-1.0951380290366277
2022-01-02,-1.6703390941810905
2022-01-03,-1.7101528791754192
2022-01-04,-2.183176005502613
2022-01-05,-1.9429711104261642
2022-01-06,-1.4240694143903754
2022-01-07,-1.8340404061331546
2022-01-08,-2.1241687577481168
2022-01-09,-2.440501722754983
2022-01-10,-1.7422122465602738
2022-01-11,-1.5713038278224607
2022-01-12,-1.7904482585557175
2022-01-13,-2.2706254629771907
2022-01-14,-1.650845153341675
2022-01-15,-1.5840816669852587
2022-01-16,-2.0874336878061364
2022-01-17,-2.2384223819964415
2022-01-18,-1.6444796148190286
2022-01-19,-1.5858153012989857
2022-01-20,-1.5074796071434733
2022-01-21,-1.7960021820975993
2022-01-22,-1.7172584345738668
2022-01-23,-2.061087119052603
2022-01-24,-1.7900903224164617
2022-01-25,-2.2610466737706107
2022-01-26,-2.075908459464265
2022-01-27,-1.539982479816102
2022-01-28,-1.5553485491655803
2022-01-29,-1.5218974229479747
2022-01-30,-1.8915582633835326
2022-01-31,-1.8749555720146023
2022-02-01,-1.8953484345036578
2022-02-02,-1.5451649895947586
2022-02-03,-1.5060609886396132
2022-02-04,-1.510204814757699
2022-02-05,-1.9995900742206076
2022-02-06,-1.586246655779899
2022-02-07,-1.5365975178752498
2022-02-08,-1.2868992890568594
2022-02-09,-1.2708692636715158
2022-02-10,-1.7261428388935816
2022-02-11,-1.59652257418673
2022-02-12,-2.287730765165572
2022-02-13,-2.3039878911961678
2022-02-14,-2.3054109728756282
2022-02-15,-1.5029748211501857
2022-02-16,-1.1939196053114987
2022-02-17,-1.5387371938406293
2022-02-18,-1.7634245031275027
2022-02-19,-2.6493723255349644
2022-02-20,-2.0013004212966066
2022-02-21,-1.926555202840339
2022-02-22,-2.1603632452416948
2022-02-23,-1.432059123205715
2022-02-24,-1.8940465997698124
2022-02-25,-2.065012754506351
2022-02-26,-1.9168813166359193
2022-02-27,-2.17919975350075
2022-02-28,-1.6257470682518997
2022-03-01,-1.5483970674565475
2022-03-02,-1.7609681057073072
2022-03-03,-2.1472584136782187
2022-03-04,-1.5290620268041408
2022-03-05,-2.1422460134011
2022-03-06,-2.2460037315460517
2022-03-07,-1.868185240282351
2022-03-08,-1.6440293570805578
2022-03-09,-1.7884558087946973
2022-03-10,-2.228013147083364
2022-03-11,-1.8613742242660019
2022-03-12,-2.221964073968896
2022-03-13,-2.2381614001739547
2022-03-14,-1.7486714473263358
2022-03-15,-1.6956713005900956
2022-03-16,-1.8492928467002132
2022-03-17,-1.9719837024860984
2022-03-18,-1.875429301819326
2022-03-19,-1.924960006548471
2022-03-20,-2.117862344386948
2022-03-21,-2.4171327289697238
2022-03-22,-2.421882657513823
2022-03-23,-1.5553441029449562
2022-03-24,-1.334056130371801
2022-03-25,-1.7993037652342665
2022-03-26,-1.6532179647941452
2022-03-27,-1.973712163515793
2022-03-28,-1.5072497161216512
2022-03-29,-1.5566746342075775
2022-03-30,-1.7635755377996092
2022-03-31,-1.5076818644289258
2022-04-01,-1.3560090107038736
2022-04-02,-1.6530194732324166
2022-04-03,-1.6533413355173106
2022-04-04,-2.148581779374979
2022-04-05,-2.541253937946167
2022-04-06,-2.044539175329315
2022-04-07,-1.680298366550473
2022-04-08,-1.902755631765369
2022-04-09,-1.7269299178368582
2022-04-10,-1.4015548711126273
2022-04-11,-1.508934444820885
2022-04-12,-1.6341576190354394
2022-04-13,-1.8506454062928728
2022-04-14,-1.7403655041077555
2022-04-15,-1.6157530410374978
2022-04-16,-2.1834245778986414
2022-04-17,-1.5914943121346221
2022-04-18,-1.8904407950178417
2022-04-19,-1.691515733797515
2022-04-20,-1.6204737658459591
2022-04-21,-1.6698786762006619
2022-04-22,-2.0806866407643345
2022-04-23,-1.5845075595662348
2022-04-24,-1.1969320625603903
2022-04-25,-0.4960128189477438
2022-04-26,-0.8075485003053023
2022-04-27,-1.5701318128124402
2022-04-28,-1.49926775526317
2022-04-29,-1.5462693344796932
2022-04-30,-1.298565582905324
2022-05-01,-1.359980601720449
2022-05-02,-1.2528014715496614
2022-05-03,-1.4680487898896415
2022-05-04,-0.87267976260723
2022-05-05,-0.6770960935395803
2022-05-06,-0.7386033795576412
2022-05-07,-0.7346332650967647
2022-05-08,-1.1066782603357799
2022-05-09,-1.515134718337057
2022-05-10,-1.3381303036690044
2022-05-11,-1.5546368415607628
2022-05-12,-1.5000752295014768
2022-05-13,-1.4900534653509225
2022-05-14,-1.62644594845194
2022-05-15,-1.2601899466534046
2022-05-16,-1.015981501170973
2022-05-17,-1.3425723465414037
2022-05-18,-1.364028130544517
2022-05-19,-1.011630234880045
2022-05-20,-0.889778960950239
2022-05-21,-1.0577817930026252
2022-05-22,-1.133318806646975
2022-05-23,-1.842721705036262
2022-05-24,-1.6798496570828536
2022-05-25,-1.1729495556256224
2022-05-26,-0.8906649718188728
2022-05-27,-1.0762005598560849
2022-05-28,-1.3608554091392977
2022-05-29,-1.3674172077381226
2022-05-30,-1.8990676411822738
2022-05-31,-1.6311945724271246
2022-06-01,-1.361704591293954
2022-06-02,-1.0107209199268687
2022-06-03,-1.657072154915433
2022-06-04,-1.6106206847953664
2022-06-05,-1.7811188042349706
2022-06-06,-1.4586810139135962
2022-06-07,-1.4645764685048073
2022-06-08,-1.1785405659898773
2022-06-09,-1.524266115576785
2022-06-10,-1.5562359534582284
2022-06-11,-1.5332709853168003
2022-06-12,-0.9484350088099212
2022-06-13,-1.1233553688659796
2022-06-14,-1.1726568727095494
2022-06-15,-1.0938957629432082
2022-06-16,-1.2009383552679018
2022-06-17,-1.1930746472648346
2022-06-18,-1.0667149326797176
2022-06-19,-0.8945888527308257
2022-06-20,-0.9528314467749034
2022-06-21,-0.8388223579396089
2022-06-22,-1.1607085299150828
2022-06-23,-1.2216497062678369
2022-06-24,-1.232951173267045
2022-06-25,-1.1099485626596264
2022-06-26,-1.205963394918499
2022-06-27,-1.5536469540563935
2022-06-28,-1.3984451314216444
2022-06-29,-2.472765768919816
2022-06-30,-1.7206411608243926
2022-07-01,-1.1098762468037828
2022-07-02,-1.1782998602456705
2022-07-03,-0.9700699394328837
2022-07-04,-1.3042741943665068
2022-07-05,-1.5073823840385958
2022-07-06,-1.6665680126970408
2022-07-07,-1.087483060041086
2022-07-08,-1.299103239063207
2022-07-09,-0.9332120265809596
2022-07-10,-1.1192536935655637
2022-07-11,-1.3434932624524278
2022-07-12,-1.2902600670808135
2022-07-13,-1.5224488787459227
2022-07-14,-0.6688929387217116
2022-07-15,-0.9360603647326324
2022-07-16,-1.5649108708622375
2022-07-17,-1.7719804057379775
2022-07-18,-1.7012532643667673
2022-07-19,-1.0648018878984054
2022-07-20,-1.2687365227182437
2022-07-21,-1.301939580056487
2022-07-22,-1.0766748200975254
2022-07-23,-1.2448402824167097
2022-07-24,-1.4509978112894142
2022-07-25,-1.3165092499577575
2022-07-26,-1.086872792200212
2022-07-27,-1.1595090644259969
2022-07-28,-0.9695424763524892
2022-07-29,-1.1475909172233438
2022-07-30,-1.3709330922454666
2022-07-31,-1.2932477420212902
2022-08-01,-1.4340019835562403
2022-08-02,-1.649330244418296
2022-08-03,-1.755882100237421
2022-08-04,-1.7627570726397919
2022-08-05,-1.8314103368004804
2022-08-06,-1.6061408329020401
2022-08-07,-1.4057229648376797
2022-08-08,-1.5629051988793925
2022-08-09,-1.6958744282361207
2022-08-10,-2.0344541025369622
2022-08-11,-2.101550789028022
2022-08-12,-1.7274384579300506
2022-08-13,-1.8099044074932509
2022-08-14,-1.4809855144169553
2022-08-15,-1.7607256461911749
2022-08-16,-1.60907257290931
2022-08-17,-1.5259077729143837
2022-08-18,-2.410548134677631
2022-08-19,-1.797050040827509
2022-08-20,-1.6696567234038417
2022-08-21,-1.8276052178050417
2022-08-22,-1.7081231077157744
2022-08-23,-1.5196500811187128
2022-08-24,-1.6288553845805878
2022-08-25,-1.467160392561607
2022-08-26,-1.4939705397798673
2022-08-27,-1.4921512314413048
2022-08-28,-1.0752392425147954
2022-08-29,-1.8086646585616308
2022-08-30,-1.8241095336710067
2022-08-31,-1.454457786526542
2022-09-01,-1.328200351566467
2022-09-02,-1.721029403623397
2022-09-03,-1.708679241751002
2022-09-04,-1.1003815816202849
2022-09-05,-1.4432659893308257
2022-09-06,-1.1459062146923127
2022-09-07,-1.7024460008215652
2022-09-08,-0.9937349627306928
2022-09-09,-0.594703086464884
2022-09-10,-0.6424976918611013
2022-09-11,-0.9393487898034842
2022-09-12,-1.6188098033063025
2022-09-13,-1.496399899977223
2022-09-14,-1.7146978498293228
2022-09-15,-1.6173023616996731
2022-09-16,-1.0839857953371796
2022-09-17,-1.2712214072002903
2022-09-18,-1.2449364039719726
2022-09-19,-1.1488458972266604
2022-09-20,-1.733850058895467
2022-09-21,-1.4268597431734555
2022-09-22,-1.332120647150493
2022-09-23,-1.4194119078516492
2022-09-24,-1.4705155484249803
2022-09-25,-1.6919266289634503
2022-09-26,-1.604222530412783
2022-09-27,-0.8809254097962486
2022-09-28,-1.2430215346336528
2022-09-29,-1.3751218199289528
2022-09-30,-1.3851943999762186
2022-10-01,-1.5821222928232141
2022-10-02,-2.451924534787204
2022-10-03,-1.7579595864200983
2022-10-04,-1.5887839297089235
2022-10-05,-1.8104096787449215
2022-10-06,-1.4852950534348166
2022-10-07,-1.1294827214946381
2022-10-08,-1.8737953386808612
2022-10-09,-1.458780040814448
2022-10-10,-1.7897507785706488
2022-10-11,-1.6593668843681921
2022-10-12,-1.2095054470980173
2022-10-13,-1.10052866604868
2022-10-14,-1.6080900215203353
2022-10-15,-1.8150905489679903
2022-10-16,-1.7056990552132616
2022-10-17,-1.7605955659070918
2022-10-18,-1.8725944288105367
2022-10-19,-1.944717442337284
2022-10-20,-1.680405834801882
2022-10-21,-1.871526158326987
2022-10-22,-1.4802534787979391
2022-10-23,-2.167016962549315
2022-10-24,-2.1660027782130302
2022-10-25,-1.5800265461460468
2022-10-26,-1.582504875948912
2022-10-27,-1.691801436402409
2022-10-28,-1.1018539453188705
2022-10-29,-1.5387227085986495
2022-10-30,-1.8470147765167417
2022-10-31,-1.426282771836828
2022-11-01,-0.9853004713873127
2022-11-02,-1.5175234648845282
2022-11-03,-1.5105761801506465
2022-11-04,-1.6748256821685186
2022-11-05,-1.4952740651246659
2022-11-06,-1.1276749036808542
2022-11-07,-1.1809855602546806
2022-11-08,-1.2015271548955793
2022-11-09,-1.07902418481044
2022-11-10,-1.1170089301676533
2022-11-11,-1.7561857893772927
2022-11-12,-1.5128366604776287
2022-11-13,-1.73445281792875
2022-11-14,-1.6526064363975728
2022-11-15,-1.4739198917774698
2022-11-16,-1.6285189417494377
2022-11-17,-1.452314676639994
2022-11-18,-1.3608283371676984
2022-11-19,-1.4038879040052983
2022-11-20,-1.1718410669434927
2022-11-21,-1.3614655655545649
2022-11-22,-1.3457504622957184
2022-11-23,-1.5025871211950022
2022-11-24,-1.306691141516719
2022-11-25,-1.3031416241404605
2022-11-26,-1.1884999006989063
2022-11-27,-0.9885473980823345
2022-11-28,-1.2103865468875965
2022-11-29,-1.0725882601610788
2022-11-30,-0.866302448181784
2022-12-01,-0.861987056559176
2022-12-02,-1.185081944814606
2022-12-03,-1.20523989672513
2022-12-04,-1.1233787428797608
2022-12-05,-1.637837307123906
2022-12-06,-1.614917671158603
2022-12-07,-1.2610470118855919
2022-12-08,-1.3787010762936285
2022-12-09,-1.0973473713727553
2022-12-10,-1.3623410297835181
2022-12-11,-0.7864510398638065
2022-12-12,-0.7864916207708254
2022-12-13,-1.4766837209698949
2022-12-14,-1.469980060079315
2022-12-15,-1.1735116470539093
2022-12-16,-1.571096930231645
2022-12-17,-1.4106767169097294
2022-12-18,-1.6250061667634241
2022-12-19,-1.2266727156395076
2022-12-20,-0.9525540870000281
2022-12-21,-1.4533267509939307
2022-12-22,-1.7554067318995221
2022-12-23,-4.355877937442564
2022-12-24,-5.030968571991103
2022-12-25,-4.878665327039134
2022-12-26,-3.4999526351680084
2022-12-27,-2.806589203099963
2022-12-28,-1.6257418436264426
2022-12-29,-1.8823504923041485
2022-12-30,-1.4680029966241084
2022-12-31,-0.8543572029092443
2023-01-01,-1.0281419336064364
2023-01-02,-1.4772982202445486
2023-01-03,-1.7445628397078117
2023-01-04,-1.8916049600822524
2023-01-05,-1.7798947805718734
2023-01-06,-1.5077965742910873
2023-01-07,-1.9021300489500894
2023-01-08,-2.121312696313255
2023-01-09,-2.0032611724219502
2023-01-10,-1.6842452839666604
2023-01-11,-2.4824277672186588
2023-01-12,-1.7391529181566172
2023-01-13,-1.2925505311176617
2023-01-14,-1.9216913868552938
2023-01-15,-1.5867485170970739
2023-01-16,-1.473599207557073
2023-01-17,-2.0119668332098803
2023-01-18,-1.6512804382892132
2023-01-19,-1.582911636334765
2023-01-20,-1.3276709660920485
2023-01-21,-1.8554806515548572
2023-01-22,-1.3213195897586294
2023-01-23,-1.314673682537226
2023-01-24,-1.572942780970118
2023-01-25,-1.2352669386481838
2023-01-26,-1.156947820658047
2023-01-27,-1.4653679679202676
2023-01-28,-1.8358854539267417
2023-01-29,-1.472833401774694
2023-01-30,-1.5176439159832524
2023-01-31,-1.645974692806117
2023-02-01,-1.5441646577433197
2023-02-02,-1.618677044095417
2023-02-03,-1.5446019191788118
2023-02-04,-0.992150137034848
2023-02-05,-0.6972357678207776
2023-02-06,-1.7200464179563115
2023-02-07,-1.5213112144782857
2023-02-08,-1.0883733577315302
2023-02-09,-0.7213211889269666
2023-02-10,-1.3694675932763325
2023-02-11,-2.160519290429307
2023-02-12,-2.132355000716815
2023-02-13,-1.6327592108753095
2023-02-14,-1.000816591466001
2023-02-15,-0.9445959179187703
2023-02-16,-1.0198081149410867
2023-02-17,-1.1635183543203487
2023-02-18,-1.7057375673867075
2023-02-19,-1.1954785819246496
2023-02-20,-1.1660183093677334
2023-02-21,-1.5433641582891822
2023-02-22,-1.9800842831379741
2023-02-23,-2.1021382407240905
2023-02-24,-1.4793995443924317
2023-02-25,-1.0572960516050938
2023-02-26,-1.452565516737243
2023-02-27,-1.2535227250234724
2023-02-28,-1.1969658709498352
2023-03-01,-0.9362783038570698
2023-03-02,-1.3006842804621574
2023-03-03,-0.5880012891902047
2023-03-04,-0.9858060669143142
2023-03-05,-1.2812388103909376
2023-03-06,-1.0787341779005535
2023-03-07,-1.5494347810822775
2023-03-08,-1.8920462081878398
2023-03-09,-1.5106241368374804
2023-03-10,-1.3518937710294994
2023-03-11,-1.8008315105306278
2023-03-12,-1.5536700472705691
2023-03-13,-1.366547839142939
2023-03-14,-1.8382699117544803
2023-03-15,-1.6159216088070594
2023-03-16,-1.588712061517811
2023-03-17,-2.5915997501631844
2023-03-18,-2.725864482514846
2023-03-19,-2.6330859808211766
2023-03-20,-1.7405341759725665
2023-03-21,-2.197241258171597
2023-03-22,-1.6811384772862794
2023-03-23,-1.418888444258249
2023-03-24,-2.7874954230489806
2023-03-25,-2.8930410795832975
2023-03-26,-2.812005395723732
2023-03-27,-2.3940123782069453
2023-03-28,-2.7997820874938517
2023-03-29,-2.1540437572219613
2023-03-30,-1.9227165791831629
2023-03-31,-1.5590937250497456
2023-04-01,-1.3677564360357513
2023-04-02,-2.0815833668762553
2023-04-03,-1.7604227530183154
2023-04-04,-1.441475235213637
2023-04-05,-1.401515867611819
2023-04-06,-1.6066612254879526
2023-04-07,-1.4578896806388295
2023-04-08,-1.4376136129891854
2023-04-09,-1.6266719893776236
2023-04-10,-1.855099643165089
2023-04-11,-1.2175878452190194
2023-04-12,-1.3349740577805327
2023-04-13,-1.3451061632127959
2023-04-14,-1.7419472158577014
2023-04-15,-1.6232422558268036
2023-04-16,-1.6377507764124606
2023-04-17,-1.6771219977431373
2023-04-18,-1.550055788951959
2023-04-19,-1.3764362425653331
2023-04-20,-1.25508080624312
2023-04-21,-1.8395836718937142
2023-04-22,-1.7336949970456839
2023-04-23,-1.7996972828861473
2023-04-24,-1.3992239466530265
2023-04-25,-1.4732963173389164
2023-04-26,-1.4398570434404911
2023-04-27,-1.302655921619911
2023-04-28,-1.0467949892484647
2023-04-29,-1.1877098817958598
2023-04-30,-0.9609256387057189
2023-05-01,-2.03266242815208
2023-05-02,-1.7026302813748448
2023-05-03,-1.221333324725765
2023-05-04,-1.4279773557775874
2023-05-05,-1.0703501495947538
2023-05-06,-0.25426114363162383
2023-05-07,-0.7502756952767853
2023-05-08,-0.9437915821389444
2023-05-09,-0.9584429382814201
2023-05-10,-2.149200925192706
2023-05-11,-1.3902511249205818
2023-05-12,-1.7118061426971156
2023-05-13,-1.5239391552127572
2023-05-14,-0.31536074860104024
2023-05-15,-0.514002404859809
2023-05-16,-1.485071499580675
2023-05-17,-1.702249142193023
2023-05-18,-1.3399147130412363
2023-05-19,-1.198671028274511
2023-05-20,-0.5871080710858889
2023-05-21,-0.7349684209459277
2023-05-22,-0.7328962947906598
2023-05-23,-1.1068190499356667
2023-05-24,-1.2347278336105283
2023-05-25,-1.127786026435005
2023-05-26,-1.211111057512063
2023-05-27,-0.6919362890051558
2023-05-28,-0.6806604004000759
2023-05-29,-0.5431680092088091
2023-05-30,-0.7587025942480974
2023-05-31,-0.8183782805119466
2023-06-01,-0.8175388969838067
2023-06-02,-0.8191143156902996
2023-06-03,-1.0906744317715638
2023-06-04,-1.2401007745919763
2023-06-05,-0.8313500915301859
2023-06-06,-1.0945172699795596
2023-06-07,-1.0771191450945452
2023-06-08,-2.461509677675421
2023-06-09,-1.871659498427777
2023-06-10,-2.4549657905119187
2023-06-11,-1.9661367022493077
2023-06-12,-1.1790418037483206
2023-06-13,-0.7642050983198788
2023-06-14,-0.6595303472031764
2023-06-15,-0.5822753372224011
2023-06-16,-0.1778331413893163
2023-06-17,-1.1319625210688782
2023-06-18,-1.1309995660638497
2023-06-19,-0.5081302395207202
2023-06-20,-0.7586323042778677
2023-06-21,-1.0757008131680392
2023-06-22,-1.0025783066757077
2023-06-23,-0.8945126032378842
2023-06-24,-0.7150826385397895
2023-06-25,-1.1082521022107565
2023-06-26,-0.9655591964027467
2023-06-27,-0.9926169342646756
2023-06-28,-1.9767520385734543
2023-06-29,-3.878642530432178
2023-06-30,-4.709364469251912
2023-07-01,-5.079014148576214
2023-07-02,-5.027021365415339
2023-07-03,-3.8921805021026397
2023-07-04,-3.2720295685831418
2023-07-05,-2.9964132792647535
2023-07-06,-2.1453351277423325
2023-07-07,-1.995212740670632
2023-07-08,-2.7659448185088573
2023-07-09,-2.412625834467934
2023-07-10,-1.3792233874260744
2023-07-11,-0.9994047594780765
2023-07-12,-0.5849671699637539
2023-07-13,-0.25414949996404895
2023-07-14,0.03809450144424737
2023-07-15,0.6776048452120795
2023-07-16,-0.15605124444502977
2023-07-17,-0.5564990727407763
2023-07-18,-0.8850724221153281
2023-07-19,-1.2742233588609178
2023-07-20,-0.843767732673725
2023-07-21,-0.9973060916165655
2023-07-22,-0.9515671912663042
2023-07-23,-0.7901811877327792
2023-07-24,-1.1286588124843264
2023-07-25,-1.410939759454807
2023-07-26,-1.2279065576658952
2023-07-27,-1.3262550910666724
2023-07-28,-1.3329121948231757
2023-07-29,-1.2027408175889367
2023-07-30,-1.8285755797494765
2023-07-31,-2.029908736523595
2023-08-01,-2.3270369721958826
2023-08-02,-1.9834460764706598
2023-08-03,-2.060892352293949
2023-08-04,-1.7898213811245238
2023-08-05,-1.7900089254263125
2023-08-06,-1.91008792616735
2023-08-07,-1.9486271403809974
2023-08-08,-1.8865533252901567
2023-08-09,-2.5175172752354054
2023-08-10,-2.26340874726395
2023-08-11,-1.6734414076125297
2023-08-12,-2.116011032257303
2023-08-13,-1.8129170664032206
2023-08-14,-1.5775630152884696
2023-08-15,-1.6883230264211646
2023-08-16,-1.8126956663949452
2023-08-17,-1.7041435663494753
2023-08-18,-1.6991057143052515
2023-08-19,-1.5060711208753481
2023-08-20,-1.405073043682364
2023-08-21,-1.1138952395404023
2023-08-22,-1.3783707992757657
2023-08-23,-1.0008956486575744
2023-08-24,-0.9462584016058432
2023-08-25,-1.3518501562657186
2023-08-26,-1.7377105803727535
2023-08-27,-1.5626163692922146
2023-08-28,-1.7171577473835165
2023-08-29,-1.5874985095802037
2023-08-30,-1.4508143406045872
2023-08-31,-1.5791029290811425
2023-09-01,-1.698998991157569
2023-09-02,-1.719535248964298
2023-09-03,-1.4176584135834802
2023-09-04,-1.2787496922315758
2023-09-05,-1.341516532617059
2023-09-06,-1.1248242732340978
2023-09-07,-1.3816407726259308
2023-09-08,-1.332638042330287
2023-09-09,-1.0940250316282067
2023-09-10,-0.9129484631194594
2023-09-11,-0.3824675987739278
2023-09-12,-0.9796197076441433
2023-09-13,-1.248017207048824
2023-09-14,-1.1668513939583893
2023-09-15,-1.440615020925665
2023-09-16,-1.7197406764423162
2023-09-17,-1.6911591157486425
2023-09-18,-1.2768554272330255
2023-09-19,-1.4143114477487277
2023-09-20,-1.1465890425439544
2023-09-21,-0.9682051135810206
2023-09-22,-1.6139006976895938
2023-09-23,-2.1947002766509502
2023-09-24,-1.9723138504092508
2023-09-25,-1.407225891054311
2023-09-26,-1.2597174810396226
2023-09-27,-0.9889018568780292
2023-09-28,-0.8106257542112918
2023-09-29,-1.2411469545269471
2023-09-30,-1.4472755052948236
2023-10-01,-1.2064168920972167
2023-10-02,-1.0311042559706765
2023-10-03,-1.1243149466101074
2023-10-04,-1.2940709862285633
2023-10-05,-1.0295572454063915
2023-10-06,-1.3129429099534582
2023-10-07,-1.926546001178979
2023-10-08,-1.9636771526266945
2023-10-09,-1.979383290345248
2023-10-10,-2.057834947748276
2023-10-11,-1.8194182526442901
2023-10-12,-2.3894866760612206
2023-10-13,-3.5964744656250374
2023-10-14,-3.4264929438336
2023-10-15,-2.5099995837439906
2023-10-16,-2.4714657978117778
2023-10-17,-2.3285080316525844
2023-10-18,-3.221991927264641
2023-10-19,-2.348168175022937
2023-10-20,-2.2913115339312413
2023-10-21,-1.9890038452703873
2023-10-22,-2.150979582336652
2023-10-23,-1.917775097164181
2023-10-24,-2.5557322892354586
2023-10-25,-2.0992230448370943
2023-10-26,-1.885352687977869
2023-10-27,-1.4663765592819142
2023-10-28,-1.6445769030449746
2023-10-29,-2.17717266601081
2023-10-30,-1.457663519395581
2023-10-31,-1.9246840284480196
2023-11-01,-1.2641933986839715
2023-11-02,-1.4664432656822108
2023-11-03,-1.4888987645741838
2023-11-04,-2.203634271012848
2023-11-05,-2.1922780949994243
2023-11-06,-1.689963630929197
2023-11-07,-1.3821303538007428
2023-11-08,-1.2170426498153242
2023-11-09,-1.4431564682120595
2023-11-10,-1.2055710510513022
2023-11-11,-1.9817480349738221
2023-11-12,-2.1584140451790788
2023-11-13,-1.446451246998035
2023-11-14,-0.9403549187821242
2023-11-15,-1.7967207547631547
2023-11-16,-1.55048724898864
2023-11-17,-1.344510107197425
2023-11-18,-1.3702026385296975
2023-11-19,-1.4628820375666345
2023-11-20,-1.3046095708764827
2023-11-21,-1.3034612606607001
2023-11-22,-1.473792172658239
2023-11-23,-1.0733920111945172
2023-11-24,-1.2213924767191164
2023-11-25,-1.5485522310953002
2023-11-26,-1.8151138223346093
2023-11-27,-1.9188241426617336
2023-11-28,-1.7279135201832518
2023-11-29,-1.3265288514957545
2023-11-30,-1.3112972538047634
2023-12-01,-1.0774280544098016
2023-12-02,-1.2592002013692032
2023-12-03,-4.55276733358092
2023-12-04,-2.4372949546567253
2023-12-05,-1.6686471512355199
2023-12-06,-1.2748910395557618
2023-12-07,-1.5453560006167892
2023-12-08,-1.8157587508605646
2023-12-09,-2.176040032996971
2023-12-10,-1.4293655705685018
2023-12-11,-1.7267508487073864
2023-12-12,-1.8139505614164362
2023-12-13,-1.240553947695056
2023-12-14,-1.5333299629847679
2023-12-15,-1.80741359829296
2023-12-16,-1.8077748562310434
2023-12-17,-2.9642610350001743
2023-12-18,-2.059388020979502
2023-12-19,-2.397808185404182
2023-12-20,-2.057754415582687
2023-12-21,-2.1751618454196096
2023-12-22,-1.309057065693862
2023-12-23,-1.726778607393252
2023-12-24,-1.6236334559000158
2023-12-25,-1.8101997439174293
2023-12-26,-2.48163665775787
2023-12-27,-1.6673434883801472
2023-12-28,-1.6761116397646167
2023-12-29,-1.916971357788421
2023-12-30,-1.857819937046162
2023-12-31,-1.6776154685249798
2024-01-01,-1.1600114756996158
2024-01-02,-1.2675413741039754
2024-01-03,-1.9880452078296988
2024-01-04,-1.9107023362055848
2024-01-05,-1.4529129398945833
2024-01-06,-1.6428319560321922
2024-01-07,-1.4788281548699584
2024-01-08,-1.2519344730191266
2024-01-09,-1.4983971527883964
2024-01-10,-1.179588937367431
2024-01-11,-1.0676439418537773
2024-01-12,-1.024745306190002
2024-01-13,-0.7882870763051397
2024-01-14,-1.451633656171115
2024-01-15,-1.1860261769373095
2024-01-16,-0.9914037037239257
2024-01-17,-1.2768379013932454
2024-01-18,-1.211945051088417
2024-01-19,-1.8685411908903
2024-01-20,-1.7105420964521931
2024-01-21,-2.1138802875615363
2024-01-22,-2.191405918314164
2024-01-23,-2.0147196535877026
2024-01-24,-1.2663927264380066
2024-01-25,-1.0308585161028503
2024-01-26,-1.1576829432630305
2024-01-27,-1.463114183058856
2024-01-28,-1.890934942597341
2024-01-29,-2.1899547183812187
2024-01-30,-2.014701120327508
2024-01-31,-1.8061171830006726
2024-02-01,-1.895924033739475
2024-02-02,-1.9366037574153605
2024-02-03,-2.3808536910894564
2024-02-04,-1.8381464383730752
2024-02-05,-1.9581493975854027
2024-02-06,-1.6149141880763673
2024-02-07,-2.0388994406712166
2024-02-08,-1.645037637432349
2024-02-09,-1.7175045623610188
2024-02-10,-1.1413639840447463
2024-02-11,-1.4349149423912932
2024-02-12,-1.140926537548354
2024-02-13,-1.5161924156703415
2024-02-14,-1.4586553389405101
2024-02-15,-0.7486298986056759
2024-02-16,-0.6775135514862981
2024-02-17,-0.831482011867161
2024-02-18,-0.9661257666691343
2024-02-19,-1.1764666189158657
2024-02-20,-1.3396087378606392
2024-02-21,-1.3609966406994816
2024-02-22,-1.2363971240577851
2024-02-23,-1.4107326632592385
2024-02-24,-2.2547445037765166
2024-02-25,-1.9376590564321232
2024-02-26,-1.734554793252824
2024-02-27,-1.3298165330388936
2024-02-28,-1.3261661855442446
2024-02-29,-1.6609568693575874
2024-03-01,-1.5573955963459054
2024-03-02,-1.516018391536049
2024-03-03,-1.8301026389089199
2024-03-04,-1.129549970481679
2024-03-05,-1.4925812384006119
2024-03-06,-1.0593467783591686
2024-03-07,-1.0490713065565231
2024-03-08,-1.0040882823800301
2024-03-09,-1.5109942817127855
2024-03-10,-1.2110829039931321
2024-03-11,-1.0579977001651102
2024-03-12,-1.305862531195706
2024-03-13,-1.0726633792892788
2024-03-14,-1.236889435165864
2024-03-15,-1.5152685074676413
2024-03-16,-1.6722820480254978
2024-03-17,-1.5856347501119965
2024-03-18,-1.4060077026811508
2024-03-19,-1.7150312654877746
2024-03-20,-1.3379755005138736
2024-03-21,-1.3387787909156328
2024-03-22,-1.309349718105342
2024-03-23,-1.5833866892539141
2024-03-24,-2.1484553964330004
2024-03-25,-2.658303895090578
2024-03-26,-1.6446495557831446
2024-03-27,-1.1813803252215322
2024-03-28,-1.4269177255282013
2024-03-29,-1.4744849213360602
2024-03-30,-1.628661935856004
2024-03-31,-1.8566627628476529
2024-04-01,-1.5385747523492161
2024-04-02,-1.2721481831633557
2024-04-03,-1.5802936605649633
2024-04-04,-1.9812888527197345
2024-04-05,-1.8724282962072327
2024-04-06,-1.8010149309033359
2024-04-07,-1.688884372542275
2024-04-08,-0.9717506765185299
2024-04-09,-1.127268312796561
2024-04-10,-1.3799454025401805
2024-04-11,-0.9864486795189057
2024-04-12,-1.4791720929648653
2024-04-13,-2.2041383302180066
2024-04-14,-2.431444814388818
2024-04-15,-1.9837280495168934
2024-04-16,-1.2415981543086452
2024-04-17,-1.4488523588680036
2024-04-18,-1.63486568785604
2024-04-19,-1.8136921348088872
2024-04-20,-1.3746329201680323
2024-04-21,-1.2231498151854094
2024-04-22,-0.9319919119553904
2024-04-23,-1.5488526371159124
2024-04-24,-1.7112809998670675
2024-04-25,-1.1129514176552922
2024-04-26,-1.2927935358106721
2024-04-27,-1.2040348968182149
2024-04-28,-1.6339780698073108
2024-04-29,-2.3684644045471708
2024-04-30,-1.7321644447825177
2024-05-01,-1.425326806421673
2024-05-02,-1.4541675715198494
2024-05-03,-1.5129235073844836
2024-05-04,-1.515030060805311
2024-05-05,-0.927822766035126
2024-05-06,-1.3275096346040955
2024-05-07,-0.8393449732679644
2024-05-08,-0.9576528706949358
2024-05-09,-0.524694415654613
2024-05-10,-0.880236738053941
2024-05-11,-0.9691189470684474
2024-05-12,-1.0084496697102825
2024-05-13,-0.5749643970225203
2024-05-14,-3.102989853668737
2024-05-15,-3.7099353486764186
2024-05-16,-2.3627559216756437
2024-05-17,-2.1006584320814654
2024-05-18,-2.1583907341851827
2024-05-19,-1.5704462156110914
2024-05-20,-1.4070769076211918
2024-05-21,-2.227036147933853
2024-05-22,-1.7783292115585159
2024-05-23,-1.3648051203996185
2024-05-24,-1.652416459140838
2024-05-25,-1.8458885479821379
2024-05-26,-1.2872040204436102
2024-05-27,-1.1891576463764866
2024-05-28,-1.273658083928081
2024-05-29,-1.253263663569609
2024-05-30,-1.0676167770882645
2024-05-31,-1.3466106834557783
2024-06-01,-1.1108652987361398
2024-06-02,-0.9436514380336312
2024-06-03,-1.2774812025599687
2024-06-04,-1.1212497090425249
2024-06-05,-0.9259945884463913
2024-06-06,-0.7859020013573069
2024-06-07,-1.1328650835939906
2024-06-08,-0.7651907508829306
2024-06-09,-0.9133793072651322
2024-06-10,-0.9915023162201614
2024-06-11,-0.8702010764641104
2024-06-12,-0.9094738543630783
2024-06-13,-0.8970077166352727
2024-06-14,-0.9872596327177505
2024-06-15,-1.5796062558832433
2024-06-16,-1.560590568221679
2024-06-17,-1.2462032754882477
2024-06-18,-0.9661283059463834
2024-06-19,-1.8398996919612298
2024-06-20,-1.5464950906624446
2024-06-21,-1.263947001499607
2024-06-22,-1.2375140048544269
2024-06-23,-1.6605582765300484
2024-06-24,-1.4921436264095858
2024-06-25,-1.3180307952145105
2024-06-26,-1.6397285292893544
2024-06-27,-1.1536178530096373
2024-06-28,-1.3941485423081048
2024-06-29,-1.1146257953842849
2024-06-30,-1.039973646086314
2024-07-01,-1.0187212922744535
2024-07-02,-0.9985823083786619
2024-07-03,-1.6927033841205104
2024-07-04,-1.4582347107040983
2024-07-05,-1.2810798411796362
2024-07-06,-1.3717551083988064
2024-07-07,-1.027770268931027
2024-07-08,-0.70499877634738
2024-07-09,-1.1080671504808068
2024-07-10,-1.0022661218153144
2024-07-11,-1.0339135237265547
2024-07-12,-0.8810677228979115
2024-07-13,-1.1275536728017035
2024-07-14,-1.1581034662073673
2024-07-15,-0.7583001738215885
2024-07-16,-0.9724819849684413
2024-07-17,-1.1593681369527553
2024-07-18,-1.2358353102775956
2024-07-19,-1.257201525748197
2024-07-20,-1.486138055579704
2024-07-21,-1.186407084825814
2024-07-22,-0.6108254601348313
2024-07-23,-1.4891058897609606
2024-07-24,-1.284178403673882
2024-07-25,-0.8055980890241529
2024-07-26,-1.7272246209778375
2024-07-27,-1.0863868941197412
2024-07-28,-1.7313623564283076
2024-07-29,-1.8643279354151248
2024-07-30,-1.4241315227468812
2024-07-31,-1.197151118947685
2024-08-01,-1.0451246419166282
2024-08-02,-1.1079107109289323
2024-08-03,-1.4723439595820635
2024-08-04,-2.2324583934902145
2024-08-05,-1.3604107767651836
2024-08-06,-1.104834860542926
2024-08-07,-1.5804338985918238
2024-08-08,-1.4682757430349471
2024-08-09,-1.143274252185205
2024-08-10,-1.156143068659637
2024-08-11,-0.9752921870766129
2024-08-12,-1.5199309781741
2024-08-13,-1.3610172166480103
2024-08-14,-1.2674147341463968
2024-08-15,-1.3696473349396039
2024-08-16,-1.2210331109630774
2024-08-17,-1.6707553220247735
2024-08-18,-0.9207281078277517
2024-08-19,-0.7577586326361773
2024-08-20,-0.9235419931189628
2024-08-21,-0.9799367059393608
2024-08-22,-1.6928862148004267
2024-08-23,-1.361663412684255
2024-08-24,-2.7027503412433678
2024-08-25,-4.2335125157674485
2024-08-26,-3.175637265749302
2024-08-27,-2.8479618563086726
2024-08-28,-2.753247588304021
2024-08-29,-2.1863023271573745
2024-08-30,-1.4812567733532243
2024-08-31,-1.4032666540852776
2024-09-01,-1.5148710754144696
2024-09-02,-1.7108018731502481
2024-09-03,-2.2417811626203976
2024-09-04,-2.158864531482644
2024-09-05,-1.3133862914884569
2024-09-06,-1.740510639250618
2024-09-07,-1.6468040514428297
2024-09-08,-1.6608334146339483
2024-09-09,-1.2070574003253696
2024-09-10,-1.7144419989582076
2024-09-11,-1.5661507888247854
2024-09-12,-1.275447674059149
2024-09-13,-1.1692604252687235
2024-09-14,-1.5750563534004585
2024-09-15,-2.045328667914517
2024-09-16,-1.610774761268715
2024-09-17,-1.3507100380228567
2024-09-18,-1.3297938532498903
2024-09-19,-1.9345200290291675
2024-09-20,-1.974725913621733
2024-09-21,-1.5344153367147286
2024-09-22,-1.5332401834523988
2024-09-23,-1.2713353913877077
2024-09-24,-1.6736680030179487
2024-09-25,-1.655087201793279
2024-09-26,-1.7275081964568886
2024-09-27,-1.4340527000329437
2024-09-28,-1.603578941193975
2024-09-29,-1.3636110513454518
2024-09-30,-1.4056891491930859
2024-10-01,-1.563686690962346
2024-10-02,-1.7895027817717841
2024-10-03,-1.2481426817981705
2024-10-04,-1.005011909602324
2024-10-05,-1.9701208096775313
2024-10-06,-2.533926706661587
2024-10-07,-2.1297434638873485
2024-10-08,-1.7366542810481371
2024-10-09,-1.1860072567072517
2024-10-10,-1.2763627041658028
2024-10-11,-1.3842451845599784
2024-10-12,-0.999639023834743
2024-10-13,-1.4687169714832273
2024-10-14,-1.613704808466924
2024-10-15,-1.2755938040690422
2024-10-16,-1.6055428745257767
2024-10-17,-1.6629298087833306
2024-10-18,-1.5708851993893458
2024-10-19,-0.9032083323163925
2024-10-20,-0.834557146918586
2024-10-21,-0.8062849208855865
2024-10-22,-1.1148957886408661
2024-10-23,-1.281144402196785
2024-10-24,-1.3298291522130272
2024-10-25,-1.5787644848607907
2024-10-26,-0.9528210730169915
2024-10-27,-1.3640252057840587
2024-10-28,-1.759536163139887
2024-10-29,-1.076261829457051
2024-10-30,-0.9160160318216094
2024-10-31,-1.009564900909378
2024-11-01,-1.6533435644983991
2024-11-02,-1.5713298903915378
2024-11-03,-1.768812394895939
2024-11-04,-2.4438234987147682
2024-11-05,-1.451562995884537
2024-11-06,-0.0031350988303530582
2024-11-07,-0.7395826192090854
2024-11-08,-0.9512105722129826
2024-11-09,-0.9632107273487391
2024-11-10,-1.116455799931925
2024-11-11,-0.7128169116438647
2024-11-12,-0.5173888336574475
2024-11-13,-1.1705693203565022
2024-11-14,-1.3846437677831733
2024-11-15,-1.2362437139064915
2024-11-16,-1.506923506200559
2024-11-17,-1.1276684965090997
2024-11-18,-1.083820197296442
2024-11-19,-0.9028426762785693
2024-11-20,-1.4320638529575835
2024-11-21,-1.6238028700068852
2024-11-22,-1.5493011920902322
2024-11-23,-1.543088297706323
2024-11-24,-1.6413616658498626
2024-11-25,-1.6596559210784807
2024-11-26,-1.4701886251954512
2024-11-27,-1.659065431884234
2024-11-28,-1.1745818234528407
2024-11-29,-1.0893199215942622
2024-11-30,-0.9770504717346108
2024-12-01,-1.1993762695006085
2024-12-02,-1.6056489788711585
2024-12-03,-1.0309759293863114
2024-12-04,-1.4928594686185936
2024-12-05,-1.7888006677812893
2024-12-06,-0.8653457923314478
2024-12-07,0.2559888364477011
2024-12-08,-0.03244678467543676
2024-12-09,-0.9248956731790016
2024-12-10,-1.1705570796678708
2024-12-11,-1.1484148822076847
2024-12-12,-0.9323710774982354
2024-12-13,-0.9871886543898993
2024-12-14,-1.2656902839830932
2024-12-15,-1.9599443079565304
2024-12-16,-1.8979187682604837
2024-12-17,-1.8152159487991393
2024-12-18,-1.7055875864053216
2024-12-19,-2.775007998669894
2024-12-20,-2.316661581708636
2024-12-21,-2.5845016640856637
2024-12-22,-1.9233672803689477
2024-12-23,-1.1987089354950584
2024-12-24,-1.0759191181434529
2024-12-25,-0.9108914201824033
2024-12-26,-1.5021245023042242
2024-12-27,-1.4643334530059642
2024-12-28,-1.5538086753580307
2024-12-29,-1.6236802826453258
2024-12-30,-1.5488548504334012
2024-12-31,-1.789010023191723
2025-01-01,-2.1351098984779306
2025-01-02,-2.526450154540639
2025-01-03,-2.5620016049857752
2025-01-04,-1.988887817440448
2025-01-05,-1.8739261100178797
2025-01-06,-2.3396897045282414
2025-01-07,-2.359989156340834
2025-01-08,-1.9859377233051836
2025-01-09,-2.019834911699721
2025-01-10,-1.9343876629055148
2025-01-11,-1.9249153478271817
2025-01-12,-1.8257217059055095
2025-01-13,-1.5550097546068653
2025-01-14,-1.0832605652658154
2025-01-15,-0.9851082964072935
2025-01-16,-0.9619691138701935
2025-01-17,-1.2038954835774731
2025-01-18,-1.3182375791449539
2025-01-19,-1.3289105542802515
2025-01-20,-0.9152556141219156
2025-01-21,-1.0727774568535169
2025-01-22,-1.733473384348071
2025-01-23,-1.3261478321361015
2025-01-24,-1.4997639344503282
2025-01-25,-1.377422349871434
2025-01-26,-1.8488254580331365
2025-01-27,-1.482552123966606
2025-01-28,-1.1957905185586668
2025-01-29,-1.318961578343672
2025-01-30,-1.3327174856526447
2025-01-31,-1.2479795951603072
2025-02-01,-1.7752216095246496
2025-02-02,-1.10711108391165
2025-02-03,-1.5691410252587854
2025-02-04,-1.5694452718315521
2025-02-05,-1.3396455847555162
2025-02-06,-1.270406833532511
2025-02-07,-1.2592829803275565
2025-02-08,-1.5890522763301453
2025-02-09,-0.705369632367197
2025-02-10,-0.3248073725396939
2025-02-11,-0.5323107817553929
2025-02-12,-0.3173764469220998
2025-02-13,-0.4291743202982564
2025-02-14,-0.8663641205748339
2025-02-15,-0.887224341961728
2025-02-16,-0.945219826255266
2025-02-17,-0.8935194675731755
2025-02-18,-0.9444748038331603
2025-02-19,-1.0204561464323119
2025-02-20,-1.164831223426569
2025-02-21,-1.1990296666848168
2025-02-22,-2.8641905003875525
2025-02-23,-3.0519372868929935
2025-02-24,-2.0488879907015494
2025-02-25,-1.718884096537825
2025-02-26,-1.3843191848127787
2025-02-27,-1.4478416728668357
2025-02-28,-1.0804397371726797
2025-03-01,-1.0599720255966711
2025-03-02,-0.37387589837499635
2025-03-03,-0.5707206354855692
2025-03-04,-1.0034982283981047
2025-03-05,-1.046912815028861
2025-03-06,-1.1093873493094297
2025-03-07,-1.2768599680559607
2025-03-08,-1.598029434860717
2025-03-09,-1.3748165633199163
2025-03-10,-0.6080265129627831
2025-03-11,-0.527202164753012
2025-03-12,-0.6005608648473718
2025-03-13,-1.0007240812193436
2025-03-14,-0.8351699112325499
2025-03-15,-1.4488868442404446
2025-03-16,-0.8736790569647125
2025-03-17,-0.7000028653286245
2025-03-18,-1.4232471162638707
2025-03-19,-1.3545391922833887
2025-03-20,-1.3633974849487909
2025-03-21,-1.5963582262244493
2025-03-22,-1.7976626154305717
2025-03-23,-2.212645621838524
2025-03-24,-2.432116617813237
2025-03-25,-1.7066132773936216
2025-03-26,-1.133100214796504
2025-03-27,-1.4206478368815398
2025-03-28,-1.7643264734853352
2025-03-29,-2.092533405954137
2025-03-30,-1.8198307272135958
2025-03-31,-2.199033272282167
2025-04-01,-1.762044004612448
2025-04-02,-1.2584685395885031
2025-04-03,-1.5487011527619778
2025-04-04,-1.626055751019402
2025-04-05,-1.564720250479953
2025-04-06,-1.7288380198365354
2025-04-07,-1.1713135687931733
2025-04-08,-0.9509647205830363
2025-04-09,-1.0843995426780113
2025-04-10,-0.7022810835233894
2025-04-11,-0.7322133187145549
2025-04-12,-0.5991237681174425
2025-04-13,-1.7262238426370842
2025-04-14,-2.2601775222777873
2025-04-15,-2.6176509231802774
2025-04-16,-1.9400861018882183
2025-04-17,-1.602625815245884
2025-04-18,-1.0064177237478837
2025-04-19,-1.060108907960246
2025-04-20,-1.1979400360729346
2025-04-21,-0.9137493706128054
2025-04-22,-1.1512282299553893
2025-04-23,-1.5612789084131131
2025-04-24,-1.721887967029416
2025-04-25,-1.4957525577596946
2025-04-26,-1.3094541927376604
2025-04-27,-2.2501994468408575
2025-04-28,-2.5198165787825033
2025-04-29,-1.7536632651276491
2025-04-30,-1.1760134576105863
2025-05-01,-1.0861295145902599
2025-05-02,-1.370988598493651
2025-05-03,-1.3827993816344148
2025-05-04,-1.7214028136565662
2025-05-05,-1.1123165524947285
2025-05-06,-1.216245492442169
2025-05-07,-1.252231279415443
2025-05-08,-0.9035917142000198
2025-05-09,-0.3946217999905502
2025-05-10,-0.8548438956329432
2025-05-11,-1.2984313997597499
2025-05-12,-1.5331299018687703
2025-05-13,-2.2328388769491525
2025-05-14,-1.7720357031591136
2025-05-15,-1.294073111737717
2025-05-16,-1.2684605582427564
2025-05-17,-1.2871710098186067
2025-05-18,-1.5299646053083278
2025-05-19,-1.7503528622247586
2025-05-20,-1.8529672565265287
2025-05-21,-1.3092978884309776
2025-05-22,-1.6585073769611371
2025-05-23,-1.8093108798294717
2025-05-24,-1.5873933000005946
2025-05-25,-1.3150203815874237
2025-05-26,-1.1415363203940971
2025-05-27,-1.126317185133398
2025-05-28,-1.8415697237264328
2025-05-29,-0.6291569399475991
2025-05-30,-0.9493180032405372
2025-05-31,-1.288736088169671
2025-06-01,-1.6094260146554333
2025-06-02,-1.0448514522630208
2025-06-03,-1.4616433697135474
2025-06-04,-1.1265369703243269
2025-06-05,-0.9644259292423817
2025-06-06,-1.2280918041892415
2025-06-07,-1.1298418954557043
2025-06-08,-0.8910155074263951
2025-06-09,-0.5711024440582455
2025-06-10,-1.7741003723012156
2025-06-11,-1.4366389347316735
2025-06-12,-1.3341003876451303
2025-06-13,-1.2157851905613377
2025-06-14,-1.3686926905885302
2025-06-15,-3.690269597760125
2025-06-16,-0.9601541857642616
2025-06-17,-2.9121932231382623
2025-06-18,1.6356942104317835
2025-06-19,2.990398341529098
2025-06-20,0.900034955924911
2025-06-21,3.017549653879631
2025-06-22,-0.9488521113774806
2025-06-23,-2.7975318230563744
2025-06-24,-2.6305426228571047
2025-06-25,-0.9918118755895617
2025-06-26,-3.3123320757196018
2025-06-27,-3.6240830451628807
2025-06-28,-0.15904208583344026
2025-06-29,-1.7853426688046852
2025-06-30,-2.227846323043941
2025-07-01,-1.4382150928629247
2025-07-02,-1.5115851860338263
2025-07-03,-2.235013903852331
2025-07-04,-1.612979544046922
2025-07-05,-1.1918670616269211
2025-07-06,-1.2741324751472187
2025-07-07,-1.345774623931259
2025-07-08,-0.18926011152176217
2025-07-09,-1.002585939526957
2025-07-10,-1.408392874917848
2025-07-11,-1.303639811329094
2025-07-12,-0.7841005207849878
2025-07-13,-1.0325395973476814
2025-07-14,-0.6475057931489309
2025-07-15,-0.5787678195624846
2025-07-16,-1.0861088579192821
2025-07-17,-1.6802622460384102
2025-07-18,-1.5871924484255293
2025-07-19,-1.5563246009333225
2025-07-20,-1.3080956534003727
2025-07-21,-1.4691427985808756
2025-07-22,-1.8886033946738243
2025-07-23,-2.1685423174335967
2025-07-24,-1.7128715385254836
2025-07-25,-2.0032630371979576
2025-07-26,-1.987690068351611
2025-07-27,-1.6135132500617235
2025-07-28,-1.5530760498498448
2025-07-29,-1.3911831230087037
2025-07-30,-1.5406881184836738
2025-07-31,-1.7708704547617424
2025-08-01,-2.1151969042037293
2025-08-02,-1.8678163714111908
2025-08-03,-1.973087846372687
2025-08-04,-1.8589847496674634
2025-08-05,-1.5737388389273657
2025-08-06,-2.0547820240647616
2025-08-07,-2.174129743276955
2025-08-08,-1.9426171344224112
2025-08-09,-1.8839413066670831
2025-08-10,-1.926677885918111
2025-08-11,-1.937576300899874
2025-08-12,-1.9059309594411793
2025-08-13,-1.6358195645075015
2025-08-14,-1.3951891710098925
2025-08-15,-1.952537240120371
2025-08-16,-1.281511679969734
2025-08-17,-1.0162260497238806
2025-08-18,-1.1537899957401658
2025-08-19,-0.9696208814507893
2025-08-20,-1.8519127962931272
2025-08-21,-1.6818956110206096
2025-08-22,-1.7100150644889325
2025-08-23,-1.266351077007499
2025-08-24,-2.045328781964838
2025-08-25,-2.3650179729484306
2025-08-26,-2.4132099572443897
2025-08-27,-1.72972299418237
2025-08-28,-1.711825084733571
2025-08-29,-1.4824533261195552
2025-08-30,-2.0496743150815204
2025-08-31,-1.5292313771446384
2025-09-01,-1.4211652913287127
2025-09-02,-2.3000549815587283
2025-09-03,-1.377050916920705
2025-09-04,-0.8846940400055175
2025-09-05,-1.3202954400357616
2025-09-06,-1.389849087158887
2025-09-07,-1.995967242236921
2025-09-08,-2.300193826458906
2025-09-09,-2.2311899985564225
2025-09-10,-3.342193801933961
2025-09-11,-2.2333215958223995
2025-09-12,-1.9145745895841324
2025-09-13,-1.8973119653885544
2025-09-14,-1.809018816676323
2025-09-15,-1.4098903314762314
2025-09-16,-1.38395919021597
2025-09-17,-1.597023392033353
2025-09-18,-2.463263767747292
2025-09-19,-2.5488661846583365
2025-09-20,-1.6693259468845294
2025-09-21,-1.6367722519053296
2025-09-22,-1.3641788195817746
2025-09-23,-1.2882269584061845
2025-09-24,-1.2385668576319708
2025-09-25,-2.9486029694465583
2025-09-26,-2.1392010836440605
2025-09-27,-2.4743711769271157
2025-09-28,-2.157092123423451
2025-09-29,-1.7862290016526063
2025-09-30,-1.1453178289526418
2025-10-01,-1.3319585814311865
2025-10-02,-1.705678391294199
2025-10-03,-1.9743010608314948
2025-10-04,-1.2464588526487512
2025-10-05,-1.2663956594145718
2025-10-06,-2.1636005836459553
2025-10-07,-1.5097041625587941
2025-10-08,-1.4302167010148532
2025-10-09,-1.2471971614738537
2025-10-10,-1.1628616917817183
2025-10-11,-1.8453250777765
2025-10-12,-1.4250697116603241
2025-10-13,-1.5880134804489372
2025-10-14,-1.9298556605280677
2025-10-15,-1.4072217539220275
2025-10-16,-1.7523336260784275
2025-10-17,-2.0489659276863876
2025-10-18,-1.6635444850141814
2025-10-19,-2.355384784552481
2025-10-20,-1.9038761838408411
2025-10-21,-2.316238049128276
2025-10-22,-2.082053568498601
2025-10-23,-2.1629138975031266
2025-10-24,-1.8749953986182257
2025-10-25,-1.6057351411394636
2025-10-26,-2.6462690686005987
2025-10-27,-1.889192848033519
2025-10-28,-1.9762173025433944
2025-10-29,-1.5086746747221766
2025-10-30,-1.8619579406027837
2025-10-31,-1.411078990088071
2025-11-01,-1.9643363968634309
2025-11-02,-2.503865873465119
2025-11-03,-1.5031211930297899
2025-11-04,-1.5604187153851916
2025-11-05,-1.9072662106389933
2025-11-06,-1.6116967291601925
2025-11-07,-1.0839079074700315
2025-11-08,-1.40879031490309
2025-11-09,-1.2459036826648378
2025-11-10,-2.3239888253329726
2025-11-11,-1.2727952412656676
2025-11-12,-1.373092278305308
2025-11-13,-1.7641665956134571
2025-11-14,-1.212300487191592
2025-11-15,-1.2643066185639498
2025-11-16,-1.2998133419558084
2025-11-17,-0.5431428284385929
2025-11-18,-1.2001674489397838
2025-11-19,-0.8453682417022307
2025-11-20,-1.0622045684174923
2025-11-21,-1.1841079757198554
2025-11-22,-1.3431534478848115
2025-11-23,-0.9399202620778386
2025-11-24,-1.0508325678585517
2025-11-25,-1.3427584582267937
2025-11-26,-1.5335802553051012
2025-11-27,-1.708484421933979
2025-11-28,-1.7794378526774615
2025-11-29,-1.4422675744748272
2025-11-30,-1.5272031768835193
2025-12-01,-1.1275624463303646
2025-12-02,-0.8668526165159586
2025-12-03,-0.7308784613216237
2025-12-04,-0.7963379248980457
2025-12-05,-0.7923088775274528
2025-12-06,-1.1272283334995192
2025-12-07,-1.1614670963638467
2025-12-08,-1.2716422276471793
2025-12-09,-1.3418325307796368
2025-12-10,-1.1180589552517344
2025-12-11,-1.2478275280349405
2025-12-12,-1.7151116404447675
2025-12-13,-1.6876029958147016
2025-12-14,-1.8610862567676911
2025-12-15,-1.7496834763122817
2025-12-16,-1.5900511338132737
2025-12-17,-1.2097232033743397
2025-12-18,-1.548068352361406
2025-12-19,-1.8617396981407903
2025-12-20,-1.4364932143400924
2025-12-21,-1.0141591907505207
2025-12-22,-1.3831841115550862
2025-12-23,-1.1925430845734002
2025-12-24,-2.6063002826926813
2025-12-25,-2.22441011480893
2025-12-26,-2.1361339878913856
2025-12-27,-2.2134286035006356
2025-12-28,-1.2016865397268603
2025-12-29,-0.6456921004667462
2025-12-30,-1.0645172936641654
2025-12-31,-1.2930161741740265
