date,value
2015-02-18,3.7537654678940546
2015-02-19,3.6035784154135704
2015-02-20,3.4875440897655463
2015-02-21,3.4200340865123957
2015-02-22,3.4682369126172135
2015-02-23,3.4775466315655543
2015-02-24,3.46614385048179
2015-02-25,3.47274953146506
2015-02-26,3.4640318038294
2015-02-27,3.462273178982952
2015-02-28,3.542678438327695
2015-03-01,3.4870556160909376
2015-03-02,3.547719928452818
2015-03-03,3.483002096788366
2015-03-04,3.5493057140460302
2015-03-05,3.488780223182235
2015-03-06,3.4735580743132184
2015-03-07,3.4299453440782006
2015-03-08,3.461583187621919
2015-03-09,3.578886424232122
2015-03-10,3.5568887599601466
2015-03-11,3.610934613111257
2015-03-12,3.593653186457402
2015-03-13,3.5986553931132725
2015-03-14,3.5431935982958196
2015-03-15,3.5889355600799675
2015-03-16,3.562814246627087
2015-03-17,3.4882290073200126
2015-03-18,3.618885270454579
2015-03-19,3.6104288363810033
2015-03-20,3.482587462251921
2015-03-21,3.4545280872408273
2015-03-22,3.48101960793395
2015-03-23,3.5337494425851363
2015-03-24,3.2494116189807056
2015-03-25,3.4216052654071065
2015-03-26,3.4401024813281755
2015-03-27,3.498957800439634
2015-03-28,3.3815822850095056
2015-03-29,3.49176904812893
2015-03-30,3.5207856410627896
2015-03-31,3.5154948001245323
2015-04-01,3.49681807420539
2015-04-02,3.5390927288800933
2015-04-03,3.6273619829763417
2015-04-04,3.621123593356203
2015-04-05,3.5965313299204618
2015-04-06,3.5710741835253232
2015-04-07,3.5340329607545935
2015-04-08,3.495514669392624
2015-04-09,3.5119782942905657
2015-04-10,3.440966322738748
2015-04-11,3.360975812080725
2015-04-12,3.2450158124718973
2015-04-13,3.4662498385574496
2015-04-14,3.4454404296405308
2015-04-15,3.4230887418722986
2015-04-16,3.5067583788297383
2015-04-17,3.582757258657328
2015-04-18,3.449747467223962
2015-04-19,3.412197791300076
2015-04-20,3.4598567163027334
2015-04-21,3.4791593395985
2015-04-22,3.500311944353715
2015-04-23,3.5979427053637894
2015-04-24,3.4468744255591353
2015-04-25,3.533601735811954
2015-04-26,3.4863327575133423
2015-04-27,3.530897919097691
2015-04-28,3.578182922382739
2015-04-29,3.701001686906177
2015-04-30,3.665404286216018
2015-05-01,3.5934916385321327
2015-05-02,3.570227836040794
2015-05-03,3.4877375914738273
2015-05-04,3.493321076374623
2015-05-05,3.4364879364227683
2015-05-06,3.4656041183677293
2015-05-07,3.58998231598292
2015-05-08,3.3726840273502923
2015-05-09,3.4464386736190997
2015-05-10,3.5044849363204458
2015-05-11,3.238628627344217
2015-05-12,3.281208531261203
2015-05-13,3.3958503066090473
2015-05-14,3.426152255135889
2015-05-15,3.5665802132262145
2015-05-16,3.4854500937810915
2015-05-17,3.479354053901766
2015-05-18,3.600166624361183
2015-05-19,3.5515072506192107
2015-05-20,3.506441498611584
2015-05-21,3.5265941956627698
2015-05-22,3.475955322444685
2015-05-23,3.5305883998841976
2015-05-24,3.47385573966218
2015-05-25,3.461393712580732
2015-05-26,3.5095049199346016
2015-05-27,3.434726227086952
2015-05-28,3.453455966181816
2015-05-29,3.452139012762708
2015-05-30,3.4336459004456095
2015-05-31,3.408578148980559
2015-06-01,3.3618176272107636
2015-06-02,3.2583433418642156
2015-06-03,3.3678015306554316
2015-06-04,3.510856098768866
2015-06-05,3.5586050400825378
2015-06-06,3.4448497033907897
2015-06-07,3.4158138438189747
2015-06-08,3.3896817225096085
2015-06-09,3.4766245126703725
2015-06-10,3.407009288572886
2015-06-11,3.3761183370616004
2015-06-12,3.541205463882345
2015-06-13,3.488133662474832
2015-06-14,3.442747471965139
2015-06-15,3.4628386297970883
2015-06-16,3.581794425848205
2015-06-17,3.539927510409205
2015-06-18,3.6084866190796454
2015-06-19,3.536054165327248
2015-06-20,3.476079430323526
2015-06-21,3.322386524712548
2015-06-22,3.395052504811782
2015-06-23,3.3695024384342074
2015-06-24,3.3784966585480207
2015-06-25,3.535208635306381
2015-06-26,3.598456443395499
2015-06-27,3.571615276613179
2015-06-28,3.5717853237538097
2015-06-29,3.565023719454125
2015-06-30,3.542576879027249
2015-07-01,3.501139605610185
2015-07-02,3.494357534347656
2015-07-03,3.605892844789763
2015-07-04,3.5568098572588323
2015-07-05,3.392547209341206
2015-07-06,3.283562650621438
2015-07-07,3.3859605746018713
2015-07-08,3.483396269534945
2015-07-09,3.5626945331821855
2015-07-10,3.517763419888799
2015-07-11,3.5240917575109685
2015-07-12,3.4913324857158163
2015-07-13,3.5103636690027327
2015-07-14,3.4608429559744396
2015-07-15,3.5271644654221386
2015-07-16,3.6211577928674132
2015-07-17,3.5805202876578845
2015-07-18,3.4579934639931413
2015-07-19,3.549595309360754
2015-07-20,3.509792487960714
2015-07-21,3.5082499487372334
2015-07-22,3.528332764799294
2015-07-23,3.483139419000107
2015-07-24,3.482605401299881
2015-07-25,3.404789060157193
2015-07-26,3.4036504122593487
2015-07-27,3.5383435649447255
2015-07-28,3.5002509347437676
2015-07-29,3.503294650422562
2015-07-30,3.5611716005495446
2015-07-31,3.561797373912435
2015-08-01,3.3941526529883284
2015-08-02,3.476198145271355
2015-08-03,3.5503652319772123
2015-08-04,3.467199706143752
2015-08-05,3.5731420740199784
2015-08-06,3.586061960936462
2015-08-07,3.550375616234153
2015-08-08,3.5471099351227484
2015-08-09,3.5386212871436156
2015-08-10,3.547928631663925
2015-08-11,3.5710911236682934
2015-08-12,3.6447638038658816
2015-08-13,3.5966325759895064
2015-08-14,3.506695171174169
2015-08-15,3.5184674462481826
2015-08-16,3.5714710757629184
2015-08-17,3.5793546663242775
2015-08-18,3.6037447408683563
2015-08-19,3.589226822558074
2015-08-20,3.557042395979974
2015-08-21,3.5174197069555753
2015-08-22,3.45781297555313
2015-08-23,3.482342905511912
2015-08-24,3.390870206406342
2015-08-25,3.4423958174073093
2015-08-26,3.4964943551897747
2015-08-27,3.5470210096547143
2015-08-28,3.4731836434882384
2015-08-29,3.2628075270612236
2015-08-30,3.341491221349453
2015-08-31,3.442302871187612
2015-09-01,3.452743936499765
2015-09-02,3.595173282944947
2015-09-03,3.538714362266539
2015-09-04,3.3809869534800217
2015-09-05,3.52451697342483
2015-09-06,3.4796174935049655
2015-09-07,3.4370814971427093
2015-09-08,3.455024762449192
2015-09-09,3.431302485397187
2015-09-10,3.4517273913231494
2015-09-11,3.4815588892128617
2015-09-12,3.3511851906652392
2015-09-13,3.29116402111289
2015-09-14,3.46276271914907
2015-09-15,3.4706853796504187
2015-09-16,3.486716858903139
2015-09-17,3.5322982179070044
2015-09-18,3.50610765524824
2015-09-19,3.4017198446883663
2015-09-20,3.3101735251467743
2015-09-21,3.4367141199928364
2015-09-22,3.514132425245542
2015-09-23,3.5799107821812153
2015-09-24,3.4587650964647363
2015-09-25,3.445974073379687
2015-09-26,3.4549795591472594
2015-09-27,3.4742717278079813
2015-09-28,3.3982356469622608
2015-09-29,3.5050002457116927
2015-09-30,3.6490237229102767
2015-10-01,3.4565297583123975
2015-10-02,3.2903583994682557
2015-10-03,3.4289720175128333
2015-10-04,3.4520814504623356
2015-10-05,3.5327473046985896
2015-10-06,3.5163653883632366
2015-10-07,3.564110504054891
2015-10-08,3.5167120788616604
2015-10-09,3.5293830342299843
2015-10-10,3.357561381240945
2015-10-11,3.436998654126822
2015-10-12,3.5703035843898396
2015-10-13,3.5396898396213023
2015-10-14,3.5804032854673484
2015-10-15,3.583705158580188
2015-10-16,3.536402804163209
2015-10-17,3.487422775119415
2015-10-18,3.501555987277543
2015-10-19,3.532339823791051
2015-10-20,3.4840480153577063
2015-10-21,3.409160188023892
2015-10-22,3.445587712975228
2015-10-23,3.478731587491499
2015-10-24,3.392951150093657
2015-10-25,3.4247447976987098
2015-10-26,3.389038676366018
2015-10-27,3.3299555622052175
2015-10-28,3.314376428984301
2015-10-29,3.4017066328033776
2015-10-30,3.4079103351128066
2015-10-31,3.550009141477486
2015-11-01,3.514597406688366
2015-11-02,3.494172365952369
2015-11-03,3.5075241356378073
2015-11-04,3.553302762274388
2015-11-05,3.4951508791152017
2015-11-06,3.5352820138401206
2015-11-07,3.4996556090483284
2015-11-08,3.4347552996102735
2015-11-09,3.4512185735895513
2015-11-10,3.498573571198368
2015-11-11,3.5057004834714753
2015-11-12,3.515951325461593
2015-11-13,3.5842582459425705
2015-11-14,3.6213596184256494
2015-11-15,3.6389198700967897
2015-11-16,3.688722045252881
2015-11-17,3.673374931433992
2015-11-18,3.7127987705800183
2015-11-19,3.699796436258781
2015-11-20,3.6767482666939144
2015-11-21,3.689786297864363
2015-11-22,3.6936249392437865
2015-11-23,3.666713782940193
2015-11-24,3.6418006330853308
2015-11-25,3.615326369557671
2015-11-26,3.5545885477642942
2015-11-27,3.6591675642327917
2015-11-28,3.592249228373726
2015-11-29,3.516387451719725
2015-11-30,3.345971428194233
2015-12-01,3.4280461779925018
2015-12-02,3.5293799862000834
2015-12-03,3.51077485822164
2015-12-04,3.5555388656907603
2015-12-05,3.5396741922525665
2015-12-06,3.5352155238191236
2015-12-07,3.5717664956252744
2015-12-08,3.599787208728284
2015-12-09,3.5905129313641115
2015-12-10,3.6163037093728834
2015-12-11,3.589086002224184
2015-12-12,3.5389394952754376
2015-12-13,3.5635847264333207
2015-12-14,3.5377089386904195
2015-12-15,3.5616128088565344
2015-12-16,3.619050047300096
2015-12-17,3.6287851685654604
2015-12-18,3.6557715905865615
2015-12-19,3.506023224340018
2015-12-20,3.4862222939674226
2015-12-21,3.565492584809512
2015-12-22,3.620832581154938
2015-12-23,3.622945921167157
2015-12-24,3.656628181698813
2015-12-25,3.6008731730429293
2015-12-26,3.630659478789172
2015-12-27,3.6120914216502165
2015-12-28,3.6470723804880807
2015-12-29,3.6371747691726903
2015-12-30,3.640490286075768
2015-12-31,3.7176219161555046
2016-01-01,3.7072635794508533
2016-01-02,3.6609187852426675
2016-01-03,3.6364649758339334
2016-01-04,3.646733771740258
2016-01-05,3.6261981320080503
2016-01-06,3.643226584230909
2016-01-07,3.6761567440861396
2016-01-08,3.6550939757722958
2016-01-09,3.595967665408399
2016-01-10,3.575612473386811
2016-01-11,3.650164432249093
2016-01-12,3.6463301489151245
2016-01-13,3.620378724416263
2016-01-14,3.6683343640076886
2016-01-15,3.6912999166723526
2016-01-16,3.6717799491350847
2016-01-17,3.641581645145007
2016-01-18,3.597906484198043
2016-01-19,3.5663212463305434
2016-01-20,3.463588755982806
2016-01-21,3.4731789788220855
2016-01-22,3.5781304302476995
2016-01-23,3.4862524347648347
2016-01-24,3.365228960078503
2016-01-25,3.434034421171274
2016-01-26,3.521484412983419
2016-01-27,3.536156413735494
2016-01-28,3.5441430186138856
2016-01-29,3.5546783061271228
2016-01-30,3.4896133408198646
2016-01-31,3.5516526110097377
2016-02-01,3.4685771260412426
2016-02-02,3.5132240683293023
2016-02-03,3.584822138900776
2016-02-04,3.6360022636630243
2016-02-05,3.573430336302761
2016-02-06,3.6458072672245394
2016-02-07,3.6268973817201298
2016-02-08,3.6354518617838214
2016-02-09,3.6076921486039635
2016-02-10,3.662719502806385
2016-02-11,3.5922510160191194
2016-02-12,3.627624197068551
2016-02-13,3.616949266075784
2016-02-14,3.58859024975211
2016-02-15,3.531390762751859
2016-02-16,3.5504889539336615
2016-02-17,3.598989475076257
2016-02-18,3.5630159013746567
2016-02-19,3.490766620415727
2016-02-20,3.560725117495799
2016-02-21,3.4885349323832977
2016-02-22,3.506465825611287
2016-02-23,3.5245400521923314
2016-02-24,3.544617796766691
2016-02-25,3.580818768785282
2016-02-26,3.642167837304918
2016-02-27,3.507650326099015
2016-02-28,3.587648314921065
2016-02-29,3.5953612626649005
2016-03-01,3.6725275220070843
2016-03-02,3.647061902043846
2016-03-03,3.5297463098706943
2016-03-04,3.4176668702023916
2016-03-05,3.39345111889441
2016-03-06,3.5126083298683546
2016-03-07,3.5140738815404076
2016-03-08,3.600228106214316
2016-03-09,3.5814671085390803
2016-03-10,3.502487748688099
2016-03-11,3.445402639125532
2016-03-12,3.481050301647405
2016-03-13,3.4688521450276357
2016-03-14,3.535429096873301
2016-03-15,3.5986878439709344
2016-03-16,3.633226665653748
2016-03-17,3.672176922891964
2016-03-18,3.623174785929969
2016-03-19,3.688015516468226
2016-03-20,3.717678384955585
2016-03-21,3.659202636440971
2016-03-22,3.7117091123962838
2016-03-23,3.722395731686174
2016-03-24,3.7300883875365574
2016-03-25,3.7095043535526844
2016-03-26,3.709481161246333
2016-03-27,3.720387735799057
2016-03-28,3.736952044306327
2016-03-29,3.6526477244400657
2016-03-30,3.732165587945226
2016-03-31,3.7337965526324446
2016-04-01,3.659595673502864
2016-04-02,3.6567466317770245
2016-04-03,3.61057483101985
2016-04-04,3.6274108284284945
2016-04-05,3.6768919971962943
2016-04-06,3.642590559083957
2016-04-07,3.583747327169116
2016-04-08,3.556231297206231
2016-04-09,3.6489326524308376
2016-04-10,3.669478201346673
2016-04-11,3.610451080327814
2016-04-12,3.638073040129347
2016-04-13,3.7038980688134466
2016-04-14,3.5856174284208824
2016-04-15,3.528373036847414
2016-04-16,3.3294947346428003
2016-04-17,3.2712219456850447
2016-04-18,3.427318402191149
2016-04-19,3.4512020170404187
2016-04-20,3.4899305327904178
2016-04-21,3.4610788888894466
2016-04-22,3.358567261212452
2016-04-23,3.3589342686461996
2016-04-24,3.4421039600808845
2016-04-25,3.5158837349334053
2016-04-26,3.574366585866368
2016-04-27,3.6139642190681216
2016-04-28,3.691355684629501
2016-04-29,3.665673483811517
2016-04-30,3.6878405328007284
2016-05-01,3.646511910269787
2016-05-02,3.627585998965175
2016-05-03,3.5464189344124826
2016-05-04,3.505172461254088
2016-05-05,3.5102979576557756
2016-05-06,3.5771937319053264
2016-05-07,3.6142225554135203
2016-05-08,3.497051678480868
2016-05-09,3.485790699823836
2016-05-10,3.6048103779435228
2016-05-11,3.606129996579496
2016-05-12,3.6402075749080223
2016-05-13,3.527488044857916
2016-05-14,3.5080986389960422
2016-05-15,3.3135480274374602
2016-05-16,3.4374830878508913
2016-05-17,3.579865795032698
2016-05-18,3.6437344370019518
2016-05-19,3.57077547624816
2016-05-20,3.579365084346568
2016-05-21,3.516738234889064
2016-05-22,3.4752638999465297
2016-05-23,3.50222361651567
2016-05-24,3.5125388001174227
2016-05-25,3.620719930650407
2016-05-26,3.6558360487748045
2016-05-27,3.6456160140088025
2016-05-28,3.5605293944630207
2016-05-29,3.5200262590130955
2016-05-30,3.575755858853712
2016-05-31,3.5676092688233183
2016-06-01,3.5755887444503567
2016-06-02,3.5663735990130094
2016-06-03,3.3912471811482545
2016-06-04,3.5260179558297757
2016-06-05,3.5058979820535683
2016-06-06,3.6118924633013156
2016-06-07,3.598899162958109
2016-06-08,3.6029708628932156
2016-06-09,3.696502096617423
2016-06-10,3.5974253404113203
2016-06-11,3.5726881051768675
2016-06-12,3.612694177794503
2016-06-13,3.597699287728563
2016-06-14,3.651167411423176
2016-06-15,3.720530419171671
2016-06-16,3.6832773852280045
2016-06-17,3.619235640860642
2016-06-18,3.6445701991459445
2016-06-19,3.604471426600184
2016-06-20,3.6124388791798894
2016-06-21,3.6039096297599658
2016-06-22,3.5912610185483818
2016-06-23,3.640062444507925
2016-06-24,3.5103645948358446
2016-06-25,3.4215407799113002
2016-06-26,3.3885931063617334
2016-06-27,3.455799120085942
2016-06-28,3.513091283383783
2016-06-29,3.555578401077699
2016-06-30,3.58168371471055
2016-07-01,3.522706275827867
2016-07-02,3.452007180760243
2016-07-03,3.540549389225327
2016-07-04,3.422469704215785
2016-07-05,3.4707390835740393
2016-07-06,3.482270921269561
2016-07-07,3.5407565020950784
2016-07-08,3.496582981036191
2016-07-09,3.386030190043087
2016-07-10,3.5320566354188863
2016-07-11,3.479029039876866
2016-07-12,3.529345014298468
2016-07-13,3.5368824523676508
2016-07-14,3.5302781806394874
2016-07-15,3.626954885030035
2016-07-16,3.6564023161934776
2016-07-17,3.67087054119032
2016-07-18,3.63478101459004
2016-07-19,3.6268643083919003
2016-07-20,3.67263172670215
2016-07-21,3.7250444059380845
2016-07-22,3.697323295178955
2016-07-23,3.6465483373815557
2016-07-24,3.5946898814344372
2016-07-25,3.5971987301945942
2016-07-26,3.4555471140654412
2016-07-27,3.605444979341289
2016-07-28,3.610812754669659
2016-07-29,3.683226113508933
2016-07-30,3.6736578636746584
2016-07-31,3.4873058088378524
2016-08-01,3.53312228352333
2016-08-02,3.566875239753418
2016-08-03,3.6043555539649494
2016-08-04,3.677465359899908
2016-08-05,3.6719922712683584
2016-08-06,3.625614583440004
2016-08-07,3.6132133548764918
2016-08-08,3.589955859216248
2016-08-09,3.6150921298961713
2016-08-10,3.672055893294912
2016-08-11,3.588721942140872
2016-08-12,3.584085187154026
2016-08-13,3.646463995485527
2016-08-14,3.6513657880961086
2016-08-15,3.652730753039304
2016-08-16,3.6457778215316003
2016-08-17,3.4223280486289482
2016-08-18,3.4662886630858476
2016-08-19,3.5821749264571277
2016-08-20,3.6324326113212773
2016-08-21,3.6615073753651153
2016-08-22,3.556183023965965
2016-08-23,3.580323473671275
2016-08-24,3.670154097336021
2016-08-25,3.681105343556586
2016-08-26,3.7162607672064065
2016-08-27,3.7037918205787577
2016-08-28,3.621283282008404
2016-08-29,3.6414971439244916
2016-08-30,3.633476958362015
2016-08-31,3.603992296035047
2016-09-01,3.610640323500649
2016-09-02,3.6092340080670495
2016-09-03,3.5337496767615715
2016-09-04,3.510186455810673
2016-09-05,3.546085475401898
2016-09-06,3.540101821610288
2016-09-07,3.5836200860695953
2016-09-08,3.6385320271349486
2016-09-09,3.6786243191777968
2016-09-10,3.614605132121161
2016-09-11,3.6319022169088786
2016-09-12,3.548136697117148
2016-09-13,3.5455568970801044
2016-09-14,3.5674193137540664
2016-09-15,3.530319706483228
2016-09-16,3.591194181502181
2016-09-17,3.615304165408826
2016-09-18,3.5109612752651973
2016-09-19,3.600246268375617
2016-09-20,3.6083551342125997
2016-09-21,3.511131398372034
2016-09-22,3.5436614189235978
2016-09-23,3.5707168205436974
2016-09-24,3.552256407347636
2016-09-25,3.536380531997886
2016-09-26,3.5246605902229593
2016-09-27,3.5318410064284604
2016-09-28,3.5260691188453466
2016-09-29,3.497630590553011
2016-09-30,3.519221719509751
2016-10-01,3.6262891601117637
2016-10-02,3.560550385669637
2016-10-03,3.540710201858175
2016-10-04,3.55846847593717
2016-10-05,3.5351119980802888
2016-10-06,3.5595613933006045
2016-10-07,3.552986994617207
2016-10-08,3.686830471943841
2016-10-09,3.6734072471772614
2016-10-10,3.6063427837771362
2016-10-11,3.588848809754411
2016-10-12,3.6182770166659437
2016-10-13,3.5381514173607735
2016-10-14,3.491349969947353
2016-10-15,3.585122720320661
2016-10-16,3.554147377831697
2016-10-17,3.5531408018800814
2016-10-18,3.4822426996040536
2016-10-19,3.4508484690201757
2016-10-20,3.4875817282266284
2016-10-21,3.5754047024270896
2016-10-22,3.603381185182654
2016-10-23,3.6466012144952247
2016-10-24,3.6130324703311736
2016-10-25,3.5875087393195484
2016-10-26,3.607792340117166
2016-10-27,3.5569834971611427
2016-10-28,3.4790023323023367
2016-10-29,3.5469163979121165
2016-10-30,3.499801715723756
2016-10-31,3.623274794908446
2016-11-01,3.5353659448632397
2016-11-02,3.6474669238874347
2016-11-03,3.5869218124686078
2016-11-04,3.5632252684506973
2016-11-05,3.6085576175535214
2016-11-06,3.597955844503321
2016-11-07,3.5241924009154806
2016-11-08,3.496224297365398
2016-11-09,3.550622518379468
2016-11-10,3.619303198120506
2016-11-11,3.483996386294623
2016-11-12,3.555164957650743
2016-11-13,3.5537524313187614
2016-11-14,3.488679279366803
2016-11-15,3.5083107610432838
2016-11-16,3.496756191164998
2016-11-17,3.54980203121507
2016-11-18,3.4674460057008236
2016-11-19,3.5890493761002853
2016-11-20,3.511097209571013
2016-11-21,3.61959030431731
2016-11-22,3.6158657234086578
2016-11-23,3.593672172533524
2016-11-24,3.5956525576683123
2016-11-25,3.6974933367691274
2016-11-26,3.5645277337824806
2016-11-27,3.5620518526574916
2016-11-28,3.566091159906009
2016-11-29,3.5026914411214483
2016-11-30,3.5645393189513244
2016-12-01,3.5912167490375344
2016-12-02,3.6432732851001415
2016-12-03,3.504631891897615
2016-12-04,3.4828016776876236
2016-12-05,3.6780480861872027
2016-12-06,3.6438358443252117
2016-12-07,3.5016600646900606
2016-12-08,3.5211421402134913
2016-12-09,3.608887750150581
2016-12-10,3.5722422673891168
2016-12-11,3.5310953970624896
2016-12-12,3.6648618920089664
2016-12-13,3.6203327838233545
2016-12-14,3.6779713111252006
2016-12-15,3.6418411908064785
2016-12-16,3.6076595595247625
2016-12-17,3.6868628924284494
2016-12-18,3.6936118911348563
2016-12-19,3.6825640142962057
2016-12-20,3.6834671208076264
2016-12-21,3.745292377921681
2016-12-22,3.6866488462631275
2016-12-23,3.6323404008030318
2016-12-24,3.680123801218439
2016-12-25,3.641646512022871
2016-12-26,3.604343726258834
2016-12-27,3.5738525118954665
2016-12-28,3.590609033417699
2016-12-29,3.6651907725379194
2016-12-30,3.625954815748543
2016-12-31,3.7580562268057642
2017-01-01,3.629233119126701
2017-01-02,3.590044257595705
2017-01-03,3.6095753985812133
2017-01-04,3.619285930824926
2017-01-05,3.6182410951212596
2017-01-06,3.6756793742994898
2017-01-07,3.5558457048066763
2017-01-08,3.5085358570179235
2017-01-09,3.5662766619277466
2017-01-10,3.5781366597299282
2017-01-11,3.498894065829423
2017-01-12,3.5585013580926534
2017-01-13,3.557112847761474
2017-01-14,3.5046099974765457
2017-01-15,3.5123053535509934
2017-01-16,3.5223504237388883
2017-01-17,3.5344031242457055
2017-01-18,3.5197892087203355
2017-01-19,3.5705741844192063
2017-01-20,3.502478108465318
2017-01-21,3.492520262830508
2017-01-22,3.5197915296005435
2017-01-23,3.4624277184980916
2017-01-24,3.5103043739331823
2017-01-25,3.519240763202267
2017-01-26,3.498416478182861
2017-01-27,3.482069147306519
2017-01-28,3.4564431525843404
2017-01-29,3.611216389888585
2017-01-30,3.6387047971518323
2017-01-31,3.6160850878638344
2017-02-01,3.556707967817601
2017-02-02,3.6011429132218704
2017-02-03,3.692847216107254
2017-02-04,3.691335110058621
2017-02-05,3.7408095011256437
2017-02-06,3.588146874711692
2017-02-07,3.571225803632033
2017-02-08,3.6355591039502646
2017-02-09,3.624333005457386
2017-02-10,3.700042272736233
2017-02-11,3.669493082958699
2017-02-12,3.713780662687362
2017-02-13,3.6366061320062872
2017-02-14,3.6150687798127077
2017-02-15,3.5641853313526166
2017-02-16,3.5230495166898015
2017-02-17,3.3488996390001358
2017-02-18,3.5099621588576424
2017-02-19,3.4854099511796983
2017-02-20,3.454488118546265
2017-02-21,3.537853908426476
2017-02-22,3.5645531809201154
2017-02-23,3.6131746976106673
2017-02-24,3.67162919495265
2017-02-25,3.5685455511704833
2017-02-26,3.6050472661262374
2017-02-27,3.615324889255517
2017-02-28,3.590978876862255
2017-03-01,3.610005814438468
2017-03-02,3.6658816128878957
2017-03-03,3.614662517490551
2017-03-04,3.5279318104019532
2017-03-05,3.5254910163021504
2017-03-06,3.614410433388126
2017-03-07,3.6517330602214804
2017-03-08,3.6275129095952403
2017-03-09,3.6080132140486327
2017-03-10,3.549731125454336
2017-03-11,3.526741912395931
2017-03-12,3.591704129810528
2017-03-13,3.6455867725853737
2017-03-14,3.6129808726908292
2017-03-15,3.6092952610408466
2017-03-16,3.630995401206248
2017-03-17,3.55898240987076
2017-03-18,3.5981452188859393
2017-03-19,3.6032966491784157
2017-03-20,3.632402219305024
2017-03-21,3.604875216085273
2017-03-22,3.655113363109247
2017-03-23,3.6180289241047117
2017-03-24,3.5500452614732216
2017-03-25,3.4900372691918267
2017-03-26,3.4108758462010886
2017-03-27,3.5462741516511267
2017-03-28,3.61379160084504
2017-03-29,3.5978692161366377
2017-03-30,3.452585586207226
2017-03-31,3.4939674563050587
2017-04-01,3.5453480255837984
2017-04-02,3.5439477478208765
2017-04-03,3.5881974344722516
2017-04-04,3.5770480203120605
2017-04-05,3.5477642538061818
2017-04-06,3.564915310800147
2017-04-07,3.5740698617744604
2017-04-08,3.6301935818586504
2017-04-09,3.5861304826844482
2017-04-10,3.532510548905145
2017-04-11,3.652928624962401
2017-04-12,3.5960116727847984
2017-04-13,3.613050433437606
2017-04-14,3.644511475191096
2017-04-15,3.6105158598086686
2017-04-16,3.612476662101912
2017-04-17,3.6446095970227503
2017-04-18,3.666405769852965
2017-04-19,3.6691438715442843
2017-04-20,3.658190160851093
2017-04-21,3.705247589263311
2017-04-22,3.7129141500461693
2017-04-23,3.6721031678126255
2017-04-24,3.6726274401794505
2017-04-25,3.6396616337076297
2017-04-26,3.641389909700968
2017-04-27,3.6939941417753968
2017-04-28,3.65833685860973
2017-04-29,3.617503504917767
2017-04-30,3.6430246602211804
2017-05-01,3.716107540823872
2017-05-02,3.6524480586459216
2017-05-03,3.608241566609548
2017-05-04,3.5328196675141306
2017-05-05,3.6551613868040915
2017-05-06,3.674467480934208
2017-05-07,3.6613767844904537
2017-05-08,3.552907888272959
2017-05-09,3.5837421417737008
2017-05-10,3.5722462209629513
2017-05-11,3.554859370221863
2017-05-12,3.548316691831089
2017-05-13,3.5428487355010807
2017-05-14,3.5177312498334574
2017-05-15,3.50294490386519
2017-05-16,3.544964233948006
2017-05-17,3.5486109622616646
2017-05-18,3.516182883186346
2017-05-19,3.5175112487739804
2017-05-20,3.490113480807458
2017-05-21,3.5103114019774457
2017-05-22,3.359660719129178
2017-05-23,3.5568292527506618
2017-05-24,3.5301123567286545
2017-05-25,3.361815560730323
2017-05-26,3.353550064502089
2017-05-27,3.3766429142259904
2017-05-28,3.454072432798714
2017-05-29,3.391296743593313
2017-05-30,3.524705181047426
2017-05-31,3.585194195261635
2017-06-01,3.6543817689030953
2017-06-02,3.6124966655772597
2017-06-03,3.5687113911663277
2017-06-04,3.62921665432811
2017-06-05,3.6289540049744717
2017-06-06,3.657859488229895
2017-06-07,3.636486374666845
2017-06-08,3.54191785712518
2017-06-09,3.5822750824797565
2017-06-10,3.576210915335167
2017-06-11,3.560981233659077
2017-06-12,3.514308224152734
2017-06-13,3.552100492017588
2017-06-14,3.497919561218944
2017-06-15,3.4699723909856925
2017-06-16,3.4837576051272303
2017-06-17,3.54796728764028
2017-06-18,3.597768090707248
2017-06-19,3.6058095399917507
2017-06-20,3.677172919312456
2017-06-21,3.6128307531885886
2017-06-22,3.599307262596391
2017-06-23,3.5005509997431354
2017-06-24,3.455956713896343
2017-06-25,3.498296607289321
2017-06-26,3.5243512327843867
2017-06-27,3.6128801536936184
2017-06-28,3.5538449199509845
2017-06-29,3.4791464495450604
2017-06-30,3.5522473756938813
2017-07-01,3.5007628969261506
2017-07-02,3.4554994919695914
2017-07-03,3.6189316443178763
2017-07-04,3.569305754133029
2017-07-05,3.5296657276813104
2017-07-06,3.5452176293008786
2017-07-07,3.517243754653757
2017-07-08,3.4774747439692
2017-07-09,3.5027385550700387
2017-07-10,3.5360985986917823
2017-07-11,3.5165582402532567
2017-07-12,3.534063560715091
2017-07-13,3.3451109987178502
2017-07-14,3.4033590052145444
2017-07-15,3.3637478227137136
2017-07-16,3.3179582102358722
2017-07-17,3.4027783423786095
2017-07-18,3.5251049998432746
2017-07-19,3.6496808376954055
2017-07-20,3.5794596780397803
2017-07-21,3.4904228293438
2017-07-22,3.483691197302911
2017-07-23,3.428952298073698
2017-07-24,3.4312988036277305
2017-07-25,3.5186088185677553
2017-07-26,3.5509365339807473
2017-07-27,3.581116309382245
2017-07-28,3.596327216640817
2017-07-29,3.596602910034618
2017-07-30,3.602754399650337
2017-07-31,3.5911845163855167
2017-08-01,3.5028212113389054
2017-08-02,3.566062002840579
2017-08-03,3.6567279535726076
2017-08-04,3.5888797366834644
2017-08-05,3.5347102747162555
2017-08-06,3.638171709967714
2017-08-07,3.635394489176359
2017-08-08,3.618898697987718
2017-08-09,3.7365361059227853
2017-08-10,3.707722879908712
2017-08-11,3.5815831400748923
2017-08-12,3.6359050651073304
2017-08-13,3.5956412796333708
2017-08-14,3.6998325266215444
2017-08-15,3.646243548525877
2017-08-16,3.617923322602693
2017-08-17,3.6252767443479694
2017-08-18,3.6570970487557983
2017-08-19,3.66415713230323
2017-08-20,3.6672864424469154
2017-08-21,3.654539668837662
2017-08-22,3.5386563895610603
2017-08-23,3.515562897435003
2017-08-24,3.4019890931047123
2017-08-25,3.4837208395059687
2017-08-26,3.50535677427113
2017-08-27,3.4534205678663805
2017-08-28,3.3107712685538107
2017-08-29,3.2758324021472625
2017-08-30,3.5937160692843824
2017-08-31,3.5326223649768496
2017-09-01,3.522685458124948
2017-09-02,3.455583489218899
2017-09-03,3.545204950991837
2017-09-04,3.49044868562636
2017-09-05,3.501689834031885
2017-09-06,3.5986577382851337
2017-09-07,3.5194462546371676
2017-09-08,3.5582536961520916
2017-09-09,3.577426843170878
2017-09-10,3.557652897029398
2017-09-11,3.599625651268825
2017-09-12,3.6688772389175734
2017-09-13,3.5983495383109436
2017-09-14,3.5725226371457257
2017-09-15,3.6275302606140287
2017-09-16,3.565146351451205
2017-09-17,3.606960750375795
2017-09-18,3.5117159860672107
2017-09-19,3.5254278718961833
2017-09-20,3.5470435203471506
2017-09-21,3.5940080502103187
2017-09-22,3.6190430107220766
2017-09-23,3.674451590997465
2017-09-24,3.55717695588788
2017-09-25,3.5449186101440233
2017-09-26,3.5334629052030317
2017-09-27,3.5163457532555826
2017-09-28,3.5321754882011223
2017-09-29,3.5227177520559736
2017-09-30,3.4104208385560173
2017-10-01,3.5377427603578226
2017-10-02,3.6020234585528774
2017-10-03,3.6375737182931545
2017-10-04,3.580236936912949
2017-10-05,3.549903259533036
2017-10-06,3.509510896102014
2017-10-07,3.4899328851355618
2017-10-08,3.5306176412961334
2017-10-09,3.5958328849357377
2017-10-10,3.657596570416437
2017-10-11,3.5579798598340844
2017-10-12,3.590202483147581
2017-10-13,3.538030626795198
2017-10-14,3.524914802742938
2017-10-15,3.6093817073100127
2017-10-16,3.5627179580052517
2017-10-17,3.574149939520088
2017-10-18,3.610936783586758
2017-10-19,3.5702588400895348
2017-10-20,3.5425675832721275
2017-10-21,3.495335381695539
2017-10-22,3.5716377855462818
2017-10-23,3.4983350162000755
2017-10-24,3.473384857400823
2017-10-25,3.5428412799565985
2017-10-26,3.521438818643236
2017-10-27,3.5427996312335654
2017-10-28,3.5838439251355707
2017-10-29,3.6061189757491987
2017-10-30,3.6373051826769376
2017-10-31,3.6301933733056506
2017-11-01,3.6109362348140674
2017-11-02,3.5997583467363103
2017-11-03,3.5870968662360965
2017-11-04,3.533527507550742
2017-11-05,3.594659818266259
2017-11-06,3.526862641066521
2017-11-07,3.5983384022658527
2017-11-08,3.5594100043491244
2017-11-09,3.452577212563736
2017-11-10,3.4764716395915847
2017-11-11,3.4349587175377723
2017-11-12,3.479176796363373
2017-11-13,3.5440494870945507
2017-11-14,3.556091994473647
2017-11-15,3.5067748608075964
2017-11-16,3.4005678843760623
2017-11-17,3.3999735647143865
2017-11-18,3.2721327538823606
2017-11-19,3.3384101607339276
2017-11-20,3.4600982499698776
2017-11-21,3.4429581792584623
2017-11-22,3.5011724712766674
2017-11-23,3.470791246133203
2017-11-24,3.508889107437032
2017-11-25,3.599224541138013
2017-11-26,3.638687994765747
2017-11-27,3.575528142832532
2017-11-28,3.4970941488110654
2017-11-29,3.512355477793518
2017-11-30,3.5246648059137433
2017-12-01,3.591929687203515
2017-12-02,3.470810342388978
2017-12-03,3.5258130505510596
2017-12-04,3.446953358906094
2017-12-05,3.5278235635717836
2017-12-06,3.496321413004325
2017-12-07,3.4522983398255604
2017-12-08,3.490330468107425
2017-12-09,3.411839472250228
2017-12-10,3.395407729715332
2017-12-11,3.49650288167203
2017-12-12,3.5549713347395193
2017-12-13,3.5449132477877843
2017-12-14,3.533705734730369
2017-12-15,3.5516684574139927
2017-12-16,3.4151507058841366
2017-12-17,3.4565485404910192
2017-12-18,3.6180559342728515
2017-12-19,3.6027841797321978
2017-12-20,3.550953829823407
2017-12-21,3.5780860622488757
2017-12-22,3.5554469884277253
2017-12-23,3.5439054263508343
2017-12-24,3.6462049477257272
2017-12-25,3.5639771779735456
2017-12-26,3.6151543468914986
2017-12-27,3.6750969783579914
2017-12-28,3.636717564781113
2017-12-29,3.658302501690502
2017-12-30,3.5604784961800897
2017-12-31,3.4922106514527282
2018-01-01,3.7094372451672477
2018-01-02,3.6143615623148704
2018-01-03,3.625147735217563
2018-01-04,3.636366262220205
2018-01-05,3.4087216286169677
2018-01-06,3.513469020388983
2018-01-07,3.4776106596760386
2018-01-08,3.5000376119496255
2018-01-09,3.5732721025199434
2018-01-10,3.5120535169806115
2018-01-11,3.5207982789275163
2018-01-12,3.570370830036699
2018-01-13,3.5391406075184664
2018-01-14,3.4728390451066247
2018-01-15,3.644845998118347
2018-01-16,3.515666263556872
2018-01-17,3.5546318530652776
2018-01-18,3.5181976574125953
2018-01-19,3.4890366084913618
2018-01-20,3.5351197083220223
2018-01-21,3.3980039461242866
2018-01-22,3.3553890379256623
2018-01-23,3.47229289502958
2018-01-24,3.453978593937341
2018-01-25,3.4822281638231862
2018-01-26,3.5698706881932822
2018-01-27,3.6287672663246546
2018-01-28,3.556103370797476
2018-01-29,3.6532710157001915
2018-01-30,3.553739381490476
2018-01-31,3.650836165137939
2018-02-01,3.658776405093819
2018-02-02,3.6539003486190373
2018-02-03,3.6892438602169415
2018-02-04,3.593821732368273
2018-02-05,3.6275222558123232
2018-02-06,3.6326647544774806
2018-02-07,3.5367207268109326
2018-02-08,3.5582991667145807
2018-02-09,3.578918488175896
2018-02-10,3.5066724481566416
2018-02-11,3.4661768700370175
2018-02-12,3.5612389569632765
2018-02-13,3.6056614589574543
2018-02-14,3.574305858420331
2018-02-15,3.6356162783048545
2018-02-16,3.5864890079974847
2018-02-17,3.5870764068897127
2018-02-18,3.5629821128562025
2018-02-19,3.6096005145290473
2018-02-20,3.604116585822972
2018-02-21,3.6117784577292946
2018-02-22,3.6348342707028514
2018-02-23,3.639737157869127
2018-02-24,3.560428750119438
2018-02-25,3.474144429506098
2018-02-26,3.5899282762120603
2018-02-27,3.5838162805000944
2018-02-28,3.5767768166835663
2018-03-01,3.563201160745985
2018-03-02,3.637856218883807
2018-03-03,3.593183976072183
2018-03-04,3.4965123957267945
2018-03-05,3.561132323374819
2018-03-06,3.5606016423663545
2018-03-07,3.543657314991253
2018-03-08,3.5490682084955565
2018-03-09,3.470557657154709
2018-03-10,3.3469471515939118
2018-03-11,3.4614272082322453
2018-03-12,3.4723978345836835
2018-03-13,3.507154652277158
2018-03-14,3.537185676667346
2018-03-15,3.646302961186472
2018-03-16,3.5758608095513553
2018-03-17,3.540295144248921
2018-03-18,3.5632993004072073
2018-03-19,3.58389336128626
2018-03-20,3.6829526215052555
2018-03-21,3.676020389912911
2018-03-22,3.7147423113161864
2018-03-23,3.6835374348763197
2018-03-24,3.6717699460770903
2018-03-25,3.5984613102903698
2018-03-26,3.685766487955476
2018-03-27,3.6034789703339585
2018-03-28,3.5666492206853926
2018-03-29,3.6280434763653515
2018-03-30,3.6782827388541612
2018-03-31,3.6700787155673416
2018-04-01,3.718247100266241
2018-04-02,3.647836919484336
2018-04-03,3.6530292634898163
2018-04-04,3.651394195642007
2018-04-05,3.6345249612634905
2018-04-06,3.608259909100565
2018-04-07,3.5952731129646995
2018-04-08,3.4062077695002695
2018-04-09,3.543289696822939
2018-04-10,3.552251898903327
2018-04-11,3.5734060357295463
2018-04-12,3.590989725625454
2018-04-13,3.563383240336871
2018-04-14,3.5521632136549313
2018-04-15,3.5189126454014845
2018-04-16,3.5890962919210403
2018-04-17,3.5737297838902875
2018-04-18,3.6139536240498455
2018-04-19,3.5858763773148503
2018-04-20,3.567604911404957
2018-04-21,3.473494183623572
2018-04-22,3.577132487345779
2018-04-23,3.538767272158817
2018-04-24,3.403793926804832
2018-04-25,3.4380467448934433
2018-04-26,3.4669756808739547
2018-04-27,3.469601733006904
2018-04-28,3.4351015591255427
2018-04-29,3.439782670531938
2018-04-30,3.5064484330578223
2018-05-01,3.559993655705216
2018-05-02,3.6276602024588382
2018-05-03,3.626766054796779
2018-05-04,3.594553705955913
2018-05-05,3.584684715716014
2018-05-06,3.641045857882712
2018-05-07,3.581392507573356
2018-05-08,3.5184326313607923
2018-05-09,3.460171441347734
2018-05-10,3.5038043596647745
2018-05-11,3.5555683115883085
2018-05-12,3.6111290462135845
2018-05-13,3.6498716450686093
2018-05-14,3.622807540082409
2018-05-15,3.522307554117468
2018-05-16,3.5105597151162855
2018-05-17,3.458561505461499
2018-05-18,3.5913635080508017
2018-05-19,3.552076354053295
2018-05-20,3.610702766613526
2018-05-21,3.5874636091627177
2018-05-22,3.667922476317654
2018-05-23,3.6057522141648937
2018-05-24,3.5489648962942626
2018-05-25,3.464320620906588
2018-05-26,3.590321392566702
2018-05-27,3.5285714507792374
2018-05-28,3.4518264528922193
2018-05-29,3.5171654632523865
2018-05-30,3.5495198677624082
2018-05-31,3.5452736516154926
2018-06-01,3.553542196305609
2018-06-02,3.5465545247634847
2018-06-03,3.5468430765031056
2018-06-04,3.582552799529147
2018-06-05,3.6103438476351224
2018-06-06,3.5157179199558586
2018-06-07,3.3832053962610993
2018-06-08,3.4497066506730043
2018-06-09,3.368541001931533
2018-06-10,3.443175843931404
2018-06-11,3.551854235816941
2018-06-12,3.5279729118441843
2018-06-13,3.5790783866861737
2018-06-14,3.568779971802111
2018-06-15,3.555787934990442
2018-06-16,3.531866606431473
2018-06-17,3.514749775276388
2018-06-18,3.507844270715916
2018-06-19,3.570154681577592
2018-06-20,3.486739077547908
2018-06-21,3.4915823293586716
2018-06-22,3.536180318026014
2018-06-23,3.4171649659749166
2018-06-24,3.511993363577283
2018-06-25,3.450171896783759
2018-06-26,3.3820705424531035
2018-06-27,3.4954220508075604
2018-06-28,3.5402702681780673
2018-06-29,3.5246010680949578
2018-06-30,3.5210746317081734
2018-07-01,3.5835429525771203
2018-07-02,3.6043375408122276
2018-07-03,3.558730804485907
2018-07-04,3.5920609312760132
2018-07-05,3.550720624187887
2018-07-06,3.5507113996585087
2018-07-07,3.6268843378931517
2018-07-08,3.57907302640892
2018-07-09,3.5741048430850078
2018-07-10,3.5936622585559475
2018-07-11,3.5170680024745677
2018-07-12,3.492198966062576
2018-07-13,3.54308471219876
2018-07-14,3.5828255648586773
2018-07-15,3.50158829483981
2018-07-16,3.596956284956752
2018-07-17,3.525836828155081
2018-07-18,3.553326369693521
2018-07-19,3.5724313251495046
2018-07-20,3.568512045352705
2018-07-21,3.480327747667665
2018-07-22,3.555671179046306
2018-07-23,3.5434771048342655
2018-07-24,3.623792906943901
2018-07-25,3.6122312782670893
2018-07-26,3.4921609279271846
2018-07-27,3.518920510355264
2018-07-28,3.544550328893326
2018-07-29,3.566128024369288
2018-07-30,3.5642990049157905
2018-07-31,3.5903297027789662
2018-08-01,3.6218774130377422
2018-08-02,3.5718124013071106
2018-08-03,3.4780983262252936
2018-08-04,3.517279280904835
2018-08-05,3.6083734285939273
2018-08-06,3.5656533189817035
2018-08-07,3.5636636936070487
2018-08-08,3.549608838772047
2018-08-09,3.6061809969650995
2018-08-10,3.5451016795080736
2018-08-11,3.5938035356535716
2018-08-12,3.524006956370515
2018-08-13,3.5610470726750774
2018-08-14,3.5636404797832943
2018-08-15,3.5093119145646128
2018-08-16,3.5050054328674816
2018-08-17,3.4603763519237773
2018-08-18,3.5084283295884617
2018-08-19,3.4569912360870134
2018-08-20,3.4825288770044667
2018-08-21,3.5712384627459466
2018-08-22,3.6256213601098235
2018-08-23,3.5758452656861937
2018-08-24,3.5659036761826313
2018-08-25,3.5942851922754366
2018-08-26,3.5203311685227874
2018-08-27,3.5794973897185627
2018-08-28,3.6009511625062003
2018-08-29,3.5231933636915342
2018-08-30,3.6101100793777956
2018-08-31,3.6297611135803187
2018-09-01,3.5315620215737415
2018-09-02,3.4892788891641993
2018-09-03,3.5572605167727915
2018-09-04,3.5613433269183834
2018-09-05,3.5407136736595124
2018-09-06,3.513054447026099
2018-09-07,3.469554482471366
2018-09-08,3.5358946651241014
2018-09-09,3.4364193587463063
2018-09-10,3.568464048703222
2018-09-11,3.5750419233832025
2018-09-12,3.5228775967587347
2018-09-13,3.6126150389817173
2018-09-14,3.4359383194809503
2018-09-15,3.499971555568645
2018-09-16,3.6197733372221346
2018-09-17,3.618258710779219
2018-09-18,3.613948853757291
2018-09-19,3.5957705965959272
2018-09-20,3.495905943075576
2018-09-21,3.5590069612876625
2018-09-22,3.5233842388031196
2018-09-23,3.471268057790138
2018-09-24,3.5504583462792736
2018-09-25,3.4879399093972596
2018-09-26,3.5265510014194645
2018-09-27,3.46706297619478
2018-09-28,3.5286902026725295
2018-09-29,3.53452776144228
2018-09-30,3.5550849728760476
2018-10-01,3.582135870909685
2018-10-02,3.644078705331539
2018-10-03,3.6525321928540895
2018-10-04,3.5854513902163347
2018-10-05,3.567374192756538
2018-10-06,3.5136920771999636
2018-10-07,3.4826552663714527
2018-10-08,3.5002683253210956
2018-10-09,3.487964899079233
2018-10-10,3.5090440284424993
2018-10-11,3.4600642926614733
2018-10-12,3.420972430992236
2018-10-13,3.4352425871754177
2018-10-14,3.5054414550436395
2018-10-15,3.524624141075102
2018-10-16,3.5464578642422238
2018-10-17,3.5900912099566527
2018-10-18,3.5530729665148413
2018-10-19,3.5604766920887525
2018-10-20,3.5632914282713415
2018-10-21,3.5762442180683065
2018-10-22,3.481669897234865
2018-10-23,3.5512689618609063
2018-10-24,3.5249313231199926
2018-10-25,3.5598626926548302
2018-10-26,3.5656248226694918
2018-10-27,3.3419078184423
2018-10-28,3.430221882123411
2018-10-29,3.506532652645369
2018-10-30,3.5153827350453373
2018-10-31,3.5460766831752606
2018-11-01,3.5322270647590592
2018-11-02,3.6054422790874776
2018-11-03,3.515915931222108
2018-11-04,3.4506777524120467
2018-11-05,3.5145550729377266
2018-11-06,3.623662026468801
2018-11-07,3.5956808985638595
2018-11-08,3.5257296049189955
2018-11-09,3.4709492493840064
2018-11-10,3.33442915261707
2018-11-11,3.2996857695302597
2018-11-12,3.3510941456668513
2018-11-13,3.433541409148502
2018-11-14,3.4779601921139056
2018-11-15,3.5517770492389875
2018-11-16,3.5373199648174394
2018-11-17,3.667136548840485
2018-11-18,3.583596848300469
2018-11-19,3.565210038773543
2018-11-20,3.591133653809136
2018-11-21,3.574137807554731
2018-11-22,3.5911445861394053
2018-11-23,3.572751683353329
2018-11-24,3.6895004440356742
2018-11-25,3.660821032340305
2018-11-26,3.597050753363507
2018-11-27,3.6775130976734545
2018-11-28,3.5939776660553657
2018-11-29,3.5504127335882667
2018-11-30,3.516430165550171
2018-12-01,3.620529966927643
2018-12-02,3.6259769253011473
2018-12-03,3.587716047903475
2018-12-04,3.655843587951789
2018-12-05,3.651596314639637
2018-12-06,3.7105125853526504
2018-12-07,3.751928216322638
2018-12-08,3.7188999121781636
2018-12-09,3.7358461793102613
2018-12-10,3.6867772158827936
2018-12-11,3.7006589193484944
2018-12-12,3.7593325371513595
2018-12-13,3.778512600516696
2018-12-14,3.6860515855442473
2018-12-15,3.724326208777647
2018-12-16,3.710989621481908
2018-12-17,3.694913686802278
2018-12-18,3.6841511524046884
2018-12-19,3.639846722537866
2018-12-20,3.725923353244641
2018-12-21,3.717895858428661
2018-12-22,3.709234971808342
2018-12-23,3.602147049825634
2018-12-24,3.615786793671788
2018-12-25,3.6035865853469695
2018-12-26,3.5868099459520977
2018-12-27,3.628111003143551
2018-12-28,3.615596498827963
2018-12-29,3.6712006194192885
2018-12-30,3.7034309339725544
2018-12-31,3.6475801741015617
2019-01-01,3.6816502867048975
2019-01-02,3.5781786491840752
2019-01-03,3.6100224542000143
2019-01-04,3.637855496219618
2019-01-05,3.6583312406876383
2019-01-06,3.658258116191854
2019-01-07,3.7081009153422446
2019-01-08,3.6397955386268186
2019-01-09,3.676544856690978
2019-01-10,3.6975062291214287
2019-01-11,3.6538890435321143
2019-01-12,3.7687573846970857
2019-01-13,3.711537355818595
2019-01-14,3.6465389152272256
2019-01-15,3.5589762555941955
2019-01-16,3.5522351036825084
2019-01-17,3.6371384725954234
2019-01-18,3.5167097764825175
2019-01-19,3.6084009901375853
2019-01-20,3.5251781169122944
2019-01-21,3.5022562176439114
2019-01-22,3.5587908314730745
2019-01-23,3.5445523721510623
2019-01-24,3.5378732781058
2019-01-25,3.5285299194245403
2019-01-26,3.595670257536774
2019-01-27,3.507249298044607
2019-01-28,3.5349293875535293
2019-01-29,3.5498471293598266
2019-01-30,3.588742929079511
2019-01-31,3.6131741875901677
2019-02-01,3.6096594280999907
2019-02-02,3.7276667646079464
2019-02-03,3.639059709798807
2019-02-04,3.512070324759451
2019-02-05,3.5615494406398285
2019-02-06,3.5493849417411236
2019-02-07,3.593527793400093
2019-02-08,3.607566771290437
2019-02-09,3.6764922410189262
2019-02-10,3.6912487424271294
2019-02-11,3.5841598594480595
2019-02-12,3.610721567036506
2019-02-13,3.5855443169608012
2019-02-14,3.5359273260325543
2019-02-15,3.49900130201302
2019-02-16,3.5570397722992615
2019-02-17,3.632427770121879
2019-02-18,3.613096051174409
2019-02-19,3.589801909878175
2019-02-20,3.5891888258836855
2019-02-21,3.59827945709606
2019-02-22,3.561060194249294
2019-02-23,3.538395922108812
2019-02-24,3.50226523394115
2019-02-25,3.603107509516574
2019-02-26,3.600163200174478
2019-02-27,3.5058315859322784
2019-02-28,3.620429307736552
2019-03-01,3.536292915923465
2019-03-02,3.5651579591002864
2019-03-03,3.5991927405461817
2019-03-04,3.6301738124581155
2019-03-05,3.656381956292435
2019-03-06,3.658921232538587
2019-03-07,3.621448946275748
2019-03-08,3.6487774890262115
2019-03-09,3.5600927353464193
2019-03-10,3.498958819105584
2019-03-11,3.4789152394132192
2019-03-12,3.540335693176151
2019-03-13,3.5247183809496123
2019-03-14,3.456584133047392
2019-03-15,3.6175417165451718
2019-03-16,3.682274281340093
2019-03-17,3.6566183756587765
2019-03-18,3.6801247155855714
2019-03-19,3.601302677946503
2019-03-20,3.6225674093837044
2019-03-21,3.5750132002731383
2019-03-22,3.5928183613329536
2019-03-23,3.665983881562336
2019-03-24,3.5665787182988167
2019-03-25,3.5859759458431073
2019-03-26,3.4396782867564615
2019-03-27,3.477574514068937
2019-03-28,3.5447319682620257
2019-03-29,3.5525130753023917
2019-03-30,3.598693193052212
2019-03-31,3.4338295506061454
2019-04-01,3.496855317928371
2019-04-02,3.4799011172629832
2019-04-03,3.5044837631388686
2019-04-04,3.5390239526529
2019-04-05,3.4043886243222374
2019-04-06,3.4786828118307582
2019-04-07,3.5511858407000845
2019-04-08,3.483685934463078
2019-04-09,3.349723751182625
2019-04-10,3.4533746507065874
2019-04-11,3.5566916412397784
2019-04-12,3.4508466775570334
2019-04-13,3.5269821917566584
2019-04-14,3.5719385280124305
2019-04-15,3.5719251880352134
2019-04-16,3.5032955771876084
2019-04-17,3.542510128668538
2019-04-18,3.511536527438842
2019-04-19,3.5921818707971447
2019-04-20,3.6176073001116227
2019-04-21,3.625268601059903
2019-04-22,3.621483742509014
2019-04-23,3.5663878246205263
2019-04-24,3.566338989298869
2019-04-25,3.627869350336997
2019-04-26,3.6110085931210323
2019-04-27,3.6349514358708914
2019-04-28,3.5285962626372047
2019-04-29,3.539831240800338
2019-04-30,3.586856037621048
2019-05-01,3.734922048455169
2019-05-02,3.6577250281705203
2019-05-03,3.626220260333695
2019-05-04,3.584744936603336
2019-05-05,3.5032582716955307
2019-05-06,3.595520487627889
2019-05-07,3.5797784462883837
2019-05-08,3.5250826570463136
2019-05-09,3.488842745800853
2019-05-10,3.4954059928637604
2019-05-11,3.5314886330728625
2019-05-12,3.6152535228949803
2019-05-13,3.557853719565027
2019-05-14,3.542052136002882
2019-05-15,3.441060792823246
2019-05-16,3.529861827787529
2019-05-17,3.5154658355964554
2019-05-18,3.5058567641220333
2019-05-19,3.451102872667455
2019-05-20,3.556382309984565
2019-05-21,3.494364183489665
2019-05-22,3.514711120194397
2019-05-23,3.546661613820879
2019-05-24,3.5858403210367373
2019-05-25,3.623546900604312
2019-05-26,3.6660394421214733
2019-05-27,3.6291767908369392
2019-05-28,3.588638929511847
2019-05-29,3.559271698135258
2019-05-30,3.5127615978162035
2019-05-31,3.5104627223808427
2019-06-01,3.5805797440301568
2019-06-02,3.4447341148754886
2019-06-03,3.430729200465154
2019-06-04,3.507008875074039
2019-06-05,3.405065025385107
2019-06-06,3.2057064877401715
2019-06-07,3.290608851619403
2019-06-08,3.3780988859544068
2019-06-09,3.4691616256366005
2019-06-10,3.5171158728271914
2019-06-11,3.537820322067323
2019-06-12,3.512470047304314
2019-06-13,3.4896936455191834
2019-06-14,3.504973633875031
2019-06-15,3.414856697559732
2019-06-16,3.4346473774884583
2019-06-17,3.4680276280189277
2019-06-18,3.4321868291849973
2019-06-19,3.430563112952305
2019-06-20,3.4279954365796907
2019-06-21,3.500399228928749
2019-06-22,3.405914251343209
2019-06-23,3.32166277674465
2019-06-24,3.4570727981509113
2019-06-25,3.516503654691532
2019-06-26,3.5002501677633986
2019-06-27,3.6171753712871375
2019-06-28,3.5371952038840004
2019-06-29,3.5149563505828674
2019-06-30,3.395088396096651
2019-07-01,3.5778047385089193
2019-07-02,3.508785149443722
2019-07-03,3.5213137424462215
2019-07-04,3.5011522598986127
2019-07-05,3.454643445757752
2019-07-06,3.4493112804965333
2019-07-07,3.37219973739946
2019-07-08,3.4612430175329596
2019-07-09,3.5238354098824622
2019-07-10,3.595794148208918
2019-07-11,3.6260096902406374
2019-07-12,3.5339510256878226
2019-07-13,3.581942282712019
2019-07-14,3.603150632978561
2019-07-15,3.539676673647607
2019-07-16,3.572897931088919
2019-07-17,3.5459453400813863
2019-07-18,3.4542902498480283
2019-07-19,3.507086734481548
2019-07-20,3.5130932826529984
2019-07-21,3.5847983365719878
2019-07-22,3.5619073840756563
2019-07-23,3.565869472031791
2019-07-24,3.6042065355362873
2019-07-25,3.624361991251498
2019-07-26,3.548163416098407
2019-07-27,3.440105659887856
2019-07-28,3.324910018927412
2019-07-29,3.480575074410999
2019-07-30,3.5180533827280294
2019-07-31,3.4939781051071663
2019-08-01,3.4388983174433356
2019-08-02,3.4867681382601745
2019-08-03,3.579421378190793
2019-08-04,3.4743182720940204
2019-08-05,3.491727295170952
2019-08-06,3.5378440737972046
2019-08-07,3.438865783119692
2019-08-08,3.576506616522266
2019-08-09,3.520380112085408
2019-08-10,3.4300552774181723
2019-08-11,3.361294623005711
2019-08-12,3.579411156143577
2019-08-13,3.547773374541169
2019-08-14,3.508062193279578
2019-08-15,3.5151009766840113
2019-08-16,3.4759856747312026
2019-08-17,3.426368837982299
2019-08-18,3.339233111236106
2019-08-19,3.281510282880265
2019-08-20,3.333876084974976
2019-08-21,3.228063512121632
2019-08-22,3.205825455504789
2019-08-23,3.2896632990616927
2019-08-24,3.2733172579384675
2019-08-25,3.096215604605574
2019-08-26,3.1233752759207523
2019-08-27,3.234877341248682
2019-08-28,3.344052970023149
2019-08-29,3.337628813736248
2019-08-30,3.399648507364811
2019-08-31,3.5693949890416325
2019-09-01,3.4319746641465936
2019-09-02,3.358929080427292
2019-09-03,3.410618933139536
2019-09-04,3.478223780897162
2019-09-05,3.4662362055560307
2019-09-06,3.5064707179720025
2019-09-07,3.399460109659193
2019-09-08,3.473706070048857
2019-09-09,3.401618709508149
2019-09-10,3.4424007759530486
2019-09-11,3.5522801847468912
2019-09-12,3.588570175386103
2019-09-13,3.5882347838375406
2019-09-14,3.42129902842266
2019-09-15,3.592952300676131
2019-09-16,3.471637488600434
2019-09-17,3.469047886514452
2019-09-18,3.4291808609719348
2019-09-19,3.4764829994488635
2019-09-20,3.5422635590658995
2019-09-21,3.5444833875211486
2019-09-22,3.5017320774946765
2019-09-23,3.5046588336771776
2019-09-24,3.585121011554449
2019-09-25,3.428195362415352
2019-09-26,3.507106870515775
2019-09-27,3.4555852330685446
2019-09-28,3.5045866684659517
2019-09-29,3.4910661620339543
2019-09-30,3.403179510531763
2019-10-01,3.491102645997289
2019-10-02,3.447347833781697
2019-10-03,3.5367652877458537
2019-10-04,3.5598755798884225
2019-10-05,3.5123197699599973
2019-10-06,3.5293587065292766
2019-10-07,3.5255476145257805
2019-10-08,3.5351000663049756
2019-10-09,3.529944629039271
2019-10-10,3.5264655000885767
2019-10-11,3.4934028847320855
2019-10-12,3.5619845651213597
2019-10-13,3.63998649412741
2019-10-14,3.5843242491964213
2019-10-15,3.567603224330664
2019-10-16,3.4994123844413387
2019-10-17,3.496323510395555
2019-10-18,3.5035885821332733
2019-10-19,3.4409981151406814
2019-10-20,3.452101043405311
2019-10-21,3.4203292820475224
2019-10-22,3.4166423764485985
2019-10-23,3.4224271008419813
2019-10-24,3.564439167872899
2019-10-25,3.6186867373037197
2019-10-26,3.435128379019389
2019-10-27,3.534069605717804
2019-10-28,3.5870228722455106
2019-10-29,3.560834476429098
2019-10-30,3.521124609638336
2019-10-31,3.5156547229260244
2019-11-01,3.561997994707277
2019-11-02,3.572897670707368
2019-11-03,3.5877887333226384
2019-11-04,3.4699583342849936
2019-11-05,3.531579447754287
2019-11-06,3.562144765933536
2019-11-07,3.5111482671152876
2019-11-08,3.5665388477272404
2019-11-09,3.569974674819346
2019-11-10,3.5885358872363655
2019-11-11,3.4943397609113336
2019-11-12,3.468107152398076
2019-11-13,3.5097563689962246
2019-11-14,3.56600849821991
2019-11-15,3.51821745002277
2019-11-16,3.6531232608192
2019-11-17,3.547783614708455
2019-11-18,3.4690178569613943
2019-11-19,3.504009591379123
2019-11-20,3.4714033973314202
2019-11-21,3.5576756174322712
2019-11-22,3.4955147220963063
2019-11-23,3.618140031178744
2019-11-24,3.5584452836894873
2019-11-25,3.6110641134148618
2019-11-26,3.631742721095367
2019-11-27,3.6831465639598493
2019-11-28,3.6672433166398024
2019-11-29,3.614360246078538
2019-11-30,3.576661270115261
2019-12-01,3.609763306126794
2019-12-02,3.51180361764149
2019-12-03,3.5060830024760006
2019-12-04,3.532260460400765
2019-12-05,3.6767793884945643
2019-12-06,3.5885418688138087
2019-12-07,3.5412012654312877
2019-12-08,3.551407730332898
2019-12-09,3.36730666206754
2019-12-10,3.474220237757545
2019-12-11,3.6532470458574133
2019-12-12,3.6281851634231663
2019-12-13,3.612001261955752
2019-12-14,3.528465962419472
2019-12-15,3.546817926959483
2019-12-16,3.6371384114320824
2019-12-17,3.6634540892800933
2019-12-18,3.5794387968700403
2019-12-19,3.5673835665745024
2019-12-20,3.660490333894753
2019-12-21,3.52429322041666
2019-12-22,3.6432728894920725
2019-12-23,3.6641990253083767
2019-12-24,3.5418647242510284
2019-12-25,3.5262804814792
2019-12-26,3.6133807680354324
2019-12-27,3.613667741913865
2019-12-28,3.6240494849827707
2019-12-29,3.6067009552353975
2019-12-30,3.6397317110954757
2019-12-31,3.53795872460887
2020-01-01,3.1658218199611174
2020-01-02,2.995602923729013
2020-01-03,1.5958857160413789
2020-01-04,2.615430957900092
2020-01-05,3.512571008549041
2020-01-06,3.6027069774822045
2020-01-07,3.5496736936487836
2020-01-08,3.6640551134080583
2020-01-09,3.6939978586802056
2020-01-10,3.6469902264024143
2020-01-11,3.6240898034617275
2020-01-12,3.596540255331919
2020-01-13,3.541240297147312
2020-01-14,3.572515455213181
2020-01-15,3.640701069435671
2020-01-16,3.6130681316981748
2020-01-17,3.5301084898578177
2020-01-18,3.567011001418213
2020-01-19,3.4433925158133487
2020-01-20,3.4639182481701334
2020-01-21,3.4897881311775176
2020-01-22,3.4960807672234306
2020-01-23,3.450140663298921
2020-01-24,3.5144523477410092
2020-01-25,3.4982901389495593
2020-01-26,3.4812843244928815
2020-01-27,3.4971219247085537
2020-01-28,3.592936762411638
2020-01-29,3.522826293747263
2020-01-30,3.598884171639993
2020-01-31,3.53401747127139
2020-02-01,3.650424380653566
2020-02-02,3.488468347696902
2020-02-03,3.5107914389968666
2020-02-04,3.5591408055930103
2020-02-05,3.4832351455617054
2020-02-06,3.561890026939097
2020-02-07,3.665552549261063
2020-02-08,3.421848105506631
2020-02-09,3.454972772244932
2020-02-10,3.5752427050375077
2020-02-11,3.5714850309544186
2020-02-12,3.540233858132248
2020-02-13,3.5224783212963375
2020-02-14,3.5570784016098167
2020-02-15,3.6047558456730235
2020-02-16,3.5692367381072003
2020-02-17,3.587598371231511
2020-02-18,3.6031942384439044
2020-02-19,3.565822992221193
2020-02-20,3.490576382026654
2020-02-21,3.4950567153067853
2020-02-22,3.395551114195948
2020-02-23,3.422394735970014
2020-02-24,3.541655723535403
2020-02-25,3.5348677283803243
2020-02-26,3.441839512999704
2020-02-27,3.5281737509034286
2020-02-28,3.466900495498509
2020-02-29,3.442049342216215
2020-03-01,3.442798292829535
2020-03-02,3.505530217799668
2020-03-03,3.495928012774913
2020-03-04,3.4934060031661422
2020-03-05,3.386629850736367
2020-03-06,3.456073128375329
2020-03-07,3.3885017177568457
2020-03-08,3.4407806290202494
2020-03-09,3.4373796596183133
2020-03-10,3.2965631110434575
2020-03-11,3.2320265689685668
2020-03-12,3.4455304203276356
2020-03-13,3.491829157666777
2020-03-14,3.4315934516869255
2020-03-15,3.448229320827667
2020-03-16,3.524421233002576
2020-03-17,3.558315881944295
2020-03-18,3.5699068671325715
2020-03-19,3.508482061543154
2020-03-20,3.4922893140386337
2020-03-21,3.620457506280822
2020-03-22,3.5807799924121726
2020-03-23,3.557503916906331
2020-03-24,3.5245134038979966
2020-03-25,3.518616422587889
2020-03-26,3.5836915430849565
2020-03-27,3.6024060735698757
2020-03-28,3.544199870699992
2020-03-29,3.4907211952758423
2020-03-30,3.526987892522967
2020-03-31,3.576398989152107
2020-04-01,3.5675256781878577
2020-04-02,3.5443758505566336
2020-04-03,3.5915933454052147
2020-04-04,3.568703967763009
2020-04-05,3.627068330203347
2020-04-06,3.604000106671696
2020-04-07,3.5343374491887265
2020-04-08,3.6492780990847766
2020-04-09,3.538719807429327
2020-04-10,3.566259288409578
2020-04-11,3.538960738767788
2020-04-12,3.5176860370104666
2020-04-13,3.5792640617230775
2020-04-14,3.565357671134662
2020-04-15,3.5435539496623347
2020-04-16,3.5941554227919337
2020-04-17,3.529103415710319
2020-04-18,3.5078969446414465
2020-04-19,3.4980428141203337
2020-04-20,3.611314833887053
2020-04-21,3.5764170747164985
2020-04-22,3.604950850470576
2020-04-23,3.5300999849694867
2020-04-24,3.613899255440571
2020-04-25,3.5583679235921872
2020-04-26,3.5414159706020665
2020-04-27,3.630746656616963
2020-04-28,3.594623380784568
2020-04-29,3.578253408427681
2020-04-30,3.4831812509064255
2020-05-01,3.585451428526011
2020-05-02,3.614188465927801
2020-05-03,3.609770946172462
2020-05-04,3.576157489366739
2020-05-05,3.526888996527259
2020-05-06,3.5452547012227575
2020-05-07,3.54880437202517
2020-05-08,3.5580387771521025
2020-05-09,3.5357092060894493
2020-05-10,3.5496356151958555
2020-05-11,3.5473866448610463
2020-05-12,3.6062396709121254
2020-05-13,3.612774877898328
2020-05-14,3.5757200556913795
2020-05-15,3.569042391362575
2020-05-16,3.6490210653866524
2020-05-17,3.5936204968026906
2020-05-18,3.5707500810687125
2020-05-19,3.595516827443454
2020-05-20,3.534568681669961
2020-05-21,3.572523687353887
2020-05-22,3.628990621378171
2020-05-23,3.5666065777792695
2020-05-24,3.547402238386756
2020-05-25,3.566212478691125
2020-05-26,3.6006966082147924
2020-05-27,3.68821617079933
2020-05-28,3.6224303500084662
2020-05-29,3.599572677308849
2020-05-30,3.5957888671841105
2020-05-31,3.5641764011293207
2020-06-01,3.540965116404505
2020-06-02,3.6301245371437623
2020-06-03,3.6919483219504707
2020-06-04,3.6804705342321062
2020-06-05,3.729117041704934
2020-06-06,3.6798309912789207
2020-06-07,3.653824719758429
2020-06-08,3.6708179319650323
2020-06-09,3.7140108851198823
2020-06-10,3.669394320987459
2020-06-11,3.681333959395372
2020-06-12,3.6371631952940895
2020-06-13,3.658077875429161
2020-06-14,3.6800991533558047
2020-06-15,3.637423343692062
2020-06-16,3.6625945368769566
2020-06-17,3.663864396670622
2020-06-18,3.598723417105286
2020-06-19,3.616877943910951
2020-06-20,3.6787505353401158
2020-06-21,3.6285418379959715
2020-06-22,3.6018334138188863
2020-06-23,3.6296234966647267
2020-06-24,3.574512287794062
2020-06-25,3.535429402517624
2020-06-26,3.5916004140307156
2020-06-27,3.5645216598433747
2020-06-28,3.554783630994298
2020-06-29,3.6026163531838358
2020-06-30,3.5304492475307723
2020-07-01,3.6054297852604247
2020-07-02,3.6668663622459916
2020-07-03,3.607986899472764
2020-07-04,3.6157779767096296
2020-07-05,3.521630527653142
2020-07-06,3.638359080937051
2020-07-07,3.690048528603192
2020-07-08,3.6481515745254387
2020-07-09,3.5928285037486867
2020-07-10,3.6261167954444424
2020-07-11,3.600153274130699
2020-07-12,3.5199261338035908
2020-07-13,3.5300581901414017
2020-07-14,3.5337298066014204
2020-07-15,3.51852486319095
2020-07-16,3.579069390296019
2020-07-17,3.610166718282898
2020-07-18,3.6023197594553142
2020-07-19,3.59722811166611
2020-07-20,3.6036777101772306
2020-07-21,3.537760136029192
2020-07-22,3.5847391209133925
2020-07-23,3.571522274172566
2020-07-24,3.55531848357649
2020-07-25,3.4677324995070964
2020-07-26,3.4791832013295574
2020-07-27,3.4449927434949243
2020-07-28,3.530221868614531
2020-07-29,3.545716256887294
2020-07-30,3.589902788056034
2020-07-31,3.56777939131732
2020-08-01,3.677073831515348
2020-08-02,3.548970121176619
2020-08-03,3.52021393854101
2020-08-04,3.580802903857477
2020-08-05,3.5672801346541916
2020-08-06,3.55097594040426
2020-08-07,3.5387143786038178
2020-08-08,3.639049760838022
2020-08-09,3.5810104917844194
2020-08-10,3.6495013146248967
2020-08-11,3.6205943614806544
2020-08-12,3.587208232399266
2020-08-13,3.459410566343549
2020-08-14,3.4305677915698003
2020-08-15,3.466001456957731
2020-08-16,3.5452638104013205
2020-08-17,3.540807398544529
2020-08-18,3.5467806589852233
2020-08-19,3.575765331948047
2020-08-20,3.5292861772451536
2020-08-21,3.5914828741607048
2020-08-22,3.6003121710650663
2020-08-23,3.597395207675939
2020-08-24,3.5500508211759843
2020-08-25,3.549023075665856
2020-08-26,3.625021510703494
2020-08-27,3.5305023998701737
2020-08-28,3.5787594213654716
2020-08-29,3.5274449978223283
2020-08-30,3.671768247597206
2020-08-31,3.5825359439153748
2020-09-01,3.5867364474699244
2020-09-02,3.5752920165757214
2020-09-03,3.5632511357617402
2020-09-04,3.58509202574602
2020-09-05,3.5776209901514675
2020-09-06,3.594270885470327
2020-09-07,3.546025840385216
2020-09-08,3.5415832924697437
2020-09-09,3.578991934382204
2020-09-10,3.4757513581785635
2020-09-11,3.538179383801375
2020-09-12,3.605857411698784
2020-09-13,3.6570976396618042
2020-09-14,3.538735386230269
2020-09-15,3.574820422392928
2020-09-16,3.616320025375431
2020-09-17,3.6369813445155654
2020-09-18,3.5868730698324414
2020-09-19,3.5375929265653747
2020-09-20,3.558794345807232
2020-09-21,3.632515350630258
2020-09-22,3.6172199332657224
2020-09-23,3.5934262347278323
2020-09-24,3.683459606054364
2020-09-25,3.7277396184137515
2020-09-26,3.64957682735868
2020-09-27,3.626680687119364
2020-09-28,3.4970861343279847
2020-09-29,3.5027627802899457
2020-09-30,3.587736814273056
2020-10-01,3.583244497355355
2020-10-02,3.6073162747744982
2020-10-03,3.651222068326125
2020-10-04,3.62431580593896
2020-10-05,3.5896216010206854
2020-10-06,3.6249337184724904
2020-10-07,3.5831693070373323
2020-10-08,3.618801878513735
2020-10-09,3.444437058564387
2020-10-10,3.5468596518401916
2020-10-11,3.6132439309632898
2020-10-12,3.5839912325397156
2020-10-13,3.518095259006461
2020-10-14,3.653351213356875
2020-10-15,3.6842733619433075
2020-10-16,3.6547363018575556
2020-10-17,3.6252477017790077
2020-10-18,3.597750325198707
2020-10-19,3.668660125782877
2020-10-20,3.681787645466444
2020-10-21,3.639908912332655
2020-10-22,3.70471264584915
2020-10-23,3.5681372467150387
2020-10-24,3.610851368340482
2020-10-25,3.7372188399296395
2020-10-26,3.6956892495319718
2020-10-27,3.7706581375108397
2020-10-28,3.7339017783885575
2020-10-29,3.8017526466957112
2020-10-30,3.7254800368596745
2020-10-31,3.727142264939679
2020-11-01,3.7797303960273196
2020-11-02,3.7450121886453847
2020-11-03,3.7175357161144356
2020-11-04,3.7655110925350397
2020-11-05,3.768057540428475
2020-11-06,3.6260915733866153
2020-11-07,3.6517027241143682
2020-11-08,3.6623915253959334
2020-11-09,3.6179127935858406
2020-11-10,3.551255564497757
2020-11-11,3.467457851604256
2020-11-12,3.681823433663113
2020-11-13,3.5420720983210803
2020-11-14,3.215335648595342
2020-11-15,3.5758032515253975
2020-11-16,3.5712296186536836
2020-11-17,3.6449997986574636
2020-11-18,3.64254086601168
2020-11-19,3.577820797542428
2020-11-20,3.620121226413406
2020-11-21,3.6678851370331205
2020-11-22,3.711847295976875
2020-11-23,3.690162179885505
2020-11-24,3.6509439040154397
2020-11-25,3.6682095128763526
2020-11-26,3.656938629761629
2020-11-27,3.6825087105283867
2020-11-28,3.6929806624566113
2020-11-29,3.7347050592847224
2020-11-30,3.7106297224166442
2020-12-01,3.630198840756548
2020-12-02,3.5513164236333936
2020-12-03,3.581123773505629
2020-12-04,3.6807525163931043
2020-12-05,3.7211255631881994
2020-12-06,3.6768436374761704
2020-12-07,3.569714335293367
2020-12-08,3.5636742463183895
2020-12-09,3.606200012639399
2020-12-10,3.5821502927601996
2020-12-11,3.648557819748029
2020-12-12,3.6315502191607854
2020-12-13,3.6042377103074164
2020-12-14,3.5814591720553186
2020-12-15,3.656035175444144
2020-12-16,3.6584697234561236
2020-12-17,3.5323189816035683
2020-12-18,3.571863514282806
2020-12-19,3.618062613756589
2020-12-20,3.613840865974775
2020-12-21,3.5552651318803026
2020-12-22,3.573221219832362
2020-12-23,3.6675994642820147
2020-12-24,3.637354320332219
2020-12-25,3.601256279249487
2020-12-26,3.4947113324910903
2020-12-27,3.5314532413283173
2020-12-28,3.5949777390227875
2020-12-29,3.6315069584081856
2020-12-30,3.572725796052999
2020-12-31,3.57865450077015
2021-01-01,3.5719795309318987
2021-01-02,3.6251990694528033
2021-01-03,3.6496629380906604
2021-01-04,3.543595320415612
2021-01-05,3.609646095642687
2021-01-06,3.6309888176061524
2021-01-07,3.6512941695281076
2021-01-08,3.610956601205605
2021-01-09,3.6867823402612587
2021-01-10,3.6146014787364593
2021-01-11,3.5331012946965767
2021-01-12,3.5386678622113714
2021-01-13,3.65852414367522
2021-01-14,3.59992938433005
2021-01-15,3.6083323436417167
2021-01-16,3.6101487620430324
2021-01-17,3.60059674593034
2021-01-18,3.623159182010922
2021-01-19,3.6590731992089345
2021-01-20,3.598086856029808
2021-01-21,3.62071926439015
2021-01-22,3.5936715343649985
2021-01-23,3.6121180624224793
2021-01-24,3.5777375548457844
2021-01-25,3.5627394959860825
2021-01-26,3.625851161716323
2021-01-27,3.632951396921486
2021-01-28,3.595588802737619
2021-01-29,3.587181716357937
2021-01-30,3.6274493374800265
2021-01-31,3.6601640559673703
2021-02-01,3.5506699786970373
2021-02-02,3.614684902267032
2021-02-03,3.613378771803817
2021-02-04,3.617908980578697
2021-02-05,3.6394785663858302
2021-02-06,3.609125149662604
2021-02-07,3.544583194947668
2021-02-08,3.657151647952388
2021-02-09,3.614093405251908
2021-02-10,3.629150472608385
2021-02-11,3.552423099756431
2021-02-12,3.4924857819067388
2021-02-13,3.479021952697117
2021-02-14,3.5485834544338117
2021-02-15,3.5969661325936877
2021-02-16,3.6468359211977925
2021-02-17,3.6547031145571167
2021-02-18,3.6090435237848415
2021-02-19,3.428562105755272
2021-02-20,3.6112489781788115
2021-02-21,3.635065077172282
2021-02-22,3.652055973451547
2021-02-23,3.665658485952913
2021-02-24,3.6777480518670096
2021-02-25,3.6627516346203506
2021-02-26,3.599504031302386
2021-02-27,3.5726549049184197
2021-02-28,3.5942964205769856
2021-03-01,3.606430658619233
2021-03-02,3.6130210414520647
2021-03-03,3.7096421676315483
2021-03-04,3.6314262280130203
2021-03-05,3.626161395484116
2021-03-06,3.583079823890207
2021-03-07,3.5660903918552256
2021-03-08,3.666974123671615
2021-03-09,3.6839529481925157
2021-03-10,3.593431677889111
2021-03-11,3.570544440849541
2021-03-12,3.6136213513550617
2021-03-13,3.6839607928137372
2021-03-14,3.611651909115163
2021-03-15,3.6673145256838975
2021-03-16,3.519369159500958
2021-03-17,3.6166900159572566
2021-03-18,3.5939007521621433
2021-03-19,3.672727367540628
2021-03-20,3.5797484258924603
2021-03-21,3.6327823387991147
2021-03-22,3.625456909979766
2021-03-23,3.576494440774193
2021-03-24,3.595455798616691
2021-03-25,3.5854380262729526
2021-03-26,3.64698874831535
2021-03-27,3.5570295073682305
2021-03-28,3.618998293805678
2021-03-29,3.6922573666527234
2021-03-30,3.5677258667163048
2021-03-31,3.617035021851459
2021-04-01,3.6037607112129444
2021-04-02,3.5513707575079656
2021-04-03,3.4518024202963566
2021-04-04,3.6370756611225667
2021-04-05,3.6041611194105503
2021-04-06,3.599230639954228
2021-04-07,3.60670067977863
2021-04-08,3.651796367149751
2021-04-09,3.4824688036726346
2021-04-10,3.482556556795186
2021-04-11,3.478667079946334
2021-04-12,3.6687241911556856
2021-04-13,3.587139172012971
2021-04-14,3.63601346555519
2021-04-15,3.5734265745753695
2021-04-16,3.4599446171387482
2021-04-17,3.5578274160492396
2021-04-18,3.625236981403333
2021-04-19,3.629768609962338
2021-04-20,3.562316483363981
2021-04-21,3.604430484637764
2021-04-22,3.5834247884919392
2021-04-23,3.5979035993930046
2021-04-24,3.5298125071438333
2021-04-25,3.5997585186320373
2021-04-26,3.530366478428669
2021-04-27,3.683949688624807
2021-04-28,3.6988740609826936
2021-04-29,3.693427854951735
2021-04-30,3.6423560899380876
2021-05-01,3.5645923929473597
2021-05-02,3.670942023323678
2021-05-03,3.5777218654972986
2021-05-04,3.6049402908084227
2021-05-05,3.58111816436272
2021-05-06,3.648247589873131
2021-05-07,3.6320075710648854
2021-05-08,3.5651217163442954
2021-05-09,3.6073188997536394
2021-05-10,3.690924848409286
2021-05-11,3.6568714212378035
2021-05-12,3.6343333072610258
2021-05-13,3.612950334149648
2021-05-14,3.5575909976256797
2021-05-15,3.568828485416463
2021-05-16,3.558737569350312
2021-05-17,3.458231680865541
2021-05-18,3.489133844191832
2021-05-19,3.5086113341274547
2021-05-20,3.5444189613372603
2021-05-21,3.5111276994979965
2021-05-22,3.475481439394302
2021-05-23,3.4453863931779405
2021-05-24,3.5343263139296623
2021-05-25,3.6406531656295047
2021-05-26,3.614334650761634
2021-05-27,3.5809011624858726
2021-05-28,3.598576667626467
2021-05-29,3.611859977488094
2021-05-30,3.6692801809681233
2021-05-31,3.7055689912551566
2021-06-01,3.574608205530571
2021-06-02,3.553450902286274
2021-06-03,3.600225270710829
2021-06-04,3.627663148971198
2021-06-05,3.634068439019706
2021-06-06,3.561899281851129
2021-06-07,3.6243398298579432
2021-06-08,3.5419054328639263
2021-06-09,3.622773636141216
2021-06-10,3.6425644033348474
2021-06-11,3.5649445696933264
2021-06-12,3.418630925264864
2021-06-13,3.444142684296627
2021-06-14,3.46665738751603
2021-06-15,3.609278775381772
2021-06-16,3.5713598496116448
2021-06-17,3.557611380614555
2021-06-18,3.5101295399804147
2021-06-19,3.585926892826146
2021-06-20,3.496431668726996
2021-06-21,3.52298525744232
2021-06-22,3.635515818704338
2021-06-23,3.605850235792375
2021-06-24,3.4923603837055075
2021-06-25,3.411111347799042
2021-06-26,3.517535956332541
2021-06-27,3.477715543979396
2021-06-28,3.477422750029827
2021-06-29,3.551051671680798
2021-06-30,3.4882460269568765
2021-07-01,3.5266428959185063
2021-07-02,3.4778082892460045
2021-07-03,3.6105488195176
2021-07-04,3.4968005174362315
2021-07-05,3.498978663496015
2021-07-06,3.4887512985339866
2021-07-07,3.586726917779873
2021-07-08,3.5445929400341494
2021-07-09,3.531287480910535
2021-07-10,3.6065851644469205
2021-07-11,3.5414707143486233
2021-07-12,3.572056837759508
2021-07-13,3.5919961777876246
2021-07-14,3.5693292989984147
2021-07-15,3.6817416759707124
2021-07-16,3.5680941884045287
2021-07-17,3.575904806926377
2021-07-18,3.5854300840327444
2021-07-19,3.675345178577192
2021-07-20,3.695221215795833
2021-07-21,3.6259703668420835
2021-07-22,3.59169632789403
2021-07-23,3.6218196954880866
2021-07-24,3.5851098128460266
2021-07-25,3.689362088405556
2021-07-26,3.6180280190360086
2021-07-27,3.6455728194094523
2021-07-28,3.5300519621789013
2021-07-29,3.552237578107745
2021-07-30,3.5477588385003376
2021-07-31,3.585678264875499
2021-08-01,3.635827509628038
2021-08-02,3.6166324977328763
2021-08-03,3.5807014281043736
2021-08-04,3.5324929086904073
2021-08-05,3.5995613131362822
2021-08-06,3.603860252516099
2021-08-07,3.645109185804377
2021-08-08,3.6254624382165273
2021-08-09,3.5731595051496545
2021-08-10,3.4340542222579673
2021-08-11,3.546484430301329
2021-08-12,3.531545883467911
2021-08-13,3.569592132324653
2021-08-14,3.6337502833005453
2021-08-15,3.686201702975076
2021-08-16,3.657462092758011
2021-08-17,3.656901656770284
2021-08-18,3.577964290394441
2021-08-19,3.4630390823183594
2021-08-20,3.5442471113304594
2021-08-21,3.563454218284763
2021-08-22,3.5686095558425532
2021-08-23,3.580092419871953
2021-08-24,3.4560779125103673
2021-08-25,3.547202096574228
2021-08-26,3.531430565550565
2021-08-27,3.4717022676723257
2021-08-28,3.3988141652367534
2021-08-29,3.233926736397537
2021-08-30,3.457193830076317
2021-08-31,3.512955362146154
2021-09-01,3.487824048590985
2021-09-02,3.45988315033836
2021-09-03,3.4231183229416455
2021-09-04,3.5113336370919512
2021-09-05,3.5114331238506593
2021-09-06,3.544396129284796
2021-09-07,3.604262812039919
2021-09-08,3.558671165198123
2021-09-09,3.5259278108990637
2021-09-10,3.4751531466291903
2021-09-11,3.599479227576536
2021-09-12,3.4809555967313406
2021-09-13,3.5743455071565853
2021-09-14,3.5738765629835614
2021-09-15,3.65453772663562
2021-09-16,3.6100450847688923
2021-09-17,3.575641962147657
2021-09-18,3.4266612713815325
2021-09-19,3.469352712560351
2021-09-20,3.480521783371453
2021-09-21,3.485469800356148
2021-09-22,3.4400845332712544
2021-09-23,3.421031226907192
2021-09-24,3.4686684123145253
2021-09-25,3.540956194907776
2021-09-26,3.5165649317543237
2021-09-27,3.553850156166193
2021-09-28,3.6149337845565457
2021-09-29,3.5728047309499606
2021-09-30,3.6237397037502803
2021-10-01,3.5792253225170954
2021-10-02,3.540840224738863
2021-10-03,3.551561092831062
2021-10-04,3.542435214433798
2021-10-05,3.530493866220418
2021-10-06,3.4897738618026977
2021-10-07,3.5147805842323097
2021-10-08,3.5975060718392933
2021-10-09,3.5314745371180902
2021-10-10,3.5420332294658725
2021-10-11,3.4844080235333217
2021-10-12,3.523328203079504
2021-10-13,3.5637286998355764
2021-10-14,3.5745975242819847
2021-10-15,3.510924348019886
2021-10-16,3.537669741780035
2021-10-17,3.6030716226567128
2021-10-18,3.525204205369228
2021-10-19,3.5363018337691026
2021-10-20,3.541939228851599
2021-10-21,3.515271648988954
2021-10-22,3.4751551262040796
2021-10-23,3.477902002100408
2021-10-24,3.5278906974236617
2021-10-25,3.5216423016827103
2021-10-26,3.491492700513534
2021-10-27,3.5902628734277293
2021-10-28,3.602684454773956
2021-10-29,3.379887075071857
2021-10-30,3.227665114527772
2021-10-31,3.331428431531587
2021-11-01,3.4488074297095643
2021-11-02,3.447249325538381
2021-11-03,3.495897375824389
2021-11-04,3.4522210886561457
2021-11-05,3.4704442991485687
2021-11-06,3.429861082077841
2021-11-07,3.575139247851423
2021-11-08,3.573050994609089
2021-11-09,3.4724733481363828
2021-11-10,3.387504455383774
2021-11-11,3.353840933566977
2021-11-12,3.410368823574139
2021-11-13,3.407104209168838
2021-11-14,3.3514665940025106
2021-11-15,3.4008095900834685
2021-11-16,3.5246580662258005
2021-11-17,3.567052613625327
2021-11-18,3.5527850342558995
2021-11-19,3.5026792964090223
2021-11-20,3.614649057516301
2021-11-21,3.6508601429274385
2021-11-22,3.4784111692002035
2021-11-23,3.5359861590763164
2021-11-24,3.5444799226137906
2021-11-25,3.604586510076442
2021-11-26,3.603287412402438
2021-11-27,3.5901388678983674
2021-11-28,3.4044768253254567
2021-11-29,3.455894237581355
2021-11-30,3.3899522131573443
2021-12-01,3.4965737451238352
2021-12-02,3.546330722839883
2021-12-03,3.5054659514933593
2021-12-04,3.3453322812851636
2021-12-05,3.4616418269955793
2021-12-06,3.4774278989406153
2021-12-07,3.3788638389921584
2021-12-08,3.5651964306920694
2021-12-09,3.598334839910475
2021-12-10,3.42717744099565
2021-12-11,3.476832392769984
2021-12-12,3.495185947062873
2021-12-13,3.4906453923564382
2021-12-14,3.4869888197503056
2021-12-15,3.4515655414207314
2021-12-16,3.439696263968612
2021-12-17,3.533934334171705
2021-12-18,3.564245290282997
2021-12-19,3.3763430440308118
2021-12-20,3.472361546173811
2021-12-21,3.4862765594663228
2021-12-22,3.519029135863559
2021-12-23,3.5327292431728194
2021-12-24,3.4502245296894634
2021-12-25,3.544044655630907
2021-12-26,3.4910717609101307
2021-12-27,3.5609804748549134
2021-12-28,3.5022152648428313
2021-12-29,3.6022203276230904
2021-12-30,3.484486260229234
2021-12-31,3.569010406362738
2022-01-01,3.6288388738385593
2022-01-02,3.6213404278419095
2022-01-03,3.41243016026561
2022-01-04,3.5052564214086375
2022-01-05,3.5850202177912998
2022-01-06,3.627914578292383
2022-01-07,3.5572752412656636
2022-01-08,3.567571852901021
2022-01-09,3.586501281995705
2022-01-10,3.5961343952047335
2022-01-11,3.5440581971237894
2022-01-12,3.502050365983556
2022-01-13,3.630539213131892
2022-01-14,3.5352935094899784
2022-01-15,3.574832168915851
2022-01-16,3.5754151710825077
2022-01-17,3.570158441560596
2022-01-18,3.4545592793751654
2022-01-19,3.520967424948723
2022-01-20,3.529181391608545
2022-01-21,3.5093735602611136
2022-01-22,3.450493855652767
2022-01-23,3.600115447520143
2022-01-24,3.6222561375746336
2022-01-25,3.5210528358916116
2022-01-26,3.361528066003299
2022-01-27,3.3924289440137536
2022-01-28,3.33981412093142
2022-01-29,3.2817958453719664
2022-01-30,3.583438702355101
2022-01-31,3.505671007846538
2022-02-01,3.5392739530663637
2022-02-02,3.504004883607117
2022-02-03,3.367024020160733
2022-02-04,3.330117409349497
2022-02-05,3.4264306014933488
2022-02-06,3.396428917324367
2022-02-07,3.2470111535904302
2022-02-08,3.2435207326019264
2022-02-09,3.2797527036740086
2022-02-10,3.422934473589775
2022-02-11,3.283391818179942
2022-02-12,3.3282898103973415
2022-02-13,3.419508446256844
2022-02-14,3.5476639347659225
2022-02-15,3.462148706572282
2022-02-16,3.4660146937041674
2022-02-17,3.5353048832563445
2022-02-18,3.6226101879280295
2022-02-19,3.5864486018338106
2022-02-20,3.307656762282394
2022-02-21,3.2680803235139564
2022-02-22,3.516940912696897
2022-02-23,3.4908482964758663
2022-02-24,3.5468317484718996
2022-02-25,3.524667096005167
2022-02-26,3.6311117260321937
2022-02-27,3.603815181504959
2022-02-28,3.5085835111534416
2022-03-01,3.4984283304320196
2022-03-02,3.5833119821685653
2022-03-03,3.592623544089489
2022-03-04,3.5523666627687676
2022-03-05,3.510542110282839
2022-03-06,3.390417524653416
2022-03-07,3.449785267150329
2022-03-08,3.425476658351485
2022-03-09,3.5056603461620184
2022-03-10,3.4122801847498256
2022-03-11,3.430936779212558
2022-03-12,3.4188540651058177
2022-03-13,3.4125044400806552
2022-03-14,3.5171229740554226
2022-03-15,3.56903512515035
2022-03-16,3.571273556130344
2022-03-17,3.6087637924182174
2022-03-18,3.4960823559677103
2022-03-19,3.4158891310224075
2022-03-20,3.5023031906595983
2022-03-21,3.5146813222690163
2022-03-22,3.4853674571276287
2022-03-23,3.5346482276532076
2022-03-24,3.464609255959682
2022-03-25,3.5508259143498053
2022-03-26,3.4982252561546407
2022-03-27,3.497307898280696
2022-03-28,3.479340318218644
2022-03-29,3.3899745992967305
2022-03-30,3.5217995206854114
2022-03-31,3.5255354195807254
2022-04-01,3.5178020888997756
2022-04-02,3.434058829660353
2022-04-03,3.5702934810417197
2022-04-04,3.6208920285781523
2022-04-05,3.6806331422471525
2022-04-06,3.6074176846609665
2022-04-07,3.5556599028052687
2022-04-08,3.4697684091530143
2022-04-09,3.4580626300172135
2022-04-10,3.564888696236551
2022-04-11,3.560658511307513
2022-04-12,3.550127860518974
2022-04-13,3.636595242193615
2022-04-14,3.5837419970279467
2022-04-15,3.5352352986016147
2022-04-16,3.5565887739092634
2022-04-17,3.5421352552027816
2022-04-18,3.570248612078906
2022-04-19,3.546330124365686
2022-04-20,3.527508761495195
2022-04-21,3.5986580651934945
2022-04-22,3.657530729281385
2022-04-23,3.6025254963522695
2022-04-24,3.5677348317749082
2022-04-25,3.5383803788988755
2022-04-26,3.533526788749692
2022-04-27,3.604146353939569
2022-04-28,3.4930655891186566
2022-04-29,3.499431389057646
2022-04-30,3.510963785081551
2022-05-01,3.533262472727933
2022-05-02,3.516246657388076
2022-05-03,3.4718699240814543
2022-05-04,3.4237925255250925
2022-05-05,3.3668691418387664
2022-05-06,3.426532983382189
2022-05-07,3.4496413956687877
2022-05-08,3.477406616130232
2022-05-09,3.5607053779253697
2022-05-10,3.484692808691529
2022-05-11,3.5717654811143627
2022-05-12,3.528943255768591
2022-05-13,3.453127952627299
2022-05-14,3.477608049380933
2022-05-15,3.362166863359181
2022-05-16,3.510937240321756
2022-05-17,3.4694218168462685
2022-05-18,3.5369807425758557
2022-05-19,3.5713064906514345
2022-05-20,3.4703724598724146
2022-05-21,3.5016414446885706
2022-05-22,3.487272531135757
2022-05-23,3.6051915742498206
2022-05-24,3.608422534805853
2022-05-25,3.5654925457224897
2022-05-26,3.4750052575204227
2022-05-27,3.510278841827417
2022-05-28,3.422014182954104
2022-05-29,3.3997263364224777
2022-05-30,3.4470314610961186
2022-05-31,3.5211266686354588
2022-06-01,3.5769817976249563
2022-06-02,3.5261733261375987
2022-06-03,3.5703086768545207
2022-06-04,3.5323776376840668
2022-06-05,3.45939544407314
2022-06-06,3.428585221972978
2022-06-07,3.5208435970472767
2022-06-08,3.5032511679212686
2022-06-09,3.511624042094513
2022-06-10,3.4931240494263194
2022-06-11,3.5101849199811217
2022-06-12,3.425546102826594
2022-06-13,3.589943501317005
2022-06-14,3.479287590760014
2022-06-15,3.4641307176006
2022-06-16,3.258435750431206
2022-06-17,3.442007485675944
2022-06-18,3.3966350201261184
2022-06-19,3.464191419762863
2022-06-20,3.532602922093929
2022-06-21,3.537227576822834
2022-06-22,3.5976376982502365
2022-06-23,3.5315646962262806
2022-06-24,3.5476892019363366
2022-06-25,3.4927448685397535
2022-06-26,3.4237789085916233
2022-06-27,3.450955607690268
2022-06-28,3.46831792135614
2022-06-29,3.613619120994179
2022-06-30,3.557761415832915
2022-07-01,3.442645818935437
2022-07-02,3.3685177546800777
2022-07-03,3.3824522055025414
2022-07-04,3.516947629410202
2022-07-05,3.4100407534477073
2022-07-06,3.518601928088398
2022-07-07,3.491396842678549
2022-07-08,3.4338200939659913
2022-07-09,3.4752922219283118
2022-07-10,3.472070209899181
2022-07-11,3.5846915082711175
2022-07-12,3.545272719848007
2022-07-13,3.641577821619232
2022-07-14,3.565667039711503
2022-07-15,3.5246577958475016
2022-07-16,3.5473418092636866
2022-07-17,3.437532385092283
2022-07-18,3.5161920386536147
2022-07-19,3.4386643965619546
2022-07-20,3.5397247622712302
2022-07-21,3.470303575707758
2022-07-22,3.3618682619883504
2022-07-23,3.519363093198593
2022-07-24,3.549041490503353
2022-07-25,3.5052188916338096
2022-07-26,3.372046655132492
2022-07-27,3.4684472850087342
2022-07-28,3.337665210616893
2022-07-29,3.3295677824988252
2022-07-30,3.3712514385446575
2022-07-31,3.4154102868851224
2022-08-01,3.49080318385885
2022-08-02,3.5739587654780136
2022-08-03,3.540566320462595
2022-08-04,3.594051567793668
2022-08-05,3.561704442328162
2022-08-06,3.427114844395534
2022-08-07,3.5450601155209114
2022-08-08,3.543071309447307
2022-08-09,3.6129311615216713
2022-08-10,3.5687410214148407
2022-08-11,3.5539412004235595
2022-08-12,3.5726999845487963
2022-08-13,3.670543860709297
2022-08-14,3.464036750752422
2022-08-15,3.525123751521189
2022-08-16,3.570718812486941
2022-08-17,3.531950175398716
2022-08-18,3.700852616989725
2022-08-19,3.4506395857891015
2022-08-20,3.453939307956453
2022-08-21,3.375337108426625
2022-08-22,3.3566359135851553
2022-08-23,3.5280040465012212
2022-08-24,3.44858000989135
2022-08-25,3.3406708814257833
2022-08-26,3.470480598018956
2022-08-27,3.510727994410997
2022-08-28,3.430989014918765
2022-08-29,3.373424077744765
2022-08-30,3.4810297432360713
2022-08-31,3.452916425957795
2022-09-01,3.5126895286001307
2022-09-02,3.551048807903471
2022-09-03,3.621894604952078
2022-09-04,3.423342865274524
2022-09-05,3.4670182769491977
2022-09-06,3.466422107269821
2022-09-07,3.5426872257621476
2022-09-08,3.503968126274457
2022-09-09,3.358359403477206
2022-09-10,3.3431911138976593
2022-09-11,3.1114526492167287
2022-09-12,3.5017445644277156
2022-09-13,3.44910126607997
2022-09-14,3.5065707550348697
2022-09-15,3.5334345472683855
2022-09-16,3.4575733603385674
2022-09-17,3.4136603213071877
2022-09-18,3.2610643026684794
2022-09-19,3.3262585499045163
2022-09-20,3.4081259496031393
2022-09-21,3.4103921032467714
2022-09-22,3.3823959411537876
2022-09-23,3.513084602180944
2022-09-24,3.509280762031775
2022-09-25,3.5320666986001292
2022-09-26,3.5239706158348203
2022-09-27,3.3815182291325407
2022-09-28,3.4163810905986756
2022-09-29,3.4795896595428895
2022-09-30,3.5260582137062353
2022-10-01,3.524766156087839
2022-10-02,3.462991682454448
2022-10-03,3.5988137655380887
2022-10-04,3.530234945020335
2022-10-05,3.4952156191815487
2022-10-06,3.48057482630785
2022-10-07,3.5806903366533684
2022-10-08,3.5546550298198936
2022-10-09,3.3605783852135236
2022-10-10,3.4874332781150135
2022-10-11,3.5768305185579528
2022-10-12,3.562815421581777
2022-10-13,3.5636053915416475
2022-10-14,3.592621607967735
2022-10-15,3.55581037236648
2022-10-16,3.6680030298200053
2022-10-17,3.5724638716772272
2022-10-18,3.6161700027810313
2022-10-19,3.5545756909693447
2022-10-20,3.5937522865171787
2022-10-21,3.648266982467267
2022-10-22,3.5633985397439107
2022-10-23,3.2591643991657664
2022-10-24,3.3161314973797937
2022-10-25,3.401107530061041
2022-10-26,3.3793389532987392
2022-10-27,3.498920307206021
2022-10-28,3.440469096285903
2022-10-29,3.5259737649602854
2022-10-30,3.5577771708868875
2022-10-31,3.4683579677186542
2022-11-01,3.4650829028958405
2022-11-02,3.4708619307781587
2022-11-03,3.51095247285533
2022-11-04,3.470063513345661
2022-11-05,3.3331997687199464
2022-11-06,3.365634307571317
2022-11-07,3.4381711053513593
2022-11-08,3.4714915291502746
2022-11-09,3.540827041092105
2022-11-10,3.5066448808132678
2022-11-11,3.338226360784238
2022-11-12,3.41910191994361
2022-11-13,3.3982149948351057
2022-11-14,3.419083653091123
2022-11-15,3.376863448527363
2022-11-16,3.3854078625367854
2022-11-17,3.4737040032536535
2022-11-18,3.514969632712056
2022-11-19,3.4311048983531465
2022-11-20,3.4184489022869298
2022-11-21,3.5441755617404525
2022-11-22,3.4770025427294238
2022-11-23,3.491435339368236
2022-11-24,3.5282748242653916
2022-11-25,3.524639509578627
2022-11-26,3.5115363466648892
2022-11-27,3.3422756549549737
2022-11-28,3.490397045890989
2022-11-29,3.473028796355544
2022-11-30,3.436874071773291
2022-12-01,3.401942363150158
2022-12-02,3.4088153723661057
2022-12-03,3.2876961104209856
2022-12-04,3.421368806252179
2022-12-05,3.5490476795818826
2022-12-06,3.563871538287337
2022-12-07,3.5000515906978
2022-12-08,3.515194116395928
2022-12-09,3.4604472100437835
2022-12-10,3.4406691382241488
2022-12-11,3.348453536071585
2022-12-12,3.411909181982562
2022-12-13,3.453992221648199
2022-12-14,3.586474313182087
2022-12-15,3.5403873990173187
2022-12-16,3.5905633724044264
2022-12-17,3.5598582889943815
2022-12-18,3.6444694975704355
2022-12-19,3.548983347256244
2022-12-20,3.4857140818254666
2022-12-21,3.534326232346432
2022-12-22,3.6120886415502005
2022-12-23,3.7122717423816156
2022-12-24,3.649066022815465
2022-12-25,3.640318100152909
2022-12-26,3.568975023962571
2022-12-27,3.579908217515158
2022-12-28,3.469322344923767
2022-12-29,3.5616309798625676
2022-12-30,3.5645102180017205
2022-12-31,3.390190257011267
2023-01-01,3.4725968224853916
2023-01-02,3.4059862867874813
2023-01-03,3.627973952972015
2023-01-04,3.6277486773222027
2023-01-05,3.6389335423739575
2023-01-06,3.554543952671685
2023-01-07,3.475900080609156
2023-01-08,3.4457352454706287
2023-01-09,3.59675740785718
2023-01-10,3.6095744487546115
2023-01-11,3.664069578863163
2023-01-12,3.5825852833078393
2023-01-13,3.577639130713641
2023-01-14,3.632340434814349
2023-01-15,3.5263781859491696
2023-01-16,3.5529338011473404
2023-01-17,3.5882446330657998
2023-01-18,3.544651214592368
2023-01-19,3.571696914102011
2023-01-20,3.6511632506013325
2023-01-21,3.6297962513306277
2023-01-22,3.6787079047580846
2023-01-23,3.6648025572919196
2023-01-24,3.6288583629827857
2023-01-25,3.5319340243582173
2023-01-26,3.531592867112369
2023-01-27,3.542210730413188
2023-01-28,3.5440739465898754
2023-01-29,3.585760959071977
2023-01-30,3.58600297920969
2023-01-31,3.565838665182501
2023-02-01,3.628626385579772
2023-02-02,3.5658093217891325
2023-02-03,3.4680093223718367
2023-02-04,3.3800650869149322
2023-02-05,3.193638645661651
2023-02-06,3.588832812413384
2023-02-07,3.743893426565334
2023-02-08,3.4562590597744656
2023-02-09,3.257469053504718
2023-02-10,3.5304548255439783
2023-02-11,3.6722445825818726
2023-02-12,3.65445925203824
2023-02-13,3.639745273806368
2023-02-14,3.5046635775155743
2023-02-15,3.5386908377555626
2023-02-16,3.39279599005822
2023-02-17,3.53034850118756
2023-02-18,3.4996089173320306
2023-02-19,3.505169275388818
2023-02-20,3.5285058665951627
2023-02-21,3.5242023586980507
2023-02-22,3.4297433108867645
2023-02-23,3.521619983781198
2023-02-24,3.480781521541101
2023-02-25,3.3577049805177346
2023-02-26,3.43960389983617
2023-02-27,3.492661506691998
2023-02-28,3.492321834080839
2023-03-01,3.5209693899412726
2023-03-02,3.485456279286514
2023-03-03,3.3673517521941014
2023-03-04,3.3905079017369473
2023-03-05,3.495221454979423
2023-03-06,3.5753408975095664
2023-03-07,3.5704758226834166
2023-03-08,3.533285055474402
2023-03-09,3.5323212116816016
2023-03-10,3.407659138292744
2023-03-11,3.557987201351846
2023-03-12,3.564254215680557
2023-03-13,3.5903196186219892
2023-03-14,3.5334456815781548
2023-03-15,3.6330957530631647
2023-03-16,3.600848347313969
2023-03-17,3.6713158784232243
2023-03-18,3.7015291046387806
2023-03-19,3.613678357230544
2023-03-20,3.704712441669809
2023-03-21,3.6793326805134496
2023-03-22,3.610466617804126
2023-03-23,3.4697905541269085
2023-03-24,3.639511107412711
2023-03-25,3.68742780958859
2023-03-26,3.6814915846200464
2023-03-27,3.6243476242570978
2023-03-28,3.778125791670574
2023-03-29,3.669166600418748
2023-03-30,3.6493590613339357
2023-03-31,3.63462556418487
2023-04-01,3.436170733593847
2023-04-02,3.573304555197813
2023-04-03,3.5827777662091065
2023-04-04,3.569613881233421
2023-04-05,3.4811103287314493
2023-04-06,3.505097369397021
2023-04-07,3.428558772922686
2023-04-08,3.3660802425312726
2023-04-09,3.4651860882892023
2023-04-10,3.486137316249633
2023-04-11,3.450958485229334
2023-04-12,3.5437539966182134
2023-04-13,3.5315228544125814
2023-04-14,3.6667825532637157
2023-04-15,3.555764561872651
2023-04-16,3.5137118848867157
2023-04-17,3.5471299072278577
2023-04-18,3.486200776617769
2023-04-19,3.4859979424659686
2023-04-20,3.446694969546525
2023-04-21,3.53731568718324
2023-04-22,3.519549056083734
2023-04-23,3.6128497699501425
2023-04-24,3.4632364802159405
2023-04-25,3.5692981355509326
2023-04-26,3.539629751900499
2023-04-27,3.5335236754901893
2023-04-28,3.4773601303959376
2023-04-29,3.505024873762226
2023-04-30,3.4353415666973426
2023-05-01,3.6384320958643728
2023-05-02,3.640447291621799
2023-05-03,3.562431549877805
2023-05-04,3.5522245811762834
2023-05-05,3.5104657146652376
2023-05-06,3.3520100002464193
2023-05-07,3.460612116800309
2023-05-08,3.4430476325080384
2023-05-09,3.5046474990380645
2023-05-10,3.608725176597288
2023-05-11,3.4998362703849333
2023-05-12,3.5651026094534832
2023-05-13,3.4861414131869832
2023-05-14,3.1492466375742927
2023-05-15,3.151509883114597
2023-05-16,3.5201438118380324
2023-05-17,3.56400256885978
2023-05-18,3.553621976508147
2023-05-19,3.4180859280954325
2023-05-20,3.1351148068282857
2023-05-21,3.192363572491341
2023-05-22,3.363715279942566
2023-05-23,3.502417837797464
2023-05-24,3.500653995856244
2023-05-25,3.4049491019394984
2023-05-26,3.418336967739323
2023-05-27,3.2651531664983278
2023-05-28,3.5138052144082503
2023-05-29,3.3938313136816483
2023-05-30,3.5331789927765085
2023-05-31,3.52107634764078
2023-06-01,3.4593451760861824
2023-06-02,3.461582999778141
2023-06-03,3.468943842190413
2023-06-04,3.454673923111421
2023-06-05,3.50806665618722
2023-06-06,3.5186222967975342
2023-06-07,3.411187994289918
2023-06-08,3.625491076344411
2023-06-09,3.437630654934919
2023-06-10,3.4836838348673864
2023-06-11,3.439258702868125
2023-06-12,3.4625838263095092
2023-06-13,3.4051448467978225
2023-06-14,3.459881082467111
2023-06-15,3.4040439159936917
2023-06-16,3.273606218433548
2023-06-17,3.3908272930330448
2023-06-18,3.3801082414738555
2023-06-19,3.28428838432875
2023-06-20,3.3632853744252937
2023-06-21,3.43590280261048
2023-06-22,3.3376661555158367
2023-06-23,3.361579306185366
2023-06-24,3.192360652823811
2023-06-25,3.1552774873327234
2023-06-26,3.3793815091419717
2023-06-27,3.449291363081807
2023-06-28,3.533025322412467
2023-06-29,3.669017617417618
2023-06-30,3.7002744266932748
2023-07-01,3.7483738677564955
2023-07-02,3.7977843438760774
2023-07-03,3.7136314067728975
2023-07-04,3.688656432867443
2023-07-05,3.641443285004777
2023-07-06,3.5783472218529697
2023-07-07,3.588619226385194
2023-07-08,3.5619712154354524
2023-07-09,3.6366203228179876
2023-07-10,3.5258893355346346
2023-07-11,3.536212147106471
2023-07-12,3.4952223550336687
2023-07-13,3.3792630765447638
2023-07-14,3.4326293749858268
2023-07-15,3.1406641648439866
2023-07-16,3.3035856510054202
2023-07-17,3.379583732136463
2023-07-18,3.517168808617752
2023-07-19,3.5881967274543203
2023-07-20,3.463346436192687
2023-07-21,3.486969530516223
2023-07-22,3.339798467729782
2023-07-23,3.449333450848974
2023-07-24,3.541520644293574
2023-07-25,3.4269145073551073
2023-07-26,3.4971201547690116
2023-07-27,3.541474004961594
2023-07-28,3.5577470261429003
2023-07-29,3.548069020089735
2023-07-30,3.675855433702098
2023-07-31,3.704617867236753
2023-08-01,3.781555918828379
2023-08-02,3.712545688349758
2023-08-03,3.7251263669209562
2023-08-04,3.751573235783062
2023-08-05,3.646016219433124
2023-08-06,3.664261546445109
2023-08-07,3.688993192718849
2023-08-08,3.66999358835074
2023-08-09,3.7191278997130843
2023-08-10,3.704759834064904
2023-08-11,3.634998525978722
2023-08-12,3.6237001297578257
2023-08-13,3.535978006026729
2023-08-14,3.610017056974465
2023-08-15,3.568027724999681
2023-08-16,3.601203173826553
2023-08-17,3.604149916330283
2023-08-18,3.621253735505236
2023-08-19,3.521982484962673
2023-08-20,3.534138959084779
2023-08-21,3.5544818799750426
2023-08-22,3.5764408357987962
2023-08-23,3.660213378776686
2023-08-24,3.4893398110402187
2023-08-25,3.5959404946921714
2023-08-26,3.7697778918045124
2023-08-27,3.6883594036595504
2023-08-28,3.692323236483063
2023-08-29,3.6449570958137523
2023-08-30,3.5951409190721875
2023-08-31,3.6590502871158077
2023-09-01,3.6628969200201826
2023-09-02,3.7327809711227036
2023-09-03,3.6125076929828834
2023-09-04,3.6172588599530995
2023-09-05,3.5350610570265695
2023-09-06,3.542931613699611
2023-09-07,3.6304166172012096
2023-09-08,3.4865120774258878
2023-09-09,3.4641851326677218
2023-09-10,3.372545606450837
2023-09-11,3.3739837479767583
2023-09-12,3.5622943163987335
2023-09-13,3.535021008905578
2023-09-14,3.537084947040117
2023-09-15,3.52172570155806
2023-09-16,3.5362320697700476
2023-09-17,3.541015267956434
2023-09-18,3.4459687720870873
2023-09-19,3.3979118775475556
2023-09-20,3.3789461339904903
2023-09-21,3.4301475881505827
2023-09-22,3.387834914067936
2023-09-23,3.403063473462477
2023-09-24,3.6669054780182293
2023-09-25,3.6512991591836284
2023-09-26,3.5654160563241026
2023-09-27,3.5738230480166644
2023-09-28,3.449020714334569
2023-09-29,3.5488727502815713
2023-09-30,3.4760837194547296
2023-10-01,3.5435724860695137
2023-10-02,3.5497402146391557
2023-10-03,3.5739120978007723
2023-10-04,3.4939906360905795
2023-10-05,3.5650905988722323
2023-10-06,3.5974630449689657
2023-10-07,3.4481991012608284
2023-10-08,3.5735477214305997
2023-10-09,3.520025535259557
2023-10-10,3.5630874043978347
2023-10-11,3.633511395234147
2023-10-12,3.676224787362549
2023-10-13,3.774648906660562
2023-10-14,3.7445642936862473
2023-10-15,3.637674079016332
2023-10-16,3.6025089101230177
2023-10-17,3.602486050109853
2023-10-18,3.6839914410240575
2023-10-19,3.5967562995027444
2023-10-20,3.644412790321324
2023-10-21,3.6409576479685644
2023-10-22,3.525217078627961
2023-10-23,3.4839159583821626
2023-10-24,3.3570270636878305
2023-10-25,3.4229027683372464
2023-10-26,3.541725129240482
2023-10-27,3.5567770096688807
2023-10-28,3.5160892228114653
2023-10-29,3.5156864633445397
2023-10-30,3.6166870154450064
2023-10-31,3.661764588636791
2023-11-01,3.4515069511219996
2023-11-02,3.5189977023021584
2023-11-03,3.4880238000686035
2023-11-04,3.6234709231131386
2023-11-05,3.5558759278051166
2023-11-06,3.607820129047533
2023-11-07,3.482604003050869
2023-11-08,3.567025855135733
2023-11-09,3.3717259611127797
2023-11-10,3.451767434889171
2023-11-11,3.519917102051624
2023-11-12,3.577159450298305
2023-11-13,3.6007724964500496
2023-11-14,3.4749277744715563
2023-11-15,3.6303575844495186
2023-11-16,3.5587931398866757
2023-11-17,3.584922640767285
2023-11-18,3.469681026626937
2023-11-19,3.5771538970342642
2023-11-20,3.5030871439804594
2023-11-21,3.5106312491087492
2023-11-22,3.563724929297138
2023-11-23,3.5284684299354474
2023-11-24,3.507209605655742
2023-11-25,3.5671825929907675
2023-11-26,3.5382522682920428
2023-11-27,3.5518959145413267
2023-11-28,3.5002974121602177
2023-11-29,3.4960446006891877
2023-11-30,3.472413963619719
2023-12-01,3.444551716748564
2023-12-02,3.421796685224842
2023-12-03,3.598994688759039
2023-12-04,3.606683809503169
2023-12-05,3.5790266723308246
2023-12-06,3.618728941751477
2023-12-07,3.557120146094888
2023-12-08,3.6063992303969292
2023-12-09,3.5504214591745002
2023-12-10,3.4765645084541767
2023-12-11,3.510980431353608
2023-12-12,3.6236910759047904
2023-12-13,3.586282804410547
2023-12-14,3.556957522322996
2023-12-15,3.45697025979304
2023-12-16,3.497572590548811
2023-12-17,3.3567424832429387
2023-12-18,3.564144109134171
2023-12-19,3.599930446160813
2023-12-20,3.6322042924119984
2023-12-21,3.6769693900357248
2023-12-22,3.680165239150884
2023-12-23,3.669016891282232
2023-12-24,3.5932921206316935
2023-12-25,3.5970516327954276
2023-12-26,3.695748737665875
2023-12-27,3.613509084358031
2023-12-28,3.587955346896735
2023-12-29,3.6707459540130576
2023-12-30,3.568161834426164
2023-12-31,3.5870344485726515
2024-01-01,3.5569034396482238
2024-01-02,3.55112914059609
2024-01-03,3.558407414208667
2024-01-04,3.5301290190625623
2024-01-05,3.5634703475315077
2024-01-06,3.5666494092846306
2024-01-07,3.4921232873850667
2024-01-08,3.5487159653645
2024-01-09,3.6044517765748223
2024-01-10,3.652227848754363
2024-01-11,3.622853312627006
2024-01-12,3.5910811332627266
2024-01-13,3.390065552754041
2024-01-14,3.47879831002596
2024-01-15,3.4667774421299633
2024-01-16,3.5293442640545467
2024-01-17,3.546328527306352
2024-01-18,3.590868047088929
2024-01-19,3.5844206939162175
2024-01-20,3.4988926034847077
2024-01-21,3.652311400631146
2024-01-22,3.495335818674
2024-01-23,3.5923110429796647
2024-01-24,3.4628655203011465
2024-01-25,3.4244952356376768
2024-01-26,3.492291829396831
2024-01-27,3.479059990332345
2024-01-28,3.4982124461786688
2024-01-29,3.517549886566768
2024-01-30,3.534516975335597
2024-01-31,3.5727780008588685
2024-02-01,3.5982450523564613
2024-02-02,3.5725787840830194
2024-02-03,3.5870714122073655
2024-02-04,3.465983361003187
2024-02-05,3.5293398457354765
2024-02-06,3.4783294348824523
2024-02-07,3.522555161157858
2024-02-08,3.5407850642426792
2024-02-09,3.533000390564215
2024-02-10,3.358963661960372
2024-02-11,3.544176391199299
2024-02-12,3.482423701570777
2024-02-13,3.5156946574516392
2024-02-14,3.55120839206458
2024-02-15,3.4229738750541596
2024-02-16,3.4256785156281935
2024-02-17,3.4797777978113946
2024-02-18,3.5006526246357095
2024-02-19,3.533185515178647
2024-02-20,3.5101775038000906
2024-02-21,3.607602004247191
2024-02-22,3.4607733902803908
2024-02-23,3.445534912704877
2024-02-24,3.4912261412189123
2024-02-25,3.4189955438232946
2024-02-26,3.4887114158703807
2024-02-27,3.5557276722564546
2024-02-28,3.587399440093242
2024-02-29,3.543924215571523
2024-03-01,3.562816840805199
2024-03-02,3.637008861648166
2024-03-03,3.5479772760325163
2024-03-04,3.569790737410017
2024-03-05,3.509541984405506
2024-03-06,3.5431978503105115
2024-03-07,3.5044776757179874
2024-03-08,3.5433263285664127
2024-03-09,3.641983612862505
2024-03-10,3.543794161812772
2024-03-11,3.563263752699572
2024-03-12,3.5584740505713857
2024-03-13,3.5763992019601045
2024-03-14,3.6450086247242948
2024-03-15,3.6377550811534287
2024-03-16,3.5905643930004483
2024-03-17,3.5743671852166603
2024-03-18,3.6015469876227457
2024-03-19,3.6732702569847735
2024-03-20,3.6489411529358793
2024-03-21,3.649422832536045
2024-03-22,3.6142257799887982
2024-03-23,3.6011025032669863
2024-03-24,3.565105051029744
2024-03-25,3.6366080059978696
2024-03-26,3.580585216833072
2024-03-27,3.5118684601786887
2024-03-28,3.5891503230964625
2024-03-29,3.5516722830197716
2024-03-30,3.583346298416345
2024-03-31,3.5841548707549613
2024-04-01,3.6001686233991297
2024-04-02,3.496879459275367
2024-04-03,3.526335203295633
2024-04-04,3.535700936654953
2024-04-05,3.5551629642686944
2024-04-06,3.610151126800361
2024-04-07,3.5901096549572435
2024-04-08,3.5944958139030776
2024-04-09,3.505382447137336
2024-04-10,3.596888687803081
2024-04-11,3.4842068233183445
2024-04-12,3.536278445890931
2024-04-13,3.6589160983275235
2024-04-14,3.584010553882603
2024-04-15,3.5678080915378465
2024-04-16,3.561270502622917
2024-04-17,3.548784585635303
2024-04-18,3.6026321420539285
2024-04-19,3.672409133628861
2024-04-20,3.4797896849192727
2024-04-21,3.434562194666332
2024-04-22,3.423315056282634
2024-04-23,3.5344307605454937
2024-04-24,3.5898265282896586
2024-04-25,3.561800210446807
2024-04-26,3.665625214828254
2024-04-27,3.5160651355693733
2024-04-28,3.4032368139336335
2024-04-29,3.605891774408574
2024-04-30,3.60120088301775
2024-05-01,3.503677310595343
2024-05-02,3.6407212045189934
2024-05-03,3.6381612340037885
2024-05-04,3.5955989159406587
2024-05-05,3.35626978949986
2024-05-06,3.5056830643969157
2024-05-07,3.4227078606551276
2024-05-08,3.479615710285969
2024-05-09,3.493189114174826
2024-05-10,3.471228167906304
2024-05-11,3.5536331832375634
2024-05-12,3.4478219005036004
2024-05-13,3.3967341894146337
2024-05-14,3.6501682996959186
2024-05-15,3.667233062282563
2024-05-16,3.63982298351461
2024-05-17,3.6430176766299796
2024-05-18,3.585091816787712
2024-05-19,3.538921014427379
2024-05-20,3.5396373668446235
2024-05-21,3.6169257613213865
2024-05-22,3.627470117972734
2024-05-23,3.5359540842982304
2024-05-24,3.4999997359891104
2024-05-25,3.3938136794183964
2024-05-26,3.3493482065096822
2024-05-27,3.5179026787936767
2024-05-28,3.578554215784108
2024-05-29,3.546816328056972
2024-05-30,3.5627301019073756
2024-05-31,3.581313688562608
2024-06-01,3.4818476968781593
2024-06-02,3.56589542976423
2024-06-03,3.5014337623615814
2024-06-04,3.4153807730001122
2024-06-05,3.27201253870078
2024-06-06,3.1890296450665976
2024-06-07,3.3472901872227245
2024-06-08,3.3183230687218934
2024-06-09,3.3206131434592323
2024-06-10,3.4186929719927055
2024-06-11,3.5693284696217304
2024-06-12,3.542455286285309
2024-06-13,3.537185379189629
2024-06-14,3.4453520054648314
2024-06-15,3.537546344832635
2024-06-16,3.5338273621760945
2024-06-17,3.556924845325345
2024-06-18,3.5840373009738427
2024-06-19,3.6168775019945234
2024-06-20,3.5978531348373184
2024-06-21,3.562428136421824
2024-06-22,3.502069046460338
2024-06-23,3.555590261361323
2024-06-24,3.61747690851693
2024-06-25,3.5740149747487195
2024-06-26,3.6215579874855894
2024-06-27,3.5805767740988297
2024-06-28,3.6314174582554712
2024-06-29,3.4812731200763607
2024-06-30,3.581810168556568
2024-07-01,3.626067092925443
2024-07-02,3.5854378120658112
2024-07-03,3.6148138175244107
2024-07-04,3.5888975671832033
2024-07-05,3.6094346508378785
2024-07-06,3.630917688090381
2024-07-07,3.6930737963062614
2024-07-08,3.628156207594189
2024-07-09,3.5928044960393946
2024-07-10,3.597243828784054
2024-07-11,3.5228280914911156
2024-07-12,3.5025177682965807
2024-07-13,3.4457848573842194
2024-07-14,3.529191350180791
2024-07-15,3.5330035010180065
2024-07-16,3.5719680299413383
2024-07-17,3.594043619375597
2024-07-18,3.580879460772704
2024-07-19,3.553945266062494
2024-07-20,3.613231573605869
2024-07-21,3.5660245602097937
2024-07-22,3.5386604867296154
2024-07-23,3.6416846661993807
2024-07-24,3.6051098638113914
2024-07-25,3.5657733108464167
2024-07-26,3.6135617184303306
2024-07-27,3.547559560876426
2024-07-28,3.5410784995464053
2024-07-29,3.5984032954825897
2024-07-30,3.6032057366122263
2024-07-31,3.594972980693955
2024-08-01,3.5501641853894244
2024-08-02,3.6303067335354418
2024-08-03,3.627478016597465
2024-08-04,3.4711038813887756
2024-08-05,3.609926522681925
2024-08-06,3.5538382584685513
2024-08-07,3.5463904260880232
2024-08-08,3.548154765771489
2024-08-09,3.5120300817468975
2024-08-10,3.4984917226793306
2024-08-11,3.4541965112738553
2024-08-12,3.483101398217811
2024-08-13,3.4964819796389257
2024-08-14,3.5388409508199343
2024-08-15,3.4530000937353607
2024-08-16,3.415369279699825
2024-08-17,3.468553195569499
2024-08-18,3.37204847058769
2024-08-19,3.5469614354286447
2024-08-20,3.477152055376223
2024-08-21,3.5374360006884396
2024-08-22,3.5456761249695266
2024-08-23,3.493176829423038
2024-08-24,3.627490937449894
2024-08-25,3.751199371751716
2024-08-26,3.6505798012241835
2024-08-27,3.6711233695291243
2024-08-28,3.6280190702475186
2024-08-29,3.593927646954536
2024-08-30,3.5681460811582015
2024-08-31,3.549400205085006
2024-09-01,3.469354449871028
2024-09-02,3.5820542984179626
2024-09-03,3.547375434535531
2024-09-04,3.594206958966442
2024-09-05,3.5859438250333584
2024-09-06,3.6043663983961483
2024-09-07,3.630639176997485
2024-09-08,3.523634990990651
2024-09-09,3.5996304990841574
2024-09-10,3.666759429169817
2024-09-11,3.6093834252621186
2024-09-12,3.57363892384589
2024-09-13,3.519882021271978
2024-09-14,3.5115642048207523
2024-09-15,3.565501587306317
2024-09-16,3.550868308197897
2024-09-17,3.6013201587401538
2024-09-18,3.5548447537606283
2024-09-19,3.4628466899541044
2024-09-20,3.4642122766645023
2024-09-21,3.659902682298226
2024-09-22,3.6462488623469187
2024-09-23,3.593765430188625
2024-09-24,3.5084558587666
2024-09-25,3.523373595376205
2024-09-26,3.430679258099373
2024-09-27,3.484123815034629
2024-09-28,3.4793469831187047
2024-09-29,3.511438757425551
2024-09-30,3.5122126897553625
2024-10-01,3.5653273527626754
2024-10-02,3.544503291049407
2024-10-03,3.4248560844797296
2024-10-04,3.458982562506896
2024-10-05,3.447558582943055
2024-10-06,3.530898108767058
2024-10-07,3.471498031529087
2024-10-08,3.6111347178118045
2024-10-09,3.5416538377056037
2024-10-10,3.4793955894429813
2024-10-11,3.4892979090443097
2024-10-12,3.400915516020669
2024-10-13,3.474008731257835
2024-10-14,3.5930356776946475
2024-10-15,3.5778719986820398
2024-10-16,3.6128715108936706
2024-10-17,3.588323004181255
2024-10-18,3.484441271048096
2024-10-19,3.425433379234602
2024-10-20,3.445703246633504
2024-10-21,3.4441784830848707
2024-10-22,3.541270540398068
2024-10-23,3.561678057294677
2024-10-24,3.5065326821707505
2024-10-25,3.542318753575057
2024-10-26,3.5160241845213958
2024-10-27,3.4552321682487697
2024-10-28,3.542754214762588
2024-10-29,3.492825842621625
2024-10-30,3.494025429070408
2024-10-31,3.517245284440169
2024-11-01,3.5821476872262696
2024-11-02,3.5695086938087326
2024-11-03,3.5600384521729604
2024-11-04,3.6011608470216183
2024-11-05,3.5829666235705435
2024-11-06,3.432404550191447
2024-11-07,3.4601843745520577
2024-11-08,3.4388724445937084
2024-11-09,3.478148277207537
2024-11-10,3.4470105572277747
2024-11-11,3.297830922620654
2024-11-12,3.441900739087952
2024-11-13,3.6540897130856598
2024-11-14,3.6570124954280874
2024-11-15,3.629830106438851
2024-11-16,3.5259635862809513
2024-11-17,3.5053281059939847
2024-11-18,3.630101055068362
2024-11-19,3.5142273120861374
2024-11-20,3.637374871993807
2024-11-21,3.6834204229133007
2024-11-22,3.6300275373043336
2024-11-23,3.460021529360047
2024-11-24,3.5386531421693634
2024-11-25,3.6605558865890826
2024-11-26,3.595960132768266
2024-11-27,3.60981644830333
2024-11-28,3.5835664000397482
2024-11-29,3.565927076231422
2024-11-30,3.498537699999345
2024-12-01,3.517211911266981
2024-12-02,3.585662473663296
2024-12-03,3.582005389037878
2024-12-04,3.5679579668222994
2024-12-05,3.6158726677958692
2024-12-06,3.532550078182533
2024-12-07,3.1894706467373757
2024-12-08,3.223233080604899
2024-12-09,3.3738305937185693
2024-12-10,3.5411138886342504
2024-12-11,3.5122853943655814
2024-12-12,3.513450063919854
2024-12-13,3.5595054783083335
2024-12-14,3.478690615362971
2024-12-15,3.478489999104716
2024-12-16,3.452673525220898
2024-12-17,3.5051493212558795
2024-12-18,3.569401606560897
2024-12-19,3.5971183186182323
2024-12-20,3.5493872200627665
2024-12-21,3.57729583613595
2024-12-22,3.6298462072354107
2024-12-23,3.5857693595504094
2024-12-24,3.533529645600732
2024-12-25,3.499918460201763
2024-12-26,3.5804107211618645
2024-12-27,3.6288124166611824
2024-12-28,3.5548218789758614
2024-12-29,3.4837339123275206
2024-12-30,3.4833683274277725
2024-12-31,3.5132490959781113
2025-01-01,3.563793459966067
2025-01-02,3.593264356040929
2025-01-03,3.348069125238381
2025-01-04,3.452380729281799
2025-01-05,3.570605564634644
2025-01-06,3.61887974180966
2025-01-07,3.60827761052761
2025-01-08,3.5652498159199366
2025-01-09,3.5841968152919508
2025-01-10,3.616368822670961
2025-01-11,3.538251210275498
2025-01-12,3.584353662835413
2025-01-13,3.535518253108841
2025-01-14,3.5415776600318334
2025-01-15,3.5096812676620206
2025-01-16,3.4576719032685888
2025-01-17,3.540025957572481
2025-01-18,3.5149824855276353
2025-01-19,3.4826818108445563
2025-01-20,3.550847447832998
2025-01-21,3.6594924961045696
2025-01-22,3.652645004601211
2025-01-23,3.5963768061311723
2025-01-24,3.5665664176386276
2025-01-25,3.6080535549934782
2025-01-26,3.5114548956953686
2025-01-27,3.5299520311047052
2025-01-28,3.4935331897253814
2025-01-29,3.574615567589633
2025-01-30,3.6141999278819643
2025-01-31,3.5899928985129486
2025-02-01,3.4731076304489874
2025-02-02,3.4603398864079984
2025-02-03,3.653205889524163
2025-02-04,3.5932500399418226
2025-02-05,3.6188259552124715
2025-02-06,3.6240991143793586
2025-02-07,3.5388840774249224
2025-02-08,3.444388989087855
2025-02-09,3.3686234935821
2025-02-10,3.257318172225418
2025-02-11,3.3210318727419197
2025-02-12,3.2710579180634833
2025-02-13,3.338045791633361
2025-02-14,3.4713232145002832
2025-02-15,3.3162969055742213
2025-02-16,2.9908134411976595
2025-02-17,3.0403842789364335
2025-02-18,3.153849623889464
2025-02-19,3.231685727677806
2025-02-20,3.444121130754307
2025-02-21,3.5284343460338117
2025-02-22,3.5474396163733544
2025-02-23,3.523674241884361
2025-02-24,3.462103158515255
2025-02-25,3.447639576366589
2025-02-26,3.511217089973672
2025-02-27,3.481939906521231
2025-02-28,3.3911546460224327
2025-03-01,3.3294071049786718
2025-03-02,3.386237153072475
2025-03-03,3.523786851101296
2025-03-04,3.5816529613766277
2025-03-05,3.526612296044326
2025-03-06,3.5201441993065923
2025-03-07,3.54521456552391
2025-03-08,3.525004454504465
2025-03-09,3.536127763928657
2025-03-10,3.536169560796993
2025-03-11,3.365929356571827
2025-03-12,3.173687080090015
2025-03-13,3.394641694680582
2025-03-14,3.432688161581854
2025-03-15,3.4473544362604436
2025-03-16,3.4805887500680863
2025-03-17,3.35066066809669
2025-03-18,3.5201402492066194
2025-03-19,3.4916922539366726
2025-03-20,3.546021989247388
2025-03-21,3.6042454280002483
2025-03-22,3.539177787888366
2025-03-23,3.6325770950902845
2025-03-24,3.625944962745326
2025-03-25,3.5070393801181607
2025-03-26,3.4547469539045537
2025-03-27,3.4882033939595742
2025-03-28,3.435196158799145
2025-03-29,3.5785294482397254
2025-03-30,3.5682874526270223
2025-03-31,3.619467817895359
2025-04-01,3.6329400205953233
2025-04-02,3.5781020235180225
2025-04-03,3.5949728270949493
2025-04-04,3.640277292392734
2025-04-05,3.47584647073577
2025-04-06,3.378838342890516
2025-04-07,3.327118971348342
2025-04-08,3.432551545897028
2025-04-09,3.513054779620356
2025-04-10,3.4253408872161373
2025-04-11,3.443473174248776
2025-04-12,3.400524734133229
2025-04-13,3.495992727787711
2025-04-14,3.4749704098373058
2025-04-15,3.531168666042504
2025-04-16,3.406337640593183
2025-04-17,3.0903174136640463
2025-04-18,3.097817871043547
2025-04-19,3.215230423517188
2025-04-20,3.321687138240006
2025-04-21,3.2064144811284376
2025-04-22,3.1290804763104862
2025-04-23,3.3473082497864475
2025-04-24,3.4371294831839174
2025-04-25,3.366861148420688
2025-04-26,2.980083210074491
2025-04-27,3.4900400895409516
2025-04-28,3.5656349840185166
2025-04-29,3.479616477720512
2025-04-30,3.4937768842954893
2025-05-01,3.487054234630525
2025-05-02,3.4919893771435704
2025-05-03,3.4620842798852447
2025-05-04,3.557550424356894
2025-05-05,3.518410573569095
2025-05-06,3.4415970681350645
2025-05-07,3.401612905796275
2025-05-08,3.4205357144691986
2025-05-09,3.4229905616660052
2025-05-10,3.255903148320412
2025-05-11,3.245740729741999
2025-05-12,3.3760373501033567
2025-05-13,3.5279162622468196
2025-05-14,3.5448186145119256
2025-05-15,3.5177973137987153
2025-05-16,3.3580550685854966
2025-05-17,3.3946384088238872
2025-05-18,3.374496859309836
2025-05-19,3.4052287157374153
2025-05-20,3.600724151024787
2025-05-21,3.4857320164032832
2025-05-22,3.5368954679751643
2025-05-23,3.5985644258372926
2025-05-24,3.43245091570635
2025-05-25,3.462304804710314
2025-05-26,3.388675156273483
2025-05-27,3.5267251657249377
2025-05-28,3.5469115937109055
2025-05-29,3.460923449257968
2025-05-30,3.44436562626086
2025-05-31,3.4949534439343988
2025-06-01,3.544137519903946
2025-06-02,3.44149025288485
2025-06-03,3.52901125798765
2025-06-04,3.417207669737361
2025-06-05,3.3457571376303785
2025-06-06,3.3788298078278323
2025-06-07,3.3492991640487064
2025-06-08,3.425845943148894
2025-06-09,3.378381049601193
2025-06-10,3.4970950634012388
2025-06-11,3.5257654469118265
2025-06-12,3.538181300321427
2025-06-13,3.3962830185068613
2025-06-14,3.406062756910314
2025-06-15,2.0
2025-06-16,1.657957139634038
2025-06-17,1.3709505944546687
2025-06-18,0.9182958340544896
2025-06-19,0.7219280948873623
2025-06-20,1.6858157091530304
2025-06-21,0.9852281360342516
2025-06-22,1.5
2025-06-23,1.9182958340544893
2025-06-24,0.0
2025-06-25,2.252200601496646
2025-06-26,1.8879185026711325
2025-06-27,1.9877733714879842
2025-06-28,2.225610814520738
2025-06-29,1.9362600275315276
2025-06-30,2.7137089865329
2025-07-01,2.3197098616536342
2025-07-02,3.4682194829752406
2025-07-03,3.573261296866537
2025-07-04,3.441779827000702
2025-07-05,3.366730307696574
2025-07-06,3.294042729418864
2025-07-07,3.3234350542166573
2025-07-08,3.2861633381186417
2025-07-09,3.4699270924493955
2025-07-10,3.4427277400182175
2025-07-11,3.48456313752322
2025-07-12,3.4219294814112757
2025-07-13,3.463763448372595
2025-07-14,3.4941241533304654
2025-07-15,3.500640569809064
2025-07-16,3.5214007247472745
2025-07-17,3.5938931206709643
2025-07-18,3.455718500419394
2025-07-19,3.512323200385521
2025-07-20,3.544542984588665
2025-07-21,3.5020587734453557
2025-07-22,3.5428018605430927
2025-07-23,3.55235888905876
2025-07-24,3.3995053021156405
2025-07-25,3.4341860311927315
2025-07-26,3.4473648117955653
2025-07-27,3.3267403047288537
2025-07-28,3.470997788695481
2025-07-29,3.4450590227948243
2025-07-30,3.5234431565298463
2025-07-31,3.5794218753288036
2025-08-01,3.5780239505055236
2025-08-02,3.528852009940958
2025-08-03,3.4612396308699793
2025-08-04,3.483775215302292
2025-08-05,3.3962839114083287
2025-08-06,3.5191503975487706
2025-08-07,3.5730654503278365
2025-08-08,3.5115187112270427
2025-08-09,3.447078724222707
2025-08-10,3.50933678596283
2025-08-11,3.5798225627167364
2025-08-12,3.519501479435771
2025-08-13,3.5114571743160146
2025-08-14,3.4973400041556464
2025-08-15,3.5130787859826995
2025-08-16,3.466602644427051
2025-08-17,3.3790797960455277
2025-08-18,3.3683269513034557
2025-08-19,3.3010945251518984
2025-08-20,3.492781445868811
2025-08-21,3.5164460597376266
2025-08-22,3.6119033570153545
2025-08-23,3.421958830588793
2025-08-24,3.4970306918901293
2025-08-25,3.563230342971204
2025-08-26,3.5476868497662712
2025-08-27,3.568760984338711
2025-08-28,3.5125150352191916
2025-08-29,3.4956358480451284
2025-08-30,3.5464773202554696
2025-08-31,3.4347154148828576
2025-09-01,3.469054424781315
2025-09-02,3.684075414814404
2025-09-03,3.5628730894070353
2025-09-04,3.3568928496838937
2025-09-05,3.481387565137749
2025-09-06,3.5228050773085715
2025-09-07,3.5025472445404566
2025-09-08,3.648055211902544
2025-09-09,3.689834810476162
2025-09-10,3.815611081585849
2025-09-11,3.6344555884382186
2025-09-12,3.6218903039165866
2025-09-13,3.6074392948733243
2025-09-14,3.6228508427512915
2025-09-15,3.5113145214309753
2025-09-16,3.4543393423729873
2025-09-17,3.5576605098166096
2025-09-18,3.629226532316652
2025-09-19,3.6311266274931207
2025-09-20,3.46888343704609
2025-09-21,3.453346859191477
2025-09-22,3.5034067151523405
2025-09-23,3.2865845850417923
2025-09-24,3.4374314168410476
2025-09-25,3.57833452969834
2025-09-26,3.6221490129750964
2025-09-27,3.531678094196678
2025-09-28,3.5703682349642305
2025-09-29,3.641094743184937
2025-09-30,3.5427378075298606
2025-10-01,3.5367426761444642
2025-10-02,3.6068888226815488
2025-10-03,3.6445693748120713
2025-10-04,3.5050332437528264
2025-10-05,3.3941718329557644
2025-10-06,3.6206004335263784
2025-10-07,3.548200018548853
2025-10-08,3.552170743636251
2025-10-09,3.485137567493741
2025-10-10,3.5258773546754036
2025-10-11,3.524161048155833
2025-10-12,3.498636371938032
2025-10-13,3.5295673590295857
2025-10-14,3.621897998283377
2025-10-15,3.6848284401871325
2025-10-16,3.697998172244463
2025-10-17,3.5646415614214697
2025-10-18,3.605653631156565
2025-10-19,3.5722984560845394
2025-10-20,3.654892657625613
2025-10-21,3.6475505352334303
2025-10-22,3.603337483505236
2025-10-23,3.6185785141950517
2025-10-24,3.574919597281542
2025-10-25,3.5021875600140238
2025-10-26,3.6226462667348764
2025-10-27,3.6195264962787395
2025-10-28,3.757617143186803
2025-10-29,3.5843904851685044
2025-10-30,3.5943549346836265
2025-10-31,3.618928580849276
2025-11-01,3.590906926789188
2025-11-02,3.6294273870997107
2025-11-03,3.6407263111342454
2025-11-04,3.654098585205158
2025-11-05,3.6061469576755867
2025-11-06,3.6242867262584135
2025-11-07,3.448816098689413
2025-11-08,3.509574963456524
2025-11-09,3.5490820784659896
2025-11-10,3.5599337270494655
2025-11-11,3.5415978368682013
2025-11-12,3.5000217066650756
2025-11-13,3.5564796973516355
2025-11-14,3.4911001374782646
2025-11-15,3.4444986710141494
2025-11-16,3.550795327537417
2025-11-17,3.324250783968714
2025-11-18,3.4876174066593517
2025-11-19,3.50058745795671
2025-11-20,3.444527597258478
2025-11-21,3.56164968843289
2025-11-22,3.3838380594469912
2025-11-23,3.2306153443246353
2025-11-24,3.353546580233821
2025-11-25,3.5742218363337503
2025-11-26,3.617895754951682
2025-11-27,3.578881466590139
2025-11-28,3.633139635014643
2025-11-29,3.583759721279388
2025-11-30,3.5990618562441488
2025-12-01,3.378879487957647
2025-12-02,3.465707684170234
2025-12-03,3.422319853924317
2025-12-04,3.4649100402246193
2025-12-05,3.4939568990176824
2025-12-06,3.5028996595976665
2025-12-07,3.4504055750147047
2025-12-08,3.4459081366567426
2025-12-09,3.51032521245191
2025-12-10,3.444615141717209
2025-12-11,3.497512160154387
2025-12-12,3.5531796098106936
2025-12-13,3.4987544408797584
2025-12-14,3.572770483482642
2025-12-15,3.5511990833869844
2025-12-16,3.6534085608022524
2025-12-17,3.5858390868405223
2025-12-18,3.541142226037614
2025-12-19,3.6538379885538883
2025-12-20,3.414523491051799
2025-12-21,3.313388777912363
2025-12-22,3.5305860550183183
2025-12-23,3.6212350832972917
2025-12-24,3.6380081335463905
2025-12-25,3.5335444621174963
2025-12-26,3.6272729791493257
2025-12-27,3.5788901722375766
2025-12-28,3.533978828663588
2025-12-29,3.444504699980934
2025-12-30,3.59610056743653
2025-12-31,3.528113707044666
