date,value
2015-02-18,-2.3958309077104243
2015-02-19,-1.5550256326904015
2015-02-20,-1.7218315850674037
2015-02-21,-1.854452893277974
2015-02-22,-1.849468744799362
2015-02-23,-1.4863064032435132
2015-02-24,-1.5760193957936288
2015-02-25,-1.5804052861039448
2015-02-26,-1.8751286490829686
2015-02-27,-1.7958137880686493
2015-02-28,-1.7265708014256895
2015-03-01,-1.99919441940332
2015-03-02,-1.3896696464332425
2015-03-03,-1.5817954324554226
2015-03-04,-1.835179758826651
2015-03-05,-1.4577874513349123
2015-03-06,-1.4336216805521964
2015-03-07,-1.6512623390917172
2015-03-08,-1.6281032818189651
2015-03-09,-1.4246064917317036
2015-03-10,-1.3795374050730802
2015-03-11,-1.3044050765483712
2015-03-12,-1.142529274036113
2015-03-13,-1.7019600949135378
2015-03-14,-1.6678851601369586
2015-03-15,-1.665909286559565
2015-03-16,-1.5088141539955682
2015-03-17,-1.146278739162454
2015-03-18,-1.1574820002271478
2015-03-19,-1.7065166656176571
2015-03-20,-1.3470454856565233
2015-03-21,-1.791621765883637
2015-03-22,-1.4969967023264892
2015-03-23,-1.4026891084919644
2015-03-24,-1.2875560638758816
2015-03-25,-1.3732605942781277
2015-03-26,-1.2561806181746376
2015-03-27,-1.2547682937805407
2015-03-28,-1.7443276153257636
2015-03-29,-1.3042114827166582
2015-03-30,-1.4056750672699154
2015-03-31,-1.529417555071762
2015-04-01,-1.4945581619880166
2015-04-02,-1.4677464846467438
2015-04-03,-1.6147515885106523
2015-04-04,-1.6190489759047264
2015-04-05,-1.6672117466304819
2015-04-06,-1.4691095781361714
2015-04-07,-1.4898533714453834
2015-04-08,-1.5968502297205884
2015-04-09,-1.214161086527896
2015-04-10,-1.2603283618247734
2015-04-11,-1.2955532562006558
2015-04-12,-1.2745840737910468
2015-04-13,-1.43413330474992
2015-04-14,-1.5896612821822884
2015-04-15,-1.5163690817786335
2015-04-16,-1.5337869775910784
2015-04-17,-1.615686858808072
2015-04-18,-1.669068305745148
2015-04-19,-1.524172682464057
2015-04-20,-1.9407609761148041
2015-04-21,-1.5695021673979455
2015-04-22,-1.6420144114151871
2015-04-23,-1.6044230961764678
2015-04-24,-1.6436487926393235
2015-04-25,-1.7270151931605768
2015-04-26,-1.6695639503670867
2015-04-27,-1.3541559034502977
2015-04-28,-1.2880189894534606
2015-04-29,-1.210313554722793
2015-04-30,-1.2958081479902195
2015-05-01,-1.4585072019184844
2015-05-02,0.1491304881972056
2015-05-03,-0.5297525861249179
2015-05-04,-0.6403430792207285
2015-05-05,-1.5523425784369198
2015-05-06,-1.4941382734178321
2015-05-07,-0.9999545271700453
2015-05-08,-0.4466687076990871
2015-05-09,-0.7322345192767243
2015-05-10,-1.185193123527181
2015-05-11,-1.2654612080536445
2015-05-12,-1.3265617787651192
2015-05-13,-1.378704427116293
2015-05-14,-1.3151956372979596
2015-05-15,-1.3319261626235006
2015-05-16,-0.9114298047063094
2015-05-17,-1.5910729621878845
2015-05-18,-1.7282195393928437
2015-05-19,-1.5184567293643125
2015-05-20,-1.350143974465878
2015-05-21,-1.2063470860505905
2015-05-22,-1.463152539806468
2015-05-23,-1.4350744830366087
2015-05-24,-1.5202551571698044
2015-05-25,-1.1592769481352365
2015-05-26,-1.391525851238071
2015-05-27,-1.4882886609233132
2015-05-28,-1.1759314295164975
2015-05-29,-1.5344385694830738
2015-05-30,-1.4879086690365448
2015-05-31,-1.5074832155108528
2015-06-01,-1.3467168262097136
2015-06-02,-0.9951438123694759
2015-06-03,-1.4759681579464703
2015-06-04,-1.2524494065952791
2015-06-05,-1.4917456188146536
2015-06-06,-1.4311643781336165
2015-06-07,-1.3869616797537117
2015-06-08,-1.1804446101606711
2015-06-09,-1.3868742037872983
2015-06-10,-1.4882769914707181
2015-06-11,-1.2086237761019016
2015-06-12,-1.0519869891589408
2015-06-13,-0.9358417921979272
2015-06-14,-1.6263828005632135
2015-06-15,-1.619334226106606
2015-06-16,-1.2494757369682803
2015-06-17,-1.402959014041815
2015-06-18,-1.5458243949558814
2015-06-19,-1.607405239275558
2015-06-20,-1.9339799670841442
2015-06-21,-1.5536743751728872
2015-06-22,-1.4067307730618896
2015-06-23,-1.9192463251480505
2015-06-24,-1.7216081492378557
2015-06-25,-1.71504969739171
2015-06-26,-1.9887682806639397
2015-06-27,-2.736186435733857
2015-06-28,-2.291427570040662
2015-06-29,-2.1724571179924492
2015-06-30,-1.9594051276045592
2015-07-01,-1.7062267791233507
2015-07-02,-1.9805604924540023
2015-07-03,-2.050955447273285
2015-07-04,-1.8006252453022127
2015-07-05,-1.524033559283918
2015-07-06,-1.4758753927593398
2015-07-07,-1.7056137336323445
2015-07-08,-1.6581906168514373
2015-07-09,-1.376114531966422
2015-07-10,-1.4035312875848929
2015-07-11,-1.6534597826409634
2015-07-12,-1.73060935138911
2015-07-13,-1.2071851502077269
2015-07-14,-1.490684124867541
2015-07-15,-1.2114115561978163
2015-07-16,-1.081181610435881
2015-07-17,-1.2893349276117743
2015-07-18,-1.2661159535526836
2015-07-19,-1.6389249639586443
2015-07-20,-1.6162717131852038
2015-07-21,-1.7108792824235846
2015-07-22,-1.31269870416124
2015-07-23,-1.3090974829848283
2015-07-24,-1.4856713534069181
2015-07-25,-1.3641482931213091
2015-07-26,-1.215226669253473
2015-07-27,-1.340667439403081
2015-07-28,-1.555079122935112
2015-07-29,-1.7705779113350424
2015-07-30,-1.7592532028443397
2015-07-31,-1.9114260553484967
2015-08-01,-2.263354449586118
2015-08-02,-2.343017892359631
2015-08-03,-1.7960935362276966
2015-08-04,-1.6888060545947852
2015-08-05,-1.4479212746363994
2015-08-06,-1.5679692683850115
2015-08-07,-1.6568369455806606
2015-08-08,-1.5415793384430643
2015-08-09,-2.03849197565609
2015-08-10,-1.863892116155229
2015-08-11,-1.682959250257982
2015-08-12,-1.7438255034167802
2015-08-13,-1.5836486140918355
2015-08-14,-1.6747126486014208
2015-08-15,-1.7450840277519586
2015-08-16,-1.8027504612439469
2015-08-17,-1.4559101047004281
2015-08-18,-1.7263822447949764
2015-08-19,-1.6729349279871142
2015-08-20,-1.8770144776339868
2015-08-21,-1.6664568234813897
2015-08-22,-2.0203220531136337
2015-08-23,-1.811433909758912
2015-08-24,-1.5982523369334642
2015-08-25,-2.0471298054866716
2015-08-26,-1.6259037597064425
2015-08-27,-1.3736990876743953
2015-08-28,-1.793282297714976
2015-08-29,-2.216972354186085
2015-08-30,-1.9368156540844352
2015-08-31,-1.8769316301382257
2015-09-01,-1.648544756001464
2015-09-02,-1.6388920824712818
2015-09-03,-1.7277818070233184
2015-09-04,-2.147375169745024
2015-09-05,-2.0264609931871878
2015-09-06,-1.929224264452282
2015-09-07,-1.930712877250292
2015-09-08,-1.9934129740750781
2015-09-09,-1.3550806130848716
2015-09-10,-1.7918339256061715
2015-09-11,-1.7607139037024453
2015-09-12,-1.5489571110294669
2015-09-13,-1.4652635695198049
2015-09-14,-1.6024038305586035
2015-09-15,-1.3573000200913288
2015-09-16,-1.362237826093155
2015-09-17,-1.2683207937588703
2015-09-18,-1.0837866756367829
2015-09-19,-1.4594445149833533
2015-09-20,-1.7140399696956292
2015-09-21,-1.0488499318105051
2015-09-22,-1.2571033242214593
2015-09-23,-1.3024062749533336
2015-09-24,-1.2344826463575103
2015-09-25,-1.1502838968222593
2015-09-26,-1.5592695310637852
2015-09-27,-1.2800193439694343
2015-09-28,-0.9754606553765114
2015-09-29,-1.3152610655094064
2015-09-30,-1.3410339403296863
2015-10-01,-1.1193962357818246
2015-10-02,-1.4467085531593395
2015-10-03,-1.8885655627808635
2015-10-04,-2.104454135571226
2015-10-05,-1.3603914560434298
2015-10-06,-1.3756068886069912
2015-10-07,-1.1890268432610323
2015-10-08,-1.3538876021804138
2015-10-09,-1.3044523395801517
2015-10-10,-1.6038260687490502
2015-10-11,-1.5049474834513819
2015-10-12,-1.5310320386733405
2015-10-13,-1.4305841267945085
2015-10-14,-1.1996471329913814
2015-10-15,-1.3106387030911126
2015-10-16,-1.2456462860382111
2015-10-17,-1.6752605628510835
2015-10-18,-1.6119825761021125
2015-10-19,-1.2614687751132885
2015-10-20,-1.1799013450788574
2015-10-21,-0.8262283826107332
2015-10-22,-1.7069329559270854
2015-10-23,-1.014012011779172
2015-10-24,-1.3386005054163375
2015-10-25,-1.5666292975502334
2015-10-26,-1.2928748137272201
2015-10-27,-1.3963976820411883
2015-10-28,-1.2603445093562329
2015-10-29,-1.5030072823805476
2015-10-30,-1.7229900814870664
2015-10-31,-1.7090238573372183
2015-11-01,-1.7362472742404733
2015-11-02,-0.9932541450731941
2015-11-03,-1.2700098549116285
2015-11-04,-1.4753531212462618
2015-11-05,-1.8212327740303687
2015-11-06,-1.8006407900796417
2015-11-07,-1.7215889505943212
2015-11-08,-1.6585806374066983
2015-11-09,-1.3906317040203666
2015-11-10,-1.3602533969717021
2015-11-11,-1.3062879925460258
2015-11-12,-1.0246429491079059
2015-11-13,-1.714804386357104
2015-11-14,-2.6257247942215614
2015-11-15,-2.249194030287266
2015-11-16,-2.0784451413187366
2015-11-17,-1.8194726187100159
2015-11-18,-1.6407849419458473
2015-11-19,-1.839956292062605
2015-11-20,-1.7311728545748735
2015-11-21,-2.009693945701903
2015-11-22,-1.7555381620640431
2015-11-23,-1.5644784888648362
2015-11-24,-1.773503553234252
2015-11-25,-1.467069775692487
2015-11-26,-1.549643787186384
2015-11-27,-1.4864856233780512
2015-11-28,-1.748562618138695
2015-11-29,-1.5822620995717276
2015-11-30,-1.0083936885156637
2015-12-01,-1.3136374654384202
2015-12-02,-1.8232403279356133
2015-12-03,-1.675437341536111
2015-12-04,-1.4758021063598699
2015-12-05,-2.187762605229412
2015-12-06,-2.657975245934014
2015-12-07,-1.908645266799966
2015-12-08,-1.7907420461539512
2015-12-09,-1.2978271254543348
2015-12-10,-1.5347631209541093
2015-12-11,-1.5789300894443823
2015-12-12,-1.5870520006417828
2015-12-13,-1.8654392586668624
2015-12-14,-1.4966878118182632
2015-12-15,-1.1463654980817861
2015-12-16,-1.1256765832367055
2015-12-17,-1.288138663942499
2015-12-18,-1.1263516536317173
2015-12-19,-1.2468726024666974
2015-12-20,-1.6465305208927727
2015-12-21,-1.4746386474909072
2015-12-22,-1.5323339192130434
2015-12-23,-1.824538782697717
2015-12-24,-1.9658370464207373
2015-12-25,-1.3321352459249474
2015-12-26,-1.7832090893531565
2015-12-27,-2.324915741336132
2015-12-28,-1.8344431290012995
2015-12-29,-1.818065848506447
2015-12-30,-2.3132074090868926
2015-12-31,-1.6201447268651665
2016-01-01,-1.6765390967939429
2016-01-02,-2.513106553184639
2016-01-03,-2.426383391912745
2016-01-04,-2.046116607426477
2016-01-05,-2.3262288354539646
2016-01-06,-1.5668964638227878
2016-01-07,-1.4456680438110563
2016-01-08,-1.6016926302746382
2016-01-09,-2.121384706218254
2016-01-10,-2.0602390748109736
2016-01-11,-1.5301685045030156
2016-01-12,-1.793461662791176
2016-01-13,-1.7296677114820784
2016-01-14,-1.4595989137040177
2016-01-15,-1.423175401594035
2016-01-16,-1.5938637529828117
2016-01-17,-1.8484248192413686
2016-01-18,-1.7688045990728432
2016-01-19,-1.790737630843346
2016-01-20,-1.9038327424674448
2016-01-21,-1.9070714733760905
2016-01-22,-1.9026462502434498
2016-01-23,-1.9951265140118457
2016-01-24,-2.3126674150534026
2016-01-25,-1.7454036225663694
2016-01-26,-1.5786269584729093
2016-01-27,-1.9154349539972113
2016-01-28,-1.8732763446714547
2016-01-29,-1.9887069365935843
2016-01-30,-2.008284528659928
2016-01-31,-1.9353366645968448
2016-02-01,-1.5102334590721127
2016-02-02,-1.6180389329609972
2016-02-03,-1.5214239128872151
2016-02-04,-2.005812162143594
2016-02-05,-2.2723623981050354
2016-02-06,-2.3822299428847695
2016-02-07,-1.9684648399887912
2016-02-08,-1.576307675261243
2016-02-09,-1.5813810182014836
2016-02-10,-1.9278041219982869
2016-02-11,-1.658299898769188
2016-02-12,-1.7094624716562947
2016-02-13,-1.6282700459327486
2016-02-14,-1.624559784072119
2016-02-15,-1.3061998794641172
2016-02-16,-1.1588937739825975
2016-02-17,-1.3949991387447531
2016-02-18,-1.4231283157183647
2016-02-19,-1.3780888082736287
2016-02-20,-0.9909455946525347
2016-02-21,-1.183908994104168
2016-02-22,-1.1107518943103518
2016-02-23,-1.253239678770742
2016-02-24,-1.5890983370518277
2016-02-25,-1.724376813223388
2016-02-26,-1.4885511093148363
2016-02-27,-1.7031652290115478
2016-02-28,-1.370774716421229
2016-02-29,-1.2377358187242309
2016-03-01,-1.6245926963284985
2016-03-02,-1.6003229303423647
2016-03-03,-1.5475224929029165
2016-03-04,-1.7929678518597378
2016-03-05,-1.7608844609430028
2016-03-06,-1.789588053046426
2016-03-07,-1.6332987960928589
2016-03-08,-1.5227143872505207
2016-03-09,-1.0389602683059866
2016-03-10,-0.930473694712561
2016-03-11,-1.3977028754240854
2016-03-12,-1.7320306100907128
2016-03-13,-1.1342711471535252
2016-03-14,-1.1139276373157845
2016-03-15,-1.2207620877255723
2016-03-16,-1.0901813597815948
2016-03-17,-0.9282773497100231
2016-03-18,-1.1984490870627087
2016-03-19,-1.4506172147612812
2016-03-20,-1.4412354058294565
2016-03-21,-1.2369210404295565
2016-03-22,-2.1153253540526564
2016-03-23,-1.9625452539431745
2016-03-24,-1.7238857881428682
2016-03-25,-1.7638471205220883
2016-03-26,-1.8920166216664378
2016-03-27,-1.9846286298576121
2016-03-28,-1.8767145623462584
2016-03-29,-1.7149879820101634
2016-03-30,-1.571657022892599
2016-03-31,-1.5054976652149459
2016-04-01,-1.3944135832414861
2016-04-02,-1.8254101943056544
2016-04-03,-1.6937989458352647
2016-04-04,-1.5179724588633017
2016-04-05,-1.6530883209602565
2016-04-06,-1.3028732133134613
2016-04-07,-1.2647069902961887
2016-04-08,-1.3555888451569347
2016-04-09,-1.5163301811240357
2016-04-10,-1.5611364933593181
2016-04-11,-1.3288443399590244
2016-04-12,-1.2882848855554039
2016-04-13,-1.260265580260902
2016-04-14,-1.176139318799177
2016-04-15,-1.3971761663781825
2016-04-16,-1.4015969027931057
2016-04-17,-1.4673142659266072
2016-04-18,-1.5449550888421146
2016-04-19,-1.209021279738403
2016-04-20,-0.9612029434069396
2016-04-21,-0.3747493742644931
2016-04-22,-0.8083410672696666
2016-04-23,-0.9801789328039482
2016-04-24,-0.9864113918091881
2016-04-25,-1.2647582953744343
2016-04-26,-1.363591891513644
2016-04-27,-1.2654723282242628
2016-04-28,-1.348189249896476
2016-04-29,-1.3497745194495783
2016-04-30,-1.5505838553044264
2016-05-01,-1.3246503622361017
2016-05-02,-1.335713707431289
2016-05-03,-0.9399474107799063
2016-05-04,-1.4114961474964636
2016-05-05,-1.2882261802986417
2016-05-06,-1.085762139886551
2016-05-07,-0.9536499287104874
2016-05-08,-1.3961677951376255
2016-05-09,-1.0854469968899876
2016-05-10,-1.6484508867565422
2016-05-11,-1.6006294461145218
2016-05-12,-1.4569469390333711
2016-05-13,-1.7250574965598606
2016-05-14,-1.7643026922765392
2016-05-15,-1.5910460286424075
2016-05-16,-1.4934685295515164
2016-05-17,-1.3043384803324576
2016-05-18,-1.0481412814881472
2016-05-19,-1.2265166885719814
2016-05-20,-1.1748705489272286
2016-05-21,-1.3696263645736757
2016-05-22,-1.433058700436288
2016-05-23,-1.413333048449663
2016-05-24,-1.3728932680676218
2016-05-25,-1.4606613584956831
2016-05-26,-1.2624475419148307
2016-05-27,-1.4739634493214984
2016-05-28,-1.6195267582042174
2016-05-29,-1.7810239318400416
2016-05-30,-1.3759185653808794
2016-05-31,-1.3393783814634286
2016-06-01,-1.294752598028619
2016-06-02,-1.192349564190628
2016-06-03,-1.3301181054860003
2016-06-04,-1.1417892560706686
2016-06-05,-1.427455808262572
2016-06-06,-1.4679677967893765
2016-06-07,-1.547623015461525
2016-06-08,-1.466582681848396
2016-06-09,-1.6535429884752284
2016-06-10,-0.9499570145621768
2016-06-11,-0.9213940890390759
2016-06-12,-1.090102524041776
2016-06-13,-1.4035254144991576
2016-06-14,-1.3318270002607833
2016-06-15,-1.3394324132494144
2016-06-16,-2.136572562743591
2016-06-17,-2.149593131826691
2016-06-18,-2.55232093198462
2016-06-19,-1.9396977773020194
2016-06-20,-1.4946796029306664
2016-06-21,-1.943107477534779
2016-06-22,-1.5605313887014942
2016-06-23,-1.4794316777367302
2016-06-24,-0.9478129721190003
2016-06-25,-1.2205724145751142
2016-06-26,-1.4394450639319376
2016-06-27,-1.4402549178708977
2016-06-28,-1.231008014978503
2016-06-29,-1.1708498476664622
2016-06-30,-1.3007990625832646
2016-07-01,-1.536063995890217
2016-07-02,-1.450578728060345
2016-07-03,-1.6535328240305043
2016-07-04,-1.4716680185876176
2016-07-05,-1.3885927474616429
2016-07-06,-2.1395277960051318
2016-07-07,-1.7652508088514358
2016-07-08,-1.2928710933142917
2016-07-09,-1.4288743011291591
2016-07-10,-1.7527740006888382
2016-07-11,-1.0512683502332858
2016-07-12,-0.9141682855525897
2016-07-13,-0.686581564585862
2016-07-14,-0.5227464261461741
2016-07-15,-1.2489108574152805
2016-07-16,-1.6106312843618713
2016-07-17,-1.2478379731041147
2016-07-18,-0.9997815928539975
2016-07-19,-1.2906868493477985
2016-07-20,-1.0991661125180805
2016-07-21,-1.331229491866924
2016-07-22,-1.2774849423029064
2016-07-23,-1.6616196647976176
2016-07-24,-1.5346539291829921
2016-07-25,-1.3971261189449353
2016-07-26,-1.2101676792386602
2016-07-27,-1.2107417347106606
2016-07-28,-1.1768441824189995
2016-07-29,-1.5279988176642296
2016-07-30,-1.6151522306253416
2016-07-31,-1.7344107724819704
2016-08-01,-1.6008280694129466
2016-08-02,-1.4568842402992175
2016-08-03,-1.473448060549501
2016-08-04,-2.1347851813577225
2016-08-05,-2.1389386675709057
2016-08-06,-2.668909716563101
2016-08-07,-1.772579876650003
2016-08-08,-1.6454027691011859
2016-08-09,-1.4036449358511611
2016-08-10,-1.330183932118724
2016-08-11,-1.7120255199179821
2016-08-12,-2.1740494531297605
2016-08-13,-1.454066631493246
2016-08-14,-1.797042887204457
2016-08-15,-1.5427856832850737
2016-08-16,-1.5716488836838831
2016-08-17,-1.5896323087447275
2016-08-18,-1.0503559194811727
2016-08-19,-1.293629976364998
2016-08-20,-1.8253576535959406
2016-08-21,-1.8891423868695802
2016-08-22,-1.9075018453008918
2016-08-23,-1.3223370739286857
2016-08-24,-1.6573003420048065
2016-08-25,-1.3503895262039556
2016-08-26,-1.81848043486104
2016-08-27,-1.570363327323363
2016-08-28,-1.5206633999369694
2016-08-29,-1.5010993763098195
2016-08-30,-1.2899154249916043
2016-08-31,-1.351382794192537
2016-09-01,-0.9150949942434324
2016-09-02,-1.2605068607729264
2016-09-03,-1.4022044647265637
2016-09-04,-1.2814971893293359
2016-09-05,-1.3344792385362099
2016-09-06,-1.6244410947981014
2016-09-07,-1.4447429982224431
2016-09-08,-1.2165570963865844
2016-09-09,-1.218859212063028
2016-09-10,-1.3651936200546917
2016-09-11,-1.5694630443942204
2016-09-12,-1.1419579171651242
2016-09-13,-1.2992675472693886
2016-09-14,-1.4998736414699136
2016-09-15,-1.4046058749481218
2016-09-16,-1.4548244116804143
2016-09-17,-1.5938474743546682
2016-09-18,-1.5820874759428265
2016-09-19,-1.3552744398390157
2016-09-20,-0.9754067547760239
2016-09-21,-1.326088813903648
2016-09-22,-1.1039971142920442
2016-09-23,-1.4002888209751863
2016-09-24,-1.1678729575011209
2016-09-25,-1.7172554466349603
2016-09-26,-1.6843043034206104
2016-09-27,-1.4249884332588607
2016-09-28,-0.9731835109062127
2016-09-29,-1.070845557991975
2016-09-30,-1.2772581605385216
2016-10-01,-1.422394673958081
2016-10-02,-1.164420731515274
2016-10-03,-1.111071193549284
2016-10-04,-1.2661290686097368
2016-10-05,-1.1976769441589126
2016-10-06,-1.3064918137713564
2016-10-07,-1.3545856090469879
2016-10-08,-1.7238625098780476
2016-10-09,-2.0531765528813684
2016-10-10,-1.30377338656784
2016-10-11,-1.496156889987363
2016-10-12,-1.530159347073115
2016-10-13,-1.4376272452982735
2016-10-14,-1.3156091880896288
2016-10-15,-1.4441879110203093
2016-10-16,-2.018287957302514
2016-10-17,-2.0122244939333713
2016-10-18,-1.5703964596238407
2016-10-19,-1.538099525847021
2016-10-20,-1.4185377303211246
2016-10-21,-1.8718234464843
2016-10-22,-1.5567866213636492
2016-10-23,-1.630127457277353
2016-10-24,-1.452743645079136
2016-10-25,-1.2293599014132788
2016-10-26,-1.44578692586907
2016-10-27,-1.1652021880109742
2016-10-28,-1.1330258066830008
2016-10-29,-1.2278359936162568
2016-10-30,-1.287309025811732
2016-10-31,-1.3000815153952001
2016-11-01,-0.9996079744479537
2016-11-02,-1.2822987865532947
2016-11-03,-0.9985561023933739
2016-11-04,-1.1781637547958332
2016-11-05,-1.3232368361966738
2016-11-06,-1.3505351258705824
2016-11-07,-1.1216023832576367
2016-11-08,-1.1905453216589006
2016-11-09,-0.8387036307521818
2016-11-10,-0.8455390312845031
2016-11-11,-0.8532681946487275
2016-11-12,-1.1608781467395246
2016-11-13,-0.8345813405385735
2016-11-14,-1.484520579481281
2016-11-15,-1.366681915720681
2016-11-16,-1.2029425614511475
2016-11-17,-1.0693650516136768
2016-11-18,-1.0360274580038304
2016-11-19,-1.2886067363728073
2016-11-20,-1.1503484117800853
2016-11-21,-0.9308144590353455
2016-11-22,-0.875546637608517
2016-11-23,-1.7198159812986784
2016-11-24,-1.044376186044832
2016-11-25,-1.4156660572343933
2016-11-26,-1.2855848737676234
2016-11-27,-1.1794316454446612
2016-11-28,-0.8008341268118919
2016-11-29,-0.9739765679304362
2016-11-30,-0.8920644456212543
2016-12-01,-1.02364097244178
2016-12-02,-1.41778734741213
2016-12-03,-1.2826458159595566
2016-12-04,-1.216192412011769
2016-12-05,-1.3475401394394522
2016-12-06,-1.1135947190183206
2016-12-07,-1.120532145918973
2016-12-08,-1.6925977766330034
2016-12-09,-1.1958273892609084
2016-12-10,-1.4114294446959146
2016-12-11,-1.4463597564776327
2016-12-12,-1.5268442451810214
2016-12-13,-2.0256983546980294
2016-12-14,-1.4288246770646205
2016-12-15,-1.1094099299603744
2016-12-16,-1.486958051573164
2016-12-17,-1.6320408598621092
2016-12-18,-1.887182035828762
2016-12-19,-1.870488546861969
2016-12-20,-1.4709542300361833
2016-12-21,-1.3422029976009522
2016-12-22,-1.46834997876282
2016-12-23,-1.5094403948272188
2016-12-24,-1.722056536792324
2016-12-25,-0.33725631020558416
2016-12-26,-1.1290892259357819
2016-12-27,-1.173835933049646
2016-12-28,-1.1696157392958058
2016-12-29,-1.1146601961458438
2016-12-30,-1.5674236898589555
2016-12-31,-1.1221143914052547
2017-01-01,-1.2703007114685814
2017-01-02,-1.4056352382568524
2017-01-03,-1.1000565923843446
2017-01-04,-1.4303342060763435
2017-01-05,-1.1166190092587567
2017-01-06,-1.1268336366238918
2017-01-07,-1.4437981151355497
2017-01-08,-1.3154130175340513
2017-01-09,-1.1127363128574566
2017-01-10,-1.15456039811588
2017-01-11,-1.571707050744807
2017-01-12,-1.4799463604018719
2017-01-13,-1.6463771186657332
2017-01-14,-1.5835401260721493
2017-01-15,-1.142307070518569
2017-01-16,-1.2099636847963058
2017-01-17,-1.2909319877618053
2017-01-18,-1.0834519233498552
2017-01-19,-1.1817171253812337
2017-01-20,-1.0185332317073
2017-01-21,-1.4867075196857475
2017-01-22,-1.154277413297295
2017-01-23,-1.0282251348819595
2017-01-24,-0.7805259725766395
2017-01-25,-1.3346314351851665
2017-01-26,-1.2719638657908834
2017-01-27,-0.9869506231021016
2017-01-28,-1.0656825396345257
2017-01-29,-2.0329867720179178
2017-01-30,-1.9802989032975924
2017-01-31,-1.8812072599986218
2017-02-01,-1.6956680909051483
2017-02-02,-1.3727813378598674
2017-02-03,-1.402511635385145
2017-02-04,-2.016518421470452
2017-02-05,-1.9785416229446828
2017-02-06,-1.6653257310547158
2017-02-07,-1.44038072493025
2017-02-08,-1.2165632592888138
2017-02-09,-1.310140242065546
2017-02-10,-1.1849618343771713
2017-02-11,-1.8073668783686876
2017-02-12,-0.8773608064273271
2017-02-13,-1.0458292538082434
2017-02-14,-1.0622932277530595
2017-02-15,-1.0683599718858416
2017-02-16,-1.1572004358129453
2017-02-17,-1.0130407772527794
2017-02-18,-1.45902287738687
2017-02-19,-1.500235159961741
2017-02-20,-1.410306287390034
2017-02-21,-1.3644958116222352
2017-02-22,-1.5616833518404016
2017-02-23,-1.295376475430334
2017-02-24,-1.093686076573813
2017-02-25,-1.3293302062788384
2017-02-26,-1.56248794392538
2017-02-27,-1.123028255592649
2017-02-28,-1.6130106010088292
2017-03-01,-1.1826322283672452
2017-03-02,-1.080691497122797
2017-03-03,-1.1575850945277713
2017-03-04,-1.4356189477418564
2017-03-05,-1.1037370512396638
2017-03-06,-1.147744257122707
2017-03-07,-1.1982561619941892
2017-03-08,-1.1072860650578886
2017-03-09,-0.9026555348628416
2017-03-10,-1.0691194308300076
2017-03-11,-1.0796413991899698
2017-03-12,-1.5879957997036402
2017-03-13,-1.2682507680594646
2017-03-14,-0.9438570926287647
2017-03-15,-1.4199408148413766
2017-03-16,-0.9139010115904798
2017-03-17,-1.3211680852769172
2017-03-18,-1.5478729833921732
2017-03-19,-1.4489573258244584
2017-03-20,-1.003586463449361
2017-03-21,-1.0448566569638946
2017-03-22,-2.9969609355686115
2017-03-23,-4.17747265447405
2017-03-24,-2.9944470601322464
2017-03-25,-2.441526201707413
2017-03-26,-2.445412557885634
2017-03-27,-1.8083528356695238
2017-03-28,-1.609649563406263
2017-03-29,-0.7574109797185632
2017-03-30,-1.0458241771084678
2017-03-31,-1.1520605616165875
2017-04-01,-2.0846275432299044
2017-04-02,-1.7062382322722518
2017-04-03,-1.345089845527834
2017-04-04,-1.5112047702651192
2017-04-05,-2.058202356309749
2017-04-06,-1.6156769370798454
2017-04-07,-2.54448701002867
2017-04-08,-2.6049219112250768
2017-04-09,-2.480792729739589
2017-04-10,-1.7215312908720732
2017-04-11,-1.5299156152080273
2017-04-12,-1.6664211514811649
2017-04-13,-1.467961718457246
2017-04-14,-1.9458104603779802
2017-04-15,-1.740643326370308
2017-04-16,-1.9953501604782193
2017-04-17,-1.6128088761590225
2017-04-18,-1.2773199127049282
2017-04-19,-1.227122690074677
2017-04-20,-1.1258782820209157
2017-04-21,-0.9091567000740173
2017-04-22,-1.0584009064064077
2017-04-23,-1.3392099926346048
2017-04-24,-1.3256041084921046
2017-04-25,-1.3803945418741859
2017-04-26,-1.594526011718694
2017-04-27,-1.8619592690821027
2017-04-28,-1.8067141595491296
2017-04-29,-1.294631570652431
2017-04-30,-1.782471647555497
2017-05-01,-1.4917727271973635
2017-05-02,-1.1817966481619449
2017-05-03,-1.4252935483897688
2017-05-04,-1.1928483007902775
2017-05-05,-1.1536802056395072
2017-05-06,-1.3943083466809896
2017-05-07,-1.4274502967223388
2017-05-08,-0.7389004101456964
2017-05-09,-1.1543371976277823
2017-05-10,-1.2871297343692605
2017-05-11,-1.2777948106564527
2017-05-12,-1.3276368985949702
2017-05-13,-1.8664545425365484
2017-05-14,-1.7424154781916505
2017-05-15,-1.6881375779236467
2017-05-16,-1.561075336431143
2017-05-17,-1.2422241013699795
2017-05-18,-1.2178866587387722
2017-05-19,-2.4559143971489763
2017-05-20,-1.3756098306948064
2017-05-21,-1.686142546403585
2017-05-22,-1.3661767550566715
2017-05-23,-4.079419622517668
2017-05-24,-3.1049921784289025
2017-05-25,-3.108206986934318
2017-05-26,-2.703898312631554
2017-05-27,-3.070144174936475
2017-05-28,-2.9884280050328456
2017-05-29,-2.372203669447408
2017-05-30,-1.9966492598428751
2017-05-31,-1.8002319273791432
2017-06-01,-1.4846946527861815
2017-06-02,-1.2722176874943116
2017-06-03,-2.063879844093289
2017-06-04,-4.804851227151144
2017-06-05,-3.7026265482527907
2017-06-06,-3.1048132296444404
2017-06-07,-2.7220493765777456
2017-06-08,-1.9693232322129048
2017-06-09,-1.452611017591638
2017-06-10,-1.8191651994870373
2017-06-11,-1.7284586515265496
2017-06-12,-1.5259813012400498
2017-06-13,-1.3545507074462286
2017-06-14,-1.4464895187829656
2017-06-15,-1.520572294047962
2017-06-16,-1.908258171806774
2017-06-17,-1.913443527149934
2017-06-18,-2.000866972098177
2017-06-19,-2.547339089838725
2017-06-20,-2.123991366701111
2017-06-21,-1.3505225758191066
2017-06-22,-1.3254065676912061
2017-06-23,-1.4863298525356994
2017-06-24,-1.6696797710187714
2017-06-25,-1.2939496235001176
2017-06-26,-0.7263860044382179
2017-06-27,-1.246809844414093
2017-06-28,-1.2564249551098763
2017-06-29,-1.2804733826895343
2017-06-30,-1.4539659616582132
2017-07-01,-1.5548426255481969
2017-07-02,-1.3852791365704933
2017-07-03,-1.2914981462578177
2017-07-04,-1.365174643924783
2017-07-05,-1.0841454917116864
2017-07-06,-1.4648105281194028
2017-07-07,-1.3949931684123804
2017-07-08,-1.3536369031341582
2017-07-09,-1.3590136127831238
2017-07-10,-1.459406814352403
2017-07-11,-1.5627345976975704
2017-07-12,-1.0176291254924776
2017-07-13,-0.8804456210193371
2017-07-14,-1.4404459189152832
2017-07-15,-1.7054384781237677
2017-07-16,-2.200849037986321
2017-07-17,-1.1552296940753992
2017-07-18,-1.1952613706637991
2017-07-19,-1.1761338310377014
2017-07-20,-0.9798266342681344
2017-07-21,-1.0664164626496062
2017-07-22,-1.1552689627271489
2017-07-23,-1.1736536575157113
2017-07-24,-1.1398145419374095
2017-07-25,-1.1361593873233664
2017-07-26,-1.3175965533827094
2017-07-27,-1.1996514056634255
2017-07-28,-1.3127768654183727
2017-07-29,-2.0344378076950465
2017-07-30,-1.5769151792825953
2017-07-31,-1.8684034788979151
2017-08-01,-1.5136549768509304
2017-08-02,-1.6753691429021271
2017-08-03,-1.7869029193878536
2017-08-04,-1.5486142813398855
2017-08-05,-1.7099362500605342
2017-08-06,-1.7738186626778343
2017-08-07,-1.5105996590142905
2017-08-08,-1.5318115438522875
2017-08-09,-1.5971295455514598
2017-08-10,-1.7964320615597735
2017-08-11,-1.6943449422671402
2017-08-12,-2.0748214556978235
2017-08-13,-1.7618016518053659
2017-08-14,-1.570898670515118
2017-08-15,-1.392209364119174
2017-08-16,-1.616440033550725
2017-08-17,-1.1575884436889832
2017-08-18,-2.0847357100654467
2017-08-19,-2.129957052245236
2017-08-20,-1.7784322305409106
2017-08-21,-1.5395873494615568
2017-08-22,-1.241324888782968
2017-08-23,-1.2474838964706687
2017-08-24,-1.1998563083127363
2017-08-25,-1.6483646623800365
2017-08-26,-2.107189064583664
2017-08-27,-1.8194546449562952
2017-08-28,-1.506922083038708
2017-08-29,-1.429096339228822
2017-08-30,-1.2403398537246209
2017-08-31,-1.2684983359102464
2017-09-01,-1.3195356953910902
2017-09-02,-1.4600767913673771
2017-09-03,-1.3563186881855385
2017-09-04,-1.0412667107462454
2017-09-05,-1.7224590428982534
2017-09-06,-1.1818519818557016
2017-09-07,-1.2518477910151393
2017-09-08,-1.4452884443174987
2017-09-09,-1.565272185356508
2017-09-10,-1.8009018907574688
2017-09-11,-1.4936054325787442
2017-09-12,-1.7753866271755288
2017-09-13,-1.3395852395410306
2017-09-14,-1.1103701418978111
2017-09-15,-2.7723261370660643
2017-09-16,-3.1609156614789407
2017-09-17,-2.663248764871241
2017-09-18,-1.716542112061963
2017-09-19,-1.6994756258303725
2017-09-20,-1.498189488447408
2017-09-21,-1.463186955888197
2017-09-22,-1.495476253721412
2017-09-23,-1.5481903078177361
2017-09-24,-1.4044453638136638
2017-09-25,-1.645051296912499
2017-09-26,-1.361301987003696
2017-09-27,-1.4983548741981314
2017-09-28,-1.3390912071440704
2017-09-29,-1.35933561012399
2017-09-30,-1.517899681199132
2017-10-01,-1.550280914340703
2017-10-02,-1.60538081626033
2017-10-03,-1.4743646333923242
2017-10-04,-1.2620897123013608
2017-10-05,-1.3239540299850132
2017-10-06,-1.178889264333955
2017-10-07,-1.714740946697335
2017-10-08,-1.7866009484032406
2017-10-09,-1.3112328485538063
2017-10-10,-1.196500583519655
2017-10-11,-1.0068895601498895
2017-10-12,-1.368656490626713
2017-10-13,-1.5519930322745383
2017-10-14,-1.7843244502671458
2017-10-15,-1.8782083203878515
2017-10-16,-1.7782060682563754
2017-10-17,-1.432622730455655
2017-10-18,-1.568688627065825
2017-10-19,-1.3861182710268722
2017-10-20,-1.3999015823227836
2017-10-21,-1.5364989181793574
2017-10-22,-1.8191276325065697
2017-10-23,-1.258896345051086
2017-10-24,-1.2684242049805565
2017-10-25,-1.3138176254800904
2017-10-26,-1.2752027102646795
2017-10-27,-1.4964976797846985
2017-10-28,-1.5589791832265787
2017-10-29,-1.530166267706671
2017-10-30,-1.222245003712341
2017-10-31,-1.5555228583598937
2017-11-01,-1.7180692714712207
2017-11-02,-1.7376934533718016
2017-11-03,-1.5645331970062757
2017-11-04,-1.903296037425071
2017-11-05,-2.0933376619292168
2017-11-06,-1.4981985758262804
2017-11-07,-1.6232206324449014
2017-11-08,-1.4302982602055885
2017-11-09,-1.3703453656880726
2017-11-10,-1.249902030253058
2017-11-11,-1.5306040875816804
2017-11-12,-1.456373138724752
2017-11-13,-1.147074233851756
2017-11-14,-1.4752423033155977
2017-11-15,-1.3058878186842748
2017-11-16,-1.1361398376684533
2017-11-17,-1.1837753636408048
2017-11-18,-1.2850390720573988
2017-11-19,-1.0801379088775016
2017-11-20,-0.6322013569059695
2017-11-21,-0.8416886713200806
2017-11-22,-1.3001138770160467
2017-11-23,-1.2737331834229975
2017-11-24,-1.5989245608627485
2017-11-25,-1.909993109071883
2017-11-26,-1.5722889873282195
2017-11-27,-0.17445304037997453
2017-11-28,-0.3676249311399235
2017-11-29,-0.9971680484824106
2017-11-30,-1.652884218609025
2017-12-01,-1.169208810360877
2017-12-02,-1.3220324448656038
2017-12-03,-0.9690010125619479
2017-12-04,-0.7627120984053458
2017-12-05,-1.0704024995140065
2017-12-06,-1.6713714491802014
2017-12-07,-1.3602452882715745
2017-12-08,-0.6972868176853936
2017-12-09,-1.193694867397396
2017-12-10,-1.380208638954041
2017-12-11,-1.1076162635556188
2017-12-12,-0.9592495617355364
2017-12-13,-1.1257481541030083
2017-12-14,-1.259027370762361
2017-12-15,-0.9159052357880111
2017-12-16,-1.0926172210498342
2017-12-17,-1.4559309464222427
2017-12-18,-1.2443985361076904
2017-12-19,-1.6282284265791598
2017-12-20,-1.4925616622214477
2017-12-21,-1.4921386405856136
2017-12-22,-1.3517195173694347
2017-12-23,-1.2559741418575796
2017-12-24,-1.0168514393054964
2017-12-25,-0.382098108329454
2017-12-26,-1.0349334415099984
2017-12-27,-1.4171574753297829
2017-12-28,-1.3401906188718666
2017-12-29,-1.5508821190999686
2017-12-30,-1.2080146873271163
2017-12-31,-1.5748490992155826
2018-01-01,-1.8775186020756578
2018-01-02,-1.5867669167579408
2018-01-03,-1.5822325684249456
2018-01-04,-1.5121807373588627
2018-01-05,-1.6453220900397574
2018-01-06,-1.789490495368124
2018-01-07,-1.4102284554194542
2018-01-08,-1.2210987670877975
2018-01-09,-1.3419606307878635
2018-01-10,-1.4283208370303269
2018-01-11,-1.4286057380733537
2018-01-12,-1.6929097545883063
2018-01-13,-1.8387462141575708
2018-01-14,-1.3857406482752015
2018-01-15,-1.514169894670933
2018-01-16,-1.6536895373694336
2018-01-17,-1.389737797847303
2018-01-18,-1.2146647697680686
2018-01-19,-1.3540337733189012
2018-01-20,-1.2577077749152954
2018-01-21,-1.5141153172538502
2018-01-22,-1.3050249843065302
2018-01-23,-1.175269467261802
2018-01-24,-1.309547194564646
2018-01-25,-1.149235851613793
2018-01-26,-1.5364566041674625
2018-01-27,-1.5261302473614833
2018-01-28,-1.5247708569909695
2018-01-29,-1.1046909943361471
2018-01-30,-1.3378285992622245
2018-01-31,-1.1052267110074534
2018-02-01,-1.20597381161794
2018-02-02,-1.5179050600984443
2018-02-03,-1.8757966552916845
2018-02-04,-1.824060391879643
2018-02-05,-1.2758936867768826
2018-02-06,-1.918866627343797
2018-02-07,-1.306787052186496
2018-02-08,-1.4248987909339381
2018-02-09,-1.8145257406272775
2018-02-10,-1.7114115275550668
2018-02-11,-1.7956370802951191
2018-02-12,-1.3979745481898735
2018-02-13,-1.3823549493649676
2018-02-14,-1.3138778476203767
2018-02-15,-1.463978995488767
2018-02-16,-1.4556746445979591
2018-02-17,-1.4845691425107528
2018-02-18,-1.0707689002213268
2018-02-19,-0.9947795526683272
2018-02-20,-1.0662895741022296
2018-02-21,-1.1861930481785476
2018-02-22,-1.487177563121672
2018-02-23,-1.4317007368890302
2018-02-24,-1.5500915683694458
2018-02-25,-1.3941894289657824
2018-02-26,-1.3486279230648743
2018-02-27,-1.2327406783552717
2018-02-28,-1.064834490761438
2018-03-01,-1.0638056132461426
2018-03-02,-1.213392158001295
2018-03-03,-1.2725570394285424
2018-03-04,-1.4998487942777394
2018-03-05,-1.020774054936511
2018-03-06,-1.5089338767088687
2018-03-07,-1.3496634169560575
2018-03-08,-1.1454089388891737
2018-03-09,-1.3926042606940743
2018-03-10,-1.765898394206964
2018-03-11,-1.9344215794844788
2018-03-12,-1.9159178498976568
2018-03-13,-2.234743863671943
2018-03-14,-1.885143738429548
2018-03-15,-2.2750977754110884
2018-03-16,-2.584300591896119
2018-03-17,-2.7067170480566047
2018-03-18,-2.3953412553347695
2018-03-19,-1.7248957938374196
2018-03-20,-1.8011851855098215
2018-03-21,-1.7475548832529875
2018-03-22,-1.5785766227520805
2018-03-23,-1.2847410114022308
2018-03-24,-1.7293589650085723
2018-03-25,-1.8764971888483881
2018-03-26,-1.9228856768728566
2018-03-27,-1.83682615132021
2018-03-28,-1.9690547303014165
2018-03-29,-1.684382972400555
2018-03-30,-2.062359696397663
2018-03-31,-2.2343116489820534
2018-04-01,-1.828743923472363
2018-04-02,-1.8189714445411707
2018-04-03,-1.700740008629804
2018-04-04,-1.9743642341595955
2018-04-05,-1.890504081593828
2018-04-06,-2.2036055372183485
2018-04-07,-2.2252909517162243
2018-04-08,-2.300422617619169
2018-04-09,-2.13223493740041
2018-04-10,-1.6614026407744171
2018-04-11,-1.5661168291638106
2018-04-12,-1.9600083804077737
2018-04-13,-2.047528357595449
2018-04-14,-3.176155913276819
2018-04-15,-2.4163081882035526
2018-04-16,-1.9733342257353121
2018-04-17,-1.7891931760019884
2018-04-18,-1.4296582693314963
2018-04-19,-1.3590303620984006
2018-04-20,-1.406011770198598
2018-04-21,-1.3867027224904496
2018-04-22,-1.4685944888438935
2018-04-23,-0.39117933063275656
2018-04-24,-0.7076767192504518
2018-04-25,-1.1013371284035864
2018-04-26,-0.9902923045187381
2018-04-27,-0.9844188239189017
2018-04-28,-1.2484819109249217
2018-04-29,-1.6490187545738715
2018-04-30,-1.6307123901692793
2018-05-01,-1.223971630632893
2018-05-02,-1.2594173353777112
2018-05-03,-1.3155349233481306
2018-05-04,-1.0628375354790398
2018-05-05,-1.2917529258165459
2018-05-06,-1.5013591712819898
2018-05-07,-1.3543830164372381
2018-05-08,-1.1484345992429585
2018-05-09,-0.8920004649703837
2018-05-10,-0.930141141765716
2018-05-11,-1.16655273725123
2018-05-12,-1.3260574410697628
2018-05-13,-1.0070458149174386
2018-05-14,-1.2742102153441128
2018-05-15,-1.3414982170690644
2018-05-16,-1.145806305020985
2018-05-17,-0.6390289828043053
2018-05-18,-0.4063284491569706
2018-05-19,1.1412311211303365
2018-05-20,0.2612923084024248
2018-05-21,-0.5681919804554009
2018-05-22,-0.9341000510031204
2018-05-23,-1.0304113403560229
2018-05-24,-1.3752842827168579
2018-05-25,-1.318450944751148
2018-05-26,-1.2849696789502432
2018-05-27,-1.407615109444801
2018-05-28,-1.3196164730620918
2018-05-29,-1.2607702981159108
2018-05-30,-1.1793400103294618
2018-05-31,-1.1323266392346671
2018-06-01,-1.132091092627248
2018-06-02,-1.4529854094293067
2018-06-03,-1.6868923355851613
2018-06-04,-1.3691713395167313
2018-06-05,-1.2517355092999853
2018-06-06,-1.1414014024894612
2018-06-07,-1.2383459103433334
2018-06-08,-0.9442510598393558
2018-06-09,-0.6210272429083883
2018-06-10,-0.933767006892377
2018-06-11,-1.010176411785695
2018-06-12,-0.9483687510501295
2018-06-13,-1.1046285727373477
2018-06-14,-1.0088101679587418
2018-06-15,-1.1186309583128713
2018-06-16,-1.246334839399526
2018-06-17,-1.1248042797285165
2018-06-18,-0.8396774800237188
2018-06-19,-1.0166279108151943
2018-06-20,-1.1966868961590826
2018-06-21,-1.0750800562015908
2018-06-22,-0.8395529195972729
2018-06-23,-0.9225753201606444
2018-06-24,-0.9600926789575425
2018-06-25,-0.9408370608417761
2018-06-26,-0.909656245756871
2018-06-27,-0.8830854104455285
2018-06-28,-0.8531997147885931
2018-06-29,-0.8000371927280872
2018-06-30,-1.0695729020026365
2018-07-01,-1.0055159322875888
2018-07-02,-0.8571183134187301
2018-07-03,-1.0599105572002674
2018-07-04,-1.3395937144782482
2018-07-05,-1.3407571460103693
2018-07-06,-1.2751723141690288
2018-07-07,-0.94086972445957
2018-07-08,-1.5101260715294296
2018-07-09,-1.3579839635436872
2018-07-10,-0.5825099260936156
2018-07-11,-0.6015760891795704
2018-07-12,-0.5937484916388821
2018-07-13,-1.1269675159418155
2018-07-14,-1.8017418761384534
2018-07-15,-1.5143632414491877
2018-07-16,-1.0905015853524307
2018-07-17,-1.28636933000166
2018-07-18,-1.2284169129208324
2018-07-19,-1.4782243165809288
2018-07-20,-1.4466371448522506
2018-07-21,-1.5641561712828898
2018-07-22,-1.8231719226976344
2018-07-23,-1.911121865178126
2018-07-24,-1.3662135062082708
2018-07-25,-1.3354420693754545
2018-07-26,-1.2244653175770308
2018-07-27,-1.5592178885234198
2018-07-28,-2.056676909258798
2018-07-29,-1.9642107068118722
2018-07-30,-1.3234897583432228
2018-07-31,-1.67683595425308
2018-08-01,-1.5677030661909268
2018-08-02,-1.4041568536876423
2018-08-03,-1.4811542408517657
2018-08-04,-1.4536699939952809
2018-08-05,-1.5121559410051266
2018-08-06,-1.4840274454013958
2018-08-07,-1.6365598575888898
2018-08-08,-1.7240552259002315
2018-08-09,-1.997963234144294
2018-08-10,-1.610767468272418
2018-08-11,-1.8757437379541468
2018-08-12,-1.8832865723601209
2018-08-13,-1.5953237808632776
2018-08-14,-2.262973170598898
2018-08-15,-1.9678467342445292
2018-08-16,-1.1143443131822963
2018-08-17,-1.3182845417219482
2018-08-18,-1.761180266179649
2018-08-19,-1.6709998739611687
2018-08-20,-1.5087961431666885
2018-08-21,-1.5035486464938461
2018-08-22,-1.655425840353894
2018-08-23,-1.2668464984382413
2018-08-24,-1.4087820218343243
2018-08-25,-1.5895168671952726
2018-08-26,-1.5353499534500274
2018-08-27,-1.5377434757522832
2018-08-28,-1.1613924706257133
2018-08-29,-1.2847865934513787
2018-08-30,-1.3582221114081634
2018-08-31,-1.481934488921163
2018-09-01,-1.6799131233083253
2018-09-02,-1.7074260934046588
2018-09-03,-1.5310954632887432
2018-09-04,-1.5759079515106604
2018-09-05,-2.195733647028616
2018-09-06,-1.885010588935016
2018-09-07,-1.9701992162455786
2018-09-08,-1.7930257430753682
2018-09-09,-2.113401244155463
2018-09-10,-1.632909217291616
2018-09-11,-1.4476911252478375
2018-09-12,-1.6612606354917787
2018-09-13,-1.7866892453835896
2018-09-14,-1.799585444327269
2018-09-15,-1.722162885975545
2018-09-16,-2.033541571857397
2018-09-17,-1.3140747138298106
2018-09-18,-1.1078738803333037
2018-09-19,-1.1930465980683334
2018-09-20,-1.0698362799584515
2018-09-21,-1.3781597326704063
2018-09-22,-1.4567770306336207
2018-09-23,-1.4684027932642436
2018-09-24,-1.1735383104400336
2018-09-25,-1.2927252168687744
2018-09-26,-1.2232690528949863
2018-09-27,-0.8972659948806414
2018-09-28,-1.150162882603278
2018-09-29,-1.57302703429061
2018-09-30,-1.6601353093955493
2018-10-01,-1.0128791288625723
2018-10-02,-0.8778337123451402
2018-10-03,-0.8952721298601264
2018-10-04,-1.34370805080062
2018-10-05,-1.305913431364852
2018-10-06,-1.3976163507185493
2018-10-07,-1.3391582961156274
2018-10-08,-1.0438571368825518
2018-10-09,-1.1198203146144148
2018-10-10,-1.3679875870006184
2018-10-11,-0.9892564348277534
2018-10-12,-1.0536145746863774
2018-10-13,-1.5423873456922887
2018-10-14,-1.5975683380059091
2018-10-15,-0.6665056182392575
2018-10-16,-1.0630685972743936
2018-10-17,-1.2205419739321555
2018-10-18,-1.2648515899259751
2018-10-19,-1.5349820624785422
2018-10-20,-1.611241267011178
2018-10-21,-1.819365884676739
2018-10-22,-1.1700928462522908
2018-10-23,-0.9697623371490532
2018-10-24,-1.0075954565612666
2018-10-25,-1.14401607155424
2018-10-26,-1.4756043544048132
2018-10-27,-1.5091096609137675
2018-10-28,-1.5095508122139194
2018-10-29,-0.9580427237871404
2018-10-30,-1.12103036077019
2018-10-31,-0.9810688509647816
2018-11-01,-1.306046453814298
2018-11-02,-1.3584523226122647
2018-11-03,-1.4135069646800582
2018-11-04,-1.7595104545913833
2018-11-05,-1.222638449337364
2018-11-06,-1.207866772468353
2018-11-07,-1.2577102864360594
2018-11-08,-1.1661914355520981
2018-11-09,-1.2038551684770082
2018-11-10,-1.5802057586352596
2018-11-11,-1.579078761952187
2018-11-12,-1.5024861035018815
2018-11-13,-1.3679836354260486
2018-11-14,-0.8361281811007225
2018-11-15,-0.8776935823842511
2018-11-16,-1.3818593820153593
2018-11-17,-1.7353072449897649
2018-11-18,-1.6910859573926094
2018-11-19,-1.1686099876640954
2018-11-20,-1.2305738486662032
2018-11-21,-1.282960351326269
2018-11-22,-1.2481180460707548
2018-11-23,-1.3599129121967246
2018-11-24,-1.416462602832223
2018-11-25,-0.5565353042178975
2018-11-26,-0.9600206081415384
2018-11-27,-1.012170621797132
2018-11-28,-1.433558970764114
2018-11-29,-1.3485168997809511
2018-11-30,-1.2116015758193692
2018-12-01,-1.4001776898825902
2018-12-02,-1.5552738222084375
2018-12-03,-1.3319137346801289
2018-12-04,-1.1527708286161007
2018-12-05,-1.3195154790965253
2018-12-06,-1.3688862021240122
2018-12-07,-1.564709433459095
2018-12-08,-1.4541303225818882
2018-12-09,-2.034635369276044
2018-12-10,-1.6222874993260796
2018-12-11,-1.241611412839038
2018-12-12,-0.9618511140663496
2018-12-13,-1.0037824992971605
2018-12-14,-1.1418556993996878
2018-12-15,-1.4859236806318339
2018-12-16,-1.4886243493820868
2018-12-17,-1.2308080289915488
2018-12-18,-1.1347676633259676
2018-12-19,-1.517655283669287
2018-12-20,-1.769122053259481
2018-12-21,-1.9292010120031966
2018-12-22,-2.0156087498119017
2018-12-23,-1.8088484713699988
2018-12-24,-1.4826515409389103
2018-12-25,-1.0699859832398833
2018-12-26,-1.4291391154389828
2018-12-27,-1.57812451486579
2018-12-28,-1.5689824260761178
2018-12-29,-1.5128856409985767
2018-12-30,-1.880054225235655
2018-12-31,-1.4538754674477412
2019-01-01,-2.091207179532338
2019-01-02,-1.612102439712073
2019-01-03,-1.716898406871877
2019-01-04,-1.8143255313017312
2019-01-05,-2.227531534196124
2019-01-06,-1.9929611034465975
2019-01-07,-1.4016438689428135
2019-01-08,-1.6672577264792532
2019-01-09,-1.6062337341248003
2019-01-10,-1.4782855263151609
2019-01-11,-1.6359789366173334
2019-01-12,-2.0591725841877975
2019-01-13,-1.6524664351998668
2019-01-14,-1.3990841413900683
2019-01-15,-1.537340593196893
2019-01-16,-1.5736473071846708
2019-01-17,-1.3166900927481184
2019-01-18,-1.6047939174442931
2019-01-19,-1.651285563885897
2019-01-20,-1.8136680720450955
2019-01-21,-1.5164637098673956
2019-01-22,-1.4018876353791139
2019-01-23,-1.3600268529682886
2019-01-24,-1.8103903915189095
2019-01-25,-1.5638694745134976
2019-01-26,-1.7081673020020258
2019-01-27,-1.732806779914181
2019-01-28,-1.3534083765538252
2019-01-29,-1.3075498087634057
2019-01-30,-1.2385132357933815
2019-01-31,-1.381759347106788
2019-02-01,-1.2786712961638285
2019-02-02,-1.4263045461750088
2019-02-03,-1.5080288452625177
2019-02-04,-1.3457259636236245
2019-02-05,-0.959680336560922
2019-02-06,-1.1449946802015085
2019-02-07,-1.2290911246510938
2019-02-08,-1.1308500509753479
2019-02-09,-1.5734696479146701
2019-02-10,-1.2723770355160824
2019-02-11,-0.9875157828742797
2019-02-12,-1.3300263184593601
2019-02-13,-1.3285038202248869
2019-02-14,-1.491763405609682
2019-02-15,-1.7405108877631923
2019-02-16,-1.847275866266689
2019-02-17,-1.9745337990764855
2019-02-18,-1.8176717122326833
2019-02-19,-1.4391713334151992
2019-02-20,-1.4034836948133345
2019-02-21,-1.3766369820437148
2019-02-22,-1.5068866491678297
2019-02-23,-1.5204864725971396
2019-02-24,-1.2362876911227128
2019-02-25,-1.3593856970026479
2019-02-26,-1.4439061334327243
2019-02-27,-1.46415380891074
2019-02-28,-1.2624995663253378
2019-03-01,-1.3199606033749642
2019-03-02,-1.6102752534599345
2019-03-03,-1.6829320129541088
2019-03-04,-1.6438894958348145
2019-03-05,-1.2250299619703073
2019-03-06,-1.7737168968348755
2019-03-07,-1.6314166316950987
2019-03-08,-1.4237811204474804
2019-03-09,-2.3343262564186045
2019-03-10,-1.8196917841651987
2019-03-11,-1.372192174608004
2019-03-12,-1.1615658342631008
2019-03-13,-1.4865911478802902
2019-03-14,-1.8653256392267712
2019-03-15,-1.7866788865201981
2019-03-16,-1.7467715536598178
2019-03-17,-1.4711373993196186
2019-03-18,-1.2894960944793392
2019-03-19,-1.5040920822836823
2019-03-20,-1.7964184821898044
2019-03-21,-1.6006331246579684
2019-03-22,-1.4018429234313752
2019-03-23,-1.5594134521397711
2019-03-24,-1.8212957513082282
2019-03-25,-1.289879978650461
2019-03-26,-1.367382032017062
2019-03-27,-1.2370292399992653
2019-03-28,-1.116149186997819
2019-03-29,-1.3912467426369772
2019-03-30,-1.7334853646851678
2019-03-31,-1.61301689305368
2019-04-01,-1.4032148957145372
2019-04-02,-1.4986283867558314
2019-04-03,-1.2969483483981312
2019-04-04,-1.3077105023122544
2019-04-05,-1.6804818782949738
2019-04-06,-1.7072960004753235
2019-04-07,-1.6849579221524649
2019-04-08,-1.5169503106702162
2019-04-09,-1.7134941923684834
2019-04-10,-1.5710749841194942
2019-04-11,-3.0988758875181497
2019-04-12,-3.309821430514495
2019-04-13,-3.163694007790628
2019-04-14,-2.723269140438087
2019-04-15,-2.207707859707929
2019-04-16,-1.8673113921670885
2019-04-17,-1.7102400776761486
2019-04-18,-1.7566636686294481
2019-04-19,-2.7445773309286157
2019-04-20,-2.9601098796273213
2019-04-21,-2.408623064871937
2019-04-22,-2.314573794724053
2019-04-23,-1.302094732062594
2019-04-24,-1.5338116776259698
2019-04-25,-1.409948928832783
2019-04-26,-1.7846533784727867
2019-04-27,-1.890817549504028
2019-04-28,-1.8164269420402999
2019-04-29,-1.3716620771300636
2019-04-30,-1.542691633119531
2019-05-01,-2.383399924606261
2019-05-02,-1.9544113001897296
2019-05-03,-1.5506166419718823
2019-05-04,-1.624266997675247
2019-05-05,-1.5759418069283877
2019-05-06,-0.38365926457139304
2019-05-07,-0.6989287649178673
2019-05-08,-0.8054101622454032
2019-05-09,-1.2148888675393297
2019-05-10,-1.1555353870656122
2019-05-11,-1.6070757621314347
2019-05-12,-1.328933379809052
2019-05-13,-2.290743401437722
2019-05-14,-1.4595183941342984
2019-05-15,-1.3550222791913273
2019-05-16,-1.1658948013211308
2019-05-17,-1.3281088052874184
2019-05-18,-1.1570274109526577
2019-05-19,-1.1659059575949
2019-05-20,-1.775021384008616
2019-05-21,-1.0930494864402278
2019-05-22,-1.3013056371888212
2019-05-23,-1.5513235153215057
2019-05-24,-1.4084133186552594
2019-05-25,-1.1355011894438773
2019-05-26,-0.9943684761086306
2019-05-27,-0.705505311152166
2019-05-28,-0.9367424264915714
2019-05-29,-1.1885197816168
2019-05-30,-1.4184663043039907
2019-05-31,-1.6735309393416866
2019-06-01,-1.0619804652839346
2019-06-02,-1.078212661951629
2019-06-03,-1.242165087163307
2019-06-04,-1.0560837605991573
2019-06-05,-1.0651839373758305
2019-06-06,-0.9507629470352472
2019-06-07,-1.176296704208091
2019-06-08,-0.8977338864486584
2019-06-09,-1.3879989402196986
2019-06-10,-1.133595905187314
2019-06-11,-1.526651081985082
2019-06-12,-1.38721380658779
2019-06-13,-1.6798711196989817
2019-06-14,-1.6546723910668504
2019-06-15,-2.5687820818003906
2019-06-16,-2.4879612605199544
2019-06-17,-1.5792741701176216
2019-06-18,-1.1755258596809726
2019-06-19,-1.3197273560845604
2019-06-20,-1.2252234179598906
2019-06-21,-1.4921886227808996
2019-06-22,-1.804357230806884
2019-06-23,-1.707240309562147
2019-06-24,-1.444920063825839
2019-06-25,-1.1278662953403733
2019-06-26,-1.2101052162492587
2019-06-27,-1.163673019637486
2019-06-28,-1.1503419090904505
2019-06-29,-1.1485933999833224
2019-06-30,-1.2311680124136777
2019-07-01,-1.4276434515307037
2019-07-02,-1.1928182146189252
2019-07-03,-1.3684463794335373
2019-07-04,-1.6433618628573228
2019-07-05,-1.6951681043463558
2019-07-06,-1.46807595830399
2019-07-07,-1.6772879657061255
2019-07-08,-1.6376081816914223
2019-07-09,-1.4279484227122603
2019-07-10,-1.5415606207046801
2019-07-11,-1.8482761946939537
2019-07-12,-1.9702455908937793
2019-07-13,-2.139669245858213
2019-07-14,-1.9955255024837952
2019-07-15,-1.9243053745990089
2019-07-16,-1.485943047592602
2019-07-17,-2.0254175956821157
2019-07-18,-1.915072714220512
2019-07-19,-1.7892595450441247
2019-07-20,-2.440582265274218
2019-07-21,-2.490078470147967
2019-07-22,-1.9771109132140197
2019-07-23,-1.2504543417254748
2019-07-24,-1.206404426790691
2019-07-25,-1.1633865633508689
2019-07-26,-1.460745032774894
2019-07-27,-1.5674265640623029
2019-07-28,-1.8322329781164894
2019-07-29,-1.3469616554484
2019-07-30,-1.3332415346155078
2019-07-31,-1.332018646478737
2019-08-01,-1.5131713805053617
2019-08-02,-1.4639030266486805
2019-08-03,-2.14259343974245
2019-08-04,-1.5452617862881965
2019-08-05,-1.450683228261702
2019-08-06,-1.4259143832686876
2019-08-07,-1.63815275675536
2019-08-08,-1.375798646316202
2019-08-09,-1.5056327004128247
2019-08-10,-1.8775885369678063
2019-08-11,-2.2775123861683464
2019-08-12,-1.5595371854875273
2019-08-13,-1.7069148509516414
2019-08-14,-1.7238810444715744
2019-08-15,-0.9987138532735798
2019-08-16,-1.570442543340027
2019-08-17,-1.8483056062248249
2019-08-18,-2.2801012914529384
2019-08-19,-1.7568129885868855
2019-08-20,-1.6414285069227528
2019-08-21,-1.4712474956858497
2019-08-22,-1.075079993339553
2019-08-23,-1.503011923557287
2019-08-24,-1.720557482346461
2019-08-25,-1.620649520128724
2019-08-26,-1.3864156650033972
2019-08-27,-1.3636861826379763
2019-08-28,-1.850587863716077
2019-08-29,-2.334161552690178
2019-08-30,-1.939719752386152
2019-08-31,-2.510834225205104
2019-09-01,-2.4611543200737143
2019-09-02,-2.0580177977151837
2019-09-03,-1.9340319621380753
2019-09-04,-2.032313734760908
2019-09-05,-1.603636374563029
2019-09-06,-1.6521535821499675
2019-09-07,-1.9161318215656589
2019-09-08,-2.131413202524187
2019-09-09,-1.669458421441153
2019-09-10,-1.6745995482595382
2019-09-11,-1.7664313981038493
2019-09-12,-1.6147460487883938
2019-09-13,-1.7158874145883285
2019-09-14,-1.764556432182676
2019-09-15,-1.5408410842526545
2019-09-16,-1.2698390369186667
2019-09-17,-1.2913864773387242
2019-09-18,-1.237222892421661
2019-09-19,-1.2076770936904577
2019-09-20,-1.3155772363355451
2019-09-21,-1.5805116039299043
2019-09-22,-1.5564303059803153
2019-09-23,-1.249751541624363
2019-09-24,-1.475813145024723
2019-09-25,-1.5032067314350204
2019-09-26,-1.8220423575437141
2019-09-27,-2.016678054315084
2019-09-28,-1.7946599520367565
2019-09-29,-1.8326638407385663
2019-09-30,-1.300357341506932
2019-10-01,-1.5084542020024059
2019-10-02,-1.2360302359660302
2019-10-03,-1.2739919388404715
2019-10-04,-1.3033568021429414
2019-10-05,-1.6732344630594578
2019-10-06,-1.7834583886698308
2019-10-07,-1.830182424511151
2019-10-08,-1.8037460079528762
2019-10-09,-1.689501356685024
2019-10-10,-1.5750885943364379
2019-10-11,-1.629705558793481
2019-10-12,-1.9807019391260936
2019-10-13,-1.52303574319239
2019-10-14,-1.6182437144429196
2019-10-15,-1.1879082988726788
2019-10-16,-1.0457973596936283
2019-10-17,-0.46174994375489103
2019-10-18,-1.188745375523817
2019-10-19,-1.4513919866729108
2019-10-20,-1.7160932170283847
2019-10-21,-1.3087999840145983
2019-10-22,-1.4965652286002853
2019-10-23,-1.8620072963985665
2019-10-24,-1.9892922791629324
2019-10-25,-1.8742000890097177
2019-10-26,-2.505158669188365
2019-10-27,-2.4636746191716745
2019-10-28,-1.6849540566383907
2019-10-29,-1.4570271469371872
2019-10-30,-1.5922255415243904
2019-10-31,-1.5602165824430498
2019-11-01,-1.638992692488861
2019-11-02,-2.139269988854712
2019-11-03,-1.3223279220377084
2019-11-04,-1.4773009092365688
2019-11-05,-1.2522266980396044
2019-11-06,-1.5858063832959426
2019-11-07,-1.3124034803418225
2019-11-08,-1.5642264825900671
2019-11-09,-1.899609620306625
2019-11-10,-1.4338298509009966
2019-11-11,-1.4031968149745657
2019-11-12,-1.1840793067994952
2019-11-13,-1.031213957898123
2019-11-14,-1.3910470188234039
2019-11-15,-1.2526917248533254
2019-11-16,-1.353619379474862
2019-11-17,-1.4285620136491082
2019-11-18,-1.6532826010468173
2019-11-19,-2.1276885626994457
2019-11-20,-1.5837467516545114
2019-11-21,-1.5833252932125597
2019-11-22,-1.4505746697661783
2019-11-23,-1.1748966674169754
2019-11-24,-1.8116195542023996
2019-11-25,-2.056280658310044
2019-11-26,-1.7979580919629872
2019-11-27,-1.5267591969935526
2019-11-28,-1.3311102544832603
2019-11-29,-2.2058640154093885
2019-11-30,-3.968888785598506
2019-12-01,-3.467628478290642
2019-12-02,-2.5363213076190756
2019-12-03,-1.5050337580391606
2019-12-04,-1.523904930340694
2019-12-05,-1.5387064552060516
2019-12-06,-1.9441028453657865
2019-12-07,-1.7910355555124324
2019-12-08,-1.7900310745777408
2019-12-09,-1.6874170971565077
2019-12-10,-1.4813180312722711
2019-12-11,-1.2916794129019986
2019-12-12,-1.1551451169452176
2019-12-13,-0.6636326465941781
2019-12-14,-0.8250827835223502
2019-12-15,-1.1077921715497807
2019-12-16,-1.0630492345997309
2019-12-17,-1.0300531637454973
2019-12-18,-1.2349741370356795
2019-12-19,-1.236385010938089
2019-12-20,-1.381664675980496
2019-12-21,-1.333870910535569
2019-12-22,-1.2249643919761457
2019-12-23,-1.3988820676435434
2019-12-24,-1.2156875380962944
2019-12-25,-0.2702179075939758
2019-12-26,-1.0993086747475496
2019-12-27,-1.0068748189389878
2019-12-28,-1.1153009219212855
2019-12-29,-1.7231841805287096
2019-12-30,-1.5766633517396365
2019-12-31,-1.4587428202775699
2020-01-01,-1.445014873153361
2020-01-02,0.04443746586690695
2020-01-03,-0.5126278423336589
2020-01-04,-1.4547827064438916
2020-01-05,-2.8064807017667905
2020-01-06,-2.200981843948943
2020-01-07,-2.1093934481110894
2020-01-08,-1.6907744798046398
2020-01-09,-1.152022844108331
2020-01-10,-1.5280449500647186
2020-01-11,-1.526800830962027
2020-01-12,-1.6736650593359192
2020-01-13,-1.2831962757360627
2020-01-14,-1.2831685027867656
2020-01-15,-1.2284816195773702
2020-01-16,-1.3318223339398916
2020-01-17,-1.5397894268687384
2020-01-18,-0.7800986113088325
2020-01-19,-0.7742963616096163
2020-01-20,-0.6675053586187841
2020-01-21,-0.9088309112472556
2020-01-22,-0.998588079195051
2020-01-23,-1.2583993174212083
2020-01-24,-1.4722300641097095
2020-01-25,-1.3992486913485545
2020-01-26,-1.1323546196637684
2020-01-27,-1.3403731013845275
2020-01-28,-1.1747706319543176
2020-01-29,-1.229000401081721
2020-01-30,-1.0990383627746703
2020-01-31,-0.9133985442112871
2020-02-01,-0.8592695890674795
2020-02-02,-1.8931903518609003
2020-02-03,-1.813662614802446
2020-02-04,-1.576293771036278
2020-02-05,-1.8091569329653716
2020-02-06,-1.6520962208679697
2020-02-07,-1.7207346051879748
2020-02-08,-1.541638992748754
2020-02-09,-1.7346689332893808
2020-02-10,-1.5034351056142057
2020-02-11,-1.3944278019231935
2020-02-12,-1.5628141749118638
2020-02-13,-1.5837485980275954
2020-02-14,-1.4976591714249181
2020-02-15,-1.8481025355726919
2020-02-16,-1.9130629132521744
2020-02-17,-1.7105141939285233
2020-02-18,-1.7397118664209401
2020-02-19,-1.4035599266344778
2020-02-20,-1.775947103498307
2020-02-21,-1.6237701530859496
2020-02-22,-1.914772251744532
2020-02-23,-1.8578499112744054
2020-02-24,-2.044195682170061
2020-02-25,-1.6778186624110147
2020-02-26,-1.5003625866195196
2020-02-27,-1.3790709549256783
2020-02-28,-1.2940928296035994
2020-02-29,-1.689516529351572
2020-03-01,-1.7812163565531598
2020-03-02,-1.1904948557196968
2020-03-03,-1.4534975347748644
2020-03-04,-1.3804970434388786
2020-03-05,-1.4697015455971911
2020-03-06,-1.3936311732625724
2020-03-07,-1.2588872160092708
2020-03-08,-0.9146435287871104
2020-03-09,-1.1472971343824083
2020-03-10,-1.2475418504591005
2020-03-11,-1.1988793595896163
2020-03-12,-1.9055703597947757
2020-03-13,-2.1529707867247865
2020-03-14,-2.0028108375595757
2020-03-15,-1.9661221400684015
2020-03-16,-1.9601681486154647
2020-03-17,-1.9876743086499449
2020-03-18,-1.8869912711274839
2020-03-19,-1.8006192936614542
2020-03-20,-1.6341031870643263
2020-03-21,-1.8340112337482875
2020-03-22,-1.8746501162694469
2020-03-23,-1.9662169909379397
2020-03-24,-1.8795397649839563
2020-03-25,-1.5952131469102424
2020-03-26,-1.5392247008263853
2020-03-27,-1.4137584435447466
2020-03-28,-2.083906711459046
2020-03-29,-2.0775904239532252
2020-03-30,-1.679223280250284
2020-03-31,-1.5856986055254119
2020-04-01,-1.6658646541225868
2020-04-02,-1.8317012425427923
2020-04-03,-1.3957209261837842
2020-04-04,-1.7953061166859108
2020-04-05,-2.0017562164940412
2020-04-06,-1.8656180531614208
2020-04-07,-1.478744107268963
2020-04-08,-2.008944130438886
2020-04-09,-1.5572687134721306
2020-04-10,-1.6036036418337072
2020-04-11,-1.547139035875301
2020-04-12,-1.8089288203292182
2020-04-13,-1.7648942433683705
2020-04-14,-1.5935248875394656
2020-04-15,-1.4654329719489376
2020-04-16,-1.5941940832680674
2020-04-17,-1.4699510165214713
2020-04-18,-1.6661307100552691
2020-04-19,-1.856234519671708
2020-04-20,-1.8194504895167942
2020-04-21,-1.3631564206393185
2020-04-22,-1.5301485830729253
2020-04-23,-1.250078920127193
2020-04-24,-1.3450760224466318
2020-04-25,-1.6651114905271986
2020-04-26,-1.7482698569592645
2020-04-27,-1.760864032207488
2020-04-28,-1.5001547587654884
2020-04-29,-1.4286724850061507
2020-04-30,-1.3903393330390101
2020-05-01,-1.5079134998337211
2020-05-02,-1.7520410701259925
2020-05-03,-1.746809619992452
2020-05-04,-1.4743367309044548
2020-05-05,-1.4872597860521182
2020-05-06,-1.563946892943074
2020-05-07,-1.4138230557610705
2020-05-08,-1.1939767472399323
2020-05-09,-2.0179282017593363
2020-05-10,-2.0862987626036182
2020-05-11,-1.6702651881216122
2020-05-12,-1.3949065675860035
2020-05-13,-1.4963366706603822
2020-05-14,-1.5532245600885897
2020-05-15,-1.6529978810767014
2020-05-16,-2.0294942532351246
2020-05-17,-2.2776798936067366
2020-05-18,-1.7682160024024038
2020-05-19,-1.3033242693740843
2020-05-20,-1.6507941308446827
2020-05-21,-1.372788348935331
2020-05-22,-1.613513060550433
2020-05-23,-2.068926179197182
2020-05-24,-2.2642499818053294
2020-05-25,-2.2615129217286793
2020-05-26,-1.8512213962805653
2020-05-27,-1.824099324596719
2020-05-28,-1.6047620007918297
2020-05-29,-1.522054069120005
2020-05-30,-1.9975063658315948
2020-05-31,-2.420387586415758
2020-06-01,-2.1201019048814778
2020-06-02,-1.983293023156472
2020-06-03,-2.655712873427813
2020-06-04,-2.3720928321837325
2020-06-05,-2.058526390555552
2020-06-06,-2.2503702704555573
2020-06-07,-3.0402397495423212
2020-06-08,-2.9131168358825716
2020-06-09,-2.194313669908615
2020-06-10,-2.184833368722358
2020-06-11,-1.8507983120088192
2020-06-12,-2.2674918638382566
2020-06-13,-2.551073134328881
2020-06-14,-2.8045748396981884
2020-06-15,-2.081663417288662
2020-06-16,-1.42537728145175
2020-06-17,-1.4068283627228308
2020-06-18,-1.57666105196045
2020-06-19,-1.5088423994963696
2020-06-20,-2.2347475719763192
2020-06-21,-2.2977446920239744
2020-06-22,-1.5388889189419062
2020-06-23,-1.3006350648827598
2020-06-24,-1.2725789050360912
2020-06-25,-1.4116653403648087
2020-06-26,-1.8936745832973314
2020-06-27,-2.1998018153088377
2020-06-28,-2.2313813520882526
2020-06-29,-1.825437603927929
2020-06-30,-1.705296493305992
2020-07-01,-1.5893054705117993
2020-07-02,-1.9145484801549433
2020-07-03,-2.063071227266761
2020-07-04,-1.8762804551366665
2020-07-05,-1.5660897755069545
2020-07-06,-1.9072432102133925
2020-07-07,-2.0049858733325
2020-07-08,-1.7173674924565117
2020-07-09,-1.5594878326867312
2020-07-10,-1.844036481722846
2020-07-11,-2.1353250480631165
2020-07-12,-1.999043610580029
2020-07-13,-1.623536263644142
2020-07-14,-2.0672993126535792
2020-07-15,-2.0603644717573117
2020-07-16,-1.5731904218502344
2020-07-17,-1.5171205164268675
2020-07-18,-2.138032678865622
2020-07-19,-2.0867319776024273
2020-07-20,-1.6681535648546784
2020-07-21,-1.895692806383453
2020-07-22,-1.4048088526402163
2020-07-23,-1.3548023496875852
2020-07-24,-1.499382373587075
2020-07-25,-1.9718820728427504
2020-07-26,-1.7021821192889108
2020-07-27,-1.6624426881480772
2020-07-28,-1.654368026494557
2020-07-29,-1.5961304687060895
2020-07-30,-1.7423833530814774
2020-07-31,-1.648588771250719
2020-08-01,-1.7716208821960175
2020-08-02,-2.388601576950859
2020-08-03,-1.1965878079049355
2020-08-04,-1.087928228841529
2020-08-05,-1.265960809509037
2020-08-06,-1.6919175328812386
2020-08-07,-1.7633224967233823
2020-08-08,-1.9337961145579168
2020-08-09,-1.8723332195747218
2020-08-10,-1.7450060459152075
2020-08-11,-1.3515451537068155
2020-08-12,-1.7833107989081256
2020-08-13,-1.3333712934635438
2020-08-14,-1.727896419272967
2020-08-15,-1.6336815860938907
2020-08-16,-1.9050096930168585
2020-08-17,-1.7494617905657548
2020-08-18,-1.4975134444280438
2020-08-19,-1.7282933457680425
2020-08-20,-2.031487862922672
2020-08-21,-1.844934244531318
2020-08-22,-1.873006640496793
2020-08-23,-2.0448833929048997
2020-08-24,-1.5224784637589142
2020-08-25,-1.4029541959605758
2020-08-26,-1.579098027319993
2020-08-27,-1.6708225082361206
2020-08-28,-1.8716047414061276
2020-08-29,-1.974669355228125
2020-08-30,-1.9350715134892118
2020-08-31,-1.5189233514104243
2020-09-01,-1.6404791824883798
2020-09-02,-1.7003880547064127
2020-09-03,-1.758154339150501
2020-09-04,-1.6339003800373362
2020-09-05,-2.4097694765656223
2020-09-06,-2.652762915152063
2020-09-07,-2.056038792068319
2020-09-08,-1.764425138505729
2020-09-09,-1.7366596977346462
2020-09-10,-1.586224314211601
2020-09-11,-1.3751648853279064
2020-09-12,-1.8908305226038395
2020-09-13,-2.151117673327662
2020-09-14,-1.5151083998522152
2020-09-15,-1.715033214670114
2020-09-16,-1.3040813486347778
2020-09-17,-1.3154396355646003
2020-09-18,-1.546076490397636
2020-09-19,-2.026566466880963
2020-09-20,-2.224262179338987
2020-09-21,-1.833954850979781
2020-09-22,-1.8678156209253127
2020-09-23,-1.7951876035529672
2020-09-24,-1.565331836825735
2020-09-25,-1.912729878781218
2020-09-26,-2.0418385225200937
2020-09-27,-2.113006419747378
2020-09-28,-1.5660933242636
2020-09-29,-1.7612295506577582
2020-09-30,-1.889071998024522
2020-10-01,-2.334274131914165
2020-10-02,-1.8535997585873731
2020-10-03,-1.3935064644833906
2020-10-04,-1.8715286653478034
2020-10-05,-1.205967209162469
2020-10-06,-1.4093599612446008
2020-10-07,-1.6107906275160713
2020-10-08,-1.1718181632157205
2020-10-09,-1.5994301473268566
2020-10-10,-1.494065698192391
2020-10-11,-1.562332714160167
2020-10-12,-1.4507297467683715
2020-10-13,-1.4638908952308445
2020-10-14,-1.5894802993739745
2020-10-15,-1.6068545577730378
2020-10-16,-1.4139957694345227
2020-10-17,-1.8369549943143544
2020-10-18,-2.203317339699343
2020-10-19,-1.4734433045150632
2020-10-20,-1.382495822546917
2020-10-21,-1.5066563194186602
2020-10-22,-1.4183172120285292
2020-10-23,-1.2867051528750193
2020-10-24,-1.7813792260539514
2020-10-25,-1.7974231920883688
2020-10-26,-1.2687657815493272
2020-10-27,-1.4223506008367732
2020-10-28,-1.7265725961589558
2020-10-29,-1.7628192278087105
2020-10-30,-1.6969165509446642
2020-10-31,-1.3759087790616256
2020-11-01,-1.7638531974599956
2020-11-02,-1.7822990346273873
2020-11-03,-1.591943723539405
2020-11-04,-1.162235667709699
2020-11-05,-1.2308850966305807
2020-11-06,-1.7410337199868826
2020-11-07,-1.5742508771930488
2020-11-08,-0.9963929063762809
2020-11-09,-0.9909602811682974
2020-11-10,-1.1791327030405394
2020-11-11,-1.0543669063843215
2020-11-12,-1.5208999450479848
2020-11-13,-2.0159698223702938
2020-11-14,-1.948711021159547
2020-11-15,-1.3709853406128247
2020-11-16,-1.0514683191154213
2020-11-17,-1.1927650643119418
2020-11-18,-1.4018696208829549
2020-11-19,-1.3204938874231562
2020-11-20,-1.1449959141635497
2020-11-21,-1.5445640542297494
2020-11-22,-1.4236690472966427
2020-11-23,-1.0644387073499808
2020-11-24,-1.2430393951805945
2020-11-25,-1.4333547711449746
2020-11-26,-1.629320613250384
2020-11-27,-1.3279348625033605
2020-11-28,-1.693626162743318
2020-11-29,-1.8828404189767778
2020-11-30,-1.408624386257544
2020-12-01,-1.323900518158579
2020-12-02,-0.8608968022524489
2020-12-03,-0.7811180596054664
2020-12-04,-0.9138867920175522
2020-12-05,-1.3782237281593985
2020-12-06,-1.0909056263196457
2020-12-07,-0.9662637702215068
2020-12-08,-0.6067986206992526
2020-12-09,-0.8993188178487541
2020-12-10,-1.0944271392233702
2020-12-11,-1.2016889593929907
2020-12-12,-1.3960651999854643
2020-12-13,-1.2279323070986323
2020-12-14,-1.0861415934287078
2020-12-15,-1.0850719397700554
2020-12-16,-1.1366815075508006
2020-12-17,-1.1916806572095326
2020-12-18,-1.0222273973878793
2020-12-19,-1.5753152479061696
2020-12-20,-2.2672125566926944
2020-12-21,-2.8949260920172883
2020-12-22,-2.379516828663229
2020-12-23,-1.9315573966625013
2020-12-24,-0.8877003962084409
2020-12-25,-0.8185439755036711
2020-12-26,-1.3855869409240302
2020-12-27,-1.5193792299888882
2020-12-28,-1.2932621709915169
2020-12-29,-1.3370247831405235
2020-12-30,-0.8829571524289612
2020-12-31,-0.7005294075428438
2021-01-01,-0.9936843961738431
2021-01-02,-1.7164609409640745
2021-01-03,-1.7085051396861184
2021-01-04,-2.5726298492642004
2021-01-05,-2.072332894396609
2021-01-06,-2.0078809771644055
2021-01-07,-2.0225642682701857
2021-01-08,-1.9904459135113992
2021-01-09,-1.967138851004533
2021-01-10,-2.193532815283557
2021-01-11,-1.7310336306086591
2021-01-12,-1.7526291006932002
2021-01-13,-1.6806827796678194
2021-01-14,-1.688323605124621
2021-01-15,-1.796428351901977
2021-01-16,-1.7943703804495506
2021-01-17,-1.7977775832740526
2021-01-18,-1.7947508924425497
2021-01-19,-1.761834824665711
2021-01-20,-1.3696444177009999
2021-01-21,-1.4124458183658404
2021-01-22,-1.9004835442297237
2021-01-23,-1.9690169459025029
2021-01-24,-1.6910648837000164
2021-01-25,-1.7837594535864887
2021-01-26,-1.8112845577669205
2021-01-27,-1.8761567226585067
2021-01-28,-1.736294978278929
2021-01-29,-1.4596435090133748
2021-01-30,-1.6219559890253246
2021-01-31,-1.5912839263940843
2021-02-01,-1.4699056313376504
2021-02-02,-1.5460358022316973
2021-02-03,-1.5143370532381113
2021-02-04,-1.5921232856170584
2021-02-05,-1.5269425294788523
2021-02-06,-1.861896799147188
2021-02-07,-1.9061152869351823
2021-02-08,-1.7034730454845002
2021-02-09,-1.6714829682958392
2021-02-10,-1.7827029789723303
2021-02-11,-1.5663482916821112
2021-02-12,-1.8132266900386473
2021-02-13,-1.872166549228378
2021-02-14,-1.612126996884573
2021-02-15,-1.5135179629136826
2021-02-16,-1.3063575857421394
2021-02-17,-1.2495438422624678
2021-02-18,-1.2699702191431448
2021-02-19,-1.1492804000411792
2021-02-20,-1.1468344111355342
2021-02-21,-1.5573433309550768
2021-02-22,-1.2969617840992116
2021-02-23,-1.3314196085600203
2021-02-24,-1.4145349113673442
2021-02-25,-1.47572513760601
2021-02-26,-1.3465923021273352
2021-02-27,-1.3015493183252802
2021-02-28,-1.571361072360511
2021-03-01,-1.1868080257004203
2021-03-02,-1.1712448710487728
2021-03-03,-1.30324775411706
2021-03-04,-1.0962664377979676
2021-03-05,-1.285010100567434
2021-03-06,-1.5815717027908287
2021-03-07,-1.381468869022685
2021-03-08,-1.1446394192884535
2021-03-09,-1.439962722580985
2021-03-10,-1.7267195355844172
2021-03-11,-1.578272324368346
2021-03-12,-1.5411324736057317
2021-03-13,-1.5873208816933693
2021-03-14,-2.2877316033524635
2021-03-15,-1.8039946345026896
2021-03-16,-1.624036626223524
2021-03-17,-1.414243530095568
2021-03-18,-1.5409490665545176
2021-03-19,-1.4363187509592892
2021-03-20,-2.0770994876116915
2021-03-21,-2.716721168200341
2021-03-22,-2.679439664191213
2021-03-23,-1.9099168512664333
2021-03-24,-1.703219659227099
2021-03-25,-1.4998736952956864
2021-03-26,-1.7334998864756492
2021-03-27,-2.357593341079353
2021-03-28,-2.205809187713091
2021-03-29,-1.5336355414566145
2021-03-30,-1.7880600565226132
2021-03-31,-1.4376463337277157
2021-04-01,-1.595822536059921
2021-04-02,-1.9078294856759765
2021-04-03,-2.237496823859665
2021-04-04,-2.3551591686762996
2021-04-05,-1.9440577851588836
2021-04-06,-1.4667528426121343
2021-04-07,-1.5301776941366831
2021-04-08,-2.256040232260732
2021-04-09,-0.488476526369715
2021-04-10,-0.45759627214662557
2021-04-11,-0.5328914987415119
2021-04-12,-0.3951137162960759
2021-04-13,-1.0951440847927358
2021-04-14,-0.953684843748704
2021-04-15,-1.0394407308846145
2021-04-16,-0.8718893205528189
2021-04-17,-0.5154413254418162
2021-04-18,-1.2372157837767614
2021-04-19,-1.3753661858392716
2021-04-20,-1.2865378251681396
2021-04-21,-0.93422097242408
2021-04-22,-0.9800773724083739
2021-04-23,-1.3051679131312521
2021-04-24,-1.3947612534327918
2021-04-25,-1.9307734768925013
2021-04-26,-1.5051174077753855
2021-04-27,-1.4585684836002357
2021-04-28,-0.8111106216258727
2021-04-29,-0.722511325318512
2021-04-30,-1.3988284951099024
2021-05-01,-1.798167170295326
2021-05-02,-1.5675311113264119
2021-05-03,-1.1566302761697487
2021-05-04,-0.9589456242525738
2021-05-05,-1.1482021815172407
2021-05-06,-1.4349807288569227
2021-05-07,-1.1518444299585582
2021-05-08,-1.042421957461869
2021-05-09,-1.017378760963646
2021-05-10,-1.013214337509208
2021-05-11,-1.5377895437380578
2021-05-12,-1.4293539921092073
2021-05-13,-1.451040319452941
2021-05-14,-1.2860591920210103
2021-05-15,-1.63311529472787
2021-05-16,-1.9786484206387578
2021-05-17,-1.398272724428178
2021-05-18,-1.133289966799561
2021-05-19,-0.9648793656434622
2021-05-20,-0.9543864371911641
2021-05-21,-1.2443811576761632
2021-05-22,-1.3533083876697691
2021-05-23,-1.7458924674532892
2021-05-24,-1.5020311720454362
2021-05-25,-1.65002691592792
2021-05-26,-1.4201464768903318
2021-05-27,-1.3587590591752943
2021-05-28,-1.448299621825987
2021-05-29,-1.6404869062319418
2021-05-30,-1.329734740986634
2021-05-31,-1.4761879114551701
2021-06-01,-1.1784751734201955
2021-06-02,-0.7975962829573797
2021-06-03,-0.8945639210204883
2021-06-04,-1.0198693970186468
2021-06-05,-1.2167656040558246
2021-06-06,-0.7559315558734492
2021-06-07,-0.9270137738980078
2021-06-08,-1.5005032491649195
2021-06-09,-1.140217874481034
2021-06-10,-1.0709672463680582
2021-06-11,-0.6153518907115614
2021-06-12,-0.9801008137611448
2021-06-13,-1.0266752949235083
2021-06-14,-0.95758430492634
2021-06-15,-1.1976844589250408
2021-06-16,-1.1856584886111754
2021-06-17,-1.039803176692583
2021-06-18,-1.288358897089653
2021-06-19,-1.6524573187153053
2021-06-20,-1.4715912732755456
2021-06-21,-1.2950229881461122
2021-06-22,-1.066787259043151
2021-06-23,-1.6071817304570595
2021-06-24,-1.6264180643313302
2021-06-25,-1.4289110531175073
2021-06-26,-1.5122202586887756
2021-06-27,-1.8760378703049192
2021-06-28,-1.3034969152940716
2021-06-29,-1.31513179468479
2021-06-30,-1.2217171494825554
2021-07-01,-1.0659607038383114
2021-07-02,-1.832264064230311
2021-07-03,-2.081832627194535
2021-07-04,-1.8801458820485135
2021-07-05,-1.0752498822984249
2021-07-06,-1.4158590698216367
2021-07-07,-1.5317876680216997
2021-07-08,-1.2428541372447464
2021-07-09,-1.630886347817381
2021-07-10,-1.7081489524102276
2021-07-11,-1.3505743261217884
2021-07-12,-1.2042176892913643
2021-07-13,-1.4667148488364092
2021-07-14,-1.772334069396825
2021-07-15,-1.130050518777363
2021-07-16,-1.4966768468753517
2021-07-17,-1.683981739768572
2021-07-18,-1.9364478494681052
2021-07-19,-1.7373736875606274
2021-07-20,-1.4921210296114793
2021-07-21,-1.56146120152252
2021-07-22,-1.536908346008531
2021-07-23,-1.3915991149139098
2021-07-24,-1.7185029360067035
2021-07-25,-1.8875471174761513
2021-07-26,-1.5955624148643084
2021-07-27,-1.374636144782987
2021-07-28,-1.2271322011998844
2021-07-29,-1.2173359162966813
2021-07-30,-1.9578543249516538
2021-07-31,-1.7987701156859734
2021-08-01,-2.1613953411206897
2021-08-02,-1.6660642804805523
2021-08-03,-1.960184156751214
2021-08-04,-1.1631334556374067
2021-08-05,-1.6497989296247908
2021-08-06,-1.724380250296295
2021-08-07,-1.8450668495030387
2021-08-08,-1.7923232038709351
2021-08-09,-1.4663286926748134
2021-08-10,-1.2944470846693072
2021-08-11,-1.846588171202492
2021-08-12,-1.4609169785979264
2021-08-13,-2.161256751518526
2021-08-14,-2.2117461544893615
2021-08-15,-1.9262144071851772
2021-08-16,-1.9152962758760654
2021-08-17,-1.2837078958943648
2021-08-18,-1.5982254028228355
2021-08-19,-1.5967545283743176
2021-08-20,-1.631821124511421
2021-08-21,-1.8787466278605969
2021-08-22,-2.0677538838183818
2021-08-23,-1.9090315010809984
2021-08-24,-1.8200676160054479
2021-08-25,-1.4010785053728207
2021-08-26,-2.3020679112093196
2021-08-27,-1.9796842155505818
2021-08-28,-1.8140105208234072
2021-08-29,-1.8015312427470151
2021-08-30,-1.7064614729999261
2021-08-31,-1.4049774784229117
2021-09-01,-1.3665298132663246
2021-09-02,-1.2857763031289065
2021-09-03,-1.71437847458331
2021-09-04,-1.8139408098276117
2021-09-05,-1.3499977877770675
2021-09-06,-0.9924196176183301
2021-09-07,-1.3754336054572218
2021-09-08,-1.113819339191238
2021-09-09,-1.1546697984162606
2021-09-10,-1.3681694169476344
2021-09-11,-1.774310114854618
2021-09-12,-1.302297219159755
2021-09-13,-1.2215134483637167
2021-09-14,-1.162131266056459
2021-09-15,-1.1333574137027393
2021-09-16,-0.7264475780415666
2021-09-17,-0.772459589426294
2021-09-18,-0.7736232310143665
2021-09-19,-1.321023247175326
2021-09-20,-0.8307184104747488
2021-09-21,-1.3214140141521078
2021-09-22,-0.9757114931716284
2021-09-23,-1.123944070277428
2021-09-24,-1.2618816526996575
2021-09-25,-1.5161792640963656
2021-09-26,-1.6757952947414978
2021-09-27,-1.7685537442849781
2021-09-28,-1.7346847372579213
2021-09-29,-1.4718865605777922
2021-09-30,-2.0586202347269795
2021-10-01,-1.7947752020135126
2021-10-02,-1.7758174899726653
2021-10-03,-1.9385340406816822
2021-10-04,-1.7627100559522666
2021-10-05,-1.447165431237251
2021-10-06,-1.5164371341563485
2021-10-07,-1.0209346732820295
2021-10-08,-1.0019506701789624
2021-10-09,-1.3981244656425589
2021-10-10,-1.4659733477050867
2021-10-11,-1.1757563232036479
2021-10-12,-1.2050439091558702
2021-10-13,-1.2649057685610452
2021-10-14,-1.1166228877465645
2021-10-15,-2.1759911651224098
2021-10-16,-2.931965121124636
2021-10-17,-2.200864001207179
2021-10-18,-1.835902914879276
2021-10-19,-1.543437282252067
2021-10-20,-1.06627963727794
2021-10-21,-1.3003720711987383
2021-10-22,-1.0573063771202444
2021-10-23,-1.2587740324187628
2021-10-24,-1.3996573479560077
2021-10-25,-1.6472320689631381
2021-10-26,-1.2553476326407589
2021-10-27,-1.7301686452118776
2021-10-28,-1.4410170576185286
2021-10-29,-1.262698710871588
2021-10-30,-1.2905475465750298
2021-10-31,-0.9304964657981724
2021-11-01,-1.1019338009654829
2021-11-02,-1.0929718167963043
2021-11-03,-0.9593540273928742
2021-11-04,-1.2849995778661436
2021-11-05,-1.4576892495541818
2021-11-06,-1.9574767660041086
2021-11-07,-1.6908437209524936
2021-11-08,-1.3798024150950374
2021-11-09,-1.2566703726896233
2021-11-10,-0.9183992458716607
2021-11-11,-1.0766731822423714
2021-11-12,-1.3527960122461935
2021-11-13,-1.6088752988950756
2021-11-14,-1.3932286042345203
2021-11-15,-1.9640781736332218
2021-11-16,-1.5474951521483349
2021-11-17,-1.338307574759161
2021-11-18,-1.0602788453658527
2021-11-19,-1.3474009636783433
2021-11-20,-1.5716099741119496
2021-11-21,-1.4581149288778155
2021-11-22,-0.9637805379003196
2021-11-23,-1.3244149036108515
2021-11-24,-1.6396447833838261
2021-11-25,-2.084961491431013
2021-11-26,-2.3831795080499663
2021-11-27,-2.653003800450167
2021-11-28,-2.2617961327438105
2021-11-29,-1.4937453014397686
2021-11-30,-1.3255192661008943
2021-12-01,-1.2951625076458055
2021-12-02,-1.2162408792125203
2021-12-03,-1.19280575707723
2021-12-04,-1.5037684327603995
2021-12-05,-1.4267334296750054
2021-12-06,-1.4165583072616297
2021-12-07,-1.5020185648623514
2021-12-08,-1.3980315832397803
2021-12-09,-1.3807413138956364
2021-12-10,-2.1991750037707947
2021-12-11,-2.1277191104128756
2021-12-12,-1.7590500561639557
2021-12-13,-1.714268419054778
2021-12-14,-1.639096947977695
2021-12-15,-1.4304309462382627
2021-12-16,-1.3929800210824794
2021-12-17,-1.3314389576798755
2021-12-18,-1.9017398034246258
2021-12-19,-2.117742920369637
2021-12-20,-1.4601469676417769
2021-12-21,-1.5434813986429474
2021-12-22,-1.2815618206248787
2021-12-23,-1.364638980748413
2021-12-24,-1.1717871377585893
2021-12-25,-0.9323260937539124
2021-12-26,-1.7174907485908377
2021-12-27,-1.7493897312080993
2021-12-28,-1.7113613399407916
2021-12-29,-1.9742513994946311
2021-12-30,-2.289467613597075
2021-12-31,-2.116564369379176
2022-01-01,-1.0261155766506203
2022-01-02,-2.0581368981873704
2022-01-03,-1.611395883489301
2022-01-04,-1.7171660869034635
2022-01-05,-1.7187313099657962
2022-01-06,-1.705253832617333
2022-01-07,-1.3608854930759258
2022-01-08,-1.6125359694016488
2022-01-09,-1.6684728862311324
2022-01-10,-1.344515016146879
2022-01-11,-1.712207541829229
2022-01-12,-1.8337081271303903
2022-01-13,-1.2285473328926764
2022-01-14,-1.8529618672447148
2022-01-15,-1.8617232287013854
2022-01-16,-1.887156609714496
2022-01-17,-1.8455859913963353
2022-01-18,-1.8326218229050886
2022-01-19,-1.9412007221957208
2022-01-20,-1.7291216201507744
2022-01-21,-1.629756965153773
2022-01-22,-2.064126599304635
2022-01-23,-2.2754026568351455
2022-01-24,-2.006701208257793
2022-01-25,-1.6711840831064104
2022-01-26,-2.240999106248296
2022-01-27,-1.6525091613716774
2022-01-28,-1.9453707094445327
2022-01-29,-2.3145801501408396
2022-01-30,-2.20601139709933
2022-01-31,-2.194407443606257
2022-02-01,-1.8622698566607843
2022-02-02,-1.4917495141106965
2022-02-03,-1.6424547115817814
2022-02-04,-1.419201559361027
2022-02-05,-1.1299998247126586
2022-02-06,-0.36601286661946114
2022-02-07,-0.8638516631714113
2022-02-08,-1.6168976020862478
2022-02-09,-1.19410116585958
2022-02-10,-1.432923559848083
2022-02-11,-1.5706110254626156
2022-02-12,-2.1841441248913367
2022-02-13,-2.128210797932047
2022-02-14,-1.593318093455571
2022-02-15,-1.481452458887331
2022-02-16,-1.2079028839540566
2022-02-17,-1.5904727402106205
2022-02-18,-2.0850269412350393
2022-02-19,-2.2372517067793534
2022-02-20,-1.5822817663010724
2022-02-21,-1.618805830014598
2022-02-22,-2.072290007605899
2022-02-23,-1.7202438074928916
2022-02-24,-2.335918241480826
2022-02-25,-2.3877418728791575
2022-02-26,-2.0217247535217204
2022-02-27,-2.2804010157804173
2022-02-28,-1.609393465114851
2022-03-01,-1.6560853042255976
2022-03-02,-1.4752546285819874
2022-03-03,-1.346971646351075
2022-03-04,-1.7216421022784527
2022-03-05,-1.8292174773682424
2022-03-06,-1.826185502256484
2022-03-07,-1.3123233487110282
2022-03-08,-1.3408724591688679
2022-03-09,-1.6876792150982265
2022-03-10,-1.6189078112914514
2022-03-11,-1.3964133302413384
2022-03-12,-1.364636113639753
2022-03-13,-1.4824967293752174
2022-03-14,-1.2211588854945643
2022-03-15,-1.4690626268290892
2022-03-16,-1.3610382567072097
2022-03-17,-1.5170474726314678
2022-03-18,-1.579373207584138
2022-03-19,-1.4880156023410331
2022-03-20,-1.4952879679340005
2022-03-21,-1.7716278682775788
2022-03-22,-1.359774772219435
2022-03-23,-1.0350940641586421
2022-03-24,-1.2965731102536509
2022-03-25,-1.468417815095482
2022-03-26,-1.4383565521033508
2022-03-27,-1.4544965052041605
2022-03-28,-1.2008856978211326
2022-03-29,-1.0357471586187756
2022-03-30,-1.3098651541755015
2022-03-31,-1.3118359483349713
2022-04-01,-1.5391424350122034
2022-04-02,-1.9117474929759348
2022-04-03,-1.8847863662620856
2022-04-04,-1.8895851288842198
2022-04-05,-1.6118726119126545
2022-04-06,-1.3600309976122686
2022-04-07,-1.5764659940149506
2022-04-08,-1.829369719858923
2022-04-09,-1.4340209679002207
2022-04-10,-1.7984360464731448
2022-04-11,-1.997702239653956
2022-04-12,-2.206177744109521
2022-04-13,-2.2721018464233302
2022-04-14,-2.419347147036828
2022-04-15,-1.9039887710479428
2022-04-16,-2.2017659238281446
2022-04-17,-1.7334084947766817
2022-04-18,-2.179451290646771
2022-04-19,-1.6652255550216266
2022-04-20,-1.465117814691228
2022-04-21,-1.1697743355108514
2022-04-22,-1.1739426382196922
2022-04-23,-1.4619006166967652
2022-04-24,-1.4766331232772294
2022-04-25,-1.5150555237858305
2022-04-26,-1.075383627833419
2022-04-27,-1.3895208527251455
2022-04-28,-1.8546913243668783
2022-04-29,-1.8619129623486295
2022-04-30,-1.8352117992232981
2022-05-01,-1.3533607313746188
2022-05-02,-1.34011244029544
2022-05-03,-1.2723038736944632
2022-05-04,-1.64230708162552
2022-05-05,-1.2207763030560514
2022-05-06,-0.9817347065833159
2022-05-07,-0.8185863055248994
2022-05-08,-0.6541334285793591
2022-05-09,-0.7595370150395399
2022-05-10,-0.7445669304266062
2022-05-11,-0.955421223341753
2022-05-12,-1.23397842070532
2022-05-13,-1.1056969376441494
2022-05-14,-1.3692382985332736
2022-05-15,-1.1511052376504862
2022-05-16,-0.9015086210599716
2022-05-17,-1.3048222175544186
2022-05-18,-1.514296446400934
2022-05-19,-1.166048180262904
2022-05-20,-0.8299379968016415
2022-05-21,-1.2907185896547726
2022-05-22,-1.4414763167408942
2022-05-23,-1.4927390117190469
2022-05-24,-1.431066621347312
2022-05-25,-1.1893060573491998
2022-05-26,-1.3183531996906832
2022-05-27,-1.3512053250871303
2022-05-28,-1.3062903464363569
2022-05-29,-1.0919845854282835
2022-05-30,-0.8716664050996269
2022-05-31,-0.7377082501047986
2022-06-01,-0.5840776315106753
2022-06-02,1.258320009744646
2022-06-03,0.6025558832318023
2022-06-04,0.3404151670628162
2022-06-05,0.5046999874510937
2022-06-06,-0.5077757298039556
2022-06-07,-0.9390677796704993
2022-06-08,-1.4478129924803698
2022-06-09,-1.618388426779994
2022-06-10,-1.8284051243321415
2022-06-11,-1.933144593552463
2022-06-12,-1.4894431002048327
2022-06-13,-1.5562139824896482
2022-06-14,-1.7820067174916856
2022-06-15,-1.8557149656872296
2022-06-16,-2.032427700666229
2022-06-17,-1.7677468679337176
2022-06-18,-1.8442634621097371
2022-06-19,-1.6522779057747128
2022-06-20,-1.4600915539852126
2022-06-21,-1.1042517201547402
2022-06-22,-1.0201404119328754
2022-06-23,-1.4312435053349502
2022-06-24,-1.7466430368887336
2022-06-25,-1.8354105662958569
2022-06-26,-1.4705626030554437
2022-06-27,-1.2378199645091914
2022-06-28,-1.3878909428874802
2022-06-29,-1.2625161178395963
2022-06-30,-1.092351012480368
2022-07-01,-1.6693856444472395
2022-07-02,-1.710970868999818
2022-07-03,-1.4362219009460133
2022-07-04,-1.5103265003206028
2022-07-05,-1.7714673413911508
2022-07-06,-1.9513128310735415
2022-07-07,-1.9118623204377707
2022-07-08,-1.508906053131622
2022-07-09,-1.432418637032805
2022-07-10,-1.5805998975626119
2022-07-11,-1.2696048746390933
2022-07-12,-1.0188197422406204
2022-07-13,-1.1959915497101292
2022-07-14,-1.3279371752603275
2022-07-15,-1.5195421888301113
2022-07-16,-1.5637794402032652
2022-07-17,-1.7670507540255989
2022-07-18,-1.443854568078676
2022-07-19,-1.453529491228124
2022-07-20,-1.1309022917114206
2022-07-21,-1.149643796902765
2022-07-22,-1.3412649368973057
2022-07-23,-1.1843906319085815
2022-07-24,-1.1978212765261476
2022-07-25,-0.7565301624212055
2022-07-26,-1.1898364064043683
2022-07-27,-1.2799984055285505
2022-07-28,-1.3004706431164772
2022-07-29,-1.1863489447808444
2022-07-30,-1.5097673578143411
2022-07-31,-1.309832478521665
2022-08-01,-1.050471497857517
2022-08-02,-1.3328262604924264
2022-08-03,-1.6417465941222908
2022-08-04,-1.0479880359610534
2022-08-05,-1.3493348909255882
2022-08-06,-1.418329297962263
2022-08-07,-1.860507405209745
2022-08-08,-1.2279347642997485
2022-08-09,-1.0213027942232067
2022-08-10,-1.3118951554606502
2022-08-11,-1.8425102602678722
2022-08-12,-1.2671397532881425
2022-08-13,-2.1538360328159634
2022-08-14,-1.7035829282471409
2022-08-15,-0.9732132718627171
2022-08-16,-1.2657409589543855
2022-08-17,-1.5807013927832863
2022-08-18,-0.6670439478030944
2022-08-19,-1.7225843619591794
2022-08-20,-1.9114238146093305
2022-08-21,-1.6516100276752887
2022-08-22,-1.0171630322347416
2022-08-23,-1.3658022972051649
2022-08-24,-1.1134156182607051
2022-08-25,-0.9232499097201554
2022-08-26,-1.4089694261114794
2022-08-27,-1.2121874306314897
2022-08-28,-1.1167798116040086
2022-08-29,-0.9084394473650229
2022-08-30,-1.026626211268993
2022-08-31,-0.727291843466824
2022-09-01,-1.2143795827242223
2022-09-02,-1.0885369217961136
2022-09-03,-1.0080631288815491
2022-09-04,-1.2855933080927893
2022-09-05,-0.5889726369571979
2022-09-06,-0.46528563404298084
2022-09-07,-0.40241161287317484
2022-09-08,0.7834360322150016
2022-09-09,0.647909741689886
2022-09-10,0.8453894916211491
2022-09-11,0.3025300525932902
2022-09-12,-0.04034797976633762
2022-09-13,-0.5801806301104355
2022-09-14,-0.5763268925392618
2022-09-15,-0.43114016440036407
2022-09-16,-0.7348308890194206
2022-09-17,-0.15897826904246293
2022-09-18,-0.39981689406555804
2022-09-19,-0.23331670262233167
2022-09-20,-0.8640338176849423
2022-09-21,-0.868210782716853
2022-09-22,-0.9751598789659411
2022-09-23,-1.1110384404558877
2022-09-24,-1.222926151234297
2022-09-25,-1.4385773528427692
2022-09-26,-1.445301070439573
2022-09-27,-0.4661326254063408
2022-09-28,-0.9319351234016197
2022-09-29,-1.2078488703061376
2022-09-30,-1.1626741148302426
2022-10-01,-1.2888308985997619
2022-10-02,-1.2031345195297394
2022-10-03,-1.1731096774293657
2022-10-04,-1.1063829453214964
2022-10-05,-1.0166374913893288
2022-10-06,-1.0059808853334065
2022-10-07,-1.2183835411692678
2022-10-08,-1.8008420712180802
2022-10-09,-1.5431425246070365
2022-10-10,-1.5681628718820404
2022-10-11,-1.0037327582613897
2022-10-12,-1.3055900812536005
2022-10-13,-1.0766265597411027
2022-10-14,-1.372146359977937
2022-10-15,-1.3312783631601677
2022-10-16,-1.4312735766095197
2022-10-17,-1.433216313506125
2022-10-18,-1.449728884023159
2022-10-19,-1.5153274472944875
2022-10-20,-2.313803766991159
2022-10-21,-1.7628320359501564
2022-10-22,-1.4331634216706854
2022-10-23,-1.6651181386357052
2022-10-24,-1.682767015850581
2022-10-25,-0.8615890924797474
2022-10-26,-0.7377176322652096
2022-10-27,-0.9858249862659115
2022-10-28,-1.0419798833314664
2022-10-29,-2.2156617202447633
2022-10-30,-2.0948140238863813
2022-10-31,-1.9011405599881364
2022-11-01,-1.8836108461814483
2022-11-02,-1.3813152437219682
2022-11-03,-1.9130957892471092
2022-11-04,-1.4060338888249608
2022-11-05,-1.9269126295564478
2022-11-06,-1.6095141407551476
2022-11-07,-1.1527132400629894
2022-11-08,-1.2348830670682691
2022-11-09,-1.3967586863911594
2022-11-10,-1.2152782955164505
2022-11-11,-1.4653526697619075
2022-11-12,-1.5055267492272728
2022-11-13,-1.2717966177154079
2022-11-14,-1.2337445760396686
2022-11-15,-1.1924269575783875
2022-11-16,-1.2993828559468477
2022-11-17,-1.492233539717218
2022-11-18,-1.705731127680266
2022-11-19,-1.1991902545219952
2022-11-20,-1.1048718777437287
2022-11-21,-0.9297319838186908
2022-11-22,-0.8068630694562667
2022-11-23,-0.6533639596625389
2022-11-24,-1.114490864879971
2022-11-25,-1.2118352418220504
2022-11-26,-1.5695502571687456
2022-11-27,-1.3651392717730295
2022-11-28,-1.1685103385229332
2022-11-29,-1.4171704929733557
2022-11-30,-1.1943761722684807
2022-12-01,-1.093184958954976
2022-12-02,-1.073462401759834
2022-12-03,-1.4298019329370975
2022-12-04,-1.3757903687708193
2022-12-05,-1.0598526778042459
2022-12-06,-1.331742367852269
2022-12-07,-0.9900136665710118
2022-12-08,-1.447280576732263
2022-12-09,-1.455142919940785
2022-12-10,-1.8161830936252148
2022-12-11,-1.7087027045154795
2022-12-12,-1.440911776722314
2022-12-13,-1.4321698848502438
2022-12-14,-1.5711726663027008
2022-12-15,-1.1475761152760904
2022-12-16,-1.155817886573891
2022-12-17,-1.2518588905950363
2022-12-18,-1.2819896362404133
2022-12-19,-1.3144548221015824
2022-12-20,-1.3580538102807114
2022-12-21,-1.5978428826184445
2022-12-22,-1.081753282271054
2022-12-23,-1.2902007689656478
2022-12-24,-0.9429116700360765
2022-12-25,-0.829538504059017
2022-12-26,-1.5322866170337128
2022-12-27,-1.502879900624615
2022-12-28,-1.5496396848720626
2022-12-29,-1.3586952445396516
2022-12-30,-1.0408388792638839
2022-12-31,-0.8826612474524451
2023-01-01,-1.1650522112305557
2023-01-02,-1.3010902703624192
2023-01-03,-1.368321572422696
2023-01-04,-1.3831931603956458
2023-01-05,-1.6452537556457787
2023-01-06,-1.7517831687807792
2023-01-07,-2.152830959028992
2023-01-08,-1.893207228079748
2023-01-09,-1.4597495235683602
2023-01-10,-1.5259117179056787
2023-01-11,-1.497903173537193
2023-01-12,-1.1114531417207327
2023-01-13,-1.4224349323796546
2023-01-14,-2.2510685410711426
2023-01-15,-2.1554717702031763
2023-01-16,-2.1752768434214147
2023-01-17,-1.7014745526139534
2023-01-18,-1.5944450841781752
2023-01-19,-1.1370943529045963
2023-01-20,-1.4348895081836959
2023-01-21,-1.7535794931826767
2023-01-22,-1.4977437023494533
2023-01-23,-1.5396643335383442
2023-01-24,-1.3788069216170253
2023-01-25,-1.6236781109572804
2023-01-26,-1.9686904018636588
2023-01-27,-1.7415852247431358
2023-01-28,-2.2080170134456556
2023-01-29,-1.9964208523787668
2023-01-30,-1.790287894167071
2023-01-31,-1.4631724346474904
2023-02-01,-1.6806598951547993
2023-02-02,-1.4910872182031643
2023-02-03,-1.8725146881516743
2023-02-04,-1.8985309042155694
2023-02-05,-1.307649543679927
2023-02-06,-1.3471195421441347
2023-02-07,-1.3178588260732433
2023-02-08,-0.6111109809302648
2023-02-09,-1.0327375414426108
2023-02-10,-1.3131028611636824
2023-02-11,-1.7178628483573821
2023-02-12,-1.6949457781315092
2023-02-13,-1.6055038986959977
2023-02-14,-1.2419294613604444
2023-02-15,-1.278456295240895
2023-02-16,-1.2309163977751492
2023-02-17,-1.4548985847678577
2023-02-18,-1.3924473484811286
2023-02-19,-1.023367036806772
2023-02-20,-0.8803585384461919
2023-02-21,-1.2210883570245379
2023-02-22,-1.402258672178317
2023-02-23,-1.523721955135609
2023-02-24,-1.4681412413468216
2023-02-25,-1.2979088664617764
2023-02-26,-1.181082891013394
2023-02-27,-0.6229972333668992
2023-02-28,-1.033964701302103
2023-03-01,-1.0108722815902518
2023-03-02,-1.1742444134521648
2023-03-03,-1.0810096995296328
2023-03-04,-1.7941799948427604
2023-03-05,-1.098157110444969
2023-03-06,-1.1013919644204868
2023-03-07,-1.2975179960135712
2023-03-08,-1.1529208522088357
2023-03-09,-1.1246242721400745
2023-03-10,-1.146694005449811
2023-03-11,-1.2357308044067716
2023-03-12,-1.0639436853930506
2023-03-13,-0.71471283034168
2023-03-14,-0.7558385808605117
2023-03-15,-0.8846449868025503
2023-03-16,-1.0629416764660715
2023-03-17,-1.1317800548080756
2023-03-18,-1.7862214417744358
2023-03-19,-1.2820604311373351
2023-03-20,-1.428608487734425
2023-03-21,-1.6406591995586235
2023-03-22,-0.9913167493683157
2023-03-23,-1.5702340678462248
2023-03-24,-1.6312168335962385
2023-03-25,-1.6593080702055987
2023-03-26,-1.7141937231695783
2023-03-27,-1.287536408685819
2023-03-28,-1.1621754267393065
2023-03-29,-0.9673275778803039
2023-03-30,-1.169617792238456
2023-03-31,-1.120746477502869
2023-04-01,-1.2832440967663687
2023-04-02,-1.1509237095202136
2023-04-03,-1.0593320657680763
2023-04-04,-1.5068205398434653
2023-04-05,-0.9719554187098158
2023-04-06,-1.1555355116842339
2023-04-07,-1.2397192255904856
2023-04-08,-1.5950372018278791
2023-04-09,-1.149281443553295
2023-04-10,-1.2452991453332558
2023-04-11,-0.7617879752864055
2023-04-12,-0.46884351883675224
2023-04-13,-0.9778492450992929
2023-04-14,-0.749010843950409
2023-04-15,-1.0960573556321094
2023-04-16,-0.9668237616631888
2023-04-17,-1.2088751350535885
2023-04-18,-0.7944424785031575
2023-04-19,-0.9240315951639883
2023-04-20,-0.6412123971744599
2023-04-21,-1.4777140886110032
2023-04-22,-1.379553942652317
2023-04-23,-1.9213810381498913
2023-04-24,-1.3131245367699176
2023-04-25,-1.5054873830391722
2023-04-26,-1.4620584012998434
2023-04-27,-1.2092950994327654
2023-04-28,-0.8196205989152877
2023-04-29,-0.6081328762862672
2023-04-30,-0.6344161121256303
2023-05-01,-0.43859195527218886
2023-05-02,-0.5299342416803202
2023-05-03,-0.5161935852778818
2023-05-04,-0.1998204704839575
2023-05-05,0.22288335058347436
2023-05-06,1.4260455356513613
2023-05-07,0.7017090674219955
2023-05-08,-0.3272937485553308
2023-05-09,-0.699242772479425
2023-05-10,-1.3865550719406492
2023-05-11,-1.0356979017419592
2023-05-12,-1.3485905594496277
2023-05-13,-1.075350554526829
2023-05-14,-0.570747480408992
2023-05-15,-0.8943960512444468
2023-05-16,-1.0349924694580133
2023-05-17,-0.7878878577766093
2023-05-18,-0.9606587054355573
2023-05-19,-1.0801395242559468
2023-05-20,-0.9514634192117439
2023-05-21,-0.7174484700328397
2023-05-22,-1.1766345461835461
2023-05-23,-1.2942140167756073
2023-05-24,-1.0763258296785916
2023-05-25,-1.1248974444122155
2023-05-26,-1.2675402930044937
2023-05-27,-1.5758302492253613
2023-05-28,-1.5033878086861243
2023-05-29,-1.0674000361527984
2023-05-30,-1.1694512894048024
2023-05-31,-0.9028883052650043
2023-06-01,-0.727252536249517
2023-06-02,-1.0274541356871758
2023-06-03,-1.4113211293918155
2023-06-04,-1.2818686361339613
2023-06-05,-1.3448229283231907
2023-06-06,-1.5910160019399586
2023-06-07,-1.2256038540619112
2023-06-08,-0.9824345850691882
2023-06-09,-1.080906051588071
2023-06-10,-1.6201324519194327
2023-06-11,-1.7216898785491246
2023-06-12,-1.0710764007264542
2023-06-13,-1.4231925910495977
2023-06-14,-1.1825008161117687
2023-06-15,-1.3015521971986672
2023-06-16,-0.8223030716345188
2023-06-17,-0.4074628325360605
2023-06-18,-0.9784567187804953
2023-06-19,-1.0238974677310875
2023-06-20,-1.22554944691238
2023-06-21,-0.683059176298747
2023-06-22,-0.6038571591886168
2023-06-23,-0.9867287363247932
2023-06-24,-1.4372675561948205
2023-06-25,-1.483997751725687
2023-06-26,-1.2416084793479034
2023-06-27,-1.1211925330920833
2023-06-28,-0.9347225280003159
2023-06-29,-1.0134614293232675
2023-06-30,-1.3056543732910135
2023-07-01,-1.2226472704725253
2023-07-02,-1.3483786268406939
2023-07-03,-0.830011159745241
2023-07-04,-1.106093449050849
2023-07-05,-0.7487765635651947
2023-07-06,-1.1799693387637635
2023-07-07,-1.1724547992514407
2023-07-08,-1.3107997434137721
2023-07-09,-1.0899436297773037
2023-07-10,-1.0957432640276634
2023-07-11,-1.2063635413475777
2023-07-12,-0.8549061368844856
2023-07-13,-0.8651105862050745
2023-07-14,-0.9103972059160829
2023-07-15,-0.9843408967575948
2023-07-16,-1.1050543387005687
2023-07-17,-1.1681787909129853
2023-07-18,-1.3794507490837635
2023-07-19,-1.3483065441942186
2023-07-20,-1.1081903393840051
2023-07-21,-1.3667695942865141
2023-07-22,-1.5233483028874244
2023-07-23,-1.2492191244045356
2023-07-24,-1.2473249304444738
2023-07-25,-1.0114506367884584
2023-07-26,-1.5902176798130079
2023-07-27,-1.8250358712928911
2023-07-28,-1.7538721207924302
2023-07-29,-1.4242222713071169
2023-07-30,-1.3077652972654357
2023-07-31,-1.4604796975536605
2023-08-01,-1.4537764680982617
2023-08-02,-1.1785956595223768
2023-08-03,-1.2835110522686102
2023-08-04,-1.3489558502483052
2023-08-05,-1.5564856476914048
2023-08-06,-1.9699403681595293
2023-08-07,-1.4848100420072294
2023-08-08,-1.7103796238853568
2023-08-09,-1.4011685096590347
2023-08-10,-1.3985782229595327
2023-08-11,-1.2735992077201908
2023-08-12,-1.589867222136029
2023-08-13,-1.5884182307423098
2023-08-14,-1.2658012970535528
2023-08-15,-1.2661638025957638
2023-08-16,-1.2496728752641384
2023-08-17,-0.7544234198208971
2023-08-18,-2.171254514293621
2023-08-19,-2.533750506985332
2023-08-20,-1.8086325011138749
2023-08-21,-2.319239066327889
2023-08-22,-1.828288802626606
2023-08-23,-1.2073141641549527
2023-08-24,-0.9675067587288524
2023-08-25,-1.3883235496871662
2023-08-26,-1.6397374582865418
2023-08-27,-1.7519881832174946
2023-08-28,-1.3906009806325612
2023-08-29,-1.2053581020391564
2023-08-30,-1.7248827020924113
2023-08-31,-1.1690673925328172
2023-09-01,-1.1678982988572795
2023-09-02,-1.405885833001206
2023-09-03,-0.8904332788923932
2023-09-04,-1.2920837808265004
2023-09-05,-1.0674327666355876
2023-09-06,-1.5252857296360376
2023-09-07,-1.2303522795278146
2023-09-08,-0.24254875876151522
2023-09-09,-1.410053661820815
2023-09-10,-1.7275505460005662
2023-09-11,-1.2935492007407692
2023-09-12,-0.9640191936443443
2023-09-13,-0.9468175679380824
2023-09-14,-1.2460687274510844
2023-09-15,-1.534571327491696
2023-09-16,-1.6219933981610422
2023-09-17,-1.632242677828171
2023-09-18,-0.8664338809546557
2023-09-19,-1.6731908139136888
2023-09-20,-1.3387214178213611
2023-09-21,-1.1606488767177516
2023-09-22,-1.0169899975848815
2023-09-23,-1.4490135196675382
2023-09-24,-1.4877326601102199
2023-09-25,-1.330206366711313
2023-09-26,-1.0645925753864416
2023-09-27,-1.2932246589912726
2023-09-28,-1.317237365640621
2023-09-29,-1.359769501075479
2023-09-30,-1.3912800910675525
2023-10-01,-1.3641888335367371
2023-10-02,-0.9993940997598799
2023-10-03,-0.9966955364193749
2023-10-04,-0.7871314610307898
2023-10-05,-1.6788441739639433
2023-10-06,-1.3889163293065678
2023-10-07,-1.9538745681199585
2023-10-08,-1.7235090947709784
2023-10-09,-2.048468708826154
2023-10-10,-1.7737281809904584
2023-10-11,-1.6374968201025597
2023-10-12,-1.8205345874750867
2023-10-13,-1.7361600316265557
2023-10-14,-1.9934028490758902
2023-10-15,-1.9069857928395662
2023-10-16,-1.9582805071786822
2023-10-17,-1.9825869913858374
2023-10-18,-2.305380919535643
2023-10-19,-2.039041814174454
2023-10-20,-1.9033821524566066
2023-10-21,-1.9259440208378573
2023-10-22,-2.0770547874372394
2023-10-23,-1.8934708948164785
2023-10-24,-1.5287498188737423
2023-10-25,-1.3687096702197052
2023-10-26,-1.5322577191989482
2023-10-27,-1.6968173936865185
2023-10-28,-2.126379515712341
2023-10-29,-2.1224871107121355
2023-10-30,-1.8034660667343245
2023-10-31,-1.8251459823353942
2023-11-01,-1.5708538078886747
2023-11-02,-1.2931376387535434
2023-11-03,-1.5270938915060095
2023-11-04,-1.946545126068973
2023-11-05,-2.018237466570691
2023-11-06,-1.3851144174785128
2023-11-07,-1.3388363740919362
2023-11-08,-1.1110600054276945
2023-11-09,-1.3153332655778402
2023-11-10,-1.377886757968596
2023-11-11,-1.9240066508695117
2023-11-12,-1.863948044132011
2023-11-13,-1.5758697540181756
2023-11-14,-0.813470662360926
2023-11-15,-1.452265168499897
2023-11-16,-1.125212398466506
2023-11-17,-1.2330435427362094
2023-11-18,-1.35936381455293
2023-11-19,-1.6233745163526279
2023-11-20,-1.1349202623711192
2023-11-21,-0.8724851781515479
2023-11-22,-0.49368679780281033
2023-11-23,-0.8935457326580961
2023-11-24,-1.0582259151412026
2023-11-25,-1.629866748782055
2023-11-26,-1.6312714377789774
2023-11-27,-1.321730106321299
2023-11-28,-1.2869509724426909
2023-11-29,-1.1093866599885152
2023-11-30,-1.0741251095834554
2023-12-01,-0.9579138827815364
2023-12-02,-1.1983092397054802
2023-12-03,-1.804282345853792
2023-12-04,-1.1027052631391634
2023-12-05,-0.7732695814428814
2023-12-06,-1.1664955361698108
2023-12-07,-1.4481808388256823
2023-12-08,-1.5494697019216275
2023-12-09,-2.050690702891771
2023-12-10,-1.4762019052967177
2023-12-11,-1.3131400166040208
2023-12-12,-1.4433613975328148
2023-12-13,-1.1768185693667765
2023-12-14,-1.1645072494730826
2023-12-15,-1.4559288538399973
2023-12-16,-1.684620039544713
2023-12-17,-1.651357909382479
2023-12-18,-1.4721372640232178
2023-12-19,-1.3273255088522726
2023-12-20,-1.2774060731381458
2023-12-21,-1.4919314930999634
2023-12-22,-1.4644228277216813
2023-12-23,-1.422667400387683
2023-12-24,-1.2341537016813586
2023-12-25,-0.33455766941915777
2023-12-26,-0.9945917748093578
2023-12-27,-1.1958002301897825
2023-12-28,-1.1438262029295394
2023-12-29,-1.7211939411299757
2023-12-30,-1.8084106843543468
2023-12-31,-2.0574278349121826
2024-01-01,-2.200880756029768
2024-01-02,-1.7871519574609327
2024-01-03,-2.248134725885759
2024-01-04,-2.211491405021312
2024-01-05,-1.9364412309105812
2024-01-06,-2.142052836118027
2024-01-07,-1.802188138125679
2024-01-08,-2.0081171372700655
2024-01-09,-1.3333594674068467
2024-01-10,-2.0704223262527837
2024-01-11,-1.7519081043626266
2024-01-12,-2.13291234580679
2024-01-13,-2.3279406691004034
2024-01-14,-2.0921725959932016
2024-01-15,-1.9359896941031953
2024-01-16,-1.7929868337212438
2024-01-17,-1.5138961547608782
2024-01-18,-1.6682428838370758
2024-01-19,-1.6718213142440344
2024-01-20,-1.1014058975248822
2024-01-21,-1.643802187155673
2024-01-22,-1.4984948185224887
2024-01-23,-1.8549171377792304
2024-01-24,-1.7812890498810525
2024-01-25,-1.5209966183044596
2024-01-26,-1.369746620418654
2024-01-27,-1.988303439600049
2024-01-28,-2.2653832742177817
2024-01-29,-1.8540360507836346
2024-01-30,-1.1925542404789875
2024-01-31,-1.2802102198012033
2024-02-01,-1.6214466486933676
2024-02-02,-1.845201378612394
2024-02-03,-1.6865656817487764
2024-02-04,-1.9031503335084896
2024-02-05,-0.8933417206893033
2024-02-06,-0.7642808056177895
2024-02-07,-0.877169039874
2024-02-08,-0.8521718794872261
2024-02-09,-1.0348529663002848
2024-02-10,-1.2461094646237323
2024-02-11,-1.3602103391343383
2024-02-12,-1.5503740378965727
2024-02-13,-0.8466320966135528
2024-02-14,-0.6989549337496516
2024-02-15,-1.1086591385187812
2024-02-16,-1.1025039458024486
2024-02-17,-1.348733656809392
2024-02-18,-1.0354900021376472
2024-02-19,-1.3135986174295113
2024-02-20,-1.8543253854314703
2024-02-21,-1.9404446661844685
2024-02-22,-1.708088867698427
2024-02-23,-1.4380101045368743
2024-02-24,-1.542899280769722
2024-02-25,-1.7845411284224744
2024-02-26,-1.5439089718173544
2024-02-27,-1.0563533398959015
2024-02-28,-1.6316758032876617
2024-02-29,-1.4435581187665005
2024-03-01,-1.2852146347781168
2024-03-02,-1.4932797642729778
2024-03-03,-1.8779946657840747
2024-03-04,-1.1568506179634017
2024-03-05,-1.1178058427395388
2024-03-06,-1.0741362388752325
2024-03-07,-1.0697933787254839
2024-03-08,-1.1274321298252459
2024-03-09,-1.3562287151213603
2024-03-10,-1.2215756548478287
2024-03-11,-0.9558388902653445
2024-03-12,-1.2612586926294844
2024-03-13,-1.46466201842644
2024-03-14,-1.361984406697907
2024-03-15,-1.0314960978945227
2024-03-16,-1.1791539239666637
2024-03-17,-1.4774911277877072
2024-03-18,-0.8926745053652879
2024-03-19,-1.125616480136996
2024-03-20,-1.1080267242066695
2024-03-21,-1.1576009466754524
2024-03-22,-0.8395679857266661
2024-03-23,-1.266274019540822
2024-03-24,-1.1160484507508208
2024-03-25,-1.3891298192957848
2024-03-26,-1.7115582325092495
2024-03-27,-1.5127102273841502
2024-03-28,-1.1618006035405173
2024-03-29,-1.1340205726233086
2024-03-30,-1.6859151830042636
2024-03-31,-1.3774822624048373
2024-04-01,-1.735880413762829
2024-04-02,-1.5277421670445095
2024-04-03,-1.4257792818597346
2024-04-04,-1.446948222700299
2024-04-05,-1.4096676359714673
2024-04-06,-1.756434772751447
2024-04-07,-2.1088715951641177
2024-04-08,-0.8948107232655179
2024-04-09,-1.0974276167332693
2024-04-10,-1.3598571692088317
2024-04-11,-1.3768625435561224
2024-04-12,-1.2606674968923375
2024-04-13,-1.7103593030226816
2024-04-14,-2.3466782960156674
2024-04-15,-1.8220411682564854
2024-04-16,-1.5912425122684772
2024-04-17,-1.6284168435715176
2024-04-18,-1.3711272582474323
2024-04-19,-1.6024635656361965
2024-04-20,-1.5056709308401757
2024-04-21,-1.094006871609441
2024-04-22,-1.2612002192432683
2024-04-23,-1.279694389994911
2024-04-24,-1.3270173787949324
2024-04-25,-1.2844088022111275
2024-04-26,-1.1818007491227756
2024-04-27,-1.346483592092167
2024-04-28,-1.2487865070144095
2024-04-29,-0.9939434446867195
2024-04-30,-1.1708902436900417
2024-05-01,-1.3175401915073723
2024-05-02,-1.15010462123232
2024-05-03,-1.152517548459096
2024-05-04,-1.1202387787348531
2024-05-05,-1.2191957295158407
2024-05-06,-1.068711194082204
2024-05-07,-1.2253846665639798
2024-05-08,-1.0697981588956127
2024-05-09,-1.0877241176454917
2024-05-10,-1.2429600928546871
2024-05-11,-1.0195160143519084
2024-05-12,-1.424270323844006
2024-05-13,-1.0016676416891803
2024-05-14,-1.4402954098194611
2024-05-15,-1.1301836612594098
2024-05-16,-0.9832122727428709
2024-05-17,-1.2678133942393317
2024-05-18,-1.0613567884752462
2024-05-19,-1.6291378870546633
2024-05-20,-1.7487225325708728
2024-05-21,-1.6417051573433354
2024-05-22,-1.406451246429413
2024-05-23,-1.090551308643148
2024-05-24,-1.1474375104887649
2024-05-25,-1.3755429916763844
2024-05-26,-1.2288194232663319
2024-05-27,-1.012937798336363
2024-05-28,-1.0002806960077322
2024-05-29,-1.126201857397766
2024-05-30,-1.1640639689205003
2024-05-31,-1.4135663165015124
2024-06-01,-1.3651459818763265
2024-06-02,-1.18863791884523
2024-06-03,-1.1555801497847977
2024-06-04,-0.8419492502750889
2024-06-05,-1.0049377022352677
2024-06-06,-0.7055411634392438
2024-06-07,-0.9997282935557436
2024-06-08,-0.9924592936615131
2024-06-09,-1.00964757824829
2024-06-10,-0.9606679664212403
2024-06-11,-0.9559262525488825
2024-06-12,-0.7642441931235182
2024-06-13,-0.8853506775629446
2024-06-14,-0.42873631151903613
2024-06-15,-0.7182061570814671
2024-06-16,-1.4749648757883829
2024-06-17,-1.445400381320552
2024-06-18,-0.8465814280064802
2024-06-19,-0.8984698878941434
2024-06-20,-0.7337579752274959
2024-06-21,-0.9970772815709914
2024-06-22,-1.0732065053904651
2024-06-23,-1.002491234641638
2024-06-24,-0.7444091489371729
2024-06-25,-2.2174350195722305
2024-06-26,-1.4007669878213487
2024-06-27,-1.0302158961278893
2024-06-28,-1.0485454631249609
2024-06-29,-0.9473244095619093
2024-06-30,-1.2022090222899429
2024-07-01,-0.7994665577182248
2024-07-02,-1.1526879907595582
2024-07-03,-1.0332560010146616
2024-07-04,-0.6307480162050991
2024-07-05,-0.0630021636922917
2024-07-06,-0.39876489478817007
2024-07-07,-0.6259577918086738
2024-07-08,-0.7424412343851604
2024-07-09,-0.817052953885588
2024-07-10,-0.7251231481187603
2024-07-11,-0.8343014766013285
2024-07-12,-1.1428633038296117
2024-07-13,-1.191282846614945
2024-07-14,-1.7345864185853421
2024-07-15,-1.2498139228691039
2024-07-16,-0.9548378702363557
2024-07-17,-0.5559125362066939
2024-07-18,-0.644822825060535
2024-07-19,-1.401715327825544
2024-07-20,-1.7550917605093534
2024-07-21,-1.1477223694809184
2024-07-22,-0.8457523857751206
2024-07-23,-1.1102129948604922
2024-07-24,-0.9082246764885894
2024-07-25,-1.0940396115783413
2024-07-26,-1.3135660624673222
2024-07-27,-1.4697480119045956
2024-07-28,-1.4734949803976616
2024-07-29,-1.5327675529699596
2024-07-30,-1.9314371465817983
2024-07-31,-2.5229660170928616
2024-08-01,-3.2899712613704226
2024-08-02,-2.5154189189815233
2024-08-03,-4.0342486336732435
2024-08-04,-4.743137006222105
2024-08-05,-4.468028916379999
2024-08-06,-4.060999562071943
2024-08-07,-3.715551885861342
2024-08-08,-3.300054408854557
2024-08-09,-2.9981281638756943
2024-08-10,-2.6614079694843107
2024-08-11,-2.558769563210966
2024-08-12,-2.5330808260168136
2024-08-13,-2.359843843144857
2024-08-14,-1.5484695225621783
2024-08-15,-1.0619159132131872
2024-08-16,-1.8042855457837323
2024-08-17,-2.0316521028544203
2024-08-18,-1.9232267993936063
2024-08-19,-1.7986795271319906
2024-08-20,-2.044401563948074
2024-08-21,-1.7794425447490463
2024-08-22,-1.3797606761113783
2024-08-23,-1.4675287354305453
2024-08-24,-1.3422743124453775
2024-08-25,-1.5341382004082909
2024-08-26,-1.4100816850051865
2024-08-27,-1.1516409288721816
2024-08-28,-1.38081587389752
2024-08-29,-1.3219013446439627
2024-08-30,-1.2158135501503544
2024-08-31,-1.0823281311126
2024-09-01,-1.6737644084379395
2024-09-02,-1.459076174348139
2024-09-03,-1.7944504255272749
2024-09-04,-1.4811723274516269
2024-09-05,-1.1038847073356652
2024-09-06,-1.29929504750271
2024-09-07,-1.2808467175380758
2024-09-08,-1.3133785618658786
2024-09-09,-1.4598958544568659
2024-09-10,-1.6818162185186516
2024-09-11,-1.4329329179980406
2024-09-12,-0.9873345050929349
2024-09-13,-1.500511426880736
2024-09-14,-1.397906394470807
2024-09-15,-1.0561051630458735
2024-09-16,-0.8848874740679035
2024-09-17,-0.6400646550816124
2024-09-18,-0.7519324514568813
2024-09-19,-1.18347443127471
2024-09-20,-1.2062240529852033
2024-09-21,-1.0036217713732831
2024-09-22,-1.300432990269648
2024-09-23,-0.6315364083332713
2024-09-24,-1.0786036034556132
2024-09-25,-1.3108857591190504
2024-09-26,-1.1696757792522874
2024-09-27,-0.9927311134374674
2024-09-28,-0.9810734408152167
2024-09-29,-1.2012957320421496
2024-09-30,-0.9216887651974318
2024-10-01,-1.026707168419485
2024-10-02,-1.2427206451588475
2024-10-03,-0.9908763694435778
2024-10-04,-1.1715736761386306
2024-10-05,-1.640042046948188
2024-10-06,-1.437269920492532
2024-10-07,-1.4756403568389247
2024-10-08,-1.4068686443249276
2024-10-09,-1.0697080923499862
2024-10-10,-0.8577677004252616
2024-10-11,-0.8937320802214346
2024-10-12,-1.0818332485297126
2024-10-13,-1.0232531170698786
2024-10-14,-0.9624874743693741
2024-10-15,-0.9887586541307708
2024-10-16,-1.0497106075258567
2024-10-17,-1.0871582100745885
2024-10-18,-1.1444072862127195
2024-10-19,-0.9785176119582409
2024-10-20,-1.0582743549386713
2024-10-21,-1.3148111758361967
2024-10-22,-1.5205464126417039
2024-10-23,-1.0851328680075842
2024-10-24,-1.0210701832689695
2024-10-25,-1.6361019473189835
2024-10-26,-1.8815061897403558
2024-10-27,-1.6809234503010329
2024-10-28,-1.424329687843017
2024-10-29,-1.5254681307046778
2024-10-30,-1.1063553363109164
2024-10-31,-1.0647823521671083
2024-11-01,-1.1795826150102833
2024-11-02,-1.3515297213215651
2024-11-03,-1.5568491741921784
2024-11-04,-0.9827339085591176
2024-11-05,-0.8297790426232637
2024-11-06,-0.47041169273141603
2024-11-07,-0.5756866540764103
2024-11-08,-0.6749419132158959
2024-11-09,-0.6634966049454207
2024-11-10,-0.7180136565078884
2024-11-11,-0.7298400613873933
2024-11-12,-1.18878818191529
2024-11-13,-0.948680498261222
2024-11-14,-0.6646273381217195
2024-11-15,-0.8667146425507241
2024-11-16,-1.1099595270067872
2024-11-17,-1.1895902776050657
2024-11-18,-1.1525562738203068
2024-11-19,-1.0241899153148997
2024-11-20,-1.0183808278510293
2024-11-21,-1.1371423559308629
2024-11-22,-1.8034501505387086
2024-11-23,-1.4515954556451685
2024-11-24,-1.89553415733622
2024-11-25,-1.0792091871715106
2024-11-26,-1.1013898223280045
2024-11-27,-1.0795719505780488
2024-11-28,-1.2485480221450271
2024-11-29,-1.2160070346349006
2024-11-30,-1.1213077394744417
2024-12-01,-1.449234741187663
2024-12-02,-0.8410113094206894
2024-12-03,-0.6936987250115095
2024-12-04,-0.6441314356746719
2024-12-05,-0.7102114943686764
2024-12-06,-0.8648715024233482
2024-12-07,-0.5566064183129169
2024-12-08,-0.8227412776037916
2024-12-09,-0.8380198544568782
2024-12-10,-1.0462285157520703
2024-12-11,-1.2144555727668738
2024-12-12,-0.9075590342544005
2024-12-13,-1.057186747107325
2024-12-14,-0.747123779490554
2024-12-15,-1.0772208224294282
2024-12-16,-1.1936442127911748
2024-12-17,-1.388756453398381
2024-12-18,-1.3442700971183723
2024-12-19,-1.1233239274388087
2024-12-20,-0.744461625458875
2024-12-21,-1.1354170258934377
2024-12-22,-0.8831658384432959
2024-12-23,-0.930973562678358
2024-12-24,-0.7817405922621589
2024-12-25,-0.07252624373437339
2024-12-26,-0.9310686059510844
2024-12-27,-1.227652720347153
2024-12-28,-1.30602650614703
2024-12-29,-1.578007991553887
2024-12-30,-1.4524957198778352
2024-12-31,-0.7511602963480274
2025-01-01,-0.880203938260477
2025-01-02,-1.6694234526645364
2025-01-03,-1.8260075488123297
2025-01-04,-2.039194467847322
2025-01-05,-1.6355855860369228
2025-01-06,-2.101547844938056
2025-01-07,-1.6068669717755213
2025-01-08,-1.791914295267621
2025-01-09,-1.6440278943935722
2025-01-10,-1.5635887467948928
2025-01-11,-1.3629517863742748
2025-01-12,-1.3446865580964942
2025-01-13,-0.9877709164285757
2025-01-14,-1.2113794656904038
2025-01-15,-1.008506684414181
2025-01-16,-0.964006807000948
2025-01-17,-1.08740222201978
2025-01-18,-1.147160745825252
2025-01-19,-1.6265989513319057
2025-01-20,-1.2069005160516053
2025-01-21,-1.4958240978189214
2025-01-22,-1.1277808085780519
2025-01-23,-1.625276647771395
2025-01-24,-2.1342075289988442
2025-01-25,-1.4670081217223647
2025-01-26,-1.6762154194371075
2025-01-27,-1.4021781123243766
2025-01-28,-1.0575907911488822
2025-01-29,-1.2509252529756478
2025-01-30,-1.0039880522388003
2025-01-31,-1.0367894485528335
2025-02-01,-1.2531506139603956
2025-02-02,-1.374546770942203
2025-02-03,-1.0761864650523585
2025-02-04,-1.1695883903318698
2025-02-05,-0.9290659461607195
2025-02-06,-1.0945288678916911
2025-02-07,-1.1978056977018996
2025-02-08,-1.6413261694343022
2025-02-09,-1.3858864693683224
2025-02-10,-1.2685637248311135
2025-02-11,-1.0969774243997892
2025-02-12,-0.8744888659055069
2025-02-13,-1.0493463321378342
2025-02-14,-1.1870834686421785
2025-02-15,-1.326816381124687
2025-02-16,-0.7422206632336955
2025-02-17,-0.8866856027618125
2025-02-18,-1.029094378210385
2025-02-19,-1.10564042842838
2025-02-20,-1.1068958142227767
2025-02-21,-1.0080160569674876
2025-02-22,-0.7198417618895607
2025-02-23,-0.9227114991738913
2025-02-24,-1.0079435971525472
2025-02-25,-1.3108724023218359
2025-02-26,-0.8400733697346584
2025-02-27,-0.6983380758807622
2025-02-28,-0.75477243226466
2025-03-01,-0.4590301551763361
2025-03-02,0.00257391905258287
2025-03-03,-0.33111289268893773
2025-03-04,-0.8407093183663997
2025-03-05,-1.1821391898991214
2025-03-06,-1.2105103268838222
2025-03-07,-1.276035368132396
2025-03-08,-0.9312916562362836
2025-03-09,-1.3039139661238
2025-03-10,-1.0369873813327932
2025-03-11,-1.5001808077594596
2025-03-12,-1.2422725144865416
2025-03-13,-1.475802992114339
2025-03-14,-1.3148905487748286
2025-03-15,-1.281323001942855
2025-03-16,-1.0353950648990975
2025-03-17,-0.993601048419702
2025-03-18,-0.8856177397033962
2025-03-19,-1.0876593783384902
2025-03-20,-1.0467680262622299
2025-03-21,-1.2914240675213893
2025-03-22,-1.4879524732454183
2025-03-23,-1.586412395146986
2025-03-24,-1.3511624889699994
2025-03-25,-1.022241886176621
2025-03-26,-0.98987750387387
2025-03-27,-1.0218043176361338
2025-03-28,-1.10415339362104
2025-03-29,-1.1064049451775566
2025-03-30,-1.7157821132716111
2025-03-31,-1.4066097813725855
2025-04-01,-1.5939127384456269
2025-04-02,-1.110728087914976
2025-04-03,-1.1874049063090437
2025-04-04,-1.5349617510952773
2025-04-05,-1.3862248145197935
2025-04-06,-1.596782399937318
2025-04-07,-1.291854816552706
2025-04-08,-1.056168353891107
2025-04-09,-0.877995336982807
2025-04-10,-0.8385797411699807
2025-04-11,-0.9743486031127802
2025-04-12,-1.2488187130749129
2025-04-13,-1.7033425374459998
2025-04-14,-1.719822670508803
2025-04-15,-1.60707223911234
2025-04-16,-1.6145238158514488
2025-04-17,-0.9764904267164882
2025-04-18,-0.9149728174322043
2025-04-19,-1.1732698626538614
2025-04-20,-1.238513171060355
2025-04-21,-0.774118443463641
2025-04-22,-1.1415924301679257
2025-04-23,-1.1808452893584027
2025-04-24,-1.2545790657275366
2025-04-25,-1.3128300619247937
2025-04-26,-1.356235621601291
2025-04-27,-1.4280539273570716
2025-04-28,-1.2737004659529318
2025-04-29,-0.7030832913354533
2025-04-30,-1.1561267278280398
2025-05-01,-0.8193333741916422
2025-05-02,-0.8612509414335704
2025-05-03,-0.9236860368952359
2025-05-04,-1.3768751323347437
2025-05-05,-0.5702557947804779
2025-05-06,-0.623085594622891
2025-05-07,-1.1725710066629782
2025-05-08,-0.3999193338617557
2025-05-09,-0.7300770161662211
2025-05-10,-1.2757158540417657
2025-05-11,-1.2153559916567487
2025-05-12,-1.4402448171931157
2025-05-13,-1.318272361404045
2025-05-14,-1.4522686328451426
2025-05-15,-1.3075648916218585
2025-05-16,-1.512890238652637
2025-05-17,-1.505202736842606
2025-05-18,-1.1179613698481687
2025-05-19,-0.8381572533938317
2025-05-20,-1.941780325618515
2025-05-21,-1.4723113429339858
2025-05-22,-1.2784547616689663
2025-05-23,-1.1061862569606389
2025-05-24,-1.2150243683811204
2025-05-25,-1.4628105829119358
2025-05-26,-1.3496549880351536
2025-05-27,-1.1862451723469396
2025-05-28,-1.5093337718639104
2025-05-29,-1.7397308171158399
2025-05-30,-1.7258879501673103
2025-05-31,-1.0510550818281952
2025-06-01,-1.235164167065727
2025-06-02,-1.1638699993690966
2025-06-03,-1.5375402255276476
2025-06-04,-1.1149370127089697
2025-06-05,-1.1478876925969916
2025-06-06,-1.3341488707482942
2025-06-07,-1.2786143901891274
2025-06-08,-1.4928799104458927
2025-06-09,-1.2058520880734824
2025-06-10,-1.2875602197054088
2025-06-11,-1.4638411470031234
2025-06-12,-1.9687144885728538
2025-06-13,-2.071783377110414
2025-06-14,-1.263248137181327
2025-06-15,-0.6675109939227929
2025-06-16,-0.8165252533491835
2025-06-17,-0.8981805180476254
2025-06-18,-1.8965814861173995
2025-06-19,-1.9804766262784512
2025-06-20,-3.169926393028673
2025-06-21,-2.2720820484531656
2025-06-22,-1.6206826313961527
2025-06-23,-2.6224240854497065
2025-06-24,-2.631737977469301
2025-06-25,-1.4987596741236555
2025-06-26,-1.6059559163842532
2025-06-27,-1.5486691859822987
2025-06-28,-2.201371533925113
2025-06-29,-1.4696002393450542
2025-06-30,-1.2914356124711062
2025-07-01,-1.9806516956109412
2025-07-02,-1.1501800638164663
2025-07-03,-1.1579591355919236
2025-07-04,-1.129628709065446
2025-07-05,-1.2748220715759098
2025-07-06,-1.435809355582028
2025-07-07,-1.2144591321829916
2025-07-08,-0.7909212988097464
2025-07-09,-1.0401999191721882
2025-07-10,-0.9917811847972535
2025-07-11,-1.1661326550452753
2025-07-12,-1.7375739206080727
2025-07-13,-1.4576675199622655
2025-07-14,-1.0320495736967021
2025-07-15,-1.2416425558041926
2025-07-16,-1.2923218111867925
2025-07-17,-0.8605254816657758
2025-07-18,-1.067199341566258
2025-07-19,-1.8015274057972488
2025-07-20,-1.5607394460160493
2025-07-21,-1.8288010735382234
2025-07-22,-1.7320301309120718
2025-07-23,-1.5462228337484136
2025-07-24,-1.234865933886085
2025-07-25,-1.248522027275162
2025-07-26,-1.1318322212654128
2025-07-27,-1.2929003747211258
2025-07-28,-1.5893900517930308
2025-07-29,-1.3754830280720907
2025-07-30,-1.4351826417995242
2025-07-31,-1.7451742566309865
2025-08-01,-1.7328245933379127
2025-08-02,-1.9830113564621084
2025-08-03,-2.1031651665471207
2025-08-04,-1.9659552908226572
2025-08-05,-1.4566437898872988
2025-08-06,-1.3793713461629067
2025-08-07,-1.1408342507275675
2025-08-08,-1.7892204477684932
2025-08-09,-2.349641966934317
2025-08-10,-2.642860725147191
2025-08-11,-1.9601319117290656
2025-08-12,-1.8539253951019203
2025-08-13,-1.7580146899053362
2025-08-14,-0.9704451587795291
2025-08-15,-1.3838083678551225
2025-08-16,-1.3196373727757174
2025-08-17,-1.378016157627683
2025-08-18,-0.9544074394112197
2025-08-19,-1.1514963999638592
2025-08-20,-1.5786731595138517
2025-08-21,-1.4779659569603547
2025-08-22,-1.7832935841523831
2025-08-23,-2.0257184659084775
2025-08-24,-1.930070237351846
2025-08-25,-1.5872499109960347
2025-08-26,-1.6445540321788534
2025-08-27,-1.4570937764877043
2025-08-28,-1.4546376317554701
2025-08-29,-1.664324952291431
2025-08-30,-2.005463684055288
2025-08-31,-1.804639136330219
2025-09-01,-1.4043316070955454
2025-09-02,-1.7414094062041126
2025-09-03,-1.6080739464281466
2025-09-04,-1.5227808103913758
2025-09-05,-1.6730880214660357
2025-09-06,-1.8895197363626541
2025-09-07,-2.0230789155265403
2025-09-08,-0.9430059190960648
2025-09-09,-1.0775498709904188
2025-09-10,-1.2939647546101034
2025-09-11,-0.9299534832585131
2025-09-12,-1.5400603427425303
2025-09-13,-1.9853436013472046
2025-09-14,-1.8280612259500832
2025-09-15,-1.3069923605345906
2025-09-16,-1.1173757159873954
2025-09-17,-0.6679570496199886
2025-09-18,-0.8457836025475572
2025-09-19,-1.447033104879603
2025-09-20,-1.3302342365843025
2025-09-21,-1.5892982044967618
2025-09-22,-1.0947387387163425
2025-09-23,-1.4431736682344165
2025-09-24,-1.3149435615372291
2025-09-25,-1.0060794306072989
2025-09-26,-1.6474629697508505
2025-09-27,-1.3045538235627152
2025-09-28,-1.133274980065843
2025-09-29,-1.2984243789106957
2025-09-30,-1.2754441670148144
2025-10-01,-1.230869390067897
2025-10-02,-2.7197351363962388
2025-10-03,-2.820524170842504
2025-10-04,-2.6090887878616207
2025-10-05,-2.3904020835251116
2025-10-06,-1.659223578385483
2025-10-07,-2.0184195798050992
2025-10-08,-1.3434992158470933
2025-10-09,-0.5742476986798432
2025-10-10,-0.8907446197740435
2025-10-11,-0.9008409688184977
2025-10-12,-1.1273281983411345
2025-10-13,-1.1065039661934717
2025-10-14,-0.9817981216765337
2025-10-15,-1.3798234397644413
2025-10-16,-1.4871085618719235
2025-10-17,-1.326146963787512
2025-10-18,-0.6876775903853105
2025-10-19,-1.289081569737461
2025-10-20,-1.5157604173360686
2025-10-21,-1.5618535700978429
2025-10-22,-1.2368387716430447
2025-10-23,-1.3834258745329777
2025-10-24,-1.837019454772482
2025-10-25,-2.5004125036935037
2025-10-26,-2.338658556696995
2025-10-27,-1.738054086355861
2025-10-28,-1.5114719179744425
2025-10-29,-1.8636019115380849
2025-10-30,-1.134991563435965
2025-10-31,-1.2425661556716265
2025-11-01,-1.4879219022642636
2025-11-02,-2.9255086308177605
2025-11-03,-1.759987722895995
2025-11-04,-1.257888938401094
2025-11-05,-1.603162162749245
2025-11-06,-1.6265743836813231
2025-11-07,-1.4499031256173294
2025-11-08,-1.5642605692596236
2025-11-09,-1.3621852422144773
2025-11-10,-1.6051400900799313
2025-11-11,-1.7373807715617426
2025-11-12,-1.4028728965319985
2025-11-13,-1.1795637872133369
2025-11-14,-1.3462146331442952
2025-11-15,-1.5802794514456933
2025-11-16,-1.6868715542998358
2025-11-17,-1.5278118343386422
2025-11-18,-1.1405883474455034
2025-11-19,-1.3419838820104946
2025-11-20,-1.4181297931046384
2025-11-21,-1.2053998481253139
2025-11-22,-1.1630303880654314
2025-11-23,-0.8248637180922797
2025-11-24,-1.201927087719103
2025-11-25,-0.8697851454613496
2025-11-26,-1.1894526314133798
2025-11-27,-1.2719367549098994
2025-11-28,-1.5729695998198308
2025-11-29,-1.2072625857210686
2025-11-30,-1.2819979535791797
2025-12-01,-1.4473537208132248
2025-12-02,-1.0647634413678666
2025-12-03,-0.7808788917148971
2025-12-04,-0.9409493770030101
2025-12-05,-0.7859987767354508
2025-12-06,-0.9104068806774357
2025-12-07,-1.3928868348616472
2025-12-08,-1.2036074827173642
2025-12-09,-1.3146249172676991
2025-12-10,-1.0729013033841426
2025-12-11,-1.2945553779771815
2025-12-12,-1.6152241598413977
2025-12-13,-1.147627068428914
2025-12-14,-2.1791430261571194
2025-12-15,-1.796747103936033
2025-12-16,-1.7604212202464886
2025-12-17,-1.427825089980132
2025-12-18,-1.7681708292445713
2025-12-19,-1.6153774248701436
2025-12-20,-1.1814590229417694
2025-12-21,-1.2996305501108087
2025-12-22,-1.774342739714065
2025-12-23,-2.7604882438248826
2025-12-24,-2.5056660471144205
2025-12-25,-1.344083960570386
2025-12-26,-1.9140631071199112
2025-12-27,-1.972451513350475
2025-12-28,-1.7913200655559587
2025-12-29,-1.6516158452750405
2025-12-30,-1.071659133218575
2025-12-31,-1.417788790513554
