date,value
2015-02-18,3.4535281448275237
2015-02-19,3.544669482763522
2015-02-20,3.537404391199294
2015-02-21,3.4161408450535196
2015-02-22,3.398696211078633
2015-02-23,3.509215926787015
2015-02-24,3.593616396585046
2015-02-25,3.6035683306498445
2015-02-26,3.564227486258747
2015-02-27,3.5996419279477685
2015-02-28,3.5864279133093837
2015-03-01,3.577623398668281
2015-03-02,3.5026164124371713
2015-03-03,3.5633712776069286
2015-03-04,3.6055228906702577
2015-03-05,3.5404702579745515
2015-03-06,3.57378920884721
2015-03-07,3.4484930357236943
2015-03-08,3.5510202870386522
2015-03-09,3.5871192963744054
2015-03-10,3.5649835211340632
2015-03-11,3.5581064569311107
2015-03-12,3.5539080286708216
2015-03-13,3.5709377445479444
2015-03-14,3.55534266581662
2015-03-15,3.479301382094338
2015-03-16,3.543920995692926
2015-03-17,3.527486800600408
2015-03-18,3.5573373806762434
2015-03-19,3.5690738305683922
2015-03-20,3.560549822575379
2015-03-21,3.489232689302668
2015-03-22,3.4579589311276666
2015-03-23,3.5686258048844124
2015-03-24,3.6249256092919886
2015-03-25,3.583349117440585
2015-03-26,3.564681084819343
2015-03-27,3.6248220276206946
2015-03-28,3.577201430851267
2015-03-29,3.576374005274832
2015-03-30,3.556513655990635
2015-03-31,3.6249243413939465
2015-04-01,3.6137405227239974
2015-04-02,3.6095043740000445
2015-04-03,3.5480081429084573
2015-04-04,3.54722911337548
2015-04-05,3.5566690164562607
2015-04-06,3.4859051805348162
2015-04-07,3.533394299169645
2015-04-08,3.623037259131644
2015-04-09,3.609671101238132
2015-04-10,3.560571624613631
2015-04-11,3.5678876243512345
2015-04-12,3.5758893211071685
2015-04-13,3.60531610001161
2015-04-14,3.6822563399905097
2015-04-15,3.572078668244599
2015-04-16,3.5867186014724326
2015-04-17,3.5507917762828365
2015-04-18,3.562653184735677
2015-04-19,3.55865164392295
2015-04-20,3.5992831932109945
2015-04-21,3.5682726900869235
2015-04-22,3.5655370448920385
2015-04-23,3.587664736572426
2015-04-24,3.5675839614554206
2015-04-25,3.5891898446768664
2015-04-26,3.591146822382705
2015-04-27,3.5938701707486285
2015-04-28,3.5965414652466463
2015-04-29,3.581607053047043
2015-04-30,3.5417162573511307
2015-05-01,3.568701012463631
2015-05-02,3.42304025776383
2015-05-03,3.5085769710294334
2015-05-04,3.552708852684914
2015-05-05,3.5933006238424565
2015-05-06,3.5578214139548554
2015-05-07,3.5525340802651315
2015-05-08,3.5126412602779054
2015-05-09,3.545498586734494
2015-05-10,3.6253594548125
2015-05-11,3.6046841376159966
2015-05-12,3.580167382648399
2015-05-13,3.530833834930233
2015-05-14,3.543917124010061
2015-05-15,3.5992932923171197
2015-05-16,3.534594658230931
2015-05-17,3.5250882182196355
2015-05-18,3.6059316390356204
2015-05-19,3.572337212298717
2015-05-20,3.55386128777537
2015-05-21,3.522885558904111
2015-05-22,3.4830993020056242
2015-05-23,3.4720355379690644
2015-05-24,3.5403995403928663
2015-05-25,3.527083027241606
2015-05-26,3.5520849791348827
2015-05-27,3.574102670947494
2015-05-28,3.5606472179731647
2015-05-29,3.5365483240939195
2015-05-30,3.58371353120846
2015-05-31,3.5959607142576706
2015-06-01,3.5737964067845027
2015-06-02,3.528210914137075
2015-06-03,3.615290351241126
2015-06-04,3.56587927097753
2015-06-05,3.553250878675663
2015-06-06,3.5213672895968635
2015-06-07,3.546448434294293
2015-06-08,3.5825370089126216
2015-06-09,3.580066708481094
2015-06-10,3.6152991012354287
2015-06-11,3.5622645638193258
2015-06-12,3.4623370261065287
2015-06-13,3.4830428455822258
2015-06-14,3.4937554313978096
2015-06-15,3.5731284405726482
2015-06-16,3.4743537503455832
2015-06-17,3.4739530190508265
2015-06-18,3.523109642662777
2015-06-19,3.5263861524009195
2015-06-20,3.623067390102468
2015-06-21,3.50243055804854
2015-06-22,3.5216679240902455
2015-06-23,3.6118205600696838
2015-06-24,3.613690667735051
2015-06-25,3.6114633164122356
2015-06-26,3.620857060181265
2015-06-27,3.5784650010555894
2015-06-28,3.49612306520147
2015-06-29,3.6249006708788256
2015-06-30,3.634172258845376
2015-07-01,3.575745771329677
2015-07-02,3.6244369573194044
2015-07-03,3.639813233081157
2015-07-04,3.590951980943108
2015-07-05,3.6012385270112146
2015-07-06,3.6143173821526293
2015-07-07,3.5892242483568766
2015-07-08,3.6400096210493884
2015-07-09,3.5891591408299846
2015-07-10,3.5764265907599526
2015-07-11,3.5612799410300067
2015-07-12,3.5867277408418707
2015-07-13,3.6101103026760315
2015-07-14,3.6356724324899834
2015-07-15,3.6344318438387786
2015-07-16,3.6203248217598225
2015-07-17,3.6099391973255557
2015-07-18,3.5890835578402878
2015-07-19,3.5921657632063684
2015-07-20,3.5817931762374786
2015-07-21,3.627478907250784
2015-07-22,3.6227996782442675
2015-07-23,3.5641187508758874
2015-07-24,3.6234318689277982
2015-07-25,3.4851248551530967
2015-07-26,3.515699308226822
2015-07-27,3.604613048910715
2015-07-28,3.5636731061276334
2015-07-29,3.5845068715618735
2015-07-30,3.629237924916666
2015-07-31,3.588506411490201
2015-08-01,3.5189602297128872
2015-08-02,3.62356762601851
2015-08-03,3.6573097711615064
2015-08-04,3.623745975102322
2015-08-05,3.643617085927011
2015-08-06,3.6319287830816838
2015-08-07,3.5995100461879597
2015-08-08,3.5896447497756876
2015-08-09,3.644854134799166
2015-08-10,3.6062321876452432
2015-08-11,3.6159007235512015
2015-08-12,3.6445586926052584
2015-08-13,3.6363207322339877
2015-08-14,3.622515901079299
2015-08-15,3.577808248987367
2015-08-16,3.6305224231119064
2015-08-17,3.5792738563198374
2015-08-18,3.6251326144926654
2015-08-19,3.5723097997669595
2015-08-20,3.6143153654960263
2015-08-21,3.565559113586127
2015-08-22,3.586975373428558
2015-08-23,3.57121993038554
2015-08-24,3.52582912042577
2015-08-25,3.6103170954027397
2015-08-26,3.617463106378106
2015-08-27,3.551221610669902
2015-08-28,3.5936557619947376
2015-08-29,3.590107675445882
2015-08-30,3.5016424670167785
2015-08-31,3.5539517472336333
2015-09-01,3.5948530047630256
2015-09-02,3.608153620176021
2015-09-03,3.5783163223110783
2015-09-04,3.579809537878479
2015-09-05,3.5524652530287284
2015-09-06,3.56973516613333
2015-09-07,3.6087639646676735
2015-09-08,3.6216947166680074
2015-09-09,3.54443634620372
2015-09-10,3.617011192398476
2015-09-11,3.622857442254014
2015-09-12,3.607051714386333
2015-09-13,3.5499895306789195
2015-09-14,3.548049593545486
2015-09-15,3.563188743736406
2015-09-16,3.576916575089567
2015-09-17,3.5664366666444627
2015-09-18,3.4963653990838885
2015-09-19,3.5044485060311703
2015-09-20,3.4377049248306872
2015-09-21,3.566189544153546
2015-09-22,3.5759261277138505
2015-09-23,3.5591120770555165
2015-09-24,3.5608108658020843
2015-09-25,3.5056993696195002
2015-09-26,3.569117004507938
2015-09-27,3.5599729388239822
2015-09-28,3.532950577646006
2015-09-29,3.5265649536185633
2015-09-30,3.5348661286693317
2015-10-01,3.5321173790610305
2015-10-02,3.554228535524932
2015-10-03,3.6298157961653588
2015-10-04,3.5940899623574425
2015-10-05,3.5885011797210233
2015-10-06,3.6122160425638463
2015-10-07,3.6081039396840593
2015-10-08,3.623016656936028
2015-10-09,3.5429211458400247
2015-10-10,3.5220069081964547
2015-10-11,3.5451106654637514
2015-10-12,3.628592298988517
2015-10-13,3.580428465725211
2015-10-14,3.506759520314148
2015-10-15,3.591235371036823
2015-10-16,3.580031916358297
2015-10-17,3.56276176327811
2015-10-18,3.501723564661828
2015-10-19,3.5485268999977153
2015-10-20,3.5141071341778054
2015-10-21,3.4536236052644997
2015-10-22,3.423640554814174
2015-10-23,3.465736485279784
2015-10-24,3.540369427207793
2015-10-25,3.5252342993059163
2015-10-26,3.599931473200129
2015-10-27,3.5910399616596513
2015-10-28,3.5566051532160854
2015-10-29,3.5326132087795576
2015-10-30,3.601080656464223
2015-10-31,3.5732970462074243
2015-11-01,3.55262135828824
2015-11-02,3.567576367749946
2015-11-03,3.579219062821454
2015-11-04,3.559711056039197
2015-11-05,3.5957467959541316
2015-11-06,3.619956097208738
2015-11-07,3.597350104492067
2015-11-08,3.4927638823613734
2015-11-09,3.5824052877772723
2015-11-10,3.6344011227505817
2015-11-11,3.579377622934592
2015-11-12,3.4836124732327165
2015-11-13,3.5605839748928414
2015-11-14,3.571920816666738
2015-11-15,3.5675979814588334
2015-11-16,3.615811883595534
2015-11-17,3.6484705785992158
2015-11-18,3.634902756158786
2015-11-19,3.639014820745817
2015-11-20,3.6387569658562584
2015-11-21,3.576281963992399
2015-11-22,3.6113990746587947
2015-11-23,3.5830665135824478
2015-11-24,3.6640360855543403
2015-11-25,3.6062482212422453
2015-11-26,3.607052465950668
2015-11-27,3.5928149134479224
2015-11-28,3.5527963856730764
2015-11-29,3.5930985173750027
2015-11-30,3.588905962307121
2015-12-01,3.6159806842281284
2015-12-02,3.6190871998562097
2015-12-03,3.5866875142311554
2015-12-04,3.6179819288071133
2015-12-05,3.5900862792020543
2015-12-06,3.6629651202763327
2015-12-07,3.6301534578454353
2015-12-08,3.6361991782077103
2015-12-09,3.581661200300734
2015-12-10,3.5780897048206546
2015-12-11,3.619263675638478
2015-12-12,3.628940289918994
2015-12-13,3.563767131970649
2015-12-14,3.647490325049532
2015-12-15,3.5994156575364427
2015-12-16,3.5838879172327527
2015-12-17,3.647550963879313
2015-12-18,3.590591725064802
2015-12-19,3.585550873331395
2015-12-20,3.6079551571189925
2015-12-21,3.6055893174909066
2015-12-22,3.6430843445632894
2015-12-23,3.6619737304437803
2015-12-24,3.67458022347405
2015-12-25,3.528071902075591
2015-12-26,3.5981098066265815
2015-12-27,3.6264111950828886
2015-12-28,3.6116187702664546
2015-12-29,3.624537564019588
2015-12-30,3.6391437581779864
2015-12-31,3.6515199108428793
2016-01-01,3.645884089298063
2016-01-02,3.6721158778457896
2016-01-03,3.666277969991759
2016-01-04,3.5794620001041246
2016-01-05,3.6685028897504925
2016-01-06,3.587676504708525
2016-01-07,3.577565858727811
2016-01-08,3.613396068722067
2016-01-09,3.6111253559602483
2016-01-10,3.6817878733472527
2016-01-11,3.628051768383734
2016-01-12,3.6293862990608847
2016-01-13,3.6381218770621437
2016-01-14,3.577582372257138
2016-01-15,3.549801467905415
2016-01-16,3.5007727434986085
2016-01-17,3.5836669975660653
2016-01-18,3.568138859497319
2016-01-19,3.603716814100075
2016-01-20,3.555977432659542
2016-01-21,3.6112836459231104
2016-01-22,3.5975713862631236
2016-01-23,3.597838757731839
2016-01-24,3.6356313677913588
2016-01-25,3.6612455109786675
2016-01-26,3.621768632365881
2016-01-27,3.593592108421052
2016-01-28,3.6141730508369414
2016-01-29,3.5404972432469166
2016-01-30,3.5409149732358647
2016-01-31,3.526971960164305
2016-02-01,3.5998952202685177
2016-02-02,3.619586454856687
2016-02-03,3.61211573253376
2016-02-04,3.588171458984397
2016-02-05,3.659092478604583
2016-02-06,3.675450167844217
2016-02-07,3.5624301554790105
2016-02-08,3.5891582736342444
2016-02-09,3.6005784085161108
2016-02-10,3.7108306157377435
2016-02-11,3.599855665551514
2016-02-12,3.575547867729418
2016-02-13,3.55248564951847
2016-02-14,3.6321891367778054
2016-02-15,3.584012343371833
2016-02-16,3.5665474190633066
2016-02-17,3.6065613713226474
2016-02-18,3.6105110598813717
2016-02-19,3.628315666195287
2016-02-20,3.5884653523182664
2016-02-21,3.583049950642305
2016-02-22,3.597273728626339
2016-02-23,3.6063986128770313
2016-02-24,3.5977736338457214
2016-02-25,3.6220977190538557
2016-02-26,3.599129320621032
2016-02-27,3.4790226194697644
2016-02-28,3.5295761037008715
2016-02-29,3.6202295062521044
2016-03-01,3.6572650856706614
2016-03-02,3.609821500624709
2016-03-03,3.588684608826691
2016-03-04,3.6135558301054553
2016-03-05,3.627926233866223
2016-03-06,3.5753470426273433
2016-03-07,3.5737227338097584
2016-03-08,3.613153710317181
2016-03-09,3.627736645408846
2016-03-10,3.56040249583191
2016-03-11,3.5979833123752853
2016-03-12,3.6015039697612794
2016-03-13,3.5027589221043085
2016-03-14,3.5767482391827254
2016-03-15,3.6031912622794895
2016-03-16,3.6086965129304325
2016-03-17,3.5381288056179514
2016-03-18,3.5886747815367377
2016-03-19,3.572449050284056
2016-03-20,3.553756237486273
2016-03-21,3.647230436633344
2016-03-22,3.6456279226296298
2016-03-23,3.649352431725989
2016-03-24,3.5796616082997192
2016-03-25,3.601954270364932
2016-03-26,3.6061271772865293
2016-03-27,3.6485337465669434
2016-03-28,3.6055405644891896
2016-03-29,3.6250610764715927
2016-03-30,3.569997195688454
2016-03-31,3.568609289386852
2016-04-01,3.5904036956090084
2016-04-02,3.5785488662299025
2016-04-03,3.6197342954088456
2016-04-04,3.6005659157598155
2016-04-05,3.578702148298958
2016-04-06,3.6127056911095985
2016-04-07,3.603688088131423
2016-04-08,3.5718952500331063
2016-04-09,3.5987758054272723
2016-04-10,3.541395759473889
2016-04-11,3.6009242211215264
2016-04-12,3.5781014909187827
2016-04-13,3.5766113423560655
2016-04-14,3.5448280750886694
2016-04-15,3.5890339706744596
2016-04-16,3.4576776420940236
2016-04-17,3.5921064019175106
2016-04-18,3.595323210984678
2016-04-19,3.5681643012007407
2016-04-20,3.550020946727953
2016-04-21,3.5330736447769766
2016-04-22,3.5420018464368788
2016-04-23,3.484325330117725
2016-04-24,3.5386236670034052
2016-04-25,3.551650238420856
2016-04-26,3.5944693880312784
2016-04-27,3.5723884762899756
2016-04-28,3.622747410453865
2016-04-29,3.603028393966643
2016-04-30,3.626798820386621
2016-05-01,3.5414994916938536
2016-05-02,3.6245879793712783
2016-05-03,3.551680625511191
2016-05-04,3.56347739814271
2016-05-05,3.5628954585294546
2016-05-06,3.6127561488426814
2016-05-07,3.496937008886852
2016-05-08,3.5960150667360375
2016-05-09,3.554284411180785
2016-05-10,3.6088692969537504
2016-05-11,3.596597192227941
2016-05-12,3.5744454450259937
2016-05-13,3.578756933658348
2016-05-14,3.591370092401997
2016-05-15,3.6109791548384114
2016-05-16,3.57360702498854
2016-05-17,3.579188323848663
2016-05-18,3.541999660050428
2016-05-19,3.649399570668618
2016-05-20,3.5482602599471718
2016-05-21,3.5316216335763846
2016-05-22,3.6345006238908164
2016-05-23,3.613669501732515
2016-05-24,3.5101906970571473
2016-05-25,3.5982787583845877
2016-05-26,3.561165772316237
2016-05-27,3.572226231743503
2016-05-28,3.548607969292947
2016-05-29,3.653100899782326
2016-05-30,3.6055938589504004
2016-05-31,3.593233885943208
2016-06-01,3.5728996490542513
2016-06-02,3.582822195818418
2016-06-03,3.5706939579573502
2016-06-04,3.5340697369593594
2016-06-05,3.551497954883962
2016-06-06,3.600213609257937
2016-06-07,3.6292295096546847
2016-06-08,3.6575373635353676
2016-06-09,3.582844780798114
2016-06-10,3.5996330799748346
2016-06-11,3.5354628941688055
2016-06-12,3.588825957176882
2016-06-13,3.611385150379166
2016-06-14,3.637733433290188
2016-06-15,3.599731851875463
2016-06-16,3.586462637249125
2016-06-17,3.5595582448681684
2016-06-18,3.58248564216966
2016-06-19,3.6084794612289093
2016-06-20,3.61649705155439
2016-06-21,3.6901346324607207
2016-06-22,3.5972005015252866
2016-06-23,3.5741407236291325
2016-06-24,3.537604006953533
2016-06-25,3.55251857204887
2016-06-26,3.569550715428945
2016-06-27,3.5983834981822973
2016-06-28,3.5500230393860024
2016-06-29,3.4847866886956593
2016-06-30,3.6004931749164193
2016-07-01,3.624276775418088
2016-07-02,3.6209714693776527
2016-07-03,3.644187307149833
2016-07-04,3.642285404649419
2016-07-05,3.623343909939364
2016-07-06,3.6591568679809505
2016-07-07,3.6535362751088902
2016-07-08,3.5776675169699677
2016-07-09,3.6040427962597295
2016-07-10,3.569319599010915
2016-07-11,3.5443838761536557
2016-07-12,3.5725528044175303
2016-07-13,3.539730942814885
2016-07-14,3.49314015117319
2016-07-15,3.4968067953572493
2016-07-16,3.590966591796144
2016-07-17,3.5625269721883375
2016-07-18,3.475904660153891
2016-07-19,3.5675577357596686
2016-07-20,3.522816340163518
2016-07-21,3.560765056268097
2016-07-22,3.5771851050738883
2016-07-23,3.5680977555633704
2016-07-24,3.594727161992278
2016-07-25,3.5426010380792
2016-07-26,3.5606120122091838
2016-07-27,3.597824919312288
2016-07-28,3.5212983878434003
2016-07-29,3.5434625605711436
2016-07-30,3.5534654382155253
2016-07-31,3.6028776526578588
2016-08-01,3.6613552845492885
2016-08-02,3.688465587277055
2016-08-03,3.683518950799152
2016-08-04,3.719866769236591
2016-08-05,3.67423711718839
2016-08-06,3.6823166173159967
2016-08-07,3.611009335079716
2016-08-08,3.6618264327151953
2016-08-09,3.649071356586592
2016-08-10,3.6341136573689283
2016-08-11,3.6599824813225554
2016-08-12,3.645802090613656
2016-08-13,3.586570366768692
2016-08-14,3.6034149846604424
2016-08-15,3.5963962006339134
2016-08-16,3.608901887063513
2016-08-17,3.662443587343316
2016-08-18,3.5584058118999824
2016-08-19,3.6219001615077753
2016-08-20,3.678342769570445
2016-08-21,3.593202950404238
2016-08-22,3.5790551331651534
2016-08-23,3.569518043232044
2016-08-24,3.5957107963402857
2016-08-25,3.6109334625135223
2016-08-26,3.6495147280371367
2016-08-27,3.5766733525152943
2016-08-28,3.6501793619318703
2016-08-29,3.615230395075157
2016-08-30,3.602701835453391
2016-08-31,3.6016082157608116
2016-09-01,3.5701854294391775
2016-09-02,3.5852868631565786
2016-09-03,3.515321880648907
2016-09-04,3.5476571470316243
2016-09-05,3.5620956336803045
2016-09-06,3.5823432441449476
2016-09-07,3.5548428483848435
2016-09-08,3.547068530821219
2016-09-09,3.5639204162424067
2016-09-10,3.5597780302917763
2016-09-11,3.588612168417483
2016-09-12,3.637874864943897
2016-09-13,3.5918613332826244
2016-09-14,3.6022935841513886
2016-09-15,3.612616947905068
2016-09-16,3.632801481077867
2016-09-17,3.6002353170398536
2016-09-18,3.5945032255004743
2016-09-19,3.6195923474664355
2016-09-20,3.53512708192439
2016-09-21,3.5755971556420594
2016-09-22,3.5961504617503364
2016-09-23,3.57053321399631
2016-09-24,3.518626336555948
2016-09-25,3.459622060567629
2016-09-26,3.5154941759665896
2016-09-27,3.5177585748927704
2016-09-28,3.535610335519668
2016-09-29,3.5371322264055998
2016-09-30,3.543894304649065
2016-10-01,3.5704887631579814
2016-10-02,3.54090595195328
2016-10-03,3.633619557589422
2016-10-04,3.608143425506123
2016-10-05,3.579836933121201
2016-10-06,3.612031778520442
2016-10-07,3.616751099478885
2016-10-08,3.5701337632212593
2016-10-09,3.5597999292631606
2016-10-10,3.651880810893814
2016-10-11,3.590858491213595
2016-10-12,3.6202523755390197
2016-10-13,3.5670775678128885
2016-10-14,3.5849912855550325
2016-10-15,3.605589365057227
2016-10-16,3.602074832461559
2016-10-17,3.663896603912495
2016-10-18,3.6302955164281507
2016-10-19,3.619027322176615
2016-10-20,3.5727164737227697
2016-10-21,3.5990956621860395
2016-10-22,3.5801394526194588
2016-10-23,3.5785693102307268
2016-10-24,3.5929737535509227
2016-10-25,3.5908365389369545
2016-10-26,3.6172534955271574
2016-10-27,3.6250742111385947
2016-10-28,3.5866235454287225
2016-10-29,3.5217448899848085
2016-10-30,3.523820225396556
2016-10-31,3.5782242127243284
2016-11-01,3.5627911805847114
2016-11-02,3.5809136139883755
2016-11-03,3.6023485617454925
2016-11-04,3.6031499208322835
2016-11-05,3.5073310512406084
2016-11-06,3.455551189059228
2016-11-07,3.539927712922597
2016-11-08,3.625675487686168
2016-11-09,3.5265491766719057
2016-11-10,3.5535831663832322
2016-11-11,3.4771142048017794
2016-11-12,3.4586006618178984
2016-11-13,3.429636955293696
2016-11-14,3.502460035196952
2016-11-15,3.6064881060592917
2016-11-16,3.573004461911881
2016-11-17,3.5327056859009027
2016-11-18,3.5421468679462422
2016-11-19,3.6016666621067475
2016-11-20,3.4714465046586387
2016-11-21,3.5727253801888006
2016-11-22,3.593802480954737
2016-11-23,3.6124886612347016
2016-11-24,3.594009143885187
2016-11-25,3.6170558902153815
2016-11-26,3.568739604152749
2016-11-27,3.479572926300388
2016-11-28,3.4718803441863435
2016-11-29,3.587390604028687
2016-11-30,3.5699028036261033
2016-12-01,3.623822099857602
2016-12-02,3.6494347285743687
2016-12-03,3.5547007358149205
2016-12-04,3.5631206922160845
2016-12-05,3.6174607593521406
2016-12-06,3.5799427465351603
2016-12-07,3.5734419082383786
2016-12-08,3.58106590578588
2016-12-09,3.582699297857651
2016-12-10,3.614803963225122
2016-12-11,3.5818509947674904
2016-12-12,3.645611297699309
2016-12-13,3.6088425004471603
2016-12-14,3.6061045186430074
2016-12-15,3.6013396493054652
2016-12-16,3.6862242855470964
2016-12-17,3.6259039592293054
2016-12-18,3.6101059982639114
2016-12-19,3.604382332414743
2016-12-20,3.6417691360573015
2016-12-21,3.641057931635175
2016-12-22,3.6551031835920242
2016-12-23,3.6498152600970006
2016-12-24,3.571161158811454
2016-12-25,3.4042785163578437
2016-12-26,3.554787873012821
2016-12-27,3.584281632855201
2016-12-28,3.5984098461995373
2016-12-29,3.5565670210148626
2016-12-30,3.618246462244195
2016-12-31,3.6652424540036157
2017-01-01,3.606228296618631
2017-01-02,3.6089189264997765
2017-01-03,3.5518940358669058
2017-01-04,3.57482350633895
2017-01-05,3.5667550925223948
2017-01-06,3.615334960235587
2017-01-07,3.5975763379275922
2017-01-08,3.419320288803203
2017-01-09,3.541694110536095
2017-01-10,3.6416637562741117
2017-01-11,3.577537423313855
2017-01-12,3.6179692278141045
2017-01-13,3.580019732089671
2017-01-14,3.6343390478564888
2017-01-15,3.528285726620767
2017-01-16,3.6017130120307863
2017-01-17,3.6826330867391235
2017-01-18,3.601540837290477
2017-01-19,3.6201255490182644
2017-01-20,3.5883121575221035
2017-01-21,3.631114509521079
2017-01-22,3.5355164097694254
2017-01-23,3.57337256962011
2017-01-24,3.550628908617663
2017-01-25,3.597738268796244
2017-01-26,3.6079531475009454
2017-01-27,3.551640763994595
2017-01-28,3.3839049174037417
2017-01-29,3.6552101496724627
2017-01-30,3.655682507718113
2017-01-31,3.6310298876821867
2017-02-01,3.6226824221092433
2017-02-02,3.564392472326472
2017-02-03,3.619846613808148
2017-02-04,3.6342897066794144
2017-02-05,3.656777804152443
2017-02-06,3.5812285599289617
2017-02-07,3.5680103831403156
2017-02-08,3.563907996378626
2017-02-09,3.5519475442689945
2017-02-10,3.6071634512098782
2017-02-11,3.5811723107180296
2017-02-12,3.5731142675803698
2017-02-13,3.471167543995553
2017-02-14,3.570943855700029
2017-02-15,3.5406987729773522
2017-02-16,3.552073449203398
2017-02-17,3.530520352357269
2017-02-18,3.552358872342706
2017-02-19,3.4790592035178154
2017-02-20,3.610025994583137
2017-02-21,3.6022962567607912
2017-02-22,3.6199004126544767
2017-02-23,3.583450142619052
2017-02-24,3.595666820828743
2017-02-25,3.5190313034358134
2017-02-26,3.5728958566081515
2017-02-27,3.612555679890717
2017-02-28,3.6477776702893006
2017-03-01,3.565113414727906
2017-03-02,3.5913795151818455
2017-03-03,3.56940093879652
2017-03-04,3.608430961280946
2017-03-05,3.5515071210010754
2017-03-06,3.5831895060703824
2017-03-07,3.6513174732057636
2017-03-08,3.634235320166343
2017-03-09,3.58332464071602
2017-03-10,3.5159207192966173
2017-03-11,3.6153565748718175
2017-03-12,3.695844003932537
2017-03-13,3.665003921373156
2017-03-14,3.59073897981466
2017-03-15,3.608718814115116
2017-03-16,3.572234390542026
2017-03-17,3.546095819395677
2017-03-18,3.536274248560362
2017-03-19,3.560385748275459
2017-03-20,3.631658118983885
2017-03-21,3.586817960977044
2017-03-22,3.6583218731996086
2017-03-23,3.633749168338049
2017-03-24,3.619135697042373
2017-03-25,3.664464807248512
2017-03-26,3.654786452866086
2017-03-27,3.6219058600111733
2017-03-28,3.642291524282041
2017-03-29,3.5449875447455406
2017-03-30,3.5750335278634116
2017-03-31,3.582487816203457
2017-04-01,3.601289275358145
2017-04-02,3.5661048501599795
2017-04-03,3.5298307670944022
2017-04-04,3.5345048819107108
2017-04-05,3.537781883947238
2017-04-06,3.6126445774844527
2017-04-07,3.645808342340959
2017-04-08,3.648879588204509
2017-04-09,3.639958658679575
2017-04-10,3.5699259841823934
2017-04-11,3.585803863206396
2017-04-12,3.6207112728109347
2017-04-13,3.6784600572378268
2017-04-14,3.639820364202376
2017-04-15,3.6456149543069167
2017-04-16,3.541215168930823
2017-04-17,3.5747307865491655
2017-04-18,3.650642470160245
2017-04-19,3.6085594666212177
2017-04-20,3.6316162072865605
2017-04-21,3.5983159845850214
2017-04-22,3.5954541518288696
2017-04-23,3.604851485529211
2017-04-24,3.590110986233967
2017-04-25,3.645874853519559
2017-04-26,3.627082393461293
2017-04-27,3.696856865829227
2017-04-28,3.648664332339197
2017-04-29,3.5292825561040173
2017-04-30,3.571464516897082
2017-05-01,3.573291972945234
2017-05-02,3.5818528108347625
2017-05-03,3.6256413416707645
2017-05-04,3.5342198788280745
2017-05-05,3.5255463690879045
2017-05-06,3.5814638875278186
2017-05-07,3.522114319510483
2017-05-08,3.5286304068307164
2017-05-09,3.55995486739238
2017-05-10,3.584119111192247
2017-05-11,3.5095805976591437
2017-05-12,3.4990160634424026
2017-05-13,3.5246281004338185
2017-05-14,3.6010856285462634
2017-05-15,3.5718744659709865
2017-05-16,3.6152261354432493
2017-05-17,3.5745804529406637
2017-05-18,3.47190336350822
2017-05-19,3.6584266508524044
2017-05-20,3.5888013448102
2017-05-21,3.5875626028860794
2017-05-22,3.5485383092517164
2017-05-23,3.598890800361795
2017-05-24,3.684799271802282
2017-05-25,3.5938541122546277
2017-05-26,3.5828263677991026
2017-05-27,3.6201075255289017
2017-05-28,3.6528393029648765
2017-05-29,3.6721429131482943
2017-05-30,3.646704687337885
2017-05-31,3.638895864451656
2017-06-01,3.6196237616601117
2017-06-02,3.6174213267162485
2017-06-03,3.6251363002381654
2017-06-04,3.663906804303416
2017-06-05,3.700717948171266
2017-06-06,3.692824829753422
2017-06-07,3.6234110618851143
2017-06-08,3.5877601742476
2017-06-09,3.5861233354843507
2017-06-10,3.6294575935250055
2017-06-11,3.56183036705737
2017-06-12,3.55431590266338
2017-06-13,3.545518402617766
2017-06-14,3.6124919609080113
2017-06-15,3.594412484529978
2017-06-16,3.623767275420588
2017-06-17,3.521661303800639
2017-06-18,3.627183498858248
2017-06-19,3.6423305438848557
2017-06-20,3.584593564803935
2017-06-21,3.5785544549810924
2017-06-22,3.5796723235909176
2017-06-23,3.614981063862135
2017-06-24,3.619413568038598
2017-06-25,3.620958228014898
2017-06-26,3.6237350278073586
2017-06-27,3.623477394691636
2017-06-28,3.5859254060241526
2017-06-29,3.5677346942952437
2017-06-30,3.626835454613097
2017-07-01,3.6381961287352413
2017-07-02,3.6154595718795246
2017-07-03,3.592558947043546
2017-07-04,3.6056243142499085
2017-07-05,3.6040853654006733
2017-07-06,3.594131886949089
2017-07-07,3.546416305847597
2017-07-08,3.4146889629676322
2017-07-09,3.463729913694314
2017-07-10,3.6277730214459476
2017-07-11,3.5715365341640655
2017-07-12,3.51360646178321
2017-07-13,3.508960230171569
2017-07-14,3.544977791545563
2017-07-15,3.524888846937227
2017-07-16,3.5882540146487827
2017-07-17,3.547591607462413
2017-07-18,3.51031167301069
2017-07-19,3.5861823184306827
2017-07-20,3.591135406691949
2017-07-21,3.568962428785201
2017-07-22,3.5689459233474112
2017-07-23,3.4806854967419563
2017-07-24,3.5233286716276275
2017-07-25,3.5630622051227077
2017-07-26,3.585961895920599
2017-07-27,3.675283888672325
2017-07-28,3.654239002048091
2017-07-29,3.663631675285048
2017-07-30,3.634381319238169
2017-07-31,3.611862479483794
2017-08-01,3.62579483797653
2017-08-02,3.603812725321948
2017-08-03,3.6174386883705085
2017-08-04,3.5941419719440098
2017-08-05,3.5921998126165873
2017-08-06,3.6592943049104623
2017-08-07,3.6199265781237924
2017-08-08,3.5746491653360737
2017-08-09,3.5827957448253493
2017-08-10,3.636428976671061
2017-08-11,3.648969867587525
2017-08-12,3.668728723346765
2017-08-13,3.630866235323714
2017-08-14,3.6018019039789158
2017-08-15,3.6147861598721214
2017-08-16,3.6236300268846495
2017-08-17,3.549347870252989
2017-08-18,3.629023577339447
2017-08-19,3.553113212606983
2017-08-20,3.437005826188411
2017-08-21,3.571050610880437
2017-08-22,3.6220996330389568
2017-08-23,3.5848226330496034
2017-08-24,3.5832959727315385
2017-08-25,3.585239450439714
2017-08-26,3.657064684839888
2017-08-27,3.6420686084389016
2017-08-28,3.6113651886887963
2017-08-29,3.369565528538141
2017-08-30,3.537168755291515
2017-08-31,3.521805705456205
2017-09-01,3.618110051133691
2017-09-02,3.5199181621006446
2017-09-03,3.5993496311168873
2017-09-04,3.5670753445018453
2017-09-05,3.6728818273667896
2017-09-06,3.62919066116458
2017-09-07,3.5372035211613513
2017-09-08,3.5821046301143173
2017-09-09,3.6526581589865064
2017-09-10,3.6037728805291303
2017-09-11,3.6554037103509307
2017-09-12,3.611861579863871
2017-09-13,3.598736523616435
2017-09-14,3.4483514426517625
2017-09-15,3.6330680247711156
2017-09-16,3.7425448525752407
2017-09-17,3.7260941338413356
2017-09-18,3.6323455790562096
2017-09-19,3.5844209617144562
2017-09-20,3.5532211314910835
2017-09-21,3.5622534271508717
2017-09-22,3.583687532648852
2017-09-23,3.6408511894374036
2017-09-24,3.609275513933572
2017-09-25,3.5919014584462916
2017-09-26,3.535312459698774
2017-09-27,3.595110815683237
2017-09-28,3.583108417798322
2017-09-29,3.607137493199637
2017-09-30,3.6198295518842603
2017-10-01,3.6405129736438244
2017-10-02,3.578657671613727
2017-10-03,3.62185908979082
2017-10-04,3.587617959653047
2017-10-05,3.5621342055450818
2017-10-06,3.5717041796303888
2017-10-07,3.6436573164965824
2017-10-08,3.5904445359748087
2017-10-09,3.613222084538067
2017-10-10,3.556354421210533
2017-10-11,3.552907166667429
2017-10-12,3.5698103592847734
2017-10-13,3.5626512521442004
2017-10-14,3.5475815783415805
2017-10-15,3.5882229860003383
2017-10-16,3.5591368020335086
2017-10-17,3.571093667498286
2017-10-18,3.5905931556815096
2017-10-19,3.5809834538532006
2017-10-20,3.5864794922469336
2017-10-21,3.5681759133596134
2017-10-22,3.577531728927301
2017-10-23,3.5979323449076106
2017-10-24,3.57575589693513
2017-10-25,3.5997508306290094
2017-10-26,3.6081304830173804
2017-10-27,3.6238543600263604
2017-10-28,3.608000097001275
2017-10-29,3.6212215662826157
2017-10-30,3.55104580858334
2017-10-31,3.5860113567733043
2017-11-01,3.6011021447102047
2017-11-02,3.610372966133069
2017-11-03,3.5892126908046516
2017-11-04,3.610876297294248
2017-11-05,3.680068982977954
2017-11-06,3.611341148070418
2017-11-07,3.613862627044835
2017-11-08,3.4882226304850525
2017-11-09,3.4982265821527783
2017-11-10,3.620601435403984
2017-11-11,3.5128810826201002
2017-11-12,3.5289534305709216
2017-11-13,3.5315984366130664
2017-11-14,3.6050640068289472
2017-11-15,3.5995682691059145
2017-11-16,3.53389332589934
2017-11-17,3.550520052528766
2017-11-18,3.5315246264038107
2017-11-19,3.5108901915938073
2017-11-20,3.5412968300516394
2017-11-21,3.6203560066254306
2017-11-22,3.6095503995626967
2017-11-23,3.6030752808228157
2017-11-24,3.553011184549842
2017-11-25,3.618266579626702
2017-11-26,3.6314787153929045
2017-11-27,3.5128031154651755
2017-11-28,3.5260259264058376
2017-11-29,3.5242318999755082
2017-11-30,3.581896684263142
2017-12-01,3.5696605931930723
2017-12-02,3.540351597946693
2017-12-03,3.5428881710267244
2017-12-04,3.56157306451159
2017-12-05,3.5920222640279245
2017-12-06,3.607122310542165
2017-12-07,3.5494658414619766
2017-12-08,3.461543454767956
2017-12-09,3.480021451941833
2017-12-10,3.5344337699441613
2017-12-11,3.601654364062979
2017-12-12,3.5492057807622928
2017-12-13,3.55536492209814
2017-12-14,3.575372540445477
2017-12-15,3.537330474108346
2017-12-16,3.5757375714981983
2017-12-17,3.578880481857177
2017-12-18,3.6243505444200044
2017-12-19,3.639955794049257
2017-12-20,3.622401808572187
2017-12-21,3.613427521393751
2017-12-22,3.585538300070638
2017-12-23,3.5396967585338577
2017-12-24,3.542015295141813
2017-12-25,3.4112398417463687
2017-12-26,3.586558610650186
2017-12-27,3.5486385323414646
2017-12-28,3.5999212484776146
2017-12-29,3.6342880025216497
2017-12-30,3.6337115921331
2017-12-31,3.602889603101041
2018-01-01,3.596011927677065
2018-01-02,3.585454901193141
2018-01-03,3.632780938599113
2018-01-04,3.613011086379787
2018-01-05,3.578146361072899
2018-01-06,3.6128221479596743
2018-01-07,3.6043289487438908
2018-01-08,3.6065877050733106
2018-01-09,3.5678824221881458
2018-01-10,3.562698962111396
2018-01-11,3.587606946514088
2018-01-12,3.6398795991054467
2018-01-13,3.6197247805063677
2018-01-14,3.6025441051390024
2018-01-15,3.6484257190821157
2018-01-16,3.5730080292728177
2018-01-17,3.5633814921760063
2018-01-18,3.552442861692761
2018-01-19,3.590168235681474
2018-01-20,3.5530036963775142
2018-01-21,3.5910081261203004
2018-01-22,3.5244282655443886
2018-01-23,3.573790246963269
2018-01-24,3.498200539890499
2018-01-25,3.4823988181868626
2018-01-26,3.5540101345842974
2018-01-27,3.557136779100999
2018-01-28,3.5885018186456334
2018-01-29,3.572248103599412
2018-01-30,3.5825604216313396
2018-01-31,3.578027923971948
2018-02-01,3.57395431019233
2018-02-02,3.575552820570607
2018-02-03,3.6374227220994833
2018-02-04,3.6159988691622638
2018-02-05,3.6277423670024747
2018-02-06,3.6595566897486416
2018-02-07,3.6061571058110022
2018-02-08,3.617128203449067
2018-02-09,3.6219076881559724
2018-02-10,3.5971881889908284
2018-02-11,3.652239028874203
2018-02-12,3.553138679516337
2018-02-13,3.5816531811521526
2018-02-14,3.6059217007041706
2018-02-15,3.5749978806764386
2018-02-16,3.5566653574897535
2018-02-17,3.5515009201946275
2018-02-18,3.592573220840211
2018-02-19,3.5445270975884045
2018-02-20,3.5836725113267947
2018-02-21,3.580212829966919
2018-02-22,3.5892003468388234
2018-02-23,3.6095268525645463
2018-02-24,3.5370214179374573
2018-02-25,3.5416815453282804
2018-02-26,3.549339299877693
2018-02-27,3.5643986910916845
2018-02-28,3.635370569136736
2018-03-01,3.6026998860292023
2018-03-02,3.6205588704318585
2018-03-03,3.511132369217755
2018-03-04,3.5802088684872437
2018-03-05,3.5827676401082953
2018-03-06,3.6076906211139352
2018-03-07,3.600171919489685
2018-03-08,3.5891473749895426
2018-03-09,3.6108175100518043
2018-03-10,3.6157146626312104
2018-03-11,3.6850677642258938
2018-03-12,3.639898572876319
2018-03-13,3.63624304564371
2018-03-14,3.6256357649226763
2018-03-15,3.663003685463699
2018-03-16,3.6998981988125044
2018-03-17,3.7486380222908413
2018-03-18,3.6895472790006556
2018-03-19,3.6334540702923985
2018-03-20,3.6593453980720976
2018-03-21,3.6634552397731865
2018-03-22,3.620929980480042
2018-03-23,3.595799167935777
2018-03-24,3.663917566165054
2018-03-25,3.63705064128035
2018-03-26,3.736951873626697
2018-03-27,3.7024638650133257
2018-03-28,3.6727824841292236
2018-03-29,3.667786112283331
2018-03-30,3.7040555275163904
2018-03-31,3.705405501111122
2018-04-01,3.6455027229638732
2018-04-02,3.639997713702226
2018-04-03,3.6213610771983387
2018-04-04,3.625274181898036
2018-04-05,3.654702082078709
2018-04-06,3.6733577074421793
2018-04-07,3.6414021490373254
2018-04-08,3.5406606529604816
2018-04-09,3.5924796139805997
2018-04-10,3.618334739808406
2018-04-11,3.617960134091932
2018-04-12,3.562026729886148
2018-04-13,3.579737872396813
2018-04-14,3.602962097392312
2018-04-15,3.5812129203369554
2018-04-16,3.625340248821706
2018-04-17,3.5769717466894373
2018-04-18,3.4861608758145617
2018-04-19,3.4953743480817114
2018-04-20,3.5098440161690307
2018-04-21,3.535914007407852
2018-04-22,3.5119761251263797
2018-04-23,3.5222309380595704
2018-04-24,3.5590330477008587
2018-04-25,3.5848786899987823
2018-04-26,3.559800531967144
2018-04-27,3.527115877858255
2018-04-28,3.5874655270635416
2018-04-29,3.5914061623111873
2018-04-30,3.5987672995464517
2018-05-01,3.5772789875582243
2018-05-02,3.604785115008767
2018-05-03,3.599189281260034
2018-05-04,3.5318770355906453
2018-05-05,3.522625055754767
2018-05-06,3.5021599381875586
2018-05-07,3.5638724643744064
2018-05-08,3.56575386743917
2018-05-09,3.5206960721554235
2018-05-10,3.580559718308594
2018-05-11,3.530732092067958
2018-05-12,3.472262883595041
2018-05-13,3.507764152063772
2018-05-14,3.5472986217452718
2018-05-15,3.5504223577691696
2018-05-16,3.539682169784778
2018-05-17,3.510986775829715
2018-05-18,3.5058832819017285
2018-05-19,3.3026773883276337
2018-05-20,3.375318731182156
2018-05-21,3.5229509685565144
2018-05-22,3.5269064161867556
2018-05-23,3.5342599541808295
2018-05-24,3.5612336696921107
2018-05-25,3.588407251103898
2018-05-26,3.560209381284236
2018-05-27,3.5637772543171
2018-05-28,3.5920862425510047
2018-05-29,3.559443762162409
2018-05-30,3.5900290332503335
2018-05-31,3.5482697470308944
2018-06-01,3.5971695040786127
2018-06-02,3.605646368921645
2018-06-03,3.546055701088224
2018-06-04,3.5223852325723026
2018-06-05,3.554686871638042
2018-06-06,3.532244427851604
2018-06-07,3.554538006372115
2018-06-08,3.523585698775642
2018-06-09,3.512375618521494
2018-06-10,3.5623824226483305
2018-06-11,3.5594731993254225
2018-06-12,3.5734976371909157
2018-06-13,3.586857870690631
2018-06-14,3.571954405279969
2018-06-15,3.547363066180335
2018-06-16,3.5317126551470372
2018-06-17,3.5477747494660505
2018-06-18,3.5473466403546334
2018-06-19,3.5516460938083947
2018-06-20,3.59635253374224
2018-06-21,3.5367193331994486
2018-06-22,3.4969886428496246
2018-06-23,3.517973766539599
2018-06-24,3.466135778624566
2018-06-25,3.5480204185046786
2018-06-26,3.493030229540406
2018-06-27,3.557995182430949
2018-06-28,3.5623024528316725
2018-06-29,3.5249072902665497
2018-06-30,3.5486627014753873
2018-07-01,3.5418405064326723
2018-07-02,3.5296039435931426
2018-07-03,3.5620354928198714
2018-07-04,3.6680015296571096
2018-07-05,3.606750289039736
2018-07-06,3.564066054164118
2018-07-07,3.5661623174013695
2018-07-08,3.614785025804609
2018-07-09,3.636783950069318
2018-07-10,3.4802852975192975
2018-07-11,3.4452456167841823
2018-07-12,3.404055374841338
2018-07-13,3.4267295195808387
2018-07-14,3.5122458259277582
2018-07-15,3.495745206561641
2018-07-16,3.517418589206073
2018-07-17,3.561518236845136
2018-07-18,3.5190624037250315
2018-07-19,3.5313574684423608
2018-07-20,3.556348180708118
2018-07-21,3.5527022437024027
2018-07-22,3.5507241305522754
2018-07-23,3.611026540467393
2018-07-24,3.580081172038858
2018-07-25,3.5721759149439776
2018-07-26,3.579326284948169
2018-07-27,3.5383800458670382
2018-07-28,3.6142544083918233
2018-07-29,3.5396882289962304
2018-07-30,3.5429808753558634
2018-07-31,3.641043593778827
2018-08-01,3.5906917776186273
2018-08-02,3.600614253049029
2018-08-03,3.5626676577966974
2018-08-04,3.465753615029201
2018-08-05,3.52774318738384
2018-08-06,3.5614924540868964
2018-08-07,3.582688488129862
2018-08-08,3.6194903032405192
2018-08-09,3.657502086546942
2018-08-10,3.6028650055193405
2018-08-11,3.590839927582146
2018-08-12,3.5597732357894363
2018-08-13,3.5911026972657365
2018-08-14,3.657899335753732
2018-08-15,3.6374774203791036
2018-08-16,3.5410198273734124
2018-08-17,3.566591150558456
2018-08-18,3.4954880513023374
2018-08-19,3.535262921852517
2018-08-20,3.591893195329021
2018-08-21,3.521582622119162
2018-08-22,3.5832859480144204
2018-08-23,3.576485312010894
2018-08-24,3.568696734109115
2018-08-25,3.534866665479388
2018-08-26,3.529782688381143
2018-08-27,3.5662880827605004
2018-08-28,3.524322928268448
2018-08-29,3.5529488735900836
2018-08-30,3.521031349171502
2018-08-31,3.5748030726106217
2018-09-01,3.4990000312893956
2018-09-02,3.61860305311316
2018-09-03,3.606252274581148
2018-09-04,3.595871154938836
2018-09-05,3.610510663248197
2018-09-06,3.5943627496449655
2018-09-07,3.583672840255037
2018-09-08,3.586237591562289
2018-09-09,3.6227984087012635
2018-09-10,3.561503357851179
2018-09-11,3.5982750310370424
2018-09-12,3.615749032850191
2018-09-13,3.5789956170494586
2018-09-14,3.6082923802136144
2018-09-15,3.5803794405196925
2018-09-16,3.6115933112257435
2018-09-17,3.551446889832888
2018-09-18,3.531512817299796
2018-09-19,3.5708299816161273
2018-09-20,3.521980555910518
2018-09-21,3.564756066750986
2018-09-22,3.5364247128988793
2018-09-23,3.4755665365558297
2018-09-24,3.5594458687813773
2018-09-25,3.530547735365624
2018-09-26,3.53094159093781
2018-09-27,3.522629269032364
2018-09-28,3.520594086824052
2018-09-29,3.554620410520657
2018-09-30,3.6225414666762408
2018-10-01,3.5717470516371552
2018-10-02,3.571206290579742
2018-10-03,3.5753276357394252
2018-10-04,3.538504853298473
2018-10-05,3.613852889717967
2018-10-06,3.6231423932817552
2018-10-07,3.6079139664495727
2018-10-08,3.5663736266404356
2018-10-09,3.6041707510544225
2018-10-10,3.6477042527261503
2018-10-11,3.589062700503118
2018-10-12,3.539043698088037
2018-10-13,3.5768429356963374
2018-10-14,3.5703420852700036
2018-10-15,3.4990945231875195
2018-10-16,3.4977502602005144
2018-10-17,3.5377710792504717
2018-10-18,3.5416351551332546
2018-10-19,3.602329003174936
2018-10-20,3.5950055549763293
2018-10-21,3.635486415213695
2018-10-22,3.5442223992259616
2018-10-23,3.5103869874927334
2018-10-24,3.5420290389068922
2018-10-25,3.5421226502060175
2018-10-26,3.559515298492292
2018-10-27,3.5382508439482336
2018-10-28,3.6013544266771937
2018-10-29,3.5447629499290416
2018-10-30,3.5542967394623783
2018-10-31,3.5319273949702024
2018-11-01,3.5842099558121543
2018-11-02,3.545826913999147
2018-11-03,3.5416338813906942
2018-11-04,3.5911558843778226
2018-11-05,3.586630795497586
2018-11-06,3.5730321181107447
2018-11-07,3.5563291675898334
2018-11-08,3.5780476758001556
2018-11-09,3.5687196342510212
2018-11-10,3.532905616486855
2018-11-11,3.4443492164505267
2018-11-12,3.5174831827125144
2018-11-13,3.5282054052661627
2018-11-14,3.560525424209511
2018-11-15,3.6147647464428436
2018-11-16,3.6137724553999213
2018-11-17,3.663331707041448
2018-11-18,3.631915038891526
2018-11-19,3.5610572787272794
2018-11-20,3.567471986110713
2018-11-21,3.570548874834527
2018-11-22,3.5669055692743665
2018-11-23,3.624588508726784
2018-11-24,3.562922959698675
2018-11-25,3.5155495042175224
2018-11-26,3.598248705142917
2018-11-27,3.5276959600437223
2018-11-28,3.627140414664646
2018-11-29,3.5843758958924026
2018-11-30,3.5617265089355876
2018-12-01,3.5434682617191524
2018-12-02,3.542985140185288
2018-12-03,3.5937227266644878
2018-12-04,3.5475798075779856
2018-12-05,3.5687169532620695
2018-12-06,3.5752814091126224
2018-12-07,3.6095964642386127
2018-12-08,3.598954144370463
2018-12-09,3.6792358026346297
2018-12-10,3.632623671669763
2018-12-11,3.513102050165549
2018-12-12,3.5598841476886403
2018-12-13,3.568322261656509
2018-12-14,3.5651836230303418
2018-12-15,3.5086516959613845
2018-12-16,3.5241727029559544
2018-12-17,3.6150943319256035
2018-12-18,3.5870177476920087
2018-12-19,3.6423383500373996
2018-12-20,3.655490420116363
2018-12-21,3.6769417655989347
2018-12-22,3.526979221490684
2018-12-23,3.5742288687924053
2018-12-24,3.6128470622203195
2018-12-25,3.500336340402564
2018-12-26,3.566943237616435
2018-12-27,3.550602631212403
2018-12-28,3.592865619414497
2018-12-29,3.561162545724869
2018-12-30,3.631394982292333
2018-12-31,3.5790130301783982
2019-01-01,3.616388369995014
2019-01-02,3.6236975685053983
2019-01-03,3.6517958705727023
2019-01-04,3.6147954149634316
2019-01-05,3.70705860397995
2019-01-06,3.654950600552811
2019-01-07,3.5995377036054403
2019-01-08,3.616737720057603
2019-01-09,3.629979418750517
2019-01-10,3.594376685727937
2019-01-11,3.6113941446846183
2019-01-12,3.6411409071539707
2019-01-13,3.6278947070295087
2019-01-14,3.583861970324066
2019-01-15,3.610675103268817
2019-01-16,3.615547828817261
2019-01-17,3.5775710097795566
2019-01-18,3.567839377449318
2019-01-19,3.5439616762314827
2019-01-20,3.557532136063653
2019-01-21,3.596829378725139
2019-01-22,3.5563647165901777
2019-01-23,3.5428485734455855
2019-01-24,3.634522108893205
2019-01-25,3.5610671563981318
2019-01-26,3.6239760642096757
2019-01-27,3.6228497342933323
2019-01-28,3.5615154285989035
2019-01-29,3.5554714970906995
2019-01-30,3.545671222260573
2019-01-31,3.5639238962908792
2019-02-01,3.5483413514917865
2019-02-02,3.510639230292565
2019-02-03,3.5348654469416125
2019-02-04,3.553641392979853
2019-02-05,3.5164054220074927
2019-02-06,3.5245677018226456
2019-02-07,3.504739506788209
2019-02-08,3.504529246778522
2019-02-09,3.490560945767132
2019-02-10,3.547426913474705
2019-02-11,3.568680901515919
2019-02-12,3.5345650208848274
2019-02-13,3.5531934666048555
2019-02-14,3.5195572767553145
2019-02-15,3.5627184397305403
2019-02-16,3.5434448998286276
2019-02-17,3.5609314339809455
2019-02-18,3.608825057547489
2019-02-19,3.5384473587379017
2019-02-20,3.5433316249953535
2019-02-21,3.51892435432421
2019-02-22,3.567155438634922
2019-02-23,3.588256257061838
2019-02-24,3.425647856206682
2019-02-25,3.5362901397733473
2019-02-26,3.5768652063023407
2019-02-27,3.5844041010420593
2019-02-28,3.5518804686508014
2019-03-01,3.5584518655118647
2019-03-02,3.539343664230484
2019-03-03,3.5420339295293894
2019-03-04,3.5576768571547026
2019-03-05,3.54365173596926
2019-03-06,3.5936731375974005
2019-03-07,3.5875000401146053
2019-03-08,3.6007530768773344
2019-03-09,3.6139521144362314
2019-03-10,3.5489162046549967
2019-03-11,3.5352605358743796
2019-03-12,3.573817133222666
2019-03-13,3.6281222519086898
2019-03-14,3.6635862576555622
2019-03-15,3.6692890328948975
2019-03-16,3.6174959014416745
2019-03-17,3.5733431141945617
2019-03-18,3.6010485294037617
2019-03-19,3.5625066110637342
2019-03-20,3.637908774289887
2019-03-21,3.6256611781959696
2019-03-22,3.592735416060269
2019-03-23,3.6450238473867675
2019-03-24,3.5678209709548816
2019-03-25,3.5556966295828065
2019-03-26,3.590412439145306
2019-03-27,3.6127293837749708
2019-03-28,3.5908485459928485
2019-03-29,3.608981503229592
2019-03-30,3.648544529865613
2019-03-31,3.591783794419868
2019-04-01,3.621833440469351
2019-04-02,3.5977984033253554
2019-04-03,3.5789226484718344
2019-04-04,3.579876647860301
2019-04-05,3.6216955077656876
2019-04-06,3.5710292600498468
2019-04-07,3.603001632667675
2019-04-08,3.559143976021754
2019-04-09,3.5042080102947697
2019-04-10,3.5610889687878
2019-04-11,3.7100075720630574
2019-04-12,3.716573066373745
2019-04-13,3.663761519503334
2019-04-14,3.651847615800626
2019-04-15,3.6740596305970086
2019-04-16,3.638623740852978
2019-04-17,3.5965109470531598
2019-04-18,3.622685887510486
2019-04-19,3.5971186108799054
2019-04-20,3.6502813103453726
2019-04-21,3.571585483477894
2019-04-22,3.6080478172590085
2019-04-23,3.5427786780410164
2019-04-24,3.5616031284933745
2019-04-25,3.527725958389757
2019-04-26,3.5647110305423446
2019-04-27,3.5691821808620046
2019-04-28,3.58487749001959
2019-04-29,3.607396481698579
2019-04-30,3.6099567523453455
2019-05-01,3.67176782951079
2019-05-02,3.6372656743160348
2019-05-03,3.5802447709245966
2019-05-04,3.6135994177824267
2019-05-05,3.595101104291265
2019-05-06,3.5177488843404903
2019-05-07,3.4776496281401217
2019-05-08,3.5104318687146834
2019-05-09,3.5339497818578858
2019-05-10,3.5286608228084573
2019-05-11,3.5730624649125087
2019-05-12,3.5462596865675824
2019-05-13,3.630100435884472
2019-05-14,3.5868627273061806
2019-05-15,3.5610503010321954
2019-05-16,3.5844834401418875
2019-05-17,3.6060682084518727
2019-05-18,3.5475625765814227
2019-05-19,3.5632767212880547
2019-05-20,3.6539518262221926
2019-05-21,3.592233892860434
2019-05-22,3.60362061004804
2019-05-23,3.6325967039543596
2019-05-24,3.5638399678799644
2019-05-25,3.5327856004036824
2019-05-26,3.5301952926330116
2019-05-27,3.5269469222627476
2019-05-28,3.563409869485085
2019-05-29,3.5589923415719653
2019-05-30,3.5948588992318937
2019-05-31,3.625150321752945
2019-06-01,3.482877279151392
2019-06-02,3.4737888665084427
2019-06-03,3.4315454508551024
2019-06-04,3.3947582229424045
2019-06-05,3.4249945983943224
2019-06-06,3.384861733628869
2019-06-07,3.551453692302596
2019-06-08,3.4808698812216816
2019-06-09,3.591689236052141
2019-06-10,3.567228947747376
2019-06-11,3.5612275832513163
2019-06-12,3.5905412658360425
2019-06-13,3.5796612365414897
2019-06-14,3.607093548871615
2019-06-15,3.572422842133245
2019-06-16,3.535314763596234
2019-06-17,3.588514394896483
2019-06-18,3.552411461217804
2019-06-19,3.602878965144357
2019-06-20,3.5676604727807275
2019-06-21,3.6203197160185536
2019-06-22,3.5503293199832306
2019-06-23,3.5876013970966674
2019-06-24,3.586606649573867
2019-06-25,3.5352209532764287
2019-06-26,3.5528182959412966
2019-06-27,3.552890589841127
2019-06-28,3.5187087544150004
2019-06-29,3.468177511614485
2019-06-30,3.530556309237901
2019-07-01,3.531505347932136
2019-07-02,3.5564079616607422
2019-07-03,3.619897408284304
2019-07-04,3.6042600414535
2019-07-05,3.639778188342906
2019-07-06,3.581540826552798
2019-07-07,3.540878512597144
2019-07-08,3.610568315001712
2019-07-09,3.5803420431696953
2019-07-10,3.6165779069098214
2019-07-11,3.6332065592403167
2019-07-12,3.635110785671188
2019-07-13,3.6064993305035884
2019-07-14,3.608751417813328
2019-07-15,3.6382752461515997
2019-07-16,3.5883685521818576
2019-07-17,3.6393408066998463
2019-07-18,3.6458142915249585
2019-07-19,3.6663670398543475
2019-07-20,3.6770182534312497
2019-07-21,3.7191265801756948
2019-07-22,3.6764704401671446
2019-07-23,3.626537446494927
2019-07-24,3.6040199956399515
2019-07-25,3.578096183848275
2019-07-26,3.6093816342280594
2019-07-27,3.549645287820526
2019-07-28,3.6199899224365293
2019-07-29,3.559088188061594
2019-07-30,3.5695616294126653
2019-07-31,3.540998631482906
2019-08-01,3.569987889317303
2019-08-02,3.5849305392277135
2019-08-03,3.6521768911615484
2019-08-04,3.5973010827070078
2019-08-05,3.572226185836636
2019-08-06,3.575235924527361
2019-08-07,3.5941726714736175
2019-08-08,3.5977520000123393
2019-08-09,3.555477396769985
2019-08-10,3.5664685572850807
2019-08-11,3.5714832915976773
2019-08-12,3.590060192864319
2019-08-13,3.638597079140385
2019-08-14,3.672240370611078
2019-08-15,3.6253723762558727
2019-08-16,3.610862530573653
2019-08-17,3.5877568201157737
2019-08-18,3.5398245715856826
2019-08-19,3.595318566533496
2019-08-20,3.568916460661657
2019-08-21,3.5430992470533065
2019-08-22,3.4743126756151703
2019-08-23,3.5173924278690745
2019-08-24,3.4527354460209714
2019-08-25,3.370137884951777
2019-08-26,3.4695106237781346
2019-08-27,3.487600493805454
2019-08-28,3.5559313679571662
2019-08-29,3.65735468328717
2019-08-30,3.6167602237935554
2019-08-31,3.6176436215684684
2019-09-01,3.5926761876154942
2019-09-02,3.67926490367387
2019-09-03,3.604676956391292
2019-09-04,3.6235643828405837
2019-09-05,3.5576216508845824
2019-09-06,3.5422896468959655
2019-09-07,3.563308614938525
2019-09-08,3.627683708910628
2019-09-09,3.6198392089022366
2019-09-10,3.646197810997756
2019-09-11,3.647542531793892
2019-09-12,3.6182543334557327
2019-09-13,3.597747873899476
2019-09-14,3.5556317197299325
2019-09-15,3.5748215666944048
2019-09-16,3.5207476559418165
2019-09-17,3.587033890081113
2019-09-18,3.5592620717539694
2019-09-19,3.5486159561182973
2019-09-20,3.5568206319964943
2019-09-21,3.487918291121736
2019-09-22,3.487060578722838
2019-09-23,3.449032231227887
2019-09-24,3.5153146008146727
2019-09-25,3.5223648216112227
2019-09-26,3.5901590701392005
2019-09-27,3.582592999808169
2019-09-28,3.505489149598331
2019-09-29,3.5019811486989005
2019-09-30,3.4914606321635047
2019-10-01,3.534121916146803
2019-10-02,3.544809611028399
2019-10-03,3.5562149349150682
2019-10-04,3.57503690355254
2019-10-05,3.5598655455575923
2019-10-06,3.5501743312863874
2019-10-07,3.5728141575882795
2019-10-08,3.568221935589229
2019-10-09,3.522609264323545
2019-10-10,3.524421665301056
2019-10-11,3.55433955209495
2019-10-12,3.541362839322903
2019-10-13,3.459999726083464
2019-10-14,3.560137161079493
2019-10-15,3.510725099312577
2019-10-16,3.518205883508473
2019-10-17,3.5395587904278942
2019-10-18,3.587542395547582
2019-10-19,3.527762747389496
2019-10-20,3.5170513119731055
2019-10-21,3.567990823421678
2019-10-22,3.5752396439568064
2019-10-23,3.5792825615236192
2019-10-24,3.5836700503745647
2019-10-25,3.5806041572261686
2019-10-26,3.588912071600252
2019-10-27,3.6220013237518325
2019-10-28,3.559724994890061
2019-10-29,3.582552257676722
2019-10-30,3.598958895553833
2019-10-31,3.5124447433191435
2019-11-01,3.5830395627026608
2019-11-02,3.6488714247786236
2019-11-03,3.529309913093425
2019-11-04,3.572381375000887
2019-11-05,3.571036756678172
2019-11-06,3.5707146949289617
2019-11-07,3.525892863321935
2019-11-08,3.5543139956633825
2019-11-09,3.545004460778307
2019-11-10,3.396964094733598
2019-11-11,3.5502609285511464
2019-11-12,3.607134956004592
2019-11-13,3.5385923471663094
2019-11-14,3.595164427273191
2019-11-15,3.5372359911723703
2019-11-16,3.4832926920877973
2019-11-17,3.500010800173338
2019-11-18,3.5851732277672186
2019-11-19,3.611097400340164
2019-11-20,3.5736156505711767
2019-11-21,3.5892541605099693
2019-11-22,3.589294623582014
2019-11-23,3.5373114132658396
2019-11-24,3.5841282960585676
2019-11-25,3.631485315250696
2019-11-26,3.6005617182460217
2019-11-27,3.5727785313321356
2019-11-28,3.515930182646607
2019-11-29,3.6156830364759336
2019-11-30,3.5715026714649394
2019-12-01,3.5970434770446564
2019-12-02,3.562869275209245
2019-12-03,3.411276644330087
2019-12-04,3.3561306777351048
2019-12-05,3.472882123791141
2019-12-06,3.584841675712612
2019-12-07,3.492927102085619
2019-12-08,3.480320667849249
2019-12-09,3.5915155567503576
2019-12-10,3.5467558636543868
2019-12-11,3.565462242516023
2019-12-12,3.5092869215377673
2019-12-13,3.5229526305119325
2019-12-14,3.556470381887401
2019-12-15,3.641747214479697
2019-12-16,3.6145777600198494
2019-12-17,3.5735983441421584
2019-12-18,3.589746838267344
2019-12-19,3.626658737247366
2019-12-20,3.520329985112908
2019-12-21,3.49406457861732
2019-12-22,3.5111005293006325
2019-12-23,3.551678317599682
2019-12-24,3.499585925992023
2019-12-25,3.3954651622206673
2019-12-26,3.512783168122991
2019-12-27,3.574829063282904
2019-12-28,3.5631191586993296
2019-12-29,3.5591595421280973
2019-12-30,3.6188885436132945
2019-12-31,3.600072256705366
2020-01-01,3.3453433805920563
2020-01-02,2.9902642635380166
2020-01-03,3.066868435975196
2020-01-04,3.188435931774874
2020-01-05,3.583081726380812
2020-01-06,3.5670965657391243
2020-01-07,3.579436347077235
2020-01-08,3.592799945327411
2020-01-09,3.5194873391606585
2020-01-10,3.5957638536432075
2020-01-11,3.544005365432202
2020-01-12,3.5310065931717123
2020-01-13,3.49647042332011
2020-01-14,3.5592520186706063
2020-01-15,3.5751973090946967
2020-01-16,3.5655503551095484
2020-01-17,3.584524962542207
2020-01-18,3.556939566847558
2020-01-19,3.486191324161128
2020-01-20,3.4774707610695597
2020-01-21,3.440068834550175
2020-01-22,3.5120345980196097
2020-01-23,3.500868872851109
2020-01-24,3.5275736782277294
2020-01-25,3.485781507233608
2020-01-26,3.5152168805722046
2020-01-27,3.552965760196245
2020-01-28,3.5034937856074864
2020-01-29,3.5770288451200027
2020-01-30,3.558352286519166
2020-01-31,3.533461866742612
2020-02-01,3.5567064343734676
2020-02-02,3.6150024050160097
2020-02-03,3.634998784600248
2020-02-04,3.5924968825490775
2020-02-05,3.5816841742735823
2020-02-06,3.5707423905645306
2020-02-07,3.568210932402518
2020-02-08,3.4983538890026176
2020-02-09,3.4974303137425355
2020-02-10,3.53926083559875
2020-02-11,3.5550042513371816
2020-02-12,3.5126481921969477
2020-02-13,3.5179705966869763
2020-02-14,3.5498197684877724
2020-02-15,3.57846082313798
2020-02-16,3.597650286316203
2020-02-17,3.6232419927903803
2020-02-18,3.6432600164187954
2020-02-19,3.5933142638516125
2020-02-20,3.6007536559069155
2020-02-21,3.57322666721125
2020-02-22,3.5773176123872372
2020-02-23,3.573617774199059
2020-02-24,3.631634197700176
2020-02-25,3.558125857207946
2020-02-26,3.52965272330655
2020-02-27,3.5874923756142527
2020-02-28,3.5282800049260614
2020-02-29,3.462049272331774
2020-03-01,3.4664698029106513
2020-03-02,3.534226344570311
2020-03-03,3.56120821298501
2020-03-04,3.4966288537191987
2020-03-05,3.5118933136199018
2020-03-06,3.5357645069169203
2020-03-07,3.433578386711
2020-03-08,3.3235076536029795
2020-03-09,3.434917989145245
2020-03-10,3.446430670625286
2020-03-11,3.457112256011237
2020-03-12,3.485927759825432
2020-03-13,3.4952401704078033
2020-03-14,3.4062680729044685
2020-03-15,3.3396604944857593
2020-03-16,3.404742604979662
2020-03-17,3.4822762984042734
2020-03-18,3.5466953419671894
2020-03-19,3.4816268138853563
2020-03-20,3.5062798061728104
2020-03-21,3.4237713350609966
2020-03-22,3.400460136817182
2020-03-23,3.567017733745251
2020-03-24,3.5523449235135245
2020-03-25,3.4660157403105147
2020-03-26,3.482338050170521
2020-03-27,3.4624645540619614
2020-03-28,3.404980166277777
2020-03-29,3.476955815356369
2020-03-30,3.5354254606630966
2020-03-31,3.5647036579302016
2020-04-01,3.5330247772218377
2020-04-02,3.596753852368294
2020-04-03,3.542022449747598
2020-04-04,3.4897757638273297
2020-04-05,3.501001974417355
2020-04-06,3.5245561301349664
2020-04-07,3.533080274298057
2020-04-08,3.56500571955331
2020-04-09,3.5435345759204044
2020-04-10,3.5485740465169933
2020-04-11,3.4547932293230845
2020-04-12,3.527870490886264
2020-04-13,3.5223898719515354
2020-04-14,3.546160527410628
2020-04-15,3.573962965156434
2020-04-16,3.509607184440308
2020-04-17,3.4814881170348064
2020-04-18,3.4796197336635175
2020-04-19,3.4913738027178964
2020-04-20,3.5500745254902086
2020-04-21,3.5200463114356846
2020-04-22,3.515951061153971
2020-04-23,3.554372239542247
2020-04-24,3.486911906404205
2020-04-25,3.4939155052931126
2020-04-26,3.4828354101441117
2020-04-27,3.5459537883996273
2020-04-28,3.549759695906978
2020-04-29,3.5192006014429555
2020-04-30,3.56919461776751
2020-05-01,3.6177580176081725
2020-05-02,3.5294041827576716
2020-05-03,3.4992576590321622
2020-05-04,3.5490824826018996
2020-05-05,3.5751642523095803
2020-05-06,3.574406721406402
2020-05-07,3.544890598711264
2020-05-08,3.4673236538210794
2020-05-09,3.5457787259059406
2020-05-10,3.512672609377194
2020-05-11,3.5307934622214985
2020-05-12,3.5427569644194223
2020-05-13,3.5946697657778754
2020-05-14,3.5833853193567604
2020-05-15,3.60273860683976
2020-05-16,3.5799095045393585
2020-05-17,3.54382631364025
2020-05-18,3.5868812116594873
2020-05-19,3.5852097178486795
2020-05-20,3.600261832718491
2020-05-21,3.5631251412718314
2020-05-22,3.563654673128946
2020-05-23,3.534286667587374
2020-05-24,3.5370942868866875
2020-05-25,3.608830033003982
2020-05-26,3.6135517992416983
2020-05-27,3.6091772432323372
2020-05-28,3.6150189814032174
2020-05-29,3.599548404979535
2020-05-30,3.6195692479599275
2020-05-31,3.6299377752623183
2020-06-01,3.632892816871675
2020-06-02,3.6410764514255187
2020-06-03,3.5336871725303682
2020-06-04,3.6570253607227055
2020-06-05,3.6521418745046317
2020-06-06,3.6105745556234217
2020-06-07,3.640935073061573
2020-06-08,3.7160895300232197
2020-06-09,3.654816829391244
2020-06-10,3.719692269288723
2020-06-11,3.6529502285145763
2020-06-12,3.6806957867326036
2020-06-13,3.6280341262845943
2020-06-14,3.66905545990797
2020-06-15,3.6760758905159077
2020-06-16,3.576395815683674
2020-06-17,3.6112937729024326
2020-06-18,3.5285459749598513
2020-06-19,3.5989147315470786
2020-06-20,3.598360259713691
2020-06-21,3.633561254330089
2020-06-22,3.590357480490659
2020-06-23,3.61021736592113
2020-06-24,3.599493924620658
2020-06-25,3.5934175445170187
2020-06-26,3.6456077355506733
2020-06-27,3.6242635550571873
2020-06-28,3.687728022376907
2020-06-29,3.6161890969933377
2020-06-30,3.5960456010581017
2020-07-01,3.6063884129882666
2020-07-02,3.6597039453289164
2020-07-03,3.591346001348481
2020-07-04,3.5570926533603515
2020-07-05,3.5785879468531006
2020-07-06,3.636336934372515
2020-07-07,3.5908024819913336
2020-07-08,3.5899341439027777
2020-07-09,3.6011233513035554
2020-07-10,3.609832675255655
2020-07-11,3.5514672430383354
2020-07-12,3.571326091374458
2020-07-13,3.5679584400561777
2020-07-14,3.6365426305146813
2020-07-15,3.6257875544487503
2020-07-16,3.6024737159192823
2020-07-17,3.5837799291388563
2020-07-18,3.579560477088008
2020-07-19,3.58308743719981
2020-07-20,3.6121685394730116
2020-07-21,3.640016969355622
2020-07-22,3.569486454064089
2020-07-23,3.5806520926939154
2020-07-24,3.5332286598765905
2020-07-25,3.478821642548453
2020-07-26,3.3497629499500525
2020-07-27,3.399425364528263
2020-07-28,3.4613172204214058
2020-07-29,3.55839181016633
2020-07-30,3.5571225840594605
2020-07-31,3.5998316875450405
2020-08-01,3.5522744953022554
2020-08-02,3.552858233568553
2020-08-03,3.599257328590956
2020-08-04,3.555151051794515
2020-08-05,3.5254803508684436
2020-08-06,3.6014890013088627
2020-08-07,3.536038641695715
2020-08-08,3.5999613750129416
2020-08-09,3.537014768533811
2020-08-10,3.5915029751767147
2020-08-11,3.5325995414189975
2020-08-12,3.534741726369667
2020-08-13,3.429850270539361
2020-08-14,3.4542391140126534
2020-08-15,3.406348020122924
2020-08-16,3.537661327093367
2020-08-17,3.5678366912114843
2020-08-18,3.5588539233245102
2020-08-19,3.6027642274244704
2020-08-20,3.62167515445274
2020-08-21,3.571275771033271
2020-08-22,3.533866168117246
2020-08-23,3.532982609248823
2020-08-24,3.498689772469795
2020-08-25,3.5380067067482273
2020-08-26,3.5981806399915675
2020-08-27,3.5748074607541245
2020-08-28,3.58683317669759
2020-08-29,3.591895317155868
2020-08-30,3.5493887080582693
2020-08-31,3.6079968616244886
2020-09-01,3.4864367964758216
2020-09-02,3.546134605685005
2020-09-03,3.5441045488690106
2020-09-04,3.539915113297932
2020-09-05,3.6195729824238616
2020-09-06,3.605989812571912
2020-09-07,3.652572503386459
2020-09-08,3.5740182051203133
2020-09-09,3.6020998144871585
2020-09-10,3.60008263906348
2020-09-11,3.5812946730437702
2020-09-12,3.580029506455711
2020-09-13,3.5721560550939686
2020-09-14,3.6196637357890573
2020-09-15,3.6356874048138503
2020-09-16,3.5431660041252218
2020-09-17,3.5688678209329994
2020-09-18,3.6072280775843018
2020-09-19,3.6317009807973464
2020-09-20,3.6236092636982313
2020-09-21,3.594247532469097
2020-09-22,3.6001052796838953
2020-09-23,3.618129437541275
2020-09-24,3.6180377273879136
2020-09-25,3.55205189620429
2020-09-26,3.590427446308224
2020-09-27,3.582486675924589
2020-09-28,3.58417790757586
2020-09-29,3.5338956405846713
2020-09-30,3.5688511120997353
2020-10-01,3.526321805322728
2020-10-02,3.526206923063365
2020-10-03,3.42987388483637
2020-10-04,3.469124110777399
2020-10-05,3.5469658272830413
2020-10-06,3.5530942806264045
2020-10-07,3.585133171253966
2020-10-08,3.48267259800666
2020-10-09,3.549167621568306
2020-10-10,3.5634628305616447
2020-10-11,3.5273037060726766
2020-10-12,3.5717064052741843
2020-10-13,3.605995480286727
2020-10-14,3.5784041965729614
2020-10-15,3.5639546034849787
2020-10-16,3.537308120948907
2020-10-17,3.5369672578028077
2020-10-18,3.6009251288523805
2020-10-19,3.5674269798667306
2020-10-20,3.5477841891880715
2020-10-21,3.633335942119767
2020-10-22,3.5689765153285995
2020-10-23,3.542492342648744
2020-10-24,3.5571305967621902
2020-10-25,3.530474679234143
2020-10-26,3.55299555319239
2020-10-27,3.5492034336605043
2020-10-28,3.55913965790871
2020-10-29,3.5734980435763397
2020-10-30,3.5096634951857504
2020-10-31,3.406046115362215
2020-11-01,3.509294230052562
2020-11-02,3.55571712188484
2020-11-03,3.4778302105318204
2020-11-04,3.56483105692633
2020-11-05,3.5048957607190334
2020-11-06,3.504743781861543
2020-11-07,3.494717040001297
2020-11-08,3.4035230958186733
2020-11-09,3.5044364057287196
2020-11-10,3.494078948888316
2020-11-11,3.5174216519955346
2020-11-12,3.544604837433773
2020-11-13,3.5206805241930925
2020-11-14,3.4551077585923924
2020-11-15,3.4711024249686258
2020-11-16,3.4679860556195123
2020-11-17,3.523363996866147
2020-11-18,3.5515190951951223
2020-11-19,3.5657181362635266
2020-11-20,3.5570725985343854
2020-11-21,3.551824972631854
2020-11-22,3.5184124108299675
2020-11-23,3.528441980995614
2020-11-24,3.5583361363073056
2020-11-25,3.574278502880567
2020-11-26,3.583464050604778
2020-11-27,3.5877150383747685
2020-11-28,3.5710175775013737
2020-11-29,3.6327195442040585
2020-11-30,3.615757793630727
2020-12-01,3.594882834987279
2020-12-02,3.5776957213361458
2020-12-03,3.5876203029720237
2020-12-04,3.535986422908997
2020-12-05,3.514798835953977
2020-12-06,3.4436164871948107
2020-12-07,3.4625770003558607
2020-12-08,3.4522593738768554
2020-12-09,3.528068467445494
2020-12-10,3.5584736892596602
2020-12-11,3.57911886207754
2020-12-12,3.544527322756554
2020-12-13,3.4912880662407617
2020-12-14,3.5346420801206513
2020-12-15,3.576715925681416
2020-12-16,3.5754570753334205
2020-12-17,3.587981725147522
2020-12-18,3.581308531540775
2020-12-19,3.487312984025787
2020-12-20,3.5734475024845445
2020-12-21,3.4900171110433043
2020-12-22,3.5260481979784646
2020-12-23,3.580942344553401
2020-12-24,3.5256249535076067
2020-12-25,3.5163789862334562
2020-12-26,3.5663779532352677
2020-12-27,3.524085078194382
2020-12-28,3.548442038790624
2020-12-29,3.564566267614135
2020-12-30,3.58810859793139
2020-12-31,3.536194104896761
2021-01-01,3.519883099852423
2021-01-02,3.6002331943620756
2021-01-03,3.6178700849673016
2021-01-04,3.6341816895453665
2021-01-05,3.6522841617457185
2021-01-06,3.6375869160511125
2021-01-07,3.6824628112569924
2021-01-08,3.6135816961815177
2021-01-09,3.604573295086953
2021-01-10,3.625718490186854
2021-01-11,3.64352517131471
2021-01-12,3.596217497448922
2021-01-13,3.6197853403772378
2021-01-14,3.5838636329985403
2021-01-15,3.6645406899183337
2021-01-16,3.560302480079704
2021-01-17,3.53958017079507
2021-01-18,3.6071580845100715
2021-01-19,3.649545862232361
2021-01-20,3.6109151060385423
2021-01-21,3.5847038889749734
2021-01-22,3.5819013994054423
2021-01-23,3.5594531809798498
2021-01-24,3.5830240665946547
2021-01-25,3.615564685963801
2021-01-26,3.573481799206198
2021-01-27,3.561554165494471
2021-01-28,3.5978862111326064
2021-01-29,3.626251944735876
2021-01-30,3.598006661476409
2021-01-31,3.603771854702539
2021-02-01,3.609289794311591
2021-02-02,3.614304814983346
2021-02-03,3.540624593576229
2021-02-04,3.6187215929638494
2021-02-05,3.569975528221418
2021-02-06,3.565474633523982
2021-02-07,3.584122502875477
2021-02-08,3.602813711406092
2021-02-09,3.5799179295831647
2021-02-10,3.532007578832438
2021-02-11,3.6035076028963386
2021-02-12,3.6300037819012454
2021-02-13,3.600884107064749
2021-02-14,3.535621241542501
2021-02-15,3.5705950358300416
2021-02-16,3.5962986148500082
2021-02-17,3.5598223172003225
2021-02-18,3.5603813698228404
2021-02-19,3.525136311027443
2021-02-20,3.5959487468553784
2021-02-21,3.5420134247877533
2021-02-22,3.5448342455385466
2021-02-23,3.574463867426043
2021-02-24,3.5707369942677563
2021-02-25,3.633415886450935
2021-02-26,3.563873214806988
2021-02-27,3.5201179524895725
2021-02-28,3.5963731934359253
2021-03-01,3.5584694532701504
2021-03-02,3.5367395821914793
2021-03-03,3.5525813094403964
2021-03-04,3.6122466342985615
2021-03-05,3.5828395554514687
2021-03-06,3.588036707781978
2021-03-07,3.5737482887098704
2021-03-08,3.4903721136957864
2021-03-09,3.5141484218371235
2021-03-10,3.5880660836581244
2021-03-11,3.541462757798304
2021-03-12,3.602195812603685
2021-03-13,3.567253040078606
2021-03-14,3.634140989526255
2021-03-15,3.6651403402868152
2021-03-16,3.583341656464593
2021-03-17,3.603841900335742
2021-03-18,3.584711578357873
2021-03-19,3.6462920816375437
2021-03-20,3.656635909765218
2021-03-21,3.728525733382283
2021-03-22,3.7350269206873565
2021-03-23,3.636035769521723
2021-03-24,3.701575397713561
2021-03-25,3.6557634870508986
2021-03-26,3.6892220746754463
2021-03-27,3.682809721265372
2021-03-28,3.6139565586222466
2021-03-29,3.616911409915791
2021-03-30,3.632215438248305
2021-03-31,3.601638949444668
2021-04-01,3.6024005059688897
2021-04-02,3.58500516736392
2021-04-03,3.5590558647641326
2021-04-04,3.596117108884993
2021-04-05,3.6054978935247646
2021-04-06,3.589303888261232
2021-04-07,3.5987773794691695
2021-04-08,3.6489815752980257
2021-04-09,3.318356376011492
2021-04-10,3.3915543419104783
2021-04-11,3.3606178931808204
2021-04-12,3.423631867827517
2021-04-13,3.5291387021524474
2021-04-14,3.5199430201422635
2021-04-15,3.5315608177529034
2021-04-16,3.5303745308542833
2021-04-17,3.3832233454971634
2021-04-18,3.451429147375962
2021-04-19,3.573362998044743
2021-04-20,3.605898562295176
2021-04-21,3.5674779088231543
2021-04-22,3.532180384300422
2021-04-23,3.519265249892761
2021-04-24,3.504892417542266
2021-04-25,3.6360687063571344
2021-04-26,3.5952624562975326
2021-04-27,3.5827565177736984
2021-04-28,3.588624098379052
2021-04-29,3.583016343723224
2021-04-30,3.5624776592975183
2021-05-01,3.6394492130299074
2021-05-02,3.5259407502121967
2021-05-03,3.4048058817820057
2021-05-04,3.434709892757929
2021-05-05,3.4557053995333877
2021-05-06,3.49750805022018
2021-05-07,3.568961768333911
2021-05-08,3.577470471925342
2021-05-09,3.5610447443652213
2021-05-10,3.582865584871143
2021-05-11,3.6050422639467357
2021-05-12,3.5818416611672115
2021-05-13,3.597659518044194
2021-05-14,3.597783352908535
2021-05-15,3.5661222034509152
2021-05-16,3.612636415273461
2021-05-17,3.593669843031802
2021-05-18,3.568761669279164
2021-05-19,3.522933532583525
2021-05-20,3.544776793995617
2021-05-21,3.595169528536986
2021-05-22,3.52140078285027
2021-05-23,3.5807708718819202
2021-05-24,3.600456578510894
2021-05-25,3.5889454682156186
2021-05-26,3.528231319364917
2021-05-27,3.5429662948310496
2021-05-28,3.5490298664690165
2021-05-29,3.535209780919388
2021-05-30,3.565743344964703
2021-05-31,3.625877135997518
2021-06-01,3.5603201826955337
2021-06-02,3.5183496432468546
2021-06-03,3.408634171033552
2021-06-04,3.462539034664732
2021-06-05,3.4475478841406844
2021-06-06,3.3447970437946495
2021-06-07,3.458415171613117
2021-06-08,3.519260117291382
2021-06-09,3.443702468163299
2021-06-10,3.3814428511319323
2021-06-11,3.2670423057741225
2021-06-12,3.223355360782695
2021-06-13,3.228509253187292
2021-06-14,3.3746196226325207
2021-06-15,3.5451383580234275
2021-06-16,3.528753255372737
2021-06-17,3.573176256199983
2021-06-18,3.518444177951407
2021-06-19,3.554766901182315
2021-06-20,3.469244006817363
2021-06-21,3.586027114380839
2021-06-22,3.543254269140306
2021-06-23,3.599853687741796
2021-06-24,3.5975258908296044
2021-06-25,3.5843218184444803
2021-06-26,3.5789248601304338
2021-06-27,3.639158022846182
2021-06-28,3.6124873249941207
2021-06-29,3.5871690369725573
2021-06-30,3.604668352826338
2021-07-01,3.607156708143275
2021-07-02,3.575929147041549
2021-07-03,3.60745151298547
2021-07-04,3.5981635445805495
2021-07-05,3.5294674057955593
2021-07-06,3.578636482272399
2021-07-07,3.5880240172610964
2021-07-08,3.576174619672088
2021-07-09,3.5887409916178763
2021-07-10,3.61868596124805
2021-07-11,3.519816369538953
2021-07-12,3.5788846527267526
2021-07-13,3.601596991306062
2021-07-14,3.653193242890428
2021-07-15,3.533532765002857
2021-07-16,3.5794374313405237
2021-07-17,3.474598045825402
2021-07-18,3.4960085457393215
2021-07-19,3.5276334844285024
2021-07-20,3.5634217057197075
2021-07-21,3.603091984754852
2021-07-22,3.6491712631163926
2021-07-23,3.6174403219512703
2021-07-24,3.4711696947156514
2021-07-25,3.5649597306888854
2021-07-26,3.559976983584054
2021-07-27,3.6227407875377438
2021-07-28,3.6048859291461515
2021-07-29,3.5849748549627933
2021-07-30,3.6723797172274955
2021-07-31,3.5578511625976175
2021-08-01,3.5258156043267874
2021-08-02,3.5404422526560073
2021-08-03,3.536777359543672
2021-08-04,3.5269758008252956
2021-08-05,3.497956978189858
2021-08-06,3.540380869001124
2021-08-07,3.4745921873983585
2021-08-08,3.6007072624820906
2021-08-09,3.5659809275534062
2021-08-10,3.566041696937521
2021-08-11,3.592197703691546
2021-08-12,3.592363626227568
2021-08-13,3.6766665959525144
2021-08-14,3.7068384193783626
2021-08-15,3.647996491119694
2021-08-16,3.607232864908183
2021-08-17,3.556620848928594
2021-08-18,3.517728897197866
2021-08-19,3.563221514432789
2021-08-20,3.667242989732602
2021-08-21,3.623044200942101
2021-08-22,3.525764151162736
2021-08-23,3.617537522952183
2021-08-24,3.595044704151977
2021-08-25,3.5631988838386235
2021-08-26,3.6535935145219245
2021-08-27,3.616275412777563
2021-08-28,3.642782948048635
2021-08-29,3.5985132922916674
2021-08-30,3.5657646826997182
2021-08-31,3.553176823177029
2021-09-01,3.5799263865700977
2021-09-02,3.5593682838231557
2021-09-03,3.5189544861101814
2021-09-04,3.555339473299079
2021-09-05,3.515125535562199
2021-09-06,3.5182871875209187
2021-09-07,3.5889062966169516
2021-09-08,3.526130486545562
2021-09-09,3.500354113195054
2021-09-10,3.5295638542501555
2021-09-11,3.4673149354709354
2021-09-12,3.5021266228173378
2021-09-13,3.621874504219443
2021-09-14,3.537844059916847
2021-09-15,3.517636763349702
2021-09-16,3.558070929386479
2021-09-17,3.542325118248407
2021-09-18,3.3810824778261677
2021-09-19,3.432103139544717
2021-09-20,3.515853393600884
2021-09-21,3.534185388536535
2021-09-22,3.4724058904878916
2021-09-23,3.4964706062889643
2021-09-24,3.5661051763785094
2021-09-25,3.509801638410975
2021-09-26,3.5923490623501424
2021-09-27,3.5939053164885295
2021-09-28,3.5646613995107064
2021-09-29,3.616581986873711
2021-09-30,3.6132216745457906
2021-10-01,3.6006587155997667
2021-10-02,3.5591756959187992
2021-10-03,3.5814610107518234
2021-10-04,3.614673788831909
2021-10-05,3.5044924453574375
2021-10-06,3.614127594587708
2021-10-07,3.53792995298141
2021-10-08,3.5475441231590263
2021-10-09,3.451684235831311
2021-10-10,3.5636127391733523
2021-10-11,3.591613715664285
2021-10-12,3.540361058443461
2021-10-13,3.546881495690907
2021-10-14,3.5652171309591107
2021-10-15,3.4948391792524527
2021-10-16,3.4619276861217694
2021-10-17,3.47511520822172
2021-10-18,3.505127037760395
2021-10-19,3.590122952819881
2021-10-20,3.596153262239955
2021-10-21,3.529642727163218
2021-10-22,3.5375834108740176
2021-10-23,3.50312060655202
2021-10-24,3.536791487280508
2021-10-25,3.609312354356886
2021-10-26,3.5761399853567153
2021-10-27,3.641638543725317
2021-10-28,3.6013701273351093
2021-10-29,3.5178997210435154
2021-10-30,3.371640134494917
2021-10-31,3.287856969568282
2021-11-01,3.3377098704739376
2021-11-02,3.397855860008814
2021-11-03,3.4057499641820064
2021-11-04,3.52937886084607
2021-11-05,3.5301820538531206
2021-11-06,3.595287792513761
2021-11-07,3.563390325908003
2021-11-08,3.5282342364974344
2021-11-09,3.4603488654889683
2021-11-10,3.4941148058266007
2021-11-11,3.4620683151090184
2021-11-12,3.495042376775134
2021-11-13,3.573326454730351
2021-11-14,3.4631577411511265
2021-11-15,3.5814941083301908
2021-11-16,3.5302514742354214
2021-11-17,3.566681534886688
2021-11-18,3.480758817742161
2021-11-19,3.529733022095752
2021-11-20,3.5906493078104256
2021-11-21,3.5289026811065276
2021-11-22,3.4950832707478767
2021-11-23,3.5021688746394193
2021-11-24,3.5367469076422933
2021-11-25,3.538528777266491
2021-11-26,3.5236176925272185
2021-11-27,3.509139541969669
2021-11-28,3.4556380821441484
2021-11-29,3.435565423641334
2021-11-30,3.5021873110655473
2021-12-01,3.497533324515521
2021-12-02,3.562443527864703
2021-12-03,3.468088760554834
2021-12-04,3.573182512834092
2021-12-05,3.521949942425553
2021-12-06,3.5842005465932294
2021-12-07,3.543574353738569
2021-12-08,3.5547015373955335
2021-12-09,3.579941520877163
2021-12-10,3.618333945816723
2021-12-11,3.523298561112468
2021-12-12,3.541906524784741
2021-12-13,3.5551635352417454
2021-12-14,3.555580286345159
2021-12-15,3.636671033961883
2021-12-16,3.5681695896451417
2021-12-17,3.5416335149921037
2021-12-18,3.4911159334158506
2021-12-19,3.582731422197616
2021-12-20,3.582655322265792
2021-12-21,3.5773134268126108
2021-12-22,3.5638366917934174
2021-12-23,3.6285675858341544
2021-12-24,3.613534427165076
2021-12-25,3.5851207621327768
2021-12-26,3.5835912169851842
2021-12-27,3.5487997254664676
2021-12-28,3.565604614935834
2021-12-29,3.587090402413466
2021-12-30,3.5580603085209206
2021-12-31,3.620997196416817
2022-01-01,3.5924238491476115
2022-01-02,3.634161316810598
2022-01-03,3.537396662655831
2022-01-04,3.5355930086149665
2022-01-05,3.5630118593114948
2022-01-06,3.6191554594818975
2022-01-07,3.587444594230799
2022-01-08,3.62119391502416
2022-01-09,3.560475116359415
2022-01-10,3.544957947258541
2022-01-11,3.557675466847612
2022-01-12,3.6334634523564535
2022-01-13,3.5686649802608623
2022-01-14,3.6306920749256966
2022-01-15,3.625155041507089
2022-01-16,3.6328101485993907
2022-01-17,3.6365202554352765
2022-01-18,3.588320766989158
2022-01-19,3.6239710838631574
2022-01-20,3.565293685511756
2022-01-21,3.560612376687032
2022-01-22,3.6099991770763986
2022-01-23,3.608060593451425
2022-01-24,3.70013372919413
2022-01-25,3.609885714668172
2022-01-26,3.6730558562563185
2022-01-27,3.5680939559284583
2022-01-28,3.6208668294010944
2022-01-29,3.6453451899104787
2022-01-30,3.6940594590253597
2022-01-31,3.677820211185948
2022-02-01,3.6011461436155727
2022-02-02,3.5831993288480937
2022-02-03,3.626599582030689
2022-02-04,3.55484992950436
2022-02-05,3.4985848472254424
2022-02-06,3.4683744109376096
2022-02-07,3.5493293026661297
2022-02-08,3.5961152076223235
2022-02-09,3.585230262096481
2022-02-10,3.5547506066270187
2022-02-11,3.543891643136575
2022-02-12,3.563023105489142
2022-02-13,3.6120508237379534
2022-02-14,3.5107144345450587
2022-02-15,3.5639228766641127
2022-02-16,3.6178889135211807
2022-02-17,3.630381583778621
2022-02-18,3.548643825451733
2022-02-19,3.5513434308923886
2022-02-20,3.568229659075174
2022-02-21,3.5935141775071067
2022-02-22,3.6463041908391993
2022-02-23,3.623167091870454
2022-02-24,3.672669172512953
2022-02-25,3.7159316066091064
2022-02-26,3.6307536986811955
2022-02-27,3.6460134626788006
2022-02-28,3.691546018703865
2022-03-01,3.588377293252659
2022-03-02,3.6106398750237787
2022-03-03,3.610035900449485
2022-03-04,3.574983892803103
2022-03-05,3.5860553762147385
2022-03-06,3.5449930583631493
2022-03-07,3.433091653871103
2022-03-08,3.557492991873146
2022-03-09,3.6886556592891706
2022-03-10,3.5956615958627953
2022-03-11,3.5987859218442306
2022-03-12,3.5542504574230764
2022-03-13,3.576350928777045
2022-03-14,3.5425256716129137
2022-03-15,3.5333869178778765
2022-03-16,3.5301427088798945
2022-03-17,3.545205006403581
2022-03-18,3.5550584098806706
2022-03-19,3.584253570451507
2022-03-20,3.5426242287316767
2022-03-21,3.5515864134249044
2022-03-22,3.4783439494708897
2022-03-23,3.540752273853271
2022-03-24,3.5760924263703466
2022-03-25,3.5650999634871514
2022-03-26,3.5928217314240847
2022-03-27,3.5042559933292514
2022-03-28,3.5305662884503857
2022-03-29,3.5197541935889975
2022-03-30,3.4939620948176167
2022-03-31,3.554438584108972
2022-04-01,3.560361323757225
2022-04-02,3.504394497614994
2022-04-03,3.575580419031176
2022-04-04,3.6144000329696637
2022-04-05,3.516004869011743
2022-04-06,3.5577726044190823
2022-04-07,3.6200355679379266
2022-04-08,3.560473645724252
2022-04-09,3.3959268535261082
2022-04-10,3.492456720397862
2022-04-11,3.5586964286786316
2022-04-12,3.6317668491893786
2022-04-13,3.6373768310742776
2022-04-14,3.5574277336537423
2022-04-15,3.4827432436971715
2022-04-16,3.5503010939286
2022-04-17,3.47118582516215
2022-04-18,3.65483135006213
2022-04-19,3.5343587291809
2022-04-20,3.6339035899338215
2022-04-21,3.5528460022564428
2022-04-22,3.517876528164032
2022-04-23,3.5647991710708054
2022-04-24,3.543141098899329
2022-04-25,3.591913783004907
2022-04-26,3.6016555824602716
2022-04-27,3.598741518326197
2022-04-28,3.6373536598025047
2022-04-29,3.639797137046475
2022-04-30,3.6454115020201376
2022-05-01,3.5558691917109146
2022-05-02,3.5606543395408523
2022-05-03,3.5750107610953283
2022-05-04,3.6311329812910764
2022-05-05,3.492291420449367
2022-05-06,3.5490275801689672
2022-05-07,3.5278823213339594
2022-05-08,3.4757296207091324
2022-05-09,3.484375703358114
2022-05-10,3.4735575394119107
2022-05-11,3.5637625578652328
2022-05-12,3.5619750373473846
2022-05-13,3.383338955974642
2022-05-14,3.484973493366058
2022-05-15,3.456760842790002
2022-05-16,3.4999467694608875
2022-05-17,3.5449080728652387
2022-05-18,3.592619104056419
2022-05-19,3.5106485515434507
2022-05-20,3.402849014672239
2022-05-21,3.4024330280670187
2022-05-22,3.4699706226362768
2022-05-23,3.4926836730047532
2022-05-24,3.5166457904535156
2022-05-25,3.4366352716917055
2022-05-26,3.556451790655657
2022-05-27,3.5931024822299213
2022-05-28,3.475783817910022
2022-05-29,3.4238995487528956
2022-05-30,3.532002621048007
2022-05-31,3.5645299490857956
2022-06-01,3.5396469451869574
2022-06-02,3.2999142377237436
2022-06-03,3.379919936551957
2022-06-04,3.3323535652067986
2022-06-05,3.3769273422377166
2022-06-06,3.508131560150275
2022-06-07,3.5613692963109633
2022-06-08,3.5250230372929794
2022-06-09,3.5579494078686453
2022-06-10,3.5276852788253565
2022-06-11,3.5308714297744213
2022-06-12,3.5770242895110242
2022-06-13,3.653521152019371
2022-06-14,3.634013797272223
2022-06-15,3.661658571348296
2022-06-16,3.618825440850232
2022-06-17,3.5701802043468978
2022-06-18,3.542774749320858
2022-06-19,3.546757988746499
2022-06-20,3.558586240964644
2022-06-21,3.5861682833254367
2022-06-22,3.552947261083502
2022-06-23,3.5253946152241618
2022-06-24,3.547383946064411
2022-06-25,3.5717998169705147
2022-06-26,3.5623948675625394
2022-06-27,3.541355976105738
2022-06-28,3.5958232363835303
2022-06-29,3.5883941849300927
2022-06-30,3.5932629927712667
2022-07-01,3.669593685939597
2022-07-02,3.5124746026072255
2022-07-03,3.584215326946238
2022-07-04,3.6300421618660934
2022-07-05,3.6514681357709127
2022-07-06,3.6870525596648953
2022-07-07,3.6192686401500214
2022-07-08,3.5648588118835964
2022-07-09,3.6322304149261213
2022-07-10,3.6300716051467967
2022-07-11,3.569238793684796
2022-07-12,3.572806000461355
2022-07-13,3.5817938646651335
2022-07-14,3.644806585815095
2022-07-15,3.599503397567046
2022-07-16,3.524703184460646
2022-07-17,3.572903080634324
2022-07-18,3.5647840672743825
2022-07-19,3.6081305498378073
2022-07-20,3.569671098233583
2022-07-21,3.5064316627068544
2022-07-22,3.583810413414405
2022-07-23,3.5321836410485687
2022-07-24,3.4853348656353424
2022-07-25,3.515157878131723
2022-07-26,3.4993387370102926
2022-07-27,3.4583191904646653
2022-07-28,3.492660476480244
2022-07-29,3.576944252080278
2022-07-30,3.653057571027456
2022-07-31,3.5487098012608285
2022-08-01,3.5862917643304564
2022-08-02,3.6088253339972702
2022-08-03,3.630563918040608
2022-08-04,3.511315963318645
2022-08-05,3.535619967638609
2022-08-06,3.525732443839384
2022-08-07,3.602203777950756
2022-08-08,3.547750653807944
2022-08-09,3.5193340349084026
2022-08-10,3.546751345440303
2022-08-11,3.5811475811175155
2022-08-12,3.515078421371963
2022-08-13,3.476449140213796
2022-08-14,3.5602663479860883
2022-08-15,3.4918590620423324
2022-08-16,3.535644874183193
2022-08-17,3.5409129721537487
2022-08-18,3.4724063120560755
2022-08-19,3.5799707630278688
2022-08-20,3.539751233116566
2022-08-21,3.5432080723280412
2022-08-22,3.493454479251701
2022-08-23,3.529990489471124
2022-08-24,3.5219746337354403
2022-08-25,3.5055941418863266
2022-08-26,3.528815345863223
2022-08-27,3.5076031341863185
2022-08-28,3.4738497199486593
2022-08-29,3.4289853369321865
2022-08-30,3.5001080144822003
2022-08-31,3.452088850823979
2022-09-01,3.552161746148971
2022-09-02,3.5236662469527404
2022-09-03,3.536267057230692
2022-09-04,3.4651545101341594
2022-09-05,3.436047256621611
2022-09-06,3.375045591754543
2022-09-07,3.4477830226067625
2022-09-08,3.0654134968348346
2022-09-09,2.9334849137413146
2022-09-10,2.951066180685246
2022-09-11,3.032156336033096
2022-09-12,3.1220255623971855
2022-09-13,3.1644890622958814
2022-09-14,3.241020930832558
2022-09-15,3.238566845877728
2022-09-16,3.2377018458459252
2022-09-17,3.0845462098050067
2022-09-18,2.9425454893895493
2022-09-19,2.890910060041424
2022-09-20,3.2251938083888967
2022-09-21,3.3865607937385103
2022-09-22,3.5079206554887477
2022-09-23,3.4904035033504854
2022-09-24,3.4121236575928973
2022-09-25,3.4140036112085825
2022-09-26,3.490111442925607
2022-09-27,3.397071060228073
2022-09-28,3.4892744043300445
2022-09-29,3.494941075913852
2022-09-30,3.521491306142201
2022-10-01,3.531297945989312
2022-10-02,3.5138690318501085
2022-10-03,3.3722982782228956
2022-10-04,3.3998722131806325
2022-10-05,3.494638167544957
2022-10-06,3.4279091272786024
2022-10-07,3.5046559488242943
2022-10-08,3.5173936671126533
2022-10-09,3.5537394695128732
2022-10-10,3.5841115546420323
2022-10-11,3.5620838242962
2022-10-12,3.4880580760444913
2022-10-13,3.551322985998318
2022-10-14,3.5346652968218253
2022-10-15,3.5740262764790542
2022-10-16,3.544014331758369
2022-10-17,3.6255953337751734
2022-10-18,3.5650658139872515
2022-10-19,3.623922042619853
2022-10-20,3.597776862936303
2022-10-21,3.5949995042161786
2022-10-22,3.5437573148299903
2022-10-23,3.4879108347046563
2022-10-24,3.539934070552394
2022-10-25,3.5267371155162004
2022-10-26,3.4545093150993824
2022-10-27,3.5384216737109684
2022-10-28,3.4844947894481133
2022-10-29,3.557259078556872
2022-10-30,3.597900426983372
2022-10-31,3.592421931031182
2022-11-01,3.568965039788246
2022-11-02,3.5303740024963353
2022-11-03,3.567334358230157
2022-11-04,3.5640694632092864
2022-11-05,3.585201906978681
2022-11-06,3.513658224853674
2022-11-07,3.491831115565314
2022-11-08,3.5820144427531955
2022-11-09,3.4847989068739733
2022-11-10,3.4870122195225326
2022-11-11,3.4074153009872523
2022-11-12,3.5374999178484803
2022-11-13,3.364344644921652
2022-11-14,3.4556520700900837
2022-11-15,3.553510185135049
2022-11-16,3.396385639341204
2022-11-17,3.580677916203883
2022-11-18,3.539630922446772
2022-11-19,3.469288085901268
2022-11-20,3.485727524307947
2022-11-21,3.556671952705942
2022-11-22,3.433029843359516
2022-11-23,3.480004115153509
2022-11-24,3.493547947822672
2022-11-25,3.603122976215383
2022-11-26,3.536386538644402
2022-11-27,3.5415227998556467
2022-11-28,3.536897125397638
2022-11-29,3.511857419215246
2022-11-30,3.4880319776123496
2022-12-01,3.518920559504347
2022-12-02,3.508869641298878
2022-12-03,3.490295872223864
2022-12-04,3.537751477185303
2022-12-05,3.5168727114366787
2022-12-06,3.4790443913002744
2022-12-07,3.569494761716246
2022-12-08,3.5086794902643312
2022-12-09,3.5198533144253834
2022-12-10,3.569610629366422
2022-12-11,3.5783606458523036
2022-12-12,3.627188470752432
2022-12-13,3.5911665198586906
2022-12-14,3.543224693359368
2022-12-15,3.5236731929950187
2022-12-16,3.495536920369015
2022-12-17,3.5254765229804272
2022-12-18,3.4958472201655537
2022-12-19,3.6061022767497763
2022-12-20,3.5603567949016464
2022-12-21,3.5890241306300013
2022-12-22,3.565409200502015
2022-12-23,3.6090201996742923
2022-12-24,3.5094069251295177
2022-12-25,3.4131190096552584
2022-12-26,3.5288872923761407
2022-12-27,3.568767218406499
2022-12-28,3.5163377942401395
2022-12-29,3.584312706931563
2022-12-30,3.464924351839079
2022-12-31,3.4204033492909938
2023-01-01,3.4920389148210558
2023-01-02,3.532561639913925
2023-01-03,3.5375127249383533
2023-01-04,3.5984173025469475
2023-01-05,3.537004153645496
2023-01-06,3.536195343998812
2023-01-07,3.5142395231716264
2023-01-08,3.5570836326051785
2023-01-09,3.461052914291431
2023-01-10,3.4629065620085555
2023-01-11,3.5435659418537684
2023-01-12,3.5011813630000135
2023-01-13,3.5294320056550994
2023-01-14,3.643238724131731
2023-01-15,3.7102671737288957
2023-01-16,3.6329783376300946
2023-01-17,3.5934754375709326
2023-01-18,3.5596578948095563
2023-01-19,3.588838250808111
2023-01-20,3.583272910227249
2023-01-21,3.568470018215052
2023-01-22,3.510639891937417
2023-01-23,3.636147715845405
2023-01-24,3.562186991590271
2023-01-25,3.678147598318668
2023-01-26,3.6232791516373895
2023-01-27,3.584695300032372
2023-01-28,3.5857959853770276
2023-01-29,3.549482575836518
2023-01-30,3.5680986680668862
2023-01-31,3.5717780209614034
2023-02-01,3.649885111250135
2023-02-02,3.592018027120632
2023-02-03,3.5930473726502314
2023-02-04,3.5999677882318544
2023-02-05,3.5352391648965176
2023-02-06,3.502595013544673
2023-02-07,3.5981176281817486
2023-02-08,3.3622757221822392
2023-02-09,3.3650256811059753
2023-02-10,3.479001619680905
2023-02-11,3.548165459866659
2023-02-12,3.6031673020813186
2023-02-13,3.604896332082323
2023-02-14,3.592094724201628
2023-02-15,3.6034465803549485
2023-02-16,3.5513979644832254
2023-02-17,3.5342204384880267
2023-02-18,3.4410024518206077
2023-02-19,3.514231271558662
2023-02-20,3.4906277440987297
2023-02-21,3.5601175085585504
2023-02-22,3.5161062493460653
2023-02-23,3.5055490031463634
2023-02-24,3.5618643588649435
2023-02-25,3.505636080247777
2023-02-26,3.493336202942592
2023-02-27,3.4463729869990622
2023-02-28,3.603221285101055
2023-03-01,3.532047547694599
2023-03-02,3.5748392575794643
2023-03-03,3.498693254371979
2023-03-04,3.5570655676086815
2023-03-05,3.4089089652785227
2023-03-06,3.529542311524055
2023-03-07,3.5064084254818337
2023-03-08,3.5432991805631815
2023-03-09,3.513249344302026
2023-03-10,3.5518442230997573
2023-03-11,3.5735442594757165
2023-03-12,3.461235952676149
2023-03-13,3.4779148798057977
2023-03-14,3.5429958448443704
2023-03-15,3.5765539519305074
2023-03-16,3.5320523109659856
2023-03-17,3.5003870836838966
2023-03-18,3.5097535864164917
2023-03-19,3.555848090767303
2023-03-20,3.6163579460892943
2023-03-21,3.647038290999373
2023-03-22,3.5274169441521934
2023-03-23,3.509549678809577
2023-03-24,3.5774174616197554
2023-03-25,3.5419943245800964
2023-03-26,3.5990101072577247
2023-03-27,3.571326160105549
2023-03-28,3.5919396814893254
2023-03-29,3.5055978135802075
2023-03-30,3.508078586391096
2023-03-31,3.5510461775399653
2023-04-01,3.5121110403893256
2023-04-02,3.4909597615613626
2023-04-03,3.5235264820796
2023-04-04,3.6106693409284474
2023-04-05,3.561629820769332
2023-04-06,3.551710408978174
2023-04-07,3.5904409107215822
2023-04-08,3.5813025569285792
2023-04-09,3.5049400745113086
2023-04-10,3.569573180839542
2023-04-11,3.47216861438528
2023-04-12,3.3821330664150873
2023-04-13,3.4823360528013994
2023-04-14,3.4928174402763097
2023-04-15,3.49495798186968
2023-04-16,3.4700356741809246
2023-04-17,3.5163357637456283
2023-04-18,3.5478149795714287
2023-04-19,3.5691800852104136
2023-04-20,3.538016880219446
2023-04-21,3.6561460710570706
2023-04-22,3.557537280027328
2023-04-23,3.623833518496187
2023-04-24,3.5725744977531373
2023-04-25,3.5746429796509993
2023-04-26,3.5957116323077827
2023-04-27,3.5813653023407834
2023-04-28,3.5360777751639274
2023-04-29,3.476082479488204
2023-04-30,3.538589345182858
2023-05-01,3.495026221536182
2023-05-02,3.5272869224933343
2023-05-03,3.489706630505675
2023-05-04,3.4043622240456384
2023-05-05,3.3278722292912395
2023-05-06,3.199619462064097
2023-05-07,3.1932346627844597
2023-05-08,3.4244598767902428
2023-05-09,3.4523464932971075
2023-05-10,3.5703211806788575
2023-05-11,3.5247661129882775
2023-05-12,3.578598447579389
2023-05-13,3.5151089298490534
2023-05-14,3.4237754542395193
2023-05-15,3.431724276971706
2023-05-16,3.522946928683348
2023-05-17,3.473828921436781
2023-05-18,3.527348920298538
2023-05-19,3.5885058554818086
2023-05-20,3.4475807572263366
2023-05-21,3.438526595230429
2023-05-22,3.548602862753185
2023-05-23,3.6194080761841656
2023-05-24,3.588535424526361
2023-05-25,3.5529433019624976
2023-05-26,3.527497097736795
2023-05-27,3.503024464970588
2023-05-28,3.5684548628419055
2023-05-29,3.5044579973721297
2023-05-30,3.5120731729065877
2023-05-31,3.562089240714686
2023-06-01,3.560096226611308
2023-06-02,3.5142639196213916
2023-06-03,3.505537569607234
2023-06-04,3.5167560695623656
2023-06-05,3.5315678080356574
2023-06-06,3.508874142046538
2023-06-07,3.4822679256683964
2023-06-08,3.532782275342491
2023-06-09,3.5896406889998564
2023-06-10,3.6206852417630873
2023-06-11,3.6380169221131418
2023-06-12,3.597876952677505
2023-06-13,3.6151485071427287
2023-06-14,3.5688716257789967
2023-06-15,3.5482411740424395
2023-06-16,3.514886526827701
2023-06-17,3.455205798727078
2023-06-18,3.5157776367791307
2023-06-19,3.570879436852975
2023-06-20,3.5185123809761696
2023-06-21,3.4689434786517155
2023-06-22,3.460845607175462
2023-06-23,3.4674490561944826
2023-06-24,3.483588619779112
2023-06-25,3.549157744161083
2023-06-26,3.568154282642984
2023-06-27,3.498977912914212
2023-06-28,3.5515724265649142
2023-06-29,3.5622634151465316
2023-06-30,3.5484472607513573
2023-07-01,3.5697056347266978
2023-07-02,3.462467619724851
2023-07-03,3.510928035346365
2023-07-04,3.558317096392928
2023-07-05,3.536661289282216
2023-07-06,3.6078747780541356
2023-07-07,3.541985838626396
2023-07-08,3.5112252212104997
2023-07-09,3.3962838789414644
2023-07-10,3.2940685280239146
2023-07-11,3.480116463340439
2023-07-12,3.5442602277243496
2023-07-13,3.594825111003323
2023-07-14,3.597512496882895
2023-07-15,3.4706796835163747
2023-07-16,3.5008478433532617
2023-07-17,3.5972868719487923
2023-07-18,3.586407385711546
2023-07-19,3.5595653284961206
2023-07-20,3.5480659496026914
2023-07-21,3.5651802414072136
2023-07-22,3.5496347127609846
2023-07-23,3.540951432968077
2023-07-24,3.557964623346937
2023-07-25,3.571385761556873
2023-07-26,3.606071371562541
2023-07-27,3.650702795353805
2023-07-28,3.575445564769499
2023-07-29,3.584010439007501
2023-07-30,3.591930440667236
2023-07-31,3.652917030676953
2023-08-01,3.5748625843010045
2023-08-02,3.5596014761869963
2023-08-03,3.6334014088008835
2023-08-04,3.5721866127470596
2023-08-05,3.555480920341887
2023-08-06,3.5212495012797236
2023-08-07,3.554017521601961
2023-08-08,3.58846855382932
2023-08-09,3.5488691838059707
2023-08-10,3.602887146200584
2023-08-11,3.6314136520460205
2023-08-12,3.6105339775716345
2023-08-13,3.588457776937976
2023-08-14,3.5724750406280585
2023-08-15,3.6066300192110177
2023-08-16,3.6121481358501195
2023-08-17,3.5134773070276855
2023-08-18,3.6271228529028527
2023-08-19,3.645346193849751
2023-08-20,3.563748899842847
2023-08-21,3.62589623759837
2023-08-22,3.565795298300344
2023-08-23,3.5560639659568682
2023-08-24,3.479519076318781
2023-08-25,3.5150258105786487
2023-08-26,3.5211356995317984
2023-08-27,3.586331764564252
2023-08-28,3.5315489719540234
2023-08-29,3.497119145685103
2023-08-30,3.550476960751215
2023-08-31,3.538112781134097
2023-09-01,3.4955267877095357
2023-09-02,3.5365225973934655
2023-09-03,3.4249894578095152
2023-09-04,3.5818360528053503
2023-09-05,3.545478604392128
2023-09-06,3.540980409704698
2023-09-07,3.505717556797532
2023-09-08,3.3760283881100692
2023-09-09,3.458981785523569
2023-09-10,3.497206121494101
2023-09-11,3.5904905326447154
2023-09-12,3.5658665209860048
2023-09-13,3.5672337856851684
2023-09-14,3.5434965690107885
2023-09-15,3.6099871663919085
2023-09-16,3.5704373963350733
2023-09-17,3.5148090648322556
2023-09-18,3.517107992957174
2023-09-19,3.551129717732275
2023-09-20,3.551364476064203
2023-09-21,3.5556799457584662
2023-09-22,3.5071889002596617
2023-09-23,3.4743187876044055
2023-09-24,3.5156955852784932
2023-09-25,3.5994198879335983
2023-09-26,3.525076549151167
2023-09-27,3.5679664202211514
2023-09-28,3.52798678099142
2023-09-29,3.5712146699257454
2023-09-30,3.4749380623138095
2023-10-01,3.6729951061056063
2023-10-02,3.5736308947369233
2023-10-03,3.506745148356124
2023-10-04,3.580976194309731
2023-10-05,3.6365647707103124
2023-10-06,3.5076129926095385
2023-10-07,3.495792407666814
2023-10-08,3.5800742871252353
2023-10-09,3.5850933721478273
2023-10-10,3.608382103246294
2023-10-11,3.5185943207071575
2023-10-12,3.5856579709601077
2023-10-13,3.6190804738204023
2023-10-14,3.623963850686964
2023-10-15,3.5694959261146315
2023-10-16,3.540913262172273
2023-10-17,3.6369687744212276
2023-10-18,3.595906177937154
2023-10-19,3.519762905131573
2023-10-20,3.5546105679729183
2023-10-21,3.4985613055929905
2023-10-22,3.494196676499845
2023-10-23,3.549352658266716
2023-10-24,3.505704010221705
2023-10-25,3.5503163142378913
2023-10-26,3.6019659932347
2023-10-27,3.607442350192859
2023-10-28,3.6362379758560657
2023-10-29,3.565208357234704
2023-10-30,3.604674165169386
2023-10-31,3.553632260743084
2023-11-01,3.5703084612206935
2023-11-02,3.4765410759982815
2023-11-03,3.48095653189531
2023-11-04,3.5389175896064433
2023-11-05,3.614227583044256
2023-11-06,3.62050719640598
2023-11-07,3.5580778877092496
2023-11-08,3.5717389257531975
2023-11-09,3.5427494646084776
2023-11-10,3.5915047184730873
2023-11-11,3.5578792985671566
2023-11-12,3.514452997659949
2023-11-13,3.627113202348329
2023-11-14,3.5494966937083006
2023-11-15,3.6049089152067086
2023-11-16,3.532706841275116
2023-11-17,3.4528490682972497
2023-11-18,3.5111400691295818
2023-11-19,3.490682652221682
2023-11-20,3.513604762050471
2023-11-21,3.508035765244321
2023-11-22,3.4112453864367316
2023-11-23,3.5096537983903624
2023-11-24,3.493115060405018
2023-11-25,3.450061686762111
2023-11-26,3.446267346576001
2023-11-27,3.548455043660679
2023-11-28,3.531254105730467
2023-11-29,3.528813520936266
2023-11-30,3.474508882414446
2023-12-01,3.4452411028210794
2023-12-02,3.533665542176107
2023-12-03,3.561372658089035
2023-12-04,3.584809852940146
2023-12-05,3.5972520919234605
2023-12-06,3.601701247240842
2023-12-07,3.5758180636779677
2023-12-08,3.5709598512129115
2023-12-09,3.6734337638383923
2023-12-10,3.6496271922999513
2023-12-11,3.6302141550614353
2023-12-12,3.599320658926424
2023-12-13,3.5945492812512563
2023-12-14,3.5644623387287178
2023-12-15,3.618384910316745
2023-12-16,3.5320588301176796
2023-12-17,3.5210365050514736
2023-12-18,3.5487373510109594
2023-12-19,3.6059171040392206
2023-12-20,3.5910729734090108
2023-12-21,3.6564675109338127
2023-12-22,3.586571458319303
2023-12-23,3.5412053474160765
2023-12-24,3.58854349618161
2023-12-25,3.4653468739669844
2023-12-26,3.5177163186312863
2023-12-27,3.4473184512029738
2023-12-28,3.6168488889844523
2023-12-29,3.6167631818010193
2023-12-30,3.57641053255752
2023-12-31,3.49911744601926
2024-01-01,3.5731068216096546
2024-01-02,3.5864294489186115
2024-01-03,3.6515454732842016
2024-01-04,3.6835589972687077
2024-01-05,3.592158767479166
2024-01-06,3.655727250198342
2024-01-07,3.515769666379115
2024-01-08,3.639705317337331
2024-01-09,3.6110351212955076
2024-01-10,3.6007809422435586
2024-01-11,3.622724068002004
2024-01-12,3.6530721586192385
2024-01-13,3.6342551206712335
2024-01-14,3.627274147517255
2024-01-15,3.659157069286883
2024-01-16,3.659232116881704
2024-01-17,3.577732752997349
2024-01-18,3.638505061757622
2024-01-19,3.6291364660811944
2024-01-20,3.517857008038328
2024-01-21,3.566158895037391
2024-01-22,3.561716435671158
2024-01-23,3.581315103097803
2024-01-24,3.611796570091049
2024-01-25,3.656537211505138
2024-01-26,3.612028862001454
2024-01-27,3.5951550844581517
2024-01-28,3.615681762147811
2024-01-29,3.6396073398945594
2024-01-30,3.578088818051707
2024-01-31,3.61058388990418
2024-02-01,3.639118739752784
2024-02-02,3.576832706949732
2024-02-03,3.6058669934235996
2024-02-04,3.6445273254753694
2024-02-05,3.4112921004313326
2024-02-06,3.390737249570451
2024-02-07,3.4879110323526645
2024-02-08,3.4763667232778976
2024-02-09,3.5040681749008584
2024-02-10,3.502273653695662
2024-02-11,3.444057406954735
2024-02-12,3.5721975211727197
2024-02-13,3.550602333044696
2024-02-14,3.4904063004368306
2024-02-15,3.555699793152898
2024-02-16,3.503538601897586
2024-02-17,3.4867224378674058
2024-02-18,3.4759499369515647
2024-02-19,3.53608797713994
2024-02-20,3.642566469130872
2024-02-21,3.628201374094719
2024-02-22,3.639066720310738
2024-02-23,3.5683577673378477
2024-02-24,3.5280647025804406
2024-02-25,3.5819579364201513
2024-02-26,3.6183700377840595
2024-02-27,3.6122620462493136
2024-02-28,3.6571057159050047
2024-02-29,3.6202469276812015
2024-03-01,3.566903272814328
2024-03-02,3.5731653195061495
2024-03-03,3.595054523415255
2024-03-04,3.571572356249417
2024-03-05,3.5352350975725573
2024-03-06,3.577598187911089
2024-03-07,3.568371990951182
2024-03-08,3.622770392350361
2024-03-09,3.6399424684599713
2024-03-10,3.581673475061929
2024-03-11,3.6061711974598505
2024-03-12,3.580047471858845
2024-03-13,3.5795263556079084
2024-03-14,3.5496915420792887
2024-03-15,3.5717319342416136
2024-03-16,3.492085250799182
2024-03-17,3.541918008674226
2024-03-18,3.5411630197309316
2024-03-19,3.54530551768283
2024-03-20,3.5609534996945107
2024-03-21,3.5496263497744307
2024-03-22,3.548553931167341
2024-03-23,3.481523414209233
2024-03-24,3.4886713756978924
2024-03-25,3.573216540529901
2024-03-26,3.6262315966872634
2024-03-27,3.611226369865985
2024-03-28,3.5863323051206777
2024-03-29,3.5726678406948214
2024-03-30,3.552006132439414
2024-03-31,3.520351785639483
2024-04-01,3.5919458573952268
2024-04-02,3.610209310828165
2024-04-03,3.609920914627968
2024-04-04,3.647699219876597
2024-04-05,3.5509568464287207
2024-04-06,3.6296211505595775
2024-04-07,3.6503990622515863
2024-04-08,3.5176806140747017
2024-04-09,3.5446310125346843
2024-04-10,3.6146546256094383
2024-04-11,3.6104564695214156
2024-04-12,3.6297288745241096
2024-04-13,3.60617876183357
2024-04-14,3.613867807549887
2024-04-15,3.607773085398115
2024-04-16,3.5704618015233227
2024-04-17,3.6010939920854907
2024-04-18,3.6098976638151132
2024-04-19,3.5472859697989314
2024-04-20,3.558138174204577
2024-04-21,3.522835392016686
2024-04-22,3.550428244163454
2024-04-23,3.6103144182929245
2024-04-24,3.603978822469766
2024-04-25,3.5854228124417005
2024-04-26,3.483376854867718
2024-04-27,3.510407788693984
2024-04-28,3.529648470020979
2024-04-29,3.467133674172698
2024-04-30,3.4920449051547373
2024-05-01,3.5611443849987547
2024-05-02,3.567422976652878
2024-05-03,3.558432500230721
2024-05-04,3.5310588501675273
2024-05-05,3.54745623384411
2024-05-06,3.5532943420783916
2024-05-07,3.601058275005479
2024-05-08,3.6060718282764195
2024-05-09,3.565189685830952
2024-05-10,3.56804083771762
2024-05-11,3.5111347815938077
2024-05-12,3.489568456916272
2024-05-13,3.531929150090633
2024-05-14,3.6155143884997165
2024-05-15,3.5690302355767107
2024-05-16,3.5074063024319457
2024-05-17,3.542622722946033
2024-05-18,3.469779593668929
2024-05-19,3.5574338424971996
2024-05-20,3.6125190154037337
2024-05-21,3.572763379439067
2024-05-22,3.523933473990813
2024-05-23,3.566164889860191
2024-05-24,3.520708482025052
2024-05-25,3.4849504577623334
2024-05-26,3.4889941633532273
2024-05-27,3.5589686003965615
2024-05-28,3.515418229768696
2024-05-29,3.576554239626326
2024-05-30,3.5928574139004863
2024-05-31,3.5816233446541625
2024-06-01,3.5228204346788403
2024-06-02,3.5240313813989252
2024-06-03,3.562640875617947
2024-06-04,3.505078123614204
2024-06-05,3.4984558496675877
2024-06-06,3.4257641632140623
2024-06-07,3.4399662187430935
2024-06-08,3.450778352925599
2024-06-09,3.4719255827575006
2024-06-10,3.512904139751366
2024-06-11,3.565046847079296
2024-06-12,3.513089428960706
2024-06-13,3.481741484943274
2024-06-14,3.45759163971331
2024-06-15,3.4439401078883343
2024-06-16,3.5237989033882564
2024-06-17,3.614430472161735
2024-06-18,3.544643962962601
2024-06-19,3.5002315302566744
2024-06-20,3.5839052975249124
2024-06-21,3.531442617782548
2024-06-22,3.4905711252925196
2024-06-23,3.5306714933214396
2024-06-24,3.479241220742234
2024-06-25,3.640846685351573
2024-06-26,3.5793844681317686
2024-06-27,3.547448148877732
2024-06-28,3.557828534044966
2024-06-29,3.4583959640270923
2024-06-30,3.517377462961371
2024-07-01,3.525909407883351
2024-07-02,3.5910273726959137
2024-07-03,3.5762300646351495
2024-07-04,3.483596470626184
2024-07-05,3.446018632219658
2024-07-06,3.3834201939433326
2024-07-07,3.381117755171034
2024-07-08,3.4352223523084158
2024-07-09,3.477371905325658
2024-07-10,3.547647873698495
2024-07-11,3.503357769701578
2024-07-12,3.505207532195425
2024-07-13,3.4474752443573577
2024-07-14,3.486306619594173
2024-07-15,3.511531906661181
2024-07-16,3.507288685413688
2024-07-17,3.402075433075398
2024-07-18,3.366669467179689
2024-07-19,3.492270219986317
2024-07-20,3.5586938151004834
2024-07-21,3.5005652217228005
2024-07-22,3.518946220030844
2024-07-23,3.5469170154087353
2024-07-24,3.5759107456978216
2024-07-25,3.587369550217636
2024-07-26,3.5664947098127833
2024-07-27,3.5596611133286378
2024-07-28,3.538099811046873
2024-07-29,3.6042749220984067
2024-07-30,3.6054813305030406
2024-07-31,3.6771242628076672
2024-08-01,3.6366211033259463
2024-08-02,3.620568345999086
2024-08-03,3.5977435489996914
2024-08-04,3.713729853315293
2024-08-05,3.6383028593169042
2024-08-06,3.6285689129332277
2024-08-07,3.6486982100660272
2024-08-08,3.6084850366321057
2024-08-09,3.6674117055116895
2024-08-10,3.6215989683406447
2024-08-11,3.5673912555869864
2024-08-12,3.60951849741486
2024-08-13,3.576117470064337
2024-08-14,3.5771823203460285
2024-08-15,3.509564430385625
2024-08-16,3.5721610664330474
2024-08-17,3.606799466637786
2024-08-18,3.517795828142452
2024-08-19,3.585272222075211
2024-08-20,3.5366953208834273
2024-08-21,3.552858541650695
2024-08-22,3.5805792005314205
2024-08-23,3.5356145231166933
2024-08-24,3.5768065749794156
2024-08-25,3.5238341914042812
2024-08-26,3.560120398799744
2024-08-27,3.565411225176349
2024-08-28,3.5939781738789502
2024-08-29,3.5523813528298853
2024-08-30,3.543157485798569
2024-08-31,3.4089406796745125
2024-09-01,3.547456489932237
2024-09-02,3.552256983965903
2024-09-03,3.5757658062568534
2024-09-04,3.5190908579586733
2024-09-05,3.5592712426749498
2024-09-06,3.5668339766410666
2024-09-07,3.414418677567248
2024-09-08,3.4003609329342943
2024-09-09,3.5973129872225824
2024-09-10,3.6064111888721264
2024-09-11,3.5698481378198865
2024-09-12,3.524817037695333
2024-09-13,3.531164121722879
2024-09-14,3.4272636011958313
2024-09-15,3.44950377729291
2024-09-16,3.4631772086964023
2024-09-17,3.4990779506491747
2024-09-18,3.5407244444453188
2024-09-19,3.5526564538553886
2024-09-20,3.526836711619271
2024-09-21,3.4608948252104086
2024-09-22,3.6059358486054482
2024-09-23,3.471467952118818
2024-09-24,3.564971958393967
2024-09-25,3.5764069051015586
2024-09-26,3.507894498581848
2024-09-27,3.506816932457239
2024-09-28,3.477108220312482
2024-09-29,3.422566764483033
2024-09-30,3.4812907311103434
2024-10-01,3.5621184115348057
2024-10-02,3.470467072153694
2024-10-03,3.5552218812236243
2024-10-04,3.5749040301191712
2024-10-05,3.5202431382133077
2024-10-06,3.48426988506411
2024-10-07,3.4812958749852942
2024-10-08,3.55529745650972
2024-10-09,3.548044580782387
2024-10-10,3.4566375490125645
2024-10-11,3.4104703918122645
2024-10-12,3.407115560976225
2024-10-13,3.4476254413266565
2024-10-14,3.5382335761867476
2024-10-15,3.571665711617575
2024-10-16,3.5640339456862273
2024-10-17,3.5780357749385265
2024-10-18,3.5075924205382907
2024-10-19,3.452077610550626
2024-10-20,3.483444933580713
2024-10-21,3.5390007978404965
2024-10-22,3.5754121153511407
2024-10-23,3.566668333086918
2024-10-24,3.510801523790815
2024-10-25,3.5317167761598096
2024-10-26,3.5557077923707827
2024-10-27,3.546409441110065
2024-10-28,3.5868915517718163
2024-10-29,3.5337858906920827
2024-10-30,3.5406789189530423
2024-10-31,3.5266279562371396
2024-11-01,3.502841479743251
2024-11-02,3.516122879448036
2024-11-03,3.5321653693733572
2024-11-04,3.486809424150291
2024-11-05,3.5530534942233514
2024-11-06,3.477492270775823
2024-11-07,3.5248058089727397
2024-11-08,3.449659383341376
2024-11-09,3.459572419873804
2024-11-10,3.3977116760953434
2024-11-11,3.460478644768423
2024-11-12,3.5421992311758967
2024-11-13,3.5521577865689182
2024-11-14,3.5238722413535877
2024-11-15,3.535774167908083
2024-11-16,3.515767554028084
2024-11-17,3.508490213344637
2024-11-18,3.558233742778864
2024-11-19,3.5146918867237864
2024-11-20,3.530000947397062
2024-11-21,3.5862721552383143
2024-11-22,3.6604699960423632
2024-11-23,3.5544846154158822
2024-11-24,3.5859473055484745
2024-11-25,3.549511879811099
2024-11-26,3.5961502787895303
2024-11-27,3.6312986306989985
2024-11-28,3.6193217185779303
2024-11-29,3.6370186325098244
2024-11-30,3.548811484755149
2024-12-01,3.5219350117668746
2024-12-02,3.536010912316568
2024-12-03,3.5473141116392513
2024-12-04,3.5397996478275275
2024-12-05,3.534481821503103
2024-12-06,3.5656514102306067
2024-12-07,3.469502512238466
2024-12-08,3.469031056950302
2024-12-09,3.5084798443361787
2024-12-10,3.526925001728305
2024-12-11,3.5800691106031746
2024-12-12,3.539856960246948
2024-12-13,3.55065321416748
2024-12-14,3.4676203318068017
2024-12-15,3.513374437468671
2024-12-16,3.5000269822601053
2024-12-17,3.6062902160519372
2024-12-18,3.61356243500681
2024-12-19,3.610680735847506
2024-12-20,3.5907596306908784
2024-12-21,3.6110547927284333
2024-12-22,3.5642237273563673
2024-12-23,3.523936423005319
2024-12-24,3.5366304730684806
2024-12-25,3.350045224738257
2024-12-26,3.548024165240112
2024-12-27,3.5444875109056415
2024-12-28,3.543115533425703
2024-12-29,3.4877932448166744
2024-12-30,3.5591384858009985
2024-12-31,3.542687115243238
2025-01-01,3.4657600918959055
2025-01-02,3.6276645400303775
2025-01-03,3.6671348313634122
2025-01-04,3.61939397876708
2025-01-05,3.5457840123459134
2025-01-06,3.6404320193763313
2025-01-07,3.611352144627708
2025-01-08,3.594693909018114
2025-01-09,3.608143870486443
2025-01-10,3.6274215843117306
2025-01-11,3.550188636123262
2025-01-12,3.5446394629477127
2025-01-13,3.58804038054355
2025-01-14,3.587845557440498
2025-01-15,3.5802528780535217
2025-01-16,3.542597312539711
2025-01-17,3.5719437179350315
2025-01-18,3.5330833327349067
2025-01-19,3.561440238425726
2025-01-20,3.521279038421696
2025-01-21,3.4921301126167608
2025-01-22,3.5430133051802226
2025-01-23,3.6140387632365516
2025-01-24,3.677197626271681
2025-01-25,3.579305895064946
2025-01-26,3.5562922885234625
2025-01-27,3.5664691404122153
2025-01-28,3.515003835025914
2025-01-29,3.592700087135026
2025-01-30,3.5526805021603773
2025-01-31,3.545615488105906
2025-02-01,3.5339020513045765
2025-02-02,3.511329795070636
2025-02-03,3.483007916198202
2025-02-04,3.5782399535603795
2025-02-05,3.5768606524070186
2025-02-06,3.581399358743372
2025-02-07,3.5398133296725387
2025-02-08,3.5921812157395645
2025-02-09,3.559072678808501
2025-02-10,3.56640187434704
2025-02-11,3.586182028137023
2025-02-12,3.5791472956441424
2025-02-13,3.557424362369947
2025-02-14,3.536781378921704
2025-02-15,3.4917946231177126
2025-02-16,3.4858329560549404
2025-02-17,3.493119558696259
2025-02-18,3.5547149624003604
2025-02-19,3.597447717505546
2025-02-20,3.53843759183145
2025-02-21,3.5485734102136157
2025-02-22,3.4684866914294012
2025-02-23,3.5511322486927357
2025-02-24,3.573158560301577
2025-02-25,3.5947559868729804
2025-02-26,3.525067492723117
2025-02-27,3.439950390897968
2025-02-28,3.4398096648021563
2025-03-01,3.2894714866048678
2025-03-02,3.1742064610877696
2025-03-03,3.3570470999115267
2025-03-04,3.5380253657413254
2025-03-05,3.5202447822082337
2025-03-06,3.530738546572864
2025-03-07,3.569436096075977
2025-03-08,3.4749062959333963
2025-03-09,3.5897255242547237
2025-03-10,3.535232947479791
2025-03-11,3.507875510672921
2025-03-12,3.583385675967394
2025-03-13,3.565210831417357
2025-03-14,3.5041136668704307
2025-03-15,3.5088325170730728
2025-03-16,3.483804756212488
2025-03-17,3.494683769446677
2025-03-18,3.475017098640033
2025-03-19,3.5462818760811228
2025-03-20,3.57698949350637
2025-03-21,3.5751842369206193
2025-03-22,3.5439691656305756
2025-03-23,3.5442721859132686
2025-03-24,3.6019006655367973
2025-03-25,3.546679279937696
2025-03-26,3.584759873729821
2025-03-27,3.4976475502426925
2025-03-28,3.5286786668891508
2025-03-29,3.4570675168064
2025-03-30,3.516909919370601
2025-03-31,3.536490358603327
2025-04-01,3.5930691494345868
2025-04-02,3.567481055152554
2025-04-03,3.591746507419798
2025-04-04,3.6044868042903895
2025-04-05,3.4795909364482696
2025-04-06,3.5825184072114022
2025-04-07,3.5417727010699838
2025-04-08,3.5568850731353896
2025-04-09,3.514401505230441
2025-04-10,3.5196912077612015
2025-04-11,3.4965644258025796
2025-04-12,3.5075011179820104
2025-04-13,3.5832164311856882
2025-04-14,3.616445026920749
2025-04-15,3.526763282872451
2025-04-16,3.5833366647145857
2025-04-17,3.5340995985430554
2025-04-18,3.4741696870623158
2025-04-19,3.4924575759454974
2025-04-20,3.496686543693398
2025-04-21,3.3692368919420885
2025-04-22,3.446246526387325
2025-04-23,3.3395600994734167
2025-04-24,3.4420597644387314
2025-04-25,3.5422598300957238
2025-04-26,3.272344303819952
2025-04-27,3.398397142535984
2025-04-28,3.512628659294083
2025-04-29,3.489490601750776
2025-04-30,3.4944034527999412
2025-05-01,3.4833628310319638
2025-05-02,3.5635937992476325
2025-05-03,3.5318323790803783
2025-05-04,3.5985979110102715
2025-05-05,3.5114980841870014
2025-05-06,3.558144271551445
2025-05-07,3.523366477946607
2025-05-08,3.504112963948061
2025-05-09,3.4827397229372177
2025-05-10,3.438491885252458
2025-05-11,3.4615119404590136
2025-05-12,3.566570405325988
2025-05-13,3.5554882947060125
2025-05-14,3.5676960770976947
2025-05-15,3.562163252909155
2025-05-16,3.529942570862073
2025-05-17,3.4984054942402625
2025-05-18,3.4659202469644255
2025-05-19,3.494572821233429
2025-05-20,3.6398495631331858
2025-05-21,3.591860418528396
2025-05-22,3.6023777169501345
2025-05-23,3.5259412283236187
2025-05-24,3.5552192382823424
2025-05-25,3.5241006376614417
2025-05-26,3.4825682485606206
2025-05-27,3.5620265053438827
2025-05-28,3.5698529649597006
2025-05-29,3.620134722769763
2025-05-30,3.613906947682398
2025-05-31,3.5209836076085455
2025-06-01,3.5286736465942834
2025-06-02,3.576805393158446
2025-06-03,3.6745862091451666
2025-06-04,3.643847180571607
2025-06-05,3.538998136962895
2025-06-06,3.6430657914535485
2025-06-07,3.466495931979348
2025-06-08,3.5636445903285683
2025-06-09,3.54521505454313
2025-06-10,3.6355741581350447
2025-06-11,3.6153601319875444
2025-06-12,3.538164981381815
2025-06-13,3.476239305082357
2025-06-14,3.412770943828425
2025-06-15,3.0186332403071923
2025-06-16,2.7714645900619166
2025-06-17,2.8581157843701472
2025-06-18,3.0679348587418107
2025-06-19,2.672399104556455
2025-06-20,3.5132696895151088
2025-06-21,2.7977214494095852
2025-06-22,3.3565334863290435
2025-06-23,3.1800365325772657
2025-06-24,3.506350781995705
2025-06-25,3.4000050064597604
2025-06-26,2.966573407560436
2025-06-27,2.2441228786573792
2025-06-28,3.1000344437018437
2025-06-29,2.8573145791908807
2025-06-30,2.97182038756503
2025-07-01,2.915411241935
2025-07-02,3.576731459328547
2025-07-03,3.617091703299333
2025-07-04,3.5795006394829256
2025-07-05,3.5163359315819074
2025-07-06,3.551291953626216
2025-07-07,3.524101961982432
2025-07-08,3.3928242346804574
2025-07-09,3.5353624363604106
2025-07-10,3.529990362522407
2025-07-11,3.5041669510752054
2025-07-12,3.513223478113754
2025-07-13,3.4819925905418714
2025-07-14,3.4367391962494622
2025-07-15,3.522500659241173
2025-07-16,3.6467783447609876
2025-07-17,3.527621603252183
2025-07-18,3.589884163131623
2025-07-19,3.554864249540513
2025-07-20,3.5614358507296315
2025-07-21,3.553686725890705
2025-07-22,3.59904704986693
2025-07-23,3.557074999312314
2025-07-24,3.57721241991579
2025-07-25,3.5122455188414636
2025-07-26,3.449455640186122
2025-07-27,3.4577428281547906
2025-07-28,3.5317002797574024
2025-07-29,3.5106635525209584
2025-07-30,3.522149393503061
2025-07-31,3.586103855103609
2025-08-01,3.6360006009933694
2025-08-02,3.597612290161976
2025-08-03,3.5939943966850167
2025-08-04,3.6301155336432
2025-08-05,3.5637477052780557
2025-08-06,3.5549921994842064
2025-08-07,3.520814336623934
2025-08-08,3.5816573876759654
2025-08-09,3.4951719889156996
2025-08-10,3.5382064678464697
2025-08-11,3.573690883883547
2025-08-12,3.5325256870645476
2025-08-13,3.6002277121253616
2025-08-14,3.437681431219695
2025-08-15,3.5048069333914342
2025-08-16,3.505736497437816
2025-08-17,3.3853563454237396
2025-08-18,3.43640702801422
2025-08-19,3.544887405733496
2025-08-20,3.592284400061578
2025-08-21,3.5958850666004976
2025-08-22,3.579275269569823
2025-08-23,3.5635400623241833
2025-08-24,3.5103706230695764
2025-08-25,3.608201991980853
2025-08-26,3.52026921576128
2025-08-27,3.600412226170127
2025-08-28,3.5655951672904656
2025-08-29,3.6059680805427257
2025-08-30,3.56296441080403
2025-08-31,3.5921279264991406
2025-09-01,3.573326211945042
2025-09-02,3.529661334870486
2025-09-03,3.5290355693947686
2025-09-04,3.5612030104854724
2025-09-05,3.5609223067205824
2025-09-06,3.616921118966659
2025-09-07,3.496318719681178
2025-09-08,3.4235498962748334
2025-09-09,3.5401168387628585
2025-09-10,3.4275725114004536
2025-09-11,3.455456650723518
2025-09-12,3.4766450602015704
2025-09-13,3.5376932219894415
2025-09-14,3.542904041520915
2025-09-15,3.5165344790014825
2025-09-16,3.4405129611869887
2025-09-17,3.4102896278558577
2025-09-18,3.393832767005408
2025-09-19,3.526401580644768
2025-09-20,3.4429797424466155
2025-09-21,3.503482435566742
2025-09-22,3.4790706943939718
2025-09-23,3.4982229628972035
2025-09-24,3.5618835784702902
2025-09-25,3.5166279077668263
2025-09-26,3.5490767738146887
2025-09-27,3.396702034634516
2025-09-28,3.4776533300743364
2025-09-29,3.5628927200097555
2025-09-30,3.4976019994892513
2025-10-01,3.5202383022354824
2025-10-02,3.542890436547697
2025-10-03,3.593072305232048
2025-10-04,3.614629856907438
2025-10-05,3.5936391396264775
2025-10-06,3.5873167039265303
2025-10-07,3.643369372674734
2025-10-08,3.5677834066587555
2025-10-09,3.4729234754803424
2025-10-10,3.5330950777641505
2025-10-11,3.50402031586469
2025-10-12,3.500285902522566
2025-10-13,3.5129419045020476
2025-10-14,3.568834690556109
2025-10-15,3.5991981645149766
2025-10-16,3.5731364254654268
2025-10-17,3.561470177107826
2025-10-18,3.486688890610841
2025-10-19,3.558841602529049
2025-10-20,3.5403371566458963
2025-10-21,3.6057476373947903
2025-10-22,3.5058845652006325
2025-10-23,3.53627432294463
2025-10-24,3.586143195497625
2025-10-25,3.612578238426684
2025-10-26,3.5629682852397173
2025-10-27,3.493288785180726
2025-10-28,3.5706745780472406
2025-10-29,3.529776236071691
2025-10-30,3.5579006762208034
2025-10-31,3.5841605457157337
2025-11-01,3.5122454347865815
2025-11-02,3.565545600888372
2025-11-03,3.587432438532479
2025-11-04,3.5809845208526694
2025-11-05,3.6069997003565315
2025-11-06,3.578962446071981
2025-11-07,3.5879147100484037
2025-11-08,3.4981483118475287
2025-11-09,3.4753078308408547
2025-11-10,3.5902214386863984
2025-11-11,3.5675282225907057
2025-11-12,3.5439567607041913
2025-11-13,3.59267527080943
2025-11-14,3.5635310126065307
2025-11-15,3.5629264362725768
2025-11-16,3.580224481080168
2025-11-17,3.611786281802658
2025-11-18,3.573975304133737
2025-11-19,3.6227490137526632
2025-11-20,3.6053370821559168
2025-11-21,3.5165968899476256
2025-11-22,3.452437441516499
2025-11-23,3.405834415877005
2025-11-24,3.5579040383227496
2025-11-25,3.5322543763749503
2025-11-26,3.6081960901233114
2025-11-27,3.5744713741555376
2025-11-28,3.609484564552185
2025-11-29,3.584022462778089
2025-11-30,3.5930124635667897
2025-12-01,3.5848975965951455
2025-12-02,3.5831034010551837
2025-12-03,3.521958126269991
2025-12-04,3.5251182059845494
2025-12-05,3.543574026478991
2025-12-06,3.4944723693761306
2025-12-07,3.521984015364001
2025-12-08,3.4307471408583137
2025-12-09,3.5307484517008207
2025-12-10,3.506699469310579
2025-12-11,3.5345328849247393
2025-12-12,3.563922868257581
2025-12-13,3.4930488146078496
2025-12-14,3.5858620762421767
2025-12-15,3.6315361756994666
2025-12-16,3.6343126902164418
2025-12-17,3.6070282888253598
2025-12-18,3.599059364572713
2025-12-19,3.583224613638177
2025-12-20,3.555051254015575
2025-12-21,3.566832161077718
2025-12-22,3.5879949788296264
2025-12-23,3.6726234801992415
2025-12-24,3.611845507431014
2025-12-25,3.402416701727968
2025-12-26,3.561707474489256
2025-12-27,3.606724100310818
2025-12-28,3.5073525451644243
2025-12-29,3.482849165281457
2025-12-30,3.5324747350506644
2025-12-31,3.574807501464484
