date,value
2015-02-18,-2.345611805780131
2015-02-19,-2.8033406349555263
2015-02-20,-2.296340225932685
2015-02-21,-2.1802993760196485
2015-02-22,-1.8596880705426064
2015-02-23,-1.672819118284215
2015-02-24,-1.3850567749694191
2015-02-25,-1.655841839164454
2015-02-26,-2.963786449409898
2015-02-27,-2.81929159196103
2015-02-28,-2.198647856480831
2015-03-01,-2.121728424981382
2015-03-02,-1.921925085099498
2015-03-03,-2.0428492403258036
2015-03-04,-2.169284318453738
2015-03-05,-2.3688087312065655
2015-03-06,-2.6043874592003764
2015-03-07,-1.9732374595173696
2015-03-08,-1.6895679729208672
2015-03-09,-1.6802900468282573
2015-03-10,-1.93644831884167
2015-03-11,-2.001458771064954
2015-03-12,-2.2490918934156805
2015-03-13,-2.197289610175163
2015-03-14,-1.8263775572560619
2015-03-15,-1.7973188562041975
2015-03-16,-1.629753270502956
2015-03-17,-1.8142827443537857
2015-03-18,-1.8477630828136784
2015-03-19,-2.0787775694225687
2015-03-20,-1.6404208195051857
2015-03-21,-1.3637606826087374
2015-03-22,-1.7657290080919876
2015-03-23,-2.0183408581473166
2015-03-24,-2.2702408503082085
2015-03-25,-2.3375918803088793
2015-03-26,-2.4376846856613943
2015-03-27,-2.4781159939057176
2015-03-28,-2.0364631185723594
2015-03-29,-2.006231705282968
2015-03-30,-2.11049199799848
2015-03-31,-2.179942501964327
2015-04-01,-2.0444582644212868
2015-04-02,-1.6353751915612253
2015-04-03,-0.9202410256364221
2015-04-04,-0.9170617665208182
2015-04-05,-1.3034359246024128
2015-04-06,-1.6280848817670672
2015-04-07,-2.0843145762547364
2015-04-08,-2.1065756841044774
2015-04-09,-1.8760817190601733
2015-04-10,-2.0269625208025577
2015-04-11,-2.1576103682359418
2015-04-12,-2.3228569056982193
2015-04-13,-2.513539548201601
2015-04-14,-2.1617286419037303
2015-04-15,-1.9011049335736534
2015-04-16,-1.8500096759756792
2015-04-17,-2.327827819773969
2015-04-18,-2.6135763296192684
2015-04-19,-2.5338947866900385
2015-04-20,-2.615705350028056
2015-04-21,-2.7779324368728617
2015-04-22,-2.397026946719208
2015-04-23,-2.039180040535381
2015-04-24,-1.9530651500567826
2015-04-25,-1.8568402935247879
2015-04-26,-1.9281304024770434
2015-04-27,-1.9045695995088694
2015-04-28,-2.097945728127812
2015-04-29,-2.0579310061252984
2015-04-30,-2.5924912544125136
2015-05-01,-2.5420201099177295
2015-05-02,-2.3565615131665187
2015-05-03,-2.042879744066245
2015-05-04,-2.012255018746365
2015-05-05,-1.758689497769667
2015-05-06,-1.8862142756430516
2015-05-07,-2.1255356879328007
2015-05-08,-2.602529713178878
2015-05-09,-2.425612414449505
2015-05-10,-2.1236484370423985
2015-05-11,-2.307079478855401
2015-05-12,-1.851124000733959
2015-05-13,-2.0575867974790247
2015-05-14,-1.785795478731853
2015-05-15,-2.0905871787346264
2015-05-16,-2.367448435687658
2015-05-17,-2.3033022058272046
2015-05-18,-2.2292993031529473
2015-05-19,-2.1989920239537413
2015-05-20,-1.7292098685370973
2015-05-21,-1.9934264342389227
2015-05-22,-1.9369387498910289
2015-05-23,-1.845708382519443
2015-05-24,-1.6349220298371898
2015-05-25,-2.336384236893541
2015-05-26,-2.6224706035358505
2015-05-27,-2.103291455457833
2015-05-28,-1.9422127601249026
2015-05-29,-2.5934391371842014
2015-05-30,-1.9923395430137498
2015-05-31,-1.9496726290021076
2015-06-01,-2.5222071738959326
2015-06-02,-2.4392896470217518
2015-06-03,-2.127556594455222
2015-06-04,-2.048787571906036
2015-06-05,-1.76026019001912
2015-06-06,-1.993952564091634
2015-06-07,-2.036751960351483
2015-06-08,-2.1242536535546512
2015-06-09,-1.9463860508259339
2015-06-10,-1.847727821177104
2015-06-11,-2.5366149238956868
2015-06-12,-2.1595819803904277
2015-06-13,-2.0258930224612826
2015-06-14,-1.854185177780279
2015-06-15,-1.925936625807315
2015-06-16,-2.6625748772143405
2015-06-17,-2.1770730598511374
2015-06-18,-2.143289970414925
2015-06-19,-2.0450833115906595
2015-06-20,-2.515878459851294
2015-06-21,-1.9439137231477992
2015-06-22,-1.7319495540585783
2015-06-23,-1.8168432161932087
2015-06-24,-1.9159152392446814
2015-06-25,-1.6511954985207522
2015-06-26,-2.0861421582722492
2015-06-27,-2.1782435799788646
2015-06-28,-1.829390382058724
2015-06-29,-1.7959170854246784
2015-06-30,-1.655114673113606
2015-07-01,-1.4873919450042838
2015-07-02,-1.4484795586233297
2015-07-03,-1.3470936923765424
2015-07-04,-1.765856686649641
2015-07-05,-1.5378620575153557
2015-07-06,-1.9618881042464837
2015-07-07,-1.8904709417462613
2015-07-08,-2.0610038268931974
2015-07-09,-1.761928416887914
2015-07-10,-1.9413523513918727
2015-07-11,-2.170789717214711
2015-07-12,-1.6677170916706694
2015-07-13,-1.7672278586952845
2015-07-14,-0.8854993952657787
2015-07-15,-0.9517430958386669
2015-07-16,-1.197746737015534
2015-07-17,-1.281394036443092
2015-07-18,-1.275085213597621
2015-07-19,-1.335290134917177
2015-07-20,-1.322051929164331
2015-07-21,-1.4852585470507307
2015-07-22,-1.6212189876779122
2015-07-23,-1.6872362818764883
2015-07-24,-1.558862199296522
2015-07-25,-1.8003732058418165
2015-07-26,-1.8920190394028034
2015-07-27,-1.9097450387414077
2015-07-28,-2.0042357238419073
2015-07-29,-1.5624037333454817
2015-07-30,-1.7652606576467003
2015-07-31,-1.568686858707827
2015-08-01,-1.6540989043342562
2015-08-02,-1.676315420615781
2015-08-03,-1.7214552484810197
2015-08-04,-1.393532489470847
2015-08-05,-1.608117006540466
2015-08-06,-2.27927998944735
2015-08-07,-2.35075932232412
2015-08-08,-2.1655823172622197
2015-08-09,-2.196646703392735
2015-08-10,-2.176314921312079
2015-08-11,-1.9272431384780406
2015-08-12,-2.021205732513238
2015-08-13,-2.001895094332543
2015-08-14,-1.7434782560864774
2015-08-15,-1.89997735379286
2015-08-16,-1.968378010960427
2015-08-17,-1.8113667842814445
2015-08-18,-1.7333121073906113
2015-08-19,-1.7920720959155072
2015-08-20,-1.9317747009784432
2015-08-21,-1.8690966604249244
2015-08-22,-1.8085544946073018
2015-08-23,-1.6900333361602191
2015-08-24,-1.7967785545770598
2015-08-25,-1.6643001942404636
2015-08-26,-2.1242257390149626
2015-08-27,-1.8907893185712903
2015-08-28,-1.8422008669255394
2015-08-29,-1.8061151190730957
2015-08-30,-2.1838390535597516
2015-08-31,-2.1197799967073294
2015-09-01,-1.7239056635445762
2015-09-02,-1.3939785001647271
2015-09-03,-1.4516551614642033
2015-09-04,-1.603849019452513
2015-09-05,-1.3195189936651321
2015-09-06,-1.4264567029777018
2015-09-07,-1.5163704019199975
2015-09-08,-1.8724011472963944
2015-09-09,-1.7040821875009642
2015-09-10,-1.9200312363304555
2015-09-11,-1.79314335062761
2015-09-12,-1.8491397558473122
2015-09-13,-2.125760218168568
2015-09-14,-1.8326107752145804
2015-09-15,-1.9278479742299566
2015-09-16,-1.5370985526236511
2015-09-17,-1.8129380541862432
2015-09-18,-2.050670988566843
2015-09-19,-1.8878979349742304
2015-09-20,-1.5309463016701996
2015-09-21,-1.6448392568758614
2015-09-22,-1.6724747777451843
2015-09-23,-1.7104046297082676
2015-09-24,-2.7547261763614017
2015-09-25,-3.072403302982808
2015-09-26,-3.184011698265308
2015-09-27,-3.0753342100366425
2015-09-28,-3.165044474560561
2015-09-29,-2.7492764195429533
2015-09-30,-3.040908774127405
2015-10-01,-3.377808278568978
2015-10-02,-3.1414159747626087
2015-10-03,-3.137194793623646
2015-10-04,-3.2218250456798136
2015-10-05,-2.6899470511829553
2015-10-06,-2.3973556285863458
2015-10-07,-2.6581482858616114
2015-10-08,-2.533472436206179
2015-10-09,-3.002531229137362
2015-10-10,-2.803287803990147
2015-10-11,-2.5959178467176236
2015-10-12,-3.0227214563324956
2015-10-13,-2.37991364618738
2015-10-14,-2.15711942752845
2015-10-15,-2.2644633846243925
2015-10-16,-2.270261499489793
2015-10-17,-2.517467954011181
2015-10-18,-1.9558498161205031
2015-10-19,-2.1562499598194558
2015-10-20,-2.260648577842891
2015-10-21,-2.346841302535343
2015-10-22,-1.488336902873812
2015-10-23,-2.1081991992098206
2015-10-24,-2.415864830857949
2015-10-25,-2.3671305950192107
2015-10-26,-2.262281263263489
2015-10-27,-2.0546330476369725
2015-10-28,-1.771535763783413
2015-10-29,-1.9283674803606212
2015-10-30,-2.6266832095401895
2015-10-31,-2.5412852404101285
2015-11-01,-2.2490503393658248
2015-11-02,-2.4673307060568006
2015-11-03,-2.7359414233422523
2015-11-04,-2.8093712380748683
2015-11-05,-2.8921616057093678
2015-11-06,-2.510916312013997
2015-11-07,-1.704536129883795
2015-11-08,-1.8335593898679448
2015-11-09,-2.0365011364255703
2015-11-10,-2.1432542238705
2015-11-11,-2.062645610253424
2015-11-12,-2.2165966868939053
2015-11-13,-2.3312017671924536
2015-11-14,-3.620365730789965
2015-11-15,-3.167521837898077
2015-11-16,-3.02038831432979
2015-11-17,-2.7327786087225943
2015-11-18,-2.3091019962689505
2015-11-19,-2.556937591946215
2015-11-20,-2.60871865078641
2015-11-21,-1.9583858616872432
2015-11-22,-2.4903560813685277
2015-11-23,-1.9650762338391563
2015-11-24,-1.7138084155120035
2015-11-25,-2.263815583395518
2015-11-26,-1.9499593807386133
2015-11-27,-2.302536651144913
2015-11-28,-2.5877644903064225
2015-11-29,-2.2607851834650616
2015-11-30,-1.971155177798291
2015-12-01,-2.3670538858444097
2015-12-02,-2.475321779955273
2015-12-03,-2.334909061127241
2015-12-04,-2.356224550768909
2015-12-05,-1.9569724428503406
2015-12-06,-2.0037854304424725
2015-12-07,-1.9846159044483154
2015-12-08,-2.154020738800513
2015-12-09,-2.3552589061012914
2015-12-10,-2.590534192414216
2015-12-11,-2.371049036027485
2015-12-12,-2.2757533050054897
2015-12-13,-2.544526277894697
2015-12-14,-2.3920262384448225
2015-12-15,-2.7416974054721512
2015-12-16,-2.4470960539124347
2015-12-17,-2.3823324194576454
2015-12-18,-2.5509457466934715
2015-12-19,-1.901024667802211
2015-12-20,-2.537177147377311
2015-12-21,-2.0885632788941413
2015-12-22,-2.1224532379686125
2015-12-23,-1.9444538827999203
2015-12-24,-2.5175298160863253
2015-12-25,-2.709270025291177
2015-12-26,-2.2992774014569584
2015-12-27,-2.626067765386483
2015-12-28,-2.375078601627835
2015-12-29,-1.9125453755817172
2015-12-30,-2.1917000088242173
2015-12-31,-2.9965036457336396
2016-01-01,-3.3533605238870594
2016-01-02,-4.965495798819931
2016-01-03,-5.73459348792044
2016-01-04,-4.877537212184954
2016-01-05,-4.047440819795405
2016-01-06,-3.783811378130099
2016-01-07,-3.9504733310223763
2016-01-08,-3.6264622494876724
2016-01-09,-3.564691770389008
2016-01-10,-3.8626347416279874
2016-01-11,-3.3327222417087197
2016-01-12,-3.1466643297951906
2016-01-13,-2.527368815161617
2016-01-14,-2.535893340494531
2016-01-15,-2.600682975532593
2016-01-16,-2.65219071373475
2016-01-17,-2.283262583147114
2016-01-18,-2.245908271954114
2016-01-19,-2.2115156864028296
2016-01-20,-2.406015382971961
2016-01-21,-2.456262272074829
2016-01-22,-2.3720494691091294
2016-01-23,-1.62415849462512
2016-01-24,-1.6439236249308264
2016-01-25,-1.5135587275295965
2016-01-26,-1.456563945082404
2016-01-27,-1.7249180866591554
2016-01-28,-1.727889203919819
2016-01-29,-1.887004448436885
2016-01-30,-1.8295946767296007
2016-01-31,-1.6164445712614546
2016-02-01,-1.5960305401576047
2016-02-02,-1.7544146553427937
2016-02-03,-1.917005059622622
2016-02-04,-1.8166966843512669
2016-02-05,-1.9492493388551084
2016-02-06,-1.8628298172114937
2016-02-07,-1.5948852624845407
2016-02-08,-1.4409057141305808
2016-02-09,-1.515306289755472
2016-02-10,-1.439966392140507
2016-02-11,-1.2943465771277065
2016-02-12,-1.736227511405285
2016-02-13,-1.5858002428339695
2016-02-14,-1.4827768242615103
2016-02-15,-1.7334741523829762
2016-02-16,-1.6339432798696751
2016-02-17,-1.6070853948196286
2016-02-18,-1.595942825097673
2016-02-19,-1.7960583398762484
2016-02-20,-1.7096098047095636
2016-02-21,-1.467838343640549
2016-02-22,-1.9180449451702095
2016-02-23,-1.5594048664935074
2016-02-24,-1.7775871176488975
2016-02-25,-2.0988088837502286
2016-02-26,-1.8530638689107197
2016-02-27,-1.535971219607901
2016-02-28,-1.534784192027096
2016-02-29,-1.4448738201836842
2016-03-01,-1.6268343015916475
2016-03-02,-2.0930649031964923
2016-03-03,-2.2064431662039246
2016-03-04,-2.036071129282629
2016-03-05,-1.5426115853512747
2016-03-06,-2.583501342706455
2016-03-07,-2.2056792932850153
2016-03-08,-1.9207863516022357
2016-03-09,-2.009229244097244
2016-03-10,-2.410029205070438
2016-03-11,-2.551175065602521
2016-03-12,-2.5305142110583616
2016-03-13,-2.568097096300613
2016-03-14,-2.465903377456417
2016-03-15,-2.179072235641705
2016-03-16,-2.285704707315228
2016-03-17,-2.429398919666126
2016-03-18,-2.342282567231703
2016-03-19,-2.2094314596995854
2016-03-20,-2.4692457506421417
2016-03-21,-1.8820139765731132
2016-03-22,-2.264987196137724
2016-03-23,-2.661304731032916
2016-03-24,-2.4817941986893226
2016-03-25,-1.8583130282945661
2016-03-26,-1.7167781723789493
2016-03-27,-1.905480968626539
2016-03-28,-1.8572501448509546
2016-03-29,-1.7755372328152126
2016-03-30,-2.119932083317293
2016-03-31,-1.9992785253427778
2016-04-01,-2.414823050688404
2016-04-02,-2.1731478764199816
2016-04-03,-2.866323706827867
2016-04-04,-2.668498252870764
2016-04-05,-2.356872857901298
2016-04-06,-2.407673414230685
2016-04-07,-1.8763378906665074
2016-04-08,-2.18427137007082
2016-04-09,-2.0051457820508105
2016-04-10,-2.139396441710046
2016-04-11,-1.6710325636022503
2016-04-12,-1.6517125983443748
2016-04-13,-1.7938760862428582
2016-04-14,-2.135958383791641
2016-04-15,-2.219522979869967
2016-04-16,-1.7391666944873132
2016-04-17,-1.4993135585400386
2016-04-18,-1.8136453219250623
2016-04-19,-2.1810089360448335
2016-04-20,-2.142224182332482
2016-04-21,-2.203421912403751
2016-04-22,-2.097051515341771
2016-04-23,-1.8996569529591454
2016-04-24,-1.782972678459785
2016-04-25,-1.8280718453829368
2016-04-26,-2.1745346212240664
2016-04-27,-2.3797134759504877
2016-04-28,-2.06901146143968
2016-04-29,-2.064764187600135
2016-04-30,-1.9792521428146008
2016-05-01,-1.3794847757341413
2016-05-02,-1.3357622793352273
2016-05-03,-1.6851892864581206
2016-05-04,-1.739157553150889
2016-05-05,-1.806907134273877
2016-05-06,-1.873325233991372
2016-05-07,-2.1501253659231376
2016-05-08,-2.5127003024154484
2016-05-09,-2.325962279305369
2016-05-10,-2.365441743230547
2016-05-11,-2.3383136794276163
2016-05-12,-2.4929172445899326
2016-05-13,-2.5715205780473127
2016-05-14,-2.3230835085125943
2016-05-15,-2.2630214698826867
2016-05-16,-2.3394766890142735
2016-05-17,-1.7302362451523186
2016-05-18,-1.7597866017791481
2016-05-19,-1.898391898994527
2016-05-20,-1.961699301862999
2016-05-21,-1.5963942886612905
2016-05-22,-0.5935397964395817
2016-05-23,-0.14415477386431097
2016-05-24,-1.2568956037039833
2016-05-25,-1.7172626685257513
2016-05-26,-1.8140774263561532
2016-05-27,-1.6307149333806625
2016-05-28,-1.4835345777895432
2016-05-29,-2.0428887346662035
2016-05-30,-2.213140556407953
2016-05-31,-1.793969994755587
2016-06-01,-2.056420640934186
2016-06-02,-1.8763239833526826
2016-06-03,-2.2511833623703987
2016-06-04,-2.810875749921934
2016-06-05,-2.121313354805093
2016-06-06,-2.0302129156048303
2016-06-07,-2.2836587679553926
2016-06-08,-2.276522650311558
2016-06-09,-2.5444422138435914
2016-06-10,-2.618945531479161
2016-06-11,-2.3602480337763954
2016-06-12,-2.60400059655822
2016-06-13,-2.7228508611677182
2016-06-14,-2.3496401884456555
2016-06-15,-2.473805916203412
2016-06-16,-2.7425624525118515
2016-06-17,-2.507614494740169
2016-06-18,-2.5893715888643025
2016-06-19,-1.620532100876878
2016-06-20,-2.6599158520135964
2016-06-21,-2.634560569278024
2016-06-22,-2.386827138023533
2016-06-23,-2.193018529964754
2016-06-24,-2.4135550205959575
2016-06-25,-2.690514543587642
2016-06-26,-2.6726663852406767
2016-06-27,-2.322474885327245
2016-06-28,-2.4810433502396028
2016-06-29,-3.6075327467630416
2016-06-30,-2.859465675414174
2016-07-01,-2.8983916191078496
2016-07-02,-2.730562661666971
2016-07-03,-2.8953435130137803
2016-07-04,-2.689306669500695
2016-07-05,-2.756258063332795
2016-07-06,-2.9366494051758147
2016-07-07,-2.8988060891272225
2016-07-08,-3.1256767762759368
2016-07-09,-2.276712038179163
2016-07-10,-3.226747331083897
2016-07-11,-2.612308625999985
2016-07-12,-2.224845729259714
2016-07-13,-1.801156003377363
2016-07-14,-2.0054057624786603
2016-07-15,-2.2682432276134903
2016-07-16,-1.957967807971692
2016-07-17,-2.3301730438397406
2016-07-18,-2.7773692547634456
2016-07-19,-2.571212041974277
2016-07-20,-2.36136216982678
2016-07-21,-3.3133943052474413
2016-07-22,-3.0907558310901044
2016-07-23,-4.433358747253042
2016-07-24,-3.6623319292245298
2016-07-25,-2.953307605795458
2016-07-26,-2.651399884487058
2016-07-27,-2.560029402088488
2016-07-28,-2.7891405549217043
2016-07-29,-2.20395316922697
2016-07-30,-2.19969591038321
2016-07-31,-2.2899283642657693
2016-08-01,-2.171440429299409
2016-08-02,-2.532899687194668
2016-08-03,-3.1819456253680403
2016-08-04,-3.794483230163498
2016-08-05,-3.2375239729399903
2016-08-06,-3.088326900952105
2016-08-07,-2.1992733606816666
2016-08-08,-2.5121922563792967
2016-08-09,-2.5617810954653755
2016-08-10,-2.7941304945858745
2016-08-11,-2.667209885628674
2016-08-12,-2.11287039830021
2016-08-13,-1.7672436428853855
2016-08-14,-2.105462509793011
2016-08-15,-2.1957398687011818
2016-08-16,-2.7294585342785997
2016-08-17,-2.420202275216279
2016-08-18,-2.9362778324969314
2016-08-19,-2.780219359540474
2016-08-20,-2.1832182897083086
2016-08-21,-2.152118756804547
2016-08-22,-1.9686515051389943
2016-08-23,-1.930159937889106
2016-08-24,-1.8047875751130076
2016-08-25,-2.086222540500168
2016-08-26,-2.7054801986901644
2016-08-27,-1.9689534175980252
2016-08-28,-1.6599423631229793
2016-08-29,-2.070502242111289
2016-08-30,-2.2630027078279946
2016-08-31,-2.395288703822582
2016-09-01,-1.9026567268815415
2016-09-02,-2.221097215293937
2016-09-03,-2.129536676683468
2016-09-04,-2.1769846127383428
2016-09-05,-2.0282322872577407
2016-09-06,-1.9964998781761012
2016-09-07,-2.6704517645910033
2016-09-08,-2.8287604513764735
2016-09-09,-2.9997306194999456
2016-09-10,-2.433178485747704
2016-09-11,-2.435912818527543
2016-09-12,-2.5558350616193546
2016-09-13,-2.105398316503541
2016-09-14,-2.1030414484140345
2016-09-15,-2.186450008586832
2016-09-16,-2.024185251842624
2016-09-17,-1.6401098544006505
2016-09-18,-1.657627470837922
2016-09-19,-2.187909523794213
2016-09-20,-1.7988269938340433
2016-09-21,-1.6192902803549138
2016-09-22,-2.109859106847537
2016-09-23,-2.532254866029381
2016-09-24,-2.3722205014265114
2016-09-25,-2.0103533529684845
2016-09-26,-2.0345856773183377
2016-09-27,-1.9093342328887488
2016-09-28,-2.1193518909039244
2016-09-29,-2.22504303310325
2016-09-30,-2.1997581682104785
2016-10-01,-1.9434408623609956
2016-10-02,-1.8836645143144992
2016-10-03,-2.240048368389832
2016-10-04,-1.9400155875933414
2016-10-05,-2.0821629537705992
2016-10-06,-1.8139483214591183
2016-10-07,-2.516057962313942
2016-10-08,-2.737084031349553
2016-10-09,-3.0345547307335647
2016-10-10,-2.6618743411385153
2016-10-11,-2.976430415513739
2016-10-12,-3.4538616175358596
2016-10-13,-3.30199200339353
2016-10-14,-3.0898015692092433
2016-10-15,-2.438246618329377
2016-10-16,-2.7774996102847855
2016-10-17,-2.1409433868832695
2016-10-18,-2.438894758641509
2016-10-19,-2.603084545139333
2016-10-20,-2.3538350415546265
2016-10-21,-3.4130561323795967
2016-10-22,-2.0392666444293193
2016-10-23,-1.9217532540221711
2016-10-24,-1.9375528417019328
2016-10-25,-2.427987516255326
2016-10-26,-1.8715578559122934
2016-10-27,-1.970501481448667
2016-10-28,-2.8198171483646526
2016-10-29,-2.6028686460080914
2016-10-30,-2.1627564213556187
2016-10-31,-1.862681121889702
2016-11-01,-1.6205695814041894
2016-11-02,-2.3404665363924346
2016-11-03,-2.883967160803249
2016-11-04,-2.613044080185113
2016-11-05,-2.0496219729928185
2016-11-06,-2.584092143005548
2016-11-07,-1.6013819719878897
2016-11-08,-1.6951988736046597
2016-11-09,-1.446662969426376
2016-11-10,-1.4544610877188553
2016-11-11,-1.568924156880711
2016-11-12,-1.8345503886957333
2016-11-13,-1.5928678030039363
2016-11-14,-1.6238520280731032
2016-11-15,-1.9191292482278792
2016-11-16,-2.0433072726744568
2016-11-17,-2.1950699556107294
2016-11-18,-1.709176209339883
2016-11-19,-1.7526292107182475
2016-11-20,-1.5225030015235286
2016-11-21,-1.805129554595425
2016-11-22,-1.9261017504620213
2016-11-23,-1.8716162859415688
2016-11-24,-2.8120989478754006
2016-11-25,-3.6911120931288313
2016-11-26,-2.543843549544537
2016-11-27,-2.6240705718836206
2016-11-28,-2.7198795073765853
2016-11-29,-2.3977018656314955
2016-11-30,-2.3999280462400283
2016-12-01,-2.6623436629029924
2016-12-02,-2.7606712901334065
2016-12-03,-2.711575135378015
2016-12-04,-2.3535307416204665
2016-12-05,-2.1851463855308344
2016-12-06,-2.8822673687630878
2016-12-07,-2.558422365913732
2016-12-08,-2.1224408057030177
2016-12-09,-2.4519131095507656
2016-12-10,-2.2950921972395464
2016-12-11,-1.6459602183037594
2016-12-12,-1.8084305228611024
2016-12-13,-1.8838634375244485
2016-12-14,-2.843705927392129
2016-12-15,-2.90178682903005
2016-12-16,-2.8633073503370206
2016-12-17,-2.7437549523255513
2016-12-18,-2.5307975782508425
2016-12-19,-2.6897184048792027
2016-12-20,-3.024093671215353
2016-12-21,-2.5983105725615196
2016-12-22,-2.0742326556811155
2016-12-23,-2.1692844435483463
2016-12-24,-1.7169440362462438
2016-12-25,-2.025461802417738
2016-12-26,-1.8342624059228272
2016-12-27,-1.7719176181919662
2016-12-28,-2.210971011504976
2016-12-29,-2.552434170086102
2016-12-30,-2.979628431534102
2016-12-31,-2.4358277412031915
2017-01-01,-2.8090992281693326
2017-01-02,-2.919005581025605
2017-01-03,-3.1882335665536257
2017-01-04,-2.9586029010178767
2017-01-05,-3.5030711891527586
2017-01-06,-2.705827258970393
2017-01-07,-2.5967097217885056
2017-01-08,-2.5892413086981656
2017-01-09,-2.8088862776989987
2017-01-10,-2.4096917983465262
2017-01-11,-2.585671204170858
2017-01-12,-2.478129380024734
2017-01-13,-2.6098826380350566
2017-01-14,-2.2107972119337687
2017-01-15,-2.1671795163497647
2017-01-16,-1.9552116353258076
2017-01-17,-1.6720549493652637
2017-01-18,-2.1055171954389875
2017-01-19,-2.682852906967986
2017-01-20,-2.867752785836177
2017-01-21,-2.4728852825579453
2017-01-22,-2.267816566492033
2017-01-23,-1.7941978933351332
2017-01-24,-2.0527950598757574
2017-01-25,-2.165741702792713
2017-01-26,-2.286359342441092
2017-01-27,-2.242249739464159
2017-01-28,-2.512982106039073
2017-01-29,-3.137656594540716
2017-01-30,-2.8774483193882516
2017-01-31,-2.749558735324152
2017-02-01,-2.6185709571644256
2017-02-02,-3.0915709834370304
2017-02-03,-3.228235212354336
2017-02-04,-3.074204108407461
2017-02-05,-2.749349788608312
2017-02-06,-2.6136138490610894
2017-02-07,-2.6588657729889613
2017-02-08,-2.554197228174142
2017-02-09,-2.696762928524154
2017-02-10,-2.696807255084508
2017-02-11,-1.9228280384387566
2017-02-12,-1.7618188118272355
2017-02-13,-2.175292080609571
2017-02-14,-2.0352945111915535
2017-02-15,-1.3587321007477928
2017-02-16,-2.0302794017655237
2017-02-17,-2.402602210915101
2017-02-18,-1.8804698354337235
2017-02-19,-2.16365488660199
2017-02-20,-2.3672156988884074
2017-02-21,-2.431683165176834
2017-02-22,-2.164394800711366
2017-02-23,-2.2269584543745893
2017-02-24,-2.082140397112252
2017-02-25,-1.9013194907830835
2017-02-26,-1.6450611136718016
2017-02-27,-1.0803609670030405
2017-02-28,-1.5694479478427656
2017-03-01,-1.791682811378858
2017-03-02,-2.3817881560419503
2017-03-03,-2.382433291040765
2017-03-04,-1.8768917482186707
2017-03-05,-1.5203083455798014
2017-03-06,-1.9362097289292135
2017-03-07,-2.2323219659513356
2017-03-08,-1.9144241343159452
2017-03-09,-1.762174688051033
2017-03-10,-2.020844874226102
2017-03-11,-2.1488417162003706
2017-03-12,-2.0927111641255096
2017-03-13,-1.4230868573921556
2017-03-14,-1.5067681456537871
2017-03-15,-1.7042370396004294
2017-03-16,-2.4351855578232664
2017-03-17,-2.2248421792563255
2017-03-18,-2.2364178030921686
2017-03-19,-2.053743652714957
2017-03-20,-1.3008826172380166
2017-03-21,-1.435019153464773
2017-03-22,-1.9360166334957551
2017-03-23,-2.556441234479689
2017-03-24,-2.436511551753807
2017-03-25,-1.8954856643300315
2017-03-26,-3.3327598814730757
2017-03-27,-2.0919394657499724
2017-03-28,-1.8749644897415274
2017-03-29,-2.1020472973945865
2017-03-30,-2.5785486860489453
2017-03-31,-2.3332531345191176
2017-04-01,-2.696997688592932
2017-04-02,-2.2149198900365867
2017-04-03,-2.6472366483231022
2017-04-04,-2.1335669935356814
2017-04-05,-3.3238529862368917
2017-04-06,-2.7423206648840286
2017-04-07,-4.2405352849547775
2017-04-08,-3.646369809455084
2017-04-09,-3.6705023139850677
2017-04-10,-3.43043343856087
2017-04-11,-3.1954797366070866
2017-04-12,-2.8151560829468814
2017-04-13,-2.5275646704622847
2017-04-14,-3.1362568632205217
2017-04-15,-2.7846073915004403
2017-04-16,-2.7564745746202544
2017-04-17,-2.340484938050778
2017-04-18,-1.869727285425221
2017-04-19,-1.9130021990234094
2017-04-20,-2.4218485171832445
2017-04-21,-2.124347921665628
2017-04-22,-2.134503100869603
2017-04-23,-1.971966882116178
2017-04-24,-2.1733620469657318
2017-04-25,-2.2358310853623538
2017-04-26,-3.3951981427613163
2017-04-27,-3.5407272747896625
2017-04-28,-3.10293611407796
2017-04-29,-3.0764427995829515
2017-04-30,-3.289086535229784
2017-05-01,-3.052474035245473
2017-05-02,-2.2104189196637947
2017-05-03,-2.1962897523989526
2017-05-04,-2.326098514590393
2017-05-05,-2.067456428033547
2017-05-06,-1.859725332538907
2017-05-07,-2.36259155189597
2017-05-08,-2.899700902577625
2017-05-09,-3.006701499063405
2017-05-10,-2.033958299577036
2017-05-11,-1.9239569665361784
2017-05-12,-2.3802432101317152
2017-05-13,-2.1565536195953454
2017-05-14,-2.173815833817379
2017-05-15,-2.406270078221909
2017-05-16,-2.0532696904400787
2017-05-17,-1.8361969148114938
2017-05-18,-2.3161413869951586
2017-05-19,-1.5132578021501726
2017-05-20,-0.4293225891791658
2017-05-21,-1.4584881378575478
2017-05-22,-1.917364574298972
2017-05-23,-2.0780989268320873
2017-05-24,-1.9961029297446204
2017-05-25,-2.2092362538397405
2017-05-26,-2.397754007238903
2017-05-27,-2.058278880311359
2017-05-28,-2.250536816640106
2017-05-29,-2.222747448417503
2017-05-30,-2.192985885776062
2017-05-31,-2.5053678914674604
2017-06-01,-2.2763730505174404
2017-06-02,-2.2795892942432276
2017-06-03,-1.7438928832663885
2017-06-04,-2.465004552793324
2017-06-05,-2.7525221687950983
2017-06-06,-2.9177036487369885
2017-06-07,-5.81426815459656
2017-06-08,-5.749502925156651
2017-06-09,-5.173244179568743
2017-06-10,-4.711056353619376
2017-06-11,-3.9250157531884415
2017-06-12,-3.6488271535284107
2017-06-13,-3.505653944623774
2017-06-14,-3.399455510772497
2017-06-15,-3.2747697594544274
2017-06-16,-3.20927489204945
2017-06-17,-2.3697224358071995
2017-06-18,-3.307510557034342
2017-06-19,-3.94882224263981
2017-06-20,-3.265783849330363
2017-06-21,-2.675381776201375
2017-06-22,-2.560859389931757
2017-06-23,-3.070862791306337
2017-06-24,-3.0256887592548387
2017-06-25,-2.54070433000153
2017-06-26,-2.724761464486828
2017-06-27,-3.1486055197916794
2017-06-28,-2.79148376263562
2017-06-29,-2.8023901391398747
2017-06-30,-2.9284798840122455
2017-07-01,-2.852926188503121
2017-07-02,-2.455828976817712
2017-07-03,-2.3039044128118538
2017-07-04,-2.0494316105483024
2017-07-05,-2.3270336605432522
2017-07-06,-2.3965076775173473
2017-07-07,-2.675226240433611
2017-07-08,-2.701745970517278
2017-07-09,-2.236153431309385
2017-07-10,-2.0590462995790277
2017-07-11,-2.1118940770352794
2017-07-12,-2.377110515554446
2017-07-13,-2.1559315533271746
2017-07-14,-1.7711666370026231
2017-07-15,-2.306142920713862
2017-07-16,-3.307272816378531
2017-07-17,-3.229268221892727
2017-07-18,-2.7586419414526553
2017-07-19,-2.853950603875871
2017-07-20,-3.0544561814515885
2017-07-21,-3.417281508156747
2017-07-22,-3.67707781139541
2017-07-23,-2.749153169789827
2017-07-24,-3.244274738214076
2017-07-25,-3.3134733730213024
2017-07-26,-3.1970812492252754
2017-07-27,-2.9747925484369957
2017-07-28,-2.7305034659201803
2017-07-29,-2.7845528337450367
2017-07-30,-2.309778937018826
2017-07-31,-2.0814696914178943
2017-08-01,-2.5204492224850985
2017-08-02,-2.3778263756064617
2017-08-03,-2.241535413647996
2017-08-04,-1.3079863538713203
2017-08-05,-0.47780238983391327
2017-08-06,-1.3415677814837057
2017-08-07,-1.6687203876817471
2017-08-08,-1.9984928951462262
2017-08-09,-2.0563106950964176
2017-08-10,-2.7273077951031777
2017-08-11,-2.7583785951716515
2017-08-12,-2.4235432787254805
2017-08-13,-2.083326459941392
2017-08-14,-2.116867583261237
2017-08-15,-2.278150990297483
2017-08-16,-2.5167804696756932
2017-08-17,-2.800653419792173
2017-08-18,-2.665968933868635
2017-08-19,-2.4713155232653077
2017-08-20,-1.5425211409938926
2017-08-21,-1.7908583658206523
2017-08-22,-1.8905155140494492
2017-08-23,-1.8516976600214845
2017-08-24,-2.03369396866852
2017-08-25,-2.088169088243654
2017-08-26,-1.7955265720000275
2017-08-27,-1.9996415799239913
2017-08-28,-2.190187771078567
2017-08-29,-3.820580126069625
2017-08-30,-2.5838035406431064
2017-08-31,-2.091832236115589
2017-09-01,-2.2964729887755277
2017-09-02,-1.6150739010627877
2017-09-03,-2.2695195193126083
2017-09-04,-2.205776564903524
2017-09-05,-2.263036743640975
2017-09-06,-1.8720451496751052
2017-09-07,-2.6950524142077725
2017-09-08,-3.118789598739685
2017-09-09,-2.21086179662345
2017-09-10,-1.8205431013620947
2017-09-11,-2.1118004314899945
2017-09-12,-2.3615807791123924
2017-09-13,-1.9858592974023945
2017-09-14,-3.0017991519425085
2017-09-15,-2.6827259978596203
2017-09-16,-1.8187812151834057
2017-09-17,-2.0971623787808165
2017-09-18,-2.0081137404377296
2017-09-19,-2.2718916151129975
2017-09-20,-2.6750261206546386
2017-09-21,-2.090485061561531
2017-09-22,-2.3916518382221157
2017-09-23,-2.2619481372653594
2017-09-24,-2.2961912596948677
2017-09-25,-2.5029296151492026
2017-09-26,-2.5630760397693364
2017-09-27,-2.4540643029935145
2017-09-28,-2.1915092707785546
2017-09-29,-2.4178920951373586
2017-09-30,-2.420460999993672
2017-10-01,-2.7498479989525157
2017-10-02,-2.145182829591833
2017-10-03,-2.1173787404219957
2017-10-04,-1.6494314983667666
2017-10-05,-1.8934950266154014
2017-10-06,-1.5676052700058711
2017-10-07,-1.8610685313864412
2017-10-08,-2.218252796115007
2017-10-09,-2.38882750472747
2017-10-10,-2.0444653620942006
2017-10-11,-1.8870393904258291
2017-10-12,-2.1012425698420674
2017-10-13,-2.098902793780458
2017-10-14,-2.2225528463773707
2017-10-15,-1.8117332338285588
2017-10-16,-2.032676404945562
2017-10-17,-2.153637248595501
2017-10-18,-2.5696961210397222
2017-10-19,-2.416298278361753
2017-10-20,-2.2094641059637268
2017-10-21,-2.136797419110077
2017-10-22,-1.9059173551384347
2017-10-23,-2.009768296395817
2017-10-24,-2.53798614431482
2017-10-25,-2.127649312126174
2017-10-26,-2.4613609190817525
2017-10-27,-2.4805756946400996
2017-10-28,-1.782970608715491
2017-10-29,-1.5521921605876305
2017-10-30,-2.081207787228349
2017-10-31,-2.2113746633785403
2017-11-01,-1.77439339005146
2017-11-02,-2.2163960990769715
2017-11-03,-2.859828642533668
2017-11-04,-3.958832732889146
2017-11-05,-3.4976375342600114
2017-11-06,-3.415129687970956
2017-11-07,-3.376386534965265
2017-11-08,-3.113626605580285
2017-11-09,-3.465335743477688
2017-11-10,-3.0462608453161044
2017-11-11,-3.214060833675996
2017-11-12,-3.613333285696933
2017-11-13,-3.3274575515360327
2017-11-14,-3.103709647075095
2017-11-15,-2.7753597298966515
2017-11-16,-2.8967807079261974
2017-11-17,-2.8897166873444258
2017-11-18,-2.7765491694768443
2017-11-19,-2.9274096671898215
2017-11-20,-3.031367996858895
2017-11-21,-2.382585445008882
2017-11-22,-2.2126947565497472
2017-11-23,-2.0994954542975957
2017-11-24,-2.146780489231649
2017-11-25,-2.28103392887943
2017-11-26,-2.2131596731050056
2017-11-27,-2.3978531753543844
2017-11-28,-2.0253574523846227
2017-11-29,-2.378363769163844
2017-11-30,-2.2547867393833143
2017-12-01,-2.6909131580371355
2017-12-02,-2.3903711457144317
2017-12-03,-1.6942307688339446
2017-12-04,-2.4569292878633786
2017-12-05,-2.64037683772691
2017-12-06,-2.6366459583535478
2017-12-07,-3.3224117291892474
2017-12-08,-3.4383049788429427
2017-12-09,-2.8799524458394257
2017-12-10,-2.241657803002263
2017-12-11,-2.10158808021067
2017-12-12,-2.4747288727013763
2017-12-13,-2.3244619851873742
2017-12-14,-2.2772484866876175
2017-12-15,-2.7207807650207645
2017-12-16,-2.548417660355287
2017-12-17,-2.6227077475342755
2017-12-18,-2.649938429237801
2017-12-19,-2.847406034421159
2017-12-20,-3.144692001299724
2017-12-21,-2.8993677699200684
2017-12-22,-2.772849023168272
2017-12-23,-2.4462037557991207
2017-12-24,-2.4772146899299483
2017-12-25,-2.853940115531827
2017-12-26,-2.861269624883329
2017-12-27,-3.0521799990052894
2017-12-28,-3.437036315864187
2017-12-29,-3.940931878578516
2017-12-30,-4.829612237699521
2017-12-31,-5.469728207806422
2018-01-01,-5.755487764096861
2018-01-02,-5.58816851313073
2018-01-03,-4.6386975535470905
2018-01-04,-4.7335985199122455
2018-01-05,-4.555082902174456
2018-01-06,-4.381873134596875
2018-01-07,-4.4643709845952735
2018-01-08,-4.097928850191523
2018-01-09,-4.157913317079411
2018-01-10,-3.988268337025052
2018-01-11,-3.2947822564192712
2018-01-12,-3.117244532464324
2018-01-13,-3.5598501056980765
2018-01-14,-3.4010324616889935
2018-01-15,-3.417113578475921
2018-01-16,-3.13945052982421
2018-01-17,-2.4539661014488434
2018-01-18,-2.7917033342775004
2018-01-19,-3.0223592212464174
2018-01-20,-2.6828808811079248
2018-01-21,-2.431060123615239
2018-01-22,-2.3187346660376997
2018-01-23,-2.279366752333122
2018-01-24,-2.651714889837818
2018-01-25,-2.51451709505105
2018-01-26,-2.8390804428205865
2018-01-27,-3.2436395599384173
2018-01-28,-3.419926177416987
2018-01-29,-2.9878557891280195
2018-01-30,-3.340458296854102
2018-01-31,-3.3177398092783
2018-02-01,-2.9150229617105246
2018-02-02,-3.283574280259104
2018-02-03,-3.204979821479356
2018-02-04,-3.143960831400081
2018-02-05,-3.1669311187103006
2018-02-06,-2.9960238157620074
2018-02-07,-2.997813821910276
2018-02-08,-2.6795710548698746
2018-02-09,-2.021550817045892
2018-02-10,-2.948869397343387
2018-02-11,-2.7200781349067595
2018-02-12,-3.0458824060012346
2018-02-13,-2.6653022080429336
2018-02-14,-2.37325711469361
2018-02-15,-2.5156133658487763
2018-02-16,-2.4579643092010848
2018-02-17,-1.4504282440582794
2018-02-18,-3.2348482069916167
2018-02-19,-3.562855726782494
2018-02-20,-3.9336019002159444
2018-02-21,-3.6859091569002334
2018-02-22,-3.5821326067891057
2018-02-23,-3.4232118173583186
2018-02-24,-3.4475050938946006
2018-02-25,-3.383430601999003
2018-02-26,-3.2596599361075196
2018-02-27,-3.7725343182263096
2018-02-28,-3.121196038351209
2018-03-01,-2.465438553042962
2018-03-02,-2.6757507383929666
2018-03-03,-2.7657566296568263
2018-03-04,-3.0955583898394656
2018-03-05,-2.6540661372577965
2018-03-06,-2.348597600364264
2018-03-07,-2.3462737879119415
2018-03-08,-2.797926375331998
2018-03-09,-2.4012982528612747
2018-03-10,-2.7020806145605722
2018-03-11,-2.8271146204974946
2018-03-12,-2.6664027599577684
2018-03-13,-2.403051017325009
2018-03-14,-2.0485507343278764
2018-03-15,-2.35095273387865
2018-03-16,-2.5428668725908588
2018-03-17,-2.2612281879748326
2018-03-18,-2.1010695696083808
2018-03-19,-1.7650454829715283
2018-03-20,-1.610071528525164
2018-03-21,-1.4500035389652086
2018-03-22,-1.8495581752593848
2018-03-23,-2.1919961215117425
2018-03-24,-2.998387995352208
2018-03-25,-2.2080075688987097
2018-03-26,-2.886294819174822
2018-03-27,-2.3443043220306694
2018-03-28,-2.1695762215403116
2018-03-29,-2.698215519387451
2018-03-30,-3.130146829372598
2018-03-31,-3.0752266712577945
2018-04-01,-3.7286398823779083
2018-04-02,-3.013229779813955
2018-04-03,-2.176308512595467
2018-04-04,-2.542713195907715
2018-04-05,-2.6093513338795296
2018-04-06,-2.4763497107691212
2018-04-07,-2.3149390924547597
2018-04-08,-3.6774869548256572
2018-04-09,-4.156462734503549
2018-04-10,-4.107902276000829
2018-04-11,-3.7697806824310796
2018-04-12,-3.6148573829209982
2018-04-13,-3.6065095221126926
2018-04-14,-4.380200836825413
2018-04-15,-3.6843292619313432
2018-04-16,-3.399112882989324
2018-04-17,-3.6317765459129947
2018-04-18,-3.0425947718857964
2018-04-19,-2.803753940745232
2018-04-20,-2.7957051271078095
2018-04-21,-2.897202442346465
2018-04-22,-3.1730615037931633
2018-04-23,-2.5823318880320723
2018-04-24,-2.2367632194352187
2018-04-25,-1.9394032522081475
2018-04-26,-2.3803343492943347
2018-04-27,-1.8542163095055841
2018-04-28,-2.074294480894979
2018-04-29,-2.150468887482527
2018-04-30,-2.953401012533246
2018-05-01,-2.3862074864696114
2018-05-02,-2.6805977997308923
2018-05-03,-2.6692061598628722
2018-05-04,-2.7290927876602646
2018-05-05,-2.3532934960744334
2018-05-06,-2.5675877967133536
2018-05-07,-2.429291808319244
2018-05-08,-2.149023909044786
2018-05-09,-2.2280347227307558
2018-05-10,-2.8569530316981977
2018-05-11,-2.8981166659497393
2018-05-12,-2.669033979792222
2018-05-13,-2.253108652637507
2018-05-14,-1.9708780977232527
2018-05-15,-2.123827839835067
2018-05-16,-2.257993940534614
2018-05-17,-2.5113784431606385
2018-05-18,-2.3903009963175097
2018-05-19,-2.0719432976421266
2018-05-20,-1.9247295166630176
2018-05-21,-2.138538900212389
2018-05-22,-2.622607664339972
2018-05-23,-2.6799534720640352
2018-05-24,-2.1273347277377144
2018-05-25,-2.0435832067562663
2018-05-26,-2.6208458436283317
2018-05-27,-2.4653609874606213
2018-05-28,-2.051487818909422
2018-05-29,-2.751415725651565
2018-05-30,-3.3508111376835106
2018-05-31,-2.894146451565169
2018-06-01,-2.7922499319411136
2018-06-02,-2.961772852306894
2018-06-03,-2.465249265388059
2018-06-04,-2.126716848386271
2018-06-05,-2.2878547526520125
2018-06-06,-2.3906808409524123
2018-06-07,-2.3391676109409363
2018-06-08,-2.7855702650125855
2018-06-09,-1.910463468153555
2018-06-10,-2.602177015186857
2018-06-11,-2.4751430682456657
2018-06-12,-2.4272093217956057
2018-06-13,-2.297851452006559
2018-06-14,-2.5887443475956258
2018-06-15,-2.52709740158602
2018-06-16,-2.869435508462678
2018-06-17,-3.1766392321908046
2018-06-18,-2.932212260591971
2018-06-19,-3.351207516635952
2018-06-20,-2.8286003073044754
2018-06-21,-3.0143292555269796
2018-06-22,-2.4646552253016654
2018-06-23,-2.7577282380560355
2018-06-24,-2.667668122704941
2018-06-25,-2.655392494132463
2018-06-26,-3.340178953614557
2018-06-27,-3.452359546436879
2018-06-28,-2.99905422899156
2018-06-29,-3.5230481904904316
2018-06-30,-2.9845345280174795
2018-07-01,-3.282128131624485
2018-07-02,-3.5296429426719618
2018-07-03,-3.134349233380581
2018-07-04,-2.9869340993822604
2018-07-05,-3.0275873756506937
2018-07-06,-2.187844691557651
2018-07-07,-3.0882594070203537
2018-07-08,-3.4610596988820372
2018-07-09,-3.403052114855764
2018-07-10,-3.024482457441373
2018-07-11,-3.071821855388419
2018-07-12,-3.194120778060127
2018-07-13,-3.0673691976201605
2018-07-14,-2.9130174190606684
2018-07-15,-2.8965207132800783
2018-07-16,-2.9300943494235083
2018-07-17,-2.965509615900253
2018-07-18,-2.7229328381872064
2018-07-19,-2.9072083050412965
2018-07-20,-3.320339465940315
2018-07-21,-3.754589608974166
2018-07-22,-3.7770152031669117
2018-07-23,-4.7714586113651904
2018-07-24,-4.329533751295856
2018-07-25,-3.911489601431675
2018-07-26,-4.0128348651394585
2018-07-27,-3.753922522097313
2018-07-28,-3.3011158430981373
2018-07-29,-3.2474260018822223
2018-07-30,-2.825226616855288
2018-07-31,-2.52029481020645
2018-08-01,-2.9914091067656106
2018-08-02,-3.117727080811934
2018-08-03,-3.066599623985926
2018-08-04,-3.4633329160197412
2018-08-05,-3.6588230395450956
2018-08-06,-3.9505136113064543
2018-08-07,-3.922075574035025
2018-08-08,-3.477427954210301
2018-08-09,-3.6657247623203917
2018-08-10,-3.5007601319456882
2018-08-11,-3.3274087541061936
2018-08-12,-2.603979969965592
2018-08-13,-3.1261956224386203
2018-08-14,-3.2202664170681383
2018-08-15,-3.22595100630925
2018-08-16,-3.2256128261347095
2018-08-17,-2.6653774900303153
2018-08-18,-2.7021150889096917
2018-08-19,-2.694252478499372
2018-08-20,-2.7484805043501015
2018-08-21,-3.027001819048421
2018-08-22,-3.2310211812290586
2018-08-23,-3.0332499330959672
2018-08-24,-2.85674554931398
2018-08-25,-3.2144652770715894
2018-08-26,-3.248203225661499
2018-08-27,-3.053061630987702
2018-08-28,-3.54414784096252
2018-08-29,-3.454057573222207
2018-08-30,-3.1552488059771786
2018-08-31,-2.664228859952887
2018-09-01,-2.7880442147749753
2018-09-02,-2.9912893439968777
2018-09-03,-2.78808141729602
2018-09-04,-3.9037660372839533
2018-09-05,-3.556077480259262
2018-09-06,-3.4915404151986547
2018-09-07,-3.9356208295521964
2018-09-08,-4.940714869688743
2018-09-09,-4.229040860030535
2018-09-10,-4.006411637990763
2018-09-11,-4.181754705098543
2018-09-12,-4.029636925965218
2018-09-13,-3.9238213042344365
2018-09-14,-3.8065764574680934
2018-09-15,-3.8872093185100245
2018-09-16,-3.7194358960650207
2018-09-17,-3.545832288003354
2018-09-18,-3.4153466142488527
2018-09-19,-3.0149862478810676
2018-09-20,-2.6539015373519557
2018-09-21,-2.7590019662018657
2018-09-22,-5.765178709059833
2018-09-23,-5.72254394352085
2018-09-24,-4.9377770449040055
2018-09-25,-3.5011784639229693
2018-09-26,-3.651458105580327
2018-09-27,-2.967515755413671
2018-09-28,-3.2435539882082964
2018-09-29,-3.9173180232144396
2018-09-30,-3.6835315094537115
2018-10-01,-4.863844825707042
2018-10-02,-4.128962841691644
2018-10-03,-3.2452625558342927
2018-10-04,-3.302989187685636
2018-10-05,-3.0313717804778038
2018-10-06,-3.2026798150534
2018-10-07,-3.366266193112529
2018-10-08,-3.352435194933974
2018-10-09,-2.939477039149336
2018-10-10,-3.4121240275077556
2018-10-11,-3.4370292549127766
2018-10-12,-3.5212285122490616
2018-10-13,-3.2140945896858284
2018-10-14,-3.7064062952082817
2018-10-15,-3.609273787261663
2018-10-16,-3.4003628098210585
2018-10-17,-3.441399302355903
2018-10-18,-3.2936141289434215
2018-10-19,-3.040329787130192
2018-10-20,-2.8974092470774275
2018-10-21,-2.9364237442320937
2018-10-22,-3.149786694622621
2018-10-23,-3.14055584473664
2018-10-24,-3.2149566409137793
2018-10-25,-3.244064232049663
2018-10-26,-3.0043768405004654
2018-10-27,-2.9553879518641852
2018-10-28,-2.8326296626908967
2018-10-29,-2.8883665257110467
2018-10-30,-3.7194557347766444
2018-10-31,-3.787020836351026
2018-11-01,-3.6884543341473846
2018-11-02,-4.10954925992057
2018-11-03,-3.581988681885261
2018-11-04,-4.320929154622913
2018-11-05,-4.014247503485645
2018-11-06,-4.058383557523427
2018-11-07,-3.6668456999333254
2018-11-08,-3.4003719809868724
2018-11-09,-3.216792598874673
2018-11-10,-3.0309134781778315
2018-11-11,-3.5312024977007215
2018-11-12,-2.89318994682765
2018-11-13,-3.5134573853180378
2018-11-14,-3.4473987852474095
2018-11-15,-3.1212955053804166
2018-11-16,-3.1365599607210353
2018-11-17,-2.4055257371141723
2018-11-18,-2.775673040588723
2018-11-19,-2.9281256886518667
2018-11-20,-3.013676390783859
2018-11-21,-3.376876746086777
2018-11-22,-3.1814992523441274
2018-11-23,-3.2228041661463047
2018-11-24,-3.4783110617304676
2018-11-25,-3.843148287893934
2018-11-26,-3.3933161016459352
2018-11-27,-2.766626659989147
2018-11-28,-3.1883116385092554
2018-11-29,-3.0099540508546094
2018-11-30,-3.0675299216978704
2018-12-01,-3.1387709602671525
2018-12-02,-3.751172257763338
2018-12-03,-3.398967505144948
2018-12-04,-3.2618952125654013
2018-12-05,-3.3623023351258006
2018-12-06,-4.886672447648438
2018-12-07,-3.9451997445934444
2018-12-08,-5.1435938218335195
2018-12-09,-4.485695163412938
2018-12-10,-3.979669278998358
2018-12-11,-3.5024171499285113
2018-12-12,-3.526582224881296
2018-12-13,-3.4524053111106654
2018-12-14,-3.437412282633785
2018-12-15,-2.9992257215806615
2018-12-16,-3.8327301464024996
2018-12-17,-3.124282353464046
2018-12-18,-3.060676036388602
2018-12-19,-3.3377171140996125
2018-12-20,-2.9106722223675243
2018-12-21,-2.9996804760209823
2018-12-22,-2.9325883558343073
2018-12-23,-2.8857205787609588
2018-12-24,-2.2356707972337713
2018-12-25,-2.264893670627559
2018-12-26,-2.5606421993509123
2018-12-27,-2.6559382989830684
2018-12-28,-3.0511412174580848
2018-12-29,-2.784407785698418
2018-12-30,-2.8171347864649237
2018-12-31,-2.6334841508516154
2019-01-01,-2.522835706728288
2019-01-02,-2.5934896230252966
2019-01-03,-3.826750104681104
2019-01-04,-3.4056553684822197
2019-01-05,-2.83904371796098
2019-01-06,-2.367354870656399
2019-01-07,-3.096316717684589
2019-01-08,-3.6193361950748892
2019-01-09,-3.9273360697423145
2019-01-10,-3.8735866879643788
2019-01-11,-3.4587957230749544
2019-01-12,-3.1208202454859624
2019-01-13,-2.847787209280984
2019-01-14,-3.381553103793857
2019-01-15,-3.0476915476829807
2019-01-16,-2.882909663126089
2019-01-17,-3.0183258361940206
2019-01-18,-3.466893844828711
2019-01-19,-3.3169922733083284
2019-01-20,-3.336294321323676
2019-01-21,-3.7710187099747294
2019-01-22,-3.2460555629148193
2019-01-23,-3.386511418206333
2019-01-24,-3.357916781220601
2019-01-25,-3.6041274651739013
2019-01-26,-3.5758234939227265
2019-01-27,-3.1585567584945196
2019-01-28,-2.8883546694400306
2019-01-29,-3.590665649288606
2019-01-30,-3.2166638260626184
2019-01-31,-2.2741546545174485
2019-02-01,-2.207738368246264
2019-02-02,-2.695478588592115
2019-02-03,-2.3002024893601054
2019-02-04,-2.4601962906123425
2019-02-05,-2.8048297070641333
2019-02-06,-2.725513541963269
2019-02-07,-2.4302341751580423
2019-02-08,-2.7073954134936016
2019-02-09,-2.775835658175576
2019-02-10,-2.134828058226489
2019-02-11,-1.4658030825226336
2019-02-12,-1.9628581524022295
2019-02-13,-3.0091848699069477
2019-02-14,-3.3002493226701155
2019-02-15,-3.1053664954009546
2019-02-16,-3.4152496754131656
2019-02-17,-3.793127225306403
2019-02-18,-3.4747673541049022
2019-02-19,-3.0060063667033035
2019-02-20,-3.00065080047172
2019-02-21,-2.9226581283773587
2019-02-22,-3.0603087974495997
2019-02-23,-2.7887403696867197
2019-02-24,-2.9783381512136855
2019-02-25,-2.1111163527700274
2019-02-26,-2.5168616520536666
2019-02-27,-1.740903990696088
2019-02-28,-2.194223743385944
2019-03-01,-2.569275087994256
2019-03-02,-2.606889650209811
2019-03-03,-2.523040328132055
2019-03-04,-2.770660906109777
2019-03-05,-2.755939388364102
2019-03-06,-2.6538774928637183
2019-03-07,-2.9788345968790253
2019-03-08,-3.0850402382716515
2019-03-09,-1.9579017731257669
2019-03-10,-2.0651344480770244
2019-03-11,-2.3321408619879276
2019-03-12,-2.299325673928627
2019-03-13,-2.884091780123629
2019-03-14,-2.95681614603322
2019-03-15,-3.1722611031327697
2019-03-16,-3.651933206541758
2019-03-17,-3.362202025873468
2019-03-18,-3.2653119260017798
2019-03-19,-2.559784019005177
2019-03-20,-2.528196344815018
2019-03-21,-2.0828921046346314
2019-03-22,-2.527473237093115
2019-03-23,-2.296574613666881
2019-03-24,-2.6477055020756968
2019-03-25,-3.457352390859563
2019-03-26,-3.6254587569883205
2019-03-27,-3.5408751434137677
2019-03-28,-3.326589776322533
2019-03-29,-2.872257907465529
2019-03-30,-3.0198622703516462
2019-03-31,-3.528226411773004
2019-04-01,-3.2277654561791027
2019-04-02,-3.6344200620916736
2019-04-03,-3.621434117422693
2019-04-04,-3.008288031454074
2019-04-05,-2.8567491291670644
2019-04-06,-2.8012590019675265
2019-04-07,-2.9388488953662595
2019-04-08,-3.0137492652287343
2019-04-09,-3.0496920327712775
2019-04-10,-2.9141383916074344
2019-04-11,-2.8640567826755214
2019-04-12,-3.1392350276549394
2019-04-13,-2.845883049529425
2019-04-14,-3.5501160629007225
2019-04-15,-3.0702235658376367
2019-04-16,-2.2940153608611014
2019-04-17,-2.9307785156827437
2019-04-18,-2.5536268573659267
2019-04-19,-2.1677364392588134
2019-04-20,-2.82698018725139
2019-04-21,-2.410622590872563
2019-04-22,-2.4723378102029585
2019-04-23,-3.165277096544516
2019-04-24,-3.630520142942172
2019-04-25,-3.5098136413072085
2019-04-26,-3.395742381744421
2019-04-27,-3.3412185375361285
2019-04-28,-3.4479605528299024
2019-04-29,-3.337480623854221
2019-04-30,-3.0411432787556776
2019-05-01,-3.352660490857722
2019-05-02,-3.4718232642027083
2019-05-03,-3.5701882262823035
2019-05-04,-3.44484776184162
2019-05-05,-3.599671294338519
2019-05-06,-3.5003230650901944
2019-05-07,-3.2395878483138447
2019-05-08,-2.767333220423654
2019-05-09,-3.183547416332737
2019-05-10,-3.2950754506355566
2019-05-11,-3.470742379567849
2019-05-12,-3.6948050527149423
2019-05-13,-3.8810916883501205
2019-05-14,-3.9458813163466724
2019-05-15,-3.988791080256932
2019-05-16,-4.2343946851394065
2019-05-17,-4.003196084285239
2019-05-18,-4.0047869086024805
2019-05-19,-4.2844842801770815
2019-05-20,-4.50275418737649
2019-05-21,-4.163548365953114
2019-05-22,-4.076528724114199
2019-05-23,-3.6318828540777757
2019-05-24,-3.2186049686199243
2019-05-25,-3.4360379393874485
2019-05-26,-3.3228823801958614
2019-05-27,-3.110645729328706
2019-05-28,-2.9989988327470547
2019-05-29,-3.5269266702900075
2019-05-30,-3.4121320920304883
2019-05-31,-3.3277105042257964
2019-06-01,-3.228613708209673
2019-06-02,-2.875411702699615
2019-06-03,-3.166838585497724
2019-06-04,-2.9045756404732868
2019-06-05,-2.9695168517547934
2019-06-06,-2.4172291106880377
2019-06-07,-2.472728776242213
2019-06-08,-3.103312128834638
2019-06-09,-2.6797263765979302
2019-06-10,-2.3475780817241123
2019-06-11,-2.490186912516755
2019-06-12,-3.0616779036981705
2019-06-13,-3.7389717972767227
2019-06-14,-4.106734319536414
2019-06-15,-4.055708138014052
2019-06-16,-4.047527926850447
2019-06-17,-3.6235270750196436
2019-06-18,-3.695067316513034
2019-06-19,-3.6663875158582373
2019-06-20,-4.215550372320581
2019-06-21,-4.328689778743945
2019-06-22,-4.26080582811708
2019-06-23,-4.323836489260172
2019-06-24,-3.946229812451294
2019-06-25,-3.9366291665510404
2019-06-26,-3.737690003516668
2019-06-27,-3.39842573190995
2019-06-28,-3.0472138400377315
2019-06-29,-3.433266888054438
2019-06-30,-3.013668243037933
2019-07-01,-3.0674246499540594
2019-07-02,-3.261459735959402
2019-07-03,-3.030178565726959
2019-07-04,-3.214663313577041
2019-07-05,-3.473712119901303
2019-07-06,-3.0336803427751056
2019-07-07,-2.8014577033344277
2019-07-08,-2.885246534126529
2019-07-09,-2.938047402281816
2019-07-10,-2.8882448790117934
2019-07-11,-3.3653762987682048
2019-07-12,-3.7259106275803027
2019-07-13,-3.734673373582916
2019-07-14,-3.604649708370308
2019-07-15,-3.0227617038554526
2019-07-16,-2.9797038719902256
2019-07-17,-3.385346350073616
2019-07-18,-3.582062094849345
2019-07-19,-3.9729352515026704
2019-07-20,-3.6465666871397557
2019-07-21,-3.8710362332287365
2019-07-22,-3.7479408359981115
2019-07-23,-3.1665702540472664
2019-07-24,-2.7711483012332994
2019-07-25,-2.9231388149431266
2019-07-26,-2.579972477429633
2019-07-27,-3.0309206068271637
2019-07-28,-2.626368476118738
2019-07-29,-2.4266027557606904
2019-07-30,-3.268095174923628
2019-07-31,-2.9488035612913452
2019-08-01,-3.521626530553324
2019-08-02,-3.5218680460630747
2019-08-03,-2.86664065731051
2019-08-04,-3.469354303073807
2019-08-05,-3.248316010691623
2019-08-06,-3.1328813716367683
2019-08-07,-3.3144403121687427
2019-08-08,-3.0974097163695573
2019-08-09,-2.9442357162692097
2019-08-10,-3.0847017674660946
2019-08-11,-3.4224311862177608
2019-08-12,-2.7757102535511433
2019-08-13,-2.8936235296883206
2019-08-14,-3.368004589845359
2019-08-15,-2.982181161115104
2019-08-16,-2.834483053131572
2019-08-17,-3.1895126889198413
2019-08-18,-2.6502430040151053
2019-08-19,-3.1809290639148506
2019-08-20,-3.2359409139872266
2019-08-21,-3.2954258188971366
2019-08-22,-2.8295177398014775
2019-08-23,-2.795163364603037
2019-08-24,-2.9605984204458498
2019-08-25,-2.8524845362721343
2019-08-26,-2.325543584798829
2019-08-27,-3.104201548247361
2019-08-28,-3.090132231663746
2019-08-29,-3.0005029138463617
2019-08-30,-2.799413937206009
2019-08-31,-2.9332503097741434
2019-09-01,-2.9503784790003276
2019-09-02,-2.8018554495396484
2019-09-03,-2.456066099794823
2019-09-04,-2.365816247726072
2019-09-05,-2.6497905646460267
2019-09-06,-2.6115821994008592
2019-09-07,-2.79025476320114
2019-09-08,-2.5412695921522266
2019-09-09,-3.063610884950287
2019-09-10,-3.3988483478113127
2019-09-11,-3.5093981574576305
2019-09-12,-3.1350680835548106
2019-09-13,-2.798894989485002
2019-09-14,-3.8738075861134487
2019-09-15,-4.724813918532869
2019-09-16,-4.3993249279009286
2019-09-17,-4.093802878462693
2019-09-18,-4.196310381805452
2019-09-19,-4.2278865059494475
2019-09-20,-4.3186744764975105
2019-09-21,-4.462073599590751
2019-09-22,-3.7623083905663863
2019-09-23,-3.1273068625008427
2019-09-24,-3.1312415685988215
2019-09-25,-3.1084376901738895
2019-09-26,-3.5165513891864437
2019-09-27,-3.601377054919264
2019-09-28,-3.5077196493120737
2019-09-29,-3.5734873682448134
2019-09-30,-3.2279156897300507
2019-10-01,-3.246019894411343
2019-10-02,-3.0654915265711806
2019-10-03,-3.5647419970505876
2019-10-04,-3.4386166474371533
2019-10-05,-3.72877635948038
2019-10-06,-3.621039319007818
2019-10-07,-3.6760750122959163
2019-10-08,-3.7636917428300447
2019-10-09,-3.2336693146789157
2019-10-10,-3.160578050683642
2019-10-11,-3.9609925135457544
2019-10-12,-3.2271703594415193
2019-10-13,-2.1848812091046574
2019-10-14,-2.770998927271787
2019-10-15,-2.932554601006299
2019-10-16,-3.844658442187616
2019-10-17,-3.316847821439586
2019-10-18,-2.914938676651128
2019-10-19,-3.319978070919091
2019-10-20,-3.8838866339572573
2019-10-21,-3.692128304885174
2019-10-22,-3.1881166101362246
2019-10-23,-2.6280934146238444
2019-10-24,-3.4321902694109006
2019-10-25,-3.7322240355188563
2019-10-26,-4.198583986128273
2019-10-27,-4.252708612865872
2019-10-28,-3.6702505558090204
2019-10-29,-3.761625139103051
2019-10-30,-3.8061558507601085
2019-10-31,-3.5167429363495826
2019-11-01,-3.6463761368984864
2019-11-02,-3.7040453452884754
2019-11-03,-3.859565898787786
2019-11-04,-4.267270074251608
2019-11-05,-3.54201703561893
2019-11-06,-3.233816007718289
2019-11-07,-3.5706534957851894
2019-11-08,-3.844083817421306
2019-11-09,-3.1080580277869223
2019-11-10,-2.8962103141811926
2019-11-11,-3.0929417439485913
2019-11-12,-3.668724008404429
2019-11-13,-4.3848145846244675
2019-11-14,-3.781249779740513
2019-11-15,-3.174205551070314
2019-11-16,-5.101681826762755
2019-11-17,-5.959126703840472
2019-11-18,-4.716843768084024
2019-11-19,-4.687829120976637
2019-11-20,-4.875338780914759
2019-11-21,-4.8789060681725696
2019-11-22,-5.063351742927126
2019-11-23,-5.443668723110643
2019-11-24,-5.380118032147223
2019-11-25,-5.16986198925037
2019-11-26,-4.645717815761456
2019-11-27,-4.504488219935913
2019-11-28,-6.08268291655771
2019-11-29,-5.818616389856253
2019-11-30,-4.776899450948163
2019-12-01,-5.081150550539709
2019-12-02,-4.530823791450843
2019-12-03,-4.764093284493539
2019-12-04,-4.283894636374926
2019-12-05,-4.477881951437918
2019-12-06,-4.71603389921888
2019-12-07,-3.788034357105151
2019-12-08,-3.371212203884359
2019-12-09,-3.590231823183687
2019-12-10,-3.64943877639468
2019-12-11,-4.319849889984195
2019-12-12,-4.215030396980002
2019-12-13,-4.049617051116544
2019-12-14,-4.099318993838513
2019-12-15,-3.953546154562186
2019-12-16,-4.6951403416756925
2019-12-17,-3.816017563632434
2019-12-18,-3.5552155425348815
2019-12-19,-3.512784138477998
2019-12-20,-3.5917495047775825
2019-12-21,-3.4983109722071726
2019-12-22,-2.8799709975043144
2019-12-23,-3.449472811137155
2019-12-24,-3.8624999390514674
2019-12-25,-4.058988722857175
2019-12-26,-4.5004580266415655
2019-12-27,-4.038446346136224
2019-12-28,-4.496467444820566
2019-12-29,-4.393885147422828
2019-12-30,-4.768740983850069
2019-12-31,-5.064524934289252
2020-01-01,-4.736378235247321
2020-01-02,-4.608106033496091
2020-01-03,-4.192338245783904
2020-01-04,-4.975994690243047
2020-01-05,-4.921292436613201
2020-01-06,-4.667666298678448
2020-01-07,-4.582003979164813
2020-01-08,-4.685506514159509
2020-01-09,-4.286684305456576
2020-01-10,-4.11602927191013
2020-01-11,-4.736947979812449
2020-01-12,-5.001092292639702
2020-01-13,-4.825718295128761
2020-01-14,-4.521539969326788
2020-01-15,-4.270433647765647
2020-01-16,-4.136549192224001
2020-01-17,-4.6336902960803314
2020-01-18,-4.12542579553671
2020-01-19,-4.324277545615098
2020-01-20,-3.877160777586987
2020-01-21,-3.6526950392839352
2020-01-22,-4.001338378274559
2020-01-23,-3.9037623685175546
2020-01-24,-3.9918668984713177
2020-01-25,-4.356005659042829
2020-01-26,-3.486160011933347
2020-01-27,-3.7956631278842465
2020-01-28,-3.5938514431864244
2020-01-29,-3.5375749842015303
2020-01-30,-3.6121065198022464
2020-01-31,-3.9453084216231336
2020-02-01,-4.072501157261665
2020-02-02,-2.9049258964678013
2020-02-03,-3.5640406860973672
2020-02-04,-3.7950814699786743
2020-02-05,-3.068664956324173
2020-02-06,-4.060143844186133
2020-02-07,-3.6984912438393276
2020-02-08,-3.6456929588442994
2020-02-09,-3.7102707700672166
2020-02-10,-3.5280659772472975
2020-02-11,-3.4861075034586158
2020-02-12,-3.574872390813083
2020-02-13,-3.454739379639026
2020-02-14,-3.792116356912474
2020-02-15,-3.6843553490891487
2020-02-16,-3.7084407143135123
2020-02-17,-3.528842152067921
2020-02-18,-3.9441108453365996
2020-02-19,-3.685780026074642
2020-02-20,-3.6499874536247883
2020-02-21,-3.705320133477135
2020-02-22,-3.9224383787706145
2020-02-23,-3.8277999193394985
2020-02-24,-4.265834728762671
2020-02-25,-4.312277571729473
2020-02-26,-4.07495514991834
2020-02-27,-3.9034952310180984
2020-02-28,-3.833054698895125
2020-02-29,-3.692621486241289
2020-03-01,-3.6432152920368654
2020-03-02,-3.643040807859566
2020-03-03,-3.6978186957662498
2020-03-04,-3.7476823684313847
2020-03-05,-3.7263387078719368
2020-03-06,-3.5407598521907877
2020-03-07,-3.3581375143186873
2020-03-08,-3.812968708953112
2020-03-09,-3.492881724397086
2020-03-10,-3.8007900627702287
2020-03-11,-4.266416315190749
2020-03-12,-4.457854417913081
2020-03-13,-4.622353417168393
2020-03-14,-4.693336938748217
2020-03-15,-4.085909748221618
2020-03-16,-4.11186701675197
2020-03-17,-5.03725523894474
2020-03-18,-4.284448577677727
2020-03-19,-4.568625616806091
2020-03-20,-4.422066749856564
2020-03-21,-4.606122730489063
2020-03-22,-4.9400083857779915
2020-03-23,-4.905518510502608
2020-03-24,-4.598866611493795
2020-03-25,-4.508333996818787
2020-03-26,-4.560552668644579
2020-03-27,-5.202844248385786
2020-03-28,-4.860812853546649
2020-03-29,-4.97537485135323
2020-03-30,-5.1361128444137
2020-03-31,-4.160331884008042
2020-04-01,-4.662515360448793
2020-04-02,-5.204763602724143
2020-04-03,-4.829826253069276
2020-04-04,-4.646874022454217
2020-04-05,-4.356306050335686
2020-04-06,-4.4508914089121125
2020-04-07,-4.203182690870187
2020-04-08,-4.354973422247009
2020-04-09,-4.5373136432519106
2020-04-10,-4.2168221410932
2020-04-11,-4.250388646932847
2020-04-12,-3.874722269610684
2020-04-13,-3.8739585644211196
2020-04-14,-3.9255669772368615
2020-04-15,-4.296952202705992
2020-04-16,-4.108194756327442
2020-04-17,-4.297704072322545
2020-04-18,-3.947718940161965
2020-04-19,-4.1369777972102915
2020-04-20,-3.554556651997958
2020-04-21,-4.250272071435839
2020-04-22,-4.002286276943475
2020-04-23,-4.240970101379557
2020-04-24,-3.5937455157344957
2020-04-25,-3.438109742767075
2020-04-26,-3.3501640855796713
2020-04-27,-3.4343540551880247
2020-04-28,-4.166132313389512
2020-04-29,-3.832970906904992
2020-04-30,-3.484033146104728
2020-05-01,-3.6073139860155377
2020-05-02,-4.097166970783141
2020-05-03,-4.008143563062471
2020-05-04,-3.893814616719186
2020-05-05,-3.863668125624751
2020-05-06,-4.286846333218651
2020-05-07,-4.317450716060126
2020-05-08,-4.043086508961779
2020-05-09,-3.931473191813464
2020-05-10,-4.621223094392003
2020-05-11,-4.2843573882306
2020-05-12,-3.8236272156155793
2020-05-13,-3.513402762334363
2020-05-14,-3.6710658822598266
2020-05-15,-3.720544941946548
2020-05-16,-4.718417857336258
2020-05-17,-3.554264976063877
2020-05-18,-3.6424528535913603
2020-05-19,-3.837312460646234
2020-05-20,-4.193177047806042
2020-05-21,-4.114460582355724
2020-05-22,-3.834171872059538
2020-05-23,-3.7190842355724127
2020-05-24,-2.562527179137015
2020-05-25,-3.049759111739876
2020-05-26,-3.2010894025149246
2020-05-27,-3.670374120389847
2020-05-28,-3.9276391174502314
2020-05-29,-3.979539747501441
2020-05-30,-3.6949429594551857
2020-05-31,-4.504388846047712
2020-06-01,-4.805992167619078
2020-06-02,-4.57653606487355
2020-06-03,-4.065877662254273
2020-06-04,-3.762447995932956
2020-06-05,-3.083329822606078
2020-06-06,-3.3065583488951007
2020-06-07,-4.134931704669027
2020-06-08,-4.356179501692476
2020-06-09,-4.0631855249666735
2020-06-10,-3.93290395265984
2020-06-11,-3.6206717036543545
2020-06-12,-3.576275159902587
2020-06-13,-4.074267424062068
2020-06-14,-3.952987402298665
2020-06-15,-3.8493572635781175
2020-06-16,-3.7758379443898336
2020-06-17,-3.354616289689949
2020-06-18,-3.6855435000819066
2020-06-19,-3.5708029345049743
2020-06-20,-3.89311308911591
2020-06-21,-3.585748404116511
2020-06-22,-3.077383740388103
2020-06-23,-3.709011158764871
2020-06-24,-3.9943651800013815
2020-06-25,-3.415558920563106
2020-06-26,-4.08187346297135
2020-06-27,-4.174432489433785
2020-06-28,-4.5377295664855275
2020-06-29,-5.3743598464034985
2020-06-30,-4.950248062510784
2020-07-01,-3.926686631424217
2020-07-02,-3.731051373722735
2020-07-03,-3.6151063685580387
2020-07-04,-3.9046664934850295
2020-07-05,-3.603441690692264
2020-07-06,-3.38225715517584
2020-07-07,-4.0350031127226655
2020-07-08,-3.9518232308972507
2020-07-09,-3.747934478899827
2020-07-10,-4.294425578059527
2020-07-11,-4.564136110278883
2020-07-12,-4.2162138581259265
2020-07-13,-4.064529625549215
2020-07-14,-3.753952613795123
2020-07-15,-3.689788665589804
2020-07-16,-3.748853002608112
2020-07-17,-4.130783734463411
2020-07-18,-3.6808141689557483
2020-07-19,-3.4421900284396583
2020-07-20,-3.4748583941590705
2020-07-21,-2.813395303928586
2020-07-22,-2.8057773478201598
2020-07-23,-3.088507567317569
2020-07-24,-3.1591465957152196
2020-07-25,-3.6527822830157985
2020-07-26,-3.4685873683488677
2020-07-27,-3.277448801192019
2020-07-28,-4.196319998498425
2020-07-29,-3.6395014469405287
2020-07-30,-3.447154587946599
2020-07-31,-3.4769975718560606
2020-08-01,-4.26294372401005
2020-08-02,-3.751235451509289
2020-08-03,-3.860413238563957
2020-08-04,-3.840723185819056
2020-08-05,-4.283813076435097
2020-08-06,-3.273002898144293
2020-08-07,-3.264350332843352
2020-08-08,-3.523450292543072
2020-08-09,-3.562436082914462
2020-08-10,-4.269580614907129
2020-08-11,-4.525638741478979
2020-08-12,-3.6590374131913745
2020-08-13,-2.5695422275723896
2020-08-14,-2.2719436707344234
2020-08-15,-2.9141920638774343
2020-08-16,-2.4582585822544454
2020-08-17,-2.468649664956212
2020-08-18,-3.2469387183015104
2020-08-19,-3.064171746298403
2020-08-20,-3.263190344517503
2020-08-21,-3.2972605673367155
2020-08-22,-3.30151189153695
2020-08-23,-2.9049318197313667
2020-08-24,-2.5955477977619172
2020-08-25,-2.873766889518964
2020-08-26,-2.3510454462220216
2020-08-27,-2.079655193865335
2020-08-28,-3.085789350546181
2020-08-29,-3.5601740229974275
2020-08-30,-3.5107190777555037
2020-08-31,-2.228589838220526
2020-09-01,-2.567100425196371
2020-09-02,-4.203181268923497
2020-09-03,-4.1667021356854335
2020-09-04,-3.6307387484941773
2020-09-05,-2.9036989422920665
2020-09-06,-2.5000723367494553
2020-09-07,-2.430651949153383
2020-09-08,-2.8958491984288357
2020-09-09,-3.2579372848819674
2020-09-10,-3.530691518364768
2020-09-11,-2.8450963798671327
2020-09-12,-3.6458016838958907
2020-09-13,-3.8478710547140027
2020-09-14,-3.3800948549075653
2020-09-15,-3.3988662054342664
2020-09-16,-2.9224949352821636
2020-09-17,-3.368107069484829
2020-09-18,-3.24800503831561
2020-09-19,-3.990596436606653
2020-09-20,-4.780946086793028
2020-09-21,-3.9948515391449693
2020-09-22,-3.7578651806098824
2020-09-23,-3.6318102525321776
2020-09-24,-3.8164870473632693
2020-09-25,-3.9163946744790707
2020-09-26,-4.289474907990029
2020-09-27,-3.9138859464998905
2020-09-28,-3.9070745995324225
2020-09-29,-4.0040697815092425
2020-09-30,-3.5506370711942674
2020-10-01,-3.8504881915169884
2020-10-02,-3.7375974097113946
2020-10-03,-4.131694411499275
2020-10-04,-3.252117395256005
2020-10-05,-3.829338064598642
2020-10-06,-3.8502887780382036
2020-10-07,-4.295174193109999
2020-10-08,-3.8973448845362295
2020-10-09,-4.1041444220131
2020-10-10,-3.906156718499151
2020-10-11,-3.210973721750511
2020-10-12,-3.434890852153225
2020-10-13,-3.507188534620045
2020-10-14,-3.3939953250433708
2020-10-15,-3.699892157463116
2020-10-16,-4.607229984750298
2020-10-17,-3.603398241118067
2020-10-18,-2.6630806460180687
2020-10-19,-3.0481046248981793
2020-10-20,-3.020260197636984
2020-10-21,-3.116642683923238
2020-10-22,-3.486661868391385
2020-10-23,-3.811854806708063
2020-10-24,-2.8106922416758158
2020-10-25,-3.7818462726394477
2020-10-26,-3.6732302781118573
2020-10-27,-4.0921990962146095
2020-10-28,-4.025685269698903
2020-10-29,-3.496368883436696
2020-10-30,-3.8322999501770085
2020-10-31,-3.7217094742228483
2020-11-01,-3.236620638081477
2020-11-02,-4.033171803737002
2020-11-03,-3.7416839258084793
2020-11-04,-3.164766241929769
2020-11-05,-2.8755539838530777
2020-11-06,-2.190325422935245
2020-11-07,-2.9716413750736854
2020-11-08,-1.9716631254886159
2020-11-09,-2.5579566498790904
2020-11-10,-3.0823703958163318
2020-11-11,-2.406200654080376
2020-11-12,-1.6919329923829525
2020-11-13,-3.064812086160438
2020-11-14,-4.325047875995166
2020-11-15,-3.4688757449402434
2020-11-16,-3.4508760953205093
2020-11-17,-2.9814527620353477
2020-11-18,-3.29468235613731
2020-11-19,-3.0604895712324054
2020-11-20,-3.2081758514066414
2020-11-21,-3.2924050997804444
2020-11-22,-3.0956034749305674
2020-11-23,-1.7229667838596752
2020-11-24,-2.5620101728263465
2020-11-25,-3.605888531243464
2020-11-26,-3.219838242883936
2020-11-27,-5.058571642599454
2020-11-28,-5.7174041344357525
2020-11-29,-5.10663767697501
2020-11-30,-4.746944199955834
2020-12-01,-4.267391751919069
2020-12-02,-3.623649350796043
2020-12-03,-3.633599408014135
2020-12-04,-3.565780601737456
2020-12-05,-3.5217592893602276
2020-12-06,-3.3571702003947994
2020-12-07,-3.0999618919644805
2020-12-08,-2.7284237245277203
2020-12-09,-3.4159038775982187
2020-12-10,-2.8068232522629204
2020-12-11,-3.06196832756122
2020-12-12,-4.88239110921717
2020-12-13,-4.878652207173236
2020-12-14,-4.296334157588898
2020-12-15,-3.8448699244933264
2020-12-16,-2.9744581161109105
2020-12-17,-3.1515099048657653
2020-12-18,-3.3904444826722564
2020-12-19,-2.8782059894917995
2020-12-20,-2.9142954952079956
2020-12-21,-2.8761782112070198
2020-12-22,-2.6694111625565022
2020-12-23,-3.182660176815242
2020-12-24,-4.751921748699957
2020-12-25,-3.683935060211817
2020-12-26,-3.5450755143731594
2020-12-27,-3.7561177963764765
2020-12-28,-3.359732213438484
2020-12-29,-3.177632821481972
2020-12-30,-3.7857512938632603
2020-12-31,-4.633687278608096
2021-01-01,-4.477067480317896
2021-01-02,-4.148828894532852
2021-01-03,-4.644439705925992
2021-01-04,-3.4945193600449134
2021-01-05,-3.2762793881667434
2021-01-06,-3.6624497326631107
2021-01-07,-3.75074175101984
2021-01-08,-3.6534390827692755
2021-01-09,-3.5797555864787656
2021-01-10,-3.5289011487149824
2021-01-11,-3.54592136693022
2021-01-12,-3.3615287755559855
2021-01-13,-3.501717346373502
2021-01-14,-2.7912988208084597
2021-01-15,-2.975329408208167
2021-01-16,-3.053695395083962
2021-01-17,-2.9709286839684705
2021-01-18,-3.4346947880112983
2021-01-19,-2.661144249169771
2021-01-20,-2.13968833187733
2021-01-21,-2.1342061384532656
2021-01-22,-2.7424844400243633
2021-01-23,-2.7448565572823886
2021-01-24,-2.2851477979709354
2021-01-25,-2.458189793520045
2021-01-26,-2.387529522620182
2021-01-27,-2.1304831442392556
2021-01-28,-2.558817200840559
2021-01-29,-2.0836746505605426
2021-01-30,-3.0157683380560014
2021-01-31,-2.409020465732202
2021-02-01,-2.301883524509747
2021-02-02,-1.9456384468806882
2021-02-03,-2.2402715228784364
2021-02-04,-4.3545299075778034
2021-02-05,-2.915988693152561
2021-02-06,-2.556932875498197
2021-02-07,-2.199767780072673
2021-02-08,-2.4515726492331713
2021-02-09,-2.376636293785804
2021-02-10,-2.2693151703058234
2021-02-11,-2.1249461633669244
2021-02-12,-2.7891590891375277
2021-02-13,-3.1529814818379585
2021-02-14,-2.7221974135517155
2021-02-15,-2.8985913702424737
2021-02-16,-3.2222726494272016
2021-02-17,-2.1713831907677363
2021-02-18,-1.737302222423158
2021-02-19,-1.9347611279961323
2021-02-20,-1.994610640117257
2021-02-21,-2.4570597780452146
2021-02-22,-2.396274065377182
2021-02-23,-2.322141473261885
2021-02-24,-3.3209213727715183
2021-02-25,-2.548722392235173
2021-02-26,-3.468225524452242
2021-02-27,-3.816211137950994
2021-02-28,-3.220329712410796
2021-03-01,-3.4337752355094735
2021-03-02,-3.440867762695163
2021-03-03,-3.1936494952063987
2021-03-04,-2.866112153171895
2021-03-05,-2.7587598108824185
2021-03-06,-2.315285324518215
2021-03-07,-3.316096380311556
2021-03-08,-3.2576062143733022
2021-03-09,-3.359881174065998
2021-03-10,-2.614855185444377
2021-03-11,-2.276732337372441
2021-03-12,-3.606864201894152
2021-03-13,-3.4982794118093965
2021-03-14,-3.777314997295061
2021-03-15,-4.110572052357129
2021-03-16,-3.416669016110301
2021-03-17,-3.078274017869427
2021-03-18,-3.6809292577105195
2021-03-19,-3.2510796916173397
2021-03-20,-2.807058124270935
2021-03-21,-3.605978086617506
2021-03-22,-2.937336902404806
2021-03-23,-2.779648857582706
2021-03-24,-2.3295803577154452
2021-03-25,-2.309084550054612
2021-03-26,-2.260873646628477
2021-03-27,-0.1684319888667735
2021-03-28,-0.9143379020897373
2021-03-29,-1.6276725000640262
2021-03-30,-1.9206119669480572
2021-03-31,-1.9527154872124655
2021-04-01,-1.3461756842601993
2021-04-02,-0.6785063367399367
2021-04-03,-1.9223404504748833
2021-04-04,-2.505835490081177
2021-04-05,-2.1936425091365344
2021-04-06,-2.191871497853024
2021-04-07,-1.9121380109025434
2021-04-08,-2.3355618937887086
2021-04-09,-2.4039739996548035
2021-04-10,-2.0221419598592174
2021-04-11,-3.0159979138617157
2021-04-12,-3.732737256683664
2021-04-13,-3.3657839066045216
2021-04-14,-3.088990981673626
2021-04-15,-3.211162209055575
2021-04-16,-2.6189137212060474
2021-04-17,-2.321655243727608
2021-04-18,-2.4656436531724673
2021-04-19,-2.0646181553906056
2021-04-20,-1.6435683548028832
2021-04-21,-1.6498613617054423
2021-04-22,-2.3961944345870902
2021-04-23,-2.4385569268156906
2021-04-24,-2.875886481815707
2021-04-25,-2.9304363256659234
2021-04-26,-3.5906987956961474
2021-04-27,-3.1060944477179295
2021-04-28,-2.2381340886144336
2021-04-29,-2.085810256968852
2021-04-30,-1.874756930905841
2021-05-01,-1.2428809177980538
2021-05-02,-2.6799891902360122
2021-05-03,-2.7811603584435804
2021-05-04,-2.631945290134381
2021-05-05,-3.265864346249788
2021-05-06,-2.4753800566040223
2021-05-07,-1.815369903457092
2021-05-08,-2.944690878529486
2021-05-09,-4.005620363623174
2021-05-10,-3.8659625686351866
2021-05-11,-3.7884013739928095
2021-05-12,-3.3581549080788453
2021-05-13,-3.1977927028735555
2021-05-14,-3.209301480287791
2021-05-15,-3.028351304465571
2021-05-16,-3.38393315900293
2021-05-17,-3.235951488534
2021-05-18,-3.057140407481621
2021-05-19,-2.3977035706694023
2021-05-20,-2.4321691364803084
2021-05-21,-3.1586119764636083
2021-05-22,-2.685074543347673
2021-05-23,-2.3107256884785388
2021-05-24,-1.8159957851610353
2021-05-25,-1.5947003242932323
2021-05-26,-2.3228836286804295
2021-05-27,-2.9526320165660604
2021-05-28,-2.7030617203741425
2021-05-29,-3.1142671779247433
2021-05-30,-3.828748353682995
2021-05-31,-2.3920114717766583
2021-06-01,-2.8057316474416507
2021-06-02,-2.4713563491355175
2021-06-03,-2.73507812805749
2021-06-04,-2.68815501973823
2021-06-05,-3.0059069333024353
2021-06-06,-4.0185185819469735
2021-06-07,-2.750302429163411
2021-06-08,-2.318611696468994
2021-06-09,-2.5216552982178837
2021-06-10,-2.4925776252460277
2021-06-11,-2.3645441755693297
2021-06-12,-2.725064732463321
2021-06-13,-2.282004915608871
2021-06-14,-1.8358756670105756
2021-06-15,-1.9414098236260298
2021-06-16,-2.036007302224871
2021-06-17,-2.152834372989527
2021-06-18,-1.9619386908656054
2021-06-19,-1.9929723825044674
2021-06-20,-1.681997338374631
2021-06-21,-1.8275786776571679
2021-06-22,-2.275176134608235
2021-06-23,-2.8920953880513536
2021-06-24,-3.136358394236516
2021-06-25,-2.586605979986897
2021-06-26,-2.496722275215419
2021-06-27,-2.15591594929346
2021-06-28,-3.2267386223414167
2021-06-29,-2.843962805346551
2021-06-30,-2.470561778711109
2021-07-01,-2.807166060021756
2021-07-02,-2.7816300051511638
2021-07-03,-3.6914803273434655
2021-07-04,-3.27800873667795
2021-07-05,-2.86364498117755
2021-07-06,-3.1502307543823207
2021-07-07,-2.8343373335859847
2021-07-08,-2.710831867162746
2021-07-09,-2.853524413549498
2021-07-10,-3.5670981454735293
2021-07-11,-3.33547595340579
2021-07-12,-2.8541721531694213
2021-07-13,-2.9353495880924143
2021-07-14,-4.43508851950708
2021-07-15,-3.3416137738000646
2021-07-16,-3.5322591535777303
2021-07-17,-5.003968129736852
2021-07-18,-3.811809288720207
2021-07-19,-3.5964659182773158
2021-07-20,-3.8640319914528924
2021-07-21,-5.134730810806065
2021-07-22,-4.459727399024521
2021-07-23,-5.815664753517371
2021-07-24,-5.7601798373378825
2021-07-25,-4.1749324464746715
2021-07-26,-4.064868371984897
2021-07-27,-4.368783739773954
2021-07-28,-3.572098563444601
2021-07-29,-3.2942529743722586
2021-07-30,-4.135044507589996
2021-07-31,-5.199642707286477
2021-08-01,-5.794718830641846
2021-08-02,-4.871145713561027
2021-08-03,-3.919507297978361
2021-08-04,-3.874397019533589
2021-08-05,-2.899416125981183
2021-08-06,-3.4548207781193554
2021-08-07,-4.284098613879436
2021-08-08,-3.5920171345710905
2021-08-09,-3.428455775694812
2021-08-10,-4.08213563505941
2021-08-11,-3.519297234967479
2021-08-12,-2.8311713436536134
2021-08-13,-3.3263310143574203
2021-08-14,-3.1665843858261487
2021-08-15,-3.523592621663343
2021-08-16,-2.295268489355916
2021-08-17,-2.9711917576912503
2021-08-18,-2.4114875394599324
2021-08-19,-2.795623189862275
2021-08-20,-3.2817819737084566
2021-08-21,-2.6164212558698265
2021-08-22,-2.6280564465426073
2021-08-23,-2.6418042904536447
2021-08-24,-3.5150452842021207
2021-08-25,-2.6558294476034945
2021-08-26,-1.8310788869634642
2021-08-27,-2.541353248175104
2021-08-28,-2.43399235620838
2021-08-29,-2.7403260448251405
2021-08-30,-2.7834042487941093
2021-08-31,-2.476357258057468
2021-09-01,-2.865833857697595
2021-09-02,-2.8673166649335906
2021-09-03,-3.3935666112935836
2021-09-04,-3.1816361717757315
2021-09-05,-2.7603559384442407
2021-09-06,-2.0700690938596424
2021-09-07,-1.9979378007531967
2021-09-08,-2.0785312536822738
2021-09-09,-2.3592485393748364
2021-09-10,-3.0124850482564933
2021-09-11,-2.8099631504721083
2021-09-12,-1.7678359450414178
2021-09-13,-2.294383766747134
2021-09-14,-2.110915253995193
2021-09-15,-2.524300500026198
2021-09-16,-2.3788550315474413
2021-09-17,-1.8394158897060475
2021-09-18,-1.8103710740656132
2021-09-19,-2.469532287481758
2021-09-20,-2.1617743583318973
2021-09-21,-2.138737964909974
2021-09-22,-1.9970290919137355
2021-09-23,-1.8344302475463758
2021-09-24,-2.35235819355733
2021-09-25,-2.591253073139336
2021-09-26,-2.556276955183806
2021-09-27,-3.0373051567765943
2021-09-28,-3.2473152854605116
2021-09-29,-2.294291696190018
2021-09-30,-2.689924467427311
2021-10-01,-2.4929078751374014
2021-10-02,-3.1573575476450455
2021-10-03,-2.408340122910218
2021-10-04,-3.1142283047872144
2021-10-05,-2.6019155520767536
2021-10-06,-2.0810176169310663
2021-10-07,-2.0160573998593803
2021-10-08,-2.4413288540072324
2021-10-09,-3.375064092071851
2021-10-10,-2.437759653083616
2021-10-11,-2.5746541279266597
2021-10-12,-1.958215303144632
2021-10-13,-1.9620090635484635
2021-10-14,-2.5812298174667734
2021-10-15,-2.446671125370636
2021-10-16,-3.6315767552582017
2021-10-17,-3.1938075299607984
2021-10-18,-2.090543817243481
2021-10-19,-2.2113310129398274
2021-10-20,-2.5524527467738984
2021-10-21,-2.2753254243377077
2021-10-22,-1.7888939430635635
2021-10-23,-2.328865615011
2021-10-24,-3.2655045794883253
2021-10-25,-3.104676731566319
2021-10-26,-2.675545340884127
2021-10-27,-2.202579459102301
2021-10-28,-2.347665976496367
2021-10-29,-2.4661389132835123
2021-10-30,-2.5359778893863902
2021-10-31,-2.870990061968064
2021-11-01,-2.536284049864307
2021-11-02,-2.7345214532703936
2021-11-03,-2.682359291290911
2021-11-04,-2.8464246975547276
2021-11-05,-2.409767356454721
2021-11-06,-2.1684481235570874
2021-11-07,-3.7228748120789583
2021-11-08,-3.3746125773071243
2021-11-09,-3.1361480057772706
2021-11-10,-2.84429788160038
2021-11-11,-2.8838699218698856
2021-11-12,-3.156033906306236
2021-11-13,-3.4816575920827244
2021-11-14,-2.743423837427964
2021-11-15,-2.833941518885225
2021-11-16,-2.103381566976641
2021-11-17,-2.6498810882323096
2021-11-18,-2.975403977037319
2021-11-19,-3.708853905584971
2021-11-20,-3.4218819034509673
2021-11-21,-3.18034987647541
2021-11-22,-2.8831314982258447
2021-11-23,-2.6719289002284508
2021-11-24,-2.757082409880289
2021-11-25,-2.731674398120482
2021-11-26,-2.8245768159242868
2021-11-27,-4.0965626540300395
2021-11-28,-2.51083211754114
2021-11-29,-1.553322075071375
2021-11-30,-1.7447568668004785
2021-12-01,-3.0688545382954975
2021-12-02,-2.5135192104286586
2021-12-03,-2.2409159181076483
2021-12-04,-2.2926236642432247
2021-12-05,-1.7394027582714
2021-12-06,-1.7089662719147758
2021-12-07,-2.5845581564145594
2021-12-08,-2.4694215294379944
2021-12-09,-2.090059946606915
2021-12-10,-2.3333846461243017
2021-12-11,-1.886266803398561
2021-12-12,-1.4097956063271657
2021-12-13,-0.9502875125187286
2021-12-14,-1.897234814470813
2021-12-15,-1.7536328897428397
2021-12-16,-2.695846491650662
2021-12-17,-2.026985464063892
2021-12-18,-2.44759772947341
2021-12-19,-2.6534821899677374
2021-12-20,-2.997146220590564
2021-12-21,-2.4186291038793346
2021-12-22,-2.0642079743159383
2021-12-23,-2.1318764422197205
2021-12-24,-2.621801857292875
2021-12-25,-3.41800445477438
2021-12-26,-3.1356150017761135
2021-12-27,-2.6183778876187156
2021-12-28,-2.4038661538305477
2021-12-29,-2.1595031525107116
2021-12-30,-2.3091222630287542
2021-12-31,-2.902874281115825
2022-01-01,-3.715084384591104
2022-01-02,-3.4421467504532637
2022-01-03,-4.014100543038449
2022-01-04,-3.9595069941442524
2022-01-05,-3.16311434231869
2022-01-06,-3.23582077572005
2022-01-07,-3.53914766455769
2022-01-08,-3.427392742837947
2022-01-09,-3.78935398261135
2022-01-10,-2.630716678807387
2022-01-11,-2.1928738941057446
2022-01-12,-2.4642460376402076
2022-01-13,-3.3115484318525756
2022-01-14,-2.47941319480977
2022-01-15,-1.8853317030437755
2022-01-16,-3.329266625126472
2022-01-17,-2.651832875802306
2022-01-18,-3.1652985767268955
2022-01-19,-2.69316833007241
2022-01-20,-2.261633422442277
2022-01-21,-2.5314976904569355
2022-01-22,-2.5670133713851504
2022-01-23,-3.7056005620153223
2022-01-24,-3.10762766528112
2022-01-25,-3.205018261157329
2022-01-26,-2.7196980002669497
2022-01-27,-2.748730587734338
2022-01-28,-2.4965337377163683
2022-01-29,-2.825067575865095
2022-01-30,-2.6209934460022817
2022-01-31,-2.9648892845440056
2022-02-01,-2.5649364265294454
2022-02-02,-2.838294864439376
2022-02-03,-2.601247840824871
2022-02-04,-2.688417466672576
2022-02-05,-1.973680733955621
2022-02-06,-2.2869094666296754
2022-02-07,-2.3346645611450154
2022-02-08,-2.1790455862333262
2022-02-09,-2.386413419405298
2022-02-10,-1.9302269700726067
2022-02-11,-1.7223045082877484
2022-02-12,-1.6344774905350021
2022-02-13,-2.1545286395421432
2022-02-14,-1.6711838053865484
2022-02-15,-1.4841127498077449
2022-02-16,-1.7798714680194154
2022-02-17,-2.4401024823205315
2022-02-18,-2.2244693841932603
2022-02-19,-1.3798187645563909
2022-02-20,-1.4347078350771991
2022-02-21,-1.385048633939117
2022-02-22,-2.0405844954861636
2022-02-23,-2.0791081342134006
2022-02-24,-2.6868378420336936
2022-02-25,-2.8653489384047077
2022-02-26,-2.7267706895992005
2022-02-27,-2.5089850010558394
2022-02-28,-1.703831344239376
2022-03-01,-2.343452875325772
2022-03-02,-2.749102094933015
2022-03-03,-2.3837041799475407
2022-03-04,-2.45980845158888
2022-03-05,-1.8495282352993445
2022-03-06,-1.90398344373784
2022-03-07,-2.480757387374555
2022-03-08,-2.5473721046113678
2022-03-09,-2.9929371937305835
2022-03-10,-2.332233639613967
2022-03-11,-2.1676696942237257
2022-03-12,-2.677382609829313
2022-03-13,-4.40267479637386
2022-03-14,-3.7860315282917005
2022-03-15,-3.0276555612685603
2022-03-16,-2.800998024980271
2022-03-17,-2.706107736401624
2022-03-18,-3.1394728338122175
2022-03-19,-2.841352626644484
2022-03-20,-3.0185621764449824
2022-03-21,-2.8847684815205237
2022-03-22,-2.0352893157786327
2022-03-23,-2.055639450687971
2022-03-24,-1.9530078229930428
2022-03-25,-1.914150992676092
2022-03-26,-2.025620221544917
2022-03-27,-1.5669947016332622
2022-03-28,-1.8005874607883532
2022-03-29,-2.566485104170971
2022-03-30,-2.371555297020504
2022-03-31,-2.4813238345777004
2022-04-01,-2.416602220205135
2022-04-02,-2.4276381225597143
2022-04-03,-2.4471296154757853
2022-04-04,-2.3443669171900923
2022-04-05,-2.992992892477163
2022-04-06,-2.6551357772772026
2022-04-07,-3.2388873897983212
2022-04-08,-3.441335696618342
2022-04-09,-3.3644924567971524
2022-04-10,-2.770224905494121
2022-04-11,-2.912627563425369
2022-04-12,-3.5275652894512257
2022-04-13,-2.978475161107993
2022-04-14,-2.9096393175369064
2022-04-15,-3.122308399057301
2022-04-16,-3.7992874700966963
2022-04-17,-3.177536725137421
2022-04-18,-3.0357208004572866
2022-04-19,-2.8495941766721082
2022-04-20,-3.0942966001774357
2022-04-21,-2.904208396627125
2022-04-22,-3.7574667275702653
2022-04-23,-3.8381852936181744
2022-04-24,-3.4267224926295783
2022-04-25,-2.21632834754783
2022-04-26,-2.882129407987416
2022-04-27,-2.2966583526099416
2022-04-28,-2.4357148572970786
2022-04-29,-2.511928729240416
2022-04-30,-2.458155892114089
2022-05-01,-3.3079572857713186
2022-05-02,-3.484188566363524
2022-05-03,-3.186913951881937
2022-05-04,-4.63009756452986
2022-05-05,-3.5597255351070336
2022-05-06,-4.401541704612886
2022-05-07,-3.37047342004507
2022-05-08,-1.8887752397455126
2022-05-09,-1.8877086480952445
2022-05-10,-3.5554652363611585
2022-05-11,-3.3929727898103113
2022-05-12,-3.3574664741545464
2022-05-13,-2.923349171677951
2022-05-14,-2.8940599190529506
2022-05-15,-2.8856338022283907
2022-05-16,-2.6240583646208657
2022-05-17,-3.0766159602782177
2022-05-18,-3.4693299247223037
2022-05-19,-3.626006338437782
2022-05-20,-3.3607672961338455
2022-05-21,-2.40399255240069
2022-05-22,-3.529607324080467
2022-05-23,-4.108277203296497
2022-05-24,-3.804747594556453
2022-05-25,-2.6244333144616174
2022-05-26,-3.5117889565607983
2022-05-27,-3.2851963886759634
2022-05-28,-4.418705748381008
2022-05-29,-3.677292623287461
2022-05-30,-4.156861558796545
2022-05-31,-3.4356668980975043
2022-06-01,-4.036375834255488
2022-06-02,-3.024138706285531
2022-06-03,-3.435202751758497
2022-06-04,-4.192488308135546
2022-06-05,-4.439892034987664
2022-06-06,-3.176410858850664
2022-06-07,-3.214635652341861
2022-06-08,-3.3611388079675963
2022-06-09,-2.838607889503302
2022-06-10,-3.049511582555919
2022-06-11,-2.5672854611693174
2022-06-12,-2.9912898951827183
2022-06-13,-2.782065001466985
2022-06-14,-2.439043674410876
2022-06-15,-1.5986634215527014
2022-06-16,-2.2583377764659502
2022-06-17,-2.5968308005134264
2022-06-18,-2.7358101323669066
2022-06-19,-2.170022420980897
2022-06-20,-2.5349872117540135
2022-06-21,-2.9244779558594445
2022-06-22,-2.753797291798709
2022-06-23,-3.0030166356926
2022-06-24,-3.21881502487595
2022-06-25,-2.036527503892801
2022-06-26,-1.4661371809819723
2022-06-27,-1.7659320409668433
2022-06-28,-2.2090817511300282
2022-06-29,-2.2757405273608162
2022-06-30,-1.8523258776946627
2022-07-01,-2.819121567826591
2022-07-02,-2.7208683389373953
2022-07-03,-3.0665919543775235
2022-07-04,-2.5240199207666154
2022-07-05,-2.562368277217477
2022-07-06,-2.9029656231418293
2022-07-07,-2.516405309817828
2022-07-08,-2.3424183228652042
2022-07-09,-3.801390789557828
2022-07-10,-2.2456373910222487
2022-07-11,-2.7538322435267935
2022-07-12,-2.8929512377018898
2022-07-13,-2.0673166851919027
2022-07-14,-2.6857456670602327
2022-07-15,-2.4549523648445204
2022-07-16,-2.2955866772534876
2022-07-17,-2.467671087402931
2022-07-18,-2.3683201749620775
2022-07-19,-2.2694541996584547
2022-07-20,-2.7098609116125325
2022-07-21,-3.2436583779374994
2022-07-22,-2.868774547134336
2022-07-23,-3.01959111662447
2022-07-24,-3.199468310669147
2022-07-25,-2.498204346305755
2022-07-26,-2.7799659258843064
2022-07-27,-2.353279696264748
2022-07-28,-2.9689731291579893
2022-07-29,-3.3332526747307294
2022-07-30,-4.59689813498034
2022-07-31,-3.9407790075134863
2022-08-01,-3.0006971175487993
2022-08-02,-3.490092337161658
2022-08-03,-2.3264404067075883
2022-08-04,-2.2282351996128096
2022-08-05,-2.5218673573355095
2022-08-06,-3.7139213609515602
2022-08-07,-2.824141677777932
2022-08-08,-2.5270385346882227
2022-08-09,-2.5077182891713647
2022-08-10,-3.318018248205001
2022-08-11,-3.641505404314464
2022-08-12,-3.6279883098575105
2022-08-13,-4.642597169954603
2022-08-14,-4.850123436319791
2022-08-15,-3.721777501621216
2022-08-16,-2.8218869982145454
2022-08-17,-3.002130747327235
2022-08-18,-3.2756644865748954
2022-08-19,-2.806827305793833
2022-08-20,-2.4978523173359095
2022-08-21,-1.8158715642221301
2022-08-22,-1.5978096945657627
2022-08-23,-1.7621455622728854
2022-08-24,-2.133155811668047
2022-08-25,-2.5354438398088477
2022-08-26,-2.827910559902319
2022-08-27,-2.7198527317992505
2022-08-28,-1.8382147063214065
2022-08-29,-2.188347404085618
2022-08-30,-3.50496159171571
2022-08-31,-2.279056818249925
2022-09-01,-2.178707402898286
2022-09-02,-2.0319959243418064
2022-09-03,-3.2810578413833777
2022-09-04,-3.3013933166911253
2022-09-05,-2.7597705896742353
2022-09-06,-3.572839160450585
2022-09-07,-3.580823077704761
2022-09-08,-3.701529875820674
2022-09-09,-2.772659100906315
2022-09-10,-3.072973838155341
2022-09-11,-2.1579503598961063
2022-09-12,-2.7580787654350796
2022-09-13,-2.7002200692525427
2022-09-14,-2.891354776448352
2022-09-15,-2.9494867965706093
2022-09-16,-3.009948143367601
2022-09-17,-4.085008903946434
2022-09-18,-4.503953454931328
2022-09-19,-4.7643485045402745
2022-09-20,-5.2989808250274
2022-09-21,-5.643037531327732
2022-09-22,-6.178771904128902
2022-09-23,-6.165185844011036
2022-09-24,-6.33306796910002
2022-09-25,-6.097728638362717
2022-09-26,-6.525490912902343
2022-09-27,-5.783080969322348
2022-09-28,-5.900995447645358
2022-09-29,-5.828439564938586
2022-09-30,-5.972797350853169
2022-10-01,-6.425186380103028
2022-10-02,-6.112900228923272
2022-10-03,-6.085665776385634
2022-10-04,-5.646261778699458
2022-10-05,-5.564776954211743
2022-10-06,-5.345509386936113
2022-10-07,-5.713105274069108
2022-10-08,-6.0783815957985565
2022-10-09,-6.432433437883466
2022-10-10,-6.222840177255912
2022-10-11,-5.921931261176583
2022-10-12,-6.023114401398952
2022-10-13,-5.159252701830955
2022-10-14,-5.322163111647367
2022-10-15,-5.777204861032785
2022-10-16,-7.010685941051025
2022-10-17,-6.358415467197666
2022-10-18,-5.181722904010478
2022-10-19,-4.496754811697938
2022-10-20,-4.908320858524089
2022-10-21,-4.705125435293042
2022-10-22,-4.642252477343405
2022-10-23,-4.66055844227073
2022-10-24,-4.336244090794877
2022-10-25,-5.1598263973581435
2022-10-26,-5.645915395009609
2022-10-27,-6.306177637372826
2022-10-28,-6.462379313201954
2022-10-29,-6.6771568239404075
2022-10-30,-5.890521872687404
2022-10-31,-5.77384709110495
2022-11-01,-4.573009184389776
2022-11-02,-4.447776276635302
2022-11-03,-4.690835855210318
2022-11-04,-5.1612543847656704
2022-11-05,-5.147150790027328
2022-11-06,-5.747139559119705
2022-11-07,-5.141255892162843
2022-11-08,-4.7004549833632865
2022-11-09,-4.85824586388482
2022-11-10,-4.2907510490603045
2022-11-11,-5.472847231764124
2022-11-12,-5.073460991588025
2022-11-13,-5.746926980383371
2022-11-14,-5.825931825656167
2022-11-15,-5.974008103252549
2022-11-16,-6.215971536217907
2022-11-17,-7.2127393138913245
2022-11-18,-5.907263736841642
2022-11-19,-6.042408310184749
2022-11-20,-5.3338492497086145
2022-11-21,-5.029162551735117
2022-11-22,-4.874766263730976
2022-11-23,-4.7328139588257025
2022-11-24,-5.2569189057802435
2022-11-25,-4.805790071964095
2022-11-26,-5.5414430522846105
2022-11-27,-5.184440378886257
2022-11-28,-4.994690901438552
2022-11-29,-3.8730008158522033
2022-11-30,-4.383074768616265
2022-12-01,-4.155318626766906
2022-12-02,-4.672608271193532
2022-12-03,-5.021391999518037
2022-12-04,-5.13403714214392
2022-12-05,-5.048445088709755
2022-12-06,-4.928500661623219
2022-12-07,-4.92817313970917
2022-12-08,-6.558078657926685
2022-12-09,-6.100673755440434
2022-12-10,-5.3601382813482905
2022-12-11,-5.015853695737101
2022-12-12,-6.514691767297748
2022-12-13,-5.456973258770194
2022-12-14,-4.817054753842048
2022-12-15,-5.0994973710625935
2022-12-16,-5.361671232847254
2022-12-17,-5.174730538662615
2022-12-18,-5.233847241386952
2022-12-19,-4.909446117099634
2022-12-20,-3.8509945587948327
2022-12-21,-4.2953323835646176
2022-12-22,-4.815203414340554
2022-12-23,-3.936967968573348
2022-12-24,-5.385028690699638
2022-12-25,-4.584779494095983
2022-12-26,-5.51387062988592
2022-12-27,-4.5538546880962665
2022-12-28,-4.7508565665902385
2022-12-29,-4.43496814239388
2022-12-30,-4.591203443932367
2022-12-31,-5.466707045189613
2023-01-01,-4.946985001791218
2023-01-02,-5.074603505592434
2023-01-03,-5.392644254845818
2023-01-04,-4.961670417649792
2023-01-05,-4.471442258896679
2023-01-06,-5.6018036712216555
2023-01-07,-7.30694223338103
2023-01-08,-5.871871230711679
2023-01-09,-6.074291955037065
2023-01-10,-6.356777029617175
2023-01-11,-5.1980450924225305
2023-01-12,-4.652106340435201
2023-01-13,-3.857099904076534
2023-01-14,-5.534048768838794
2023-01-15,-4.47796303631546
2023-01-16,-4.367762532724988
2023-01-17,-4.107969961677375
2023-01-18,-4.329623780519697
2023-01-19,-3.9418309153922526
2023-01-20,-3.8304918651298894
2023-01-21,-4.3775625245866205
2023-01-22,-3.8735995537598256
2023-01-23,-4.345815278928927
2023-01-24,-3.9556961311162264
2023-01-25,-3.796635555730847
2023-01-26,-3.9398822583256536
2023-01-27,-6.168408056015616
2023-01-28,-5.834821842770383
2023-01-29,-5.558438087259163
2023-01-30,-5.173617125559556
2023-01-31,-4.49264576432976
2023-02-01,-4.071767308107544
2023-02-02,-4.4802009984806945
2023-02-03,-4.01539762468956
2023-02-04,-3.827855293076037
2023-02-05,-4.985781919627706
2023-02-06,-4.4540075033897315
2023-02-07,-3.4674915494053113
2023-02-08,-3.214160514976572
2023-02-09,-2.9304929815948046
2023-02-10,-3.729768023323242
2023-02-11,-3.5548039808609837
2023-02-12,-2.118534123740349
2023-02-13,-3.1482682928917725
2023-02-14,-2.2126312540954043
2023-02-15,-2.6771916200019197
2023-02-16,-2.5358070237066475
2023-02-17,-3.756690348298675
2023-02-18,-3.2384812857395073
2023-02-19,-3.782962098791504
2023-02-20,-3.6705537372886745
2023-02-21,-4.300094943666668
2023-02-22,-4.190232721182805
2023-02-23,-3.4057246150707985
2023-02-24,-3.731260983489278
2023-02-25,-3.850310007515918
2023-02-26,-3.0627862945619384
2023-02-27,-3.1169983189498875
2023-02-28,-3.7655256076978416
2023-03-01,-3.5305723987956585
2023-03-02,-3.8568501533087463
2023-03-03,-4.1546746373132155
2023-03-04,-3.196979589056077
2023-03-05,-3.560810103260066
2023-03-06,-4.219308390171859
2023-03-07,-4.18899243333018
2023-03-08,-4.168257109562657
2023-03-09,-3.4552544287982916
2023-03-10,-1.265604827625341
2023-03-11,-0.8572640545289143
2023-03-12,-3.002917291689741
2023-03-13,-1.9847152841192262
2023-03-14,-1.955351866082445
2023-03-15,-1.5652024030036247
2023-03-16,-2.215858716692888
2023-03-17,-2.113991094146859
2023-03-18,-2.723969386724987
2023-03-19,-0.7955163661878588
2023-03-20,-2.0226442490679912
2023-03-21,-1.6950757773603369
2023-03-22,-2.4249071114211045
2023-03-23,-1.2439661431826148
2023-03-24,-3.27577437109667
2023-03-25,-3.4352907467591542
2023-03-26,-3.0012822270038253
2023-03-27,-1.9924563520888705
2023-03-28,-2.108933897913445
2023-03-29,-2.1509951333762145
2023-03-30,-2.373736566531712
2023-03-31,-3.4527602817441756
2023-04-01,-3.860101430695387
2023-04-02,-3.279021527722937
2023-04-03,-2.8290127011642885
2023-04-04,-2.5513739190982285
2023-04-05,-3.015605528817659
2023-04-06,-1.398138687540717
2023-04-07,-2.9161749541017525
2023-04-08,-2.8894360648043604
2023-04-09,-2.345708165745871
2023-04-10,-2.1995022004300533
2023-04-11,-2.578205478799769
2023-04-12,-1.7496523909243942
2023-04-13,-2.358809518602915
2023-04-14,-2.930997391707309
2023-04-15,-2.6246852241728043
2023-04-16,-3.6495198716610444
2023-04-17,-2.3363012893123574
2023-04-18,-2.2568602376737195
2023-04-19,-2.5869143239089514
2023-04-20,-2.4761171655404377
2023-04-21,-1.8984872887589126
2023-04-22,-2.165222078073864
2023-04-23,-1.7723751265592556
2023-04-24,-2.330930104472428
2023-04-25,-3.023592997049294
2023-04-26,-3.3025090977024956
2023-04-27,-2.708280471552341
2023-04-28,-2.641447464628714
2023-04-29,-2.1249055154065184
2023-04-30,-2.332162825252272
2023-05-01,-2.0271445586699963
2023-05-02,-2.197322473497084
2023-05-03,-2.3497517119668228
2023-05-04,-2.209732341139449
2023-05-05,-1.9729703559771148
2023-05-06,-5.161933813559807
2023-05-07,-3.9111923355426574
2023-05-08,-3.384179909140415
2023-05-09,-3.170008255666774
2023-05-10,-2.4745181974469204
2023-05-11,-2.148761716310516
2023-05-12,-3.3799751104858657
2023-05-13,-2.8839405074536386
2023-05-14,-2.3989065840734805
2023-05-15,-2.1163777457913056
2023-05-16,-3.2014552383455497
2023-05-17,-1.8124644245091093
2023-05-18,-2.0585462503934604
2023-05-19,-4.448600007310585
2023-05-20,-4.247522637580006
2023-05-21,-3.5158264234626015
2023-05-22,-2.8836533216410793
2023-05-23,-2.264786007070929
2023-05-24,-2.0544962091642263
2023-05-25,-2.402345111032166
2023-05-26,-3.4353545794262583
2023-05-27,-3.4213142022773844
2023-05-28,-2.983321559884431
2023-05-29,-3.013826007170869
2023-05-30,-2.6834102647259437
2023-05-31,-2.2868216153755085
2023-06-01,-2.3698666164467745
2023-06-02,-2.607031637332393
2023-06-03,-2.0265372230724936
2023-06-04,-2.3851633347278116
2023-06-05,-2.27082026031992
2023-06-06,-1.2991653177115396
2023-06-07,-1.2756163776341556
2023-06-08,-1.3854701171247443
2023-06-09,-2.3017666879737835
2023-06-10,-2.7815581572956067
2023-06-11,-2.4748301117388616
2023-06-12,-1.344136003542402
2023-06-13,-1.2985408709770376
2023-06-14,-1.8986011738467161
2023-06-15,-1.1898115844655657
2023-06-16,-1.3245068285511734
2023-06-17,-0.8462512876417534
2023-06-18,-0.5505307639850328
2023-06-19,-1.4024494367342153
2023-06-20,-2.495278985421521
2023-06-21,-2.6640826643299036
2023-06-22,-1.849813922603564
2023-06-23,-2.165224342530473
2023-06-24,-2.370324003174701
2023-06-25,-3.1872577728659577
2023-06-26,-2.4438118383321847
2023-06-27,-2.4488158169861056
2023-06-28,-2.6340792915980384
2023-06-29,-3.461495336158441
2023-06-30,-2.472804926222033
2023-07-01,-2.4005846905774346
2023-07-02,-2.8751473334755584
2023-07-03,-3.7009756448315083
2023-07-04,-2.3356114904686076
2023-07-05,-3.5190042380593396
2023-07-06,-3.3870965784204
2023-07-07,-2.724512056168983
2023-07-08,-4.74600201378206
2023-07-09,-2.9120049410727686
2023-07-10,-2.95670222779675
2023-07-11,-2.900580498507435
2023-07-12,-1.3109673626776355
2023-07-13,-1.9042798263297147
2023-07-14,-1.9236878384343863
2023-07-15,-1.9254901199747474
2023-07-16,-2.683957093591892
2023-07-17,-2.6664238339250437
2023-07-18,-2.2442783304451366
2023-07-19,-2.4901790422460386
2023-07-20,-2.612896567769461
2023-07-21,-3.699740017025333
2023-07-22,-3.7437957780862803
2023-07-23,-3.6534099915288487
2023-07-24,-2.9235901287560417
2023-07-25,-2.18762775306051
2023-07-26,-3.032264711383684
2023-07-27,-3.0606860846915414
2023-07-28,-2.4835712557416976
2023-07-29,-2.8135266846591738
2023-07-30,-2.5503600374806745
2023-07-31,-2.382373760657076
2023-08-01,-2.6064407047541636
2023-08-02,-2.4672765758960074
2023-08-03,-1.5908806013177272
2023-08-04,-2.3216735568847153
2023-08-05,-1.8471897393239856
2023-08-06,-2.1102011052919316
2023-08-07,-2.9760417524885057
2023-08-08,-1.9782246664026095
2023-08-09,-2.0717014711748756
2023-08-10,-3.27100351497271
2023-08-11,-2.819610273362777
2023-08-12,-2.848922898196936
2023-08-13,-4.056377629993975
2023-08-14,-4.351187041223672
2023-08-15,-4.15139939691617
2023-08-16,-3.3130192166160914
2023-08-17,-1.6549828754351759
2023-08-18,-1.070168712229648
2023-08-19,-2.2079634496201153
2023-08-20,-2.658549571519153
2023-08-21,-2.380118391270041
2023-08-22,-2.258625620288232
2023-08-23,-2.6609221603644895
2023-08-24,-1.3296034639221803
2023-08-25,-1.499671358371287
2023-08-26,-3.1160812403459217
2023-08-27,-2.27449619106686
2023-08-28,-2.5837903568895055
2023-08-29,-2.919603718437151
2023-08-30,-2.2667554064638487
2023-08-31,-3.6026340568018345
2023-09-01,-2.407573140145679
2023-09-02,-0.24439958646464527
2023-09-03,-2.1410903916362267
2023-09-04,-2.637442714411175
2023-09-05,-2.0041525973631025
2023-09-06,-2.57442078783809
2023-09-07,-3.4874601299976757
2023-09-08,-3.4189018270206692
2023-09-09,-3.3977296722639023
2023-09-10,-3.303419621026928
2023-09-11,-2.9369205243491443
2023-09-12,-3.496052219691569
2023-09-13,-3.7052051421263608
2023-09-14,-3.110456426713252
2023-09-15,-5.052043099823482
2023-09-16,-6.491250164537029
2023-09-17,-5.006734346180995
2023-09-18,-3.7245584231370596
2023-09-19,-2.866044965487479
2023-09-20,-2.7122765316620865
2023-09-21,-2.389330831600473
2023-09-22,-2.3662876262889125
2023-09-23,-2.8325213227140726
2023-09-24,-2.0427076010231207
2023-09-25,-2.625648968629408
2023-09-26,-2.0492424769899613
2023-09-27,-2.3762017543492324
2023-09-28,-2.4887780212352704
2023-09-29,-3.3109611277567637
2023-09-30,-3.3637348839919246
2023-10-01,-3.0440440730928198
2023-10-02,-2.5440010218071647
2023-10-03,-2.8861878917434107
2023-10-04,-3.266799050631601
2023-10-05,-3.7061852765008534
2023-10-06,-1.5568176148403416
2023-10-07,-3.5406008412008747
2023-10-08,-4.213082694250104
2023-10-09,-4.166654599108964
2023-10-10,-4.246358497890999
2023-10-11,-3.9229229378700934
2023-10-12,-3.784883768393413
2023-10-13,-3.812057250528598
2023-10-14,-3.994667119137777
2023-10-15,-4.541679233219984
2023-10-16,-4.407332321330227
2023-10-17,-4.392453295563697
2023-10-18,-5.107378357077487
2023-10-19,-4.161011292929894
2023-10-20,-3.8749445159736324
2023-10-21,-4.0370520838389
2023-10-22,-4.652155386212244
2023-10-23,-4.107801270167404
2023-10-24,-3.3526329447234837
2023-10-25,-4.413950320830889
2023-10-26,-4.0721277367725826
2023-10-27,-4.384551429995703
2023-10-28,-4.746918822251232
2023-10-29,-4.472719440431648
2023-10-30,-4.661258678715945
2023-10-31,-4.31460896187675
2023-11-01,-4.3897657523203995
2023-11-02,-4.106203421671453
2023-11-03,-4.195468313160003
2023-11-04,-4.062134536850709
2023-11-05,-3.857429818212479
2023-11-06,-3.8406016333789483
2023-11-07,-4.2371356070537365
2023-11-08,-4.045780223523544
2023-11-09,-3.9298891793574224
2023-11-10,-4.197053681196013
2023-11-11,-3.6629974728484553
2023-11-12,-3.7230404800860195
2023-11-13,-4.016342201603107
2023-11-14,-3.7216402416386676
2023-11-15,-3.8971843026345816
2023-11-16,-3.6629497378753824
2023-11-17,-3.996255765961572
2023-11-18,-3.523208482125681
2023-11-19,-4.146701991355026
2023-11-20,-3.76660224316115
2023-11-21,-4.088846752738221
2023-11-22,-3.818206509602962
2023-11-23,-4.058557632491618
2023-11-24,-4.044825914392434
2023-11-25,-4.518711862019615
2023-11-26,-2.9145949768015877
2023-11-27,-3.2442039377247216
2023-11-28,-2.87702958467696
2023-11-29,-3.5836981515425914
2023-11-30,-3.5816356722074607
2023-12-01,-3.622700272330343
2023-12-02,-4.090879956979535
2023-12-03,-4.453931097110672
2023-12-04,-3.7653825563283023
2023-12-05,-2.8931469952852344
2023-12-06,-3.7038917328623837
2023-12-07,-2.6758305821367667
2023-12-08,-2.7671947701365815
2023-12-09,-3.2559071101375494
2023-12-10,-3.8732423577045982
2023-12-11,-3.85408279881305
2023-12-12,-3.4732090511321942
2023-12-13,-3.8700301136044155
2023-12-14,-3.1365093989976023
2023-12-15,-5.342923584633342
2023-12-16,-4.698082461503032
2023-12-17,-4.3351810346386275
2023-12-18,-4.324575884399777
2023-12-19,-4.227709256255644
2023-12-20,-4.306390098330206
2023-12-21,-3.8654543283702067
2023-12-22,-3.2666330181663685
2023-12-23,-3.7337369718310303
2023-12-24,-3.7532204431373124
2023-12-25,-3.4783904762899844
2023-12-26,-4.819584746784065
2023-12-27,-3.6991516981570918
2023-12-28,-4.0817780609686585
2023-12-29,-4.620166148308289
2023-12-30,-3.849560644758782
2023-12-31,-4.238997682807613
2024-01-01,-4.078332721705012
2024-01-02,-4.804208934231443
2024-01-03,-6.863928554802117
2024-01-04,-7.091909625256664
2024-01-05,-6.256808893672008
2024-01-06,-5.254798819169581
2024-01-07,-5.0192711788521915
2024-01-08,-4.749833076668316
2024-01-09,-4.214351248525046
2024-01-10,-4.3922185454175455
2024-01-11,-4.3867861799153
2024-01-12,-4.640566135828259
2024-01-13,-4.611879982082687
2024-01-14,-4.491721264020741
2024-01-15,-3.8594330188414845
2024-01-16,-5.248708207558226
2024-01-17,-5.450349099342767
2024-01-18,-4.958168736744259
2024-01-19,-4.493237374017948
2024-01-20,-4.396080428545619
2024-01-21,-4.766997076913012
2024-01-22,-3.829942592143325
2024-01-23,-4.41774589391354
2024-01-24,-3.641222424922676
2024-01-25,-4.152746513315748
2024-01-26,-3.544021337141381
2024-01-27,-4.034110084998042
2024-01-28,-5.232283072467482
2024-01-29,-5.626824918204635
2024-01-30,-5.520500797116885
2024-01-31,-4.917123423633548
2024-02-01,-4.453060529481558
2024-02-02,-4.42777624594334
2024-02-03,-4.905242165325672
2024-02-04,-4.744092094298718
2024-02-05,-4.101861950972372
2024-02-06,-3.665387490614363
2024-02-07,-3.5772404464229424
2024-02-08,-3.896852391109594
2024-02-09,-4.0342588194200255
2024-02-10,-4.037860484328205
2024-02-11,-3.10401887250547
2024-02-12,-2.9549251445097697
2024-02-13,-2.889775870146869
2024-02-14,-3.51200333158242
2024-02-15,-2.795799416794587
2024-02-16,-2.715639208887606
2024-02-17,-4.105066925755197
2024-02-18,-3.1137074031560705
2024-02-19,-3.517967082182676
2024-02-20,-2.966665695534559
2024-02-21,-3.6562850031593164
2024-02-22,-3.6188165911707135
2024-02-23,-3.1267044249829357
2024-02-24,-3.539028594149853
2024-02-25,-3.47411944650156
2024-02-26,-3.075711090019355
2024-02-27,-3.342513064170868
2024-02-28,-3.182899738132148
2024-02-29,-2.876493972199435
2024-03-01,-3.1570724249244666
2024-03-02,-2.802027923250745
2024-03-03,-2.480575817007863
2024-03-04,-2.852167454902991
2024-03-05,-3.1885834186011284
2024-03-06,-3.081399626935733
2024-03-07,-3.4035911878870424
2024-03-08,-3.210930866374007
2024-03-09,-4.096357926631459
2024-03-10,-2.7097541336835027
2024-03-11,-2.578548384084095
2024-03-12,-3.144063918180765
2024-03-13,-3.329998959340507
2024-03-14,-2.744643203528668
2024-03-15,-2.986582898335266
2024-03-16,-3.480815286044066
2024-03-17,-2.9133467207134647
2024-03-18,-2.6087039101536766
2024-03-19,-2.3142693199300015
2024-03-20,-2.418384654599492
2024-03-21,-2.588369952628278
2024-03-22,-2.8809221115221826
2024-03-23,-4.096579357472804
2024-03-24,-3.7937404533583585
2024-03-25,-4.036083933677882
2024-03-26,-3.8536674792641765
2024-03-27,-3.53693575467336
2024-03-28,-2.8188054482581717
2024-03-29,-3.74933997389264
2024-03-30,-4.047757040663983
2024-03-31,-3.9480797089448116
2024-04-01,-5.256321352877242
2024-04-02,-5.572341811971264
2024-04-03,-4.687867324741898
2024-04-04,-5.4920676996870545
2024-04-05,-5.172713940888948
2024-04-06,-5.652649718656627
2024-04-07,-4.758588419412646
2024-04-08,-4.439645981146084
2024-04-09,-4.538591065398726
2024-04-10,-4.588504423601088
2024-04-11,-4.627334749881561
2024-04-12,-4.897751905270434
2024-04-13,-4.594864094403051
2024-04-14,-5.06093708822101
2024-04-15,-4.790858274642478
2024-04-16,-4.556313034466317
2024-04-17,-4.323591906249524
2024-04-18,-4.3373724153165565
2024-04-19,-4.996671571295616
2024-04-20,-4.711264781390398
2024-04-21,-3.948981519356411
2024-04-22,-2.792045823346641
2024-04-23,-2.9173819631559663
2024-04-24,-3.0611063711930635
2024-04-25,-3.657215999346222
2024-04-26,-3.6295880455595175
2024-04-27,-3.5378672765820154
2024-04-28,-3.36496629507903
2024-04-29,-3.1748515755618203
2024-04-30,-3.659942819814202
2024-05-01,-3.8830741702936127
2024-05-02,-3.7544219384353523
2024-05-03,-3.6112568963406693
2024-05-04,-3.2000322713737366
2024-05-05,-3.981307334770785
2024-05-06,-2.952072387200969
2024-05-07,-3.100613087575392
2024-05-08,-3.3080937043075496
2024-05-09,-3.6708188106578046
2024-05-10,-2.974678203444102
2024-05-11,-2.967214532054798
2024-05-12,-3.810708645902415
2024-05-13,-2.2231803116612925
2024-05-14,-2.8648624154632634
2024-05-15,-3.271141929216722
2024-05-16,-3.202911980036976
2024-05-17,-3.100102278651389
2024-05-18,-3.52618068350872
2024-05-19,-2.1846176952350387
2024-05-20,-3.2685181643569816
2024-05-21,-3.694787601183646
2024-05-22,-2.9594431583764775
2024-05-23,-2.936690538570092
2024-05-24,-3.176574326172177
2024-05-25,-3.0743560444707514
2024-05-26,-2.8855354590623974
2024-05-27,-3.0290015022947445
2024-05-28,-3.210198866510409
2024-05-29,-3.367131501582679
2024-05-30,-3.5046656647702905
2024-05-31,-2.9806556062353318
2024-06-01,-3.5381737145657457
2024-06-02,-3.2523370775007256
2024-06-03,-3.1275645917361903
2024-06-04,-2.8959951012377845
2024-06-05,-2.931889337109727
2024-06-06,-3.321057157257333
2024-06-07,-2.792121925882758
2024-06-08,-3.308203783903423
2024-06-09,-3.1355170970918538
2024-06-10,-2.3445000967989333
2024-06-11,-2.081623623332995
2024-06-12,-3.0695294682383163
2024-06-13,-3.789499444668937
2024-06-14,-3.3528601623946144
2024-06-15,-4.988737980452722
2024-06-16,-4.661926327350582
2024-06-17,-3.3531730756464704
2024-06-18,-3.4999634664240076
2024-06-19,-3.9223876679937377
2024-06-20,-3.4339727910072098
2024-06-21,-3.7182024640462217
2024-06-22,-4.329215457733858
2024-06-23,-3.1719426774974653
2024-06-24,-3.048299034182447
2024-06-25,-3.3983312672712014
2024-06-26,-3.0195782197482535
2024-06-27,-3.1749562423991025
2024-06-28,-2.87712820099088
2024-06-29,-3.4627603720482303
2024-06-30,-3.7936242150086783
2024-07-01,-2.977586747803624
2024-07-02,-3.315651683781133
2024-07-03,-3.9056436264556615
2024-07-04,-3.3087419402038365
2024-07-05,-2.892645741810617
2024-07-06,-1.0290663711465942
2024-07-07,-2.0290816349020235
2024-07-08,-1.7003076971279107
2024-07-09,-1.754010623320063
2024-07-10,-2.4214260352521344
2024-07-11,-2.1262273019830307
2024-07-12,-2.265665294622813
2024-07-13,-2.6634607918824202
2024-07-14,-2.9348839638703756
2024-07-15,-3.0314557986116073
2024-07-16,-3.88737122543274
2024-07-17,-4.11159412781211
2024-07-18,-3.366078807340657
2024-07-19,-3.4394243081364744
2024-07-20,-3.3565309630755786
2024-07-21,-3.674112757120197
2024-07-22,-2.168113816087714
2024-07-23,-2.9618463805897846
2024-07-24,-3.641512026498424
2024-07-25,-4.20298797457558
2024-07-26,-3.58105036167104
2024-07-27,-2.6155669892275646
2024-07-28,-2.8006585572032168
2024-07-29,-3.204994652523034
2024-07-30,-2.4042641163207534
2024-07-31,-5.598391922792891
2024-08-01,-5.778276973946229
2024-08-02,-5.271442607882595
2024-08-03,-4.990609416182297
2024-08-04,-5.239509919261212
2024-08-05,-4.860136396531793
2024-08-06,-5.028051552332139
2024-08-07,-5.204140368836263
2024-08-08,-5.111117490200481
2024-08-09,-4.52474917741131
2024-08-10,-4.382597520777362
2024-08-11,-4.246841236346819
2024-08-12,-4.264172805616387
2024-08-13,-4.84933462550212
2024-08-14,-4.568459410575916
2024-08-15,-4.534499157006052
2024-08-16,-4.000345532645765
2024-08-17,-4.307066292952848
2024-08-18,-3.937509585477498
2024-08-19,-3.7912340285690123
2024-08-20,-4.112770066335093
2024-08-21,-4.646621879684303
2024-08-22,-3.9236229751018814
2024-08-23,-3.514632007128177
2024-08-24,-3.7500684268236415
2024-08-25,-4.4581798316477075
2024-08-26,-4.518572045146545
2024-08-27,-3.718549426485217
2024-08-28,-3.3122913150793134
2024-08-29,-4.227517405314987
2024-08-30,-3.674401689475302
2024-08-31,-4.734456138023853
2024-09-01,-3.7135744659641046
2024-09-02,-3.865744927817819
2024-09-03,-4.063830485430602
2024-09-04,-4.044379273211186
2024-09-05,-3.352416285508053
2024-09-06,-3.057218025377747
2024-09-07,-3.5363210646033085
2024-09-08,-3.450918444270162
2024-09-09,-4.023517002466135
2024-09-10,-3.7937491031804984
2024-09-11,-3.047495376181169
2024-09-12,-3.2126715053613166
2024-09-13,-3.5961002612454664
2024-09-14,-3.603586739904497
2024-09-15,-4.119878404422117
2024-09-16,-3.7340822006028813
2024-09-17,-4.0508426264548225
2024-09-18,-4.52934267723067
2024-09-19,-4.404450953778859
2024-09-20,-4.431968030215709
2024-09-21,-4.24919048538366
2024-09-22,-4.386352351557696
2024-09-23,-4.18989393261381
2024-09-24,-4.549901974009102
2024-09-25,-4.271180251039866
2024-09-26,-3.905835238642872
2024-09-27,-4.145500866231249
2024-09-28,-4.660957504437786
2024-09-29,-4.875578578042944
2024-09-30,-4.196400453158323
2024-10-01,-4.857418398820361
2024-10-02,-5.201259222866756
2024-10-03,-4.760601134497906
2024-10-04,-4.268974340028205
2024-10-05,-4.423239943287541
2024-10-06,-4.4369808430275475
2024-10-07,-4.503027663824306
2024-10-08,-3.9951618670947173
2024-10-09,-3.998501356114524
2024-10-10,-3.790798489309015
2024-10-11,-3.2688518469171015
2024-10-12,-3.700790825277074
2024-10-13,-4.127468646504875
2024-10-14,-4.0084588738549325
2024-10-15,-3.7996767426613416
2024-10-16,-3.799979351390711
2024-10-17,-4.321185339206971
2024-10-18,-4.13536421585521
2024-10-19,-4.351529580607351
2024-10-20,-4.267677773534419
2024-10-21,-3.81931206829592
2024-10-22,-3.6105508352179414
2024-10-23,-3.368171470131208
2024-10-24,-3.0823400946613844
2024-10-25,-3.872579720107463
2024-10-26,-5.698764907563894
2024-10-27,-5.348286337788
2024-10-28,-5.234882367676985
2024-10-29,-5.158869235366743
2024-10-30,-4.406127223176696
2024-10-31,-4.193349175224658
2024-11-01,-4.084193247863316
2024-11-02,-4.65649399940738
2024-11-03,-4.650884357933105
2024-11-04,-4.332310780019496
2024-11-05,-4.277718180895445
2024-11-06,-3.3208804331884076
2024-11-07,-2.4116286506570277
2024-11-08,-4.827678779495631
2024-11-09,-5.25441711953152
2024-11-10,-3.020631631739195
2024-11-11,-3.182935800987603
2024-11-12,-3.3678898053243707
2024-11-13,-3.267302545679206
2024-11-14,-3.1844827845768986
2024-11-15,-2.584832826421195
2024-11-16,-3.093377963554377
2024-11-17,-3.059003050458477
2024-11-18,-3.4699542314824225
2024-11-19,-3.8609897399236863
2024-11-20,-3.2995196027996476
2024-11-21,-3.9723195840401315
2024-11-22,-2.955752975262191
2024-11-23,-3.9219639590900988
2024-11-24,-2.827681397357954
2024-11-25,-3.7977544332856126
2024-11-26,-3.6293296054015554
2024-11-27,-3.492060414239027
2024-11-28,-3.4954365483318566
2024-11-29,-3.611328782325869
2024-11-30,-4.324784937451783
2024-12-01,-4.295789235959035
2024-12-02,-4.251993160917501
2024-12-03,-3.58567005956002
2024-12-04,-3.7513546980404624
2024-12-05,-3.803139311064653
2024-12-06,-3.5694331257971097
2024-12-07,-4.032057068021309
2024-12-08,-4.094312847374282
2024-12-09,-3.6340013151786095
2024-12-10,-3.5741269444762174
2024-12-11,-3.4558455727761723
2024-12-12,-3.0014276588253113
2024-12-13,-3.595965419113487
2024-12-14,-3.834087213248072
2024-12-15,-3.82809556969868
2024-12-16,-3.840971508623541
2024-12-17,-3.881855370181916
2024-12-18,-3.428331812008868
2024-12-19,-3.0933219473065257
2024-12-20,-4.143878161999969
2024-12-21,-4.253565810285299
2024-12-22,-3.906948662068695
2024-12-23,-3.2899201657491517
2024-12-24,-3.697757759530504
2024-12-25,-3.903822743878265
2024-12-26,-3.2832901441354694
2024-12-27,-3.5388044329651382
2024-12-28,-4.099245738596686
2024-12-29,-3.324161671401425
2024-12-30,-2.792676477828155
2024-12-31,-3.614662405716198
2025-01-01,-3.112418039058589
2025-01-02,-3.0472218712122143
2025-01-03,-3.111314233796557
2025-01-04,-3.1163591811314295
2025-01-05,-2.9140325976849186
2025-01-06,-3.2601657341944126
2025-01-07,-3.342324521632744
2025-01-08,-2.128244888095325
2025-01-09,-3.034432646858887
2025-01-10,-3.4664443061826855
2025-01-11,-3.1774060246627944
2025-01-12,-3.610885196618692
2025-01-13,-2.6000421483929452
2025-01-14,-2.253631707046972
2025-01-15,-2.9659434015066855
2025-01-16,-2.049509692956219
2025-01-17,-1.2057436823474428
2025-01-18,-3.6839760461262374
2025-01-19,-3.5480815569376207
2025-01-20,-2.559442854313197
2025-01-21,-2.654319897061562
2025-01-22,-2.840080696593591
2025-01-23,-3.0153784757686157
2025-01-24,-3.0659344982623797
2025-01-25,-3.6920787815204936
2025-01-26,-3.172366122607334
2025-01-27,-2.8514086712034086
2025-01-28,-2.448397307235026
2025-01-29,-3.178110198608637
2025-01-30,-2.796951301957685
2025-01-31,-3.0112535401398555
2025-02-01,-3.569895446855681
2025-02-02,-2.274136696066378
2025-02-03,-2.268022678755014
2025-02-04,-2.8427294462115134
2025-02-05,-2.800445485493124
2025-02-06,-2.5382657546956935
2025-02-07,-2.7915410650634143
2025-02-08,-2.3641647572574804
2025-02-09,-2.6650007518323355
2025-02-10,-2.0244842967327794
2025-02-11,-2.328357864882943
2025-02-12,-2.1670557239028123
2025-02-13,-2.5888008843705084
2025-02-14,-3.250887690687609
2025-02-15,-3.7645488163615584
2025-02-16,-3.262262843609405
2025-02-17,-2.888972861069236
2025-02-18,-2.9371118518788677
2025-02-19,-2.2603491892590117
2025-02-20,-2.7767346862822797
2025-02-21,-3.2143581940963895
2025-02-22,-2.90119750357341
2025-02-23,-2.9912450781913766
2025-02-24,-3.1902165894130863
2025-02-25,-2.69117114307585
2025-02-26,-2.7076197719673325
2025-02-27,-3.0257595050571515
2025-02-28,-2.959647259790982
2025-03-01,-2.5800497592183156
2025-03-02,-3.119764966053033
2025-03-03,-2.800550641298072
2025-03-04,-2.022006766853215
2025-03-05,-2.096757732733865
2025-03-06,-3.0350308888636675
2025-03-07,-2.032939226143279
2025-03-08,-2.8979629071393966
2025-03-09,-2.576728547831289
2025-03-10,-2.904824080502056
2025-03-11,-2.9853265552995447
2025-03-12,-3.1309938442807885
2025-03-13,-3.19732328402124
2025-03-14,-2.948767991923872
2025-03-15,-3.469856674233998
2025-03-16,-4.313611525813016
2025-03-17,-3.9837119555690896
2025-03-18,-4.4168363471273535
2025-03-19,-3.3338368349096963
2025-03-20,-2.9757068863376466
2025-03-21,-3.3848587252684
2025-03-22,-4.109321344207579
2025-03-23,-3.2156539842161176
2025-03-24,-3.5590950453951913
2025-03-25,-2.60720549574631
2025-03-26,-2.7522225589524005
2025-03-27,-3.444994766915402
2025-03-28,-3.5139724925037754
2025-03-29,-3.1776716645301955
2025-03-30,-3.6017190654383477
2025-03-31,-3.6170853351787557
2025-04-01,-3.805954745959827
2025-04-02,-3.234607405859927
2025-04-03,-3.673430596782831
2025-04-04,-3.2647877658522217
2025-04-05,-3.2948242378241233
2025-04-06,-3.685628567281147
2025-04-07,-2.655232462254811
2025-04-08,-2.4316753765661763
2025-04-09,-2.4850405921742595
2025-04-10,-2.5668445585497044
2025-04-11,-2.426042929632159
2025-04-12,-1.7459050376819707
2025-04-13,-1.9571599530748847
2025-04-14,-2.033923853313937
2025-04-15,-1.8710363306474702
2025-04-16,-1.921042097471711
2025-04-17,-1.6720757517187386
2025-04-18,-1.9106831930407715
2025-04-19,-1.4951755235735593
2025-04-20,-1.4985319142630007
2025-04-21,-1.2617643036241524
2025-04-22,-2.2019436105727337
2025-04-23,-2.192176001626124
2025-04-24,-1.8273533830793731
2025-04-25,-1.6311159313294339
2025-04-26,-3.0506185700383583
2025-04-27,-3.82354409062273
2025-04-28,-3.071836602838049
2025-04-29,-3.305029067223804
2025-04-30,-3.487113251813552
2025-05-01,-3.1410100211588547
2025-05-02,-2.8376909742838103
2025-05-03,-3.593750452271875
2025-05-04,-4.2154956938542085
2025-05-05,-3.805540126846149
2025-05-06,-3.321395375232723
2025-05-07,-3.4453194830375775
2025-05-08,-3.4237477131812724
2025-05-09,-2.812212948484906
2025-05-10,-2.747899475084271
2025-05-11,-2.096433698641456
2025-05-12,-2.0453835801837443
2025-05-13,-1.6888327186881993
2025-05-14,-1.7049471412700195
2025-05-15,-1.6065728546725193
2025-05-16,-2.25019944101374
2025-05-17,-2.926346220162742
2025-05-18,-2.143335296637224
2025-05-19,-1.8615534632769108
2025-05-20,-2.104701360447276
2025-05-21,-2.4551221990617464
2025-05-22,-2.9394965218104385
2025-05-23,-2.6214056000902337
2025-05-24,-2.3001786808522064
2025-05-25,-2.4031016600515733
2025-05-26,-1.1956763828925085
2025-05-27,-1.1150508162515755
2025-05-28,-2.0769170215110773
2025-05-29,-2.1142645651875522
2025-05-30,-2.4296338240869293
2025-05-31,-2.230997312036812
2025-06-01,-2.105659933719607
2025-06-02,-2.157681316904023
2025-06-03,-1.8088584362697735
2025-06-04,-1.9082736201460235
2025-06-05,-2.6176785732582175
2025-06-06,-2.7983791561648514
2025-06-07,-3.3940277344753884
2025-06-08,-2.635881255114819
2025-06-09,-2.5270231418513487
2025-06-10,-2.7085692787365065
2025-06-11,-3.1771108807421062
2025-06-12,-3.297913738895248
2025-06-13,-4.396464784765828
2025-06-14,-4.497504819274376
2025-06-15,-3.7139904720787333
2025-06-16,-3.3240546774042627
2025-06-17,-3.1642176489985117
2025-06-18,-3.610152027142238
2025-06-19,-3.0845908498211396
2025-06-20,-3.755651661575739
2025-06-21,-4.2647963191770835
2025-06-22,-2.9045300010717483
2025-06-23,-4.966176787384999
2025-06-24,-5.4012062098364355
2025-06-25,-3.005653972146852
2025-06-26,-2.960810249073211
2025-06-27,-2.9149100359153652
2025-06-28,-3.789907668764002
2025-06-29,-3.425132975799172
2025-06-30,-5.084659496501458
2025-07-01,-2.002844752023324
2025-07-02,-3.5996976719810387
2025-07-03,-3.684038175608474
2025-07-04,-3.232878342959343
2025-07-05,-3.1932764840190226
2025-07-06,-3.169906277253133
2025-07-07,-3.6359945051297853
2025-07-08,-2.6189370475721145
2025-07-09,-3.065642071426671
2025-07-10,-3.605445316505292
2025-07-11,-3.77242760155892
2025-07-12,-3.7449315242890635
2025-07-13,-3.9992441029290218
2025-07-14,-3.4404898495111413
2025-07-15,-3.2004416805939804
2025-07-16,-3.2859353247087704
2025-07-17,-3.6759580213779413
2025-07-18,-3.8965009572414977
2025-07-19,-4.207774823490769
2025-07-20,-3.082840502061379
2025-07-21,-2.788137964207754
2025-07-22,-3.496100378950438
2025-07-23,-3.5456511803836444
2025-07-24,-3.679317256831552
2025-07-25,-3.105178297125059
2025-07-26,-5.947361003089562
2025-07-27,-4.763047092212309
2025-07-28,-3.70822822823017
2025-07-29,-4.045979136955062
2025-07-30,-4.105178469549662
2025-07-31,-3.9886565911055527
2025-08-01,-4.427742859902121
2025-08-02,-2.1654962672594973
2025-08-03,-1.3116224027114953
2025-08-04,-2.180042022010256
2025-08-05,-3.221128051706454
2025-08-06,-3.719766296933276
2025-08-07,-3.5197629034022873
2025-08-08,-3.773423620642599
2025-08-09,-2.929603963236705
2025-08-10,-3.674562608699198
2025-08-11,-2.653438746502667
2025-08-12,-3.3970051442680886
2025-08-13,-3.1413913787385725
2025-08-14,-3.6594935606257564
2025-08-15,-3.0451543392849176
2025-08-16,-3.3129182066178595
2025-08-17,-4.095837532355861
2025-08-18,-3.0640347167654993
2025-08-19,-2.5315623793670246
2025-08-20,-2.8393607616214576
2025-08-21,-3.3056097207631034
2025-08-22,-3.9485917937812687
2025-08-23,-4.07871039836342
2025-08-24,-4.216400037721676
2025-08-25,-2.769756882036111
2025-08-26,-3.7280916403816136
2025-08-27,-3.9103923360294823
2025-08-28,-3.229183900813822
2025-08-29,-3.6011372136663518
2025-08-30,-3.579237930954656
2025-08-31,-3.8537700389907754
2025-09-01,-3.387142316215807
2025-09-02,-2.9101179361869014
2025-09-03,-2.896875095155055
2025-09-04,-3.1469428118209795
2025-09-05,-3.74244082581516
2025-09-06,-4.323933410723659
2025-09-07,-3.324560194208799
2025-09-08,-3.18718009950521
2025-09-09,-3.156901789661949
2025-09-10,-2.5899954965627354
2025-09-11,-2.932288693423213
2025-09-12,-3.2159593658431285
2025-09-13,-3.6462130000155324
2025-09-14,-3.223567111893615
2025-09-15,-3.270143981807977
2025-09-16,-3.2443995262833534
2025-09-17,-3.715182733141287
2025-09-18,-3.0476775850889264
2025-09-19,-3.749925235641935
2025-09-20,-4.248481473910153
2025-09-21,-3.926006292393489
2025-09-22,-3.1049922103714365
2025-09-23,-2.7326309790760246
2025-09-24,-2.9071924175599015
2025-09-25,-3.3015151145741317
2025-09-26,-3.3059431406343665
2025-09-27,-3.877787252387802
2025-09-28,-4.412612246818483
2025-09-29,-3.582327115024013
2025-09-30,-3.8661264331355616
2025-10-01,-3.974597627825149
2025-10-02,-3.135483500614753
2025-10-03,-3.5917000045560266
2025-10-04,-4.667101365537829
2025-10-05,-3.642831718036446
2025-10-06,-2.9232255936930684
2025-10-07,-3.6150445181804227
2025-10-08,-3.0674695249248205
2025-10-09,-2.0084220085166793
2025-10-10,-2.3878227759943753
2025-10-11,-3.183530435982619
2025-10-12,-2.6650749322364633
2025-10-13,-1.386782991681375
2025-10-14,-3.0421147974946483
2025-10-15,-3.634988378989706
2025-10-16,-4.063552709601669
2025-10-17,-4.155965499990118
2025-10-18,-3.5501936550260664
2025-10-19,-3.798354446393167
2025-10-20,-3.0667204233871153
2025-10-21,-3.291822420680118
2025-10-22,-3.4376662350185785
2025-10-23,-2.928345987925454
2025-10-24,-3.5576835472427604
2025-10-25,-2.6934416988070184
2025-10-26,-3.331706135320744
2025-10-27,-2.7319594392209128
2025-10-28,-2.213169056748426
2025-10-29,-2.965688459029684
2025-10-30,-3.0353760559362932
2025-10-31,-3.354991323209124
2025-11-01,-3.556179387836604
2025-11-02,-2.802476649844006
2025-11-03,-2.9598063809681827
2025-11-04,-3.420598875270751
2025-11-05,-3.4274656275991777
2025-11-06,-3.009783687493708
2025-11-07,-3.456198243540226
2025-11-08,-3.5515297818909533
2025-11-09,-2.3884041765341477
2025-11-10,-3.5541176653004722
2025-11-11,-3.4745215332042814
2025-11-12,-3.263686007380455
2025-11-13,-3.5441511185401398
2025-11-14,-3.478629346387549
2025-11-15,-3.5915551102642396
2025-11-16,-3.029394170009047
2025-11-17,-2.4853223434706697
2025-11-18,-2.263719448406538
2025-11-19,-2.112742886841196
2025-11-20,-2.6980006430412917
2025-11-21,-3.4912723372413788
2025-11-22,-2.6226057782482037
2025-11-23,-3.180090512014124
2025-11-24,-3.5526013873209616
2025-11-25,-2.757474679493884
2025-11-26,-2.3785599286446573
2025-11-27,-2.8571296479034474
2025-11-28,-3.4928385470823713
2025-11-29,-2.9189135987056023
2025-11-30,-2.4169626808902596
2025-12-01,-3.023951865400016
2025-12-02,-3.521441498763023
2025-12-03,-2.5799945494301064
2025-12-04,-2.946319935654046
2025-12-05,-3.189875631712669
2025-12-06,-2.7390672926415687
2025-12-07,-2.580812910654309
2025-12-08,-2.3438086734999586
2025-12-09,-2.427520709811057
2025-12-10,-2.413850740637936
2025-12-11,-2.4151386081149537
2025-12-12,-2.4384668258132725
2025-12-13,-3.4788795459572985
2025-12-14,-3.9729468567966455
2025-12-15,-3.933337240805751
2025-12-16,-3.294681711172467
2025-12-17,-2.7696116921295655
2025-12-18,-3.6378563029629554
2025-12-19,-3.5516639001865116
2025-12-20,-3.799368164460127
2025-12-21,-3.5829247604441568
2025-12-22,-3.488118222271112
2025-12-23,-3.4205350513331476
2025-12-24,-3.319120036068732
2025-12-25,-3.416904068560535
2025-12-26,-3.8647242594208047
2025-12-27,-4.057888458430365
2025-12-28,-3.874150622915102
2025-12-29,-3.2202932475012944
2025-12-30,-3.531211378433204
2025-12-31,-4.158283951653445
