date,value
2015-02-18,3.3133267406153575
2015-02-19,3.52769403311131
2015-02-20,3.4327968816573056
2015-02-21,3.4619860978189765
2015-02-22,3.4703790015819624
2015-02-23,3.3723756744053324
2015-02-24,3.4279082394918845
2015-02-25,3.501395353994205
2015-02-26,3.6409857074880123
2015-02-27,3.6203963313622314
2015-02-28,3.534652180119147
2015-03-01,3.485080539644653
2015-03-02,3.4888051820655988
2015-03-03,3.5523276322543125
2015-03-04,3.560706527005329
2015-03-05,3.5741167690897653
2015-03-06,3.606255584325077
2015-03-07,3.4172401061182422
2015-03-08,3.510140332171365
2015-03-09,3.5153609832530686
2015-03-10,3.566804067613612
2015-03-11,3.603969693765779
2015-03-12,3.5791158090540556
2015-03-13,3.5291094628149158
2015-03-14,3.4757396534599216
2015-03-15,3.4354334956031645
2015-03-16,3.442396108350163
2015-03-17,3.4480158517223747
2015-03-18,3.5701780918952295
2015-03-19,3.565385790921642
2015-03-20,3.4595456607697894
2015-03-21,3.3833100933061204
2015-03-22,3.475153060044285
2015-03-23,3.5694299757225996
2015-03-24,3.5135572854738233
2015-03-25,3.5867716191465284
2015-03-26,3.6145158531979904
2015-03-27,3.565993412230241
2015-03-28,3.475332591365321
2015-03-29,3.4929054640858026
2015-03-30,3.4766237448714654
2015-03-31,3.592837798290282
2015-04-01,3.557933554229144
2015-04-02,3.5498611566201492
2015-04-03,3.5539442238141796
2015-04-04,3.522063920543178
2015-04-05,3.5295344830786206
2015-04-06,3.5879150949263443
2015-04-07,3.583130088502779
2015-04-08,3.5993508611259784
2015-04-09,3.5664463007500657
2015-04-10,3.6231906849332667
2015-04-11,3.6643193610234275
2015-04-12,3.682731283937706
2015-04-13,3.7732454597161165
2015-04-14,3.715307111250811
2015-04-15,3.652198169951691
2015-04-16,3.571870240865885
2015-04-17,3.648171109445422
2015-04-18,3.6348306296543953
2015-04-19,3.681389891434833
2015-04-20,3.6433784755586793
2015-04-21,3.649133709786239
2015-04-22,3.673549828620253
2015-04-23,3.633272343343559
2015-04-24,3.6102610321223922
2015-04-25,3.5839445903730547
2015-04-26,3.5409816779799734
2015-04-27,3.5658245376349855
2015-04-28,3.5898479252353166
2015-04-29,3.632936700028159
2015-04-30,3.7465378529702993
2015-05-01,3.7476329322960042
2015-05-02,3.6766710628398633
2015-05-03,3.634995282488472
2015-05-04,3.547563452854899
2015-05-05,3.5680614406288877
2015-05-06,3.5796620856974317
2015-05-07,3.6905587519602077
2015-05-08,3.7255419134556855
2015-05-09,3.6941099713744316
2015-05-10,3.7292530737287763
2015-05-11,3.5842722418215662
2015-05-12,3.4844870321539334
2015-05-13,3.597630936452688
2015-05-14,3.597672122979773
2015-05-15,3.6327299447911545
2015-05-16,3.5583845278199036
2015-05-17,3.570048250999316
2015-05-18,3.5727215281222424
2015-05-19,3.5487936759568552
2015-05-20,3.5593205808852697
2015-05-21,3.664549551891589
2015-05-22,3.673353010634622
2015-05-23,3.696618869990037
2015-05-24,3.6232440099833663
2015-05-25,3.661000412777546
2015-05-26,3.696981101037226
2015-05-27,3.569444734564732
2015-05-28,3.4995064294921865
2015-05-29,3.5275127703359503
2015-05-30,3.45534476600447
2015-05-31,3.460640774802585
2015-06-01,3.574448284946986
2015-06-02,3.5320758270471955
2015-06-03,3.5659726229008433
2015-06-04,3.481044204109671
2015-06-05,3.469569182188126
2015-06-06,3.488117282511358
2015-06-07,3.5242516211308534
2015-06-08,3.564741527122399
2015-06-09,3.511200563509218
2015-06-10,3.5025975918536467
2015-06-11,3.5269576966327167
2015-06-12,3.5252059868976424
2015-06-13,3.430704251680014
2015-06-14,3.5947807110133287
2015-06-15,3.584668867370549
2015-06-16,3.5225573307252236
2015-06-17,3.4246740049779323
2015-06-18,3.522606784060417
2015-06-19,3.5667296398200565
2015-06-20,3.57022278649373
2015-06-21,3.5820032785102085
2015-06-22,3.405069270014056
2015-06-23,3.5228654251465104
2015-06-24,3.6523927737147184
2015-06-25,3.4742479545443605
2015-06-26,3.546034755326112
2015-06-27,3.4738864061100045
2015-06-28,3.4610280822935557
2015-06-29,3.4321091759865885
2015-06-30,3.39485973675878
2015-07-01,3.4054792263521927
2015-07-02,3.2950594296672655
2015-07-03,3.4187529668764736
2015-07-04,3.4428354849207774
2015-07-05,3.4509916050363523
2015-07-06,3.4556790263364023
2015-07-07,3.470614945192707
2015-07-08,3.470288310065057
2015-07-09,3.4592121906414826
2015-07-10,3.626148550158772
2015-07-11,3.5728137825106976
2015-07-12,3.552060352007648
2015-07-13,3.565951643064594
2015-07-14,3.4981991970733084
2015-07-15,3.573571121407558
2015-07-16,3.5659108775968456
2015-07-17,3.5746647043978035
2015-07-18,3.6047169738332663
2015-07-19,3.6139635755287927
2015-07-20,3.5597000206922313
2015-07-21,3.546599200416223
2015-07-22,3.537240285721333
2015-07-23,3.6146575673103394
2015-07-24,3.5849371103924206
2015-07-25,3.562392443034274
2015-07-26,3.6073598283876107
2015-07-27,3.56436912800982
2015-07-28,3.6051774607862184
2015-07-29,3.5390753038978335
2015-07-30,3.6070696844689
2015-07-31,3.599802126936796
2015-08-01,3.5717886102168617
2015-08-02,3.5105983608955356
2015-08-03,3.5572553692502136
2015-08-04,3.4552055216049458
2015-08-05,3.5109806630681164
2015-08-06,3.542295302428227
2015-08-07,3.649056378375487
2015-08-08,3.564419878328969
2015-08-09,3.600898459276224
2015-08-10,3.604177499011705
2015-08-11,3.534866330683672
2015-08-12,3.550483944306736
2015-08-13,3.5365625340937448
2015-08-14,3.5393219901043445
2015-08-15,3.535384035059092
2015-08-16,3.5903473461738846
2015-08-17,3.5870040387491597
2015-08-18,3.580655841365899
2015-08-19,3.6103537445101077
2015-08-20,3.6363905404250527
2015-08-21,3.635222798145962
2015-08-22,3.632440234301474
2015-08-23,3.494744873653807
2015-08-24,3.521261046033703
2015-08-25,3.58958236273965
2015-08-26,3.6695568188919987
2015-08-27,3.6170781735983657
2015-08-28,3.618985682723745
2015-08-29,3.516525052153322
2015-08-30,3.606918516827934
2015-08-31,3.590635679650339
2015-09-01,3.572915450929574
2015-09-02,3.60497566122193
2015-09-03,3.566292339179548
2015-09-04,3.5540525575491344
2015-09-05,3.5069584198873787
2015-09-06,3.4565441153114067
2015-09-07,3.4930159448439517
2015-09-08,3.565286772794818
2015-09-09,3.616142618967179
2015-09-10,3.6286248594021635
2015-09-11,3.589828296389648
2015-09-12,3.5313545758009623
2015-09-13,3.6146942004418676
2015-09-14,3.585014687161269
2015-09-15,3.622311342176931
2015-09-16,3.5150067601151753
2015-09-17,3.551862145781236
2015-09-18,3.6020273411460293
2015-09-19,3.5537640664656243
2015-09-20,3.3922797800473368
2015-09-21,3.4680222255773656
2015-09-22,3.5561825190015917
2015-09-23,3.5907961644699444
2015-09-24,3.5458753130620035
2015-09-25,3.5858766260966948
2015-09-26,3.495207477703807
2015-09-27,3.5842509240925784
2015-09-28,3.5306246028020762
2015-09-29,3.482707832882849
2015-09-30,3.600249250442691
2015-10-01,3.6740937332081174
2015-10-02,3.7464807720283027
2015-10-03,3.6293247411766356
2015-10-04,3.617088766830531
2015-10-05,3.671395728623704
2015-10-06,3.574756663060309
2015-10-07,3.561785748411837
2015-10-08,3.65612005860448
2015-10-09,3.5963853673773647
2015-10-10,3.5728209152007344
2015-10-11,3.5776224692112475
2015-10-12,3.6501958900827995
2015-10-13,3.5679997427881798
2015-10-14,3.618342001413687
2015-10-15,3.599060475372232
2015-10-16,3.5370394403123155
2015-10-17,3.5959263450532775
2015-10-18,3.594008881529448
2015-10-19,3.6156435623197747
2015-10-20,3.6251942291229198
2015-10-21,3.4781035152549964
2015-10-22,3.361430239216527
2015-10-23,3.5182136530026695
2015-10-24,3.5058054934705964
2015-10-25,3.4970667085286893
2015-10-26,3.524783634514326
2015-10-27,3.5528175923559564
2015-10-28,3.269012536926783
2015-10-29,3.3252791891331985
2015-10-30,3.4887575869665035
2015-10-31,3.5201349425355066
2015-11-01,3.5657997220321334
2015-11-02,3.579741297625817
2015-11-03,3.6161278741779315
2015-11-04,3.6384015182089344
2015-11-05,3.6805229113497875
2015-11-06,3.6355118669131734
2015-11-07,3.4623329675268257
2015-11-08,3.492604355862665
2015-11-09,3.5350136217044126
2015-11-10,3.5645484957152425
2015-11-11,3.533505345633273
2015-11-12,3.508850672676003
2015-11-13,3.4909462260999273
2015-11-14,3.4184075956530586
2015-11-15,3.6084051868391764
2015-11-16,3.688096863220412
2015-11-17,3.6509393296697414
2015-11-18,3.631993265994984
2015-11-19,3.685683856719279
2015-11-20,3.5877270003947093
2015-11-21,3.51562022655075
2015-11-22,3.468646587279251
2015-11-23,3.503751818485454
2015-11-24,3.491437519586825
2015-11-25,3.5809173380536876
2015-11-26,3.4752916428699687
2015-11-27,3.5422671994105706
2015-11-28,3.5569464578261054
2015-11-29,3.565680018477268
2015-11-30,3.5636196621940917
2015-12-01,3.570850387081733
2015-12-02,3.6531337504539736
2015-12-03,3.6849129213797984
2015-12-04,3.653006838077942
2015-12-05,3.5625486788711287
2015-12-06,3.5097336633905125
2015-12-07,3.512825058476634
2015-12-08,3.5951615491875764
2015-12-09,3.562311902527372
2015-12-10,3.657878304815163
2015-12-11,3.6078290407304907
2015-12-12,3.6076086736426927
2015-12-13,3.622344059596997
2015-12-14,3.6398723538075455
2015-12-15,3.6942634964402083
2015-12-16,3.6935191696429284
2015-12-17,3.694737724252508
2015-12-18,3.7177597751510874
2015-12-19,3.5001836304959193
2015-12-20,3.593436580996856
2015-12-21,3.601548894481252
2015-12-22,3.555540076677504
2015-12-23,3.5325585658133196
2015-12-24,3.619952764284001
2015-12-25,3.628544093865804
2015-12-26,3.5927856127681697
2015-12-27,3.624311799622927
2015-12-28,3.6275169770221147
2015-12-29,3.6001638494003556
2015-12-30,3.728570810733212
2015-12-31,3.7589205862573953
2016-01-01,3.7587268806584397
2016-01-02,3.756531190742282
2016-01-03,3.7107182072458578
2016-01-04,3.7945911462743496
2016-01-05,3.758288448822724
2016-01-06,3.7461831940107024
2016-01-07,3.7318672202394914
2016-01-08,3.7875046827298156
2016-01-09,3.7117189783624744
2016-01-10,3.698829149436771
2016-01-11,3.711242556012471
2016-01-12,3.7414345916080682
2016-01-13,3.7188112446251775
2016-01-14,3.7624039788028343
2016-01-15,3.739351282649386
2016-01-16,3.585947701443784
2016-01-17,3.6211208108882356
2016-01-18,3.6105111257478026
2016-01-19,3.5808333142384834
2016-01-20,3.623904493512684
2016-01-21,3.6162563150250544
2016-01-22,3.6514076851858337
2016-01-23,3.390497480948547
2016-01-24,3.4348647629143905
2016-01-25,3.400694580460514
2016-01-26,3.3227092874463673
2016-01-27,3.3948417805998474
2016-01-28,3.4576149826419855
2016-01-29,3.5376862468808152
2016-01-30,3.517835996581836
2016-01-31,3.610557973514112
2016-02-01,3.497243120887093
2016-02-02,3.563143470076509
2016-02-03,3.541404533949614
2016-02-04,3.5116851135554
2016-02-05,3.5582462083188107
2016-02-06,3.5940901195902812
2016-02-07,3.5332497676553105
2016-02-08,3.5336163909456553
2016-02-09,3.570660766589115
2016-02-10,3.5012692116951762
2016-02-11,3.577093280739934
2016-02-12,3.529568024212884
2016-02-13,3.525007626045908
2016-02-14,3.5324257594661836
2016-02-15,3.547578380408697
2016-02-16,3.4917265499378884
2016-02-17,3.425270152118976
2016-02-18,3.4843353691533023
2016-02-19,3.5519740842500926
2016-02-20,3.5077856086075463
2016-02-21,3.3805010844757293
2016-02-22,3.495765313024326
2016-02-23,3.584221419485148
2016-02-24,3.6505849310350085
2016-02-25,3.662350931902763
2016-02-26,3.669644466170567
2016-02-27,3.6041538031639795
2016-02-28,3.620821113954464
2016-02-29,3.63144223366502
2016-03-01,3.5880201365726347
2016-03-02,3.642785564388144
2016-03-03,3.737882763236201
2016-03-04,3.6041583013362826
2016-03-05,3.4463098004490362
2016-03-06,3.557992361657619
2016-03-07,3.574676463725539
2016-03-08,3.6071493722635006
2016-03-09,3.7591633306052503
2016-03-10,3.653029533667205
2016-03-11,3.678900807578289
2016-03-12,3.6722980767525017
2016-03-13,3.5654244915539755
2016-03-14,3.5767205849666843
2016-03-15,3.531369166271524
2016-03-16,3.5762940126562097
2016-03-17,3.675683132788719
2016-03-18,3.625886039064812
2016-03-19,3.490290389490595
2016-03-20,3.6476042437448384
2016-03-21,3.661206716791486
2016-03-22,3.6306792742437333
2016-03-23,3.6796768831405036
2016-03-24,3.6799102903490404
2016-03-25,3.400139936966581
2016-03-26,3.444258200369268
2016-03-27,3.4397321062462263
2016-03-28,3.512453826129662
2016-03-29,3.4346494562674277
2016-03-30,3.5198021314890604
2016-03-31,3.502279149540771
2016-04-01,3.6026379926171983
2016-04-02,3.5597909969062327
2016-04-03,3.622235384116009
2016-04-04,3.6493320659275224
2016-04-05,3.550843563814901
2016-04-06,3.6390419897727826
2016-04-07,3.4573611221880705
2016-04-08,3.5520714980514825
2016-04-09,3.5382612378337077
2016-04-10,3.497892969513969
2016-04-11,3.561657740660232
2016-04-12,3.410710236722125
2016-04-13,3.4203730874591125
2016-04-14,3.463161074958486
2016-04-15,3.429145279539605
2016-04-16,3.3731739716228217
2016-04-17,3.4560540895222767
2016-04-18,3.4525915821716033
2016-04-19,3.4569299684343795
2016-04-20,3.464882265448721
2016-04-21,3.4807057303270827
2016-04-22,3.5232720580163774
2016-04-23,3.5429963117914145
2016-04-24,3.462066619246926
2016-04-25,3.4903490820172363
2016-04-26,3.6656670174417276
2016-04-27,3.5728565013972973
2016-04-28,3.5815815930929524
2016-04-29,3.6783208103246365
2016-04-30,3.591552483937106
2016-05-01,3.4614180823619933
2016-05-02,3.448161836004122
2016-05-03,3.5088504105912173
2016-05-04,3.5917688043800133
2016-05-05,3.580856696682782
2016-05-06,3.5847752961480097
2016-05-07,3.5618189175592434
2016-05-08,3.5898702716405966
2016-05-09,3.5708384160882884
2016-05-10,3.6232987740106526
2016-05-11,3.6416979711341897
2016-05-12,3.6018726368582255
2016-05-13,3.6052389373342804
2016-05-14,3.5918817783345913
2016-05-15,3.5752608045322605
2016-05-16,3.6006426656011685
2016-05-17,3.4998578804040603
2016-05-18,3.5492101514305263
2016-05-19,3.5957975062537644
2016-05-20,3.527277412363918
2016-05-21,3.4994743081333946
2016-05-22,3.312123162179396
2016-05-23,3.172002207477611
2016-05-24,3.3878669956257226
2016-05-25,3.54166497526936
2016-05-26,3.5407802080168933
2016-05-27,3.5307237970266443
2016-05-28,3.4260992032632362
2016-05-29,3.535317814145069
2016-05-30,3.626334858510169
2016-05-31,3.504858637916292
2016-06-01,3.579520977059011
2016-06-02,3.5588246635485077
2016-06-03,3.556982874641617
2016-06-04,3.621771055453534
2016-06-05,3.5652808993362455
2016-06-06,3.5925487490690697
2016-06-07,3.5417616086198436
2016-06-08,3.5525951165407506
2016-06-09,3.4424056268483554
2016-06-10,3.4768525673085033
2016-06-11,3.503313053467384
2016-06-12,3.6567175256141633
2016-06-13,3.5310267689243795
2016-06-14,3.5996158539647305
2016-06-15,3.5835052404601186
2016-06-16,3.6447205182146822
2016-06-17,3.6268557410917848
2016-06-18,3.5523160834192007
2016-06-19,3.5339547639462623
2016-06-20,3.755610452916532
2016-06-21,3.6275867965070665
2016-06-22,3.6000902022378884
2016-06-23,3.592794631068103
2016-06-24,3.68545058984603
2016-06-25,3.6116880990379583
2016-06-26,3.592302128814883
2016-06-27,3.5599081719021015
2016-06-28,3.616653435164492
2016-06-29,3.6991391059796577
2016-06-30,3.771492558844824
2016-07-01,3.657956113519481
2016-07-02,3.7039561802465006
2016-07-03,3.7398248216242442
2016-07-04,3.681130276790985
2016-07-05,3.587267241854761
2016-07-06,3.553218788768995
2016-07-07,3.600861737291928
2016-07-08,3.756130887234643
2016-07-09,3.6558920156408727
2016-07-10,3.5544397658888327
2016-07-11,3.560544814273341
2016-07-12,3.5877951489267654
2016-07-13,3.4673928986675437
2016-07-14,3.534236674554648
2016-07-15,3.551876699301782
2016-07-16,3.529056221777207
2016-07-17,3.565840527037577
2016-07-18,3.6309783125336934
2016-07-19,3.664289178271616
2016-07-20,3.5816854621567007
2016-07-21,3.7096819925380062
2016-07-22,3.6600690566342
2016-07-23,3.534143518873103
2016-07-24,3.4903748520794142
2016-07-25,3.6181126874978315
2016-07-26,3.5881046567431754
2016-07-27,3.5558107792377003
2016-07-28,3.507124492898214
2016-07-29,3.583950817405836
2016-07-30,3.5049752543142847
2016-07-31,3.402310770601649
2016-08-01,3.463517257665444
2016-08-02,3.5571098759955166
2016-08-03,3.643790429840438
2016-08-04,3.6648439990401456
2016-08-05,3.612636145145834
2016-08-06,3.6097498638268095
2016-08-07,3.5225485293191174
2016-08-08,3.517276696667642
2016-08-09,3.5519613530560727
2016-08-10,3.6093332008015904
2016-08-11,3.5767163399166777
2016-08-12,3.524968586539193
2016-08-13,3.4953151743079887
2016-08-14,3.515472214482204
2016-08-15,3.413519187307301
2016-08-16,3.4999659564557586
2016-08-17,3.5662135586214685
2016-08-18,3.6298590936417137
2016-08-19,3.616832043710985
2016-08-20,3.5357148358860697
2016-08-21,3.5358479490756323
2016-08-22,3.5454043422965342
2016-08-23,3.538133357386094
2016-08-24,3.454416471291476
2016-08-25,3.501373923580002
2016-08-26,3.5844236591117804
2016-08-27,3.520261755856889
2016-08-28,3.475229506940604
2016-08-29,3.650518545200222
2016-08-30,3.591379789579262
2016-08-31,3.605353479160267
2016-09-01,3.5801981605178095
2016-09-02,3.5851624165191893
2016-09-03,3.466503594868005
2016-09-04,3.404787107868925
2016-09-05,3.5957700680943643
2016-09-06,3.612599834950189
2016-09-07,3.6091457871551826
2016-09-08,3.6816665994071998
2016-09-09,3.6522373579143608
2016-09-10,3.726045612786633
2016-09-11,3.58203073038152
2016-09-12,3.6574016590471214
2016-09-13,3.607221612616981
2016-09-14,3.6308420775616908
2016-09-15,3.599366839566723
2016-09-16,3.522761256958069
2016-09-17,3.473728886878771
2016-09-18,3.5169115192178353
2016-09-19,3.4989609589194535
2016-09-20,3.437668331404628
2016-09-21,3.5641467873853205
2016-09-22,3.562197533144829
2016-09-23,3.643592360683432
2016-09-24,3.5615354355095854
2016-09-25,3.480770383189955
2016-09-26,3.552871712257699
2016-09-27,3.561970747574647
2016-09-28,3.4861057177836625
2016-09-29,3.5728656270134467
2016-09-30,3.5494892948798924
2016-10-01,3.6325066277109164
2016-10-02,3.58805052576904
2016-10-03,3.645671342637464
2016-10-04,3.56114618161672
2016-10-05,3.5586751248831687
2016-10-06,3.5804971382620616
2016-10-07,3.564742265746802
2016-10-08,3.645062717439562
2016-10-09,3.6880904156770695
2016-10-10,3.5498584947901346
2016-10-11,3.5938926789413417
2016-10-12,3.5990213621502867
2016-10-13,3.649685035834742
2016-10-14,3.5649757387373926
2016-10-15,3.3628249929276333
2016-10-16,3.5368733256600056
2016-10-17,3.609167860220928
2016-10-18,3.5505012293891562
2016-10-19,3.709381862990706
2016-10-20,3.592939653482171
2016-10-21,3.6406609737172952
2016-10-22,3.4970058116021177
2016-10-23,3.5525365221066334
2016-10-24,3.5445068573441327
2016-10-25,3.4889262958446112
2016-10-26,3.5038008747762777
2016-10-27,3.5147322543441457
2016-10-28,3.4632713920353755
2016-10-29,3.4375563341500404
2016-10-30,3.438369722855316
2016-10-31,3.480191444874485
2016-11-01,3.5275538196627463
2016-11-02,3.6219784390798972
2016-11-03,3.628316803025604
2016-11-04,3.602644640835285
2016-11-05,3.5682954484781657
2016-11-06,3.5705687402190938
2016-11-07,3.4356503480349576
2016-11-08,3.367603335046471
2016-11-09,3.297982160522893
2016-11-10,3.4484970465794276
2016-11-11,3.527208064105946
2016-11-12,3.495982687086657
2016-11-13,3.491546445299211
2016-11-14,3.4518553234235343
2016-11-15,3.598070595368381
2016-11-16,3.5697275684731418
2016-11-17,3.6558846286354427
2016-11-18,3.6003324838334025
2016-11-19,3.5235255302922086
2016-11-20,3.369404956319383
2016-11-21,3.536357794783716
2016-11-22,3.5925730379291974
2016-11-23,3.628478859908127
2016-11-24,3.5132963861228848
2016-11-25,3.5516220627493476
2016-11-26,3.412640012929987
2016-11-27,3.4964594821062756
2016-11-28,3.561134907092049
2016-11-29,3.581038661896826
2016-11-30,3.5691816913708196
2016-12-01,3.723083418399868
2016-12-02,3.765472437830355
2016-12-03,3.6938365031119287
2016-12-04,3.6359591558508915
2016-12-05,3.600095659633086
2016-12-06,3.724787554090208
2016-12-07,3.7187563334994773
2016-12-08,3.7062120534244505
2016-12-09,3.6793427306668036
2016-12-10,3.672153953638614
2016-12-11,3.5846179189823664
2016-12-12,3.6304589416345743
2016-12-13,3.561110195047913
2016-12-14,3.6379665080161803
2016-12-15,3.6141487873024105
2016-12-16,3.694112312910007
2016-12-17,3.608449883985357
2016-12-18,3.5333573870121984
2016-12-19,3.5129865609493387
2016-12-20,3.43126987751907
2016-12-21,3.4294955850599824
2016-12-22,3.428975878813875
2016-12-23,3.491076548042959
2016-12-24,3.4692747115656166
2016-12-25,3.504397923909115
2016-12-26,3.6130409152142993
2016-12-27,3.6497407801250787
2016-12-28,3.6531848548195938
2016-12-29,3.540544777166221
2016-12-30,3.53025040905932
2016-12-31,3.5214713206172625
2017-01-01,3.6029678798141815
2017-01-02,3.715660079368087
2017-01-03,3.7606347323437603
2017-01-04,3.699558682402342
2017-01-05,3.661504651718744
2017-01-06,3.6535583571995334
2017-01-07,3.506893531752145
2017-01-08,3.561136502786353
2017-01-09,3.6069624087101646
2017-01-10,3.536203507721801
2017-01-11,3.5997223692126923
2017-01-12,3.641929542930459
2017-01-13,3.6961952943215173
2017-01-14,3.642372884342629
2017-01-15,3.610876340417751
2017-01-16,3.6157508859878353
2017-01-17,3.5245297943198866
2017-01-18,3.5245116316001064
2017-01-19,3.716768503413605
2017-01-20,3.6465645078056395
2017-01-21,3.471254751918
2017-01-22,3.493717836025769
2017-01-23,3.3240859078207836
2017-01-24,3.526109099522833
2017-01-25,3.486861028936689
2017-01-26,3.612595312486322
2017-01-27,3.6254464890539104
2017-01-28,3.6126412198976445
2017-01-29,3.51020293389404
2017-01-30,3.541831561556637
2017-01-31,3.5277606394307988
2017-02-01,3.580404674617272
2017-02-02,3.6806641078503457
2017-02-03,3.730881436322151
2017-02-04,3.709900381148208
2017-02-05,3.642132165599531
2017-02-06,3.641129163716173
2017-02-07,3.663341971442205
2017-02-08,3.6933312798850806
2017-02-09,3.734427840417895
2017-02-10,3.702093481194561
2017-02-11,3.7037869590153165
2017-02-12,3.642248112270356
2017-02-13,3.5555384994037054
2017-02-14,3.5742324523317124
2017-02-15,3.3731656118117668
2017-02-16,3.493852009822222
2017-02-17,3.564473171484491
2017-02-18,3.518273165097179
2017-02-19,3.538591259438672
2017-02-20,3.5685689497107655
2017-02-21,3.538897433687279
2017-02-22,3.5038566294250586
2017-02-23,3.5906613569144232
2017-02-24,3.4778200032364195
2017-02-25,3.5801494404929266
2017-02-26,3.596474877520856
2017-02-27,3.655949365328172
2017-02-28,3.564939132461524
2017-03-01,3.5386037323157162
2017-03-02,3.5445535540710735
2017-03-03,3.59056326458721
2017-03-04,3.591930138977424
2017-03-05,3.4604527017460343
2017-03-06,3.5877340438790655
2017-03-07,3.717444523474039
2017-03-08,3.56723068117409
2017-03-09,3.647639926175746
2017-03-10,3.7436130252965545
2017-03-11,3.671326042609603
2017-03-12,3.6059688395905347
2017-03-13,3.3556183071245655
2017-03-14,3.4546650132032006
2017-03-15,3.4595900088571465
2017-03-16,3.602513002328444
2017-03-17,3.6022590271239063
2017-03-18,3.5705426409484855
2017-03-19,3.648904030823867
2017-03-20,3.5252141799359284
2017-03-21,3.5375455874911292
2017-03-22,3.5654608679192594
2017-03-23,3.625994429108519
2017-03-24,3.601565601199423
2017-03-25,3.580249182889752
2017-03-26,3.7739148086759586
2017-03-27,3.5247449171675376
2017-03-28,3.501059417726707
2017-03-29,3.5449435874327184
2017-03-30,3.585734117449439
2017-03-31,3.6008383061523346
2017-04-01,3.57942367437328
2017-04-02,3.596349129579408
2017-04-03,3.6586334620586607
2017-04-04,3.614218756027707
2017-04-05,3.679779186868971
2017-04-06,3.6241370186920947
2017-04-07,3.5708796394263698
2017-04-08,3.577682102695066
2017-04-09,3.5796455383884846
2017-04-10,3.686147154270796
2017-04-11,3.6139056648944936
2017-04-12,3.682224870332699
2017-04-13,3.655979798467369
2017-04-14,3.491149312777316
2017-04-15,3.707281928308488
2017-04-16,3.623042425008157
2017-04-17,3.474001194599328
2017-04-18,3.4415159464467644
2017-04-19,3.5460372928860515
2017-04-20,3.574508026889423
2017-04-21,3.634301002219434
2017-04-22,3.6163766870713676
2017-04-23,3.5552561187468266
2017-04-24,3.6212771275547913
2017-04-25,3.588398122868658
2017-04-26,3.6566774995123237
2017-04-27,3.6811222925971454
2017-04-28,3.690533298858933
2017-04-29,3.6056119186325684
2017-04-30,3.6539981365888012
2017-05-01,3.6507078312103074
2017-05-02,3.589202343999434
2017-05-03,3.509164245921291
2017-05-04,3.5935189545112194
2017-05-05,3.5639185087094565
2017-05-06,3.554183605650708
2017-05-07,3.5616434118499836
2017-05-08,3.6696698124616067
2017-05-09,3.698360192596221
2017-05-10,3.642195993581926
2017-05-11,3.639297841043364
2017-05-12,3.633044302469989
2017-05-13,3.5598661546691455
2017-05-14,3.6028825275454666
2017-05-15,3.6458888164380525
2017-05-16,3.556858272784805
2017-05-17,3.689525549733548
2017-05-18,3.749416149329413
2017-05-19,3.591601850381607
2017-05-20,3.4386365296961214
2017-05-21,3.5000334274857736
2017-05-22,3.434869018106964
2017-05-23,3.5020315977791885
2017-05-24,3.5178656119326277
2017-05-25,3.6299785450252435
2017-05-26,3.662745733210558
2017-05-27,3.552598062971732
2017-05-28,3.5094758679087974
2017-05-29,3.608469825159374
2017-05-30,3.6245602645407042
2017-05-31,3.693857313988989
2017-06-01,3.5994604707218043
2017-06-02,3.628821522279596
2017-06-03,3.5322403885480567
2017-06-04,3.529250422877359
2017-06-05,3.6560257591183705
2017-06-06,3.6453294067630795
2017-06-07,3.584851515408757
2017-06-08,3.601579800153647
2017-06-09,3.6043723915069807
2017-06-10,3.5549883958691453
2017-06-11,3.657275848442979
2017-06-12,3.6825264668132545
2017-06-13,3.67193928381778
2017-06-14,3.7089755933376543
2017-06-15,3.73620237502322
2017-06-16,3.637723880037198
2017-06-17,3.484221113338706
2017-06-18,3.563860092690884
2017-06-19,3.5385906500990014
2017-06-20,3.585414962606909
2017-06-21,3.607768997246763
2017-06-22,3.7018762750609016
2017-06-23,3.7420508550931446
2017-06-24,3.710217255565177
2017-06-25,3.7544585257519834
2017-06-26,3.717636081968776
2017-06-27,3.64979581859372
2017-06-28,3.715668176626351
2017-06-29,3.631759622174536
2017-06-30,3.6416364777515406
2017-07-01,3.585603763950685
2017-07-02,3.628399677651595
2017-07-03,3.586071643053631
2017-07-04,3.6011778884827517
2017-07-05,3.610119176040788
2017-07-06,3.595680054855743
2017-07-07,3.696004927662588
2017-07-08,3.6959248530268383
2017-07-09,3.5991513528249195
2017-07-10,3.575145669944341
2017-07-11,3.613522637295407
2017-07-12,3.535529130141588
2017-07-13,3.629021647134955
2017-07-14,3.5862585599942025
2017-07-15,3.6004902319914307
2017-07-16,3.672502435748755
2017-07-17,3.7394902509458237
2017-07-18,3.732860929464959
2017-07-19,3.7292640528278627
2017-07-20,3.71958416318474
2017-07-21,3.6897973591801083
2017-07-22,3.783242105414389
2017-07-23,3.718511497274407
2017-07-24,3.655195842732019
2017-07-25,3.720434562044269
2017-07-26,3.742835274312974
2017-07-27,3.814976792632363
2017-07-28,3.7636782573753207
2017-07-29,3.7288320901799303
2017-07-30,3.7057875461316994
2017-07-31,3.6789838987335526
2017-08-01,3.692180762800676
2017-08-02,3.621824241141467
2017-08-03,3.6573434878299853
2017-08-04,3.4821758690367504
2017-08-05,3.341535662569185
2017-08-06,3.4086233390425003
2017-08-07,3.4665653960977005
2017-08-08,3.5623254814057397
2017-08-09,3.5476655448991954
2017-08-10,3.657298326731143
2017-08-11,3.722886911803152
2017-08-12,3.4780292439686566
2017-08-13,3.6704482577206066
2017-08-14,3.5684994011786357
2017-08-15,3.6502593823023046
2017-08-16,3.6530880806378647
2017-08-17,3.5414984466276582
2017-08-18,3.5978396526986796
2017-08-19,3.6161375909024285
2017-08-20,3.702364335890901
2017-08-21,3.5479594355249136
2017-08-22,3.5392732801098674
2017-08-23,3.417921614803938
2017-08-24,3.466989879062562
2017-08-25,3.545934004970299
2017-08-26,3.654793925423924
2017-08-27,3.573782263263137
2017-08-28,3.63677424104996
2017-08-29,3.597678031846024
2017-08-30,3.681044917789592
2017-08-31,3.542381250002711
2017-09-01,3.6579599413135715
2017-09-02,3.5352417493586166
2017-09-03,3.6717837064471537
2017-09-04,3.623105239467367
2017-09-05,3.6255371566009407
2017-09-06,3.6380551574323823
2017-09-07,3.634821765064743
2017-09-08,3.7582475767256267
2017-09-09,3.628006053838966
2017-09-10,3.524235431034552
2017-09-11,3.4582448579361396
2017-09-12,3.5555133678321407
2017-09-13,3.5764488615415764
2017-09-14,3.643760162216417
2017-09-15,3.645346416086534
2017-09-16,3.5828339316564675
2017-09-17,3.601460269582302
2017-09-18,3.5553104115762717
2017-09-19,3.6169475936394124
2017-09-20,3.5750029588823455
2017-09-21,3.4714228513610443
2017-09-22,3.6202551677381627
2017-09-23,3.5623268023248134
2017-09-24,3.7257807758485972
2017-09-25,3.6811120362804655
2017-09-26,3.7120445275691103
2017-09-27,3.6842163642173387
2017-09-28,3.6495477651077213
2017-09-29,3.7753879776798462
2017-09-30,3.8343344066184066
2017-10-01,3.690693389074983
2017-10-02,3.539394348608536
2017-10-03,3.530898877070623
2017-10-04,3.4482009639322437
2017-10-05,3.5507113103431527
2017-10-06,3.4853059224017757
2017-10-07,3.5696287147011367
2017-10-08,3.655791234016936
2017-10-09,3.640620423435058
2017-10-10,3.6156203062845447
2017-10-11,3.6464144218111967
2017-10-12,3.56918246453397
2017-10-13,3.5812357675283706
2017-10-14,3.551149958142402
2017-10-15,3.5138159179284227
2017-10-16,3.6413166836404107
2017-10-17,3.6870290977820956
2017-10-18,3.6617436764813496
2017-10-19,3.577332506008075
2017-10-20,3.5270416422396615
2017-10-21,3.5181557585812397
2017-10-22,3.548717939395986
2017-10-23,3.5761871423707587
2017-10-24,3.637141474638653
2017-10-25,3.6244889526720407
2017-10-26,3.6440730088487636
2017-10-27,3.618700055658877
2017-10-28,3.5172809160736893
2017-10-29,3.5806333680323963
2017-10-30,3.57709279733151
2017-10-31,3.5725395848136636
2017-11-01,3.3563321153187866
2017-11-02,3.4571189090453003
2017-11-03,3.5785534685293157
2017-11-04,3.658679994057829
2017-11-05,3.6210226673878054
2017-11-06,3.596107993743999
2017-11-07,3.5943627295511638
2017-11-08,3.6085964538502564
2017-11-09,3.7079063885633503
2017-11-10,3.656841849906129
2017-11-11,3.699375194434843
2017-11-12,3.6761995925251933
2017-11-13,3.703020648787844
2017-11-14,3.6633183014328714
2017-11-15,3.6542344840347174
2017-11-16,3.6074603806956675
2017-11-17,3.6052185093516607
2017-11-18,3.572625665501998
2017-11-19,3.2554251095133524
2017-11-20,3.418171152985813
2017-11-21,3.3880892431368164
2017-11-22,3.328208064748238
2017-11-23,3.4567343623983846
2017-11-24,3.4943875847951174
2017-11-25,3.5147970224146485
2017-11-26,3.4860231040493965
2017-11-27,3.5502028835646255
2017-11-28,3.5459650870388044
2017-11-29,3.5912187289321795
2017-11-30,3.590225524466138
2017-12-01,3.5623456620299185
2017-12-02,3.599809211316668
2017-12-03,3.481070075015924
2017-12-04,3.5980912288203135
2017-12-05,3.7099888524693436
2017-12-06,3.6991463002708063
2017-12-07,3.7465855478011996
2017-12-08,3.7323666287637223
2017-12-09,3.5456829439292354
2017-12-10,3.455177484008524
2017-12-11,3.568404098678051
2017-12-12,3.6130679123645213
2017-12-13,3.6288360926144807
2017-12-14,3.6169450346820735
2017-12-15,3.6961468052641604
2017-12-16,3.7513612729643504
2017-12-17,3.71269364833763
2017-12-18,3.707422874572616
2017-12-19,3.6570964648453965
2017-12-20,3.6196162571215957
2017-12-21,3.5829396268724496
2017-12-22,3.629887732849761
2017-12-23,3.6721054993539877
2017-12-24,3.5704045828670075
2017-12-25,3.6848127982412033
2017-12-26,3.6210078020581564
2017-12-27,3.6132282853154707
2017-12-28,3.735342528783642
2017-12-29,3.785122037109558
2017-12-30,3.72798016082823
2017-12-31,3.7391227095808297
2018-01-01,3.726586308743333
2018-01-02,3.752494843315037
2018-01-03,3.744219994530419
2018-01-04,3.785628139020851
2018-01-05,3.7619259382296883
2018-01-06,3.6991244883742525
2018-01-07,3.660832303392057
2018-01-08,3.7601293401252587
2018-01-09,3.768022203214314
2018-01-10,3.8047862787083195
2018-01-11,3.734499708593555
2018-01-12,3.745010674550241
2018-01-13,3.7875628804044847
2018-01-14,3.818775480350884
2018-01-15,3.72852535864672
2018-01-16,3.6815521442635264
2018-01-17,3.580722895572809
2018-01-18,3.6342047485482425
2018-01-19,3.7611795129062764
2018-01-20,3.613407584678064
2018-01-21,3.55810447297783
2018-01-22,3.691430674609181
2018-01-23,3.667286956196204
2018-01-24,3.6421244645217206
2018-01-25,3.674195921671312
2018-01-26,3.70321089385827
2018-01-27,3.6984362496379655
2018-01-28,3.694054540198494
2018-01-29,3.6716051090633113
2018-01-30,3.7215285653129415
2018-01-31,3.6975921350075325
2018-02-01,3.703885678814749
2018-02-02,3.7811386792501698
2018-02-03,3.6987995733290377
2018-02-04,3.7171493112328733
2018-02-05,3.7385761690525565
2018-02-06,3.6901195050469937
2018-02-07,3.6613428489537188
2018-02-08,3.571701178722988
2018-02-09,3.5272573929735906
2018-02-10,3.5547671185049587
2018-02-11,3.583388231696766
2018-02-12,3.6508024566761574
2018-02-13,3.628601474061753
2018-02-14,3.626373074115721
2018-02-15,3.56629343464932
2018-02-16,3.67028112859279
2018-02-17,3.485795544978245
2018-02-18,3.690087501258862
2018-02-19,3.6761305612198165
2018-02-20,3.728958838112946
2018-02-21,3.642380066198357
2018-02-22,3.670666275278218
2018-02-23,3.745894653295088
2018-02-24,3.772344385690754
2018-02-25,3.7481104406132966
2018-02-26,3.658838470784651
2018-02-27,3.7226952183597666
2018-02-28,3.7330492098781063
2018-03-01,3.729600926255339
2018-03-02,3.6443494592055647
2018-03-03,3.5895098072987572
2018-03-04,3.586382697831624
2018-03-05,3.483849573446679
2018-03-06,3.580023935113507
2018-03-07,3.5927057684713124
2018-03-08,3.6649541970503856
2018-03-09,3.6258689454222965
2018-03-10,3.7332512245670575
2018-03-11,3.5544102138711167
2018-03-12,3.5562638120033814
2018-03-13,3.594985849304512
2018-03-14,3.606073266199019
2018-03-15,3.5704265257923953
2018-03-16,3.4884478989625425
2018-03-17,3.572622932131867
2018-03-18,3.635345987703481
2018-03-19,3.5611764149381617
2018-03-20,3.546169428323592
2018-03-21,3.5839554627516734
2018-03-22,3.6532847947201104
2018-03-23,3.6735810362237484
2018-03-24,3.6353011819160095
2018-03-25,3.7216577904633983
2018-03-26,3.746568574232593
2018-03-27,3.679583702573746
2018-03-28,3.6234666372738578
2018-03-29,3.6749915478569934
2018-03-30,3.7309466027712723
2018-03-31,3.7229289531802174
2018-04-01,3.761649385449356
2018-04-02,3.6726137753560053
2018-04-03,3.4483191923574172
2018-04-04,3.3688187339448423
2018-04-05,3.490565526719518
2018-04-06,3.6076401885610827
2018-04-07,3.5520147830603075
2018-04-08,3.655635807925477
2018-04-09,3.708456539638338
2018-04-10,3.640991486804474
2018-04-11,3.7288528869921156
2018-04-12,3.731518362702199
2018-04-13,3.698944992420299
2018-04-14,3.5847142604219644
2018-04-15,3.6553327479870235
2018-04-16,3.684564194132921
2018-04-17,3.6902686559134894
2018-04-18,3.7484815422425637
2018-04-19,3.794694609982818
2018-04-20,3.7541823347787404
2018-04-21,3.734008720043933
2018-04-22,3.664624466170423
2018-04-23,3.563194343694906
2018-04-24,3.570535383496196
2018-04-25,3.576854503539961
2018-04-26,3.6260505898498243
2018-04-27,3.532410669357431
2018-04-28,3.446145849060872
2018-04-29,3.397676311389601
2018-04-30,3.5493210496651155
2018-05-01,3.584540140991716
2018-05-02,3.704251832457022
2018-05-03,3.718061417451222
2018-05-04,3.733393206835547
2018-05-05,3.5952271271547502
2018-05-06,3.606371324980347
2018-05-07,3.6841412121186914
2018-05-08,3.6218086316877454
2018-05-09,3.6671441828160156
2018-05-10,3.7426873754024177
2018-05-11,3.707275640125885
2018-05-12,3.7023565646514407
2018-05-13,3.6296164949478342
2018-05-14,3.6415083837800637
2018-05-15,3.5391439502044832
2018-05-16,3.658654095998653
2018-05-17,3.751191011951602
2018-05-18,3.6546963858621906
2018-05-19,3.691536836300863
2018-05-20,3.574416002358255
2018-05-21,3.7274291836850466
2018-05-22,3.7425108514572965
2018-05-23,3.7445790921811866
2018-05-24,3.6385242206894524
2018-05-25,3.6475874718359553
2018-05-26,3.7229091945883974
2018-05-27,3.646469985831907
2018-05-28,3.5595195302054137
2018-05-29,3.6942874393797895
2018-05-30,3.79608496044379
2018-05-31,3.809855820800412
2018-06-01,3.8008393641896516
2018-06-02,3.781470048959589
2018-06-03,3.664447983280252
2018-06-04,3.6237149437596177
2018-06-05,3.6497842280923263
2018-06-06,3.6356175188677837
2018-06-07,3.681923495088809
2018-06-08,3.7040349629110776
2018-06-09,3.5901833979367117
2018-06-10,3.632131525576834
2018-06-11,3.6631164163623273
2018-06-12,3.681434941105256
2018-06-13,3.736019548824411
2018-06-14,3.758117077078493
2018-06-15,3.647635485278235
2018-06-16,3.7679723157967357
2018-06-17,3.716248985876939
2018-06-18,3.7471594954226397
2018-06-19,3.7366631332030518
2018-06-20,3.727482593567252
2018-06-21,3.7321193440165152
2018-06-22,3.6919384277493337
2018-06-23,3.7316651909586116
2018-06-24,3.708238429257027
2018-06-25,3.6969276179061494
2018-06-26,3.6693251175456036
2018-06-27,3.7615395371376597
2018-06-28,3.7636475337855106
2018-06-29,3.8318532841021633
2018-06-30,3.6718522910923412
2018-07-01,3.7981063323613493
2018-07-02,3.634783158570514
2018-07-03,3.630084310587939
2018-07-04,3.585663569572455
2018-07-05,3.716408479090079
2018-07-06,3.5818387133756087
2018-07-07,3.740331274418123
2018-07-08,3.8248183894591077
2018-07-09,3.8807628736662596
2018-07-10,3.756349361679263
2018-07-11,3.732574464189274
2018-07-12,3.676475915248752
2018-07-13,3.7289980883458345
2018-07-14,3.682817096101423
2018-07-15,3.656597753553169
2018-07-16,3.675404743237225
2018-07-17,3.688968219510613
2018-07-18,3.6888657860769083
2018-07-19,3.7356740882453487
2018-07-20,3.7324871466453753
2018-07-21,3.7295907915119533
2018-07-22,3.6566204466938665
2018-07-23,3.6477488501167628
2018-07-24,3.757098273660604
2018-07-25,3.7742117449925545
2018-07-26,3.8449372107961732
2018-07-27,3.797288566835676
2018-07-28,3.7271776006627144
2018-07-29,3.782370629917166
2018-07-30,3.5731295449423275
2018-07-31,3.495279552024959
2018-08-01,3.5174261993143894
2018-08-02,3.736156661530629
2018-08-03,3.770893046198962
2018-08-04,3.830721260897905
2018-08-05,3.791733446131625
2018-08-06,3.794528665957862
2018-08-07,3.7779297557958627
2018-08-08,3.7609675463884806
2018-08-09,3.693939085826191
2018-08-10,3.712579739484101
2018-08-11,3.7004271011376466
2018-08-12,3.631813697449596
2018-08-13,3.630466008613699
2018-08-14,3.6927877343345226
2018-08-15,3.6806644460779987
2018-08-16,3.7194634840034047
2018-08-17,3.649605446566432
2018-08-18,3.6415393073213345
2018-08-19,3.649299563035728
2018-08-20,3.6603027479983288
2018-08-21,3.764365603160169
2018-08-22,3.80107866274492
2018-08-23,3.7417329876819694
2018-08-24,3.702666863290585
2018-08-25,3.74111842423169
2018-08-26,3.6406684859207368
2018-08-27,3.6563529386429385
2018-08-28,3.699082279206756
2018-08-29,3.6781372828168317
2018-08-30,3.6589034058933048
2018-08-31,3.544005847379549
2018-09-01,3.5415554942490948
2018-09-02,3.6420074810764547
2018-09-03,3.4640772008946352
2018-09-04,3.477518151110006
2018-09-05,3.5684859687293624
2018-09-06,3.3917649551421842
2018-09-07,3.2838532100020337
2018-09-08,3.551579969159688
2018-09-09,3.6208740628949445
2018-09-10,3.655828221023747
2018-09-11,3.6565207972165856
2018-09-12,3.67552221529077
2018-09-13,3.67069771596894
2018-09-14,3.6520648115083674
2018-09-15,3.5634341681713453
2018-09-16,3.7055328755894155
2018-09-17,3.660464631668515
2018-09-18,3.661948214252871
2018-09-19,3.603804575776296
2018-09-20,3.7203298562878375
2018-09-21,3.720044863414874
2018-09-22,3.5975693883460176
2018-09-23,3.609397421596333
2018-09-24,3.6460167005617716
2018-09-25,3.6062315232909263
2018-09-26,3.6425811179622167
2018-09-27,3.5741966051972653
2018-09-28,3.72437205629307
2018-09-29,3.764446613990152
2018-09-30,3.6934100217612156
2018-10-01,3.6527888952215273
2018-10-02,3.747351029554525
2018-10-03,3.7955115617557538
2018-10-04,3.7477856253841866
2018-10-05,3.8017873272745435
2018-10-06,3.7946406751661628
2018-10-07,3.7721607781711297
2018-10-08,3.7887484208313844
2018-10-09,3.7505487332915806
2018-10-10,3.823557318324826
2018-10-11,3.870676070769876
2018-10-12,3.6794567431359626
2018-10-13,3.881179066509701
2018-10-14,3.809364645649892
2018-10-15,3.7455911417633367
2018-10-16,3.854632979534842
2018-10-17,3.90599545304551
2018-10-18,3.7641124232492498
2018-10-19,3.784586033474523
2018-10-20,3.672768278361982
2018-10-21,3.825454502446386
2018-10-22,3.7723026391423544
2018-10-23,3.688230410258804
2018-10-24,3.76311228319476
2018-10-25,3.770501444403311
2018-10-26,3.723514120118581
2018-10-27,3.7121619930160565
2018-10-28,3.601890798921387
2018-10-29,3.602972162271846
2018-10-30,3.7551709663815993
2018-10-31,3.7047723352866133
2018-11-01,3.750113394566565
2018-11-02,3.796147912360277
2018-11-03,3.671981209858243
2018-11-04,3.8032312485322213
2018-11-05,3.7908582805264555
2018-11-06,3.8230189271283392
2018-11-07,3.7566884968694882
2018-11-08,3.736019376281595
2018-11-09,3.7126684606364346
2018-11-10,3.785658546007322
2018-11-11,3.735728449889789
2018-11-12,3.753211056052631
2018-11-13,3.766962793958339
2018-11-14,3.8344360310810837
2018-11-15,3.8597343142328584
2018-11-16,3.720269779616577
2018-11-17,3.6451470569053686
2018-11-18,3.6322028554376455
2018-11-19,3.5278122084128554
2018-11-20,3.715631793849234
2018-11-21,3.7733702541552994
2018-11-22,3.7507309505907993
2018-11-23,3.7872803741650998
2018-11-24,3.6766356526703716
2018-11-25,3.776643325973913
2018-11-26,3.7474144762771444
2018-11-27,3.726931470925167
2018-11-28,3.7670230675606304
2018-11-29,3.7300197972872144
2018-11-30,3.7364190954340617
2018-12-01,3.7464204911707455
2018-12-02,3.734992367782355
2018-12-03,3.7066442738331427
2018-12-04,3.6723316562607122
2018-12-05,3.7305535658206415
2018-12-06,3.779610612276738
2018-12-07,3.7830534514775755
2018-12-08,3.6195432791899442
2018-12-09,3.6943295999526713
2018-12-10,3.7980009965981996
2018-12-11,3.815158238789304
2018-12-12,3.6910508810347507
2018-12-13,3.7404566429171893
2018-12-14,3.759116753812593
2018-12-15,3.695097612074117
2018-12-16,3.715919468630279
2018-12-17,3.7213771744033255
2018-12-18,3.7121943540370026
2018-12-19,3.7219691818450005
2018-12-20,3.65793176899821
2018-12-21,3.72800024541057
2018-12-22,3.8007069527880764
2018-12-23,3.7573212221951477
2018-12-24,3.614066647902937
2018-12-25,3.5437338391885644
2018-12-26,3.5129214220172837
2018-12-27,3.5732805318103282
2018-12-28,3.7281865383687265
2018-12-29,3.601158341906997
2018-12-30,3.6375533801380837
2018-12-31,3.5840182539252634
2019-01-01,3.5005389277313355
2019-01-02,3.6068866204431584
2019-01-03,3.69016741833373
2019-01-04,3.7442987091765594
2019-01-05,3.5476780924369877
2019-01-06,3.7347975761669234
2019-01-07,3.627828032310132
2019-01-08,3.660220768062875
2019-01-09,3.6795750230875646
2019-01-10,3.7297211311573677
2019-01-11,3.6941977870884966
2019-01-12,3.6138421827400014
2019-01-13,3.6270376610239907
2019-01-14,3.6056796826142627
2019-01-15,3.7083178643143335
2019-01-16,3.6394424845540394
2019-01-17,3.648761347898759
2019-01-18,3.661981737570267
2019-01-19,3.7639446166401336
2019-01-20,3.6943647185069532
2019-01-21,3.7485593457303366
2019-01-22,3.747788182912376
2019-01-23,3.756717919962541
2019-01-24,3.7899781914285113
2019-01-25,3.798924257479068
2019-01-26,3.821720904918122
2019-01-27,3.8061614156412795
2019-01-28,3.681938493913832
2019-01-29,3.726995642568675
2019-01-30,3.7410788896791924
2019-01-31,3.696321679915719
2019-02-01,3.6798169587343685
2019-02-02,3.716625750205011
2019-02-03,3.6601188399515867
2019-02-04,3.7007868701512856
2019-02-05,3.713549726096924
2019-02-06,3.6840454005751284
2019-02-07,3.718134014632944
2019-02-08,3.689618352826868
2019-02-09,3.7175290510554624
2019-02-10,3.575862938400207
2019-02-11,3.683055896178314
2019-02-12,3.708010746693051
2019-02-13,3.7308462511007527
2019-02-14,3.6513927902301218
2019-02-15,3.6131737963849777
2019-02-16,3.591278910855869
2019-02-17,3.6255135361478317
2019-02-18,3.6814778932041223
2019-02-19,3.623626737961732
2019-02-20,3.691573357832792
2019-02-21,3.7432456897291706
2019-02-22,3.771433863888796
2019-02-23,3.756101663597389
2019-02-24,3.703394053654751
2019-02-25,3.5921826088654405
2019-02-26,3.5226711096564878
2019-02-27,3.4899530873530384
2019-02-28,3.470923489818095
2019-03-01,3.617419711737365
2019-03-02,3.482256471145485
2019-03-03,3.715349405345131
2019-03-04,3.6870699840158676
2019-03-05,3.6373128879408108
2019-03-06,3.6459311190958936
2019-03-07,3.6709760210743143
2019-03-08,3.690112876192989
2019-03-09,3.5062583084398273
2019-03-10,3.488815397462303
2019-03-11,3.4395183700044285
2019-03-12,3.5294075283476474
2019-03-13,3.6428742606936417
2019-03-14,3.618711079382326
2019-03-15,3.580965481802752
2019-03-16,3.5778070806893707
2019-03-17,3.557074828057332
2019-03-18,3.6378503801690885
2019-03-19,3.5915094981909688
2019-03-20,3.611660322620588
2019-03-21,3.6961914056275145
2019-03-22,3.666699381423217
2019-03-23,3.746664644768712
2019-03-24,3.720151042455427
2019-03-25,3.810714687340843
2019-03-26,3.6344260941307445
2019-03-27,3.7493080772297325
2019-03-28,3.8462329822876162
2019-03-29,3.6970011012015105
2019-03-30,3.850394343429214
2019-03-31,3.657903705802088
2019-04-01,3.7085811232647794
2019-04-02,3.7255037061914327
2019-04-03,3.735884101979618
2019-04-04,3.6901048482023153
2019-04-05,3.7628590220960807
2019-04-06,3.6752747570875206
2019-04-07,3.589436596582591
2019-04-08,3.8107257955288385
2019-04-09,3.7458345291349966
2019-04-10,3.7852324657143446
2019-04-11,3.7536102922988324
2019-04-12,3.861558714673847
2019-04-13,3.768891761480408
2019-04-14,3.739005107032752
2019-04-15,3.7540575019605393
2019-04-16,3.5577671050781277
2019-04-17,3.5907638403221305
2019-04-18,3.5593549675625336
2019-04-19,3.5962927989293387
2019-04-20,3.4974936856029455
2019-04-21,3.352559546141003
2019-04-22,3.5432411780945663
2019-04-23,3.7559400927748627
2019-04-24,3.802767021064044
2019-04-25,3.719668533975721
2019-04-26,3.754924257927947
2019-04-27,3.7409576148388712
2019-04-28,3.759607529208943
2019-04-29,3.757095819870687
2019-04-30,3.7678362412759503
2019-05-01,3.7460159463419336
2019-05-02,3.8220478128073347
2019-05-03,3.737766952170658
2019-05-04,3.778361447394608
2019-05-05,3.8203191255339712
2019-05-06,3.811193677699558
2019-05-07,3.702693024370549
2019-05-08,3.5711487025522892
2019-05-09,3.6841041943856476
2019-05-10,3.7505175668095156
2019-05-11,3.782600689015596
2019-05-12,3.7572495931389365
2019-05-13,3.708588448446576
2019-05-14,3.6685648686817713
2019-05-15,3.7524708604435126
2019-05-16,3.7326683176587196
2019-05-17,3.7015103512840897
2019-05-18,3.72820278146446
2019-05-19,3.7607457213516193
2019-05-20,3.7527412222723866
2019-05-21,3.702267241020846
2019-05-22,3.704692723342972
2019-05-23,3.7311410386745285
2019-05-24,3.626554117604371
2019-05-25,3.7262176950475285
2019-05-26,3.6169244497915938
2019-05-27,3.646968160287368
2019-05-28,3.619233680490464
2019-05-29,3.6055159423903467
2019-05-30,3.597509659254592
2019-05-31,3.644763177895857
2019-06-01,3.6843875576630487
2019-06-02,3.6299126842249874
2019-06-03,3.7070346220263697
2019-06-04,3.6525770270327156
2019-06-05,3.5681810763720505
2019-06-06,3.507805597879104
2019-06-07,3.5257554775852245
2019-06-08,3.50741573944917
2019-06-09,3.6623851017135935
2019-06-10,3.6132507319040483
2019-06-11,3.6547740886884967
2019-06-12,3.5139470827168418
2019-06-13,3.5987269755309303
2019-06-14,3.5619413659405246
2019-06-15,3.5813795884967563
2019-06-16,3.5492863902124423
2019-06-17,3.708372480604764
2019-06-18,3.727933891623194
2019-06-19,3.6953093882621904
2019-06-20,3.6670070294613537
2019-06-21,3.706630286544092
2019-06-22,3.7672198384218274
2019-06-23,3.7161092400425493
2019-06-24,3.71195468294281
2019-06-25,3.709581234992152
2019-06-26,3.673952835622852
2019-06-27,3.6755790295980066
2019-06-28,3.5556484619498554
2019-06-29,3.722275327449142
2019-06-30,3.748164508219845
2019-07-01,3.6719575203552774
2019-07-02,3.7388853026979714
2019-07-03,3.734015324061252
2019-07-04,3.6824375224633954
2019-07-05,3.7736231033485392
2019-07-06,3.734337773457069
2019-07-07,3.589253913438216
2019-07-08,3.718207983623555
2019-07-09,3.712656566442368
2019-07-10,3.5883387459105487
2019-07-11,3.671976643147937
2019-07-12,3.773813964287608
2019-07-13,3.7881010918018303
2019-07-14,3.7077850449012857
2019-07-15,3.637295572893615
2019-07-16,3.718206925072627
2019-07-17,3.7533590481659247
2019-07-18,3.8349331055298688
2019-07-19,3.6892103596661734
2019-07-20,3.697193467873876
2019-07-21,3.7756068777032503
2019-07-22,3.744142607570641
2019-07-23,3.693658115416768
2019-07-24,3.6678281113124056
2019-07-25,3.750756021085954
2019-07-26,3.790333701565303
2019-07-27,3.6224833363663826
2019-07-28,3.5235312786654536
2019-07-29,3.537608452291136
2019-07-30,3.742568094617578
2019-07-31,3.6456366031117953
2019-08-01,3.728680830801685
2019-08-02,3.7027350063931306
2019-08-03,3.727145680587917
2019-08-04,3.6920583406396412
2019-08-05,3.6833632608850224
2019-08-06,3.6860820273454062
2019-08-07,3.718562145144053
2019-08-08,3.561523432800671
2019-08-09,3.6239105617971896
2019-08-10,3.6676765628964354
2019-08-11,3.6106906728960424
2019-08-12,3.6197384978799896
2019-08-13,3.6945883120431233
2019-08-14,3.7898845239028147
2019-08-15,3.6807228015231717
2019-08-16,3.7323133975349085
2019-08-17,3.8054274801759957
2019-08-18,3.6148542653660383
2019-08-19,3.676357872703271
2019-08-20,3.7124693229623076
2019-08-21,3.752130138917574
2019-08-22,3.574022569474339
2019-08-23,3.5593355709714407
2019-08-24,3.6854502725030067
2019-08-25,3.366577085749519
2019-08-26,3.3308410455462387
2019-08-27,3.5808382897760227
2019-08-28,3.567310554356011
2019-08-29,3.641742247268045
2019-08-30,3.603567868246018
2019-08-31,3.7136240803085254
2019-09-01,3.5883814480869107
2019-09-02,3.614036888820739
2019-09-03,3.518045728360318
2019-09-04,3.601500078422197
2019-09-05,3.5998246271036396
2019-09-06,3.5753781344935973
2019-09-07,3.6621893928978455
2019-09-08,3.5120873437439784
2019-09-09,3.6417484349922353
2019-09-10,3.6656085239183667
2019-09-11,3.621060825574093
2019-09-12,3.5488754100730233
2019-09-13,3.5919228004491806
2019-09-14,3.687831722227553
2019-09-15,3.622435141756051
2019-09-16,3.5689850358941206
2019-09-17,3.589812015910014
2019-09-18,3.647079012026296
2019-09-19,3.561624453606923
2019-09-20,3.672277406712578
2019-09-21,3.812351330924347
2019-09-22,3.7530943006777746
2019-09-23,3.6087399242979243
2019-09-24,3.4393892450667676
2019-09-25,3.5160937651024966
2019-09-26,3.6166404958859464
2019-09-27,3.622833198762321
2019-09-28,3.515270225375847
2019-09-29,3.53400174776218
2019-09-30,3.6021409413965073
2019-10-01,3.633850537670006
2019-10-02,3.636073387652037
2019-10-03,3.7034162803265755
2019-10-04,3.73213792220307
2019-10-05,3.7389240837293958
2019-10-06,3.7221004588400204
2019-10-07,3.675415140396786
2019-10-08,3.704282753752113
2019-10-09,3.7618521202258757
2019-10-10,3.694635127018545
2019-10-11,3.7290020570275537
2019-10-12,3.6745075369948754
2019-10-13,3.4360297869021963
2019-10-14,3.6042281305393034
2019-10-15,3.608532433392917
2019-10-16,3.6095651318939104
2019-10-17,3.6791012636007356
2019-10-18,3.5711455999050985
2019-10-19,3.6584830107946313
2019-10-20,3.7110577480647677
2019-10-21,3.7068788606475835
2019-10-22,3.635271490338666
2019-10-23,3.7310278389686475
2019-10-24,3.709911729370926
2019-10-25,3.7598988826112727
2019-10-26,3.689441673099568
2019-10-27,3.6670850888099786
2019-10-28,3.7360266206767423
2019-10-29,3.67971166454997
2019-10-30,3.7157533437101455
2019-10-31,3.777528354642635
2019-11-01,3.830328458098651
2019-11-02,3.6458250262277727
2019-11-03,3.6046494034003547
2019-11-04,3.7056480221776362
2019-11-05,3.7525764330138864
2019-11-06,3.684353697328942
2019-11-07,3.8077898677693325
2019-11-08,3.782455586767414
2019-11-09,3.687420518999197
2019-11-10,3.757020534097256
2019-11-11,3.695544786862952
2019-11-12,3.6933098704982266
2019-11-13,3.6970044750149054
2019-11-14,3.6551477100483574
2019-11-15,3.733757006604114
2019-11-16,3.7311240358643785
2019-11-17,3.737080165960751
2019-11-18,3.7928036795227023
2019-11-19,3.822057526830336
2019-11-20,3.7379179245843837
2019-11-21,3.7683740321655392
2019-11-22,3.840668662434844
2019-11-23,3.8079980756173084
2019-11-24,3.853473158197138
2019-11-25,3.7845604218982722
2019-11-26,3.7122472429297577
2019-11-27,3.64733245219648
2019-11-28,3.7775988815369677
2019-11-29,3.8293510688202197
2019-11-30,3.7936829094702
2019-12-01,3.8122350581580062
2019-12-02,3.705534149716409
2019-12-03,3.6543821534449004
2019-12-04,3.671316909159156
2019-12-05,3.770872634468237
2019-12-06,3.747820952295607
2019-12-07,3.594552148697823
2019-12-08,3.668070601550491
2019-12-09,3.70208344606734
2019-12-10,3.7039466815251734
2019-12-11,3.735381803249394
2019-12-12,3.782125801331198
2019-12-13,3.7668383494113087
2019-12-14,3.639596992723781
2019-12-15,3.697228341292269
2019-12-16,3.7905446346515963
2019-12-17,3.704646079730821
2019-12-18,3.651565945604449
2019-12-19,3.59736191920878
2019-12-20,3.520963430542317
2019-12-21,3.4852641706829948
2019-12-22,3.4023534634257304
2019-12-23,3.6331209243936535
2019-12-24,3.713336208431877
2019-12-25,3.7906335642689606
2019-12-26,3.8134371141861116
2019-12-27,3.856932130518801
2019-12-28,3.845423412923907
2019-12-29,3.780572423198415
2019-12-30,3.727405701146963
2019-12-31,3.764825914824685
2020-01-01,2.6802646502617384
2020-01-02,2.699754813213274
2020-01-03,2.990933133189493
2020-01-04,2.961491023278129
2020-01-05,3.669077295429183
2020-01-06,3.7268727254216345
2020-01-07,3.7101549711444455
2020-01-08,3.653517060634829
2020-01-09,3.6532618143000875
2020-01-10,3.660006981902503
2020-01-11,3.6366936759845236
2020-01-12,3.678993587168482
2020-01-13,3.6891019441065804
2020-01-14,3.759666584120611
2020-01-15,3.757788216849289
2020-01-16,3.738069687318096
2020-01-17,3.691122894565887
2020-01-18,3.7261692079102358
2020-01-19,3.716916014154684
2020-01-20,3.7211176880793553
2020-01-21,3.727985644626103
2020-01-22,3.6888043743314247
2020-01-23,3.7096753949341834
2020-01-24,3.7610419708000795
2020-01-25,3.6741733727518002
2020-01-26,3.674834047512976
2020-01-27,3.7056847520551974
2020-01-28,3.689471249612393
2020-01-29,3.713792303063478
2020-01-30,3.735743774935248
2020-01-31,3.839511645983539
2020-02-01,3.708884224432099
2020-02-02,3.6078028997242844
2020-02-03,3.628935276650233
2020-02-04,3.7178671494088085
2020-02-05,3.741609048258687
2020-02-06,3.736441498043516
2020-02-07,3.618422204348455
2020-02-08,3.712721167141104
2020-02-09,3.7674895346035684
2020-02-10,3.7874930217238676
2020-02-11,3.6858482169322357
2020-02-12,3.7228504344684605
2020-02-13,3.709765637006453
2020-02-14,3.657196981309844
2020-02-15,3.5816962849950458
2020-02-16,3.5890580316880536
2020-02-17,3.6113209243255855
2020-02-18,3.6163703994922787
2020-02-19,3.6131074828897223
2020-02-20,3.6820839041526225
2020-02-21,3.637817844639317
2020-02-22,3.4568186900897926
2020-02-23,3.493489629025491
2020-02-24,3.4567697423048136
2020-02-25,3.5184122645620257
2020-02-26,3.396524246207445
2020-02-27,3.4159417779521246
2020-02-28,3.5003550755459867
2020-02-29,3.4184985073192333
2020-03-01,3.348274206627236
2020-03-02,3.4572911382533804
2020-03-03,3.4854032648085798
2020-03-04,3.447546876198591
2020-03-05,3.476243967645341
2020-03-06,3.479293044030834
2020-03-07,3.457391522247839
2020-03-08,3.4195443556768033
2020-03-09,3.388145959222301
2020-03-10,3.482975478116375
2020-03-11,3.6305305842725506
2020-03-12,3.65296484370542
2020-03-13,3.6596756860749458
2020-03-14,3.6702889364110334
2020-03-15,3.593617279584199
2020-03-16,3.6066131992832755
2020-03-17,3.71442497682288
2020-03-18,3.7134137893665264
2020-03-19,3.7118084622087943
2020-03-20,3.763475624010611
2020-03-21,3.6757874671894144
2020-03-22,3.6975372770513033
2020-03-23,3.7635197485954497
2020-03-24,3.7433381932290395
2020-03-25,3.7671573642662586
2020-03-26,3.781903437332315
2020-03-27,3.831334245929342
2020-03-28,3.7320237323673813
2020-03-29,3.76916652330285
2020-03-30,3.7700130183032603
2020-03-31,3.7615919283011476
2020-04-01,3.8382150138028837
2020-04-02,3.844072692929323
2020-04-03,3.7512762748410955
2020-04-04,3.7819567150024778
2020-04-05,3.7267647206705843
2020-04-06,3.749305083977255
2020-04-07,3.6969246254574863
2020-04-08,3.6738730536005444
2020-04-09,3.7561658065013646
2020-04-10,3.8260552111640265
2020-04-11,3.788495177891742
2020-04-12,3.766426767574234
2020-04-13,3.72648062322385
2020-04-14,3.6541800887298654
2020-04-15,3.7870347505634134
2020-04-16,3.673276085275889
2020-04-17,3.7343032477115323
2020-04-18,3.77566873597738
2020-04-19,3.7212469835035673
2020-04-20,3.6530739584273957
2020-04-21,3.6867102612129514
2020-04-22,3.73916731722207
2020-04-23,3.7852945084690193
2020-04-24,3.7477136020372033
2020-04-25,3.770579042986044
2020-04-26,3.839097796733415
2020-04-27,3.7865806988670054
2020-04-28,3.7434504874979155
2020-04-29,3.7723888932432934
2020-04-30,3.810430329853904
2020-05-01,3.755059476827343
2020-05-02,3.816910858540913
2020-05-03,3.84423587740755
2020-05-04,3.8418098363975743
2020-05-05,3.742725902835421
2020-05-06,3.751245356522827
2020-05-07,3.7797721582220665
2020-05-08,3.804170873163451
2020-05-09,3.6731557657520466
2020-05-10,3.7595932155478247
2020-05-11,3.735364323379852
2020-05-12,3.695947889285903
2020-05-13,3.574828383370425
2020-05-14,3.7135118895915067
2020-05-15,3.8030746268460196
2020-05-16,3.747309326501322
2020-05-17,3.779840199605923
2020-05-18,3.793182045824755
2020-05-19,3.7987290767808655
2020-05-20,3.7251126615523926
2020-05-21,3.680376968472266
2020-05-22,3.805371670298184
2020-05-23,3.6936188187313674
2020-05-24,3.6061361007715447
2020-05-25,3.6403617685046963
2020-05-26,3.71477830931512
2020-05-27,3.6523345059934824
2020-05-28,3.7634748424740803
2020-05-29,3.7262666765761665
2020-05-30,3.715424017939828
2020-05-31,3.8155223919768027
2020-06-01,3.7445393073623503
2020-06-02,3.7886265411734645
2020-06-03,3.7315990504145438
2020-06-04,3.65858684363779
2020-06-05,3.557486592781733
2020-06-06,3.6332993990876234
2020-06-07,3.7798672180664714
2020-06-08,3.772796917997716
2020-06-09,3.84222684157319
2020-06-10,3.8502620095601467
2020-06-11,3.8123657103864432
2020-06-12,3.8402099648518417
2020-06-13,3.7557291021396453
2020-06-14,3.7294867151745152
2020-06-15,3.8259744942381584
2020-06-16,3.7721363585063536
2020-06-17,3.726607465105741
2020-06-18,3.805704701113973
2020-06-19,3.7122627742082646
2020-06-20,3.793417351891213
2020-06-21,3.6893432938607402
2020-06-22,3.6097891968444458
2020-06-23,3.6143548998167234
2020-06-24,3.765331973618268
2020-06-25,3.5775513286368175
2020-06-26,3.744458409998413
2020-06-27,3.7810352977465533
2020-06-28,3.738128770336039
2020-06-29,3.7776988643731833
2020-06-30,3.828403569981715
2020-07-01,3.763186649261261
2020-07-02,3.7690007408095916
2020-07-03,3.66159880243681
2020-07-04,3.670484300312857
2020-07-05,3.602255268160002
2020-07-06,3.738977724487063
2020-07-07,3.706080051713717
2020-07-08,3.7927401059828965
2020-07-09,3.6535213888417997
2020-07-10,3.6806274029279544
2020-07-11,3.8361971306529004
2020-07-12,3.797029658748731
2020-07-13,3.726093119527108
2020-07-14,3.821286425343373
2020-07-15,3.8494154380446917
2020-07-16,3.797509218449725
2020-07-17,3.822912372092856
2020-07-18,3.782774434584089
2020-07-19,3.6235720775909144
2020-07-20,3.7493627825114593
2020-07-21,3.6207097630472114
2020-07-22,3.6412659610677007
2020-07-23,3.7294677442896784
2020-07-24,3.6647844208123628
2020-07-25,3.6721830828505038
2020-07-26,3.6252152188330165
2020-07-27,3.6542019935648704
2020-07-28,3.818110073469728
2020-07-29,3.7501661743308494
2020-07-30,3.7518609674741157
2020-07-31,3.766532613754997
2020-08-01,3.8075354736958613
2020-08-02,3.6348064602424794
2020-08-03,3.566339411951578
2020-08-04,3.7282194498949472
2020-08-05,3.772718794915624
2020-08-06,3.8066156278232377
2020-08-07,3.8113346435446
2020-08-08,3.7518643495382484
2020-08-09,3.863443742543805
2020-08-10,3.790346076515825
2020-08-11,3.7919906512877053
2020-08-12,3.7405083039404703
2020-08-13,3.7116693385071144
2020-08-14,3.5881264029121245
2020-08-15,3.6608465637300034
2020-08-16,3.6710854942665225
2020-08-17,3.713162320692461
2020-08-18,3.700997136805699
2020-08-19,3.7015047189712513
2020-08-20,3.668492769340373
2020-08-21,3.6650309053392824
2020-08-22,3.679549734886314
2020-08-23,3.7003853683489325
2020-08-24,3.6230043307859017
2020-08-25,3.563426129713648
2020-08-26,3.6199969981060938
2020-08-27,3.5498268443346936
2020-08-28,3.755467621114356
2020-08-29,3.756525130127391
2020-08-30,3.6343695447009243
2020-08-31,3.568500819584166
2020-09-01,3.4603400455889
2020-09-02,3.7037361901930557
2020-09-03,3.808208452740856
2020-09-04,3.849624721180548
2020-09-05,3.5303643366038666
2020-09-06,3.504865305271095
2020-09-07,3.451366866737826
2020-09-08,3.4592429713943806
2020-09-09,3.687889591358809
2020-09-10,3.7394253423661663
2020-09-11,3.80591803155318
2020-09-12,3.671341217185606
2020-09-13,3.6608773693809975
2020-09-14,3.752469255351557
2020-09-15,3.7235467747545026
2020-09-16,3.6793211440834184
2020-09-17,3.7880333122849703
2020-09-18,3.797694503697897
2020-09-19,3.7394220083443974
2020-09-20,3.8084557389154354
2020-09-21,3.853475808276546
2020-09-22,3.835876897173122
2020-09-23,3.778728598011017
2020-09-24,3.6876618209584717
2020-09-25,3.7262987424938983
2020-09-26,3.774518715164057
2020-09-27,3.7309650616563834
2020-09-28,3.77080176656786
2020-09-29,3.7141523479892222
2020-09-30,3.7377922088570785
2020-10-01,3.7520954101813557
2020-10-02,3.5520430525276763
2020-10-03,3.6904368241217673
2020-10-04,3.7273075389572297
2020-10-05,3.7746203184651055
2020-10-06,3.7004201851951914
2020-10-07,3.7024812478906752
2020-10-08,3.693185810344548
2020-10-09,3.701710894292621
2020-10-10,3.6158060193931094
2020-10-11,3.6621870712180775
2020-10-12,3.761206652894085
2020-10-13,3.6505989187093464
2020-10-14,3.8170976193747412
2020-10-15,3.7264957086877675
2020-10-16,3.779654297814419
2020-10-17,3.8306075193483604
2020-10-18,3.7666957613731484
2020-10-19,3.598923205500256
2020-10-20,3.7339214157433833
2020-10-21,3.825681242720708
2020-10-22,3.6687518550504286
2020-10-23,3.692868460006635
2020-10-24,3.600581379443421
2020-10-25,3.8107672344041528
2020-10-26,3.798198503249776
2020-10-27,3.6744852390378915
2020-10-28,3.6791306116650833
2020-10-29,3.6868804204373773
2020-10-30,3.641158436653299
2020-10-31,3.65802446992213
2020-11-01,3.6140210882448165
2020-11-02,3.72431229042774
2020-11-03,3.64538882008007
2020-11-04,3.6978233760124013
2020-11-05,3.7706113748373418
2020-11-06,3.3632010262980914
2020-11-07,3.478233549975053
2020-11-08,3.5723914981949556
2020-11-09,3.5414461367278474
2020-11-10,3.7037562006205986
2020-11-11,3.556345556406222
2020-11-12,3.6036093221708168
2020-11-13,3.6830698460004534
2020-11-14,3.342775395507521
2020-11-15,3.5373059036361205
2020-11-16,3.6873468938498646
2020-11-17,3.4526064813519657
2020-11-18,3.691969169417643
2020-11-19,3.6847290275794338
2020-11-20,3.6733103622791567
2020-11-21,3.6388181879581163
2020-11-22,3.606647102532895
2020-11-23,3.5935674061730563
2020-11-24,3.6718686276836667
2020-11-25,3.7333797667909865
2020-11-26,3.6487096176747347
2020-11-27,3.70021241677683
2020-11-28,3.649830183600735
2020-11-29,3.7271309874348573
2020-11-30,3.6885630624320234
2020-12-01,3.7232119377803565
2020-12-02,3.800048909484487
2020-12-03,3.795117409688873
2020-12-04,3.741097573433441
2020-12-05,3.8008141597170226
2020-12-06,3.7452283548145275
2020-12-07,3.681366974815975
2020-12-08,3.718745407261477
2020-12-09,3.791985022221361
2020-12-10,3.8112843905940506
2020-12-11,3.8237505895674113
2020-12-12,3.63550368011089
2020-12-13,3.5641058099966827
2020-12-14,3.7013556080269834
2020-12-15,3.7931121904752687
2020-12-16,3.7690655092848577
2020-12-17,3.8015340473362293
2020-12-18,3.843858350722253
2020-12-19,3.77874663463648
2020-12-20,3.5927075090164626
2020-12-21,3.6513867251371916
2020-12-22,3.6985257285928106
2020-12-23,3.654883641424814
2020-12-24,3.6927655879544994
2020-12-25,3.6826956574447527
2020-12-26,3.809805820843078
2020-12-27,3.8556289245278
2020-12-28,3.6784515756379754
2020-12-29,3.744113576750576
2020-12-30,3.726239325556926
2020-12-31,3.7611315765369127
2021-01-01,3.643792303465765
2021-01-02,3.6857419512597653
2021-01-03,3.7430371456410674
2021-01-04,3.8159890253509614
2021-01-05,3.8298356439208954
2021-01-06,3.844082029848577
2021-01-07,3.752593392972418
2021-01-08,3.8262926246006703
2021-01-09,3.8807276483890014
2021-01-10,3.7647745405658566
2021-01-11,3.7372660685860515
2021-01-12,3.725681048533218
2021-01-13,3.782825864816802
2021-01-14,3.842436397074586
2021-01-15,3.813081276585062
2021-01-16,3.85530234960868
2021-01-17,3.6884525335467564
2021-01-18,3.6189823004165276
2021-01-19,3.8076919229311272
2021-01-20,3.655926762563194
2021-01-21,3.5560648153050147
2021-01-22,3.6295319896131373
2021-01-23,3.6446111578417413
2021-01-24,3.6249038949685244
2021-01-25,3.6034707875724314
2021-01-26,3.527639826862704
2021-01-27,3.635057594265967
2021-01-28,3.5563772833534077
2021-01-29,3.583607127468932
2021-01-30,3.760867434209385
2021-01-31,3.5764730689930295
2021-02-01,3.664332098846595
2021-02-02,3.5256290039342613
2021-02-03,3.7084774521959973
2021-02-04,3.7701638539753572
2021-02-05,3.6567317936817494
2021-02-06,3.698316456279164
2021-02-07,3.401505172537724
2021-02-08,3.540517379388245
2021-02-09,3.7257220443380414
2021-02-10,3.7464417189315835
2021-02-11,3.76696023155006
2021-02-12,3.6991855147793657
2021-02-13,3.7594903821635532
2021-02-14,3.6689125079008287
2021-02-15,3.7122560977441115
2021-02-16,3.6887224014247177
2021-02-17,3.527238894472824
2021-02-18,3.4323994739689354
2021-02-19,3.4798020725820744
2021-02-20,3.6317482688179417
2021-02-21,3.5074691053881675
2021-02-22,3.6125174526790325
2021-02-23,3.692299110532051
2021-02-24,3.7606155665934553
2021-02-25,3.5578557894661396
2021-02-26,3.533536018890603
2021-02-27,3.6166129812712087
2021-02-28,3.6328865708264413
2021-03-01,3.674109679711524
2021-03-02,3.694337916601855
2021-03-03,3.6828185792820456
2021-03-04,3.626086250119687
2021-03-05,3.638036062177009
2021-03-06,3.4758550343147907
2021-03-07,3.658042545845922
2021-03-08,3.7742161899152946
2021-03-09,3.6967136889527024
2021-03-10,3.6893457446827576
2021-03-11,3.684759371411325
2021-03-12,3.7563541448755897
2021-03-13,3.7192787860101038
2021-03-14,3.716670270904266
2021-03-15,3.7576273127281263
2021-03-16,3.7767775903929652
2021-03-17,3.739098020412697
2021-03-18,3.7150688611125116
2021-03-19,3.6491456660547446
2021-03-20,3.600014015321972
2021-03-21,3.6937127341374083
2021-03-22,3.649958546708795
2021-03-23,3.7277478408204634
2021-03-24,3.6037291742590076
2021-03-25,3.542584854912846
2021-03-26,3.5769277599000318
2021-03-27,3.167688436016391
2021-03-28,3.5084074308458564
2021-03-29,3.5715808333258052
2021-03-30,3.5678317770570422
2021-03-31,3.590456690579017
2021-04-01,3.3790449273773575
2021-04-02,3.008191422519524
2021-04-03,3.3262765062306694
2021-04-04,3.4203979669364157
2021-04-05,3.567206183465733
2021-04-06,3.3611374547945254
2021-04-07,3.2174217191292067
2021-04-08,3.4457330969831528
2021-04-09,3.3870394399429395
2021-04-10,3.2755414967776533
2021-04-11,3.3356776241246564
2021-04-12,3.5670530286054185
2021-04-13,3.5323391160443065
2021-04-14,3.550744808760211
2021-04-15,3.5332750060826843
2021-04-16,3.5682363704315776
2021-04-17,3.289915347846386
2021-04-18,3.4164597301232686
2021-04-19,3.338671106807593
2021-04-20,3.2535182149848265
2021-04-21,3.5146427183305806
2021-04-22,3.478651472508072
2021-04-23,3.5074061077899006
2021-04-24,3.609976411081113
2021-04-25,3.6182578916703574
2021-04-26,3.5847614872007973
2021-04-27,3.6024058811298714
2021-04-28,3.3973059285450913
2021-04-29,3.473478432287089
2021-04-30,3.437870962167585
2021-05-01,3.3608401061206252
2021-05-02,3.5870523198316384
2021-05-03,3.540349565944822
2021-05-04,3.3954401839284722
2021-05-05,3.5275743770159678
2021-05-06,3.524927552619704
2021-05-07,3.4206882036223463
2021-05-08,3.367997638049202
2021-05-09,3.6729076574799664
2021-05-10,3.61108949961332
2021-05-11,3.6582648442319665
2021-05-12,3.6405320276547393
2021-05-13,3.657020695585083
2021-05-14,3.5656177396616275
2021-05-15,3.6157430521645235
2021-05-16,3.5520670407011434
2021-05-17,3.4650175469199667
2021-05-18,3.619870231381374
2021-05-19,3.5539698637289803
2021-05-20,3.548702044889203
2021-05-21,3.6822173757618755
2021-05-22,3.6572687632813987
2021-05-23,3.5745077181267453
2021-05-24,3.6347120552424625
2021-05-25,3.4520280824429865
2021-05-26,3.6107625558998593
2021-05-27,3.5701396883941925
2021-05-28,3.669412277662553
2021-05-29,3.689298059815334
2021-05-30,3.80153834000768
2021-05-31,3.6147040954614016
2021-06-01,3.6121563563300123
2021-06-02,3.604282102074601
2021-06-03,3.466072650966885
2021-06-04,3.6516263733638787
2021-06-05,3.5491469056528615
2021-06-06,3.626748697511786
2021-06-07,3.501578063645955
2021-06-08,3.5818784961736503
2021-06-09,3.6233883808400873
2021-06-10,3.489304744841544
2021-06-11,3.449163305096351
2021-06-12,3.696405134400468
2021-06-13,3.6342288925971173
2021-06-14,3.372542186127645
2021-06-15,3.493092785144496
2021-06-16,3.5919514820600447
2021-06-17,3.521047845950738
2021-06-18,3.5183091117506806
2021-06-19,3.5793892915705308
2021-06-20,3.374533678730454
2021-06-21,3.5783345998675014
2021-06-22,3.641596069152018
2021-06-23,3.6963486603679936
2021-06-24,3.5781817425980953
2021-06-25,3.6278182837692765
2021-06-26,3.713518139840564
2021-06-27,3.556442814934416
2021-06-28,3.5701439814416567
2021-06-29,3.576921845649874
2021-06-30,3.556272254255533
2021-07-01,3.740767210824465
2021-07-02,3.5949323412828886
2021-07-03,3.6212180933855054
2021-07-04,3.7121882016586327
2021-07-05,3.562497444328542
2021-07-06,3.6879617208980817
2021-07-07,3.3350584736569306
2021-07-08,3.3844957632817714
2021-07-09,3.5630502209065624
2021-07-10,3.5986527356038036
2021-07-11,3.409773812191461
2021-07-12,3.6632858332969147
2021-07-13,3.5752306067563415
2021-07-14,3.650980994289743
2021-07-15,3.6169972882217727
2021-07-16,3.5899273949583392
2021-07-17,3.726864675889379
2021-07-18,3.6149186726928897
2021-07-19,3.612643953370834
2021-07-20,3.6199985182281815
2021-07-21,3.658375239110385
2021-07-22,3.7599496096194516
2021-07-23,3.7634309286062453
2021-07-24,3.614213908839328
2021-07-25,3.6013444326620525
2021-07-26,3.6029419238714264
2021-07-27,3.717745397875077
2021-07-28,3.652177557825722
2021-07-29,3.586488762799214
2021-07-30,3.6497560352529073
2021-07-31,3.6539939997339057
2021-08-01,3.5691957221325974
2021-08-02,3.5318463835240763
2021-08-03,3.5813427333184755
2021-08-04,3.6182703654036485
2021-08-05,3.557371469345518
2021-08-06,3.5179516736816505
2021-08-07,3.534397565470737
2021-08-08,3.601175141792228
2021-08-09,3.619829809635809
2021-08-10,3.61120658091465
2021-08-11,3.651875902738337
2021-08-12,3.549042658103965
2021-08-13,3.7225585148646267
2021-08-14,3.5767686427520813
2021-08-15,3.4854885433041414
2021-08-16,3.5379881804208018
2021-08-17,3.5436645171042027
2021-08-18,3.4847087668711714
2021-08-19,3.5978037029111842
2021-08-20,3.587758139740009
2021-08-21,3.443045449780855
2021-08-22,3.3944767650187635
2021-08-23,3.5809848609274972
2021-08-24,3.577511427581517
2021-08-25,3.564216679346252
2021-08-26,3.4624129043796135
2021-08-27,3.428040090318818
2021-08-28,3.362511455525749
2021-08-29,3.380770050380852
2021-08-30,3.434347387499134
2021-08-31,3.57277729333682
2021-09-01,3.573073836813951
2021-09-02,3.600962851724081
2021-09-03,3.7070943633509255
2021-09-04,3.7294179373928436
2021-09-05,3.4570760226929487
2021-09-06,3.2226996602575646
2021-09-07,3.3782819641920834
2021-09-08,3.5066028056983867
2021-09-09,3.4904428843172672
2021-09-10,3.4971770496160692
2021-09-11,3.4236577215174484
2021-09-12,3.2240151275584408
2021-09-13,3.498155354691036
2021-09-14,3.5787922849020077
2021-09-15,3.590663684958791
2021-09-16,3.4762547430964257
2021-09-17,3.318334096261247
2021-09-18,3.357432460568462
2021-09-19,3.62472865333901
2021-09-20,3.5136816204600967
2021-09-21,3.448333791425938
2021-09-22,3.17043532629776
2021-09-23,3.1529521191963603
2021-09-24,3.427477159317853
2021-09-25,3.6112587564254905
2021-09-26,3.641326532309664
2021-09-27,3.6993240997385084
2021-09-28,3.57879390934664
2021-09-29,3.773678962791047
2021-09-30,3.7210768433171078
2021-10-01,3.6848350516922266
2021-10-02,3.801985026675397
2021-10-03,3.7115989008815875
2021-10-04,3.635227492022733
2021-10-05,3.5837976903647024
2021-10-06,3.474141870819802
2021-10-07,3.3650141439008943
2021-10-08,3.6706804012910985
2021-10-09,3.648583611027314
2021-10-10,3.551536458437825
2021-10-11,3.679231213367557
2021-10-12,3.530148707553507
2021-10-13,3.488979444217564
2021-10-14,3.517490015165432
2021-10-15,3.3399627482621397
2021-10-16,3.549775744408576
2021-10-17,3.602173698806291
2021-10-18,3.346407438511644
2021-10-19,3.5222147189455697
2021-10-20,3.574754321669289
2021-10-21,3.5557457864685524
2021-10-22,3.1439397355668506
2021-10-23,3.5052241924620278
2021-10-24,3.5768866899738163
2021-10-25,3.60598633990612
2021-10-26,3.6079263395225265
2021-10-27,3.3229402195793645
2021-10-28,3.3447642692884596
2021-10-29,3.4904130136849134
2021-10-30,3.4486871991487136
2021-10-31,3.6025579119753806
2021-11-01,3.6306883349306
2021-11-02,3.5467866326421684
2021-11-03,3.64569598031646
2021-11-04,3.560090567200695
2021-11-05,3.5959967936427857
2021-11-06,3.5625815647211176
2021-11-07,3.726484964829779
2021-11-08,3.6973978217704846
2021-11-09,3.6792338903410093
2021-11-10,3.622504404236902
2021-11-11,3.511647546950517
2021-11-12,3.5483519576593934
2021-11-13,3.5035872594438757
2021-11-14,3.5931350649003004
2021-11-15,3.3808606419832286
2021-11-16,3.3530473004847168
2021-11-17,3.4998112172265547
2021-11-18,3.573093767126999
2021-11-19,3.7413470912578686
2021-11-20,3.6975334976195344
2021-11-21,3.586053238172815
2021-11-22,3.5725936765625166
2021-11-23,3.6098544883257446
2021-11-24,3.5014774084872045
2021-11-25,3.4272965711947583
2021-11-26,3.6251595185949954
2021-11-27,3.7390889103961547
2021-11-28,3.4237933537551726
2021-11-29,3.2754299019807083
2021-11-30,3.3699105666481906
2021-12-01,3.5514937070614776
2021-12-02,3.508588133510304
2021-12-03,3.3342318693398205
2021-12-04,3.4137697463671133
2021-12-05,3.440690842584083
2021-12-06,3.3394735588988556
2021-12-07,3.405365713429523
2021-12-08,3.487588225056532
2021-12-09,3.3192522723632956
2021-12-10,3.5076450979044806
2021-12-11,3.326358981638606
2021-12-12,3.338769160697256
2021-12-13,3.2105768991653774
2021-12-14,3.382298311513821
2021-12-15,3.665968431887174
2021-12-16,3.648467218532682
2021-12-17,3.5277100717310104
2021-12-18,3.6115372827617147
2021-12-19,3.4382430953756167
2021-12-20,3.4809249609978523
2021-12-21,3.4731542907053083
2021-12-22,3.4959638213264106
2021-12-23,3.525099963362561
2021-12-24,3.6280600449631
2021-12-25,3.5897087124363267
2021-12-26,3.6706594079488606
2021-12-27,3.5008880654820205
2021-12-28,3.4834351633677683
2021-12-29,3.5514827894146226
2021-12-30,3.488610111347587
2021-12-31,3.6394118804792726
2022-01-01,3.7238199038865067
2022-01-02,3.6623635260032774
2022-01-03,3.6277645375461702
2022-01-04,3.7042136281863436
2022-01-05,3.592293186072324
2022-01-06,3.594393242693907
2022-01-07,3.6095578032828626
2022-01-08,3.462351883547868
2022-01-09,3.6060836256352906
2022-01-10,3.398854571883007
2022-01-11,3.348626049584473
2022-01-12,3.6476443742676437
2022-01-13,3.6984803739737755
2022-01-14,3.6249688256397126
2022-01-15,3.457351865063009
2022-01-16,3.628778685727609
2022-01-17,3.4823290958315924
2022-01-18,3.5707476151299664
2022-01-19,3.548307447765214
2022-01-20,3.500899712265846
2022-01-21,3.5431573923395443
2022-01-22,3.5215960392538688
2022-01-23,3.7666462462135515
2022-01-24,3.6717984982972793
2022-01-25,3.701272454727887
2022-01-26,3.52715591185243
2022-01-27,3.570261748430702
2022-01-28,3.5575062808376696
2022-01-29,3.684682092414625
2022-01-30,3.639078094889258
2022-01-31,3.6266269852700233
2022-02-01,3.528256915500938
2022-02-02,3.6042846897755756
2022-02-03,3.5273826180391366
2022-02-04,3.6548623031784553
2022-02-05,3.530115601223483
2022-02-06,3.5397620812898385
2022-02-07,3.329307340823494
2022-02-08,3.538966380691242
2022-02-09,3.4517138306846475
2022-02-10,3.4652725547509897
2022-02-11,3.477300602633313
2022-02-12,3.5227019643569104
2022-02-13,3.695193806506429
2022-02-14,3.2757276515738156
2022-02-15,3.1689594593042925
2022-02-16,3.513511235414411
2022-02-17,3.627319216431557
2022-02-18,3.717249768326241
2022-02-19,3.438158869570944
2022-02-20,3.4735791552441655
2022-02-21,3.4625778066188997
2022-02-22,3.5088673708981304
2022-02-23,3.4514710413350147
2022-02-24,3.5275328950200158
2022-02-25,3.5229030819126916
2022-02-26,3.6873868303305106
2022-02-27,3.5291316022257475
2022-02-28,3.436048155858555
2022-03-01,3.480968212692453
2022-03-02,3.53863611457197
2022-03-03,3.6121485281639836
2022-03-04,3.5140054043745983
2022-03-05,3.311470986587362
2022-03-06,3.424638626183067
2022-03-07,3.644948827847733
2022-03-08,3.6650212049265174
2022-03-09,3.611638164948258
2022-03-10,3.577624529221788
2022-03-11,3.5934865347406166
2022-03-12,3.576577761325883
2022-03-13,3.477890993030325
2022-03-14,3.6280654775369188
2022-03-15,3.6561579120808694
2022-03-16,3.564856255685453
2022-03-17,3.546213597750342
2022-03-18,3.6625760639118217
2022-03-19,3.7598833264220306
2022-03-20,3.6294234172108655
2022-03-21,3.5969387157566324
2022-03-22,3.5350170780111996
2022-03-23,3.493707785299666
2022-03-24,3.4526985585109524
2022-03-25,3.415727105984975
2022-03-26,3.255846064067107
2022-03-27,3.2581565448088994
2022-03-28,3.292891873582268
2022-03-29,3.4769380371466205
2022-03-30,3.5456297313949765
2022-03-31,3.5230295129355276
2022-04-01,3.523441241409939
2022-04-02,3.659019714087588
2022-04-03,3.5289559073342094
2022-04-04,3.501788732714922
2022-04-05,3.785633659321745
2022-04-06,3.7067412165705593
2022-04-07,3.7178141420695114
2022-04-08,3.6312606720179375
2022-04-09,3.7298000535563567
2022-04-10,3.692241541857604
2022-04-11,3.6497047946910035
2022-04-12,3.804681336452486
2022-04-13,3.752142284740845
2022-04-14,3.7566432118179254
2022-04-15,3.791924390394434
2022-04-16,3.762085351214443
2022-04-17,3.683843252440969
2022-04-18,3.8026088245658376
2022-04-19,3.668012813682587
2022-04-20,3.7024744072483307
2022-04-21,3.815711354444077
2022-04-22,3.692299009663511
2022-04-23,3.72659809494413
2022-04-24,3.5540511655986005
2022-04-25,3.5397946851854454
2022-04-26,3.508845133488571
2022-04-27,3.544911568966828
2022-04-28,3.3993237794506244
2022-04-29,3.502950262181787
2022-04-30,3.589393543794632
2022-05-01,3.4995786794138977
2022-05-02,3.6862462384999404
2022-05-03,3.627571071041389
2022-05-04,3.5870092266259372
2022-05-05,3.7003768097460426
2022-05-06,3.677620590831075
2022-05-07,3.543463796213695
2022-05-08,3.2923037280552188
2022-05-09,3.3202760647096525
2022-05-10,3.620531947508854
2022-05-11,3.544947189928607
2022-05-12,3.5944752170328202
2022-05-13,3.5271544320039516
2022-05-14,3.5461784374078436
2022-05-15,3.579630653258103
2022-05-16,3.4654343172489397
2022-05-17,3.5785640556042377
2022-05-18,3.6139024128794857
2022-05-19,3.6654699381853377
2022-05-20,3.6772272741061998
2022-05-21,3.5813888138759244
2022-05-22,3.6060582162218533
2022-05-23,3.5722794244992184
2022-05-24,3.6179282410660853
2022-05-25,3.620524300359548
2022-05-26,3.698053781025151
2022-05-27,3.7057540132895648
2022-05-28,3.642593746597933
2022-05-29,3.63277675438216
2022-05-30,3.6382263667564647
2022-05-31,3.6076302227345507
2022-06-01,3.828491997551021
2022-06-02,3.6303849147641114
2022-06-03,3.6556092091706343
2022-06-04,3.699547945531644
2022-06-05,3.699243532137096
2022-06-06,3.5758136150743423
2022-06-07,3.6695104139719494
2022-06-08,3.5507380510904367
2022-06-09,3.5339032472134084
2022-06-10,3.5060105892512916
2022-06-11,3.502801461850306
2022-06-12,3.6246342342022153
2022-06-13,3.5862879370744563
2022-06-14,3.521730786639252
2022-06-15,3.519463698322289
2022-06-16,3.487402024157174
2022-06-17,3.7525067214172427
2022-06-18,3.5905556424892437
2022-06-19,3.4240938274018142
2022-06-20,3.58685296464477
2022-06-21,3.6229271197856727
2022-06-22,3.507895517909185
2022-06-23,3.6276838159964413
2022-06-24,3.5682278711531255
2022-06-25,3.352388563825883
2022-06-26,3.2170821969174375
2022-06-27,3.259467236973369
2022-06-28,3.280819605132963
2022-06-29,3.3646350630400024
2022-06-30,3.406407563450532
2022-07-01,3.6096096872533905
2022-07-02,3.323779918209463
2022-07-03,3.475338071504073
2022-07-04,3.5407408579291695
2022-07-05,3.4157941058383434
2022-07-06,3.5258835621292235
2022-07-07,3.476818694250818
2022-07-08,3.4482923436679505
2022-07-09,3.587195003159579
2022-07-10,3.6459958398660883
2022-07-11,3.7621615551459198
2022-07-12,3.5294340559315245
2022-07-13,3.338240100610584
2022-07-14,3.5448783823830903
2022-07-15,3.561389815571763
2022-07-16,3.4609396620993778
2022-07-17,3.5261766003479273
2022-07-18,3.258480996453267
2022-07-19,3.090049616782009
2022-07-20,3.274853386500026
2022-07-21,3.430933871063576
2022-07-22,3.5640263812443203
2022-07-23,3.4722474559179672
2022-07-24,3.486503669855928
2022-07-25,3.644907125022186
2022-07-26,3.548577879444119
2022-07-27,3.4844266977751506
2022-07-28,3.66401024752301
2022-07-29,3.4748839281174138
2022-07-30,3.6839033580298426
2022-07-31,3.5564898182087985
2022-08-01,3.6447643133079723
2022-08-02,3.8363245976437335
2022-08-03,3.5045849363966135
2022-08-04,3.4819750584428752
2022-08-05,3.497682423309056
2022-08-06,3.579339588215851
2022-08-07,3.4038765191171625
2022-08-08,3.520396046670892
2022-08-09,3.6609765627917294
2022-08-10,3.7824789850955467
2022-08-11,3.744582570234545
2022-08-12,3.865980117103646
2022-08-13,3.7975724791031276
2022-08-14,3.7048200276643204
2022-08-15,3.69287975361513
2022-08-16,3.649756640318892
2022-08-17,3.7227324801767367
2022-08-18,3.6400415997891935
2022-08-19,3.5554126262107513
2022-08-20,3.7214515231047436
2022-08-21,3.578297152865977
2022-08-22,3.528931736963023
2022-08-23,3.614800764072452
2022-08-24,3.7121174850542342
2022-08-25,3.703749502335831
2022-08-26,3.6313664591714137
2022-08-27,3.7040171242194653
2022-08-28,3.5442058443402304
2022-08-29,3.6578447245203916
2022-08-30,3.7944789829905936
2022-08-31,3.574902570014434
2022-09-01,3.670465204928975
2022-09-02,3.4289890503141303
2022-09-03,3.72237804160071
2022-09-04,3.6922935284556675
2022-09-05,3.6936855395530666
2022-09-06,3.7055119968693515
2022-09-07,3.7842963436398622
2022-09-08,3.7386579319178814
2022-09-09,3.7101365417676506
2022-09-10,3.6457095713524983
2022-09-11,3.505913172637158
2022-09-12,3.6687379180106454
2022-09-13,3.722961886687561
2022-09-14,3.7149182037709787
2022-09-15,3.5091526756312676
2022-09-16,3.524372241129116
2022-09-17,3.6074163741475687
2022-09-18,3.573668237403027
2022-09-19,3.6523367595339176
2022-09-20,3.68383466774563
2022-09-21,3.681138324073651
2022-09-22,3.799491665620744
2022-09-23,3.79624534893133
2022-09-24,3.735527703590705
2022-09-25,3.676825247334246
2022-09-26,3.6670753713369426
2022-09-27,3.734786910936222
2022-09-28,3.71671545318085
2022-09-29,3.7230591542143032
2022-09-30,3.7498810453444027
2022-10-01,3.633146781349691
2022-10-02,3.6886190605811913
2022-10-03,3.721432568278213
2022-10-04,3.717482241006763
2022-10-05,3.7787968501368736
2022-10-06,3.815022516924549
2022-10-07,3.7589257557580162
2022-10-08,3.748050288154949
2022-10-09,3.700684515290643
2022-10-10,3.6939918668656917
2022-10-11,3.769440410728825
2022-10-12,3.718838804435561
2022-10-13,3.799252274151807
2022-10-14,3.8374096871679066
2022-10-15,3.791493056556118
2022-10-16,3.8156000403653274
2022-10-17,3.89765761802612
2022-10-18,3.8906739899753973
2022-10-19,3.850866808300446
2022-10-20,3.8517065371521215
2022-10-21,3.93621132964166
2022-10-22,3.866842232673744
2022-10-23,3.7615509559168494
2022-10-24,3.923884804612601
2022-10-25,3.83216084879723
2022-10-26,3.7022189749263106
2022-10-27,3.6815426251967733
2022-10-28,3.644476481992007
2022-10-29,3.6694656913642856
2022-10-30,3.7943215140596545
2022-10-31,3.8001834518189535
2022-11-01,3.739426321302302
2022-11-02,3.7689869366929254
2022-11-03,3.7991004688506123
2022-11-04,3.825286784025578
2022-11-05,3.8176144582644396
2022-11-06,3.828301216558602
2022-11-07,3.7300927386851654
2022-11-08,3.7532156492665694
2022-11-09,3.7188967794069114
2022-11-10,3.742261130164968
2022-11-11,3.728423611276079
2022-11-12,3.7826483902317642
2022-11-13,3.6694848389849453
2022-11-14,3.734983229360545
2022-11-15,3.772660455272635
2022-11-16,3.792606393280062
2022-11-17,3.63455963367869
2022-11-18,3.7013708269294257
2022-11-19,3.68705554141403
2022-11-20,3.704179907322177
2022-11-21,3.7199250904749945
2022-11-22,3.696385698086684
2022-11-23,3.77235203338469
2022-11-24,3.860499470788066
2022-11-25,3.7916500018793466
2022-11-26,3.836604381727366
2022-11-27,3.6841998181353977
2022-11-28,3.8252644125113267
2022-11-29,3.7949169882464195
2022-11-30,3.7696670909778303
2022-12-01,3.7707119465181544
2022-12-02,3.715267166527886
2022-12-03,3.7589475164481008
2022-12-04,3.8132345908540946
2022-12-05,3.849389617378549
2022-12-06,3.869984667881597
2022-12-07,3.8818337230280977
2022-12-08,3.7523116877535854
2022-12-09,3.835361353614109
2022-12-10,3.8005938693348624
2022-12-11,3.650730454015569
2022-12-12,3.8536512329031565
2022-12-13,3.8453218807735587
2022-12-14,3.7392426405962853
2022-12-15,3.7123566358303166
2022-12-16,3.7773720715935046
2022-12-17,3.7125641119613717
2022-12-18,3.7682282701918965
2022-12-19,3.7705495993687737
2022-12-20,3.705620991792068
2022-12-21,3.7044533117696434
2022-12-22,3.795087546749712
2022-12-23,3.774799041533638
2022-12-24,3.752150299307859
2022-12-25,3.7327149062043485
2022-12-26,3.635822185607722
2022-12-27,3.8171584312854234
2022-12-28,3.79870909459997
2022-12-29,3.782189740499339
2022-12-30,3.730551537352026
2022-12-31,3.7212737180414623
2023-01-01,3.7364145509812654
2023-01-02,3.69638437931117
2023-01-03,3.7511982484306032
2023-01-04,3.7624279873470594
2023-01-05,3.7779796269256063
2023-01-06,3.826810929621795
2023-01-07,3.6906769901199317
2023-01-08,3.753100206665936
2023-01-09,3.6199648093513703
2023-01-10,3.724292321824891
2023-01-11,3.791060443689659
2023-01-12,3.7274865546311173
2023-01-13,3.7011729514975125
2023-01-14,3.7206785612353115
2023-01-15,3.773841072910762
2023-01-16,3.7691190096579765
2023-01-17,3.7237560616966783
2023-01-18,3.799266216700196
2023-01-19,3.715303749470603
2023-01-20,3.7772348389906636
2023-01-21,3.7361904112459356
2023-01-22,3.741889359502505
2023-01-23,3.7836477453172583
2023-01-24,3.7932584166244414
2023-01-25,3.6869171524161697
2023-01-26,3.7885759443660807
2023-01-27,3.7741221160680856
2023-01-28,3.7674536883619543
2023-01-29,3.7666993679391956
2023-01-30,3.6599734416599645
2023-01-31,3.76897928097081
2023-02-01,3.8061662177510414
2023-02-02,3.772019942282755
2023-02-03,3.7444117915429525
2023-02-04,3.7434190065430513
2023-02-05,3.697216710768375
2023-02-06,3.8188777177720756
2023-02-07,3.7649738458135933
2023-02-08,3.786389177418581
2023-02-09,3.7765645945317434
2023-02-10,3.7548181668902596
2023-02-11,3.684874019084201
2023-02-12,3.6599752246891435
2023-02-13,3.8168825258857533
2023-02-14,3.657988242835308
2023-02-15,3.6100930695503113
2023-02-16,3.5834897642586565
2023-02-17,3.7155805364717325
2023-02-18,3.7642413210744237
2023-02-19,3.668046109538003
2023-02-20,3.667326397931361
2023-02-21,3.739943660035478
2023-02-22,3.682516713015717
2023-02-23,3.6056046913782467
2023-02-24,3.7440542601674065
2023-02-25,3.7717591699069453
2023-02-26,3.7198994295152845
2023-02-27,3.4848611660394093
2023-02-28,3.6790099224226807
2023-03-01,3.577225600913966
2023-03-02,3.7216879456314627
2023-03-03,3.668275708545895
2023-03-04,3.50326724214385
2023-03-05,3.659249083974743
2023-03-06,3.6483592921554844
2023-03-07,3.637611119815416
2023-03-08,3.7652028107513944
2023-03-09,3.650487268937691
2023-03-10,3.427500551373957
2023-03-11,3.403979005739153
2023-03-12,3.6440122427784667
2023-03-13,3.5280645773199
2023-03-14,3.4165845812804587
2023-03-15,3.538752063673802
2023-03-16,3.4298461727425904
2023-03-17,3.5263513674645925
2023-03-18,3.6127184596476374
2023-03-19,3.3296803053817605
2023-03-20,3.595984835702778
2023-03-21,3.617658581545973
2023-03-22,3.6572094052452653
2023-03-23,3.48531105525094
2023-03-24,3.6255726535531267
2023-03-25,3.6128586263309392
2023-03-26,3.6860225025309132
2023-03-27,3.6024622171117793
2023-03-28,3.607932879804192
2023-03-29,3.6160632903662693
2023-03-30,3.659124442632047
2023-03-31,3.7846386583099325
2023-04-01,3.7178815483161265
2023-04-02,3.740786990917875
2023-04-03,3.620854990311887
2023-04-04,3.6257281714571716
2023-04-05,3.6788213122478592
2023-04-06,3.4812452666086044
2023-04-07,3.5816558984032842
2023-04-08,3.548216394533724
2023-04-09,3.487853844459101
2023-04-10,3.413067754148198
2023-04-11,3.5724229959008227
2023-04-12,3.4953060360094055
2023-04-13,3.410593913919194
2023-04-14,3.4031151812982867
2023-04-15,3.5415306343983968
2023-04-16,3.541632801826885
2023-04-17,3.437578033509744
2023-04-18,3.6440558662947726
2023-04-19,3.688501844162329
2023-04-20,3.576906294998747
2023-04-21,3.563393934984617
2023-04-22,3.6248615878493093
2023-04-23,3.641191866440494
2023-04-24,3.475532045464826
2023-04-25,3.67228344268459
2023-04-26,3.5734720473858586
2023-04-27,3.5292499988099992
2023-04-28,3.5587771495650538
2023-04-29,3.424739779882441
2023-04-30,3.5061559088508387
2023-05-01,3.5726165930197356
2023-05-02,3.6441997006294216
2023-05-03,3.518573298024191
2023-05-04,3.4833361103455855
2023-05-05,3.489088497951604
2023-05-06,3.7119116511781804
2023-05-07,3.5966533037771016
2023-05-08,3.5873728578786572
2023-05-09,3.620607046861471
2023-05-10,3.2377674570901185
2023-05-11,3.461251181233438
2023-05-12,3.5872795090895444
2023-05-13,3.461328424464096
2023-05-14,3.3908303345105324
2023-05-15,3.5151777815012544
2023-05-16,3.7144471025057864
2023-05-17,3.513621410382525
2023-05-18,3.431917729040439
2023-05-19,3.729347123545173
2023-05-20,3.705319226150809
2023-05-21,3.529100516764935
2023-05-22,3.6530018923895176
2023-05-23,3.621798946295002
2023-05-24,3.614657694372366
2023-05-25,3.661972011524436
2023-05-26,3.6845346171436155
2023-05-27,3.642622062471365
2023-05-28,3.518856379247503
2023-05-29,3.6383323178867375
2023-05-30,3.5893969633506853
2023-05-31,3.525856260939539
2023-06-01,3.5435306054633227
2023-06-02,3.566226833790212
2023-06-03,3.4538678216279313
2023-06-04,3.5349195502312325
2023-06-05,3.619012411286817
2023-06-06,3.4417837244754153
2023-06-07,3.455686134284629
2023-06-08,3.437434184471655
2023-06-09,3.6528199644459547
2023-06-10,3.742567514758101
2023-06-11,3.5780388035431634
2023-06-12,3.408303037967702
2023-06-13,3.369779338153801
2023-06-14,3.3709766339239313
2023-06-15,3.2830211879942395
2023-06-16,3.2810815627222936
2023-06-17,3.3390850626427797
2023-06-18,3.25114884571671
2023-06-19,3.401316084829912
2023-06-20,3.3423021627294363
2023-06-21,3.435341387760452
2023-06-22,3.215578911385993
2023-06-23,3.4953987693998925
2023-06-24,3.6292581459078126
2023-06-25,3.6988914306465523
2023-06-26,3.4192999014185452
2023-06-27,3.5619257854114865
2023-06-28,3.5385075443387524
2023-06-29,3.677923699149655
2023-06-30,3.601984892129391
2023-07-01,3.627225790669405
2023-07-02,3.608505696481319
2023-07-03,3.7483527847178646
2023-07-04,3.492720383253492
2023-07-05,3.53557596919638
2023-07-06,3.666729224417558
2023-07-07,3.6747353353651744
2023-07-08,3.419716266078934
2023-07-09,3.386005845702139
2023-07-10,3.578130897387335
2023-07-11,3.524481789033486
2023-07-12,3.2784085584072886
2023-07-13,3.378179386724582
2023-07-14,3.421006989669604
2023-07-15,3.3641526428756285
2023-07-16,3.39883586143114
2023-07-17,3.4850832349018868
2023-07-18,3.420682988390898
2023-07-19,3.463625902193719
2023-07-20,3.6241526823681887
2023-07-21,3.587438401351746
2023-07-22,3.575615832600991
2023-07-23,3.5948012372043863
2023-07-24,3.6360946209787213
2023-07-25,3.560055698066864
2023-07-26,3.623172582506983
2023-07-27,3.637480129311076
2023-07-28,3.4534448236811146
2023-07-29,3.6088801278762523
2023-07-30,3.671022658940642
2023-07-31,3.5303011012732424
2023-08-01,3.552867763368235
2023-08-02,3.698896354331859
2023-08-03,3.5360065223918715
2023-08-04,3.5775104477374207
2023-08-05,3.4614240353166417
2023-08-06,3.4985370680242873
2023-08-07,3.6148922587368366
2023-08-08,3.5361773413044157
2023-08-09,3.6181324427494967
2023-08-10,3.6359874277289093
2023-08-11,3.6794638334919387
2023-08-12,3.623719678373143
2023-08-13,3.7411613226613465
2023-08-14,3.6995258866564056
2023-08-15,3.7252303723407474
2023-08-16,3.7654606593123856
2023-08-17,3.3506031657596225
2023-08-18,3.304271875440561
2023-08-19,3.514543121499334
2023-08-20,3.5615381872254126
2023-08-21,3.643733575819062
2023-08-22,3.699797883761682
2023-08-23,3.6058251132613
2023-08-24,3.2477335322912193
2023-08-25,3.3693488994324596
2023-08-26,3.5722218831944543
2023-08-27,3.5184496979691366
2023-08-28,3.647474937061625
2023-08-29,3.6746363104647872
2023-08-30,3.6519003261049074
2023-08-31,3.789485843170864
2023-09-01,3.5766289867092693
2023-09-02,3.430808888476016
2023-09-03,3.534389849230375
2023-09-04,3.5265945762807442
2023-09-05,3.5390126970516613
2023-09-06,3.5963383112711944
2023-09-07,3.7702839326830193
2023-09-08,3.757306475937862
2023-09-09,3.5423611114303073
2023-09-10,3.687932140476681
2023-09-11,3.6002118900018023
2023-09-12,3.687917651407934
2023-09-13,3.732287763512061
2023-09-14,3.660264122590745
2023-09-15,3.9195509508806046
2023-09-16,3.8788816526339973
2023-09-17,3.7855674233760683
2023-09-18,3.6519520948055315
2023-09-19,3.6121837510556363
2023-09-20,3.5950763306364704
2023-09-21,3.5696782253487847
2023-09-22,3.6715671014263886
2023-09-23,3.4270759903156987
2023-09-24,3.333149632908727
2023-09-25,3.499279357779107
2023-09-26,3.4005429679769446
2023-09-27,3.7014815190928188
2023-09-28,3.6789651049540653
2023-09-29,3.6539888303391246
2023-09-30,3.7047084050684385
2023-10-01,3.6509507598275315
2023-10-02,3.6243991375930733
2023-10-03,3.7411049033015167
2023-10-04,3.7594923273739633
2023-10-05,3.7329593982843443
2023-10-06,3.7242655885412925
2023-10-07,3.659794215564627
2023-10-08,3.6029343247493753
2023-10-09,3.71364919900905
2023-10-10,3.7176565915743556
2023-10-11,3.7501650545489307
2023-10-12,3.653195772011318
2023-10-13,3.642954255074897
2023-10-14,3.6203159683070085
2023-10-15,3.482398464012825
2023-10-16,3.6206983551723884
2023-10-17,3.6697069411249075
2023-10-18,3.752414634118116
2023-10-19,3.7245920752205954
2023-10-20,3.74102983149985
2023-10-21,3.7227853828602173
2023-10-22,3.6946472398843295
2023-10-23,3.6175406873836993
2023-10-24,3.5471358206207193
2023-10-25,3.606035486868328
2023-10-26,3.599046290753348
2023-10-27,3.6175479336994956
2023-10-28,3.7436970606092492
2023-10-29,3.6653211827609815
2023-10-30,3.7112491360531643
2023-10-31,3.6182348546475316
2023-11-01,3.7122037245240302
2023-11-02,3.706557411792566
2023-11-03,3.7122136901587326
2023-11-04,3.695644186936807
2023-11-05,3.5640906996268145
2023-11-06,3.441163646688011
2023-11-07,3.634044017272552
2023-11-08,3.6814237047078326
2023-11-09,3.6525022264564826
2023-11-10,3.709074764158093
2023-11-11,3.2954906397968755
2023-11-12,3.475370344544621
2023-11-13,3.622369542881792
2023-11-14,3.7055866562258086
2023-11-15,3.7996145183326786
2023-11-16,3.759516560165413
2023-11-17,3.6710571103542393
2023-11-18,3.5745907275868327
2023-11-19,3.72806841163049
2023-11-20,3.6734513932452257
2023-11-21,3.7340325618862042
2023-11-22,3.6857608565056648
2023-11-23,3.602431761560965
2023-11-24,3.6715924450993267
2023-11-25,3.634910195208169
2023-11-26,3.4753363985966077
2023-11-27,3.5803364786594396
2023-11-28,3.6434696838376515
2023-11-29,3.7611551006190007
2023-11-30,3.736885903444429
2023-12-01,3.725589724489849
2023-12-02,3.7060729703859745
2023-12-03,3.6535052454787103
2023-12-04,3.5250931809377395
2023-12-05,3.442545503857401
2023-12-06,3.749244850169447
2023-12-07,3.5322834524389317
2023-12-08,3.657434492047748
2023-12-09,3.6101123041540926
2023-12-10,3.7334186097786515
2023-12-11,3.794326846503949
2023-12-12,3.677699671733622
2023-12-13,3.74839200474611
2023-12-14,3.5718676396903524
2023-12-15,3.659374155221472
2023-12-16,3.628230839897337
2023-12-17,3.6633682427205723
2023-12-18,3.663429202503441
2023-12-19,3.7837067354281047
2023-12-20,3.694076562815341
2023-12-21,3.628503790414424
2023-12-22,3.635772523721184
2023-12-23,3.6959148751044513
2023-12-24,3.619933224981623
2023-12-25,3.521743451318272
2023-12-26,3.5095758502048837
2023-12-27,3.544942191258719
2023-12-28,3.619140360091437
2023-12-29,3.766685371698558
2023-12-30,3.6825806949135202
2023-12-31,3.561450843781835
2024-01-01,3.5575295672118954
2024-01-02,3.5512038626873506
2024-01-03,3.5541747300764377
2024-01-04,3.4774755404935225
2024-01-05,3.512020394842217
2024-01-06,3.5752574820076126
2024-01-07,3.5863342538943823
2024-01-08,3.623337162903409
2024-01-09,3.632605971653119
2024-01-10,3.580051865856258
2024-01-11,3.6404978191156836
2024-01-12,3.648522644878663
2024-01-13,3.664395903816382
2024-01-14,3.7226755217579344
2024-01-15,3.584717300523247
2024-01-16,3.5044808501693874
2024-01-17,3.5531067202662836
2024-01-18,3.5022595847019824
2024-01-19,3.5764522203489437
2024-01-20,3.4625408252598033
2024-01-21,3.440105990919581
2024-01-22,3.6019171816917357
2024-01-23,3.6822501641605387
2024-01-24,3.6098154563371883
2024-01-25,3.665423079402589
2024-01-26,3.6838222065977853
2024-01-27,3.5237399217754586
2024-01-28,3.571334628844448
2024-01-29,3.6455648824031677
2024-01-30,3.6866000265695407
2024-01-31,3.7177601682288777
2024-02-01,3.6406109179419297
2024-02-02,3.690840355660059
2024-02-03,3.572609900118713
2024-02-04,3.5389235755933948
2024-02-05,3.645379054162096
2024-02-06,3.625134991817329
2024-02-07,3.6711353176800774
2024-02-08,3.6500646273492863
2024-02-09,3.671706321135678
2024-02-10,3.4832896295600975
2024-02-11,3.5385186236647637
2024-02-12,3.6180921559430006
2024-02-13,3.570035341644423
2024-02-14,3.6196535249998676
2024-02-15,3.5824685243767087
2024-02-16,3.6266288253385377
2024-02-17,3.7910065827924937
2024-02-18,3.7366527434042487
2024-02-19,3.6611706306436647
2024-02-20,3.601517618012573
2024-02-21,3.6399413507959926
2024-02-22,3.7059501626948057
2024-02-23,3.761790810304898
2024-02-24,3.717506687202048
2024-02-25,3.649794831770044
2024-02-26,3.579185360261827
2024-02-27,3.6190072840430423
2024-02-28,3.742170928311975
2024-02-29,3.661899527364578
2024-03-01,3.74217368287611
2024-03-02,3.6156779070707574
2024-03-03,3.6550335449453497
2024-03-04,3.7301709650934844
2024-03-05,3.6246640398174614
2024-03-06,3.710743538251378
2024-03-07,3.773918387829685
2024-03-08,3.7701714595938296
2024-03-09,3.8183703746758924
2024-03-10,3.5918976265636906
2024-03-11,3.6918822148740764
2024-03-12,3.8121815560418715
2024-03-13,3.6982462455945866
2024-03-14,3.687819440584499
2024-03-15,3.656405481611217
2024-03-16,3.7084568318502975
2024-03-17,3.733176183187202
2024-03-18,3.6368385153279217
2024-03-19,3.6229380720574036
2024-03-20,3.604581029646257
2024-03-21,3.767207546810924
2024-03-22,3.7305462751647402
2024-03-23,3.690340015674141
2024-03-24,3.637406628568029
2024-03-25,3.8015541860528743
2024-03-26,3.5032859444738245
2024-03-27,3.558177761512981
2024-03-28,3.4759577305074156
2024-03-29,3.562566190240601
2024-03-30,3.711267139998673
2024-03-31,3.345556976652066
2024-04-01,3.4887509675435
2024-04-02,3.4729901142735646
2024-04-03,3.545642009677196
2024-04-04,3.510840222837925
2024-04-05,3.6372080793179906
2024-04-06,3.550613828705724
2024-04-07,3.5882161097203236
2024-04-08,3.64958835583528
2024-04-09,3.622265739220654
2024-04-10,3.673493217890336
2024-04-11,3.5746336606992366
2024-04-12,3.5818768861479193
2024-04-13,3.6240083226994373
2024-04-14,3.5521478206635426
2024-04-15,3.5996163535935355
2024-04-16,3.6272916712436603
2024-04-17,3.6947008254209273
2024-04-18,3.767382527672514
2024-04-19,3.613449246557362
2024-04-20,3.5873022804958716
2024-04-21,3.6949829074922236
2024-04-22,3.545836040255254
2024-04-23,3.568216031978431
2024-04-24,3.6010119986157925
2024-04-25,3.7017677912745164
2024-04-26,3.644144099524482
2024-04-27,3.6749006497838237
2024-04-28,3.6944265489428796
2024-04-29,3.637861229328646
2024-04-30,3.661604490579043
2024-05-01,3.6428564601462594
2024-05-02,3.681958516614699
2024-05-03,3.713862824090988
2024-05-04,3.5725405004421225
2024-05-05,3.4388751704612197
2024-05-06,3.397049750905293
2024-05-07,3.5903580039979404
2024-05-08,3.611938301331884
2024-05-09,3.7345458443621284
2024-05-10,3.6663057461324695
2024-05-11,3.5809472858769733
2024-05-12,3.743507195700463
2024-05-13,3.633916137358017
2024-05-14,3.62129236250525
2024-05-15,3.6502469677877287
2024-05-16,3.76774957028069
2024-05-17,3.6653001313250018
2024-05-18,3.585501163081558
2024-05-19,3.5127093365615227
2024-05-20,3.36024966758788
2024-05-21,3.460572225696167
2024-05-22,3.3299612081854404
2024-05-23,3.312809265865092
2024-05-24,3.4128735007367688
2024-05-25,3.4460370032401415
2024-05-26,3.6607788742209784
2024-05-27,3.629889396928932
2024-05-28,3.636153767400651
2024-05-29,3.683708633556404
2024-05-30,3.6345822884712153
2024-05-31,3.68449254619537
2024-06-01,3.751729321555809
2024-06-02,3.6646504984523833
2024-06-03,3.501656977818022
2024-06-04,3.458536904415605
2024-06-05,3.6058758711890024
2024-06-06,3.7186414488713675
2024-06-07,3.704218341366053
2024-06-08,3.5761598488470305
2024-06-09,3.649898920780578
2024-06-10,3.6362877445529094
2024-06-11,3.4574878359528136
2024-06-12,3.5860999178879727
2024-06-13,3.7090250307851336
2024-06-14,3.699051732941815
2024-06-15,3.6297038316615784
2024-06-16,3.7164231733638515
2024-06-17,3.697519454836245
2024-06-18,3.7404445667505364
2024-06-19,3.7140900226584526
2024-06-20,3.6668222823223604
2024-06-21,3.765674271010809
2024-06-22,3.755634387035554
2024-06-23,3.6198498186854566
2024-06-24,3.6274358968647267
2024-06-25,3.607145992285582
2024-06-26,3.694891616402223
2024-06-27,3.7245191499666337
2024-06-28,3.6659970018950183
2024-06-29,3.6834454250938564
2024-06-30,3.6396526641811024
2024-07-01,3.637230382823426
2024-07-02,3.701909912662955
2024-07-03,3.668554072501654
2024-07-04,3.5718563993031522
2024-07-05,3.625007726205553
2024-07-06,3.4817736122567737
2024-07-07,3.548437345259027
2024-07-08,3.578134744052725
2024-07-09,3.483441589956151
2024-07-10,3.676929504781865
2024-07-11,3.4376438434543286
2024-07-12,3.739949860512068
2024-07-13,3.760248490480313
2024-07-14,3.62856686741322
2024-07-15,3.6550385674204056
2024-07-16,3.762868751957471
2024-07-17,3.718318474844856
2024-07-18,3.700405374372999
2024-07-19,3.8019843715094486
2024-07-20,3.7356923025918696
2024-07-21,3.6690994058054347
2024-07-22,3.6809636600406517
2024-07-23,3.6877671339001026
2024-07-24,3.765565457792925
2024-07-25,3.750047633340488
2024-07-26,3.792030865922622
2024-07-27,3.5798893346768366
2024-07-28,3.6684455473924724
2024-07-29,3.612745758945061
2024-07-30,3.4610565714494674
2024-07-31,3.335653362167111
2024-08-01,3.4383858311075763
2024-08-02,3.5388209302198073
2024-08-03,3.6092779184791084
2024-08-04,3.4876528649969645
2024-08-05,3.4321950970949726
2024-08-06,3.499569214066997
2024-08-07,3.5757292493000743
2024-08-08,3.5919008516202626
2024-08-09,3.688506934355978
2024-08-10,3.690459628963198
2024-08-11,3.6835541200236994
2024-08-12,3.702758070613616
2024-08-13,3.697558536368925
2024-08-14,3.6928304617037258
2024-08-15,3.7126242066403066
2024-08-16,3.611472566598464
2024-08-17,3.6514420473487963
2024-08-18,3.7349818556750534
2024-08-19,3.6952566499961335
2024-08-20,3.8212133784382942
2024-08-21,3.7224453306897387
2024-08-22,3.7242587365260764
2024-08-23,3.6104442654449227
2024-08-24,3.6632754933341767
2024-08-25,3.4929761307561797
2024-08-26,3.59987669347265
2024-08-27,3.5264290484610825
2024-08-28,3.6215132186125554
2024-08-29,3.7624481937094747
2024-08-30,3.770905540664768
2024-08-31,3.850819135909164
2024-09-01,3.7162760042626526
2024-09-02,3.747252053111798
2024-09-03,3.7138864108097356
2024-09-04,3.6759652147142567
2024-09-05,3.7127393249733647
2024-09-06,3.6887987390838735
2024-09-07,3.7435237968158868
2024-09-08,3.704024963674057
2024-09-09,3.7141959995736253
2024-09-10,3.7718401093277674
2024-09-11,3.616760305536534
2024-09-12,3.5575379258784516
2024-09-13,3.5719586481312584
2024-09-14,3.6555593319628854
2024-09-15,3.702473178426504
2024-09-16,3.7437552652255404
2024-09-17,3.739595202894122
2024-09-18,3.674858361449346
2024-09-19,3.6155497802160586
2024-09-20,3.679349801986693
2024-09-21,3.682079187722392
2024-09-22,3.546070832217254
2024-09-23,3.598086377235975
2024-09-24,3.629629873829614
2024-09-25,3.6631329007141535
2024-09-26,3.748182844228118
2024-09-27,3.6484612133466863
2024-09-28,3.6314954169867235
2024-09-29,3.5790144996025326
2024-09-30,3.6033078241629815
2024-10-01,3.496836929208884
2024-10-02,3.5417930050354136
2024-10-03,3.567676481777378
2024-10-04,3.565452459007394
2024-10-05,3.60515345134212
2024-10-06,3.65223289822028
2024-10-07,3.658694992732625
2024-10-08,3.6237436062030297
2024-10-09,3.5835345361018316
2024-10-10,3.559391778965572
2024-10-11,3.7108078597002585
2024-10-12,3.666863618625838
2024-10-13,3.714205959228989
2024-10-14,3.6745681964972547
2024-10-15,3.66463976962364
2024-10-16,3.608972622945331
2024-10-17,3.584320650636273
2024-10-18,3.5679572676973974
2024-10-19,3.5605073616990985
2024-10-20,3.7026040017245756
2024-10-21,3.7596047889909947
2024-10-22,3.6981305527181547
2024-10-23,3.671327167979259
2024-10-24,3.6533003232656913
2024-10-25,3.7737699121839277
2024-10-26,3.5357284848456736
2024-10-27,3.5694681532401167
2024-10-28,3.7097160080072635
2024-10-29,3.7467450679107026
2024-10-30,3.7883133650313203
2024-10-31,3.8066889423051906
2024-11-01,3.7945871665799498
2024-11-02,3.7592457841830367
2024-11-03,3.7836410827460307
2024-11-04,3.8449981611088755
2024-11-05,3.8203664715144408
2024-11-06,3.76813099474883
2024-11-07,3.7319120108991886
2024-11-08,3.73084787678807
2024-11-09,3.689077535410161
2024-11-10,3.4597697309938344
2024-11-11,3.569081656695471
2024-11-12,3.6329437418445445
2024-11-13,3.683076218376149
2024-11-14,3.6762336335835752
2024-11-15,3.462126921021621
2024-11-16,3.4820162098176155
2024-11-17,3.562029852647593
2024-11-18,3.6840328738045205
2024-11-19,3.755111171131719
2024-11-20,3.6891552410968442
2024-11-21,3.6165671644996724
2024-11-22,3.688734668805512
2024-11-23,3.713533103164115
2024-11-24,3.5762773187195074
2024-11-25,3.6993304633085393
2024-11-26,3.762500574976645
2024-11-27,3.642286935169805
2024-11-28,3.5538424830741375
2024-11-29,3.4751048977194787
2024-11-30,3.4224901983569893
2024-12-01,3.4734822184679723
2024-12-02,3.4747928572705793
2024-12-03,3.4831650615606486
2024-12-04,3.642012895746049
2024-12-05,3.618328306535424
2024-12-06,3.6001261655697663
2024-12-07,3.5177113167682617
2024-12-08,3.645566414479881
2024-12-09,3.662767719634382
2024-12-10,3.742448196611312
2024-12-11,3.779995771242184
2024-12-12,3.7038817192242233
2024-12-13,3.7377099161129923
2024-12-14,3.705084931862754
2024-12-15,3.7292466706605505
2024-12-16,3.7590928755686224
2024-12-17,3.707300733152573
2024-12-18,3.7075603617331296
2024-12-19,3.6274904415400844
2024-12-20,3.5959701719457917
2024-12-21,3.6631325186607957
2024-12-22,3.60864610444089
2024-12-23,3.6236384007665507
2024-12-24,3.631687059845683
2024-12-25,3.795478373631096
2024-12-26,3.719013549137786
2024-12-27,3.6735808253912703
2024-12-28,3.767804112761778
2024-12-29,3.6203201457480345
2024-12-30,3.5361754176199205
2024-12-31,3.669678776656975
2025-01-01,3.6280452858017727
2025-01-02,3.686219930746518
2025-01-03,3.70266429417784
2025-01-04,3.6114041194579802
2025-01-05,3.607434974888254
2025-01-06,3.7983559308131514
2025-01-07,3.793345471197077
2025-01-08,3.593455771397114
2025-01-09,3.607063655048452
2025-01-10,3.69911876780798
2025-01-11,3.6713031799624014
2025-01-12,3.6861668661977487
2025-01-13,3.5891252953207524
2025-01-14,3.599736609613559
2025-01-15,3.7079340923176978
2025-01-16,3.6054016000033577
2025-01-17,3.3693035443950206
2025-01-18,3.596145456879827
2025-01-19,3.63657006291495
2025-01-20,3.592816129962895
2025-01-21,3.6690405706734563
2025-01-22,3.704490661804423
2025-01-23,3.6734221759522523
2025-01-24,3.7586483217358704
2025-01-25,3.793205861898363
2025-01-26,3.4943022995675266
2025-01-27,3.5833208421342206
2025-01-28,3.6301789154172637
2025-01-29,3.7145833045564043
2025-01-30,3.5806176492057524
2025-01-31,3.6090229627387376
2025-02-01,3.6667299931671202
2025-02-02,3.4016956490501826
2025-02-03,3.4852478463324488
2025-02-04,3.634290561068972
2025-02-05,3.823715776640448
2025-02-06,3.7542457935262767
2025-02-07,3.776402307468594
2025-02-08,3.4996977146644714
2025-02-09,3.5436605834419588
2025-02-10,3.5930822556651663
2025-02-11,3.6726966731899684
2025-02-12,3.573364411565162
2025-02-13,3.7116862024695365
2025-02-14,3.8027867071059647
2025-02-15,3.7068510968981667
2025-02-16,3.6555277682187324
2025-02-17,3.680520866793816
2025-02-18,3.6393923796337755
2025-02-19,3.511929064219408
2025-02-20,3.598584358381245
2025-02-21,3.645886007857324
2025-02-22,3.6434445559931405
2025-02-23,3.537537255846049
2025-02-24,3.647979793885142
2025-02-25,3.5882497355830045
2025-02-26,3.5661755465502685
2025-02-27,3.7074496346833685
2025-02-28,3.7224407309616683
2025-03-01,3.6723294114445233
2025-03-02,3.7462320114105485
2025-03-03,3.6298097725523273
2025-03-04,3.5141027843379065
2025-03-05,3.5147341517954627
2025-03-06,3.7049175568222292
2025-03-07,3.5644348518489575
2025-03-08,3.6034766215641847
2025-03-09,3.7568417061585
2025-03-10,3.6966416511768245
2025-03-11,3.767323829681644
2025-03-12,3.580654033047047
2025-03-13,3.55724239883795
2025-03-14,3.3372709550971424
2025-03-15,3.6211498041928696
2025-03-16,3.666060920067605
2025-03-17,3.6398140466864657
2025-03-18,3.666249685157418
2025-03-19,3.71750553233344
2025-03-20,3.763543368776701
2025-03-21,3.68057076328348
2025-03-22,3.695823467322844
2025-03-23,3.668302900292758
2025-03-24,3.7504534592475975
2025-03-25,3.5964496542152866
2025-03-26,3.613629281141569
2025-03-27,3.7085800944946237
2025-03-28,3.6730902935701
2025-03-29,3.6813866698491116
2025-03-30,3.7166399402627524
2025-03-31,3.7145600105741416
2025-04-01,3.7399230080788257
2025-04-02,3.6691243695136055
2025-04-03,3.695083994457732
2025-04-04,3.7114349928098727
2025-04-05,3.6490186506601994
2025-04-06,3.7000235992990396
2025-04-07,3.4211202205672744
2025-04-08,3.4317312872777217
2025-04-09,3.4509604457175995
2025-04-10,3.632832713614664
2025-04-11,3.5159589619671476
2025-04-12,3.2931301516127296
2025-04-13,3.410775516964251
2025-04-14,3.332745028394945
2025-04-15,3.3448620530386433
2025-04-16,3.2557600039845584
2025-04-17,3.209084460428228
2025-04-18,3.4413953960959045
2025-04-19,3.1497381882819853
2025-04-20,3.354159150376887
2025-04-21,3.3532392147135313
2025-04-22,3.4170478116371696
2025-04-23,3.4032088819898334
2025-04-24,3.3900866700586763
2025-04-25,3.303886128990794
2025-04-26,3.370366639650814
2025-04-27,3.46753281967479
2025-04-28,3.4953361946918178
2025-04-29,3.4542318336162268
2025-04-30,3.578470166730288
2025-05-01,3.577268184543055
2025-05-02,3.6362982944283346
2025-05-03,3.6126969337751778
2025-05-04,3.7053600064089545
2025-05-05,3.6538326693257983
2025-05-06,3.6002218474904324
2025-05-07,3.567117234274648
2025-05-08,3.6031192732937094
2025-05-09,3.4519767208357823
2025-05-10,3.5384232029339193
2025-05-11,3.408004168990136
2025-05-12,3.412277919000922
2025-05-13,3.4271526176716285
2025-05-14,3.319040013450423
2025-05-15,3.3614367302521084
2025-05-16,3.3059215606356314
2025-05-17,3.426275218438226
2025-05-18,3.384901263119651
2025-05-19,3.472531405153796
2025-05-20,3.59608602577691
2025-05-21,3.6833393948808304
2025-05-22,3.6279671968970395
2025-05-23,3.599202380567182
2025-05-24,3.6463394787160435
2025-05-25,3.5470061956709293
2025-05-26,3.387411653235065
2025-05-27,3.1604128707421135
2025-05-28,3.5201466028733677
2025-05-29,3.607682449068188
2025-05-30,3.601550704860506
2025-05-31,3.546836090008255
2025-06-01,3.4863636487642204
2025-06-02,3.562837764870049
2025-06-03,3.6288420602555855
2025-06-04,3.5051448456929624
2025-06-05,3.5892921802514084
2025-06-06,3.5517441731018025
2025-06-07,3.7332386129710877
2025-06-08,3.5945766732732984
2025-06-09,3.596504348403275
2025-06-10,3.548177419622677
2025-06-11,3.704523280469713
2025-06-12,3.731006912382495
2025-06-13,3.6700497276792605
2025-06-14,3.567554138588987
2025-06-15,2.7657952811741446
2025-06-16,2.4295065259114543
2025-06-17,2.671023016450459
2025-06-18,2.81028237578175
2025-06-19,2.251614471810182
2025-06-20,2.304079272167545
2025-06-21,2.726266519559342
2025-06-22,3.3414359463842933
2025-06-23,3.0009728252459755
2025-06-24,1.889916845319988
2025-06-25,2.8423630514123626
2025-06-26,2.7406502646521833
2025-06-27,1.982380816676534
2025-06-28,3.124852588091515
2025-06-29,2.9051718888847455
2025-06-30,3.1055247150117378
2025-07-01,2.7747486842248854
2025-07-02,3.8134961872466873
2025-07-03,3.7005866376271865
2025-07-04,3.661764841328073
2025-07-05,3.6194668445098834
2025-07-06,3.581653545197242
2025-07-07,3.6066247737908665
2025-07-08,3.5888574126392663
2025-07-09,3.639423301696664
2025-07-10,3.693764213418262
2025-07-11,3.6593410396532295
2025-07-12,3.699285739018432
2025-07-13,3.6711705223804834
2025-07-14,3.6411178844834073
2025-07-15,3.6464522500411722
2025-07-16,3.6490034913945952
2025-07-17,3.7379048186801276
2025-07-18,3.6704893648620427
2025-07-19,3.727467681543241
2025-07-20,3.561058277300301
2025-07-21,3.390429221821364
2025-07-22,3.5311692942925044
2025-07-23,3.589418185925781
2025-07-24,3.6656107470090706
2025-07-25,3.4648374922260623
2025-07-26,3.513767657120806
2025-07-27,3.660426800063641
2025-07-28,3.6033690728261276
2025-07-29,3.671302347473442
2025-07-30,3.7740100704727984
2025-07-31,3.777679442763811
2025-08-01,3.734658438582667
2025-08-02,3.2322791046596344
2025-08-03,3.354748096083005
2025-08-04,3.539440926422869
2025-08-05,3.602530954120665
2025-08-06,3.7146642208061404
2025-08-07,3.701542208939182
2025-08-08,3.6401418744827727
2025-08-09,3.6674890067111927
2025-08-10,3.64840783629618
2025-08-11,3.517615530339744
2025-08-12,3.6826007413761532
2025-08-13,3.530180112343809
2025-08-14,3.627725801007755
2025-08-15,3.6027215406025825
2025-08-16,3.5445991167917716
2025-08-17,3.602856444701753
2025-08-18,3.617329042599324
2025-08-19,3.5093644887668054
2025-08-20,3.530356329002866
2025-08-21,3.695276351587563
2025-08-22,3.605000482672841
2025-08-23,3.6381122474866183
2025-08-24,3.5203549991481453
2025-08-25,3.3477420627081167
2025-08-26,3.636919465958157
2025-08-27,3.62831802033734
2025-08-28,3.651633509582583
2025-08-29,3.7522523808145802
2025-08-30,3.6894305985719993
2025-08-31,3.6094700674929037
2025-09-01,3.5422139090556373
2025-09-02,3.5720528043318196
2025-09-03,3.656357978594104
2025-09-04,3.6246939520747485
2025-09-05,3.5937841673683604
2025-09-06,3.645208193869835
2025-09-07,3.6169381661046116
2025-09-08,3.6188125152067063
2025-09-09,3.5614183044421086
2025-09-10,3.5912251232492083
2025-09-11,3.652409990454762
2025-09-12,3.7442233684517263
2025-09-13,3.618848483061183
2025-09-14,3.660819802834599
2025-09-15,3.6341685748645327
2025-09-16,3.736526625777912
2025-09-17,3.7518638731095257
2025-09-18,3.595274930717436
2025-09-19,3.773747832732593
2025-09-20,3.7754745586413425
2025-09-21,3.6933538286925134
2025-09-22,3.4972060795527646
2025-09-23,3.3854864607202484
2025-09-24,3.521287755159838
2025-09-25,3.66726624898058
2025-09-26,3.616706252007732
2025-09-27,3.7111749077018192
2025-09-28,3.680878028222873
2025-09-29,3.7600367539388033
2025-09-30,3.702463349513975
2025-10-01,3.7570599042213644
2025-10-02,3.680619446397326
2025-10-03,3.797082807546153
2025-10-04,3.7299170413678193
2025-10-05,3.729603537387537
2025-10-06,3.6833227307377534
2025-10-07,3.67577488184854
2025-10-08,3.814657452184741
2025-10-09,3.7487383296452608
2025-10-10,3.7247685977001925
2025-10-11,3.720484874626883
2025-10-12,3.500683548220121
2025-10-13,3.4573097483977673
2025-10-14,3.728115134834018
2025-10-15,3.794194566898549
2025-10-16,3.6602878885789414
2025-10-17,3.7174709000999
2025-10-18,3.5439870558075626
2025-10-19,3.761541592596124
2025-10-20,3.7453106876018256
2025-10-21,3.746850000332929
2025-10-22,3.6181479576753786
2025-10-23,3.6767890917988035
2025-10-24,3.6815255671742326
2025-10-25,3.7393358351875756
2025-10-26,3.7310138037581466
2025-10-27,3.758970927912595
2025-10-28,3.612384796587208
2025-10-29,3.584696033229379
2025-10-30,3.736251470856688
2025-10-31,3.603679723190683
2025-11-01,3.755513346996593
2025-11-02,3.693997337608934
2025-11-03,3.6442066742122594
2025-11-04,3.7436570237166436
2025-11-05,3.7514621905794194
2025-11-06,3.680076308040749
2025-11-07,3.7140183612987605
2025-11-08,3.737951852777425
2025-11-09,3.5956449249508435
2025-11-10,3.744270601102806
2025-11-11,3.794859069641112
2025-11-12,3.78986885166554
2025-11-13,3.7321204161206496
2025-11-14,3.7018331846266297
2025-11-15,3.5216056981424773
2025-11-16,3.6091774620232533
2025-11-17,3.5201540967474827
2025-11-18,3.6635700826792905
2025-11-19,3.600059467306819
2025-11-20,3.718164541523923
2025-11-21,3.813465084331023
2025-11-22,3.4601134505794717
2025-11-23,3.5107683045523075
2025-11-24,3.5061953130423524
2025-11-25,3.663575363603406
2025-11-26,3.513770985070487
2025-11-27,3.626216873911168
2025-11-28,3.655117256518154
2025-11-29,3.632455934540918
2025-11-30,3.523991035497602
2025-12-01,3.5245865980970357
2025-12-02,3.7825254525405705
2025-12-03,3.7582448532207486
2025-12-04,3.7630735743447263
2025-12-05,3.78569401772494
2025-12-06,3.5827193609135755
2025-12-07,3.64895179154816
2025-12-08,3.4673996062386125
2025-12-09,3.5053407567292694
2025-12-10,3.5817667872935166
2025-12-11,3.6013871126243546
2025-12-12,3.57827337744401
2025-12-13,3.661375846182469
2025-12-14,3.567974178629831
2025-12-15,3.5851193863300503
2025-12-16,3.6279677633954304
2025-12-17,3.64674416592975
2025-12-18,3.7748111412437244
2025-12-19,3.717258100028665
2025-12-20,3.646985273123516
2025-12-21,3.6390016353143353
2025-12-22,3.6891670822522067
2025-12-23,3.7906645177383895
2025-12-24,3.73240440925576
2025-12-25,3.681754297137851
2025-12-26,3.661933320017445
2025-12-27,3.6890562755278222
2025-12-28,3.6837221503424136
2025-12-29,3.549984000291412
2025-12-30,3.611203673521603
2025-12-31,3.7128758631782652
