date,value
2015-02-18,3.4792040777457265
2015-02-19,3.5375386575501304
2015-02-20,3.5870470454810093
2015-02-21,3.5545481477885303
2015-02-22,3.4530342496519033
2015-02-23,3.4462530641559055
2015-02-24,3.6942690969132363
2015-02-25,3.5131336820406336
2015-02-26,3.5628688755736744
2015-02-27,3.5608728989528475
2015-02-28,3.644545293544812
2015-03-01,3.4117025530187797
2015-03-02,3.5188005068810178
2015-03-03,3.5533677454231323
2015-03-04,3.5774777045211112
2015-03-05,3.6000196226112298
2015-03-06,3.599291000904765
2015-03-07,3.3416808707414716
2015-03-08,3.332790728946104
2015-03-09,3.425663066069718
2015-03-10,3.6070792563577867
2015-03-11,3.6114028770775977
2015-03-12,3.609796723766446
2015-03-13,3.632679079648274
2015-03-14,3.5415566198742434
2015-03-15,3.4476203836734305
2015-03-16,3.497446982181008
2015-03-17,3.5700034933393914
2015-03-18,3.5411888872070825
2015-03-19,3.465776447117599
2015-03-20,3.6080596776013545
2015-03-21,3.614409886509248
2015-03-22,3.375070522113275
2015-03-23,3.49662014397334
2015-03-24,3.4729535486909153
2015-03-25,3.3943647953443445
2015-03-26,3.740031105656051
2015-03-27,3.5789972733501467
2015-03-28,3.4054730630811565
2015-03-29,3.4433925230567124
2015-03-30,3.598480595218616
2015-03-31,3.495588777418704
2015-04-01,3.5318555988964806
2015-04-02,3.572912138077942
2015-04-03,3.522087532988815
2015-04-04,3.429637623485605
2015-04-05,3.5475525617399732
2015-04-06,3.2701382860264676
2015-04-07,3.5416721356556815
2015-04-08,3.554513234594528
2015-04-09,3.581184217090486
2015-04-10,3.590748129271881
2015-04-11,3.3662885764514283
2015-04-12,3.242518546054753
2015-04-13,3.508255871207858
2015-04-14,3.5874723932990076
2015-04-15,3.5893286829576465
2015-04-16,3.560205739486814
2015-04-17,3.4733437715524698
2015-04-18,3.374812212009184
2015-04-19,3.2971713434489964
2015-04-20,3.467473791078836
2015-04-21,3.4982472703954857
2015-04-22,3.4660672008599107
2015-04-23,3.4794463041895267
2015-04-24,3.4294649652239184
2015-04-25,3.214036070022285
2015-04-26,3.6307400329032418
2015-04-27,3.489770182011837
2015-04-28,3.5903905796163764
2015-04-29,3.6653278555803075
2015-04-30,3.475845608001793
2015-05-01,3.4119405233394895
2015-05-02,3.3720490280395823
2015-05-03,3.4598104203265554
2015-05-04,3.3772774342393532
2015-05-05,3.439009587080945
2015-05-06,3.366763111872895
2015-05-07,3.5360977832952107
2015-05-08,3.534943922896601
2015-05-09,3.5334256209046844
2015-05-10,3.5810319234279833
2015-05-11,3.4509070617024618
2015-05-12,3.32450104653984
2015-05-13,3.574621331367432
2015-05-14,3.523073227727967
2015-05-15,3.541112850523084
2015-05-16,3.528092477094022
2015-05-17,3.3186571022628417
2015-05-18,3.5259595442824048
2015-05-19,3.470495771006183
2015-05-20,3.467755456929848
2015-05-21,3.367526185093616
2015-05-22,3.534100001891716
2015-05-23,3.4910589137596
2015-05-24,3.46221738946362
2015-05-25,3.3962135537434364
2015-05-26,3.4883322677529396
2015-05-27,3.451238503276335
2015-05-28,3.2320970456765865
2015-05-29,3.4209982192438084
2015-05-30,3.4064973234138227
2015-05-31,3.5509030484383826
2015-06-01,3.4725517723408528
2015-06-02,3.426589716287187
2015-06-03,3.3032730371850083
2015-06-04,3.406548027677346
2015-06-05,3.3813078732926165
2015-06-06,3.480936597717872
2015-06-07,3.285401020075986
2015-06-08,3.2706117169705156
2015-06-09,3.5745002211128876
2015-06-10,3.546668257790636
2015-06-11,3.5096786802615387
2015-06-12,3.526757766551141
2015-06-13,3.3642671356314673
2015-06-14,3.527043636745184
2015-06-15,3.4777976257364727
2015-06-16,3.5124247082733864
2015-06-17,3.543468942060661
2015-06-18,3.5065899334699306
2015-06-19,3.5016256808154127
2015-06-20,3.3188677011445824
2015-06-21,3.432265295678071
2015-06-22,3.4921980211292745
2015-06-23,3.38408815918564
2015-06-24,3.4877364240837085
2015-06-25,3.5671983903186772
2015-06-26,3.4172851536624447
2015-06-27,3.4184151737119226
2015-06-28,3.5617545235172554
2015-06-29,3.3782989618411863
2015-06-30,3.509048985637663
2015-07-01,3.3984394050630318
2015-07-02,3.6145161587687187
2015-07-03,3.625923907869391
2015-07-04,3.5068742551563075
2015-07-05,3.4358559928316774
2015-07-06,3.4171414684304073
2015-07-07,3.429109993348451
2015-07-08,3.4159589386649074
2015-07-09,3.5895993960789454
2015-07-10,3.5804237356145907
2015-07-11,3.5602442491015855
2015-07-12,3.5484951758934438
2015-07-13,3.4363587528497113
2015-07-14,3.40977864322123
2015-07-15,3.5446591956711146
2015-07-16,3.625228803160907
2015-07-17,3.5393042774961074
2015-07-18,3.5141220347083526
2015-07-19,3.436513089793753
2015-07-20,3.4451622231414807
2015-07-21,3.581951714568447
2015-07-22,3.5601720526690097
2015-07-23,3.4634742579772118
2015-07-24,3.462442599087001
2015-07-25,3.5595594008603433
2015-07-26,3.6442916249331874
2015-07-27,3.6759493612012406
2015-07-28,3.6871346031913204
2015-07-29,3.5959813324478778
2015-07-30,3.653140115574859
2015-07-31,3.64345399435133
2015-08-01,3.5898828891585794
2015-08-02,3.5499924857065395
2015-08-03,3.648336829123319
2015-08-04,3.5447628396350694
2015-08-05,3.593604838117614
2015-08-06,3.5911970471601107
2015-08-07,3.5242811911339453
2015-08-08,3.481075738088432
2015-08-09,3.4779961281425593
2015-08-10,3.6810864490664907
2015-08-11,3.6324023336512905
2015-08-12,3.571563345635362
2015-08-13,3.671032580533795
2015-08-14,3.5847821599373844
2015-08-15,3.542506430144103
2015-08-16,3.4669335059521873
2015-08-17,3.6777825355096803
2015-08-18,3.6702389676000555
2015-08-19,3.6079701704130285
2015-08-20,3.4840637469833045
2015-08-21,3.4822577379981503
2015-08-22,3.335749821003047
2015-08-23,3.214991595405352
2015-08-24,3.435341248183246
2015-08-25,3.6088245763932796
2015-08-26,3.624371351966394
2015-08-27,3.5755351440615812
2015-08-28,3.701015643326212
2015-08-29,3.5174172867132443
2015-08-30,3.1604001121040333
2015-08-31,3.5602743810478374
2015-09-01,3.5581817128174156
2015-09-02,3.4903339993667606
2015-09-03,3.570206705503478
2015-09-04,3.6064210294871
2015-09-05,3.4270193279666046
2015-09-06,3.5919057540723185
2015-09-07,3.4701174466974054
2015-09-08,3.4634425574052945
2015-09-09,3.4043423755497457
2015-09-10,3.5041714234953267
2015-09-11,3.57206764611155
2015-09-12,3.373588866794856
2015-09-13,3.390755493483453
2015-09-14,3.455657396230123
2015-09-15,3.5487844884855217
2015-09-16,3.5803363929554024
2015-09-17,3.5416428163124234
2015-09-18,3.628395903439368
2015-09-19,3.4762453221648535
2015-09-20,3.2488407333016176
2015-09-21,3.473674498980477
2015-09-22,3.3855955290676834
2015-09-23,3.4012794590042787
2015-09-24,3.5661845802202703
2015-09-25,3.5581585628123524
2015-09-26,3.4674253439843317
2015-09-27,3.4090786597020752
2015-09-28,3.494736051118598
2015-09-29,3.6239988335489275
2015-09-30,3.645849763080212
2015-10-01,3.4898836558118442
2015-10-02,3.506423479769605
2015-10-03,3.5665167307751164
2015-10-04,3.5456584659803414
2015-10-05,3.549262939765984
2015-10-06,3.5221241576719717
2015-10-07,3.3980362936648163
2015-10-08,3.489963511779945
2015-10-09,3.448318643029293
2015-10-10,3.6222061775146495
2015-10-11,3.4516667458531107
2015-10-12,3.589278320395009
2015-10-13,3.5637507633374086
2015-10-14,3.653344556820211
2015-10-15,3.563335675024063
2015-10-16,3.7076803295744045
2015-10-17,3.5685797906475853
2015-10-18,3.5552694064905466
2015-10-19,3.4913280382529606
2015-10-20,3.5417449071744804
2015-10-21,3.3553130540894514
2015-10-22,3.3044324700914003
2015-10-23,3.4946662823862975
2015-10-24,3.388757182697383
2015-10-25,3.374700015766459
2015-10-26,3.4779650588158466
2015-10-27,3.4439834174272583
2015-10-28,3.4490098999056924
2015-10-29,3.431624558830484
2015-10-30,3.5687579335936666
2015-10-31,3.4582886508275896
2015-11-01,3.5344536759332255
2015-11-02,3.465927468124216
2015-11-03,3.291329309291318
2015-11-04,3.439311391314003
2015-11-05,3.551062727684045
2015-11-06,3.4859187108850906
2015-11-07,3.691107676895876
2015-11-08,3.4649201215008714
2015-11-09,3.5722347276244752
2015-11-10,3.534895203866738
2015-11-11,3.501696971761188
2015-11-12,3.4747399343117604
2015-11-13,3.588483399091303
2015-11-14,3.573060071881248
2015-11-15,3.644536584757386
2015-11-16,3.497197328453149
2015-11-17,3.54249912383582
2015-11-18,3.583969097574601
2015-11-19,3.5116705626038693
2015-11-20,3.625832695654834
2015-11-21,3.6179353186804013
2015-11-22,3.4159070267676843
2015-11-23,3.449372933854366
2015-11-24,3.439077409966093
2015-11-25,3.5371887031715588
2015-11-26,3.3933565861862127
2015-11-27,3.5411802308035933
2015-11-28,3.4207241042295635
2015-11-29,3.4071091653938845
2015-11-30,3.419671365516113
2015-12-01,3.570536105456156
2015-12-02,3.4467396267676356
2015-12-03,3.5465752867714184
2015-12-04,3.6267686103780354
2015-12-05,3.546119229207534
2015-12-06,3.4611479748440273
2015-12-07,3.4604592841464346
2015-12-08,3.501895027611369
2015-12-09,3.5046625064726147
2015-12-10,3.5152550784787837
2015-12-11,3.5808006669227312
2015-12-12,3.5775416830307254
2015-12-13,3.522250126342902
2015-12-14,3.4764714908746392
2015-12-15,3.5236680796681084
2015-12-16,3.6430242374093478
2015-12-17,3.6765868471687773
2015-12-18,3.70010213033678
2015-12-19,3.6893997364261852
2015-12-20,3.5136662981714473
2015-12-21,3.577523162872089
2015-12-22,3.6287786477332142
2015-12-23,3.6094305463025487
2015-12-24,3.4900015648022418
2015-12-25,3.3897751327597034
2015-12-26,3.4310869723542416
2015-12-27,3.49223736333089
2015-12-28,3.676370491666546
2015-12-29,3.591900866888742
2015-12-30,3.6196375281724706
2015-12-31,3.584301880947655
2016-01-01,3.491576176502502
2016-01-02,3.525997564412524
2016-01-03,3.6022791757394272
2016-01-04,3.5506235472207406
2016-01-05,3.5560644946922837
2016-01-06,3.4092601232841457
2016-01-07,3.543096383733735
2016-01-08,3.4877012638875
2016-01-09,3.6565907196173426
2016-01-10,3.2378819056479173
2016-01-11,3.533938406234097
2016-01-12,3.5776905113302284
2016-01-13,3.548880896167094
2016-01-14,3.5934814339907657
2016-01-15,3.6240771262392406
2016-01-16,3.526626721437404
2016-01-17,3.7125974400690485
2016-01-18,3.607646780400478
2016-01-19,3.558332270237367
2016-01-20,3.273514826425874
2016-01-21,3.2723999894180498
2016-01-22,3.333177428431828
2016-01-23,3.336693945088991
2016-01-24,3.578268712993608
2016-01-25,3.4113256918583823
2016-01-26,3.446247543508213
2016-01-27,3.454627474212183
2016-01-28,3.4917392818089827
2016-01-29,3.517356080378912
2016-01-30,3.534584634406186
2016-01-31,3.5381841242585113
2016-02-01,3.444914194562152
2016-02-02,3.550464341550099
2016-02-03,3.62710840109597
2016-02-04,3.5323388658657358
2016-02-05,3.3247322014411207
2016-02-06,3.4196529418137582
2016-02-07,3.385481797888253
2016-02-08,3.597376784712227
2016-02-09,3.4554390858462103
2016-02-10,3.5148632113511526
2016-02-11,3.5532921350780713
2016-02-12,3.5901362582910865
2016-02-13,3.443781665684749
2016-02-14,3.4622748204885445
2016-02-15,3.4789296162402263
2016-02-16,3.4029200385108265
2016-02-17,3.359369612443484
2016-02-18,3.5324863636931094
2016-02-19,3.526460632953711
2016-02-20,3.59458185135966
2016-02-21,3.413446883121968
2016-02-22,3.5736278626586704
2016-02-23,3.452410411887544
2016-02-24,3.588867342235447
2016-02-25,3.6392025334896427
2016-02-26,3.616531200348034
2016-02-27,3.471744770327205
2016-02-28,3.475773053088857
2016-02-29,3.6687886543773747
2016-03-01,3.6794039782130854
2016-03-02,3.513471449492352
2016-03-03,3.5699716058486635
2016-03-04,3.5314627303592037
2016-03-05,3.2395739997695445
2016-03-06,3.1449950819888652
2016-03-07,3.3983212832134755
2016-03-08,3.523484717927767
2016-03-09,3.597909671722567
2016-03-10,3.530113142117007
2016-03-11,3.4493568391543
2016-03-12,3.475894940634605
2016-03-13,3.5038057618239966
2016-03-14,3.5437182861632084
2016-03-15,3.6529928724976206
2016-03-16,3.5666489602266047
2016-03-17,3.5595134984996664
2016-03-18,3.4926650905879084
2016-03-19,3.4154776028532203
2016-03-20,3.5650517246661537
2016-03-21,3.5792459799589893
2016-03-22,3.6503694740554145
2016-03-23,3.725894449088554
2016-03-24,3.7177527171958307
2016-03-25,3.602892296779461
2016-03-26,3.54222704755981
2016-03-27,3.6245776479348693
2016-03-28,3.624432960229013
2016-03-29,3.5683646873512003
2016-03-30,3.4806650267509376
2016-03-31,3.612941567923266
2016-04-01,3.473550335275311
2016-04-02,3.6763861178543804
2016-04-03,3.4695035042680207
2016-04-04,3.659451686740991
2016-04-05,3.6596314406557613
2016-04-06,3.6323137069176785
2016-04-07,3.5461172765221285
2016-04-08,3.523873897204975
2016-04-09,3.525235347443003
2016-04-10,3.5829360139800537
2016-04-11,3.5667506931949724
2016-04-12,3.568095356132672
2016-04-13,3.665816864497214
2016-04-14,3.6855495255374957
2016-04-15,3.5426148597196065
2016-04-16,3.3975835794900346
2016-04-17,3.211000455905491
2016-04-18,3.5129302698585563
2016-04-19,3.584679031187415
2016-04-20,3.599551815309172
2016-04-21,3.4799539725776407
2016-04-22,3.3934020698588108
2016-04-23,3.497124442705281
2016-04-24,3.4391374762720126
2016-04-25,3.610761909249643
2016-04-26,3.651125917337392
2016-04-27,3.553984674777581
2016-04-28,3.5812948705818877
2016-04-29,3.627875415811005
2016-04-30,3.600504631225146
2016-05-01,3.677192194256778
2016-05-02,3.662328138886253
2016-05-03,3.5647896866190703
2016-05-04,3.6302828444589577
2016-05-05,3.485937571521222
2016-05-06,3.4796655827809397
2016-05-07,3.5120700314884616
2016-05-08,3.4010099563441942
2016-05-09,3.542970589582022
2016-05-10,3.6350192816529128
2016-05-11,3.607900438641207
2016-05-12,3.533458319192174
2016-05-13,3.575387788150793
2016-05-14,3.5776500166066647
2016-05-15,3.6179509206857876
2016-05-16,3.5794019601540863
2016-05-17,3.5365604598346265
2016-05-18,3.5857263309847274
2016-05-19,3.3276216053855143
2016-05-20,3.401043807249477
2016-05-21,3.4406946224355996
2016-05-22,3.4772725296469136
2016-05-23,3.3623241374296824
2016-05-24,3.4862631604949765
2016-05-25,3.532914723152056
2016-05-26,3.5834049676842654
2016-05-27,3.581414056520096
2016-05-28,3.545469600247897
2016-05-29,3.3850829662600748
2016-05-30,3.5819332944002658
2016-05-31,3.454717480756885
2016-06-01,3.4586590483005675
2016-06-02,3.5939761785871953
2016-06-03,3.481265294584077
2016-06-04,3.40572827059524
2016-06-05,3.5182717323895085
2016-06-06,3.47029121899578
2016-06-07,3.638512516771762
2016-06-08,3.5406123792540636
2016-06-09,3.566311150031254
2016-06-10,3.594757405312264
2016-06-11,3.61307478251872
2016-06-12,3.7132426316637943
2016-06-13,3.694214735984158
2016-06-14,3.7035168468771227
2016-06-15,3.5752819095514092
2016-06-16,3.5601911388868333
2016-06-17,3.6152786695344905
2016-06-18,3.5422304879502495
2016-06-19,3.27952453798084
2016-06-20,3.608738904887253
2016-06-21,3.5774240018924104
2016-06-22,3.586259551399607
2016-06-23,3.260527237897386
2016-06-24,3.379247948642697
2016-06-25,2.9825161225706354
2016-06-26,3.147526344980833
2016-06-27,3.3185818858959064
2016-06-28,3.5575315428123333
2016-06-29,3.590612837678538
2016-06-30,3.601928581716749
2016-07-01,3.6199516704093533
2016-07-02,3.392067394532734
2016-07-03,3.3151886006487983
2016-07-04,3.42797653591999
2016-07-05,3.466941343801609
2016-07-06,3.446518359511446
2016-07-07,3.579468156043618
2016-07-08,3.668091678067552
2016-07-09,3.504828868836888
2016-07-10,3.560725174085684
2016-07-11,3.63103093841768
2016-07-12,3.568172488856426
2016-07-13,3.6096074186348757
2016-07-14,3.576858079357536
2016-07-15,3.384607544932417
2016-07-16,3.49844250622324
2016-07-17,3.4728657356487314
2016-07-18,3.5706181961552126
2016-07-19,3.590262055232512
2016-07-20,3.5968713064824454
2016-07-21,3.5737641358418086
2016-07-22,3.6099227804883998
2016-07-23,3.6218297346562527
2016-07-24,3.3697643217074758
2016-07-25,3.6724177493313914
2016-07-26,3.5733491355679097
2016-07-27,3.5231698139467644
2016-07-28,3.5915119257481187
2016-07-29,3.6700182523077256
2016-07-30,3.7374557020995227
2016-07-31,3.7196232943220804
2016-08-01,3.7441240877141913
2016-08-02,3.4965440944311155
2016-08-03,3.5953335248353624
2016-08-04,3.6681414774708876
2016-08-05,3.6244269731381644
2016-08-06,3.5149723950188325
2016-08-07,3.4792942075118343
2016-08-08,3.4010039404190064
2016-08-09,3.557492743447712
2016-08-10,3.555969781148615
2016-08-11,3.751020390706642
2016-08-12,3.731325053809586
2016-08-13,3.7169396176857212
2016-08-14,3.707152554215636
2016-08-15,3.5190164228752483
2016-08-16,3.461924747734949
2016-08-17,3.4867383242183787
2016-08-18,3.5936259906078063
2016-08-19,3.5775462243413276
2016-08-20,3.486060051657488
2016-08-21,3.474776407213466
2016-08-22,3.504314676777477
2016-08-23,3.469401390893024
2016-08-24,3.5213430376095642
2016-08-25,3.586797934175027
2016-08-26,3.5570773371254862
2016-08-27,3.482507246902172
2016-08-28,3.4961439542815826
2016-08-29,3.5050720992136655
2016-08-30,3.6333877103179955
2016-08-31,3.5931375004094153
2016-09-01,3.5018321563963317
2016-09-02,3.512425885670723
2016-09-03,3.469116316549481
2016-09-04,3.4837376836958334
2016-09-05,3.547362554070065
2016-09-06,3.4032140897366716
2016-09-07,3.458280858912997
2016-09-08,3.5988047537705734
2016-09-09,3.539658218541956
2016-09-10,3.3709528825781057
2016-09-11,3.453640531475899
2016-09-12,3.5126967949096772
2016-09-13,3.5642392832962435
2016-09-14,3.5736061379379955
2016-09-15,3.6300787033209603
2016-09-16,3.5053433732219332
2016-09-17,3.6303739657042327
2016-09-18,3.550070961099139
2016-09-19,3.6768054108717925
2016-09-20,3.607681115535143
2016-09-21,3.538900578126706
2016-09-22,3.5779089685903305
2016-09-23,3.630640028876535
2016-09-24,3.5914320349378865
2016-09-25,3.6464648715734924
2016-09-26,3.550202611666833
2016-09-27,3.5896922289727526
2016-09-28,3.5967900195841738
2016-09-29,3.524396873360449
2016-09-30,3.6158263409236615
2016-10-01,3.5242922179030454
2016-10-02,3.3426740903840897
2016-10-03,3.526763866771492
2016-10-04,3.5925858469856182
2016-10-05,3.5276586503042346
2016-10-06,3.4991774842247376
2016-10-07,3.6039652521575767
2016-10-08,3.698451655539281
2016-10-09,3.477397164915706
2016-10-10,3.511019272816667
2016-10-11,3.3362166364710935
2016-10-12,3.3982963229262553
2016-10-13,3.5453726023836816
2016-10-14,3.642992899137338
2016-10-15,3.584102716944909
2016-10-16,3.5660768992690457
2016-10-17,3.5211794005841175
2016-10-18,3.6267602305982916
2016-10-19,3.421245889290525
2016-10-20,3.400708978868229
2016-10-21,3.6890332956144065
2016-10-22,3.5652218649062433
2016-10-23,3.5730358271657354
2016-10-24,3.5775622451350846
2016-10-25,3.551059039580422
2016-10-26,3.4922918272542622
2016-10-27,3.4909367821243795
2016-10-28,3.539620930294592
2016-10-29,3.4800308282467376
2016-10-30,3.453903651239319
2016-10-31,3.538057839226196
2016-11-01,3.4301658151352026
2016-11-02,3.5305403093792243
2016-11-03,3.4108786151110855
2016-11-04,3.4660675635481346
2016-11-05,3.5440016553897506
2016-11-06,3.4697184198534416
2016-11-07,3.4228778046839126
2016-11-08,3.4643751850497004
2016-11-09,3.490534033162772
2016-11-10,3.482452667475652
2016-11-11,3.504201507564892
2016-11-12,3.4653174112104868
2016-11-13,3.5969493838105713
2016-11-14,3.5746392318610285
2016-11-15,3.5850966726621376
2016-11-16,3.5610192483646377
2016-11-17,3.642516105292549
2016-11-18,3.5929585869421827
2016-11-19,3.6432828441471723
2016-11-20,3.7259233322432315
2016-11-21,3.578730186984266
2016-11-22,3.513862391065222
2016-11-23,3.505739835701234
2016-11-24,3.507802588144283
2016-11-25,3.4767797428825644
2016-11-26,3.5416609271891857
2016-11-27,3.6725383826327187
2016-11-28,3.609157661143148
2016-11-29,3.5625175683730523
2016-11-30,3.4556870072294923
2016-12-01,3.575816785030763
2016-12-02,3.6552928436677004
2016-12-03,3.472823146365503
2016-12-04,3.647154240559936
2016-12-05,3.539772140161198
2016-12-06,3.660387021439926
2016-12-07,3.6939191846848263
2016-12-08,3.5229267894369682
2016-12-09,3.7010135509390567
2016-12-10,3.678235654098979
2016-12-11,3.64793157027173
2016-12-12,3.6913587937478174
2016-12-13,3.671125555765596
2016-12-14,3.5841951038158992
2016-12-15,3.669943764239662
2016-12-16,3.604400150345503
2016-12-17,3.6640539679385657
2016-12-18,3.660117296739501
2016-12-19,3.624185102751155
2016-12-20,3.6436160028409463
2016-12-21,3.7166738790907754
2016-12-22,3.5533594126363592
2016-12-23,3.5476309240280326
2016-12-24,3.481061906914688
2016-12-25,3.467313834692653
2016-12-26,3.4604174111663952
2016-12-27,3.503621956323883
2016-12-28,3.44032216203768
2016-12-29,3.65760115862841
2016-12-30,3.5780445143520248
2016-12-31,3.514737155347038
2017-01-01,3.6354909242213456
2017-01-02,3.3667552782184567
2017-01-03,3.5177430423759066
2017-01-04,3.5073399455376646
2017-01-05,3.566684029487744
2017-01-06,3.574759557133068
2017-01-07,3.4819280268906474
2017-01-08,3.379245276295929
2017-01-09,3.5464061404417433
2017-01-10,3.5546141348343414
2017-01-11,3.553610479295624
2017-01-12,3.5152120365402735
2017-01-13,3.5492324762901335
2017-01-14,3.4971461180416585
2017-01-15,3.5700543318039526
2017-01-16,3.609563118767111
2017-01-17,3.602297880738668
2017-01-18,3.5802296696636366
2017-01-19,3.648145274722305
2017-01-20,3.5850922003008905
2017-01-21,3.3885242731768725
2017-01-22,3.4258315899503167
2017-01-23,3.571584993585384
2017-01-24,3.5281054617557523
2017-01-25,3.533702682115033
2017-01-26,3.5639512244949683
2017-01-27,3.626646221016302
2017-01-28,3.6147985159446674
2017-01-29,3.7041423879825244
2017-01-30,3.6448339654991377
2017-01-31,3.568260191415922
2017-02-01,3.676133912123331
2017-02-02,3.626530274016245
2017-02-03,3.6938876793633075
2017-02-04,3.5868737743189194
2017-02-05,3.6504326234709685
2017-02-06,3.4725224899981644
2017-02-07,3.5842499270293184
2017-02-08,3.533304296252184
2017-02-09,3.4897423090785225
2017-02-10,3.563555366594864
2017-02-11,3.4199677890452778
2017-02-12,3.5872315845232046
2017-02-13,3.6341075821952202
2017-02-14,3.5925317300916983
2017-02-15,3.508100621580933
2017-02-16,3.4887775578225524
2017-02-17,3.5321119653066693
2017-02-18,3.612873299083588
2017-02-19,3.454117686904566
2017-02-20,3.539493241930026
2017-02-21,3.534041493659124
2017-02-22,3.636431886403936
2017-02-23,3.626147196365291
2017-02-24,3.6364599044342927
2017-02-25,3.6166245842528446
2017-02-26,3.490381669455801
2017-02-27,3.535031965300956
2017-02-28,3.6769044556089256
2017-03-01,3.489111444995271
2017-03-02,3.523819784925793
2017-03-03,3.5681105264724833
2017-03-04,3.6563778935871
2017-03-05,3.5660681115950608
2017-03-06,3.527850247270075
2017-03-07,3.6408258096603454
2017-03-08,3.683687550840117
2017-03-09,3.569405070729993
2017-03-10,3.613274411341841
2017-03-11,3.5807307304133618
2017-03-12,3.6812466257175873
2017-03-13,3.7518405549413263
2017-03-14,3.7480172965913705
2017-03-15,3.70418656441737
2017-03-16,3.654224324797158
2017-03-17,3.603093973661725
2017-03-18,3.608885983120439
2017-03-19,3.546437373283805
2017-03-20,3.6218860475043213
2017-03-21,3.6910244015761156
2017-03-22,3.62461887837238
2017-03-23,3.601923469206983
2017-03-24,3.615527363664664
2017-03-25,3.40727140774954
2017-03-26,3.690263790418021
2017-03-27,3.4161514855968163
2017-03-28,3.362753021845231
2017-03-29,3.433365062439954
2017-03-30,3.5572018292676324
2017-03-31,3.606755281404177
2017-04-01,3.506509168821808
2017-04-02,3.5027822875496395
2017-04-03,3.60059055125587
2017-04-04,3.6381163942512575
2017-04-05,3.565384923408524
2017-04-06,3.6875653376652564
2017-04-07,3.570669096082013
2017-04-08,3.4942536351929196
2017-04-09,3.5939923691746385
2017-04-10,3.551276261964593
2017-04-11,3.6026806817228203
2017-04-12,3.5641617842219664
2017-04-13,3.4421950510973653
2017-04-14,3.3893515117659123
2017-04-15,3.419152799998738
2017-04-16,3.474767680887451
2017-04-17,3.4510818734002875
2017-04-18,3.5005253388973974
2017-04-19,3.484657667414646
2017-04-20,3.5065865992739282
2017-04-21,3.520806332793656
2017-04-22,3.6966084858918697
2017-04-23,3.512614864880627
2017-04-24,3.5446964973790727
2017-04-25,3.5258392190959507
2017-04-26,3.5313521671963675
2017-04-27,3.4137931108807136
2017-04-28,3.542991665294966
2017-04-29,3.3731783507783786
2017-04-30,3.298600515659957
2017-05-01,3.5426926529385576
2017-05-02,3.4759743659851825
2017-05-03,3.550175784783677
2017-05-04,3.525132245043875
2017-05-05,3.4757765232150746
2017-05-06,3.4062090357858295
2017-05-07,3.48381744317596
2017-05-08,3.5084125070865912
2017-05-09,3.6245859862890986
2017-05-10,3.6526242729867313
2017-05-11,3.640237163151484
2017-05-12,3.599324033376706
2017-05-13,3.5448741792332714
2017-05-14,3.3831433423557677
2017-05-15,3.568376590168767
2017-05-16,3.6433655310109274
2017-05-17,3.503097724955811
2017-05-18,3.501991599262645
2017-05-19,3.541168180536904
2017-05-20,3.464449536375241
2017-05-21,3.4807678879612167
2017-05-22,3.6398011939154293
2017-05-23,3.449513260075107
2017-05-24,3.527970234054739
2017-05-25,3.4200762600985546
2017-05-26,3.492794307841261
2017-05-27,3.5228872689202047
2017-05-28,3.574912654050371
2017-05-29,3.5147334043443066
2017-05-30,3.5483297550300663
2017-05-31,3.389515906504175
2017-06-01,3.5574813748135647
2017-06-02,3.609195171004224
2017-06-03,3.621249860970411
2017-06-04,3.6119345480459124
2017-06-05,3.54051730874077
2017-06-06,3.3399003194749644
2017-06-07,3.499612713440589
2017-06-08,3.567389592067172
2017-06-09,3.4213501227455727
2017-06-10,3.6019452421360647
2017-06-11,3.528104435238469
2017-06-12,3.640537325074286
2017-06-13,3.666233427615538
2017-06-14,3.6434472541567082
2017-06-15,3.533446818459015
2017-06-16,3.3732776817640144
2017-06-17,3.49139825942486
2017-06-18,3.607544005182282
2017-06-19,3.4643194618847897
2017-06-20,3.601356507997291
2017-06-21,3.55297646452995
2017-06-22,3.3487228841916874
2017-06-23,3.4410508180693213
2017-06-24,3.302044069368981
2017-06-25,3.429919772571176
2017-06-26,3.6997305277579637
2017-06-27,3.5014522559943004
2017-06-28,3.437579409825617
2017-06-29,3.492346639391712
2017-06-30,3.581613215402119
2017-07-01,3.586375364907217
2017-07-02,3.713408002130579
2017-07-03,3.6420360624440695
2017-07-04,3.6735807723394838
2017-07-05,3.6649405794612266
2017-07-06,3.615197621856232
2017-07-07,3.565419081124216
2017-07-08,3.5542476820097493
2017-07-09,3.430992069286439
2017-07-10,3.545926101930947
2017-07-11,3.532633566114075
2017-07-12,3.5790176535527283
2017-07-13,3.5634208918184647
2017-07-14,3.423129168229422
2017-07-15,3.643590965462064
2017-07-16,3.6331198753826697
2017-07-17,3.5731947499416323
2017-07-18,3.4808773166925966
2017-07-19,3.674687142647219
2017-07-20,3.6770792613093994
2017-07-21,3.6471568449191483
2017-07-22,3.5626622561656007
2017-07-23,3.627477851338834
2017-07-24,3.5456334467527872
2017-07-25,3.629943084317126
2017-07-26,3.6462625522908514
2017-07-27,3.4860209882471427
2017-07-28,3.571478158615654
2017-07-29,3.525079754010748
2017-07-30,3.491652348588908
2017-07-31,3.5492895027766425
2017-08-01,3.6240961377858185
2017-08-02,3.653087135614811
2017-08-03,3.5979151314004914
2017-08-04,3.649675966572979
2017-08-05,3.5146936778871423
2017-08-06,3.636674257949996
2017-08-07,3.608677245580764
2017-08-08,3.6142782334774166
2017-08-09,3.5189416950366503
2017-08-10,3.6561814715931003
2017-08-11,3.6493523825297607
2017-08-12,3.6312001912147607
2017-08-13,3.5522112632505185
2017-08-14,3.449919485308876
2017-08-15,3.5830396863525733
2017-08-16,3.6150283465501816
2017-08-17,3.5682298954463114
2017-08-18,3.6666720843658136
2017-08-19,3.4647544533367824
2017-08-20,3.1829090416692103
2017-08-21,3.2777711922367745
2017-08-22,3.4258318280234716
2017-08-23,3.550625987833148
2017-08-24,3.656250014371845
2017-08-25,3.6189963339084383
2017-08-26,3.439597538822704
2017-08-27,3.378779654084209
2017-08-28,3.4041875138730737
2017-08-29,2.7657441218718413
2017-08-30,3.7847556969915166
2017-08-31,3.5715548162199915
2017-09-01,3.573302808759572
2017-09-02,3.499870848940217
2017-09-03,3.6281634276204104
2017-09-04,3.7258682720466867
2017-09-05,3.555312237686393
2017-09-06,3.602783781487167
2017-09-07,3.5206960621025574
2017-09-08,3.671878152946623
2017-09-09,3.588795278051114
2017-09-10,3.6233225522464223
2017-09-11,3.6156877341764484
2017-09-12,3.493500948635746
2017-09-13,3.514922078481701
2017-09-14,3.6140368007148482
2017-09-15,3.5984360440336935
2017-09-16,3.5565767674088953
2017-09-17,3.4525399022029237
2017-09-18,3.6131421169093363
2017-09-19,3.4871786748373292
2017-09-20,3.501394184887608
2017-09-21,3.4952910432755058
2017-09-22,3.5489597132611994
2017-09-23,3.6403247142747794
2017-09-24,3.324817019409706
2017-09-25,3.490409052277657
2017-09-26,3.367568592600426
2017-09-27,3.4315561807827692
2017-09-28,3.3518548724243264
2017-09-29,3.5241518851114124
2017-09-30,3.472732836799266
2017-10-01,3.5353491781281616
2017-10-02,3.6340354028656257
2017-10-03,3.6738852538597935
2017-10-04,3.6138846344595246
2017-10-05,3.730106786598862
2017-10-06,3.573692362943788
2017-10-07,3.6582864125447685
2017-10-08,3.3922887794163055
2017-10-09,3.446182122002753
2017-10-10,3.511648182536089
2017-10-11,3.5344824916444924
2017-10-12,3.504071991092192
2017-10-13,3.6398281510190214
2017-10-14,3.360071448848833
2017-10-15,3.554267635245938
2017-10-16,3.5915568588987172
2017-10-17,3.737716079316346
2017-10-18,3.5747941034008726
2017-10-19,3.636502433873721
2017-10-20,3.571126561784116
2017-10-21,3.566296797913462
2017-10-22,3.469170942552678
2017-10-23,3.54414125259749
2017-10-24,3.59213046292053
2017-10-25,3.6008909815922197
2017-10-26,3.625829141000144
2017-10-27,3.4861472389448043
2017-10-28,3.54846273124001
2017-10-29,3.508373709362821
2017-10-30,3.588334614729296
2017-10-31,3.513649388770517
2017-11-01,3.6440078073171183
2017-11-02,3.5862871204065927
2017-11-03,3.6944820837763794
2017-11-04,3.519854375545144
2017-11-05,3.6353826720215854
2017-11-06,3.5059851731465517
2017-11-07,3.6292935832670032
2017-11-08,3.617847694007578
2017-11-09,3.646972623444661
2017-11-10,3.5826980728359077
2017-11-11,3.4621562647371853
2017-11-12,3.521222078755458
2017-11-13,3.665693118732023
2017-11-14,3.6718235340038556
2017-11-15,3.548093432563189
2017-11-16,3.5227674824554858
2017-11-17,3.4412055382342412
2017-11-18,3.4308087352972896
2017-11-19,3.560621796601166
2017-11-20,3.3909846847286547
2017-11-21,3.514986636678658
2017-11-22,3.615779573491685
2017-11-23,3.5428733176286835
2017-11-24,3.5829490254614624
2017-11-25,3.55009947151907
2017-11-26,3.432197968450135
2017-11-27,3.5421477411426783
2017-11-28,3.644859022687867
2017-11-29,3.601576507068367
2017-11-30,3.5632870350258443
2017-12-01,3.6728618848121624
2017-12-02,3.5776855449994325
2017-12-03,3.470940759183107
2017-12-04,3.471635866405108
2017-12-05,3.6313409405737893
2017-12-06,3.6044764335306456
2017-12-07,3.6456976758709962
2017-12-08,3.6587140003923047
2017-12-09,3.5688187953748374
2017-12-10,3.492547611394024
2017-12-11,3.685552841817528
2017-12-12,3.6430364922189193
2017-12-13,3.5617962889234276
2017-12-14,3.651189543809367
2017-12-15,3.5949761307649273
2017-12-16,3.5996712394498256
2017-12-17,3.490761446875886
2017-12-18,3.5971988150549072
2017-12-19,3.599837821962678
2017-12-20,3.600738248985541
2017-12-21,3.6050513499181216
2017-12-22,3.638254715792421
2017-12-23,3.5760971186265325
2017-12-24,3.2830765592632685
2017-12-25,3.559063250697215
2017-12-26,3.553176244648848
2017-12-27,3.6123420103065387
2017-12-28,3.7518845876985196
2017-12-29,3.4732542003954228
2017-12-30,3.5893516110187207
2017-12-31,3.5527028094208126
2018-01-01,3.6889509236498355
2018-01-02,3.5222110825968342
2018-01-03,3.7136617604181645
2018-01-04,3.5984820084298326
2018-01-05,3.6012174067272853
2018-01-06,3.6628927735276813
2018-01-07,3.504410446527092
2018-01-08,3.6087412499397034
2018-01-09,3.627618072661754
2018-01-10,3.4752330431520297
2018-01-11,3.5252333307153227
2018-01-12,3.4670252678780473
2018-01-13,3.4526458920606706
2018-01-14,3.581732528565187
2018-01-15,3.4349222623522366
2018-01-16,3.477202147786537
2018-01-17,3.5286974722779703
2018-01-18,3.726375287658405
2018-01-19,3.6283595741696275
2018-01-20,3.54250873576784
2018-01-21,3.5101818931194178
2018-01-22,3.4169596233358943
2018-01-23,3.517234146745138
2018-01-24,3.388477703122997
2018-01-25,3.523460947539954
2018-01-26,3.5801425931446182
2018-01-27,3.5374548089839974
2018-01-28,3.4010037492152114
2018-01-29,3.67020222550381
2018-01-30,3.6902597792583585
2018-01-31,3.6615349411238562
2018-02-01,3.570285081748539
2018-02-02,3.482174901269866
2018-02-03,3.5111439359302183
2018-02-04,3.512750357996177
2018-02-05,3.6754677908315414
2018-02-06,3.6117201289943828
2018-02-07,3.5100371095328162
2018-02-08,3.507576148487947
2018-02-09,3.5608414560419006
2018-02-10,3.5610935811666247
2018-02-11,3.544345449546407
2018-02-12,3.414901871456597
2018-02-13,3.4406378451549027
2018-02-14,3.5285104767604634
2018-02-15,3.446600639031917
2018-02-16,3.6846736492462395
2018-02-17,3.499074462224001
2018-02-18,3.5730981996148854
2018-02-19,3.5158698403055944
2018-02-20,3.551890893777769
2018-02-21,3.4581230465901918
2018-02-22,3.6281152666636016
2018-02-23,3.689341902219093
2018-02-24,3.6741305768614394
2018-02-25,3.638927875499757
2018-02-26,3.6859221897049848
2018-02-27,3.6820809493066946
2018-02-28,3.56683234780068
2018-03-01,3.5976678891158858
2018-03-02,3.635470938872105
2018-03-03,3.6479732591831966
2018-03-04,3.4381489627407307
2018-03-05,3.5326343395666653
2018-03-06,3.637337888868939
2018-03-07,3.4011182781826563
2018-03-08,3.554264793455266
2018-03-09,3.534106482286199
2018-03-10,3.555836373330455
2018-03-11,3.474498980750585
2018-03-12,3.644894703437202
2018-03-13,3.4259857945455217
2018-03-14,3.450109238004062
2018-03-15,3.4845565093132107
2018-03-16,3.6161980795037407
2018-03-17,3.3668452086868985
2018-03-18,3.272887062923758
2018-03-19,3.4485425591434664
2018-03-20,3.599028705891078
2018-03-21,3.431249408664978
2018-03-22,3.521667820522136
2018-03-23,3.612678676009041
2018-03-24,3.373005478390869
2018-03-25,3.4143582615459755
2018-03-26,3.637172366106504
2018-03-27,3.5395847125805977
2018-03-28,3.547091313315935
2018-03-29,3.477290938489758
2018-03-30,3.450509924672866
2018-03-31,3.5127147442151903
2018-04-01,3.6313837466466237
2018-04-02,3.599563633473937
2018-04-03,3.604995068053333
2018-04-04,3.5874285051806543
2018-04-05,3.6144492816418334
2018-04-06,3.584259779414328
2018-04-07,3.0349115153724897
2018-04-08,3.5004979611223237
2018-04-09,3.552774904098534
2018-04-10,3.525088725341692
2018-04-11,3.4269140324103344
2018-04-12,3.5704998604226974
2018-04-13,3.5865504069340535
2018-04-14,3.463300200642739
2018-04-15,3.4443834124232087
2018-04-16,3.532498252185172
2018-04-17,3.6361740242819893
2018-04-18,3.5207713913984326
2018-04-19,3.5280283844107854
2018-04-20,3.6037121553886724
2018-04-21,3.6072581427634676
2018-04-22,3.5529510569923177
2018-04-23,3.4556980541558713
2018-04-24,3.5519313483462307
2018-04-25,3.4810955255193528
2018-04-26,3.6358816166449737
2018-04-27,3.5630836796922627
2018-04-28,3.676275676226143
2018-04-29,3.672432145329988
2018-04-30,3.5209010438880477
2018-05-01,3.556184518618794
2018-05-02,3.683914939939185
2018-05-03,3.675324904583041
2018-05-04,3.6124901447298985
2018-05-05,3.58388508853476
2018-05-06,3.6446735316951333
2018-05-07,3.4710698346699593
2018-05-08,3.4582147540342705
2018-05-09,3.4578363135025834
2018-05-10,3.3365211043447074
2018-05-11,3.490902760453263
2018-05-12,3.5244146968088192
2018-05-13,3.3135144616843637
2018-05-14,3.5255685535065533
2018-05-15,3.5112735663036014
2018-05-16,3.603455221075275
2018-05-17,3.579556359321823
2018-05-18,3.5298082336565404
2018-05-19,3.5020859144013334
2018-05-20,3.557549406074269
2018-05-21,3.562618572478434
2018-05-22,3.5119146622429955
2018-05-23,3.5078256226991367
2018-05-24,3.4577598465826584
2018-05-25,3.4819207622296013
2018-05-26,3.530220378526622
2018-05-27,3.459013269888576
2018-05-28,3.524859779214681
2018-05-29,3.549545895922171
2018-05-30,3.5326659907660147
2018-05-31,3.5546222203467464
2018-06-01,3.5446638172291216
2018-06-02,3.5665780359298904
2018-06-03,3.4784138532113187
2018-06-04,3.5806363874444673
2018-06-05,3.711323180524699
2018-06-06,3.568547842227941
2018-06-07,3.5156337293773863
2018-06-08,3.561922485875597
2018-06-09,3.586927244842261
2018-06-10,3.4642647564162345
2018-06-11,3.403673956156075
2018-06-12,3.6213585284261147
2018-06-13,3.462003363702426
2018-06-14,3.564457577039158
2018-06-15,3.5178872406214365
2018-06-16,3.4080492331018712
2018-06-17,3.3977127414674047
2018-06-18,3.588284685455863
2018-06-19,3.6456425039268368
2018-06-20,3.5025682022517053
2018-06-21,3.426475380952983
2018-06-22,3.2133337423702244
2018-06-23,3.030890696265745
2018-06-24,3.2555291344969914
2018-06-25,3.4363237814854664
2018-06-26,3.286874770896888
2018-06-27,3.4028398526073302
2018-06-28,3.3312082829869056
2018-06-29,3.497128535604247
2018-06-30,3.199159908782886
2018-07-01,3.187856854510778
2018-07-02,3.317594519899195
2018-07-03,3.3559212843532147
2018-07-04,3.520745216698394
2018-07-05,3.6053018439439417
2018-07-06,3.619757455150143
2018-07-07,3.4912414786017516
2018-07-08,3.5258906113490873
2018-07-09,3.5013744274849916
2018-07-10,3.575973392259758
2018-07-11,3.580140312720979
2018-07-12,3.656057126029734
2018-07-13,3.5659141295413814
2018-07-14,3.175615530039477
2018-07-15,3.075103161522188
2018-07-16,3.430390507095408
2018-07-17,3.433020896754622
2018-07-18,3.4057624221174776
2018-07-19,3.406527736343876
2018-07-20,3.4077019075479784
2018-07-21,3.566944081499957
2018-07-22,3.4690215503767394
2018-07-23,3.5156170273941374
2018-07-24,3.4812109160293794
2018-07-25,3.530672377458967
2018-07-26,3.6671282484978205
2018-07-27,3.6199036096532025
2018-07-28,3.531563155429113
2018-07-29,3.350816509797551
2018-07-30,3.6346255420615052
2018-07-31,3.5207691695928767
2018-08-01,3.6649753925873094
2018-08-02,3.5158511813800892
2018-08-03,3.553061528185127
2018-08-04,3.571831062578573
2018-08-05,3.585004439796096
2018-08-06,3.6250111934898754
2018-08-07,3.6691585422916706
2018-08-08,3.5774574599086204
2018-08-09,3.5555627982481823
2018-08-10,3.661253661500266
2018-08-11,3.483498758403198
2018-08-12,3.5756511375027995
2018-08-13,3.571250753204671
2018-08-14,3.5853991649716455
2018-08-15,3.529793823687577
2018-08-16,3.5108202384842757
2018-08-17,3.4617245155674294
2018-08-18,3.4915204734701693
2018-08-19,3.525065311306104
2018-08-20,3.6795980832033184
2018-08-21,3.5631268466219446
2018-08-22,3.650224811044409
2018-08-23,3.7720381402690184
2018-08-24,3.662593601918203
2018-08-25,3.2144710793542575
2018-08-26,3.5316696444912363
2018-08-27,3.708518482493866
2018-08-28,3.7476691409254936
2018-08-29,3.679813085151151
2018-08-30,3.677539106642997
2018-08-31,3.72033639788526
2018-09-01,3.661272522677739
2018-09-02,3.6944616776382366
2018-09-03,3.5989966263432493
2018-09-04,3.568682654405091
2018-09-05,3.5633286777611035
2018-09-06,3.411318580605679
2018-09-07,3.4886110760248394
2018-09-08,3.6440311600657074
2018-09-09,3.4778347918368606
2018-09-10,3.6656929926179473
2018-09-11,3.56100027026557
2018-09-12,3.6102010170996546
2018-09-13,3.494038341181699
2018-09-14,3.5383578995409652
2018-09-15,3.504996935228694
2018-09-16,3.5064691123716596
2018-09-17,3.608429409313123
2018-09-18,3.5985369226561956
2018-09-19,3.6489405921624796
2018-09-20,3.5978352660948754
2018-09-21,3.522928762973497
2018-09-22,3.5277595273292492
2018-09-23,3.7304573610153087
2018-09-24,3.5124686421085713
2018-09-25,3.5204127746805
2018-09-26,3.4168170047683932
2018-09-27,3.6345882731619623
2018-09-28,3.731055472622482
2018-09-29,3.704980957688547
2018-09-30,3.27486694317743
2018-10-01,3.5544793931008245
2018-10-02,3.5571570685795386
2018-10-03,3.5921957599588397
2018-10-04,3.4734628792584545
2018-10-05,3.5698343815749474
2018-10-06,3.521487326830118
2018-10-07,3.118382794362835
2018-10-08,3.4631461399729546
2018-10-09,3.511236777762331
2018-10-10,3.5350513013570652
2018-10-11,3.400333496856891
2018-10-12,3.5041816541234128
2018-10-13,3.3031324297853506
2018-10-14,3.2302863988765944
2018-10-15,3.3617364509591448
2018-10-16,3.4434357604136494
2018-10-17,3.4869741685443074
2018-10-18,3.4299197385980538
2018-10-19,3.5673833281579226
2018-10-20,3.5801956225778087
2018-10-21,3.4036251362130154
2018-10-22,3.5935103447136156
2018-10-23,3.359237014798973
2018-10-24,3.3777194104800228
2018-10-25,3.4044987504626416
2018-10-26,3.503469952457124
2018-10-27,3.4606186456143204
2018-10-28,3.514467274346073
2018-10-29,3.3509313797323173
2018-10-30,3.531959306633557
2018-10-31,3.517678799947978
2018-11-01,3.6120552329409397
2018-11-02,3.581767481281145
2018-11-03,3.5931616215336
2018-11-04,3.5400025064059686
2018-11-05,3.5586302058753865
2018-11-06,3.516115968318498
2018-11-07,3.4866316134382087
2018-11-08,3.5944227294718005
2018-11-09,3.5362291945046502
2018-11-10,3.449449005736433
2018-11-11,3.562760248478062
2018-11-12,3.642343919514398
2018-11-13,3.6159826213821185
2018-11-14,3.621841178156988
2018-11-15,3.551386124422187
2018-11-16,3.5695143340069793
2018-11-17,3.643458790847278
2018-11-18,3.464981584229648
2018-11-19,3.4810067577249404
2018-11-20,3.606308817147828
2018-11-21,3.530941413944657
2018-11-22,3.533556548824668
2018-11-23,3.4968264980758805
2018-11-24,3.4667179516688953
2018-11-25,3.617054298805926
2018-11-26,3.599727229733686
2018-11-27,3.4150486478325464
2018-11-28,3.5899529618099395
2018-11-29,3.5355235289766314
2018-11-30,3.489500904547084
2018-12-01,3.571499210965475
2018-12-02,3.6235986232457194
2018-12-03,3.6166758071029634
2018-12-04,3.5518701987744645
2018-12-05,3.627938909342293
2018-12-06,3.479748140423096
2018-12-07,3.5602808656603906
2018-12-08,3.6793308233778563
2018-12-09,3.592566913265809
2018-12-10,3.468087686387772
2018-12-11,3.2145910259244395
2018-12-12,3.3424265173564036
2018-12-13,3.475378166122988
2018-12-14,3.5479470083868674
2018-12-15,3.5343735937791596
2018-12-16,3.6771274677516805
2018-12-17,3.615139127392376
2018-12-18,3.5217154519712373
2018-12-19,3.6086552651837955
2018-12-20,3.569563767665109
2018-12-21,3.6559242697224494
2018-12-22,3.3337117677543753
2018-12-23,3.3157832455263048
2018-12-24,3.4056759319859804
2018-12-25,3.2614200496243893
2018-12-26,3.340896300819922
2018-12-27,3.5594656806128215
2018-12-28,3.5842774273489724
2018-12-29,3.74085647112057
2018-12-30,3.7139663153409592
2018-12-31,3.7313522014977387
2019-01-01,3.7505619397830796
2019-01-02,3.5277925288360894
2019-01-03,3.564263257055271
2019-01-04,3.6023073111805393
2019-01-05,3.552986897965956
2019-01-06,3.7100898440370877
2019-01-07,3.621286072479599
2019-01-08,3.6964738071448315
2019-01-09,3.6900930164483454
2019-01-10,3.703337301672795
2019-01-11,3.4897215858740895
2019-01-12,3.539326079448999
2019-01-13,3.4913922206552472
2019-01-14,3.537418338891209
2019-01-15,3.563876993404767
2019-01-16,3.562357893266487
2019-01-17,3.625519255189656
2019-01-18,3.4673839213598714
2019-01-19,3.491539783842088
2019-01-20,3.3672035839295216
2019-01-21,3.409709708882627
2019-01-22,3.4896764665606943
2019-01-23,3.453236105230098
2019-01-24,3.4378115705397763
2019-01-25,3.6078360825401856
2019-01-26,3.4851099122221556
2019-01-27,3.572807057443227
2019-01-28,3.6000848496840945
2019-01-29,3.591085630854859
2019-01-30,3.488933989865436
2019-01-31,3.59187095998796
2019-02-01,3.540634191076266
2019-02-02,3.5759209478472673
2019-02-03,3.406499589252656
2019-02-04,3.4066261080365963
2019-02-05,3.3667796028264347
2019-02-06,3.6600114001047523
2019-02-07,3.503272764420012
2019-02-08,3.502664616208411
2019-02-09,3.4468224334456976
2019-02-10,3.646408034944156
2019-02-11,3.6182622223717793
2019-02-12,3.507656829105998
2019-02-13,3.539494326499154
2019-02-14,3.571697268001041
2019-02-15,3.5235679826280464
2019-02-16,3.497439300003148
2019-02-17,3.501779083464847
2019-02-18,3.5570745515334465
2019-02-19,3.5336740799010737
2019-02-20,3.535670336918137
2019-02-21,3.5374172857164488
2019-02-22,3.488780443020439
2019-02-23,3.5728097987543253
2019-02-24,3.326952320563801
2019-02-25,3.42428714475522
2019-02-26,3.4792752200522763
2019-02-27,3.4602756632800142
2019-02-28,3.5842380611635543
2019-03-01,3.486798664001791
2019-03-02,3.494916404320838
2019-03-03,3.449818750297891
2019-03-04,3.5618594000804293
2019-03-05,3.614940415119897
2019-03-06,3.5709096649788745
2019-03-07,3.544968359762958
2019-03-08,3.60068587623702
2019-03-09,3.434720521610749
2019-03-10,3.5034861830974053
2019-03-11,3.4970267616892716
2019-03-12,3.5454992045505604
2019-03-13,3.65194551490899
2019-03-14,3.425335777846726
2019-03-15,3.4659288205949337
2019-03-16,3.5027587141068244
2019-03-17,3.4823249976361206
2019-03-18,3.6926382194621903
2019-03-19,3.6249053490405894
2019-03-20,3.677450430966223
2019-03-21,3.69779222048044
2019-03-22,3.7106625238067292
2019-03-23,3.5531032037743557
2019-03-24,3.4540693234419195
2019-03-25,3.5354746165821096
2019-03-26,3.629976569446956
2019-03-27,3.5477846284257657
2019-03-28,3.5843053291260842
2019-03-29,3.611796136611319
2019-03-30,3.6651926016435175
2019-03-31,3.2757483194667127
2019-04-01,3.498977828908555
2019-04-02,3.5480309864146715
2019-04-03,3.3415768747250545
2019-04-04,3.494182696812577
2019-04-05,3.51514902012636
2019-04-06,3.6471949271299824
2019-04-07,3.6186254925507964
2019-04-08,3.479343839786113
2019-04-09,3.4804363006760326
2019-04-10,3.4128456789912014
2019-04-11,3.3814875870063985
2019-04-12,3.505769769204684
2019-04-13,3.5212434270202446
2019-04-14,3.4005560716273604
2019-04-15,3.494338208397504
2019-04-16,3.6140238931727424
2019-04-17,3.4396389168732053
2019-04-18,3.4868493447199587
2019-04-19,3.5357573211025737
2019-04-20,3.4992757700426305
2019-04-21,3.466759481880046
2019-04-22,3.645400538898874
2019-04-23,3.6412847866791966
2019-04-24,3.426733282146618
2019-04-25,3.5235858246809877
2019-04-26,3.5183265276125804
2019-04-27,3.5605305525573727
2019-04-28,3.3116185078359157
2019-04-29,3.556632843398975
2019-04-30,3.618957196724021
2019-05-01,3.557414986438245
2019-05-02,3.3572312037821295
2019-05-03,3.398376351104642
2019-05-04,3.4376801826100705
2019-05-05,3.425290764208473
2019-05-06,3.4720683612608556
2019-05-07,3.5512160099620544
2019-05-08,3.4121839345381315
2019-05-09,3.3052958915790964
2019-05-10,3.5643012782263237
2019-05-11,3.3201919864010025
2019-05-12,3.179928501118688
2019-05-13,3.4298437482781803
2019-05-14,3.5303185589631614
2019-05-15,3.623421405741621
2019-05-16,3.6176858647427497
2019-05-17,3.4130888542711832
2019-05-18,3.5401817070950123
2019-05-19,3.3939560900132353
2019-05-20,3.557299105354532
2019-05-21,3.4893594302859112
2019-05-22,3.6796410822276497
2019-05-23,3.480759449689838
2019-05-24,3.5681191046193703
2019-05-25,3.483976468513703
2019-05-26,3.4985975696992417
2019-05-27,3.4369523447916395
2019-05-28,3.470511133951301
2019-05-29,3.4801021544555946
2019-05-30,3.4752150153260475
2019-05-31,3.4981323267531907
2019-06-01,3.33325558351084
2019-06-02,3.350131533578456
2019-06-03,3.3448468024082243
2019-06-04,3.4350287014469782
2019-06-05,3.5785979637357785
2019-06-06,3.4305852049626324
2019-06-07,3.525697513143843
2019-06-08,3.4036329653073034
2019-06-09,3.57898071958661
2019-06-10,3.39771220830533
2019-06-11,3.3345987529878
2019-06-12,3.541668187824947
2019-06-13,3.2327356515359735
2019-06-14,3.354283867226951
2019-06-15,3.5254173237092328
2019-06-16,3.499585483867887
2019-06-17,3.5514765114340916
2019-06-18,3.424053290162171
2019-06-19,3.516491438884908
2019-06-20,3.4585628258406493
2019-06-21,3.457306046682709
2019-06-22,3.513990323103486
2019-06-23,3.4429138155174295
2019-06-24,3.508582017714893
2019-06-25,3.6515869896425848
2019-06-26,3.5991880408502523
2019-06-27,3.4681168305781918
2019-06-28,3.4116914616833185
2019-06-29,3.421703646391082
2019-06-30,3.2455016656836326
2019-07-01,3.5881621459065123
2019-07-02,3.6401804093662786
2019-07-03,3.4663272878813345
2019-07-04,3.5398014809738334
2019-07-05,3.5634263757033406
2019-07-06,3.370703521634882
2019-07-07,3.4921570072728936
2019-07-08,3.485687784844823
2019-07-09,3.5489423689955206
2019-07-10,3.4245444051698555
2019-07-11,3.466311326171067
2019-07-12,3.5003021630284907
2019-07-13,3.592895774531008
2019-07-14,3.5037067005696665
2019-07-15,3.5950883361359045
2019-07-16,3.560239345391531
2019-07-17,3.543629734380511
2019-07-18,3.5310930130504516
2019-07-19,3.6270609412655763
2019-07-20,3.4799547242791635
2019-07-21,3.4779753302682526
2019-07-22,3.623108278255194
2019-07-23,3.462587083593296
2019-07-24,3.46120617550168
2019-07-25,3.463041742648796
2019-07-26,3.5698422566097694
2019-07-27,3.4957069324501484
2019-07-28,3.5044630330350985
2019-07-29,3.5054083889413588
2019-07-30,3.6189363625587587
2019-07-31,3.565194979935236
2019-08-01,3.558206021346792
2019-08-02,3.594062526936936
2019-08-03,3.7022672610541347
2019-08-04,3.6441309480800843
2019-08-05,3.5967883054620713
2019-08-06,3.5987105708239358
2019-08-07,3.7215628351097467
2019-08-08,3.5943851205134023
2019-08-09,3.5844699117230974
2019-08-10,3.2895001602858143
2019-08-11,3.335250922018629
2019-08-12,3.4681599648681884
2019-08-13,3.3555800473531012
2019-08-14,3.4845466028635252
2019-08-15,3.4623564766941253
2019-08-16,3.3306296308924663
2019-08-17,3.275721357746507
2019-08-18,3.452521422506281
2019-08-19,3.548611270201629
2019-08-20,3.4688576540366007
2019-08-21,3.600953638424499
2019-08-22,3.5150259133552684
2019-08-23,3.4459988408431874
2019-08-24,3.3777604887407198
2019-08-25,3.430121632941559
2019-08-26,3.5169990701112575
2019-08-27,3.525881086238256
2019-08-28,3.6271402605764402
2019-08-29,3.5898448526044424
2019-08-30,3.5331498907468633
2019-08-31,3.519102496094245
2019-09-01,3.536166148241031
2019-09-02,3.5001032100572465
2019-09-03,3.334404849167228
2019-09-04,3.544809797080139
2019-09-05,3.5681816659590395
2019-09-06,3.5370289985033985
2019-09-07,3.5760680603924526
2019-09-08,3.6008048370661907
2019-09-09,3.584872983856692
2019-09-10,3.5786102605269345
2019-09-11,3.5635672798767675
2019-09-12,3.4713617286671274
2019-09-13,3.600275620425049
2019-09-14,3.4946624798047172
2019-09-15,3.4699292913607254
2019-09-16,3.62219915516188
2019-09-17,3.638100180713275
2019-09-18,3.5283038182583306
2019-09-19,3.5814456646666915
2019-09-20,3.551559330173285
2019-09-21,3.5135306030630966
2019-09-22,3.38640772263318
2019-09-23,3.5048773850118735
2019-09-24,3.661727054426027
2019-09-25,3.4644447316465277
2019-09-26,3.6221856543020867
2019-09-27,3.7007040748228337
2019-09-28,3.498045531845551
2019-09-29,3.5827088802365172
2019-09-30,3.4661549715444613
2019-10-01,3.571401388290891
2019-10-02,3.52597072452789
2019-10-03,3.5538315670367213
2019-10-04,3.6468253666114983
2019-10-05,3.3420401559579296
2019-10-06,3.326502643466794
2019-10-07,3.5859467889554275
2019-10-08,3.4503045874852254
2019-10-09,3.4997647189226933
2019-10-10,3.4799563342560993
2019-10-11,3.637659927473345
2019-10-12,3.7564256000094103
2019-10-13,3.5650605990349584
2019-10-14,3.5456476800232934
2019-10-15,3.707513090144156
2019-10-16,3.500321701805958
2019-10-17,3.537792442260861
2019-10-18,3.521411008203457
2019-10-19,3.439549594856963
2019-10-20,3.3322511842501066
2019-10-21,3.5017378806827293
2019-10-22,3.6520487453445933
2019-10-23,3.640856564288221
2019-10-24,3.5629655502046473
2019-10-25,3.693542938311413
2019-10-26,3.542220111940728
2019-10-27,3.4780978523915023
2019-10-28,3.5342540997315854
2019-10-29,3.4604183976248897
2019-10-30,3.5299389616366685
2019-10-31,3.507458872458556
2019-11-01,3.5204615516458144
2019-11-02,3.447954155443181
2019-11-03,3.37258124189979
2019-11-04,3.589175825037938
2019-11-05,3.529278494588415
2019-11-06,3.509700563067245
2019-11-07,3.5483915967661095
2019-11-08,3.4879040788250224
2019-11-09,3.5096264670623616
2019-11-10,3.387423467553269
2019-11-11,3.4849373972911515
2019-11-12,3.5949722089363263
2019-11-13,3.6460008133303305
2019-11-14,3.5046882662681926
2019-11-15,3.5991228639527533
2019-11-16,3.4880236058514837
2019-11-17,3.454488958245821
2019-11-18,3.514839490438767
2019-11-19,3.494637624322254
2019-11-20,3.5218364320643225
2019-11-21,3.589691775805871
2019-11-22,3.5237231547905465
2019-11-23,3.3395816808930117
2019-11-24,3.306886155364634
2019-11-25,3.5261317193309827
2019-11-26,3.5556314863933047
2019-11-27,3.6549294946701196
2019-11-28,3.5530202151896653
2019-11-29,3.516142779898069
2019-11-30,3.5510313239740072
2019-12-01,3.620137843030681
2019-12-02,3.7054312849715383
2019-12-03,3.556192721296338
2019-12-04,3.471339439721636
2019-12-05,3.5630887933217217
2019-12-06,3.6145457405685146
2019-12-07,3.492996372800857
2019-12-08,3.1763927262552323
2019-12-09,3.557715831571449
2019-12-10,3.4922026168051103
2019-12-11,3.6637057762459877
2019-12-12,3.6517708254536094
2019-12-13,3.5179853994413204
2019-12-14,3.60944616212298
2019-12-15,3.643840864776231
2019-12-16,3.7143764613089942
2019-12-17,3.6146844335981183
2019-12-18,3.6510921931068387
2019-12-19,3.534627921534132
2019-12-20,3.5564416672051804
2019-12-21,3.6131558798541747
2019-12-22,3.4361248897849603
2019-12-23,3.5976304822729137
2019-12-24,3.5717718235695335
2019-12-25,3.3377744782191585
2019-12-26,3.5975381575515866
2019-12-27,3.6602347174598684
2019-12-28,3.477384008062018
2019-12-29,3.587630203488472
2019-12-30,3.7124381458598052
2019-12-31,3.772112500398464
2020-01-01,1.9056390622295662
2020-01-02,1.6644977792004616
2020-01-03,1.4355205042826666
2020-01-04,0.8112781244591328
2020-01-05,3.6100526382288565
2020-01-06,3.5071283388121675
2020-01-07,3.472578042022807
2020-01-08,3.4947849257516843
2020-01-09,3.702699390689311
2020-01-10,3.5304040794666562
2020-01-11,3.554005395896525
2020-01-12,3.4280777443385206
2020-01-13,3.6901977919716513
2020-01-14,3.6428283482780603
2020-01-15,3.656107908506128
2020-01-16,3.5513801797367566
2020-01-17,3.5520212862283542
2020-01-18,3.4853736420835344
2020-01-19,3.603698295047783
2020-01-20,3.565803242512863
2020-01-21,3.6023628723096888
2020-01-22,3.483186674902475
2020-01-23,3.615577008960674
2020-01-24,3.6885410729279045
2020-01-25,3.284464917816561
2020-01-26,3.3121498226128416
2020-01-27,3.5510156914288946
2020-01-28,3.6709490976162247
2020-01-29,3.525355504615585
2020-01-30,3.613140046952353
2020-01-31,3.5338834018464858
2020-02-01,3.502738302447354
2020-02-02,3.1291802956539243
2020-02-03,3.4923149893247922
2020-02-04,3.4997227603417373
2020-02-05,3.56036100182627
2020-02-06,3.603774658568576
2020-02-07,3.568794494905747
2020-02-08,3.511536889021205
2020-02-09,3.357880889752338
2020-02-10,3.5748164151886996
2020-02-11,3.7028368326739374
2020-02-12,3.6218727178562
2020-02-13,3.5786892918719118
2020-02-14,3.5244784882907645
2020-02-15,3.3463661517777274
2020-02-16,3.3123014903214028
2020-02-17,3.419622438793465
2020-02-18,3.7333339870625215
2020-02-19,3.624569181200865
2020-02-20,3.474802497167574
2020-02-21,3.530233611807646
2020-02-22,3.4610438475445013
2020-02-23,3.2024878950764517
2020-02-24,3.674017252877028
2020-02-25,3.583728467292495
2020-02-26,3.590717700121141
2020-02-27,3.5318084768656437
2020-02-28,3.4161751721201083
2020-02-29,3.591248015927926
2020-03-01,3.341289406101581
2020-03-02,3.664355797040071
2020-03-03,3.3195085005808034
2020-03-04,3.505542547126548
2020-03-05,3.3516621600802377
2020-03-06,3.4626113517093176
2020-03-07,3.4083890406438795
2020-03-08,3.3640261634306907
2020-03-09,3.382238488410264
2020-03-10,3.4725804206389927
2020-03-11,3.535281652965384
2020-03-12,3.3783674015227705
2020-03-13,3.491122893162303
2020-03-14,3.3708557767056546
2020-03-15,3.2680530350320476
2020-03-16,3.396761952100459
2020-03-17,3.424341709461208
2020-03-18,3.5855442461218843
2020-03-19,3.5085366542922474
2020-03-20,3.4527740392729376
2020-03-21,3.3207223362836777
2020-03-22,3.498168641612702
2020-03-23,3.4168732145110816
2020-03-24,3.552807080713641
2020-03-25,3.601378607979292
2020-03-26,3.6178888177835913
2020-03-27,3.5956356480775225
2020-03-28,3.617725641766433
2020-03-29,3.6458663041998634
2020-03-30,3.6274628343567556
2020-03-31,3.4675410117318517
2020-04-01,3.526276349948745
2020-04-02,3.5375555711976663
2020-04-03,3.6244996638686433
2020-04-04,3.4262351987485116
2020-04-05,3.2873190958559055
2020-04-06,3.350197503666702
2020-04-07,3.5327436131381047
2020-04-08,3.5717865536460525
2020-04-09,3.5091569721943374
2020-04-10,3.5788994151831384
2020-04-11,3.628376637544389
2020-04-12,3.3367169802748373
2020-04-13,3.3326720363756013
2020-04-14,3.4946727042200916
2020-04-15,3.7309363312740578
2020-04-16,3.664897616612705
2020-04-17,3.5808881754033663
2020-04-18,3.5710912022381285
2020-04-19,3.3631559428213245
2020-04-20,3.5842341602683887
2020-04-21,3.673095090524468
2020-04-22,3.6216925625330996
2020-04-23,3.6948824215839817
2020-04-24,3.747198503257605
2020-04-25,3.6205920851413707
2020-04-26,3.552894089038117
2020-04-27,3.562996985375557
2020-04-28,3.5068233320910616
2020-04-29,3.474158924791741
2020-04-30,3.6077793880988556
2020-05-01,3.712313396964889
2020-05-02,3.554992889206083
2020-05-03,3.343095549542602
2020-05-04,3.5085399257074523
2020-05-05,3.5839471558915936
2020-05-06,3.754260668495149
2020-05-07,3.653945129262004
2020-05-08,3.4242811982874564
2020-05-09,3.4925080594401954
2020-05-10,3.5976041461908945
2020-05-11,3.498528227567933
2020-05-12,3.663749755862239
2020-05-13,3.5901614178080403
2020-05-14,3.637314032052388
2020-05-15,3.561155724201138
2020-05-16,3.6026385162385806
2020-05-17,3.4670120656975887
2020-05-18,3.536957497050026
2020-05-19,3.5579575452923593
2020-05-20,3.4198611134683423
2020-05-21,3.5946135142173397
2020-05-22,3.5682900876049124
2020-05-23,3.5494089167892806
2020-05-24,3.4727940989149046
2020-05-25,3.5845460452277123
2020-05-26,3.5162065748101914
2020-05-27,3.653460594577865
2020-05-28,3.455081594788236
2020-05-29,3.47366514445809
2020-05-30,3.5086948042015105
2020-05-31,3.553405732544696
2020-06-01,3.558204573608229
2020-06-02,3.6477838301449905
2020-06-03,3.707848329071351
2020-06-04,3.514978565000155
2020-06-05,3.610159038267402
2020-06-06,3.700479363326703
2020-06-07,3.591840873968306
2020-06-08,3.5022212390481546
2020-06-09,3.5942639127924787
2020-06-10,3.6665623256956974
2020-06-11,3.5183994120564375
2020-06-12,3.6298887122051298
2020-06-13,3.31518279563838
2020-06-14,3.3034672645543837
2020-06-15,3.6418579995406977
2020-06-16,3.619526989119357
2020-06-17,3.4715989902418776
2020-06-18,3.513769586803111
2020-06-19,3.6613946099795656
2020-06-20,3.506648874263492
2020-06-21,3.5483212374113644
2020-06-22,3.5520938676257305
2020-06-23,3.5542589048927726
2020-06-24,3.510228979189046
2020-06-25,3.5594717998998235
2020-06-26,3.600569768916799
2020-06-27,3.694052007994575
2020-06-28,3.7361061071629305
2020-06-29,3.6837303310660094
2020-06-30,3.574034096048583
2020-07-01,3.644999577219083
2020-07-02,3.6105638260608814
2020-07-03,3.568253172504576
2020-07-04,3.5457459686715334
2020-07-05,3.528491647903448
2020-07-06,3.604270087817162
2020-07-07,3.628326849480949
2020-07-08,3.8275742467457143
2020-07-09,3.6012755140729076
2020-07-10,3.5473003242224954
2020-07-11,3.6269308524456223
2020-07-12,3.402429966089178
2020-07-13,3.645817059811456
2020-07-14,3.7137338061298926
2020-07-15,3.640849381976151
2020-07-16,3.5199765149356605
2020-07-17,3.5991104419106326
2020-07-18,3.515175566167185
2020-07-19,3.6372404753553806
2020-07-20,3.5737537521194747
2020-07-21,3.6821467527877223
2020-07-22,3.680325689893114
2020-07-23,3.676643316908167
2020-07-24,3.624829374370917
2020-07-25,3.5096452028386396
2020-07-26,3.697199166939407
2020-07-27,3.508871483117148
2020-07-28,3.505728107314218
2020-07-29,3.6231606053015226
2020-07-30,3.4934514762158213
2020-07-31,3.6346177826676684
2020-08-01,3.6269917788231414
2020-08-02,3.517620594848358
2020-08-03,3.701036064051208
2020-08-04,3.6596355527710975
2020-08-05,3.6602809559078775
2020-08-06,3.598683032399324
2020-08-07,3.6933665653534216
2020-08-08,3.689695106878743
2020-08-09,3.554322882837843
2020-08-10,3.664873136410484
2020-08-11,3.6034029784950823
2020-08-12,3.5724954874725983
2020-08-13,3.5477035628718254
2020-08-14,3.4213485008267046
2020-08-15,3.4979447701347173
2020-08-16,3.6031491007512306
2020-08-17,3.599483870388534
2020-08-18,3.634693021355757
2020-08-19,3.607347378278359
2020-08-20,3.4996143511954214
2020-08-21,3.6854902781535737
2020-08-22,3.3694787627416636
2020-08-23,3.527145566161269
2020-08-24,3.5809227094367353
2020-08-25,3.421608391400159
2020-08-26,3.340302960085971
2020-08-27,3.4415848848978907
2020-08-28,3.5896142237821707
2020-08-29,3.3137932975927
2020-08-30,3.5624602901468556
2020-08-31,3.5730696101580453
2020-09-01,3.441650862791394
2020-09-02,3.5730415463787693
2020-09-03,3.6443358523871066
2020-09-04,3.6162722716955265
2020-09-05,3.481198584935424
2020-09-06,3.545241601193193
2020-09-07,3.5191182578035587
2020-09-08,3.5012606627837664
2020-09-09,3.5735021007097765
2020-09-10,3.6172449993007376
2020-09-11,3.618485769852917
2020-09-12,3.491367306287728
2020-09-13,3.5794315436631168
2020-09-14,3.565776473617057
2020-09-15,3.3768073484851895
2020-09-16,3.455119422981194
2020-09-17,3.4072986964567056
2020-09-18,3.629294803739925
2020-09-19,3.349339742670398
2020-09-20,3.6813928119013988
2020-09-21,3.603108923693363
2020-09-22,3.5931418402235042
2020-09-23,3.5717914875033845
2020-09-24,3.7051314690914334
2020-09-25,3.6530193770098793
2020-09-26,3.375919759803555
2020-09-27,3.3523332235397967
2020-09-28,3.6306691390981287
2020-09-29,3.57242976596344
2020-09-30,3.6025113914630578
2020-10-01,3.5439984149565613
2020-10-02,3.548689138078559
2020-10-03,3.339863518581252
2020-10-04,3.584181260620398
2020-10-05,3.517731885719489
2020-10-06,3.5542095048517632
2020-10-07,3.522795323994565
2020-10-08,3.581786161599138
2020-10-09,3.48306664426215
2020-10-10,3.558204490389262
2020-10-11,3.4789371491697016
2020-10-12,3.4745907295114993
2020-10-13,3.5712922833499405
2020-10-14,3.6373668612897654
2020-10-15,3.540893175079746
2020-10-16,3.466159542762252
2020-10-17,3.5409001063177645
2020-10-18,3.330888396053413
2020-10-19,3.5136744473866206
2020-10-20,3.6010776131966318
2020-10-21,3.4834247867193637
2020-10-22,3.6064472782494215
2020-10-23,3.526795163698281
2020-10-24,3.3346549776191674
2020-10-25,3.6511262856566864
2020-10-26,3.4994364658308674
2020-10-27,3.4770199084285482
2020-10-28,3.56984633149205
2020-10-29,3.5734967246555294
2020-10-30,3.4977625207090792
2020-10-31,3.679583631453553
2020-11-01,3.6020622044845987
2020-11-02,3.5587066133115
2020-11-03,3.506987360316347
2020-11-04,3.620815903993072
2020-11-05,3.602861984703985
2020-11-06,3.4001465912219726
2020-11-07,3.4989823836654397
2020-11-08,3.4925479800243506
2020-11-09,3.480788189862086
2020-11-10,3.319637387940589
2020-11-11,3.43543979563587
2020-11-12,3.6145095636601363
2020-11-13,3.522997937992974
2020-11-14,2.628954247015554
2020-11-15,3.0561111694156855
2020-11-16,3.6586882645219068
2020-11-17,3.5161780025373073
2020-11-18,3.5371332451169217
2020-11-19,3.653060483672062
2020-11-20,3.587627252910947
2020-11-21,3.476984080342522
2020-11-22,3.6801090514687056
2020-11-23,3.5609824776468693
2020-11-24,3.636659846851362
2020-11-25,3.253804126497563
2020-11-26,3.5476469948460396
2020-11-27,3.5692851440521514
2020-11-28,3.6129446749783893
2020-11-29,3.591005045560559
2020-11-30,3.6306978950984354
2020-12-01,3.5789358443660184
2020-12-02,3.5834117372214154
2020-12-03,3.408419516013553
2020-12-04,3.488518049569388
2020-12-05,3.259368114772524
2020-12-06,3.450552891319392
2020-12-07,3.4581141293503994
2020-12-08,3.4258161068317836
2020-12-09,3.648830103719663
2020-12-10,3.5805531070909677
2020-12-11,3.6366979801010264
2020-12-12,3.809270400998569
2020-12-13,3.3721879631553664
2020-12-14,3.5165666580921444
2020-12-15,3.5519617201728493
2020-12-16,3.7435157157658443
2020-12-17,3.610368365137157
2020-12-18,3.615111741189441
2020-12-19,3.7213597509723066
2020-12-20,3.2994202454199977
2020-12-21,3.412771327680976
2020-12-22,3.593335169264201
2020-12-23,3.6337598328654606
2020-12-24,3.6019594797882335
2020-12-25,3.4497094366866
2020-12-26,3.605260906064838
2020-12-27,3.609191068505903
2020-12-28,3.3778830970706513
2020-12-29,3.685895926711317
2020-12-30,3.605072670590877
2020-12-31,3.4860244453167506
2021-01-01,3.6855956415744466
2021-01-02,3.2050116729129883
2021-01-03,3.4345010628774806
2021-01-04,3.4955831308832934
2021-01-05,3.4872724977131577
2021-01-06,3.6747988132980267
2021-01-07,3.5527753538142
2021-01-08,3.584575260617647
2021-01-09,3.5631016923777965
2021-01-10,3.563391503575158
2021-01-11,3.609113629280034
2021-01-12,3.6145361811801013
2021-01-13,3.666513436632605
2021-01-14,3.4879061088950025
2021-01-15,3.6541113028773937
2021-01-16,3.6844102378477124
2021-01-17,3.564633160968609
2021-01-18,3.7226332276275835
2021-01-19,3.7038823059464017
2021-01-20,3.6502349724277456
2021-01-21,3.71162076241103
2021-01-22,3.6269582866000993
2021-01-23,3.51710854828394
2021-01-24,3.5361914046583394
2021-01-25,3.6986990628737266
2021-01-26,3.8148078086750097
2021-01-27,3.7943509077882305
2021-01-28,3.719302793161841
2021-01-29,3.552997368214971
2021-01-30,3.6649368527426915
2021-01-31,3.614583341763936
2021-02-01,3.7088577300028813
2021-02-02,3.6823131122607626
2021-02-03,3.4530385966001726
2021-02-04,3.661153896727377
2021-02-05,3.5896956109776728
2021-02-06,3.452918064570838
2021-02-07,3.5472645674236705
2021-02-08,3.675103886071243
2021-02-09,3.577499774222389
2021-02-10,3.6415975700689236
2021-02-11,3.7267946444572324
2021-02-12,3.595655758090004
2021-02-13,3.4562625214458746
2021-02-14,3.4944484845845567
2021-02-15,3.5996301582987136
2021-02-16,3.6446437239709644
2021-02-17,3.580777512569517
2021-02-18,3.689354744961055
2021-02-19,3.5500477464669573
2021-02-20,3.574612731160007
2021-02-21,3.4636782223093023
2021-02-22,3.675197717445621
2021-02-23,3.689385494851358
2021-02-24,3.667659034768502
2021-02-25,3.652709290614023
2021-02-26,3.5223850020988863
2021-02-27,3.325881940683396
2021-02-28,3.5778103013566507
2021-03-01,3.697918976793229
2021-03-02,3.605837621158832
2021-03-03,3.7674635387029785
2021-03-04,3.6745240192444264
2021-03-05,3.457487950754516
2021-03-06,3.602766967648113
2021-03-07,3.5832898897390826
2021-03-08,3.6350566908671103
2021-03-09,3.704201195897921
2021-03-10,3.570450083161421
2021-03-11,3.5598932652510475
2021-03-12,3.602707865919964
2021-03-13,3.338844523066006
2021-03-14,3.6416252356603094
2021-03-15,3.401593406886468
2021-03-16,3.543466791622264
2021-03-17,3.6190506217016885
2021-03-18,3.5478754145768288
2021-03-19,3.692241102591985
2021-03-20,3.6200138642905113
2021-03-21,3.721234555403718
2021-03-22,3.5934417875536884
2021-03-23,3.5964507638952887
2021-03-24,3.630759761838618
2021-03-25,3.5749979941875343
2021-03-26,3.50445801464602
2021-03-27,3.5353810814113618
2021-03-28,3.573724542570724
2021-03-29,3.6432839132707553
2021-03-30,3.531341508121766
2021-03-31,3.5713580628853188
2021-04-01,3.6316882047620953
2021-04-02,3.6154237639431686
2021-04-03,3.4984721281144613
2021-04-04,3.4237741513847078
2021-04-05,3.641480724952677
2021-04-06,3.663495797438771
2021-04-07,3.5242374299961075
2021-04-08,3.6568799248751422
2021-04-09,3.553595062290337
2021-04-10,3.5468992722936266
2021-04-11,3.5303558569562163
2021-04-12,3.4749565223472376
2021-04-13,3.5184434183720814
2021-04-14,3.6922320090867995
2021-04-15,3.550534096644768
2021-04-16,3.4391906516684747
2021-04-17,3.357065575252411
2021-04-18,3.5735012832051525
2021-04-19,3.631170143485317
2021-04-20,3.6518024382388345
2021-04-21,3.546313358572182
2021-04-22,3.58344140460449
2021-04-23,3.6257403412752427
2021-04-24,3.602763534206818
2021-04-25,3.531058229821828
2021-04-26,3.4599669980950196
2021-04-27,3.7398608772909925
2021-04-28,3.63394904475625
2021-04-29,3.6097296482237025
2021-04-30,3.4696603579597687
2021-05-01,3.5647858823921883
2021-05-02,3.642495309653214
2021-05-03,3.5237916914059157
2021-05-04,3.573132473828443
2021-05-05,3.492749861644619
2021-05-06,3.471794996551672
2021-05-07,3.576021837872413
2021-05-08,3.417204277714148
2021-05-09,3.393261305733771
2021-05-10,3.5986228685130874
2021-05-11,3.5391593641794428
2021-05-12,3.5293194070112563
2021-05-13,3.5376962834003876
2021-05-14,3.547791959786272
2021-05-15,3.4940751941091173
2021-05-16,3.410110293579232
2021-05-17,3.4944278581012074
2021-05-18,3.503646263182703
2021-05-19,3.6097449215236916
2021-05-20,3.5674418780495243
2021-05-21,3.5960841720441836
2021-05-22,3.644219991422019
2021-05-23,3.417467897596716
2021-05-24,3.5825390938906794
2021-05-25,3.6381404770269032
2021-05-26,3.7129253876421093
2021-05-27,3.6444439884906616
2021-05-28,3.6292307023990467
2021-05-29,3.5603723288896685
2021-05-30,3.542031378402725
2021-05-31,3.651591377322503
2021-06-01,3.694676990508716
2021-06-02,3.654117287828587
2021-06-03,3.4285673781410333
2021-06-04,3.4862569600922164
2021-06-05,3.6185476474129223
2021-06-06,3.415740080654599
2021-06-07,3.4090410927593924
2021-06-08,3.5704252644436636
2021-06-09,3.5176366501182335
2021-06-10,3.4436554262811736
2021-06-11,3.56132842350132
2021-06-12,3.4844492277988603
2021-06-13,3.062217702938558
2021-06-14,3.640184914426173
2021-06-15,3.565231496044531
2021-06-16,3.4263280432849594
2021-06-17,3.438583359503965
2021-06-18,3.427672455166414
2021-06-19,3.2109509547329376
2021-06-20,3.484524917897211
2021-06-21,3.5126313488679854
2021-06-22,3.467498331447941
2021-06-23,3.688581030393854
2021-06-24,3.4972623214061858
2021-06-25,3.5307500790114523
2021-06-26,3.436486620234374
2021-06-27,3.55463286115277
2021-06-28,3.6134314384204025
2021-06-29,3.6331213341611486
2021-06-30,3.6084754722464933
2021-07-01,3.54953353033094
2021-07-02,3.545068888936837
2021-07-03,3.3296939862804575
2021-07-04,3.354431717973489
2021-07-05,3.447742695160489
2021-07-06,3.589223042824597
2021-07-07,3.5944244033258363
2021-07-08,3.615972680577853
2021-07-09,3.473024434670925
2021-07-10,3.413577080086424
2021-07-11,3.44841188152317
2021-07-12,3.506360505206241
2021-07-13,3.6107916237003486
2021-07-14,3.6465885274898366
2021-07-15,3.6392191221207972
2021-07-16,3.6622777277936196
2021-07-17,3.689976360629081
2021-07-18,3.71899546979767
2021-07-19,3.6135445556025942
2021-07-20,3.604934800584097
2021-07-21,3.623995144763156
2021-07-22,3.6547686756756317
2021-07-23,3.5155784099947094
2021-07-24,3.390367515882762
2021-07-25,3.5828465619676377
2021-07-26,3.5015816784601252
2021-07-27,3.562156635446254
2021-07-28,3.4738237993866314
2021-07-29,3.6422645668891516
2021-07-30,3.432962874883624
2021-07-31,3.3670600796702312
2021-08-01,3.396327598736472
2021-08-02,3.5091748178381157
2021-08-03,3.5567451836831716
2021-08-04,3.519870732133266
2021-08-05,3.439435206398018
2021-08-06,3.479084583186716
2021-08-07,3.558310890218487
2021-08-08,3.2999364147918233
2021-08-09,3.54262864125031
2021-08-10,3.5326847634309275
2021-08-11,3.242041931411589
2021-08-12,3.548657959519696
2021-08-13,3.7419924392373605
2021-08-14,3.6005268182340413
2021-08-15,3.671768181315237
2021-08-16,3.5085758070375603
2021-08-17,3.6776704926685966
2021-08-18,3.5508406019702785
2021-08-19,3.52674742410852
2021-08-20,3.6396182833782493
2021-08-21,3.4316599813399113
2021-08-22,3.1441566559296517
2021-08-23,3.3253282711074563
2021-08-24,3.527546305124549
2021-08-25,3.5401379093911878
2021-08-26,3.7254746671632244
2021-08-27,3.685148336805982
2021-08-28,3.3057864850815815
2021-08-29,3.1810392253564803
2021-08-30,3.506838939782198
2021-08-31,3.547136634185326
2021-09-01,3.4899109754164286
2021-09-02,3.443045264567945
2021-09-03,3.5401831728850826
2021-09-04,3.4201039809366156
2021-09-05,3.244872401049526
2021-09-06,3.6878312918699456
2021-09-07,3.461761850616488
2021-09-08,3.3973204805527604
2021-09-09,3.5403490589008237
2021-09-10,3.376894364221793
2021-09-11,3.543039653827718
2021-09-12,3.5289249688789686
2021-09-13,3.558434628490523
2021-09-14,3.617633497076635
2021-09-15,3.6869573022846676
2021-09-16,3.5684962150888273
2021-09-17,3.6196817262148464
2021-09-18,3.5003077647331664
2021-09-19,3.4309162054159468
2021-09-20,3.5782963238742735
2021-09-21,3.680412551367494
2021-09-22,3.560028986400933
2021-09-23,3.549247918376273
2021-09-24,3.4601097034209776
2021-09-25,3.6878865406744574
2021-09-26,3.524192158500712
2021-09-27,3.6402007522356694
2021-09-28,3.72452403540992
2021-09-29,3.6511118541346512
2021-09-30,3.482616732375432
2021-10-01,3.6053884549319988
2021-10-02,3.6137433441800932
2021-10-03,3.5845568161682877
2021-10-04,3.5616990581102925
2021-10-05,3.682385812792242
2021-10-06,3.5002139131709558
2021-10-07,3.5112444983058833
2021-10-08,3.6198198335771936
2021-10-09,3.416010604565958
2021-10-10,3.4983391414651814
2021-10-11,3.4561916838174276
2021-10-12,3.6201551626581256
2021-10-13,3.6162320575941855
2021-10-14,3.633612534719167
2021-10-15,3.627256316405498
2021-10-16,3.3454240435766174
2021-10-17,3.541288183815675
2021-10-18,3.538025457939254
2021-10-19,3.6253422180142207
2021-10-20,3.491223546428524
2021-10-21,3.512079672268759
2021-10-22,3.4935490620444125
2021-10-23,3.3963344810049256
2021-10-24,2.8801014891067673
2021-10-25,3.3891737408559486
2021-10-26,3.7219087760811664
2021-10-27,3.6231899099595415
2021-10-28,3.4847844059274333
2021-10-29,3.3327530623306285
2021-10-30,3.5132517682853477
2021-10-31,3.2623543128602446
2021-11-01,3.530615653869294
2021-11-02,3.629528504850745
2021-11-03,3.665657036683388
2021-11-04,3.4754703799646416
2021-11-05,3.462106663736715
2021-11-06,3.417388797463606
2021-11-07,3.332732939059416
2021-11-08,3.5878578286284375
2021-11-09,3.3040036052784814
2021-11-10,3.335067717420883
2021-11-11,3.434124798146844
2021-11-12,3.5159721780745383
2021-11-13,3.7463578732599827
2021-11-14,3.7290269688153304
2021-11-15,3.5607621781690857
2021-11-16,3.5445393229130535
2021-11-17,3.6054261517678663
2021-11-18,3.5020416694359877
2021-11-19,3.7049223930656687
2021-11-20,3.7237328675201526
2021-11-21,3.7065731257948507
2021-11-22,3.58564474627975
2021-11-23,3.7156639494054353
2021-11-24,3.5940951853641363
2021-11-25,3.6777668185072985
2021-11-26,3.554352688122144
2021-11-27,3.116652792762068
2021-11-28,2.9648963458791453
2021-11-29,3.202839535539745
2021-11-30,3.427494154916445
2021-12-01,3.623926313596951
2021-12-02,3.4626630116968236
2021-12-03,3.420613705660288
2021-12-04,3.5226805377124504
2021-12-05,3.656886877459811
2021-12-06,3.581174593885167
2021-12-07,3.683983585696008
2021-12-08,3.5942341902986774
2021-12-09,3.4873529690613387
2021-12-10,3.5553423665608075
2021-12-11,3.6313814593665183
2021-12-12,3.357687158432103
2021-12-13,3.549596586215693
2021-12-14,3.6266108150822456
2021-12-15,3.530119209173939
2021-12-16,3.574128309673912
2021-12-17,3.5946288077776476
2021-12-18,3.5356782114434124
2021-12-19,3.617050616623589
2021-12-20,3.6704822300568742
2021-12-21,3.6911499553799834
2021-12-22,3.620698741306538
2021-12-23,3.5780998646177853
2021-12-24,3.5106368062178213
2021-12-25,3.4774050835546086
2021-12-26,3.4917266117602015
2021-12-27,3.5637706886692833
2021-12-28,3.465133169810948
2021-12-29,3.5776150736716246
2021-12-30,3.595091860519269
2021-12-31,3.5873140585104792
2022-01-01,3.523297773623079
2022-01-02,3.690591535409436
2022-01-03,3.642062105764188
2022-01-04,3.737593232721146
2022-01-05,3.5890725515363466
2022-01-06,3.6379916545496664
2022-01-07,3.5746803776610867
2022-01-08,3.473046041799427
2022-01-09,3.4195181013147278
2022-01-10,3.5443781445041216
2022-01-11,3.669492400709874
2022-01-12,3.6126962431259138
2022-01-13,3.487527315894323
2022-01-14,3.581323113884103
2022-01-15,3.419677928282779
2022-01-16,3.413989780701398
2022-01-17,3.759861555291727
2022-01-18,3.698557553495874
2022-01-19,3.567725973516196
2022-01-20,3.8155769092777785
2022-01-21,3.6767300092824957
2022-01-22,3.6225636879383427
2022-01-23,3.0465601208270896
2022-01-24,3.465683172353802
2022-01-25,3.7340292038531744
2022-01-26,3.536911055276623
2022-01-27,3.408391029803448
2022-01-28,3.721690387398647
2022-01-29,3.531120561357775
2022-01-30,3.494671295214427
2022-01-31,3.553734969458066
2022-02-01,3.6429769408174186
2022-02-02,3.4109750430069528
2022-02-03,3.4504313132311895
2022-02-04,3.570533829650858
2022-02-05,3.315738934475543
2022-02-06,3.25343800668893
2022-02-07,3.565594336550214
2022-02-08,3.7104810870856104
2022-02-09,3.725795952683061
2022-02-10,3.6784931324628642
2022-02-11,3.689637673683533
2022-02-12,3.5811293446554204
2022-02-13,3.6960498390923204
2022-02-14,3.710789075473829
2022-02-15,3.7005919206411515
2022-02-16,3.712119468297068
2022-02-17,3.7458021559780446
2022-02-18,3.847973854157867
2022-02-19,3.7439407324391194
2022-02-20,3.7556242348542295
2022-02-21,3.715658447501554
2022-02-22,3.6718080046339123
2022-02-23,3.699719019503912
2022-02-24,3.7044596252727247
2022-02-25,3.540152134783905
2022-02-26,3.571041295124234
2022-02-27,3.6322249164509137
2022-02-28,3.6237894886217434
2022-03-01,3.588520745582847
2022-03-02,3.7526890291037645
2022-03-03,3.6156906321663476
2022-03-04,3.506029665453165
2022-03-05,3.6309340054544657
2022-03-06,3.071444494597901
2022-03-07,3.444132246825237
2022-03-08,3.4700982294174585
2022-03-09,3.6402680933381126
2022-03-10,3.553992323981376
2022-03-11,3.5728393488972348
2022-03-12,3.114980989425293
2022-03-13,3.313842837663841
2022-03-14,3.3579986019282932
2022-03-15,3.4801854881461924
2022-03-16,3.5415921684202294
2022-03-17,3.7091254879370457
2022-03-18,3.4406895159006092
2022-03-19,3.7497031838439487
2022-03-20,3.5301967665593272
2022-03-21,3.2753282072040553
2022-03-22,3.4104079837483514
2022-03-23,3.5070749544763054
2022-03-24,3.721513525971682
2022-03-25,3.6255278895263263
2022-03-26,3.349544080973809
2022-03-27,3.3858312004901605
2022-03-28,3.604401233164816
2022-03-29,3.535534957080381
2022-03-30,3.5879441249870316
2022-03-31,3.5519741322560456
2022-04-01,3.3803898318226615
2022-04-02,3.2639861769704948
2022-04-03,3.3253667346232265
2022-04-04,3.412194596134497
2022-04-05,3.3642489189483
2022-04-06,3.512720672063964
2022-04-07,3.4082116353755643
2022-04-08,3.2559479537403058
2022-04-09,3.4289058965404298
2022-04-10,3.412659530793716
2022-04-11,3.3300490174178243
2022-04-12,3.510533429136585
2022-04-13,3.390170022515516
2022-04-14,3.4164112872761687
2022-04-15,3.2127403019552854
2022-04-16,3.187487106628345
2022-04-17,3.2211383151071473
2022-04-18,3.4715186807710223
2022-04-19,3.5459933581076832
2022-04-20,3.260887016851602
2022-04-21,3.553997806188518
2022-04-22,3.4153457155412745
2022-04-23,3.5682885024321127
2022-04-24,3.1013913600013354
2022-04-25,3.277350443736899
2022-04-26,3.4937530822844862
2022-04-27,3.458732308035479
2022-04-28,3.7619347680459194
2022-04-29,3.534622239726859
2022-04-30,3.394537493901352
2022-05-01,3.4497370799287808
2022-05-02,3.511362630295363
2022-05-03,3.456177136930946
2022-05-04,3.468129468280771
2022-05-05,3.389670120184814
2022-05-06,3.5059352110798763
2022-05-07,3.502287671094198
2022-05-08,3.364559768146785
2022-05-09,3.390497156676138
2022-05-10,3.2775792838410824
2022-05-11,3.1862110872740237
2022-05-12,3.171293040967246
2022-05-13,3.433116100694467
2022-05-14,3.4387262404487378
2022-05-15,3.4952496068344145
2022-05-16,3.328906241445137
2022-05-17,3.5535215737825507
2022-05-18,3.31341522237744
2022-05-19,3.1348926493840303
2022-05-20,3.4000246628670165
2022-05-21,3.327708657578305
2022-05-22,3.3725147793994696
2022-05-23,3.4940603880539216
2022-05-24,3.525844006510057
2022-05-25,3.4650850003952645
2022-05-26,3.6256643853282062
2022-05-27,3.501266343227012
2022-05-28,3.3571463374110184
2022-05-29,3.3974143857289634
2022-05-30,3.7368173103748816
2022-05-31,3.7306719039289704
2022-06-01,3.56932932226353
2022-06-02,3.4220196411446344
2022-06-03,3.4889233691656156
2022-06-04,3.608204390720065
2022-06-05,3.555419086001697
2022-06-06,3.5154783869182356
2022-06-07,3.42780186948756
2022-06-08,3.5281983933634384
2022-06-09,3.442802140104057
2022-06-10,3.5369194413451233
2022-06-11,3.714851293832291
2022-06-12,3.4473547545252474
2022-06-13,3.4071498862649428
2022-06-14,3.3983909304636173
2022-06-15,3.2346729791357025
2022-06-16,3.5900368590898895
2022-06-17,3.495101581944435
2022-06-18,3.2359507522978634
2022-06-19,3.042330929762109
2022-06-20,3.4334210057582424
2022-06-21,3.4175387732978524
2022-06-22,3.4118895901640833
2022-06-23,3.388820813072999
2022-06-24,3.5863749177599313
2022-06-25,3.4328484277212015
2022-06-26,3.588198957368502
2022-06-27,3.3379614703535077
2022-06-28,3.5577607894722187
2022-06-29,3.609844280857139
2022-06-30,3.6142215902474617
2022-07-01,3.6725420289943758
2022-07-02,3.3915627586320776
2022-07-03,3.6428667508990538
2022-07-04,3.616472003134406
2022-07-05,3.579619275596713
2022-07-06,3.626905413474896
2022-07-07,3.76573286441491
2022-07-08,3.761127621356341
2022-07-09,3.5863317724214774
2022-07-10,3.579308564638724
2022-07-11,3.5984678550719766
2022-07-12,3.5579219255891683
2022-07-13,3.505024271649966
2022-07-14,3.4624658970735993
2022-07-15,3.5340433272666267
2022-07-16,3.28698175550598
2022-07-17,3.5161257777223693
2022-07-18,3.361420537596233
2022-07-19,3.609903584010973
2022-07-20,3.5887137122513897
2022-07-21,3.372729571887855
2022-07-22,3.484467115499659
2022-07-23,3.5068382463855117
2022-07-24,3.773863288840368
2022-07-25,3.5948648408437736
2022-07-26,3.4046123049080497
2022-07-27,3.6703881613022937
2022-07-28,3.4998869515391635
2022-07-29,3.4863875385943155
2022-07-30,3.5829086009788536
2022-07-31,3.578982203649067
2022-08-01,3.5859484705553974
2022-08-02,3.591873129269591
2022-08-03,3.5650824480049836
2022-08-04,3.3835558316001264
2022-08-05,3.3640825136134827
2022-08-06,3.3071364943828403
2022-08-07,3.41620352123781
2022-08-08,3.371197759670588
2022-08-09,3.439820896909911
2022-08-10,3.527014792399105
2022-08-11,3.5828689390027044
2022-08-12,3.529537875371597
2022-08-13,3.36412237738047
2022-08-14,3.193504281131242
2022-08-15,3.5986840263785425
2022-08-16,3.443512023992963
2022-08-17,3.5186549691658375
2022-08-18,3.684358592875078
2022-08-19,3.583030782473205
2022-08-20,3.1742197739682387
2022-08-21,3.51626638974797
2022-08-22,3.445166437771544
2022-08-23,3.5587351232481104
2022-08-24,3.572739771218426
2022-08-25,3.4954373862599186
2022-08-26,3.6682702951774444
2022-08-27,3.50839595283542
2022-08-28,3.6955076758385363
2022-08-29,3.489052211918489
2022-08-30,3.466950003431533
2022-08-31,3.5425039104220764
2022-09-01,3.5077515476655723
2022-09-02,3.5563564395253944
2022-09-03,3.29150399879157
2022-09-04,3.294026271409136
2022-09-05,3.453982324906006
2022-09-06,3.351463249390021
2022-09-07,3.549695132353417
2022-09-08,3.5663407767244073
2022-09-09,3.351193809995625
2022-09-10,3.2667136907645213
2022-09-11,3.255488991068023
2022-09-12,3.530325650252882
2022-09-13,3.516706781652212
2022-09-14,3.5273541063609675
2022-09-15,3.4773208026828586
2022-09-16,3.5627679548628346
2022-09-17,3.2789758193362477
2022-09-18,3.3853727651390435
2022-09-19,2.9293016996876986
2022-09-20,3.4009544531960243
2022-09-21,3.4435523648520205
2022-09-22,3.2619309787586044
2022-09-23,3.2344178344564303
2022-09-24,3.2230003364286777
2022-09-25,3.3228788858383886
2022-09-26,3.4743369903169783
2022-09-27,3.4225263466985623
2022-09-28,3.5963175375492074
2022-09-29,3.417526402505913
2022-09-30,3.4883073211609146
2022-10-01,3.3705199309260587
2022-10-02,3.4534927444011885
2022-10-03,3.612741050444894
2022-10-04,3.3193366286415626
2022-10-05,3.55518901922762
2022-10-06,3.5943922554151233
2022-10-07,3.37918740257143
2022-10-08,3.37392291580507
2022-10-09,3.487771670188787
2022-10-10,3.6242456736601745
2022-10-11,3.6128766468620066
2022-10-12,3.3480547927413395
2022-10-13,3.368485106537364
2022-10-14,3.5553510389246807
2022-10-15,3.382221346247004
2022-10-16,3.4254094611666357
2022-10-17,3.5392367404739797
2022-10-18,3.4897902841054753
2022-10-19,3.484041764640102
2022-10-20,3.3394942802389482
2022-10-21,3.499031517836949
2022-10-22,3.5405555450971655
2022-10-23,3.376479806687345
2022-10-24,3.480084803525168
2022-10-25,3.367094689912583
2022-10-26,3.5980886637285114
2022-10-27,3.6871964932691297
2022-10-28,3.691930541590571
2022-10-29,3.2833529182131063
2022-10-30,3.4165105048747932
2022-10-31,3.4992569529028152
2022-11-01,3.425191155637479
2022-11-02,3.550816895081375
2022-11-03,3.392260459378634
2022-11-04,3.655261168197892
2022-11-05,3.4302401884582077
2022-11-06,3.5351814071203407
2022-11-07,3.3057654215051238
2022-11-08,3.3540492347630284
2022-11-09,3.410983856611037
2022-11-10,3.3169787009004574
2022-11-11,3.4445052261474887
2022-11-12,3.563136615720029
2022-11-13,3.4360235605475324
2022-11-14,3.52263893218418
2022-11-15,3.1731952661440284
2022-11-16,3.075396109848739
2022-11-17,3.3845948697541717
2022-11-18,3.517112078239647
2022-11-19,3.5022732735594024
2022-11-20,3.418475176295605
2022-11-21,3.5240032532292225
2022-11-22,3.491216589374445
2022-11-23,3.636017837915956
2022-11-24,3.543057796639225
2022-11-25,3.5910769496982806
2022-11-26,3.683873649596091
2022-11-27,3.618542482813225
2022-11-28,3.461869275554547
2022-11-29,3.5973361683016005
2022-11-30,3.3756276024193728
2022-12-01,3.5873463495372455
2022-12-02,3.5231963497078196
2022-12-03,3.316234422519009
2022-12-04,3.623669154149334
2022-12-05,3.506724477579144
2022-12-06,3.5412114302484143
2022-12-07,3.6575488386340567
2022-12-08,3.3166194206613224
2022-12-09,3.4830882206163483
2022-12-10,3.3708959649807704
2022-12-11,3.234013818749986
2022-12-12,3.3154300429800907
2022-12-13,3.4933000351623997
2022-12-14,3.561393594177129
2022-12-15,3.447918191776121
2022-12-16,3.587011362561147
2022-12-17,3.6077643000826964
2022-12-18,3.554590245564576
2022-12-19,3.296054452109086
2022-12-20,3.480623975872469
2022-12-21,3.503042135896127
2022-12-22,3.5823000740542117
2022-12-23,3.5205640781997927
2022-12-24,3.511766817530582
2022-12-25,3.319352961429159
2022-12-26,3.3751833275592817
2022-12-27,3.4107806340330358
2022-12-28,3.4521652519017376
2022-12-29,3.1920878600409943
2022-12-30,3.4327772854696983
2022-12-31,3.6855441251213494
2023-01-01,3.3192181653973365
2023-01-02,3.6152354435319474
2023-01-03,3.5573738135804187
2023-01-04,3.4908361836655826
2023-01-05,3.5560813955339206
2023-01-06,3.449190001751943
2023-01-07,3.521131603555076
2023-01-08,3.588917891981683
2023-01-09,3.383743919873526
2023-01-10,3.496464535721907
2023-01-11,3.5844203546925435
2023-01-12,3.4069782731639195
2023-01-13,3.415861692680264
2023-01-14,3.176890797194866
2023-01-15,2.9887925814624636
2023-01-16,3.6230376344488775
2023-01-17,3.3487363418677147
2023-01-18,3.3465545141876887
2023-01-19,3.5129671157801954
2023-01-20,3.355462471657638
2023-01-21,3.48378686368276
2023-01-22,3.3915071410142423
2023-01-23,3.5903533613527165
2023-01-24,3.657461242584467
2023-01-25,3.7250851352942744
2023-01-26,3.6223519332094165
2023-01-27,3.629683286845764
2023-01-28,3.5177026606189052
2023-01-29,3.324383424691397
2023-01-30,3.510494998564058
2023-01-31,3.6512046786334897
2023-02-01,3.613842952406348
2023-02-02,3.5725157988061387
2023-02-03,3.626000607305881
2023-02-04,3.5264673682215486
2023-02-05,3.643421779725299
2023-02-06,3.535142196493333
2023-02-07,3.618101891345009
2023-02-08,3.668868687516704
2023-02-09,3.5260926825667624
2023-02-10,3.5713750375834117
2023-02-11,3.447703217672651
2023-02-12,3.5646630890269253
2023-02-13,3.5557687605883643
2023-02-14,3.3977384929894905
2023-02-15,3.572083189892266
2023-02-16,3.471933944633708
2023-02-17,3.283398549186764
2023-02-18,3.636111202594881
2023-02-19,3.6230267680669233
2023-02-20,3.7609049176908265
2023-02-21,3.0661176968900667
2023-02-22,3.5262131042449876
2023-02-23,3.667942532720054
2023-02-24,3.5977387721119563
2023-02-25,3.5889654203546932
2023-02-26,3.4679970594676486
2023-02-27,3.6231157523820503
2023-02-28,3.6761706429856194
2023-03-01,3.6384830765440697
2023-03-02,3.6264193829560107
2023-03-03,3.499131498435413
2023-03-04,3.6833384174760653
2023-03-05,3.6198536646865525
2023-03-06,3.7160767055967256
2023-03-07,3.544420198721824
2023-03-08,3.5602582601949737
2023-03-09,3.7472521770586957
2023-03-10,3.5065963901073567
2023-03-11,3.811885772748559
2023-03-12,3.529339815256431
2023-03-13,3.6676328337931934
2023-03-14,3.7454650408358594
2023-03-15,3.66241494697812
2023-03-16,3.6131232512794904
2023-03-17,3.486737695845005
2023-03-18,3.6899273626565363
2023-03-19,3.567129547784311
2023-03-20,3.366526560749541
2023-03-21,3.4555899158360606
2023-03-22,3.603158549357438
2023-03-23,3.6246989378204355
2023-03-24,3.5209875276163314
2023-03-25,3.4353054870701616
2023-03-26,3.5063838284852493
2023-03-27,3.5202863228030443
2023-03-28,3.7122563217828723
2023-03-29,3.4485949476190387
2023-03-30,3.5612022521829045
2023-03-31,3.6391245458327344
2023-04-01,3.602392734496733
2023-04-02,3.6843499920358154
2023-04-03,3.6882339798276327
2023-04-04,3.421320248088729
2023-04-05,3.5545626740247367
2023-04-06,3.60443870978259
2023-04-07,3.5168808816934813
2023-04-08,3.4129376410416183
2023-04-09,3.4390596243850227
2023-04-10,3.431681200909705
2023-04-11,3.316330658493533
2023-04-12,3.393579915249131
2023-04-13,3.481858101575847
2023-04-14,3.5168678850465245
2023-04-15,3.386109675671582
2023-04-16,3.4864613419177255
2023-04-17,3.534688784016883
2023-04-18,3.41521942290885
2023-04-19,3.380804514293904
2023-04-20,3.6220297477733836
2023-04-21,3.554855946784546
2023-04-22,3.611889627721498
2023-04-23,3.5172655786018474
2023-04-24,3.503155367377229
2023-04-25,3.578996894476891
2023-04-26,3.5224810160999906
2023-04-27,3.5788257313942333
2023-04-28,3.640057196172667
2023-04-29,3.648935481541334
2023-04-30,3.583524960388915
2023-05-01,3.6658551561948673
2023-05-02,3.5147187947319702
2023-05-03,3.345411549351866
2023-05-04,2.9105998781955242
2023-05-05,3.2500971914815064
2023-05-06,3.3908731919662345
2023-05-07,3.4523617073079746
2023-05-08,3.3772980752455717
2023-05-09,3.3728085849133085
2023-05-10,3.546845403411671
2023-05-11,3.5301880192180444
2023-05-12,3.564493693530422
2023-05-13,3.1847200131659927
2023-05-14,2.8466879159394622
2023-05-15,3.4631027713610196
2023-05-16,3.5021790318374357
2023-05-17,3.4300333944606614
2023-05-18,3.453597360585927
2023-05-19,3.4367272902566706
2023-05-20,3.407736438410144
2023-05-21,3.482345341037714
2023-05-22,3.57529947675229
2023-05-23,3.5225751667095966
2023-05-24,3.459758822120195
2023-05-25,3.532010036315383
2023-05-26,3.423063064390869
2023-05-27,3.511745380422264
2023-05-28,3.6485299739127095
2023-05-29,3.5306989958460386
2023-05-30,3.4982351602572135
2023-05-31,3.5737203050972375
2023-06-01,3.466972832685362
2023-06-02,3.4291195332949687
2023-06-03,3.2342835804181904
2023-06-04,3.375469296091732
2023-06-05,3.527093581065788
2023-06-06,3.269908885729871
2023-06-07,3.4871783963421983
2023-06-08,3.640741553761001
2023-06-09,3.3681421903518802
2023-06-10,3.583851690630148
2023-06-11,3.414193223561634
2023-06-12,3.661225958831468
2023-06-13,3.6009989811842718
2023-06-14,3.455024764512019
2023-06-15,3.429263019019093
2023-06-16,3.453062854040993
2023-06-17,2.9977124257176855
2023-06-18,3.491572867987278
2023-06-19,3.6327367831168322
2023-06-20,3.4239712558101534
2023-06-21,3.4372746699228593
2023-06-22,3.525998276458377
2023-06-23,3.566456483605447
2023-06-24,3.571990297671314
2023-06-25,3.3161723870733337
2023-06-26,3.684486127384546
2023-06-27,3.436699785667323
2023-06-28,3.383646594287177
2023-06-29,3.5148557352068637
2023-06-30,3.5039533526672706
2023-07-01,3.402906134697481
2023-07-02,3.2768841531226753
2023-07-03,3.4969343982813244
2023-07-04,3.5871438576925083
2023-07-05,3.5989558735851284
2023-07-06,3.5843190267045446
2023-07-07,3.5579634888781357
2023-07-08,3.4485540040644325
2023-07-09,3.5841124514577407
2023-07-10,3.5386912324527406
2023-07-11,3.6605992004671553
2023-07-12,3.527786736526032
2023-07-13,3.5090293671278956
2023-07-14,3.6077979647313514
2023-07-15,3.521682129482411
2023-07-16,3.3421392496904625
2023-07-17,3.5140002961057593
2023-07-18,3.487394040127439
2023-07-19,3.5478433606097526
2023-07-20,3.3680799336916802
2023-07-21,3.5701349205542634
2023-07-22,3.632601782812221
2023-07-23,3.24615837872517
2023-07-24,3.5512507117942174
2023-07-25,3.5341826864955004
2023-07-26,3.5403536133531412
2023-07-27,3.5472435069817507
2023-07-28,3.5936931148800006
2023-07-29,3.5768405577340103
2023-07-30,3.5907733713889067
2023-07-31,3.5836209692951115
2023-08-01,3.529438199265831
2023-08-02,3.455236429228325
2023-08-03,3.569758876968076
2023-08-04,3.497107990577695
2023-08-05,3.488968599642128
2023-08-06,3.1210681352497613
2023-08-07,3.6014362651037657
2023-08-08,3.4716990330888504
2023-08-09,3.5844139476830166
2023-08-10,3.6776927933031534
2023-08-11,3.464752560041906
2023-08-12,3.388106808807821
2023-08-13,3.419072626728682
2023-08-14,3.383683350824681
2023-08-15,3.594287177342496
2023-08-16,3.4921373967572213
2023-08-17,3.5719740478752593
2023-08-18,3.4369226545245786
2023-08-19,3.6098645112112764
2023-08-20,2.99856950053133
2023-08-21,3.3143740871998957
2023-08-22,3.476663016088507
2023-08-23,3.536948271660625
2023-08-24,3.504452873028699
2023-08-25,3.5396003570753343
2023-08-26,3.5791587452338525
2023-08-27,3.6295717394369342
2023-08-28,3.568292358661781
2023-08-29,3.5156298551143847
2023-08-30,3.5905356850680414
2023-08-31,3.454959527646853
2023-09-01,3.5434314577088166
2023-09-02,3.5668187476276736
2023-09-03,3.5515250250105277
2023-09-04,3.4312902903771665
2023-09-05,3.610729345858864
2023-09-06,3.3781749995522965
2023-09-07,3.4356506274838163
2023-09-08,3.510774140543608
2023-09-09,3.6719703599012075
2023-09-10,3.4613281115197476
2023-09-11,3.5222064135464586
2023-09-12,3.4891640010316345
2023-09-13,3.6132226500052265
2023-09-14,3.583099963841863
2023-09-15,3.4534391431495948
2023-09-16,3.659973848853
2023-09-17,3.4573393615230317
2023-09-18,3.5094536052634773
2023-09-19,3.2595639941700294
2023-09-20,3.6445662769824305
2023-09-21,3.488385944345027
2023-09-22,3.129440829389413
2023-09-23,3.2581875997671768
2023-09-24,3.5138200959729073
2023-09-25,3.580598080369075
2023-09-26,3.5084024583472617
2023-09-27,3.6630294894723474
2023-09-28,3.4621788658087422
2023-09-29,3.5941344442243857
2023-09-30,3.542434401429194
2023-10-01,3.3807899507125483
2023-10-02,3.489593113384623
2023-10-03,3.597602523812803
2023-10-04,3.6989444536452556
2023-10-05,3.45678492285237
2023-10-06,3.4727633018656796
2023-10-07,3.4586798147852162
2023-10-08,3.3231063664393408
2023-10-09,3.4355362981587945
2023-10-10,3.6006042853085374
2023-10-11,3.5710777781632306
2023-10-12,3.532580432715565
2023-10-13,3.223261509167982
2023-10-14,3.337203606401542
2023-10-15,3.361791340126141
2023-10-16,3.5931890021786304
2023-10-17,3.572378681062557
2023-10-18,3.518097168884665
2023-10-19,3.5790710214435095
2023-10-20,3.6346010205211825
2023-10-21,3.509621769861798
2023-10-22,3.5573577625429906
2023-10-23,3.274895733387665
2023-10-24,3.302142445773376
2023-10-25,3.5473107538091146
2023-10-26,3.4562375783744947
2023-10-27,3.554079402384333
2023-10-28,3.307985659459614
2023-10-29,3.354720621481932
2023-10-30,3.450647503325979
2023-10-31,3.570970212780213
2023-11-01,3.4703311903438854
2023-11-02,3.3834687646635326
2023-11-03,3.2781975849511897
2023-11-04,3.457704914425355
2023-11-05,3.417295378259436
2023-11-06,3.5052010854620645
2023-11-07,3.374050487112499
2023-11-08,3.496029884776401
2023-11-09,3.512776621915206
2023-11-10,3.6145660228946053
2023-11-11,3.4639679308374407
2023-11-12,3.556495561733278
2023-11-13,3.614935976411304
2023-11-14,3.5307651964296185
2023-11-15,3.6244057217740786
2023-11-16,3.7102713002594547
2023-11-17,3.6609532176566124
2023-11-18,3.4871225545808002
2023-11-19,3.540172515215258
2023-11-20,3.5445731312166697
2023-11-21,3.6600326048915326
2023-11-22,3.4331162540169546
2023-11-23,3.6205160455004894
2023-11-24,3.538495161007271
2023-11-25,3.49228838685437
2023-11-26,3.5841471527703117
2023-11-27,3.525280401090099
2023-11-28,3.5670184390501176
2023-11-29,3.3873128538983797
2023-11-30,3.55432495007615
2023-12-01,3.3698276671417053
2023-12-02,3.36683656169577
2023-12-03,3.1379657424764007
2023-12-04,3.7114821993535707
2023-12-05,3.4856410306577494
2023-12-06,3.586914018466776
2023-12-07,3.429733119010373
2023-12-08,3.6413517304193372
2023-12-09,3.376412652401962
2023-12-10,3.2948411004978317
2023-12-11,3.3679512920788577
2023-12-12,3.4538900383819677
2023-12-13,3.192512337448764
2023-12-14,3.5541063516331164
2023-12-15,3.660824920420055
2023-12-16,3.538729687685912
2023-12-17,3.459732882829981
2023-12-18,3.640719174407875
2023-12-19,3.5888216986410653
2023-12-20,3.6470369115031707
2023-12-21,3.6695758916872703
2023-12-22,3.5877455469815476
2023-12-23,3.5128160056520636
2023-12-24,3.578587845394648
2023-12-25,3.6647488086548887
2023-12-26,3.495011705194121
2023-12-27,3.329198154402377
2023-12-28,3.7874995445621185
2023-12-29,3.691166107246724
2023-12-30,3.6708440402986664
2023-12-31,3.461617037003238
2024-01-01,3.5805069527015
2024-01-02,3.6620029677293617
2024-01-03,3.6979369917381137
2024-01-04,3.529365471182561
2024-01-05,3.5365953491319315
2024-01-06,3.452841521907634
2024-01-07,3.4452300269007035
2024-01-08,3.545504984973589
2024-01-09,3.537686087705626
2024-01-10,3.4896267136880943
2024-01-11,3.5756957900343207
2024-01-12,3.6546979363361536
2024-01-13,3.6769656770799988
2024-01-14,3.4676126750863814
2024-01-15,3.5833243497355665
2024-01-16,3.6067392465170767
2024-01-17,3.456638834399406
2024-01-18,3.5780524720244364
2024-01-19,3.6876279654656314
2024-01-20,3.5240426894888337
2024-01-21,3.5299624985282803
2024-01-22,3.594025493755588
2024-01-23,3.7363278099952435
2024-01-24,3.640011545519408
2024-01-25,3.656791266030955
2024-01-26,3.5868154767495493
2024-01-27,3.3168310580758127
2024-01-28,3.355771696107197
2024-01-29,3.671371730369539
2024-01-30,3.723733274231968
2024-01-31,3.716879889545936
2024-02-01,3.577904531561842
2024-02-02,3.828924365319485
2024-02-03,3.591915992471123
2024-02-04,3.5717997051150343
2024-02-05,3.5296120127167203
2024-02-06,3.6284921572991835
2024-02-07,3.4698887796919546
2024-02-08,3.597370257705618
2024-02-09,3.6002643034501958
2024-02-10,3.442179261532249
2024-02-11,3.6438779896785114
2024-02-12,3.814734615084363
2024-02-13,3.7026236184418404
2024-02-14,3.6319189713917237
2024-02-15,3.5662345311061383
2024-02-16,3.5435729848403743
2024-02-17,3.3254343370061266
2024-02-18,3.5365233489441374
2024-02-19,3.4970068907422878
2024-02-20,3.551912085059884
2024-02-21,3.6127940718730427
2024-02-22,3.601891053935047
2024-02-23,3.5364759864643203
2024-02-24,3.4067188935714072
2024-02-25,3.466112444277006
2024-02-26,3.5677231673963483
2024-02-27,3.6171452257507375
2024-02-28,3.6419305817410503
2024-02-29,3.554727369394069
2024-03-01,3.3900699966806633
2024-03-02,3.3926128472661725
2024-03-03,3.632095103547911
2024-03-04,3.5658658221474955
2024-03-05,3.540164265050064
2024-03-06,3.5325628372237534
2024-03-07,3.556071715177637
2024-03-08,3.632560527083241
2024-03-09,3.431730748791681
2024-03-10,3.436363253811904
2024-03-11,3.5060848768904673
2024-03-12,3.605155465873981
2024-03-13,3.4984424364413536
2024-03-14,3.6151175549612673
2024-03-15,3.5531254145843
2024-03-16,3.6852291823754073
2024-03-17,3.441833980409606
2024-03-18,3.5621933188389354
2024-03-19,3.6036806484279955
2024-03-20,3.5309797310407136
2024-03-21,3.6394691622212685
2024-03-22,3.561538188162347
2024-03-23,3.4479114384813214
2024-03-24,3.0692469174741035
2024-03-25,3.367856288942427
2024-03-26,3.581325768607426
2024-03-27,3.383574199829427
2024-03-28,3.44019474606898
2024-03-29,3.54292162831113
2024-03-30,3.6333554900981633
2024-03-31,3.46078812726723
2024-04-01,3.5796714514346983
2024-04-02,3.472273953637145
2024-04-03,3.371933787815154
2024-04-04,3.356273225711399
2024-04-05,3.549366214641014
2024-04-06,3.5737518402212403
2024-04-07,3.596259115074328
2024-04-08,3.603289063722104
2024-04-09,3.5561200082175146
2024-04-10,3.765078643826816
2024-04-11,3.4732311239444904
2024-04-12,3.4672216812192485
2024-04-13,3.7959251638019467
2024-04-14,3.3919767130410428
2024-04-15,3.588058873050328
2024-04-16,3.537376544111205
2024-04-17,3.4575304448835222
2024-04-18,3.4053116697221775
2024-04-19,3.5088490419007665
2024-04-20,3.640866298864164
2024-04-21,3.5017600651523795
2024-04-22,3.428138130569436
2024-04-23,3.5745758893881376
2024-04-24,3.5657953927207875
2024-04-25,3.5636791156387693
2024-04-26,3.3346877632753484
2024-04-27,3.4319378211294356
2024-04-28,3.48943211657786
2024-04-29,3.491057515620689
2024-04-30,3.5314069447471184
2024-05-01,3.4962498591798523
2024-05-02,3.4680206930313298
2024-05-03,3.4653073829629464
2024-05-04,3.2830440001773122
2024-05-05,3.324671265959144
2024-05-06,3.552255226276874
2024-05-07,3.6672158488231057
2024-05-08,3.6357049997755637
2024-05-09,3.6660255850507957
2024-05-10,3.696725894940843
2024-05-11,3.704901902494407
2024-05-12,3.570289009362903
2024-05-13,3.596346552315422
2024-05-14,3.4670093427323305
2024-05-15,3.6324838541179636
2024-05-16,3.5964614583119414
2024-05-17,3.44630778245857
2024-05-18,3.3461887286586687
2024-05-19,3.337375313673461
2024-05-20,3.5657441142534987
2024-05-21,3.538396839401201
2024-05-22,3.3680212767643583
2024-05-23,3.4844582008796667
2024-05-24,3.5624641798081096
2024-05-25,3.5759506452355887
2024-05-26,3.4766601803491164
2024-05-27,3.494937753399944
2024-05-28,3.4099403235552264
2024-05-29,3.5373925729931464
2024-05-30,3.483512524787517
2024-05-31,3.460077411855356
2024-06-01,3.3926501406650003
2024-06-02,3.5295877292469284
2024-06-03,3.631450762072931
2024-06-04,3.571381672224819
2024-06-05,3.569309317827109
2024-06-06,3.4941366064915145
2024-06-07,3.5412611640125973
2024-06-08,3.5050046209570422
2024-06-09,3.389490464906906
2024-06-10,3.3533222765515243
2024-06-11,3.51803149433544
2024-06-12,3.714165777267941
2024-06-13,3.506780445575689
2024-06-14,3.55608997615328
2024-06-15,3.639702166143146
2024-06-16,3.5816597660305654
2024-06-17,3.612353139966532
2024-06-18,3.4681095528288757
2024-06-19,3.4989228941159616
2024-06-20,3.5804953434808584
2024-06-21,3.5039116949588633
2024-06-22,3.4920822135133585
2024-06-23,3.396778363133892
2024-06-24,3.4534681753005505
2024-06-25,3.5045262330468514
2024-06-26,3.4793013305392244
2024-06-27,3.536875797231281
2024-06-28,3.6257268232459743
2024-06-29,3.5707443439906528
2024-06-30,3.6311778949265707
2024-07-01,3.584290213768488
2024-07-02,3.5070242110534817
2024-07-03,3.58967648319193
2024-07-04,3.4862799452970465
2024-07-05,3.4732955658939693
2024-07-06,3.555125143551939
2024-07-07,3.543274639703362
2024-07-08,3.4013525551295336
2024-07-09,3.512916351753517
2024-07-10,3.3857987880100238
2024-07-11,3.587003738164306
2024-07-12,3.530997687241473
2024-07-13,3.6631626446452463
2024-07-14,3.665913421461685
2024-07-15,3.6406369255267257
2024-07-16,3.665730046536496
2024-07-17,3.6414877197555695
2024-07-18,3.534143125629542
2024-07-19,3.6672838221659134
2024-07-20,3.6777830036677814
2024-07-21,3.5508960696651055
2024-07-22,3.664419457917586
2024-07-23,3.667092234517246
2024-07-24,3.6405429677188677
2024-07-25,3.636360277950767
2024-07-26,3.6055051282224184
2024-07-27,3.546848641104431
2024-07-28,3.551537550729341
2024-07-29,3.619030256279911
2024-07-30,3.4590983955229255
2024-07-31,3.594983210689875
2024-08-01,3.497544800091535
2024-08-02,3.742207136535847
2024-08-03,3.737927566830404
2024-08-04,3.5454232763307076
2024-08-05,3.6528713058268605
2024-08-06,3.7071736944211566
2024-08-07,3.5371869329101964
2024-08-08,3.555807332800613
2024-08-09,3.432770604259771
2024-08-10,3.543952113579811
2024-08-11,3.689673368580506
2024-08-12,3.8090048852176235
2024-08-13,3.5455029771962057
2024-08-14,3.7736906466099445
2024-08-15,3.602248579984806
2024-08-16,3.5389726640942936
2024-08-17,3.3809244458738528
2024-08-18,3.5273741247453962
2024-08-19,3.6067627526209507
2024-08-20,3.4416358831762675
2024-08-21,3.6371534599453996
2024-08-22,3.646227696991661
2024-08-23,3.490953059881039
2024-08-24,3.474913825309279
2024-08-25,3.559729433424993
2024-08-26,3.636788626908665
2024-08-27,3.5850091631740484
2024-08-28,3.385260704775858
2024-08-29,3.531622800075065
2024-08-30,3.6269974346084846
2024-08-31,3.738936504483454
2024-09-01,3.4628601579710026
2024-09-02,3.4644602057044342
2024-09-03,3.5587425894156604
2024-09-04,3.642659116638863
2024-09-05,3.6494570335079937
2024-09-06,3.588239818629799
2024-09-07,3.630768491274601
2024-09-08,3.441143035330434
2024-09-09,3.474770672709138
2024-09-10,3.6253775876154744
2024-09-11,3.5924625158076893
2024-09-12,3.6500519321714693
2024-09-13,3.531662550882625
2024-09-14,3.4891130144389715
2024-09-15,3.69494675139522
2024-09-16,3.5872751247719115
2024-09-17,3.59116316747302
2024-09-18,3.4583788823058232
2024-09-19,3.630138125516303
2024-09-20,3.7358301779274887
2024-09-21,3.4687611123313986
2024-09-22,3.5730791659734544
2024-09-23,3.4697440967523927
2024-09-24,3.45699586038186
2024-09-25,3.5395167507509546
2024-09-26,3.3930688480805475
2024-09-27,3.399345295266921
2024-09-28,3.551878737769559
2024-09-29,3.6914092255151782
2024-09-30,3.587133406632503
2024-10-01,3.4851709996776767
2024-10-02,3.539258856632233
2024-10-03,3.584337609164068
2024-10-04,3.6077846058831415
2024-10-05,3.562927608376059
2024-10-06,3.494207965273254
2024-10-07,3.5085212291706367
2024-10-08,3.620017379828785
2024-10-09,3.651277870911712
2024-10-10,3.559275196597719
2024-10-11,3.5306875508101196
2024-10-12,3.6726770182713837
2024-10-13,3.4305369520690636
2024-10-14,3.6198188396194686
2024-10-15,3.682287120229588
2024-10-16,3.5131332906482275
2024-10-17,3.1742368996230503
2024-10-18,3.4982378735377373
2024-10-19,3.447187870879983
2024-10-20,3.3923586697101302
2024-10-21,3.4587884055882703
2024-10-22,3.438083962878029
2024-10-23,3.544386957395074
2024-10-24,3.535846558748492
2024-10-25,3.6742928789418734
2024-10-26,3.4321383457955923
2024-10-27,3.493070032800917
2024-10-28,3.660440084341471
2024-10-29,3.574489249867015
2024-10-30,3.638990878382523
2024-10-31,3.4104875053346055
2024-11-01,3.525185573891814
2024-11-02,3.368364720377948
2024-11-03,3.5436862532634796
2024-11-04,3.6883504922743664
2024-11-05,3.471286712510854
2024-11-06,3.491345321450206
2024-11-07,3.561144551074547
2024-11-08,3.753774035249655
2024-11-09,3.5765444238006623
2024-11-10,3.6898706011233378
2024-11-11,3.6611287986513465
2024-11-12,3.614954018400108
2024-11-13,3.619335450593173
2024-11-14,3.646165923179676
2024-11-15,3.4817802440844097
2024-11-16,3.3847546138942874
2024-11-17,3.5525812343967136
2024-11-18,3.6356061323023896
2024-11-19,3.5687893834527937
2024-11-20,3.6413475848054717
2024-11-21,3.786778072944333
2024-11-22,3.5827738716162187
2024-11-23,3.4436209370389896
2024-11-24,3.7019679712500233
2024-11-25,3.6038149801073835
2024-11-26,3.6555860892400793
2024-11-27,3.7320290059984447
2024-11-28,3.5862983367361925
2024-11-29,3.740696523683263
2024-11-30,3.6917001286956537
2024-12-01,3.523678215771348
2024-12-02,3.591790530915306
2024-12-03,3.5475699427389564
2024-12-04,3.543982310473198
2024-12-05,3.650482819254105
2024-12-06,3.6240744609828046
2024-12-07,3.6531012312509965
2024-12-08,3.53503554570604
2024-12-09,3.7707829463497498
2024-12-10,3.501822803929692
2024-12-11,3.502087688092282
2024-12-12,3.614628562610463
2024-12-13,3.6561607124978046
2024-12-14,3.6532568666185137
2024-12-15,3.5443033759224023
2024-12-16,3.6817241976553836
2024-12-17,3.489749978027416
2024-12-18,3.6830412945015656
2024-12-19,3.4587133319119676
2024-12-20,3.545841914814894
2024-12-21,3.5918724535621838
2024-12-22,3.2743405141165995
2024-12-23,3.5108868037139236
2024-12-24,3.4590062204288246
2024-12-25,3.4491025518880023
2024-12-26,3.3844774442670347
2024-12-27,3.579684247094221
2024-12-28,3.398499659895408
2024-12-29,3.409005393007136
2024-12-30,3.517752073841991
2024-12-31,3.422280914402602
2025-01-01,3.463581482833543
2025-01-02,3.463300976553696
2025-01-03,3.485217648391792
2025-01-04,3.469916687954987
2025-01-05,3.6423060503483766
2025-01-06,3.563842470607274
2025-01-07,3.4780502902102386
2025-01-08,3.7383711003342186
2025-01-09,3.642177527279896
2025-01-10,3.720359527194832
2025-01-11,3.7845346164969644
2025-01-12,3.5863603961940447
2025-01-13,3.6037601929230068
2025-01-14,3.573549096166491
2025-01-15,3.6688557354168947
2025-01-16,3.522272172871967
2025-01-17,3.5267097984921354
2025-01-18,3.4282403387317335
2025-01-19,3.463231830541575
2025-01-20,3.4781598007313326
2025-01-21,3.4553376156806026
2025-01-22,3.409090417123376
2025-01-23,3.528848099094457
2025-01-24,3.6015881635749625
2025-01-25,3.5297432619868445
2025-01-26,3.5882089607302285
2025-01-27,3.5740386237064063
2025-01-28,3.5988064257305767
2025-01-29,3.67181888170583
2025-01-30,3.6095934606716122
2025-01-31,3.4735548991032443
2025-02-01,3.558096470269128
2025-02-02,3.674796503512732
2025-02-03,3.4431074032500764
2025-02-04,3.6215018217576063
2025-02-05,3.377292251227674
2025-02-06,3.703584838832615
2025-02-07,3.5351991534659333
2025-02-08,3.4575323541289222
2025-02-09,3.813558428927596
2025-02-10,3.6575744873677576
2025-02-11,3.527293863198061
2025-02-12,3.5614865760587184
2025-02-13,3.6678849317186564
2025-02-14,3.5367785703504073
2025-02-15,3.3568339809002397
2025-02-16,3.408893483155096
2025-02-17,2.811098867197469
2025-02-18,3.362675218182467
2025-02-19,3.5482571547031334
2025-02-20,3.6469468868725006
2025-02-21,3.590722674399019
2025-02-22,3.4065144782961903
2025-02-23,3.37809284962371
2025-02-24,3.489495299910522
2025-02-25,3.5506278487606484
2025-02-26,3.5445176351065704
2025-02-27,3.333593787085638
2025-02-28,3.4734004199040998
2025-03-01,3.502529537699288
2025-03-02,3.304046220578086
2025-03-03,3.349173305638264
2025-03-04,3.4741809157443915
2025-03-05,3.354539690628563
2025-03-06,3.31429755125926
2025-03-07,3.413654613313245
2025-03-08,3.4723056606783214
2025-03-09,3.411421893173763
2025-03-10,3.552195972172472
2025-03-11,3.640776135862872
2025-03-12,3.5183653422933667
2025-03-13,3.592929220983942
2025-03-14,3.523689185727483
2025-03-15,3.5357546783506066
2025-03-16,3.6653142116986572
2025-03-17,3.58067147847064
2025-03-18,3.432689009671132
2025-03-19,3.4349307481631652
2025-03-20,3.615004250134082
2025-03-21,3.715807779766095
2025-03-22,3.7437737268114453
2025-03-23,3.3551990511770327
2025-03-24,3.5526951233972066
2025-03-25,3.5583376447556367
2025-03-26,3.5454769322288464
2025-03-27,3.5901680944304557
2025-03-28,3.6492580238089984
2025-03-29,3.6419309843653833
2025-03-30,3.59098063144188
2025-03-31,3.3787462484542554
2025-04-01,3.5732257240160505
2025-04-02,3.540871487160896
2025-04-03,3.691909113002581
2025-04-04,3.6452595050983962
2025-04-05,3.5682392299335195
2025-04-06,3.5546195483740064
2025-04-07,3.6595013514744004
2025-04-08,3.6123668378005807
2025-04-09,3.5054784824031793
2025-04-10,3.6262756023228833
2025-04-11,3.646066163172144
2025-04-12,3.6154133958955397
2025-04-13,3.3579135598507315
2025-04-14,3.681019238354888
2025-04-15,3.397638610501153
2025-04-16,3.5343503955290307
2025-04-17,3.7475278408251187
2025-04-18,3.5591388842970173
2025-04-19,3.4286315881632023
2025-04-20,3.398753710139449
2025-04-21,3.1515265123089784
2025-04-22,3.502987924575173
2025-04-23,3.610419472956905
2025-04-24,3.5648411964803803
2025-04-25,3.4919630631499974
2025-04-26,3.4149695420827584
2025-04-27,3.2737291558393493
2025-04-28,3.600572327763388
2025-04-29,3.546374059464178
2025-04-30,3.6286608162972382
2025-05-01,3.651600891159774
2025-05-02,3.4811586892754036
2025-05-03,3.422717021661494
2025-05-04,3.4608653522694217
2025-05-05,3.498829892362869
2025-05-06,3.407875653610661
2025-05-07,3.559692638243394
2025-05-08,3.6038573077384357
2025-05-09,3.419672897262764
2025-05-10,3.4012478928823846
2025-05-11,3.5322539175220897
2025-05-12,3.525661787289689
2025-05-13,3.4834366865246955
2025-05-14,3.477945163905693
2025-05-15,3.5540047349864894
2025-05-16,3.461152018526791
2025-05-17,3.516145258456103
2025-05-18,3.3290490097938377
2025-05-19,3.4010746078985497
2025-05-20,3.405015329716611
2025-05-21,3.5090198791904226
2025-05-22,3.4909404030551356
2025-05-23,3.353433713135093
2025-05-24,3.4164815822987373
2025-05-25,3.466253492033223
2025-05-26,3.6126523597363565
2025-05-27,3.6329583951203936
2025-05-28,3.4110673576751243
2025-05-29,3.562744639890117
2025-05-30,3.568770907439888
2025-05-31,3.2603632450895494
2025-06-01,3.5141453361273003
2025-06-02,3.490925716326835
2025-06-03,3.618356196776316
2025-06-04,3.6692678868278885
2025-06-05,3.631531518847753
2025-06-06,3.5356434996231667
2025-06-07,3.3704779584079745
2025-06-08,3.3963164580210714
2025-06-09,3.622479788500764
2025-06-10,3.694460341987801
2025-06-11,3.699699480363052
2025-06-12,3.6329081228740705
2025-06-13,3.5830673135774407
2025-06-14,2.9726522445153885
2025-06-15,2.188721875540867
2025-06-16,1.584962500721156
2025-06-17,
2025-06-18,1.0
2025-06-19,
2025-06-20,
2025-06-21,0.0
2025-06-22,0.0
2025-06-23,
2025-06-24,
2025-06-25,1.9254106352407239
2025-06-26,2.0741647430225756
2025-06-27,0.0
2025-06-28,0.0
2025-06-29,1.0
2025-06-30,0.0
2025-07-01,2.2359263506290326
2025-07-02,3.4371304089655745
2025-07-03,3.4730128315832394
2025-07-04,3.7209392933574894
2025-07-05,3.475656009927417
2025-07-06,3.400464261132297
2025-07-07,3.6317361648392805
2025-07-08,3.5844320663154794
2025-07-09,3.5504517044921347
2025-07-10,3.4784772027302515
2025-07-11,3.7427773453519055
2025-07-12,3.466095366772268
2025-07-13,3.350936109574522
2025-07-14,3.359993263188592
2025-07-15,3.460332350226902
2025-07-16,3.519220366423546
2025-07-17,3.6701654171802045
2025-07-18,3.6077265201829998
2025-07-19,3.5359309963725494
2025-07-20,3.4897840869216
2025-07-21,3.550345918230612
2025-07-22,3.466032038567287
2025-07-23,3.3803239046901457
2025-07-24,3.6587606466010483
2025-07-25,3.572440348538598
2025-07-26,3.3899204910749487
2025-07-27,3.4442102210706267
2025-07-28,3.638641097247497
2025-07-29,3.6712308865047847
2025-07-30,3.6542866598261483
2025-07-31,3.4939650984431925
2025-08-01,3.3650917671786647
2025-08-02,3.7027832874712145
2025-08-03,3.392734493227049
2025-08-04,3.6157934283291735
2025-08-05,3.5140497829982325
2025-08-06,3.4597458642422203
2025-08-07,3.6485938331148566
2025-08-08,3.7131602122201053
2025-08-09,3.5714261044318287
2025-08-10,3.597338779958867
2025-08-11,3.462755584830443
2025-08-12,3.546219235637712
2025-08-13,3.541985908048173
2025-08-14,3.4685659435138234
2025-08-15,3.4799531788086586
2025-08-16,3.4922612646998092
2025-08-17,3.7262376942301034
2025-08-18,3.473586738924514
2025-08-19,3.7257202076207383
2025-08-20,3.7013588593653894
2025-08-21,3.8058358538281056
2025-08-22,3.7876858541508156
2025-08-23,3.810200016372806
2025-08-24,3.7703248970769643
2025-08-25,3.768868312321145
2025-08-26,3.533365001720139
2025-08-27,3.655742896873485
2025-08-28,3.735676545554649
2025-08-29,3.661146878961001
2025-08-30,3.558511519106273
2025-08-31,3.558437436594465
2025-09-01,3.628471690888522
2025-09-02,3.5360236865341874
2025-09-03,3.554295463601586
2025-09-04,3.7019340412663886
2025-09-05,3.603410797955801
2025-09-06,3.56027243342064
2025-09-07,3.6474961306708447
2025-09-08,3.6459316009036926
2025-09-09,3.657401361673601
2025-09-10,3.685223596923176
2025-09-11,3.674812003911023
2025-09-12,3.7580369787432564
2025-09-13,3.4824225555256887
2025-09-14,3.588553243410674
2025-09-15,3.7417307912755566
2025-09-16,3.6670126461093284
2025-09-17,3.5827811427402763
2025-09-18,3.5817195217150273
2025-09-19,3.578610554192372
2025-09-20,3.7132007522550166
2025-09-21,3.7020443559643272
2025-09-22,3.70596030222338
2025-09-23,3.6813549329047617
2025-09-24,3.6260465610221098
2025-09-25,3.7258499696222938
2025-09-26,3.4457480647305214
2025-09-27,3.4843759995999877
2025-09-28,3.488716649244314
2025-09-29,3.607862251007083
2025-09-30,3.617709274012636
2025-10-01,3.744216755795925
2025-10-02,3.6684126502003913
2025-10-03,3.5474891137806246
2025-10-04,3.4938962987821607
2025-10-05,3.4888905317803167
2025-10-06,3.527184041814928
2025-10-07,3.4407795808077135
2025-10-08,3.642293594584223
2025-10-09,3.5525058938263143
2025-10-10,3.555588978628068
2025-10-11,3.709072113479527
2025-10-12,3.3822161966818167
2025-10-13,3.487462697130516
2025-10-14,3.6428713651310187
2025-10-15,3.624417741785689
2025-10-16,3.6134379546076936
2025-10-17,3.6780881716006966
2025-10-18,3.696558309631378
2025-10-19,3.518369049845994
2025-10-20,3.6150521960223396
2025-10-21,3.670112731481293
2025-10-22,3.639292562032337
2025-10-23,3.5434945576648404
2025-10-24,3.4779740617709503
2025-10-25,3.404775642358452
2025-10-26,3.451042729894037
2025-10-27,3.545960907838091
2025-10-28,3.447271211553905
2025-10-29,3.6545848212638665
2025-10-30,3.5962419128019785
2025-10-31,3.432845833728221
2025-11-01,3.5943776642012946
2025-11-02,3.5851970364775685
2025-11-03,3.5345925016846316
2025-11-04,3.468994289639729
2025-11-05,3.481868384172047
2025-11-06,3.6265068012795854
2025-11-07,3.6684554352154843
2025-11-08,3.490561477912976
2025-11-09,3.4630118634741227
2025-11-10,3.6361092410621723
2025-11-11,3.531057947352693
2025-11-12,3.5894016547472085
2025-11-13,3.5262626402570385
2025-11-14,3.465105009223491
2025-11-15,3.4285305333140053
2025-11-16,3.701895505773429
2025-11-17,3.4467849500911933
2025-11-18,3.57400087209742
2025-11-19,3.6603976990127975
2025-11-20,3.45385940021834
2025-11-21,3.4013372889048803
2025-11-22,3.6872341249711154
2025-11-23,3.207308518251508
2025-11-24,3.4447359141794123
2025-11-25,3.6204774624432927
2025-11-26,3.3938843744579987
2025-11-27,3.417514328393006
2025-11-28,3.7081422170008382
2025-11-29,3.5123892011034243
2025-11-30,3.492588556761316
2025-12-01,3.450760411740113
2025-12-02,3.477309536558337
2025-12-03,3.560055273677191
2025-12-04,3.4758329014263154
2025-12-05,3.5758272083776435
2025-12-06,3.309528940339184
2025-12-07,3.4880263244149843
2025-12-08,3.607430095648556
2025-12-09,3.642876540293065
2025-12-10,3.556891826309761
2025-12-11,3.4744510969307583
2025-12-12,3.4747696935147947
2025-12-13,3.463377675741912
2025-12-14,3.4301082217836187
2025-12-15,3.5633556738322882
2025-12-16,3.383318328315811
2025-12-17,3.384962401281219
2025-12-18,3.3804497995468528
2025-12-19,3.321478528456639
2025-12-20,3.4140334208129515
2025-12-21,3.5057581560846907
2025-12-22,3.7237852766134463
2025-12-23,3.5004055599009005
2025-12-24,3.58417995906799
2025-12-25,3.40402838122651
2025-12-26,3.5452581404765064
2025-12-27,3.4410977240375167
2025-12-28,3.250339098501826
2025-12-29,3.5666488129460037
2025-12-30,3.755026289496486
2025-12-31,3.5744407191341487
