date,value
2015-02-18,-2.160162756765549
2015-02-19,-1.4266583360417706
2015-02-20,-1.5873875371367863
2015-02-21,-1.4773299044893276
2015-02-22,-1.2681051889670245
2015-02-23,-1.63823230800121
2015-02-24,-1.2512382216840656
2015-02-25,-1.3612774513858232
2015-02-26,-1.6551258889578864
2015-02-27,-1.6606863942362031
2015-02-28,-1.8337125002494028
2015-03-01,-1.9184717232316826
2015-03-02,-1.5913779371528871
2015-03-03,-1.269822444561135
2015-03-04,-1.4611496982264334
2015-03-05,-1.6012919529489986
2015-03-06,-1.7172307047552737
2015-03-07,-2.4322022383768145
2015-03-08,-1.767205626273063
2015-03-09,-1.3117846585673123
2015-03-10,-1.5315610608646233
2015-03-11,-1.4880611408439663
2015-03-12,-1.0132236551405633
2015-03-13,-1.348997730121916
2015-03-14,-1.6358754070295491
2015-03-15,-0.8773105370600062
2015-03-16,-1.434098755073407
2015-03-17,-1.2083135998179249
2015-03-18,-1.8478088415893035
2015-03-19,-1.313208357537743
2015-03-20,-1.8249517652605638
2015-03-21,-1.1381449514708495
2015-03-22,-1.1981366708049332
2015-03-23,-0.8890131693356125
2015-03-24,-1.9371703902380177
2015-03-25,-1.6030094598144988
2015-03-26,-2.5087697301542056
2015-03-27,-1.651878145822704
2015-03-28,-1.1271864847191606
2015-03-29,-1.2849271189394962
2015-03-30,-2.2285516935229537
2015-03-31,-0.9651914221174519
2015-04-01,-1.3116712843695815
2015-04-02,-1.537795536792723
2015-04-03,-1.0242942980050211
2015-04-04,-1.5017511370616219
2015-04-05,-0.941350290987807
2015-04-06,-1.761310430292507
2015-04-07,-1.6228663865968713
2015-04-08,-1.5313586512380497
2015-04-09,-1.4822830009418595
2015-04-10,-1.4370427802589718
2015-04-11,-1.7886726237369812
2015-04-12,-1.306224888845235
2015-04-13,-1.8974552708539492
2015-04-14,-1.4101356547310175
2015-04-15,-1.264119813073107
2015-04-16,-1.4659350093943586
2015-04-17,-1.3432892746612228
2015-04-18,-0.5261259078442226
2015-04-19,-1.2341238617360655
2015-04-20,-1.625150301487073
2015-04-21,-1.198712726430069
2015-04-22,-1.5817612078225696
2015-04-23,-1.6305243753241994
2015-04-24,-1.442339453911818
2015-04-25,-1.4956797346549167
2015-04-26,-1.5960520901363482
2015-04-27,-0.9534907558345305
2015-04-28,-1.3764904845472723
2015-04-29,-1.8126385506987572
2015-04-30,-1.3529803324867757
2015-05-01,-1.2755871297314318
2015-05-02,-1.3069592865061426
2015-05-03,-0.6011396399422598
2015-05-04,-1.8113642253563234
2015-05-05,-1.4109565222529459
2015-05-06,-1.143661409018429
2015-05-07,-1.640037784566641
2015-05-08,-0.9597632548056391
2015-05-09,-0.9979282085356278
2015-05-10,-1.5714436617038166
2015-05-11,-1.3654471146680767
2015-05-12,-1.05919600336683
2015-05-13,-1.759795377733246
2015-05-14,-1.0327718272728015
2015-05-15,-1.464528009004949
2015-05-16,-1.4325270524547482
2015-05-17,-0.8384997962237458
2015-05-18,-0.9970317836975556
2015-05-19,-1.0185019600663914
2015-05-20,-1.0221302406627688
2015-05-21,-0.8199522628746677
2015-05-22,-1.2392537442569103
2015-05-23,-1.5776534779286733
2015-05-24,-1.0410487615987927
2015-05-25,-1.678579087814199
2015-05-26,-1.1406084293879672
2015-05-27,-1.2895331059307065
2015-05-28,-1.0110222986810147
2015-05-29,-0.8550358935628405
2015-05-30,-1.663658592451774
2015-05-31,-1.5222119372084775
2015-06-01,-0.583829492624107
2015-06-02,-0.8392877620015907
2015-06-03,-0.7037828781184218
2015-06-04,-1.4129979631050713
2015-06-05,-1.3153116779243683
2015-06-06,-1.2617986817003748
2015-06-07,-1.1494591572636383
2015-06-08,-0.38237640888468377
2015-06-09,-1.1486190934396416
2015-06-10,-1.3769862882121273
2015-06-11,-0.9889914992014809
2015-06-12,-1.3969107421759264
2015-06-13,-1.4106954272843233
2015-06-14,-1.5282209170144094
2015-06-15,-1.5106886622342564
2015-06-16,-1.2055092893626196
2015-06-17,-1.378543450537521
2015-06-18,-1.5027646132965833
2015-06-19,-1.3393800889925453
2015-06-20,-1.466072010002762
2015-06-21,-1.4108822513578434
2015-06-22,-1.2258651816451316
2015-06-23,-1.2961900257103913
2015-06-24,-1.4399268577325999
2015-06-25,-1.7676913513124255
2015-06-26,-1.8129785595721084
2015-06-27,-1.341732756039035
2015-06-28,-1.3973549817017552
2015-06-29,-0.8832275372525412
2015-06-30,-1.8848635876898905
2015-07-01,-1.1650472851637164
2015-07-02,-1.7058976888197228
2015-07-03,-2.7143079656122815
2015-07-04,-1.4350959340149112
2015-07-05,-1.4906763171391997
2015-07-06,-1.1266013587856634
2015-07-07,-1.1321316051579642
2015-07-08,-1.2805013564915857
2015-07-09,-1.4387421127698312
2015-07-10,-1.556421291917875
2015-07-11,-1.2807452687695657
2015-07-12,-1.3582379065400945
2015-07-13,-0.5223326603952596
2015-07-14,-1.16639583628161
2015-07-15,-1.2087137298515085
2015-07-16,-2.7365866955286675
2015-07-17,-3.1243144433289043
2015-07-18,-2.3165868960369616
2015-07-19,-1.1464696624977597
2015-07-20,-1.4539273067247613
2015-07-21,-1.4522093491227306
2015-07-22,-1.1493103058548881
2015-07-23,-0.9811427733946211
2015-07-24,-1.0399604767621902
2015-07-25,-1.2510980249295907
2015-07-26,-1.2477006971427236
2015-07-27,-1.881368665476188
2015-07-28,-1.7190713424073003
2015-07-29,-2.527523210124311
2015-07-30,-2.7224436971780555
2015-07-31,-1.4149222821048062
2015-08-01,-1.7562391565786402
2015-08-02,-1.0657990746325134
2015-08-03,-1.368179587917021
2015-08-04,-1.491890803500153
2015-08-05,-1.0007385659421397
2015-08-06,-1.3912728192210742
2015-08-07,-1.6471118702813645
2015-08-08,-1.5102974682825183
2015-08-09,-1.285328227532249
2015-08-10,-1.6880381779991704
2015-08-11,-2.5185755021526703
2015-08-12,-1.9499374570415615
2015-08-13,-1.6358979959178253
2015-08-14,-1.1103417859867801
2015-08-15,-1.1615552747533022
2015-08-16,-1.3483381143051827
2015-08-17,-1.2862727081943237
2015-08-18,-0.9597843997265965
2015-08-19,-0.7385187536413107
2015-08-20,-1.616085903799711
2015-08-21,-1.9312019677237644
2015-08-22,-2.8802713750680717
2015-08-23,-2.069162369236756
2015-08-24,-1.3630822186036564
2015-08-25,-2.045434509990809
2015-08-26,-1.613945199305257
2015-08-27,-1.6240756818417175
2015-08-28,-1.7436242010174647
2015-08-29,-2.2665738312222334
2015-08-30,-2.234057650194997
2015-08-31,-2.1821831647311125
2015-09-01,-1.638860088530808
2015-09-02,-1.0886085028299206
2015-09-03,-1.8539285971715882
2015-09-04,-1.7162451024123353
2015-09-05,-1.6555295374067873
2015-09-06,-2.698119587749742
2015-09-07,-1.9895998079780997
2015-09-08,-1.5414908277964927
2015-09-09,-1.7442852405634932
2015-09-10,-1.4273878679959735
2015-09-11,-1.4663757881661432
2015-09-12,-1.4799886792920542
2015-09-13,-1.4671747250774214
2015-09-14,-1.3071320277913616
2015-09-15,-1.583805657930999
2015-09-16,-2.053465709678976
2015-09-17,-1.485603657627305
2015-09-18,-1.9412667853844419
2015-09-19,-1.5950055826512661
2015-09-20,-1.1793828407306854
2015-09-21,-1.0908987540158395
2015-09-22,-1.7709790642316319
2015-09-23,-1.04527732360198
2015-09-24,-1.3298023877720748
2015-09-25,-0.8379512430659081
2015-09-26,-1.0401221220850085
2015-09-27,-1.0090293191705102
2015-09-28,-1.4475698613676142
2015-09-29,-1.5049606894815515
2015-09-30,-1.3921508466002475
2015-10-01,-0.898264419670993
2015-10-02,-1.4442911291705574
2015-10-03,-1.687149861565053
2015-10-04,-1.505477192109543
2015-10-05,-1.050920171559508
2015-10-06,-1.5203190570052874
2015-10-07,-0.9600724608542981
2015-10-08,-1.247938182666948
2015-10-09,-1.421819741590091
2015-10-10,-2.2496753170610035
2015-10-11,-1.3303676838153133
2015-10-12,-1.682841469691747
2015-10-13,-3.0690703849862495
2015-10-14,-2.5901827650576466
2015-10-15,-2.131003217376386
2015-10-16,-1.9409474089681753
2015-10-17,-1.8779083917119845
2015-10-18,-1.613293142034733
2015-10-19,-1.0891566763197489
2015-10-20,-1.0102646298548243
2015-10-21,-1.2539950024668114
2015-10-22,-0.7576897423725619
2015-10-23,-1.4255857539008396
2015-10-24,-2.0720486535846487
2015-10-25,-1.1386139913616196
2015-10-26,-1.3247755841718585
2015-10-27,-1.7870369909260442
2015-10-28,-1.4411610723160366
2015-10-29,-1.0602265577495633
2015-10-30,-1.9679836155000712
2015-10-31,-2.1919891673486176
2015-11-01,-2.2943561544008655
2015-11-02,-0.9225022913296237
2015-11-03,-0.80978087981167
2015-11-04,-1.2760772448922109
2015-11-05,-0.9669176338861026
2015-11-06,-1.2415397906620727
2015-11-07,-1.8246551798724688
2015-11-08,-1.6417693615721187
2015-11-09,-1.4844114402905226
2015-11-10,-1.3736684232818162
2015-11-11,-0.925982914485868
2015-11-12,-1.134531497235935
2015-11-13,-1.8766950670287998
2015-11-14,-4.243742444927578
2015-11-15,-3.2517540476892113
2015-11-16,-2.806502660185942
2015-11-17,-2.0888460224854044
2015-11-18,-1.9732518315870757
2015-11-19,-1.8887176692482588
2015-11-20,-2.157743625424617
2015-11-21,-2.1642687111382033
2015-11-22,-1.432468684272191
2015-11-23,-1.4344197296240258
2015-11-24,-1.6189195994941403
2015-11-25,-1.8851051496650382
2015-11-26,-1.9819636229097812
2015-11-27,-2.149700537833454
2015-11-28,-2.0196414411265162
2015-11-29,-1.5029734421296335
2015-11-30,-1.3547368030338969
2015-12-01,-1.1644202333350337
2015-12-02,-1.057743462536653
2015-12-03,-1.2187959175772631
2015-12-04,-1.661130926911357
2015-12-05,-1.9721839001867207
2015-12-06,-1.429227011158866
2015-12-07,-1.1046729145128429
2015-12-08,-1.4616087637529842
2015-12-09,-1.0318119620923385
2015-12-10,-1.7190752363338608
2015-12-11,-2.040260619443252
2015-12-12,-1.757975611521805
2015-12-13,-1.4011424646055866
2015-12-14,-0.6168608528234679
2015-12-15,-0.8321781371819569
2015-12-16,-1.612839583912084
2015-12-17,-2.78564073962063
2015-12-18,-1.9548970123448486
2015-12-19,-2.1801679977992654
2015-12-20,-1.8871684539000249
2015-12-21,-1.6662460755505628
2015-12-22,-1.607029620257951
2015-12-23,-1.6292423766851778
2015-12-24,-1.292916422097103
2015-12-25,-1.5884144899277441
2015-12-26,-1.8965502759520563
2015-12-27,-2.0888602681722683
2015-12-28,-2.3142947269469625
2015-12-29,-1.5408112511634302
2015-12-30,-1.7610113338876132
2015-12-31,-1.8313995472870246
2016-01-01,-2.251467185965634
2016-01-02,-1.5866337029707214
2016-01-03,-1.8111411259450163
2016-01-04,-1.6431164596875802
2016-01-05,-1.681814237871839
2016-01-06,-1.4152240494947386
2016-01-07,-1.4452619243186269
2016-01-08,-1.2835542679803296
2016-01-09,-1.7229741389729267
2016-01-10,-1.6039232188979038
2016-01-11,-1.5631441618185853
2016-01-12,-1.6562600336727473
2016-01-13,-1.2937431192314954
2016-01-14,-2.82847100072521
2016-01-15,-2.3459718763273156
2016-01-16,-2.385149989210641
2016-01-17,-2.564182113030785
2016-01-18,-2.0690325392271736
2016-01-19,-2.3095978589812796
2016-01-20,-1.560783356474782
2016-01-21,-1.6723950367913514
2016-01-22,-1.5361584120813854
2016-01-23,-2.27668403238889
2016-01-24,-1.686002639403945
2016-01-25,-2.0108402493421424
2016-01-26,-2.2456865316863563
2016-01-27,-1.7961099354181052
2016-01-28,-2.0047449604580874
2016-01-29,-1.8980884262305586
2016-01-30,-1.9990540751488755
2016-01-31,-1.5821437255684512
2016-02-01,-1.2884392009708645
2016-02-02,-1.2232646897274053
2016-02-03,-1.092745411806667
2016-02-04,-1.4391755428457718
2016-02-05,-1.5722499645476438
2016-02-06,-2.6168423309180997
2016-02-07,-2.4836649140108267
2016-02-08,-1.4310984701356662
2016-02-09,-1.5604330367291515
2016-02-10,-1.77447520038291
2016-02-11,-1.4494173278090574
2016-02-12,-1.4480715657906753
2016-02-13,-1.5554031561205797
2016-02-14,-1.4961766621146857
2016-02-15,-1.6584368538228664
2016-02-16,-1.3687439000821628
2016-02-17,-1.1946490694208016
2016-02-18,-1.3387870613445978
2016-02-19,-1.5381929971090178
2016-02-20,-1.6139609191095095
2016-02-21,-1.3183962210784463
2016-02-22,-1.7578577770732342
2016-02-23,-1.5502718801279551
2016-02-24,-1.4448873580690063
2016-02-25,-1.8597316370264874
2016-02-26,-1.542956258902883
2016-02-27,-1.6456208579142542
2016-02-28,-1.3361424525810337
2016-02-29,-1.815933484632534
2016-03-01,-2.408108162565174
2016-03-02,-1.5293558385656614
2016-03-03,-1.3753666430519258
2016-03-04,-1.605298310691526
2016-03-05,-1.151670461381274
2016-03-06,-1.1971426291232499
2016-03-07,-1.2072250935277888
2016-03-08,-1.986114849858941
2016-03-09,-1.7896021172391368
2016-03-10,-1.235316909262785
2016-03-11,-1.4434854131885118
2016-03-12,-1.7968010888108212
2016-03-13,-1.4779844478153958
2016-03-14,-1.2670346701152069
2016-03-15,-1.2622559211462685
2016-03-16,-1.621838426019276
2016-03-17,-1.4055678402197898
2016-03-18,-2.188480364795595
2016-03-19,-2.481954080935331
2016-03-20,-1.8150373374225135
2016-03-21,-2.0196660465778815
2016-03-22,-3.747728172703375
2016-03-23,-3.461079755246337
2016-03-24,-4.042688298544438
2016-03-25,-4.479297564068055
2016-03-26,-3.709597647530375
2016-03-27,-5.469316971217336
2016-03-28,-4.669526134513275
2016-03-29,-3.1853980297132987
2016-03-30,-3.2576022619362974
2016-03-31,-2.3871708002181964
2016-04-01,-1.6652639908204578
2016-04-02,-2.614103063925926
2016-04-03,-2.6284157504070413
2016-04-04,-1.8025099282875392
2016-04-05,-1.6081765896487172
2016-04-06,-1.3359322465291665
2016-04-07,-1.1223161319283168
2016-04-08,-1.059045745033231
2016-04-09,-1.3015309653470122
2016-04-10,-1.7426782695617957
2016-04-11,-1.427396888352152
2016-04-12,-1.175406939230917
2016-04-13,-2.0093742395727903
2016-04-14,-1.559329691916319
2016-04-15,-1.0506607199794484
2016-04-16,-1.4326398440718209
2016-04-17,-1.043012472090452
2016-04-18,-1.4144804752961602
2016-04-19,-1.0943170987310316
2016-04-20,-1.0403863392124129
2016-04-21,-0.8612480013758819
2016-04-22,-1.1655486417977854
2016-04-23,-1.3054497974818497
2016-04-24,-2.5633509260250475
2016-04-25,-1.819231058163745
2016-04-26,-2.117489265933907
2016-04-27,-1.2865359251081387
2016-04-28,-1.1375712343826874
2016-04-29,-1.819097599842651
2016-04-30,-1.6041447571919685
2016-05-01,-1.7085735676568246
2016-05-02,-1.6760802983947383
2016-05-03,-1.3412728309340158
2016-05-04,-1.3859496340771316
2016-05-05,-0.7266781459057677
2016-05-06,-0.8100736888636543
2016-05-07,-0.7839587290411708
2016-05-08,-0.41624467572111157
2016-05-09,-1.2598771886446898
2016-05-10,-1.212043423540857
2016-05-11,-1.0807933226067665
2016-05-12,-1.2089101315010342
2016-05-13,-1.346119183960277
2016-05-14,-1.528694351363845
2016-05-15,-1.4426294640744652
2016-05-16,-1.4889094813036494
2016-05-17,-1.1837615905757999
2016-05-18,-1.1973247001074165
2016-05-19,-1.8075671996813256
2016-05-20,-1.286292300769772
2016-05-21,-1.4979947412660606
2016-05-22,-1.416264814207566
2016-05-23,-1.0723396746768021
2016-05-24,-1.0970017738413274
2016-05-25,-1.0338399610746705
2016-05-26,-1.1992170653359582
2016-05-27,-1.1688584120148737
2016-05-28,-1.0393998195869878
2016-05-29,-1.2014027149587283
2016-05-30,-1.4559424286872844
2016-05-31,-0.617485389865156
2016-06-01,-0.6643375156274707
2016-06-02,-1.209550878887951
2016-06-03,-1.0492997620314084
2016-06-04,-1.3271920964848378
2016-06-05,-0.9318167973205495
2016-06-06,-0.5742729927711331
2016-06-07,-1.357601802133646
2016-06-08,-1.3197431470041758
2016-06-09,-0.994849333613653
2016-06-10,-0.9722521145258815
2016-06-11,-2.3147518506619176
2016-06-12,-2.561960293324484
2016-06-13,-2.0174598561737134
2016-06-14,-2.0161164851706044
2016-06-15,-1.48609695544005
2016-06-16,-1.2768984055711243
2016-06-17,-0.9848490758811439
2016-06-18,-1.547277171114111
2016-06-19,-1.6582241903837285
2016-06-20,-1.5112259666958952
2016-06-21,-2.5891087228579384
2016-06-22,-1.1177473693225355
2016-06-23,-1.0010790076778338
2016-06-24,-0.6676770848118817
2016-06-25,-1.4582573050838699
2016-06-26,-1.3013620950435603
2016-06-27,-1.0106167649392457
2016-06-28,-0.9907090624120074
2016-06-29,-0.9914369473033552
2016-06-30,-1.2356240729372963
2016-07-01,-1.0685950300216398
2016-07-02,-1.07481668381271
2016-07-03,-1.232586854727758
2016-07-04,-0.93962573892366
2016-07-05,-1.007904883418826
2016-07-06,-1.2163983534360097
2016-07-07,-1.4031799485638101
2016-07-08,-2.030309669399546
2016-07-09,-1.2287467334134077
2016-07-10,-1.3665495229011693
2016-07-11,-1.4165825223457513
2016-07-12,-1.3015532213692127
2016-07-13,-1.690757775022935
2016-07-14,-1.5915424140123977
2016-07-15,-2.122394123067475
2016-07-16,-2.2383075955332186
2016-07-17,-2.623649688075323
2016-07-18,-1.666667536462456
2016-07-19,-1.6139400778895503
2016-07-20,-1.515528731782476
2016-07-21,-0.9919425547889393
2016-07-22,-2.320714407028544
2016-07-23,-1.6565174449086175
2016-07-24,-1.4924698293197678
2016-07-25,-1.591536564604242
2016-07-26,-2.2604172461114906
2016-07-27,-2.019186927999386
2016-07-28,-1.4466098865672457
2016-07-29,-1.7537797336966723
2016-07-30,-2.418026621003599
2016-07-31,-2.13435410321254
2016-08-01,-2.1124852296922025
2016-08-02,-1.870995206614691
2016-08-03,-1.2676589001412781
2016-08-04,-0.7889595751371296
2016-08-05,-1.3371516113485988
2016-08-06,-1.4414969943660263
2016-08-07,-1.4283793965875067
2016-08-08,-1.1368234372145243
2016-08-09,-1.2988083214766881
2016-08-10,-1.6204864406817427
2016-08-11,-1.5426309566928853
2016-08-12,-1.7510558449778306
2016-08-13,-2.1180149691856736
2016-08-14,-2.1090623080826316
2016-08-15,-1.859725793814809
2016-08-16,-1.6756793249429311
2016-08-17,-1.20029790438689
2016-08-18,-1.1031680803432684
2016-08-19,-1.3747280576628207
2016-08-20,-1.3878262344945975
2016-08-21,-1.6880448460835726
2016-08-22,-1.3601558722058356
2016-08-23,-1.4378070769618951
2016-08-24,-0.9014423787472919
2016-08-25,-1.4166377348383723
2016-08-26,-1.0372992432452992
2016-08-27,-1.200010988763403
2016-08-28,-1.279001502069475
2016-08-29,-0.9974171256589679
2016-08-30,-0.9070025034227938
2016-08-31,-1.0643143432592976
2016-09-01,-0.4741500611875933
2016-09-02,-1.0195948533877452
2016-09-03,-0.8720193108412689
2016-09-04,-1.092500495600008
2016-09-05,-1.5618779103753786
2016-09-06,-1.426047212284063
2016-09-07,-1.7167552215009183
2016-09-08,-1.7016933423331104
2016-09-09,-0.8398859144047794
2016-09-10,-0.7798649649937224
2016-09-11,-1.5287002834587813
2016-09-12,-1.4446924253834215
2016-09-13,-1.4263348963900082
2016-09-14,-1.0781097728236249
2016-09-15,-1.4888339029824924
2016-09-16,-1.431431738418477
2016-09-17,-1.6188264492529931
2016-09-18,-1.4392840721562066
2016-09-19,-1.4951485833318388
2016-09-20,-1.009117218480062
2016-09-21,-1.1033548236579123
2016-09-22,-2.0353013756872045
2016-09-23,-1.10807062806167
2016-09-24,-1.0789307158406973
2016-09-25,-0.9932786125432225
2016-09-26,-1.3809728102202408
2016-09-27,-1.795825287238722
2016-09-28,-2.4472531724252415
2016-09-29,-1.714670899755978
2016-09-30,-1.569836685955333
2016-10-01,-1.909200409689873
2016-10-02,-2.4863785890328396
2016-10-03,-1.6777945445573483
2016-10-04,-1.3348694394712644
2016-10-05,-0.4508703103801675
2016-10-06,-1.5620068568850451
2016-10-07,-1.6975541806474128
2016-10-08,-1.739683858073551
2016-10-09,-1.5208217525272034
2016-10-10,-1.2563537955945328
2016-10-11,-0.4038388819395441
2016-10-12,-1.0857038809737045
2016-10-13,-1.2564958694890969
2016-10-14,-1.7919577407546918
2016-10-15,-1.5366639240063706
2016-10-16,-1.5587116628068185
2016-10-17,-1.1436250059412418
2016-10-18,-1.156702178055302
2016-10-19,-0.6844577961989302
2016-10-20,-0.5714830975629565
2016-10-21,-1.794078092478544
2016-10-22,-1.0614596284862028
2016-10-23,-1.5228585199807216
2016-10-24,-1.051584017200617
2016-10-25,-1.3808661699465956
2016-10-26,-0.5901349282970852
2016-10-27,-1.138000870804202
2016-10-28,-1.3021867796355846
2016-10-29,-0.9746690611238286
2016-10-30,-1.0126243256912368
2016-10-31,-1.8076376966308938
2016-11-01,-1.091422476262872
2016-11-02,-1.2639669444655997
2016-11-03,-0.8214310980905081
2016-11-04,-0.9282699455324516
2016-11-05,-0.970588532820111
2016-11-06,-0.9894172912499465
2016-11-07,-0.8872661687214279
2016-11-08,-0.5642530697942002
2016-11-09,-0.3108588991654378
2016-11-10,-0.8417516485906187
2016-11-11,-0.9626710936111776
2016-11-12,-1.3208315575045115
2016-11-13,-2.3421013930993166
2016-11-14,-1.613065237277775
2016-11-15,-1.4866715578308938
2016-11-16,-1.5028735597074732
2016-11-17,-2.0030524989317184
2016-11-18,-1.956443509477623
2016-11-19,-2.277245161217806
2016-11-20,-2.527210246412482
2016-11-21,-1.2036667871248374
2016-11-22,-1.0820813236248856
2016-11-23,-1.024017961742888
2016-11-24,-1.004313871585579
2016-11-25,-0.84364038595008
2016-11-26,-1.1773360470975407
2016-11-27,-1.5232579932663577
2016-11-28,-1.1754144435655636
2016-11-29,-1.2207984793516349
2016-11-30,-1.1003497973255243
2016-12-01,-1.3300081503925731
2016-12-02,-1.8307427504136504
2016-12-03,-1.2260211612779794
2016-12-04,-1.5742607076483244
2016-12-05,-1.429776661266982
2016-12-06,-1.5487685504903277
2016-12-07,-1.629255119273346
2016-12-08,-1.7068177461224332
2016-12-09,-3.717391417392789
2016-12-10,-2.8797977457533888
2016-12-11,-2.1002448571705306
2016-12-12,-1.1646753104086807
2016-12-13,-1.030006289689853
2016-12-14,-0.6376645742556447
2016-12-15,-0.8711203266030004
2016-12-16,-0.7611686528442562
2016-12-17,-1.6516031798166173
2016-12-18,-0.9882740303852545
2016-12-19,-1.550782632789366
2016-12-20,-1.6629532627655956
2016-12-21,-1.8447732674061823
2016-12-22,-1.0501733508494249
2016-12-23,-0.880971895719445
2016-12-24,-1.2721414284954622
2016-12-25,-0.7458422617546862
2016-12-26,-1.0930633899270807
2016-12-27,-1.1668496121241985
2016-12-28,-2.4214846370121825
2016-12-29,-2.566693352602682
2016-12-30,-1.8446464743567943
2016-12-31,-1.4872298969009066
2017-01-01,-1.8214748981501783
2017-01-02,-1.8411457532424238
2017-01-03,-1.767756683241438
2017-01-04,-1.810283274362947
2017-01-05,-1.7671020121666074
2017-01-06,-1.575039582393352
2017-01-07,-1.4459238417604474
2017-01-08,-1.6992731290871486
2017-01-09,-1.6331442513417198
2017-01-10,-1.0399479092205601
2017-01-11,-0.900974769321717
2017-01-12,-1.1174138819598682
2017-01-13,-1.5680377044424312
2017-01-14,-2.44675866318852
2017-01-15,-1.8223209503164857
2017-01-16,-1.1254174940029933
2017-01-17,-1.0670395009525542
2017-01-18,-1.1691700259742837
2017-01-19,-1.3537335719381733
2017-01-20,-0.5989986890597736
2017-01-21,-1.0710490405798934
2017-01-22,-0.7381480161191074
2017-01-23,-0.8076399330142054
2017-01-24,-0.9460972451015509
2017-01-25,-1.4099571859475237
2017-01-26,-1.5851140692587513
2017-01-27,-1.3563763663140571
2017-01-28,-1.6625016698979327
2017-01-29,-1.8920334087983637
2017-01-30,-1.8914336043715703
2017-01-31,-1.6636317098622013
2017-02-01,-1.7897185128786786
2017-02-02,-1.6365928939526733
2017-02-03,-1.567824173465324
2017-02-04,-1.493034732607892
2017-02-05,-1.7237748745634094
2017-02-06,-1.0452468111757514
2017-02-07,-1.3225860356553543
2017-02-08,-1.2473915970205809
2017-02-09,-1.3056206334881508
2017-02-10,-1.478487521201908
2017-02-11,-0.8674045194208866
2017-02-12,-1.3835226939129086
2017-02-13,-0.7274149191877342
2017-02-14,-0.9960253223586054
2017-02-15,-0.8522518031810136
2017-02-16,-1.379428585013045
2017-02-17,-0.33675475395616006
2017-02-18,-0.8876046879502025
2017-02-19,-0.5958540174207096
2017-02-20,-0.7138240067063333
2017-02-21,-0.5003011921553446
2017-02-22,-1.165560389296757
2017-02-23,-1.0799247081329661
2017-02-24,-1.0919246641817464
2017-02-25,-1.3819897258017046
2017-02-26,-1.3487674159970755
2017-02-27,-0.6523191685186749
2017-02-28,-0.9248492917433593
2017-03-01,-1.013831393217817
2017-03-02,-0.6975124204195824
2017-03-03,-1.0830353456184696
2017-03-04,-1.1607990978272118
2017-03-05,-1.848395557471387
2017-03-06,-1.339820910504177
2017-03-07,-1.2590702304255799
2017-03-08,-1.0612527062637034
2017-03-09,-1.2378720018375382
2017-03-10,-1.5081811964952396
2017-03-11,-2.879509530035698
2017-03-12,-2.980334470369193
2017-03-13,-2.7989800246479515
2017-03-14,-2.547896163435796
2017-03-15,-1.7802097743338545
2017-03-16,-0.6058317159108765
2017-03-17,-1.3255123657856691
2017-03-18,-1.394260171894695
2017-03-19,-1.6637710315193919
2017-03-20,-1.5173913132809316
2017-03-21,-1.1843667731210383
2017-03-22,-1.811965293493952
2017-03-23,-1.7185568922273657
2017-03-24,-1.6116071107474015
2017-03-25,-0.9965793400078813
2017-03-26,-1.5422631320809672
2017-03-27,-0.9748576117389472
2017-03-28,-1.089813985277277
2017-03-29,-0.8437980242275874
2017-03-30,-0.903623927898783
2017-03-31,-2.2300537962949356
2017-04-01,-1.7122998074272748
2017-04-02,-1.5165750397493827
2017-04-03,-1.9143621294673938
2017-04-04,-1.7736510603996587
2017-04-05,-0.8893432441883423
2017-04-06,-1.647985838401493
2017-04-07,-1.9337497053241703
2017-04-08,-2.003841295072891
2017-04-09,-2.1202840482453733
2017-04-10,-1.438368200577076
2017-04-11,-1.2059567444027968
2017-04-12,-1.2569923979350317
2017-04-13,-0.9541313206283585
2017-04-14,-1.1557705030828727
2017-04-15,-0.9745813299704914
2017-04-16,-1.310183681607808
2017-04-17,-1.2339861132358088
2017-04-18,-1.3213746493916352
2017-04-19,-0.9233791938777767
2017-04-20,-1.1379011542740107
2017-04-21,-1.811761833614883
2017-04-22,-1.6674565514164963
2017-04-23,-0.9607494985228375
2017-04-24,-1.2029701996580122
2017-04-25,-0.503545259431134
2017-04-26,-0.3273144911109561
2017-04-27,-0.10394055016944034
2017-04-28,-0.86612822227649
2017-04-29,-1.1892415621804007
2017-04-30,-0.3548901299314744
2017-05-01,-1.1680169887645533
2017-05-02,-0.7381074457802707
2017-05-03,-1.060396975255354
2017-05-04,-1.339991192527724
2017-05-05,-0.2528459756060662
2017-05-06,-1.213033923407272
2017-05-07,-0.3669406985659435
2017-05-08,-0.2433313528686527
2017-05-09,-0.8119987372872456
2017-05-10,-0.9714889512186388
2017-05-11,-0.6296511529085926
2017-05-12,-0.8427426551224613
2017-05-13,-0.6510896415505552
2017-05-14,-0.44983235443888414
2017-05-15,-1.226788820710793
2017-05-16,-1.3791649255519176
2017-05-17,-0.8314086470354093
2017-05-18,-0.7433967159381414
2017-05-19,-0.7801816448252382
2017-05-20,-0.6860849930355649
2017-05-21,-0.9782770069903345
2017-05-22,-1.0036922713560699
2017-05-23,-0.8194672873539771
2017-05-24,-0.5783526031397128
2017-05-25,-0.37097062924226276
2017-05-26,-0.28472795339401796
2017-05-27,-1.6453938001250865
2017-05-28,-1.4394183400062548
2017-05-29,-1.1391249832030068
2017-05-30,-0.03171381137543313
2017-05-31,-0.3973724823240894
2017-06-01,-0.9483018685864325
2017-06-02,-0.6996724092333877
2017-06-03,-0.8343928138466247
2017-06-04,-1.1299571193582822
2017-06-05,-0.7806769490332007
2017-06-06,-0.9370915307760049
2017-06-07,-1.2502329098402671
2017-06-08,-1.1474727161007139
2017-06-09,-1.0105216132580248
2017-06-10,-1.8264563771602187
2017-06-11,-1.817166579151411
2017-06-12,-0.7638167078384457
2017-06-13,-0.8166161737016635
2017-06-14,-0.8656230982111129
2017-06-15,-0.986171573347992
2017-06-16,-1.0021817259199763
2017-06-17,-0.7577974892500053
2017-06-18,-1.234830956038439
2017-06-19,-0.004940767963813535
2017-06-20,-1.148429073323911
2017-06-21,-1.2650753778152868
2017-06-22,-0.21016687377701226
2017-06-23,-0.6847347681145427
2017-06-24,-0.4457390806072466
2017-06-25,-1.188121747123577
2017-06-26,-1.1688688553303432
2017-06-27,-1.2153284143915422
2017-06-28,-0.9765576111942721
2017-06-29,-1.5439478982932378
2017-06-30,-0.9284439206449043
2017-07-01,-0.8087872298147829
2017-07-02,-1.2087067232965283
2017-07-03,-1.7870079774209617
2017-07-04,-1.9111978455680922
2017-07-05,-2.4081171250977365
2017-07-06,-1.9814970242350038
2017-07-07,-1.8320547577913908
2017-07-08,-1.467741992720599
2017-07-09,-1.0629081995409924
2017-07-10,-1.4340861898801363
2017-07-11,-1.0389706190333252
2017-07-12,-0.8047995701089324
2017-07-13,-1.455977181166436
2017-07-14,-1.203595285393278
2017-07-15,-1.9824148670052162
2017-07-16,-2.2551885209044054
2017-07-17,-2.2860734998487238
2017-07-18,-1.9268045239355815
2017-07-19,-1.2066496468928836
2017-07-20,-2.0429216690862066
2017-07-21,-1.9502878909401047
2017-07-22,-1.8488905460433265
2017-07-23,-1.3215008994060198
2017-07-24,-0.6358762224439762
2017-07-25,-0.6821326662241719
2017-07-26,-1.8054042582058314
2017-07-27,-1.1860561134830159
2017-07-28,-1.394430350007012
2017-07-29,-1.2145050852414359
2017-07-30,-1.1308431219152555
2017-07-31,-1.5851744894145643
2017-08-01,-2.1221316451184014
2017-08-02,-1.502810401816404
2017-08-03,-1.4887028069487522
2017-08-04,-1.6503625833180464
2017-08-05,-1.7002973874872749
2017-08-06,-0.830311039914954
2017-08-07,-1.5718905079544834
2017-08-08,-1.7117623666080934
2017-08-09,-1.96968965627041
2017-08-10,-2.3357571652686175
2017-08-11,-3.511931561173981
2017-08-12,-2.447422448609667
2017-08-13,-2.2180183514447442
2017-08-14,-1.854783994171305
2017-08-15,-1.1778512420142537
2017-08-16,-1.5491473212842592
2017-08-17,-2.71047353843588
2017-08-18,-2.693459504855655
2017-08-19,-2.2824963270324017
2017-08-20,-2.487803868946762
2017-08-21,-1.6739470278103203
2017-08-22,-1.6607196270932483
2017-08-23,-2.593399211531047
2017-08-24,-2.9963186875565713
2017-08-25,-2.297049675536851
2017-08-26,-1.9759884847159728
2017-08-27,-1.3946300003012626
2017-08-28,-0.4345810416002216
2017-08-29,-3.3018576535021347
2017-08-30,-1.0656377709785592
2017-08-31,-1.5266820817067264
2017-09-01,-1.3324747456431472
2017-09-02,-1.028700286739124
2017-09-03,-1.7873018365853393
2017-09-04,-1.0211714006501964
2017-09-05,-1.0507552502113209
2017-09-06,-1.753911336182849
2017-09-07,-2.3995282199115233
2017-09-08,-2.958582858655434
2017-09-09,-2.96547044811983
2017-09-10,-2.9763916337810756
2017-09-11,-1.9478043392817221
2017-09-12,-2.3071682270398894
2017-09-13,-2.0971497724201393
2017-09-14,-1.398000733551113
2017-09-15,-1.204596238240493
2017-09-16,-1.0221290542610117
2017-09-17,-1.0389598298863458
2017-09-18,-1.4543934081812828
2017-09-19,-0.9602909315964978
2017-09-20,-1.3346382054932349
2017-09-21,-1.3852516860804034
2017-09-22,-1.3115178589179055
2017-09-23,-1.470198522682945
2017-09-24,-0.3813701124294865
2017-09-25,-0.9472983106527503
2017-09-26,-0.6690171195334086
2017-09-27,-0.9907875079190954
2017-09-28,-1.1040747392888044
2017-09-29,-0.7364794530469068
2017-09-30,-0.8922833767513855
2017-10-01,-1.5668213915825613
2017-10-02,-1.1417051080702887
2017-10-03,-1.824915290743632
2017-10-04,-1.5314453829989534
2017-10-05,-1.420044869749088
2017-10-06,-1.0201329486877986
2017-10-07,-1.0712619686585212
2017-10-08,-0.8708330558352477
2017-10-09,-1.0835163946073645
2017-10-10,-1.1160919436107277
2017-10-11,-0.990455937949572
2017-10-12,-1.2426595449215074
2017-10-13,-1.0219537356061879
2017-10-14,-0.7308791279661933
2017-10-15,-1.0753853870631163
2017-10-16,-1.0238312883610248
2017-10-17,-1.2001805933920584
2017-10-18,-1.377995903534586
2017-10-19,-1.028092185251125
2017-10-20,-1.242373152144672
2017-10-21,-1.7711745167077153
2017-10-22,-0.8319261018406301
2017-10-23,-0.5713074454275828
2017-10-24,-1.075123222457337
2017-10-25,-1.2430227837276748
2017-10-26,-1.0534525409774937
2017-10-27,-0.8617314630149936
2017-10-28,-0.7334348281629512
2017-10-29,-1.3329792007283072
2017-10-30,-2.1178110416069984
2017-10-31,-1.522057447453844
2017-11-01,-1.4369074217400228
2017-11-02,-2.1425045344353126
2017-11-03,-1.528515083479231
2017-11-04,-1.7232303323139881
2017-11-05,-2.1175041859437282
2017-11-06,-1.2532004852725938
2017-11-07,-1.2899007702401666
2017-11-08,-1.4412530386415912
2017-11-09,-1.8793973082225481
2017-11-10,-1.2609718469282571
2017-11-11,-1.4811663007272828
2017-11-12,-1.4047679434530653
2017-11-13,-1.8247033820295901
2017-11-14,-1.3546250660006478
2017-11-15,-1.2613655084083981
2017-11-16,-1.2630553092305137
2017-11-17,-1.4504361952671583
2017-11-18,-1.285147673808492
2017-11-19,-2.1332344225718636
2017-11-20,-0.6161700408352219
2017-11-21,-0.8219060274404757
2017-11-22,-3.1544348847639316
2017-11-23,-2.4755611011136707
2017-11-24,-1.6588503469899958
2017-11-25,-1.1566949051516207
2017-11-26,-0.9178686709496755
2017-11-27,-0.8755935168623967
2017-11-28,-1.5149749977388403
2017-11-29,-2.8721717422505635
2017-11-30,-3.3532836538431288
2017-12-01,-2.739426380280264
2017-12-02,-2.6321265413522594
2017-12-03,-1.9575213273925829
2017-12-04,-1.0131799888778057
2017-12-05,-1.59479630684714
2017-12-06,-1.3802417843017516
2017-12-07,-1.063075048801133
2017-12-08,-1.6152333280794389
2017-12-09,-1.5460580694955697
2017-12-10,-1.6157218896844283
2017-12-11,-1.6103938514989578
2017-12-12,-1.6772587693201473
2017-12-13,-1.8843944714980143
2017-12-14,-1.8024977571962693
2017-12-15,-3.3164680265955324
2017-12-16,-2.6659317346855773
2017-12-17,-1.3199200274935807
2017-12-18,-1.3726458191206419
2017-12-19,-1.6330170761096352
2017-12-20,-1.675164219279266
2017-12-21,-1.6308345069232826
2017-12-22,-1.5281501367600059
2017-12-23,-1.352517035068525
2017-12-24,-1.4401919303025266
2017-12-25,-0.7821848467247348
2017-12-26,-2.864973520483115
2017-12-27,-2.039381892320061
2017-12-28,-1.835935238501246
2017-12-29,-2.1615730181313615
2017-12-30,-1.8299836892978234
2017-12-31,-1.8883413237905855
2018-01-01,-2.067107483767349
2018-01-02,-2.1031783480440964
2018-01-03,-1.549408402932769
2018-01-04,-1.2115759219077022
2018-01-05,-1.513338467729236
2018-01-06,-1.7929071564978896
2018-01-07,-0.8102858262319409
2018-01-08,-0.9124154910415448
2018-01-09,-0.9555450631071307
2018-01-10,-1.113307301441222
2018-01-11,-1.5353408392894892
2018-01-12,-1.2616879475173493
2018-01-13,-2.106037932608172
2018-01-14,-1.5035147178592474
2018-01-15,-1.1749119276331477
2018-01-16,-0.9221247294743877
2018-01-17,-1.3775423039162629
2018-01-18,-2.0860246235756295
2018-01-19,-1.6213865405324
2018-01-20,-1.27141521346687
2018-01-21,-0.9817300684393415
2018-01-22,-0.6478614738206804
2018-01-23,-1.1481867333557672
2018-01-24,-0.999714999790691
2018-01-25,-1.1801782164119838
2018-01-26,-1.9687873856854046
2018-01-27,-2.506824442977238
2018-01-28,-1.6846946953254216
2018-01-29,-1.0748527906488867
2018-01-30,-1.432304276313622
2018-01-31,-1.3081790874697334
2018-02-01,-1.3071713508817242
2018-02-02,-0.853300068330691
2018-02-03,-1.192121239134644
2018-02-04,-1.2271785348130857
2018-02-05,-1.1548250540091063
2018-02-06,-0.8235590255890629
2018-02-07,-1.07845616020937
2018-02-08,-1.1075136682525386
2018-02-09,-0.7871756102884185
2018-02-10,-1.3466590354254833
2018-02-11,-1.1165045172223942
2018-02-12,-0.9311393378692606
2018-02-13,-1.901280621510926
2018-02-14,-1.8884893260683704
2018-02-15,-1.5541049771410258
2018-02-16,-1.8582530227726017
2018-02-17,-1.7522306259402316
2018-02-18,-2.0486335823070325
2018-02-19,-1.191077092320068
2018-02-20,-1.3205047571698076
2018-02-21,-1.4384781873760413
2018-02-22,-1.9573697439894915
2018-02-23,-2.44933252649749
2018-02-24,-1.983818747858413
2018-02-25,-1.6174881145159434
2018-02-26,-1.3108925806724496
2018-02-27,-1.322219304086992
2018-02-28,-1.2985428076802463
2018-03-01,-1.2208384739996025
2018-03-02,-1.1696392626505812
2018-03-03,-1.527399257665952
2018-03-04,-1.3067471366809755
2018-03-05,-0.7877982286519268
2018-03-06,-0.9909813118467119
2018-03-07,-0.7161338610785808
2018-03-08,-1.2337022092757266
2018-03-09,-1.1827959909116197
2018-03-10,-1.117281580575734
2018-03-11,-1.136209068705394
2018-03-12,-1.2985338482126
2018-03-13,-1.224116969457522
2018-03-14,-1.366881074977748
2018-03-15,-0.7750470064174952
2018-03-16,-1.0433462036946237
2018-03-17,-0.9874911588297384
2018-03-18,-1.0803531739010777
2018-03-19,-1.5660975913766308
2018-03-20,-1.2512281978247233
2018-03-21,-0.5839755000599477
2018-03-22,-0.7802958180203369
2018-03-23,-1.1352424185373429
2018-03-24,-0.728403364374437
2018-03-25,-0.5400096908089783
2018-03-26,-0.8846995903169949
2018-03-27,-0.35802336614306973
2018-03-28,-0.9380246011834502
2018-03-29,-1.0315360910621942
2018-03-30,-1.177602514402975
2018-03-31,-1.731598093327805
2018-04-01,-1.3543991663359385
2018-04-02,-1.3702007052294007
2018-04-03,-2.293312895696983
2018-04-04,-1.7588357561847876
2018-04-05,-1.340504784752057
2018-04-06,-0.9244269382973436
2018-04-07,-0.7370261430760321
2018-04-08,-1.1626405395558947
2018-04-09,-1.5836481774268685
2018-04-10,-1.005767565965007
2018-04-11,-1.44965784317281
2018-04-12,-1.1672444423636554
2018-04-13,-1.491137051569671
2018-04-14,-2.004983833984755
2018-04-15,-1.596352339789032
2018-04-16,-2.2732003726395758
2018-04-17,-2.008748493349489
2018-04-18,-1.352952429106513
2018-04-19,-0.6921334283834866
2018-04-20,-1.4175633243664993
2018-04-21,-1.063364365310835
2018-04-22,-1.0991498208979675
2018-04-23,-1.0689914310693076
2018-04-24,-1.0105855542122344
2018-04-25,-1.7934990537371662
2018-04-26,-1.3416476517866642
2018-04-27,-1.0145921085503524
2018-04-28,-1.0618825826130882
2018-04-29,-1.7748394837049468
2018-04-30,-1.3915333654991298
2018-05-01,-1.2111225658383984
2018-05-02,-1.4679869470534679
2018-05-03,-1.3941483238817398
2018-05-04,-1.5050513222167088
2018-05-05,-1.8894854020258733
2018-05-06,-2.204746143599769
2018-05-07,-1.307224380739398
2018-05-08,-0.8963013452728539
2018-05-09,-1.391962018465588
2018-05-10,-1.1872693527266924
2018-05-11,-1.0436462553243995
2018-05-12,-1.5396721618253248
2018-05-13,-0.6865258392103777
2018-05-14,-0.595862120259824
2018-05-15,-1.3836713422889446
2018-05-16,-0.8198260758076987
2018-05-17,-1.033984499247756
2018-05-18,-1.1551967959689633
2018-05-19,-0.9001835592038105
2018-05-20,-1.0998474684252315
2018-05-21,-0.746473976522076
2018-05-22,-1.2082561335612363
2018-05-23,-0.948351082881411
2018-05-24,-1.4556764144220724
2018-05-25,-2.8472531797227654
2018-05-26,-1.534301012231219
2018-05-27,-1.3384828571415448
2018-05-28,-0.8183156225083533
2018-05-29,-1.3494938936489846
2018-05-30,-1.7415853448536904
2018-05-31,-1.458704357998607
2018-06-01,-1.8884221895584516
2018-06-02,-1.6712303059795641
2018-06-03,-1.102432933135559
2018-06-04,-0.7203773598330747
2018-06-05,-1.3441806340309326
2018-06-06,-1.0712004263309634
2018-06-07,-1.2717803085673696
2018-06-08,-1.601654118006865
2018-06-09,-1.757497065605393
2018-06-10,-1.9413054448110358
2018-06-11,-1.1444434213228034
2018-06-12,-0.8141482891802361
2018-06-13,-0.6934479948075646
2018-06-14,-0.848422652496125
2018-06-15,-0.4224770257995576
2018-06-16,-1.5877200184976819
2018-06-17,-1.1477580223152477
2018-06-18,-1.753476085643218
2018-06-19,-1.3992979677283095
2018-06-20,-0.9818898540917222
2018-06-21,-1.313264217327174
2018-06-22,-0.5916297442991699
2018-06-23,0.38022267413329586
2018-06-24,0.28761159647072543
2018-06-25,-0.6073370578318876
2018-06-26,-0.7385518007406433
2018-06-27,-1.1771147458690672
2018-06-28,-1.147602382194915
2018-06-29,-1.152016749448424
2018-06-30,-0.269228518355927
2018-07-01,-0.4025208083511768
2018-07-02,-0.6406675929432788
2018-07-03,-0.6915733619483376
2018-07-04,-1.2594344818597167
2018-07-05,-1.3884317642273158
2018-07-06,-1.1047923351121018
2018-07-07,-1.6653096133551084
2018-07-08,-1.6953046340065565
2018-07-09,-0.3629578119128029
2018-07-10,-1.0811357917123325
2018-07-11,-1.6128887721033385
2018-07-12,-1.6302818070832983
2018-07-13,-1.797378440427496
2018-07-14,-0.831201596551394
2018-07-15,-0.5392010159868451
2018-07-16,-0.17385815710030433
2018-07-17,-0.799091107280545
2018-07-18,-1.0648635792519376
2018-07-19,-0.8390628418587556
2018-07-20,-0.5881668494658845
2018-07-21,-1.878389884736295
2018-07-22,-0.906345058357838
2018-07-23,-0.9848429499223987
2018-07-24,-0.705647674597238
2018-07-25,-1.6606760573665487
2018-07-26,-1.489481935840001
2018-07-27,-1.0076044580258812
2018-07-28,-1.4073175936939963
2018-07-29,-1.899027477687092
2018-07-30,-1.8038199800245596
2018-07-31,-1.8434526965942963
2018-08-01,-1.8333129673904038
2018-08-02,-1.666492577801621
2018-08-03,-1.5342671572269013
2018-08-04,-0.8183675367560456
2018-08-05,-1.2915854305869376
2018-08-06,-1.4163929644515358
2018-08-07,-1.6158979324435063
2018-08-08,-1.2833745023971255
2018-08-09,-2.04868281576602
2018-08-10,-2.1815458871600906
2018-08-11,-1.9095362035978585
2018-08-12,-1.825825880859597
2018-08-13,-1.081810798254151
2018-08-14,-1.4660618055523702
2018-08-15,-1.7109388147533384
2018-08-16,-1.2005977782577364
2018-08-17,-1.4816037465498741
2018-08-18,-2.5298725068320627
2018-08-19,-0.9425984028923512
2018-08-20,-1.8713900855813541
2018-08-21,-2.1165642669779268
2018-08-22,-2.3129225984961033
2018-08-23,-1.5438609372290573
2018-08-24,-1.6230140125310424
2018-08-25,-1.4985194628605945
2018-08-26,-2.742671588180593
2018-08-27,-3.2046623371793888
2018-08-28,-2.5831959416603034
2018-08-29,-2.019028914764624
2018-08-30,-2.2767734019642396
2018-08-31,-3.334360110747226
2018-09-01,-3.6595865808911765
2018-09-02,-3.906189066946804
2018-09-03,-3.107673384499941
2018-09-04,-2.7795806012932047
2018-09-05,-2.351929770979469
2018-09-06,-1.9170895578669411
2018-09-07,-1.8250991146049673
2018-09-08,-2.098808747348799
2018-09-09,-1.3387102576877021
2018-09-10,-1.5282415237498443
2018-09-11,-2.107480873531148
2018-09-12,-1.2743963184994216
2018-09-13,-1.6859985927625656
2018-09-14,-1.4919881006006506
2018-09-15,-2.4882110990420787
2018-09-16,-2.444689852762656
2018-09-17,-2.064944448658286
2018-09-18,-1.189448648492759
2018-09-19,-1.7778626000824247
2018-09-20,-1.9718533358034804
2018-09-21,-2.2292223008178396
2018-09-22,-0.9771328977336181
2018-09-23,-3.2327223834352594
2018-09-24,-1.758798049251693
2018-09-25,-1.2710272635286293
2018-09-26,-0.737254248730081
2018-09-27,-2.8668339269430145
2018-09-28,-3.3553370193144416
2018-09-29,-2.222447200263765
2018-09-30,-1.2315999295165045
2018-10-01,-1.3130075520466187
2018-10-02,-1.1209884758470046
2018-10-03,-1.312778936576947
2018-10-04,-2.8605104776754233
2018-10-05,-2.827837253717029
2018-10-06,-2.2656048842489676
2018-10-07,-0.9635139525851856
2018-10-08,-1.759153038324377
2018-10-09,-1.720404608565411
2018-10-10,-1.342836109497022
2018-10-11,-1.066891740543253
2018-10-12,-1.0952401525444246
2018-10-13,-0.6824103404073071
2018-10-14,-0.6295069440513318
2018-10-15,-0.49591538280490094
2018-10-16,-0.7518708117911558
2018-10-17,-0.3549668608859872
2018-10-18,-1.2666339618702178
2018-10-19,-1.2849932198191685
2018-10-20,-1.7911922913116332
2018-10-21,-1.0683919544826217
2018-10-22,-0.4946821585945207
2018-10-23,-0.36865846260430296
2018-10-24,0.057176720356593234
2018-10-25,-0.6884425823875703
2018-10-26,-0.624939811124135
2018-10-27,-1.064561802596299
2018-10-28,-1.694350263274433
2018-10-29,-0.532091603360242
2018-10-30,-0.726876880320313
2018-10-31,-0.891840117068214
2018-11-01,-1.0777059789607095
2018-11-02,-1.3627953879398516
2018-11-03,-1.4167769580627976
2018-11-04,-1.7707030573365798
2018-11-05,-1.5447182071447156
2018-11-06,-1.9906335542176972
2018-11-07,-1.5401972524689387
2018-11-08,-1.7440296099066492
2018-11-09,-1.968454640414844
2018-11-10,-1.8109268576391404
2018-11-11,-2.2777184826391754
2018-11-12,-1.5110284073281184
2018-11-13,-1.572644907669735
2018-11-14,-0.8934453593649888
2018-11-15,-0.7278367352795024
2018-11-16,-1.2096555994207625
2018-11-17,-2.00486382799899
2018-11-18,-2.0783194079581246
2018-11-19,-1.5723167287463096
2018-11-20,-1.642446248043372
2018-11-21,-1.3359620020724265
2018-11-22,-1.0802585763488959
2018-11-23,-1.5231280592034762
2018-11-24,-1.1201011184420895
2018-11-25,-1.2508877877886337
2018-11-26,-1.2893471714256597
2018-11-27,-1.3101119320199313
2018-11-28,-1.1575953600023128
2018-11-29,-0.7047548402966101
2018-11-30,-1.6834652050259373
2018-12-01,-1.6754138111054406
2018-12-02,-1.7842284296375426
2018-12-03,-1.1536302131956624
2018-12-04,-1.0674398185085614
2018-12-05,-2.3369400461254424
2018-12-06,-1.83099766470276
2018-12-07,-2.194099044857749
2018-12-08,-2.627337658317853
2018-12-09,-2.009996943532439
2018-12-10,-1.698276570124004
2018-12-11,-1.2634337467110988
2018-12-12,-1.7088884551603445
2018-12-13,-1.7353653400191664
2018-12-14,-2.0555321830316218
2018-12-15,-2.0054575951565434
2018-12-16,-1.771688717198529
2018-12-17,-1.5472679095609587
2018-12-18,-1.5897852832154962
2018-12-19,-1.6219097043917554
2018-12-20,-1.8524191373950833
2018-12-21,-1.9445995433468768
2018-12-22,-1.7498155350336846
2018-12-23,-1.5755048675830756
2018-12-24,-1.3184803442762456
2018-12-25,-1.2211162460723857
2018-12-26,-2.151547516284158
2018-12-27,-2.4042180241450666
2018-12-28,-1.9960858577872709
2018-12-29,-4.0399102559331554
2018-12-30,-4.230306139824772
2018-12-31,-2.8762958472483198
2019-01-01,-3.3252275772582336
2019-01-02,-1.8894507508481837
2019-01-03,-2.3532196216336745
2019-01-04,-1.8918091580625718
2019-01-05,-2.4285690459366767
2019-01-06,-2.5155099797957288
2019-01-07,-1.675943207108696
2019-01-08,-2.8346443531030254
2019-01-09,-2.4420153330446617
2019-01-10,-2.2067554884777874
2019-01-11,-2.047140547593199
2019-01-12,-1.8888866107221223
2019-01-13,-1.9733567917877077
2019-01-14,-1.7324079447918581
2019-01-15,-2.0956898236442973
2019-01-16,-1.3554701901544242
2019-01-17,-1.9372723313206521
2019-01-18,-1.4107359706346647
2019-01-19,-1.543962310054535
2019-01-20,-1.0387391052581711
2019-01-21,-0.9512793533502538
2019-01-22,-1.34505630090531
2019-01-23,-1.21742505007155
2019-01-24,-1.3896141211465023
2019-01-25,-1.2747326875338623
2019-01-26,-1.4832384240296848
2019-01-27,-2.3427002338127974
2019-01-28,-1.6333705505456666
2019-01-29,-1.2158787238064743
2019-01-30,-1.1244106574726784
2019-01-31,-1.0171655766727443
2019-02-01,-1.0003575868232404
2019-02-02,-1.168698059823778
2019-02-03,-1.6334294036149501
2019-02-04,-0.9630779138411503
2019-02-05,-0.923638838480469
2019-02-06,-1.3318985057713895
2019-02-07,-1.1367052002606846
2019-02-08,-1.17351164686417
2019-02-09,-0.6050557677829607
2019-02-10,-0.7962586459205443
2019-02-11,-1.3824133659155562
2019-02-12,-1.7644389439201218
2019-02-13,-1.2083599411283452
2019-02-14,-1.1790326813201395
2019-02-15,-1.3046759370604297
2019-02-16,-0.8360974378321558
2019-02-17,-1.5825229824809024
2019-02-18,-1.7630091671488315
2019-02-19,-1.417925222946539
2019-02-20,-1.3214842733455634
2019-02-21,-1.3805916185425082
2019-02-22,-1.1415391296216302
2019-02-23,-1.5803657114513003
2019-02-24,-1.516806106073382
2019-02-25,-1.5250262816739346
2019-02-26,-1.3037185928826165
2019-02-27,-1.2726161930223547
2019-02-28,-0.9442596598222583
2019-03-01,-1.6792985823231044
2019-03-02,-2.192519040540051
2019-03-03,-1.6714943379690712
2019-03-04,-1.8431369638648682
2019-03-05,-1.3963852160953971
2019-03-06,-0.7825679015285562
2019-03-07,-1.204729490238478
2019-03-08,-1.2088444598973558
2019-03-09,-1.7797592611539288
2019-03-10,-1.2943439885493784
2019-03-11,-1.0308946276831616
2019-03-12,-0.959438771489174
2019-03-13,-0.8566305298235939
2019-03-14,-0.7905045963670414
2019-03-15,-0.9106257417596907
2019-03-16,-1.3147475771430257
2019-03-17,-0.9348038949383638
2019-03-18,-6.024598362951803
2019-03-19,-5.928576052833189
2019-03-20,-4.097674276770377
2019-03-21,-2.8651361745082715
2019-03-22,-3.450707475106928
2019-03-23,-3.3195605440121603
2019-03-24,-1.9923453689430135
2019-03-25,-1.3004464280586665
2019-03-26,-1.1976949853844894
2019-03-27,-1.126079582352609
2019-03-28,-1.8419298571848672
2019-03-29,-1.4659056187758954
2019-03-30,-1.853340526039386
2019-03-31,-0.8305593760850624
2019-04-01,-0.4812897478884086
2019-04-02,-1.0313015647683645
2019-04-03,-1.1071317536744727
2019-04-04,-1.1317725105376921
2019-04-05,-1.2498070835700106
2019-04-06,-1.8169745188977555
2019-04-07,-1.4182538822179038
2019-04-08,-1.0232485956525081
2019-04-09,-0.6552875080869255
2019-04-10,-0.7524246638871458
2019-04-11,-0.35508723416881166
2019-04-12,-1.278951789055121
2019-04-13,-1.4976042060389312
2019-04-14,-1.3810265550476233
2019-04-15,-1.3899698250252577
2019-04-16,-1.709792539775288
2019-04-17,-1.0925579953750124
2019-04-18,-0.44180635002509666
2019-04-19,-1.2512352745036297
2019-04-20,-2.072659652401081
2019-04-21,-3.7762888278313786
2019-04-22,-2.176539387993478
2019-04-23,-1.1565615425804474
2019-04-24,-0.6994233475887139
2019-04-25,-1.0623619861482758
2019-04-26,-0.818526938659391
2019-04-27,-1.0229900213897356
2019-04-28,-1.4643573518560806
2019-04-29,-0.9436904554998429
2019-04-30,-0.9227180213431179
2019-05-01,-0.9571093668387637
2019-05-02,-0.8337520210402276
2019-05-03,-0.9976737069786513
2019-05-04,-1.2979603549287664
2019-05-05,-0.3472105623607086
2019-05-06,-0.554721241614005
2019-05-07,-0.9379725876989518
2019-05-08,-0.5643661670925043
2019-05-09,0.10168046558285816
2019-05-10,-0.5318978842476764
2019-05-11,-1.1195109308831952
2019-05-12,-0.06357877960730593
2019-05-13,-0.8078774624447324
2019-05-14,-0.6710975665060641
2019-05-15,-1.320430684386321
2019-05-16,-1.3714702884996413
2019-05-17,-0.6659141992120312
2019-05-18,-1.139232608043159
2019-05-19,0.005444187020992268
2019-05-20,-0.31807137639773375
2019-05-21,-0.8207397534652642
2019-05-22,-1.5207201810412891
2019-05-23,-0.6486057837488952
2019-05-24,-0.7176710794323135
2019-05-25,-1.056385772793895
2019-05-26,-0.4184789278808966
2019-05-27,-0.016969117745181374
2019-05-28,-0.6590613200208159
2019-05-29,-0.6611912327779259
2019-05-30,-1.0161889819480887
2019-05-31,-3.0868853624365893
2019-06-01,-1.983405331928533
2019-06-02,-1.0513584621363523
2019-06-03,-0.6325621569691292
2019-06-04,-0.967036184653602
2019-06-05,-1.871060372321097
2019-06-06,-1.7730070906654904
2019-06-07,-1.2974174422281142
2019-06-08,-1.350072104782343
2019-06-09,-0.9546006569150087
2019-06-10,-0.6625788535002729
2019-06-11,-0.4498426810845371
2019-06-12,-0.8811973100907379
2019-06-13,-0.6749300948658525
2019-06-14,-0.3989264372704496
2019-06-15,-0.9360004825818725
2019-06-16,-1.3302204087120693
2019-06-17,-0.5659947630615633
2019-06-18,-0.7251021277521174
2019-06-19,-3.37278409356814
2019-06-20,-2.3381483232954485
2019-06-21,-1.2829933224332082
2019-06-22,-1.0900792925195508
2019-06-23,-0.3643399538263415
2019-06-24,-1.2578309606501183
2019-06-25,-1.2389445343024605
2019-06-26,-1.5430989483275421
2019-06-27,-1.2361110117938425
2019-06-28,-1.2376768671708755
2019-06-29,-0.8549799213745497
2019-06-30,-0.7585023998971716
2019-07-01,-1.691114024815783
2019-07-02,-1.0230333715538171
2019-07-03,-0.9254008823643527
2019-07-04,-2.014985337192175
2019-07-05,-1.1680909167782527
2019-07-06,-1.0985179203453463
2019-07-07,-1.4428130320638886
2019-07-08,-1.731395411169792
2019-07-09,-1.797626328433518
2019-07-10,-0.9668526757248024
2019-07-11,-0.7384993616579103
2019-07-12,-0.8265735306686052
2019-07-13,-1.3368633614892058
2019-07-14,-0.9648120553851544
2019-07-15,-0.9391861312723202
2019-07-16,-1.002481372777415
2019-07-17,-2.1471506388166963
2019-07-18,-1.3884456997280175
2019-07-19,-2.155847058465946
2019-07-20,-1.970927653479642
2019-07-21,-0.6314894931608216
2019-07-22,-1.2387412415058472
2019-07-23,-1.3740361841849962
2019-07-24,-1.2223718228524096
2019-07-25,-1.4627538603532708
2019-07-26,-1.406395665692358
2019-07-27,-1.7452909585352525
2019-07-28,-1.0126232283550012
2019-07-29,-0.9372955078566763
2019-07-30,-1.20564658533575
2019-07-31,-1.2003834848949408
2019-08-01,-1.8007152689839299
2019-08-02,-1.5951154541389942
2019-08-03,-2.193482754548447
2019-08-04,-1.377448378341685
2019-08-05,-1.1768204269860119
2019-08-06,-1.460315340205949
2019-08-07,-1.5416082783229716
2019-08-08,-1.364204343743806
2019-08-09,-1.602297310016226
2019-08-10,-1.0650088593161562
2019-08-11,-1.8133734048595573
2019-08-12,-1.2094271611255716
2019-08-13,-1.0176885333798162
2019-08-14,-1.7114531204237395
2019-08-15,-0.8193030748126882
2019-08-16,-0.4605883889574105
2019-08-17,-0.897036288348651
2019-08-18,-1.0408449664673691
2019-08-19,-1.253033558027155
2019-08-20,-1.1696650150217536
2019-08-21,-1.0030294177354309
2019-08-22,-0.9003069459487804
2019-08-23,-1.054212126532431
2019-08-24,-0.3201016813428889
2019-08-25,-1.4203874939110614
2019-08-26,-1.3164286619962104
2019-08-27,-1.4161117490473316
2019-08-28,-1.4468285617001613
2019-08-29,-1.4931526444710697
2019-08-30,-1.2356534835205555
2019-08-31,-0.6581213508992747
2019-09-01,-1.3414254041628977
2019-09-02,-1.2200509527261292
2019-09-03,-0.6797349177652741
2019-09-04,-0.59793996296811
2019-09-05,-1.4642215287978735
2019-09-06,-1.1109731018421418
2019-09-07,-2.716116197860559
2019-09-08,-3.061525768365116
2019-09-09,-2.004892576410348
2019-09-10,-1.9290038065150836
2019-09-11,-1.0670635840685834
2019-09-12,-1.483539444530071
2019-09-13,-1.5699165507825918
2019-09-14,-1.484236956976784
2019-09-15,-0.9787933786051247
2019-09-16,-1.2589705519267862
2019-09-17,-1.1576492690289841
2019-09-18,-2.0281695434442084
2019-09-19,-2.1118743753235902
2019-09-20,-1.7641367644930737
2019-09-21,-1.2491219934603062
2019-09-22,-1.1779614124047386
2019-09-23,-1.6997425396287889
2019-09-24,-1.942947583442938
2019-09-25,-1.0883448118596524
2019-09-26,-2.1953683225497915
2019-09-27,-1.4488379203738595
2019-09-28,-1.8906546662171702
2019-09-29,-1.3307148053144124
2019-09-30,-1.4245895632451921
2019-10-01,-1.9115245548255215
2019-10-02,-1.6555459962119226
2019-10-03,-1.3000196208399073
2019-10-04,-1.1464161422155021
2019-10-05,-1.5351649925900188
2019-10-06,-0.8695633154825649
2019-10-07,-1.7893097504087803
2019-10-08,-1.3047523070977125
2019-10-09,-1.523853319278189
2019-10-10,-1.2507957772052252
2019-10-11,-1.7424345257470506
2019-10-12,-2.48046308984692
2019-10-13,-0.9669902226868013
2019-10-14,-2.0092036036656924
2019-10-15,-1.3172294732438425
2019-10-16,-1.0302907879875645
2019-10-17,-1.6846808154776907
2019-10-18,-1.4422929072883
2019-10-19,-1.367151797160497
2019-10-20,-0.831479800566766
2019-10-21,-0.23447731459217513
2019-10-22,-1.118968188629465
2019-10-23,-1.9083087034120438
2019-10-24,-1.7658628750148506
2019-10-25,-1.630169573786728
2019-10-26,-1.1345929339302494
2019-10-27,-1.0015785578940781
2019-10-28,-1.3168677360275491
2019-10-29,-0.7666255697783438
2019-10-30,-1.172137388471018
2019-10-31,-0.8430046113904963
2019-11-01,-1.2816895538047715
2019-11-02,-1.977334338713022
2019-11-03,-1.1873707911017755
2019-11-04,-1.0905155620027729
2019-11-05,-1.0792945241548926
2019-11-06,-2.002393334320661
2019-11-07,-2.399197390687188
2019-11-08,-0.6005507673221537
2019-11-09,-1.1176006832148078
2019-11-10,-1.4529293184425183
2019-11-11,-1.1901572960221636
2019-11-12,-1.4007379590476667
2019-11-13,-1.2882252445885805
2019-11-14,-1.155374161300813
2019-11-15,-1.2196806967531917
2019-11-16,-1.5969611882618973
2019-11-17,-1.467334221880001
2019-11-18,-1.3525379904923316
2019-11-19,-1.65654769825253
2019-11-20,-1.545214267745741
2019-11-21,-1.6734600276110294
2019-11-22,-1.206215301115275
2019-11-23,-1.2597873296086115
2019-11-24,-1.4701351772197413
2019-11-25,-0.8825305405025593
2019-11-26,-1.3037882812070243
2019-11-27,-1.6613610594794461
2019-11-28,-1.431392453372203
2019-11-29,-3.220234132766333
2019-11-30,-5.4208184505711765
2019-12-01,-3.2526085222967707
2019-12-02,-2.4405250977067703
2019-12-03,-2.0352471207195286
2019-12-04,-1.4047501561392468
2019-12-05,-1.2982650493438885
2019-12-06,-1.260187662806148
2019-12-07,-1.133268504417678
2019-12-08,-1.7174541815654267
2019-12-09,-1.536329348199402
2019-12-10,-1.514636971956362
2019-12-11,-2.244565662335495
2019-12-12,-1.9080989407591318
2019-12-13,-1.019465798145523
2019-12-14,-2.1408224349743166
2019-12-15,-1.8526631539174017
2019-12-16,-1.8099920261791567
2019-12-17,-2.3826513971712684
2019-12-18,-1.8068442839545389
2019-12-19,-2.4205535013337665
2019-12-20,-1.0389777290073734
2019-12-21,-1.4123426343937058
2019-12-22,-1.3542905126847948
2019-12-23,-1.2413861545677902
2019-12-24,-0.660736110682252
2019-12-25,-1.2501316122346915
2019-12-26,-1.775615316290326
2019-12-27,-1.5577854299566005
2019-12-28,-1.4087718111124443
2019-12-29,-1.7609852037409788
2019-12-30,-1.8621272101063675
2019-12-31,-1.6614065503612967
2020-01-01,-2.0755159311112124
2020-01-02,-2.3866616057314602
2020-01-03,-1.3260671082721442
2020-01-04,-0.7474535940139102
2020-01-05,-3.293853839317977
2020-01-06,-1.3402425627246835
2020-01-07,-1.437866373109235
2020-01-08,-1.5954944997615879
2020-01-09,-1.3183968927249368
2020-01-10,-1.9838266661547523
2020-01-11,-1.9650983115626641
2020-01-12,-1.4115758334770316
2020-01-13,-2.062221990977915
2020-01-14,-1.2550104767574517
2020-01-15,-1.411116078388553
2020-01-16,-1.38270031936361
2020-01-17,-1.1424812237968198
2020-01-18,-1.6246960431649378
2020-01-19,-2.4644128771494977
2020-01-20,-1.2842902993712688
2020-01-21,-1.7766119730189995
2020-01-22,-1.5651420633597861
2020-01-23,-1.21243820637188
2020-01-24,-1.3591233634057922
2020-01-25,-1.3012684274641966
2020-01-26,-1.4235732883035057
2020-01-27,-1.6844549430379727
2020-01-28,-1.631779129798524
2020-01-29,-1.5946629375895793
2020-01-30,-1.297551864800377
2020-01-31,-1.3241754748239198
2020-02-01,-0.672213118142564
2020-02-02,-0.6675551364390114
2020-02-03,-1.066212556893899
2020-02-04,-0.994799188563865
2020-02-05,-1.1775962751378244
2020-02-06,-0.6394627010054329
2020-02-07,-1.1726751685965013
2020-02-08,-1.469115071074245
2020-02-09,-0.7991017138589687
2020-02-10,-1.7057505264987864
2020-02-11,-1.3342265650274003
2020-02-12,-1.4460762374564018
2020-02-13,-2.2096709345765144
2020-02-14,-1.476636730448539
2020-02-15,-1.205568984289826
2020-02-16,-1.4645935289165843
2020-02-17,-1.4450408280009375
2020-02-18,-1.5598490416974133
2020-02-19,-1.4830528124672007
2020-02-20,-0.46947065863927145
2020-02-21,-1.1503637058422573
2020-02-22,-1.5523400724235337
2020-02-23,-0.15635638699320856
2020-02-24,-1.173871632858007
2020-02-25,-0.5513851105040783
2020-02-26,-0.9841441742189538
2020-02-27,-0.778254463486216
2020-02-28,-1.8856050911747781
2020-02-29,-1.8692653112428985
2020-03-01,-1.3071171339707095
2020-03-02,-1.4247121313792461
2020-03-03,-0.9828826348089175
2020-03-04,-1.119812061288126
2020-03-05,-0.48263260726154084
2020-03-06,-1.863483861126683
2020-03-07,-2.175111009478356
2020-03-08,-3.8401223914526943
2020-03-09,-3.4869326333305932
2020-03-10,-2.3345354917206578
2020-03-11,-0.8333297057390118
2020-03-12,-0.7907826156923706
2020-03-13,-1.4068347918780515
2020-03-14,-1.5677550819662471
2020-03-15,-2.53386098030942
2020-03-16,-1.4034621498337492
2020-03-17,-2.255466823143208
2020-03-18,-2.357779396953234
2020-03-19,-2.3120846532728225
2020-03-20,-2.140470424177889
2020-03-21,-1.7310329698675688
2020-03-22,-1.6423336988557633
2020-03-23,-1.8650011700786324
2020-03-24,-1.432911204757407
2020-03-25,-1.8787629787723088
2020-03-26,-1.7999410979554844
2020-03-27,-1.4947421083894628
2020-03-28,-2.0797606156117507
2020-03-29,-2.0808287928066145
2020-03-30,-1.6380891065581489
2020-03-31,-1.3395829410005287
2020-04-01,-1.7670496541460237
2020-04-02,-1.842681518752239
2020-04-03,-1.4499684474210095
2020-04-04,-1.8190856758897092
2020-04-05,-1.905853240702853
2020-04-06,-1.7701302541324277
2020-04-07,-1.4364130625821012
2020-04-08,-2.092076282632566
2020-04-09,-1.569698474771176
2020-04-10,-1.2272554286348452
2020-04-11,-1.9170469995988606
2020-04-12,-1.4386961814401513
2020-04-13,-1.74723208866555
2020-04-14,-1.7156831385036975
2020-04-15,-1.3999412932985318
2020-04-16,-1.6665310715323578
2020-04-17,-0.854213551023268
2020-04-18,-1.4992192722464677
2020-04-19,-0.8069682575445449
2020-04-20,-1.3412267592498743
2020-04-21,-1.3692148038032075
2020-04-22,-1.565690756100454
2020-04-23,-1.3451771598693945
2020-04-24,-1.303748382541903
2020-04-25,-0.9297564893114469
2020-04-26,-1.4458297732848377
2020-04-27,-0.37418903092929745
2020-04-28,-1.0243483157730868
2020-04-29,-1.1126369960259948
2020-04-30,-1.2261850662458547
2020-05-01,-1.4516868165952908
2020-05-02,-0.82457035608852
2020-05-03,-1.1099284989453886
2020-05-04,-1.01602835278293
2020-05-05,-0.9357139222469495
2020-05-06,-0.9776844151594295
2020-05-07,-1.2850211780530334
2020-05-08,-1.0785972859896837
2020-05-09,-1.5829025121983697
2020-05-10,-1.5983290506492733
2020-05-11,-1.6452347717001363
2020-05-12,-1.2589154187676677
2020-05-13,-1.272786037328106
2020-05-14,-2.075684905529558
2020-05-15,-1.361284789186592
2020-05-16,-1.0843978837360968
2020-05-17,-1.3703079902608888
2020-05-18,-1.2102226717244207
2020-05-19,-1.3502776830927574
2020-05-20,-1.0216405349178574
2020-05-21,-1.4914882895318071
2020-05-22,-1.502305268578173
2020-05-23,-2.182724727871615
2020-05-24,-0.8629727557510094
2020-05-25,-1.777288564490553
2020-05-26,-1.4053837311736423
2020-05-27,-1.3502842657020098
2020-05-28,-0.7945417895488336
2020-05-29,-0.7288237110096574
2020-05-30,-0.5506195511851439
2020-05-31,-1.054144801990906
2020-06-01,-1.567472645365055
2020-06-02,-2.2087559423133842
2020-06-03,-1.6881305361952106
2020-06-04,-1.0620862965742084
2020-06-05,-1.906229242082391
2020-06-06,-2.7384151951251825
2020-06-07,-1.765044343955378
2020-06-08,-2.0520087851140265
2020-06-09,-1.6404403031758983
2020-06-10,-1.678608374409901
2020-06-11,-1.4707323406545132
2020-06-12,-2.030968867155495
2020-06-13,-0.3156135602501305
2020-06-14,-0.8507816354292848
2020-06-15,-1.0972614967556957
2020-06-16,-1.4480368648855766
2020-06-17,-1.0575479483954497
2020-06-18,-1.240052445624957
2020-06-19,-1.3141212502831245
2020-06-20,-2.292957197469466
2020-06-21,-2.5776044373541054
2020-06-22,-1.317833175800445
2020-06-23,-1.2283498924476073
2020-06-24,-1.1079357542912214
2020-06-25,-0.7774245955866399
2020-06-26,-0.9106868395959249
2020-06-27,-1.600894433526135
2020-06-28,-2.136308429256569
2020-06-29,-0.9866462250415065
2020-06-30,-1.3450336334679258
2020-07-01,-1.1570114666074163
2020-07-02,-1.6556059621585106
2020-07-03,-1.4113986687489926
2020-07-04,-1.4914526824775831
2020-07-05,-1.1104660089667622
2020-07-06,-1.3627568415592588
2020-07-07,-2.2118025318573467
2020-07-08,-3.11342630258463
2020-07-09,-1.8334802023375172
2020-07-10,-2.0733713478155167
2020-07-11,-2.697826489354759
2020-07-12,-1.6620686914787772
2020-07-13,-1.275624182122862
2020-07-14,-1.3655832067214613
2020-07-15,-1.2651595872115098
2020-07-16,-0.8685048128886079
2020-07-17,-1.359549898575455
2020-07-18,-1.3958769783006801
2020-07-19,-1.7273192524980154
2020-07-20,-1.591532646466324
2020-07-21,-1.2098098568067595
2020-07-22,-1.4826980670561989
2020-07-23,-1.4538571991243634
2020-07-24,-1.361128813651383
2020-07-25,-1.8475337885611458
2020-07-26,-2.230577099373491
2020-07-27,-1.380128783945384
2020-07-28,-0.9310006050757065
2020-07-29,-1.487505111905477
2020-07-30,-1.584194665479412
2020-07-31,-1.7041751091922541
2020-08-01,-0.9523854654477164
2020-08-02,-2.291514670070871
2020-08-03,-1.4635832842453702
2020-08-04,-2.219044743517769
2020-08-05,-2.28141776565025
2020-08-06,-2.3843688256409976
2020-08-07,-1.4457388635137656
2020-08-08,-2.6830929182960808
2020-08-09,-2.634328711041014
2020-08-10,-1.7068040452440418
2020-08-11,-1.9602900951016222
2020-08-12,-1.9525433291021534
2020-08-13,-1.9855730378573366
2020-08-14,-1.5497919806979883
2020-08-15,-1.9226317971910665
2020-08-16,-1.8335119923213639
2020-08-17,-2.0781983528596477
2020-08-18,-3.4102422645688444
2020-08-19,-2.1187321257219676
2020-08-20,-1.2726580828834493
2020-08-21,-1.7210792760020663
2020-08-22,-1.2080752380650912
2020-08-23,-1.5171790923189907
2020-08-24,-1.0359696049510743
2020-08-25,-1.6847727892236384
2020-08-26,-1.4770980821434705
2020-08-27,-1.3659774426159732
2020-08-28,-1.4766846008860635
2020-08-29,-0.6364411662307315
2020-08-30,-1.852204516141015
2020-08-31,-1.5672714809707693
2020-09-01,-1.0601187578084224
2020-09-02,-1.5352191125994776
2020-09-03,-2.1365968293977584
2020-09-04,-2.461527185812061
2020-09-05,-2.287832583374128
2020-09-06,-1.8402699416638146
2020-09-07,-1.415842420901275
2020-09-08,-0.8686794895376208
2020-09-09,-1.4838141771633122
2020-09-10,-1.9526358005303774
2020-09-11,-2.0984084160685565
2020-09-12,-1.3596742097791263
2020-09-13,-1.819935561778323
2020-09-14,-1.029581668614256
2020-09-15,-0.8828969024126759
2020-09-16,-1.3156116386360326
2020-09-17,-1.0830032448108202
2020-09-18,-1.7954375278770518
2020-09-19,-1.579938224715412
2020-09-20,-1.7051199431793795
2020-09-21,-1.615025949439344
2020-09-22,-1.3154848817770899
2020-09-23,-0.9615418469891066
2020-09-24,-1.4744348977168447
2020-09-25,-1.497360520070685
2020-09-26,-0.768900498720801
2020-09-27,-1.5772832741735625
2020-09-28,-1.4570100571606246
2020-09-29,-1.192786250240677
2020-09-30,-1.029854483198215
2020-10-01,-0.962457280677872
2020-10-02,-1.291586169382055
2020-10-03,-1.1493909540513174
2020-10-04,-1.4072125982582706
2020-10-05,-0.5255024707113954
2020-10-06,-0.8894845907641175
2020-10-07,-1.695152585957782
2020-10-08,-1.044876435123896
2020-10-09,-1.1642138854764954
2020-10-10,-1.3320088554266973
2020-10-11,-1.022822233828135
2020-10-12,-0.8048635138265633
2020-10-13,-1.449353911748507
2020-10-14,-1.579981161714716
2020-10-15,-2.5201264569834487
2020-10-16,-2.5366082399717893
2020-10-17,-1.6418481119482482
2020-10-18,-1.0083338270282762
2020-10-19,-1.1495614007481632
2020-10-20,-1.8537923467269692
2020-10-21,-1.3256212670407062
2020-10-22,-1.4224177281554704
2020-10-23,-1.5535117622101489
2020-10-24,-1.1605047090577367
2020-10-25,-1.844869761495395
2020-10-26,-1.0664839890497961
2020-10-27,-2.3053894098782326
2020-10-28,-1.6379730620862707
2020-10-29,-1.0395082839140963
2020-10-30,-0.953505529671735
2020-10-31,-2.2343264706431047
2020-11-01,-1.600639792352275
2020-11-02,-1.743232672185584
2020-11-03,-1.8592351075185083
2020-11-04,-1.9063478647156242
2020-11-05,-2.0949469550960225
2020-11-06,-1.7139742143404602
2020-11-07,-3.013680725469668
2020-11-08,-0.647859981829813
2020-11-09,-1.7466149582561539
2020-11-10,-0.8374890682060862
2020-11-11,-1.428504357281978
2020-11-12,-1.9222252528982928
2020-11-13,-2.4126438915994624
2020-11-14,-0.6040488267100355
2020-11-15,-0.8019490239556332
2020-11-16,-1.3851600032512086
2020-11-17,-1.0673384172094373
2020-11-18,-1.7227392009128686
2020-11-19,-2.232093267222225
2020-11-20,-1.848905536572273
2020-11-21,-1.9624426094665242
2020-11-22,-2.6496959165606637
2020-11-23,-1.5946599088984377
2020-11-24,-0.9626474282258719
2020-11-25,-1.274262653596015
2020-11-26,-0.8030487127840749
2020-11-27,-1.258698501323019
2020-11-28,-1.3881986212310822
2020-11-29,-0.8335008035744227
2020-11-30,-0.8410827203629737
2020-12-01,-1.1183945607386145
2020-12-02,-0.707304536646857
2020-12-03,-0.9747898275172826
2020-12-04,-1.1909943487216488
2020-12-05,-1.0462075620700277
2020-12-06,-1.6823087486189758
2020-12-07,-1.01979955430863
2020-12-08,-0.8316488262052381
2020-12-09,-1.446473637723826
2020-12-10,-1.1887927071307112
2020-12-11,-1.6059988723088925
2020-12-12,-1.3758998822128417
2020-12-13,-2.2547176500437787
2020-12-14,-1.353966499267737
2020-12-15,-1.0529301408055354
2020-12-16,-1.5733202200193894
2020-12-17,-1.9654406970371008
2020-12-18,-1.4114391508531057
2020-12-19,-1.43976293296501
2020-12-20,-3.2694686225117238
2020-12-21,-2.5865925495636266
2020-12-22,-2.2491110188675196
2020-12-23,-2.7575022966354097
2020-12-24,-0.9403270883362405
2020-12-25,-1.1688649587953235
2020-12-26,-1.0208371971535413
2020-12-27,-1.6377283449483324
2020-12-28,-1.2323467117707974
2020-12-29,-1.4554046345502112
2020-12-30,-1.2177642315442934
2020-12-31,-0.7506409187603968
2021-01-01,-1.9089143126895294
2021-01-02,-1.429913679886194
2021-01-03,-2.0812854239052716
2021-01-04,-0.9788061098927646
2021-01-05,-0.7262542202147892
2021-01-06,-1.0368268768593827
2021-01-07,-1.441140818870527
2021-01-08,-0.6453824115665305
2021-01-09,-1.0187807025530102
2021-01-10,-1.8542082983563113
2021-01-11,-1.04594935792138
2021-01-12,-1.324738684427982
2021-01-13,-1.6935077440301143
2021-01-14,-1.058850898191306
2021-01-15,-3.024144464455748
2021-01-16,-2.9943286966340708
2021-01-17,-3.350770880929679
2021-01-18,-2.794988643210411
2021-01-19,-1.8168348219979593
2021-01-20,-2.0413309360221623
2021-01-21,-1.9581266962386592
2021-01-22,-1.3369714838236626
2021-01-23,-1.95682485672062
2021-01-24,-5.150535984066708
2021-01-25,-5.673805771563348
2021-01-26,-6.38336098771825
2021-01-27,-4.312835271347242
2021-01-28,-2.2828744793420985
2021-01-29,-1.9193339638122116
2021-01-30,-2.0769543333192013
2021-01-31,-2.2258960504353467
2021-02-01,-1.4370534789893814
2021-02-02,-1.1244329354976819
2021-02-03,-0.7563475651619948
2021-02-04,-1.8571183527482422
2021-02-05,-1.8995693195060281
2021-02-06,-2.457213821884434
2021-02-07,-2.4506901156944854
2021-02-08,-1.8846340351875024
2021-02-09,-2.059957918873995
2021-02-10,-1.403868500793829
2021-02-11,-1.1621459224309034
2021-02-12,-1.5506353296104085
2021-02-13,-1.493902756700734
2021-02-14,-1.3055096428687363
2021-02-15,-1.6766852563031842
2021-02-16,-2.7825003650881968
2021-02-17,-1.7077059078095707
2021-02-18,-2.044982685292109
2021-02-19,-1.605284038448173
2021-02-20,-2.2854061279417848
2021-02-21,-1.4128156901430304
2021-02-22,-1.633779488259577
2021-02-23,-1.7337481203420297
2021-02-24,-2.0047575601235454
2021-02-25,-1.5255321248481235
2021-02-26,-2.259001735567078
2021-02-27,-1.0159418969941896
2021-02-28,-2.045376380320323
2021-03-01,-1.0825431023696666
2021-03-02,-1.1014148430213082
2021-03-03,-2.889936200956443
2021-03-04,-1.7793021978002317
2021-03-05,-1.000830713466926
2021-03-06,-1.4283083122966664
2021-03-07,-1.5961882997433279
2021-03-08,-1.6141963389150285
2021-03-09,-1.6465988174130104
2021-03-10,-1.1604400217513413
2021-03-11,-1.0840105726501355
2021-03-12,-1.1572546222741782
2021-03-13,-1.1739370531522773
2021-03-14,-3.4655054338418587
2021-03-15,-1.852395722543115
2021-03-16,-1.8006258344862434
2021-03-17,-1.2539090445709085
2021-03-18,-0.7000351915562325
2021-03-19,-1.2496454900431062
2021-03-20,-2.553704748741494
2021-03-21,-2.4195021580313236
2021-03-22,-2.287732069347005
2021-03-23,-1.4482694808149137
2021-03-24,-1.228414206694305
2021-03-25,-1.397538192618673
2021-03-26,-0.8984896931090839
2021-03-27,-1.68645761741761
2021-03-28,-1.8668639938873404
2021-03-29,-1.7400883324082035
2021-03-30,-1.488407126642939
2021-03-31,-1.032190195580914
2021-04-01,-1.226729293923163
2021-04-02,-1.4212134091274942
2021-04-03,-0.7608442847322108
2021-04-04,-1.408051276467336
2021-04-05,-1.322682114530633
2021-04-06,-0.8713373171936152
2021-04-07,-1.2399305949287238
2021-04-08,-1.2637248313005591
2021-04-09,-0.7107995529688917
2021-04-10,-0.7040252007584176
2021-04-11,-2.813278854774849
2021-04-12,-1.8102319131831388
2021-04-13,-1.4005305904534686
2021-04-14,-1.5352175754037856
2021-04-15,-1.2469950392738405
2021-04-16,-1.450505812010377
2021-04-17,-1.0398566872334827
2021-04-18,-1.25632242969448
2021-04-19,-1.6336105654579414
2021-04-20,-1.037439940096935
2021-04-21,-1.060660866635627
2021-04-22,-0.8035157464452655
2021-04-23,-1.1518859035126428
2021-04-24,-2.2112544187721075
2021-04-25,-1.001544846727111
2021-04-26,-0.38644750617576507
2021-04-27,-0.4246002873692578
2021-04-28,-0.5951521506582277
2021-04-29,-0.5344483506811241
2021-04-30,-1.1872270681792585
2021-05-01,-0.7164002180118243
2021-05-02,-0.9259500375016552
2021-05-03,-1.1376041685677942
2021-05-04,-1.4710662831208285
2021-05-05,-0.6603399934467648
2021-05-06,-0.4612559318835814
2021-05-07,-1.0119038289969964
2021-05-08,-1.620628236244361
2021-05-09,-1.5811134447807071
2021-05-10,-1.0718344863054183
2021-05-11,-1.1575564687634146
2021-05-12,-1.7194169475760628
2021-05-13,-0.9481685410783832
2021-05-14,-0.5091618027401199
2021-05-15,-1.3789489741825218
2021-05-16,-1.304823773978184
2021-05-17,-1.1907754749390966
2021-05-18,-1.3308680237947221
2021-05-19,-1.4995497424919604
2021-05-20,-1.4459007758399958
2021-05-21,-1.3507757461623608
2021-05-22,-2.8468071230939125
2021-05-23,-1.7706837036356569
2021-05-24,-1.3330522836639553
2021-05-25,-1.4846440444801865
2021-05-26,-1.2482204786305524
2021-05-27,-1.1561856287141794
2021-05-28,-1.0663257709944076
2021-05-29,-1.9384364707500084
2021-05-30,-1.0263618359105888
2021-05-31,-1.3208671538315346
2021-06-01,-1.4935633967529585
2021-06-02,-1.1520188645083387
2021-06-03,-0.8224097580303122
2021-06-04,-0.5309361848560531
2021-06-05,-1.9084211096352914
2021-06-06,-1.2174612619633247
2021-06-07,-2.497945325062353
2021-06-08,-1.9082554999527943
2021-06-09,-1.5216734009460287
2021-06-10,-1.2335608866708283
2021-06-11,-1.4580105206984022
2021-06-12,-1.4712642319207507
2021-06-13,-0.218996073155948
2021-06-14,-0.9051515238970479
2021-06-15,-0.8676384024731484
2021-06-16,-0.34958378258337713
2021-06-17,-0.2373787155600994
2021-06-18,-0.06913887797286844
2021-06-19,-0.7592367247659351
2021-06-20,-1.0372295796115454
2021-06-21,-0.532129545910735
2021-06-22,-0.598121217006641
2021-06-23,-1.468996298317254
2021-06-24,-1.2165170220023314
2021-06-25,-1.3881466773487068
2021-06-26,-1.2147627785524608
2021-06-27,-1.2791081401186395
2021-06-28,-0.8606708081412847
2021-06-29,-2.0757636888315196
2021-06-30,-1.2521206979369333
2021-07-01,-1.4337278611146491
2021-07-02,-1.2285879002300295
2021-07-03,-1.351471941231115
2021-07-04,-1.1327320340568543
2021-07-05,-1.036874067150152
2021-07-06,-1.9367128264969293
2021-07-07,-3.003202012413344
2021-07-08,-2.174239862971386
2021-07-09,-0.8967753760225554
2021-07-10,-1.5651591756444752
2021-07-11,-2.45702656147245
2021-07-12,-0.7963728463340114
2021-07-13,-1.3080532100847584
2021-07-14,-1.759509435055027
2021-07-15,-2.8404448563278573
2021-07-16,-3.389043550845483
2021-07-17,-3.7946033762759765
2021-07-18,-4.092825259730333
2021-07-19,-2.1479646913142805
2021-07-20,-0.7696921409373592
2021-07-21,-1.9134727882905525
2021-07-22,-1.2871617991978581
2021-07-23,-1.1599808425878544
2021-07-24,-0.7191526469131491
2021-07-25,-1.0576308080462502
2021-07-26,-0.5145426680860015
2021-07-27,-1.595273638199555
2021-07-28,-1.376713172191494
2021-07-29,-1.4493250472167658
2021-07-30,-1.1009036083326387
2021-07-31,-0.3220558294507653
2021-08-01,-0.8548142526521628
2021-08-02,-1.2351335326652526
2021-08-03,-0.34147940390296533
2021-08-04,-0.6599717353816648
2021-08-05,-1.075882682013805
2021-08-06,-0.9984265373050643
2021-08-07,-1.368042531546576
2021-08-08,-0.8322951139305993
2021-08-09,-0.23030181620172266
2021-08-10,-0.8712120066919261
2021-08-11,-0.5208039481464602
2021-08-12,-1.6229443795069134
2021-08-13,-1.3328754442088595
2021-08-14,-1.682684819720872
2021-08-15,-1.6001793101037083
2021-08-16,-1.5588769786387944
2021-08-17,-1.541006903300664
2021-08-18,-1.2193187243977306
2021-08-19,-1.239455540914209
2021-08-20,-1.04789690276598
2021-08-21,-1.4791463630492414
2021-08-22,-1.1905546627850827
2021-08-23,-1.0111278297767474
2021-08-24,-0.9408469423432793
2021-08-25,-1.0562835265828796
2021-08-26,-2.4111976898643572
2021-08-27,-1.7010930340722246
2021-08-28,-1.7417687474998236
2021-08-29,-1.093402765768194
2021-08-30,-0.7403552486478776
2021-08-31,-0.9430680011288021
2021-09-01,-0.5106913605881445
2021-09-02,-0.4009925408091033
2021-09-03,-0.5590583690226519
2021-09-04,-1.454933021570727
2021-09-05,-0.9770301193022833
2021-09-06,-1.5043111614742966
2021-09-07,-0.1672771462053167
2021-09-08,-0.6288787775390473
2021-09-09,-0.7490462766241615
2021-09-10,-0.8912790535721904
2021-09-11,-1.3289359247088615
2021-09-12,-1.8978445879848609
2021-09-13,-1.3814414997233586
2021-09-14,-1.216398345816545
2021-09-15,-1.7675714786128756
2021-09-16,-1.4745220986858356
2021-09-17,-2.4372184119843343
2021-09-18,-2.211515345535156
2021-09-19,-1.7969343100879618
2021-09-20,-1.226684695840051
2021-09-21,-0.8698060134572378
2021-09-22,-0.8800976027846698
2021-09-23,-1.2408457662145442
2021-09-24,-0.6262390639068677
2021-09-25,-1.9645783041360354
2021-09-26,-1.3074355592218947
2021-09-27,-1.2010008326630033
2021-09-28,-1.6379571110952245
2021-09-29,-1.580206826361478
2021-09-30,-1.098031433305067
2021-10-01,-1.2868249938704375
2021-10-02,-2.3401873222053697
2021-10-03,-1.466835718691553
2021-10-04,-0.7073914161462405
2021-10-05,-0.831218943922749
2021-10-06,-0.8989717807942894
2021-10-07,-0.6211002652375447
2021-10-08,-1.067097334127462
2021-10-09,-0.36328161747408927
2021-10-10,-1.002033524140566
2021-10-11,-2.1182043012315805
2021-10-12,-0.9995345824566122
2021-10-13,-0.6682213087755251
2021-10-14,-0.5774901516013083
2021-10-15,-1.0106739279434287
2021-10-16,-1.2938289050406582
2021-10-17,-1.685119990313327
2021-10-18,-1.0061045891166618
2021-10-19,-1.143335126269298
2021-10-20,-1.1988021942766796
2021-10-21,-1.639812759843423
2021-10-22,-1.8301318481162978
2021-10-23,-1.501598814670756
2021-10-24,-1.0213715163776589
2021-10-25,-0.9268915562586366
2021-10-26,0.14134055869209983
2021-10-27,-0.6556768081452644
2021-10-28,-0.9008946007813567
2021-10-29,-1.122447344570832
2021-10-30,-0.997941299407909
2021-10-31,-0.8192321914504522
2021-11-01,-1.046629749175503
2021-11-02,-0.7713177908619122
2021-11-03,-0.8982598855769635
2021-11-04,-1.0162952469108126
2021-11-05,-1.1535324349661134
2021-11-06,-0.9497971756537396
2021-11-07,-1.2534205452890972
2021-11-08,-0.6018720570397718
2021-11-09,-1.0707755473601632
2021-11-10,-1.204138270540899
2021-11-11,-0.8510695443085359
2021-11-12,-1.1416763844017677
2021-11-13,-1.917777799290813
2021-11-14,-1.883059966376102
2021-11-15,-1.1865678928920083
2021-11-16,-1.2021462244999201
2021-11-17,-1.1771224693284161
2021-11-18,-1.4109167815367345
2021-11-19,-2.1786982573061726
2021-11-20,-6.038767366926895
2021-11-21,-5.31155017969737
2021-11-22,-4.2236988374887545
2021-11-23,-2.394667569878122
2021-11-24,-1.4477846341149385
2021-11-25,-1.6193411512178362
2021-11-26,-1.835514708589355
2021-11-27,-2.3735619755289585
2021-11-28,-2.8644274095876057
2021-11-29,-2.838617537628382
2021-11-30,-1.8830334419037946
2021-12-01,-1.2297210790830706
2021-12-02,-0.9527110597101441
2021-12-03,-1.6340348282596964
2021-12-04,-2.397782940189387
2021-12-05,-2.24760752892053
2021-12-06,-1.5310845894460698
2021-12-07,-1.8726531538015632
2021-12-08,-0.7894783198305904
2021-12-09,-0.8580472280844548
2021-12-10,-0.9435039521383619
2021-12-11,-1.590253659862433
2021-12-12,-0.9790519386258724
2021-12-13,-0.6693324592526888
2021-12-14,-0.54045876705262
2021-12-15,-0.3986332544703356
2021-12-16,-0.6156607268057527
2021-12-17,-0.9771316352416065
2021-12-18,-1.856422666494961
2021-12-19,-2.408721366092554
2021-12-20,-2.025891561067744
2021-12-21,-1.4888282935070387
2021-12-22,-3.4957330618990206
2021-12-23,-2.005310410335337
2021-12-24,-1.676930509156074
2021-12-25,-0.9185712262074401
2021-12-26,-1.6127465091936621
2021-12-27,-1.0559080214907297
2021-12-28,-0.64875751782835
2021-12-29,-0.9684996899647885
2021-12-30,-2.026175828341239
2021-12-31,-0.9489600445119335
2022-01-01,-2.2360163712342973
2022-01-02,-4.958368651040094
2022-01-03,-3.7782216619054902
2022-01-04,-2.567304055623872
2022-01-05,-2.2071039383521702
2022-01-06,-1.9058144944087367
2022-01-07,-1.0343789880883294
2022-01-08,-1.6093857112158358
2022-01-09,-1.1633028788126336
2022-01-10,-1.7980556404877155
2022-01-11,-0.7891800326358188
2022-01-12,-0.7927655986468084
2022-01-13,-2.0671760369492933
2022-01-14,-1.5715358520038658
2022-01-15,-1.8691795593237215
2022-01-16,-1.7240689716484734
2022-01-17,-2.030041313218397
2022-01-18,-2.1527226029167643
2022-01-19,-1.822666053229175
2022-01-20,-1.7501358497662183
2022-01-21,-0.9353743227363371
2022-01-22,-1.9525953137422947
2022-01-23,-2.3162944400778542
2022-01-24,-1.4134608792841652
2022-01-25,-1.6916877753664101
2022-01-26,-0.6999497333719215
2022-01-27,-1.081125592364943
2022-01-28,-1.986708227615679
2022-01-29,-2.8751644025122296
2022-01-30,-0.5912383604176445
2022-01-31,-1.262342235167107
2022-02-01,-1.4214475229222887
2022-02-02,-0.7036076994679503
2022-02-03,-1.2051382846529766
2022-02-04,-1.7847901657119205
2022-02-05,-2.063152265064961
2022-02-06,-1.6680203406053806
2022-02-07,-1.6146508695778625
2022-02-08,-0.8098031128262706
2022-02-09,-1.2358350406519498
2022-02-10,-1.1279807255976215
2022-02-11,-1.9114965888005844
2022-02-12,-2.3972214295693184
2022-02-13,-2.9894884839046503
2022-02-14,-2.1736842411133983
2022-02-15,-1.1032723099619617
2022-02-16,-1.6888449693291236
2022-02-17,-3.02425514105506
2022-02-18,-3.5869914849514255
2022-02-19,-3.2364134098223785
2022-02-20,-2.4363384161271475
2022-02-21,-2.018002953564996
2022-02-22,-2.3307703560633133
2022-02-23,-2.385780983976342
2022-02-24,-1.8057621968163247
2022-02-25,-1.5488196476701195
2022-02-26,-1.2224518534226445
2022-02-27,-1.6348950474634292
2022-02-28,-1.5240139307864766
2022-03-01,-1.6601665409648738
2022-03-02,-1.8176957448979683
2022-03-03,-1.714798290419618
2022-03-04,-1.4251384426901101
2022-03-05,-1.7566664841368664
2022-03-06,-2.388117678817136
2022-03-07,-1.933040347857096
2022-03-08,-1.640482727863887
2022-03-09,-1.1474407780842562
2022-03-10,-1.3634151970658142
2022-03-11,-1.0622982211146759
2022-03-12,-1.2521252067088986
2022-03-13,-0.9632526532962867
2022-03-14,-2.8777797539195022
2022-03-15,-1.6433307116615141
2022-03-16,-1.5967791282465515
2022-03-17,-1.3948232285990014
2022-03-18,-1.237789870796627
2022-03-19,-1.741211919655408
2022-03-20,-1.6391899801244825
2022-03-21,-1.368214103247627
2022-03-22,-1.2613322371618574
2022-03-23,-1.0242379789319904
2022-03-24,-1.2834589940151169
2022-03-25,-1.5794823911701783
2022-03-26,-1.005539941356455
2022-03-27,-0.662562302127593
2022-03-28,-1.2826827469584117
2022-03-29,-1.038774570694028
2022-03-30,-1.6097243853204795
2022-03-31,-1.5141093322954413
2022-04-01,-0.5000170093840604
2022-04-02,-0.673548315834374
2022-04-03,-0.9868544297721367
2022-04-04,-1.0582879627306787
2022-04-05,0.1501969004101324
2022-04-06,-0.2247293982109951
2022-04-07,-0.6809388323718053
2022-04-08,-0.7904997114008396
2022-04-09,-0.48588866011989906
2022-04-10,-0.24007091161286098
2022-04-11,-0.8220566959615639
2022-04-12,-1.0554881414157753
2022-04-13,-0.2792775537391566
2022-04-14,-1.0724329101249663
2022-04-15,-0.30242662968599376
2022-04-16,0.038368793885496424
2022-04-17,-0.3185946760484996
2022-04-18,-0.7671315723705591
2022-04-19,-1.3956168909469204
2022-04-20,-0.03197639600008349
2022-04-21,-0.2990085659679508
2022-04-22,-1.0088037155039393
2022-04-23,-0.7683389651477774
2022-04-24,-0.9067282349119717
2022-04-25,-1.1906937741503996
2022-04-26,-0.5883089367236259
2022-04-27,-0.38092524733048505
2022-04-28,-1.5815628528722834
2022-04-29,-0.989776827750183
2022-04-30,-1.9385516948043346
2022-05-01,-0.9123577929781965
2022-05-02,-0.8547425614971844
2022-05-03,-0.7723041681025972
2022-05-04,-1.1478629948003614
2022-05-05,-0.029161004316651844
2022-05-06,-0.9949514136694321
2022-05-07,-0.7562582231149426
2022-05-08,-1.3662233516623143
2022-05-09,-0.15867072725290127
2022-05-10,-0.7578093113454296
2022-05-11,-0.7950511009999806
2022-05-12,-0.20410803116477286
2022-05-13,-1.1175226912850322
2022-05-14,-0.5512161288998308
2022-05-15,-1.2657606387104556
2022-05-16,-0.7552723009163859
2022-05-17,-1.12193189752259
2022-05-18,-0.35600647811037345
2022-05-19,0.027534314547954727
2022-05-20,-0.6362213770949451
2022-05-21,-1.4577215302931166
2022-05-22,-0.9176481924916228
2022-05-23,-0.5105766484878391
2022-05-24,-1.6144196757045002
2022-05-25,-0.8408386200331969
2022-05-26,-0.6614095521330224
2022-05-27,-0.978413355243468
2022-05-28,-1.38418846475029
2022-05-29,-1.1190674535257183
2022-05-30,-1.2767804299245393
2022-05-31,-1.4500991297251866
2022-06-01,-0.9289812732542464
2022-06-02,-0.6478046602486873
2022-06-03,-0.9025987391725178
2022-06-04,-1.7277905641236444
2022-06-05,-1.1175333797937894
2022-06-06,-1.6027596489969405
2022-06-07,-2.5171915680408015
2022-06-08,-1.5538921487458548
2022-06-09,-0.9861921675398982
2022-06-10,-1.7799967910886696
2022-06-11,-2.592692766689677
2022-06-12,-1.0344834693733804
2022-06-13,-0.3664641049297245
2022-06-14,-0.9422990969981905
2022-06-15,-0.5479089207553473
2022-06-16,-1.755224781751155
2022-06-17,-1.3364448935539626
2022-06-18,-0.4810921560703978
2022-06-19,-1.2965536460567815
2022-06-20,-1.3548460733396028
2022-06-21,-0.7394631480883811
2022-06-22,-0.9632004237910181
2022-06-23,-1.149480280281431
2022-06-24,-0.9086743438915518
2022-06-25,-1.5632943049218055
2022-06-26,-0.6589900277623262
2022-06-27,-1.0279061440676036
2022-06-28,-1.9332790683361898
2022-06-29,-2.106844229888973
2022-06-30,-1.4330577036171421
2022-07-01,-1.798561879474596
2022-07-02,-1.5135008969905892
2022-07-03,-1.3555503329561733
2022-07-04,-2.121227516898469
2022-07-05,-2.06664358237641
2022-07-06,-2.4776608792410713
2022-07-07,-1.9317667595603392
2022-07-08,-1.9065584006215666
2022-07-09,-1.835247716803016
2022-07-10,-2.1910605672954127
2022-07-11,-1.877625589960893
2022-07-12,-1.3675469200374522
2022-07-13,-1.5677638553602145
2022-07-14,-1.752336124244529
2022-07-15,-1.6941924355366011
2022-07-16,-1.2751481227528523
2022-07-17,-1.875216926555291
2022-07-18,-1.5781306650011078
2022-07-19,-2.139706004745858
2022-07-20,-1.3886097782900182
2022-07-21,-0.8086172569799476
2022-07-22,-1.7620813714725347
2022-07-23,-1.8479063312750474
2022-07-24,-1.2481564087073957
2022-07-25,-1.258154007992013
2022-07-26,-1.1405849925867322
2022-07-27,-2.0049664369794353
2022-07-28,-1.4750499811644155
2022-07-29,-1.9579981816754781
2022-07-30,-1.9165014895959307
2022-07-31,-0.6772262153533789
2022-08-01,-1.2808587673441407
2022-08-02,-0.7506368867732348
2022-08-03,-1.626283889722884
2022-08-04,-1.6151101664282985
2022-08-05,-1.7922637871830003
2022-08-06,-4.298319130655748
2022-08-07,-3.6593528082823115
2022-08-08,-1.8288599156526844
2022-08-09,-0.5622793574398025
2022-08-10,-1.243386591926904
2022-08-11,-1.3599641717317736
2022-08-12,-1.9316089404497225
2022-08-13,-1.5802542395147543
2022-08-14,-1.4483369549018952
2022-08-15,-1.7336163865961884
2022-08-16,-1.1019133765116071
2022-08-17,-0.7622782219163146
2022-08-18,-1.1203742224218785
2022-08-19,-1.341124698674926
2022-08-20,-0.9608463086005729
2022-08-21,-1.7658249141476459
2022-08-22,-1.828028595804342
2022-08-23,-0.721400326868307
2022-08-24,-0.9635726783216032
2022-08-25,-1.3380909473376512
2022-08-26,-1.7431181892563221
2022-08-27,-3.190539333826152
2022-08-28,-3.241978566910409
2022-08-29,-2.0027399224515103
2022-08-30,-1.6855464381528285
2022-08-31,-2.4796250579788626
2022-09-01,-1.7229271829591772
2022-09-02,-1.7663927962929493
2022-09-03,-0.6523541815075263
2022-09-04,-0.420818315226533
2022-09-05,-0.9190209993192361
2022-09-06,-0.72074628567265
2022-09-07,-1.4635023278728434
2022-09-08,-1.108282680911741
2022-09-09,-0.11695680907418342
2022-09-10,-0.6407090773917311
2022-09-11,-1.178662655962271
2022-09-12,-1.2091088860997987
2022-09-13,-0.5132843757975806
2022-09-14,-0.5702263424568245
2022-09-15,-0.23226099067439152
2022-09-16,-0.4043265156549136
2022-09-17,-0.6726800839942734
2022-09-18,-1.7653396870541538
2022-09-19,0.4254781420166389
2022-09-20,-0.6465591167100933
2022-09-21,-0.8027033065850586
2022-09-22,-0.49903005834334163
2022-09-23,-0.8848670141444365
2022-09-24,-0.7714025210191824
2022-09-25,-0.6293961036168578
2022-09-26,-1.66700357638922
2022-09-27,-0.27617460525548776
2022-09-28,-1.6385366001088406
2022-09-29,-0.7502049597357237
2022-09-30,-0.8358141352089624
2022-10-01,-1.3153056222236903
2022-10-02,-1.3121686014542844
2022-10-03,-1.0131300052674272
2022-10-04,-1.4562438701313303
2022-10-05,-1.4438273514582833
2022-10-06,-1.5499914558189227
2022-10-07,-0.9364409933156856
2022-10-08,-1.817862021899473
2022-10-09,-1.2172829350960161
2022-10-10,-1.4817549635317844
2022-10-11,-1.775553102219979
2022-10-12,-1.1130824522356375
2022-10-13,-0.6686239574699406
2022-10-14,-0.9545113662975404
2022-10-15,-1.813908044656723
2022-10-16,-1.285302254804044
2022-10-17,-1.198274129414003
2022-10-18,-0.10016484892782729
2022-10-19,-1.247678868482371
2022-10-20,-0.5569965010082265
2022-10-21,-1.3460887611593353
2022-10-22,-1.164581844366043
2022-10-23,-1.2487507499700354
2022-10-24,-0.7015361041145873
2022-10-25,-0.9106240831378407
2022-10-26,-1.181954856266498
2022-10-27,-0.7814496643260437
2022-10-28,-1.2343036632995898
2022-10-29,-1.4626389617696232
2022-10-30,-0.7279666479071849
2022-10-31,-1.1449187237081448
2022-11-01,-1.2673346384042827
2022-11-02,-1.329024324807955
2022-11-03,-1.8745893528485207
2022-11-04,-0.7670052743853107
2022-11-05,-1.8313788700229543
2022-11-06,-2.2666943156885306
2022-11-07,-0.6757342594622386
2022-11-08,-0.5364000475643834
2022-11-09,0.15624204040582246
2022-11-10,-0.3042432219592397
2022-11-11,-0.6964584470522523
2022-11-12,-1.051961876045604
2022-11-13,-1.876133000178478
2022-11-14,-0.7462713643426303
2022-11-15,-0.06231142161708036
2022-11-16,-0.576656156432788
2022-11-17,-3.7066306165442944
2022-11-18,-3.509554542134748
2022-11-19,-2.1424945065985677
2022-11-20,-1.235862780407278
2022-11-21,-1.7829299498158286
2022-11-22,-1.4757906467246382
2022-11-23,-1.4671325010434002
2022-11-24,-1.3065199760871746
2022-11-25,-0.9870753760113771
2022-11-26,-1.4709808310395376
2022-11-27,-1.0067326084646813
2022-11-28,-1.7213943938211536
2022-11-29,-1.5292605494028297
2022-11-30,-1.0997114424943757
2022-12-01,-1.2142636662816513
2022-12-02,-0.7942850893803566
2022-12-03,-0.8621312249566067
2022-12-04,-1.4186106486823962
2022-12-05,-1.5090567801143866
2022-12-06,-1.8594494461959559
2022-12-07,-1.0784677804357432
2022-12-08,-0.7551976332994155
2022-12-09,-1.6370297118798258
2022-12-10,-0.745100886980725
2022-12-11,-0.7481132207141357
2022-12-12,-0.10719889882609002
2022-12-13,-0.5510909546010072
2022-12-14,-1.0353666996342104
2022-12-15,-0.6393060103711066
2022-12-16,-1.4973865068861039
2022-12-17,-1.9566250293794711
2022-12-18,-1.5985713410431064
2022-12-19,-2.34501973214062
2022-12-20,-2.703168299537268
2022-12-21,-1.9230110657006452
2022-12-22,-1.8900633277374241
2022-12-23,-0.9481949387061058
2022-12-24,-1.874216761609435
2022-12-25,-1.650937159454686
2022-12-26,-2.055910927489608
2022-12-27,-1.1057718365973332
2022-12-28,-1.1737834234403168
2022-12-29,-1.2329230085189131
2022-12-30,-1.352576263832952
2022-12-31,-0.7183851459130682
2023-01-01,-1.4410055710218221
2023-01-02,-2.5069924380319386
2023-01-03,-2.131467673105279
2023-01-04,-1.4714006334139134
2023-01-05,-1.428148723222763
2023-01-06,-1.3851152608043285
2023-01-07,-2.711606770314834
2023-01-08,-3.2901073177140723
2023-01-09,-1.6597376204113665
2023-01-10,-2.4408790341667235
2023-01-11,-1.6310112369815863
2023-01-12,-1.1199605293836377
2023-01-13,-0.7671959909625858
2023-01-14,-0.673572531298786
2023-01-15,-0.7048652542442198
2023-01-16,-1.3195891474564323
2023-01-17,-1.3125189013615433
2023-01-18,-1.2275430187490515
2023-01-19,-1.1374764709742242
2023-01-20,-0.8215042019872936
2023-01-21,-0.24217883360573142
2023-01-22,-1.1352501604308736
2023-01-23,-1.328091663765193
2023-01-24,-1.7064195220222411
2023-01-25,-2.9591317456494757
2023-01-26,-1.8365594838651562
2023-01-27,-1.705025991265443
2023-01-28,-2.802604417852498
2023-01-29,-1.5167521474197336
2023-01-30,-1.7669078698490175
2023-01-31,-0.9185235415997868
2023-02-01,-1.0988374374867336
2023-02-02,-1.8798122678288929
2023-02-03,-1.7038221172944512
2023-02-04,-1.0676834903332904
2023-02-05,-1.7346717815720374
2023-02-06,-0.8591479406410429
2023-02-07,-0.4887203150103955
2023-02-08,-2.7276826460939274
2023-02-09,-1.9274975798051621
2023-02-10,-1.787212065350223
2023-02-11,-1.3570363444775686
2023-02-12,-1.4798975767415306
2023-02-13,-0.5681807589719297
2023-02-14,-0.9966806648526216
2023-02-15,-1.1317771700523713
2023-02-16,-0.44724005366875075
2023-02-17,-1.238385235612639
2023-02-18,-1.7570964450086923
2023-02-19,-1.0702949222329563
2023-02-20,-1.1409021739838836
2023-02-21,-1.9756098103294388
2023-02-22,-1.2296348961372725
2023-02-23,-1.1164998415148863
2023-02-24,-1.2924258254284806
2023-02-25,-1.5516101934860416
2023-02-26,-1.4249669871345383
2023-02-27,-1.199846678816981
2023-02-28,-1.7315110886661742
2023-03-01,-1.1806741771330382
2023-03-02,-1.3280302965677686
2023-03-03,-1.5559053397653126
2023-03-04,-1.8613869994553776
2023-03-05,-2.254258629913796
2023-03-06,-1.381543347621197
2023-03-07,-1.3085544759523895
2023-03-08,-0.13998956126214923
2023-03-09,-1.4580393716017277
2023-03-10,-0.7187627123964558
2023-03-11,-2.2524779436603657
2023-03-12,-1.8055998844718437
2023-03-13,-1.563752503238861
2023-03-14,-1.5636145573322993
2023-03-15,-1.5666054234510967
2023-03-16,-0.9614953427294083
2023-03-17,-1.8067202071720905
2023-03-18,-2.4559132030396054
2023-03-19,-1.5724580680437172
2023-03-20,-1.0673383693959109
2023-03-21,-0.47585884747328017
2023-03-22,-0.8976145256306239
2023-03-23,-0.8449549803315007
2023-03-24,-0.7937678244618472
2023-03-25,-0.5022597129791243
2023-03-26,-0.9437459930256433
2023-03-27,-1.0061032819366282
2023-03-28,-1.6785351843236709
2023-03-29,-1.2146039625803335
2023-03-30,-1.271709038522815
2023-03-31,-1.7860266658579298
2023-04-01,-1.2763886474511843
2023-04-02,-1.3760888229243855
2023-04-03,-1.1569374916358466
2023-04-04,-2.4361821837133912
2023-04-05,-1.956662483729592
2023-04-06,-0.8447990813530528
2023-04-07,-0.8792117871225166
2023-04-08,-0.37966997502826705
2023-04-09,0.030763394283708168
2023-04-10,-0.5239971385086155
2023-04-11,-0.837072673623689
2023-04-12,-1.321028287396361
2023-04-13,-1.1437444919404771
2023-04-14,-1.027516837188619
2023-04-15,-1.1950485112204063
2023-04-16,-0.7924571408222996
2023-04-17,-1.2251431532780852
2023-04-18,-0.42008873696382276
2023-04-19,-0.7093185276178399
2023-04-20,-0.6983874400890275
2023-04-21,-0.9133782225370041
2023-04-22,-1.3006607770602434
2023-04-23,-2.110288162941516
2023-04-24,-1.3309347497837827
2023-04-25,-1.4200095706977478
2023-04-26,-1.172354586121421
2023-04-27,-0.051690525798737896
2023-04-28,-1.4205018525900597
2023-04-29,-0.9822229774173789
2023-04-30,-0.9617373487144889
2023-05-01,-1.55933396755501
2023-05-02,-0.8257826530786498
2023-05-03,-0.9558519158803208
2023-05-04,-2.6109158031338273
2023-05-05,-1.1700523301467378
2023-05-06,-0.4769017152494406
2023-05-07,-1.2454538192500193
2023-05-08,-0.9654477027364012
2023-05-09,-0.8888433049737082
2023-05-10,-0.8111564760793976
2023-05-11,-1.2726473135303793
2023-05-12,-1.5586076743901667
2023-05-13,-0.4646568351250611
2023-05-14,-2.7335235941329654
2023-05-15,-0.2808883616397692
2023-05-16,-0.33383907902007676
2023-05-17,0.026262403634789704
2023-05-18,0.34295826381311056
2023-05-19,-0.7425019871183861
2023-05-20,-0.13937578048637994
2023-05-21,-0.9568288423846172
2023-05-22,-1.1562310006879506
2023-05-23,-1.0077679421483698
2023-05-24,-0.5545158251297637
2023-05-25,-1.2869843142830064
2023-05-26,-1.1864351490818894
2023-05-27,-1.6117977822583363
2023-05-28,-3.121758217880384
2023-05-29,-1.4947733254331241
2023-05-30,-1.1596308625204788
2023-05-31,-1.660098924926007
2023-06-01,-0.3362706902332964
2023-06-02,-0.26112848405718025
2023-06-03,-0.7248478875228224
2023-06-04,-1.3859994799411217
2023-06-05,-0.9236181862683479
2023-06-06,-1.1302442555338041
2023-06-07,-1.1013561877714002
2023-06-08,-1.8742944252133147
2023-06-09,-1.1186871123265667
2023-06-10,-1.2447876322087343
2023-06-11,-1.004623042962219
2023-06-12,-1.8080765113699522
2023-06-13,-0.9398083533837526
2023-06-14,-0.6856209644977689
2023-06-15,-0.40045081821849837
2023-06-16,-0.7859943495170887
2023-06-17,-1.3876870200171372
2023-06-18,-0.13295265946835194
2023-06-19,-0.9219680635699367
2023-06-20,-0.753343493186807
2023-06-21,-0.615137347313194
2023-06-22,-0.7572689383843357
2023-06-23,-1.443566924220698
2023-06-24,-0.980903223406655
2023-06-25,-0.6567385046353584
2023-06-26,-1.075543683752474
2023-06-27,-0.4673743861642221
2023-06-28,-0.3439839963279829
2023-06-29,-1.4541967623649412
2023-06-30,-0.7033575862599827
2023-07-01,-1.9877262303599925
2023-07-02,-2.0574534683097463
2023-07-03,-1.3328700262271764
2023-07-04,-1.2601988030374505
2023-07-05,-2.304651489901349
2023-07-06,-1.2382671619495857
2023-07-07,-1.6007497785468467
2023-07-08,-2.3340835606845056
2023-07-09,-1.9076192186967977
2023-07-10,-0.9503108901901749
2023-07-11,-0.7312838220257702
2023-07-12,-0.5885292061377742
2023-07-13,-1.2286942987398535
2023-07-14,-1.773276370678211
2023-07-15,-1.8856353977903764
2023-07-16,-0.4811899924578229
2023-07-17,-1.166369566810402
2023-07-18,-1.3061515868563518
2023-07-19,-1.5598042180421823
2023-07-20,-0.8832898732782394
2023-07-21,-2.0047394986779628
2023-07-22,-2.2842059265853787
2023-07-23,-0.9871257466179628
2023-07-24,-1.0055122339558398
2023-07-25,-1.4082778738939643
2023-07-26,-1.9598682364430045
2023-07-27,-1.939049158767074
2023-07-28,-1.6982426987839454
2023-07-29,-1.9744601804429582
2023-07-30,-2.592539059108058
2023-07-31,-1.342274422084438
2023-08-01,-1.5635000562672379
2023-08-02,-1.4123604581527112
2023-08-03,-1.4879337006845479
2023-08-04,-1.495210884340515
2023-08-05,-1.2400579187798584
2023-08-06,0.0050751894585774286
2023-08-07,-1.7780474802669175
2023-08-08,-1.1899425277399687
2023-08-09,-0.708746279893949
2023-08-10,-1.1044839194031182
2023-08-11,-1.1800512484397003
2023-08-12,-0.3792284692072111
2023-08-13,-0.5052005846672624
2023-08-14,-0.7773699828284486
2023-08-15,-1.1218472306260383
2023-08-16,-0.9808172895792352
2023-08-17,-1.2946123656954824
2023-08-18,-0.6427585398748
2023-08-19,-1.8919799981585237
2023-08-20,-0.039542032327851744
2023-08-21,-0.8052627657869861
2023-08-22,-0.33614405150241883
2023-08-23,-0.8456510972333037
2023-08-24,-0.7833519020750955
2023-08-25,-0.8721576854409518
2023-08-26,-1.5640680975634818
2023-08-27,-1.2574993234087832
2023-08-28,-0.8083486462975418
2023-08-29,-1.3309214693541458
2023-08-30,-0.8184364814474074
2023-08-31,-0.714149100926212
2023-09-01,-1.2509929910715722
2023-09-02,-0.7066434394199748
2023-09-03,-0.3671682299151542
2023-09-04,-0.6513040947690529
2023-09-05,-0.42453602729400164
2023-09-06,-1.408281943965746
2023-09-07,-0.8497725246215391
2023-09-08,-0.7192291667562253
2023-09-09,-2.078254182440994
2023-09-10,-2.1473951367595427
2023-09-11,-1.626460769428753
2023-09-12,-0.9654158861008982
2023-09-13,-0.7654139777433777
2023-09-14,-1.0670294663466129
2023-09-15,-0.8497841039144136
2023-09-16,-1.155115852097753
2023-09-17,-1.360301842696913
2023-09-18,-0.7258795422243444
2023-09-19,-0.4768631890780499
2023-09-20,-1.223627783210116
2023-09-21,-0.73609794296585
2023-09-22,-0.17925814378638205
2023-09-23,-0.7131610655727001
2023-09-24,-1.204610754457132
2023-09-25,-2.390454189369635
2023-09-26,-0.9957193572341403
2023-09-27,-0.45989008553710364
2023-09-28,-4.557974998564386
2023-09-29,-3.715705461057063
2023-09-30,-1.1183065025351437
2023-10-01,-0.44890519802052986
2023-10-02,-0.7306281345480196
2023-10-03,-1.3573003675766226
2023-10-04,-0.9199686111828684
2023-10-05,-0.5780491687212134
2023-10-06,-0.8966913812231586
2023-10-07,-2.1087325024143313
2023-10-08,-1.1301344759175658
2023-10-09,-0.4185693791347554
2023-10-10,-0.8340881543879131
2023-10-11,-1.0289240697830733
2023-10-12,-0.6767666967185616
2023-10-13,-1.1903231200034425
2023-10-14,-1.2328772383266076
2023-10-15,-1.1005995152293044
2023-10-16,-0.6463053380694941
2023-10-17,-0.7070036033291858
2023-10-18,-1.160669328690745
2023-10-19,-1.93507884462681
2023-10-20,-2.036998209919175
2023-10-21,-1.383638139266542
2023-10-22,-2.0078084901761817
2023-10-23,-1.9362081117707912
2023-10-24,-1.4405128875461548
2023-10-25,-1.5018554551413257
2023-10-26,-0.9505803123434695
2023-10-27,-0.8924267166002918
2023-10-28,-0.03462109341428235
2023-10-29,-0.4261660400330347
2023-10-30,-1.035161123446886
2023-10-31,-1.2416973645432874
2023-11-01,-0.7878985993069452
2023-11-02,0.06734715959886452
2023-11-03,-1.0479212339954718
2023-11-04,-1.2827113063388484
2023-11-05,-1.0719117335323058
2023-11-06,-1.202901723349667
2023-11-07,-0.6769248130490555
2023-11-08,-1.1164525646816694
2023-11-09,-1.003510129718729
2023-11-10,-0.7498952967593029
2023-11-11,-0.6863786730792325
2023-11-12,-1.7933036918068215
2023-11-13,-0.9913205465899215
2023-11-14,-0.9751900952038218
2023-11-15,-1.2282614245348338
2023-11-16,-1.2022831485497985
2023-11-17,-0.9833620374960405
2023-11-18,-0.3212197086237972
2023-11-19,-1.3926506000495111
2023-11-20,-1.0782140518891625
2023-11-21,-1.325784921870724
2023-11-22,-0.30363908132283823
2023-11-23,-0.028729449197016227
2023-11-24,-0.3155384078688214
2023-11-25,-1.0777890674542137
2023-11-26,-1.5131118521847373
2023-11-27,-0.916347173060678
2023-11-28,-0.4789914135446569
2023-11-29,-0.8606281307288096
2023-11-30,-1.096869832963561
2023-12-01,-0.7540023850829242
2023-12-02,-1.1209511040675368
2023-12-03,-1.5044561349877947
2023-12-04,-1.7851184099534656
2023-12-05,-0.7559092486539485
2023-12-06,-1.004514226606632
2023-12-07,-0.39646345367681946
2023-12-08,-1.8812023768190755
2023-12-09,-1.3814265230727585
2023-12-10,-1.0392568936057867
2023-12-11,-0.3667751113421757
2023-12-12,0.05531745352983628
2023-12-13,-0.12388837197314512
2023-12-14,-1.6314967664027897
2023-12-15,-2.1999187489544054
2023-12-16,-1.5999021982295096
2023-12-17,-1.2791048275601056
2023-12-18,-2.0498529631309683
2023-12-19,-2.17616238529897
2023-12-20,-0.962882699139728
2023-12-21,-2.0400967000163255
2023-12-22,-1.4969101128310591
2023-12-23,-1.5300105043372165
2023-12-24,-1.6974839459099325
2023-12-25,-1.9297958362533731
2023-12-26,-1.036433938363814
2023-12-27,-0.9693966506684772
2023-12-28,-1.3762470455601183
2023-12-29,-1.2329475957877312
2023-12-30,-2.302703498187318
2023-12-31,-1.5656855596765176
2024-01-01,-3.2479308713077404
2024-01-02,-1.7250623697650191
2024-01-03,-1.3719884388698702
2024-01-04,-1.4637596174515468
2024-01-05,-1.4594896561452109
2024-01-06,-1.5898020204607672
2024-01-07,-0.6659293023703547
2024-01-08,-0.7215267911891257
2024-01-09,-0.6012301072160713
2024-01-10,-0.825123308374024
2024-01-11,-1.8621953237142255
2024-01-12,-2.709703986513469
2024-01-13,-3.3310661512204285
2024-01-14,-1.6972350138150176
2024-01-15,-1.1742326146988413
2024-01-16,-1.4846055691231765
2024-01-17,-0.881007711141689
2024-01-18,-0.9082758971267714
2024-01-19,-1.4463500026641791
2024-01-20,-0.9591984882221726
2024-01-21,-1.2592192566031786
2024-01-22,-2.1476652589399006
2024-01-23,-2.5472451565230867
2024-01-24,-2.258268352922586
2024-01-25,-2.5143983898112747
2024-01-26,-2.3423893991893663
2024-01-27,-1.09433961585262
2024-01-28,-3.508713355868964
2024-01-29,-1.3657820030717704
2024-01-30,-1.9222423270244207
2024-01-31,-1.8238580018537736
2024-02-01,-1.1876880036942472
2024-02-02,-1.686799291542932
2024-02-03,-2.2276023334011428
2024-02-04,-1.928302631019797
2024-02-05,-0.5943616074683306
2024-02-06,-1.598565314886233
2024-02-07,-0.8906106098992015
2024-02-08,-0.704682518642909
2024-02-09,-1.3446275693294099
2024-02-10,-0.8583148119509116
2024-02-11,-1.4995222781317168
2024-02-12,-2.3554063654296153
2024-02-13,-1.9272787667481017
2024-02-14,-1.7006856457247586
2024-02-15,-1.243024379122614
2024-02-16,-1.2689525430968742
2024-02-17,-1.3299636980484504
2024-02-18,-1.6076655824464308
2024-02-19,-1.3898772905044434
2024-02-20,-1.1340679982247828
2024-02-21,-1.2163950136163557
2024-02-22,-0.3101979335824272
2024-02-23,-0.06998903342067271
2024-02-24,0.17654655254803334
2024-02-25,-0.8910495263968206
2024-02-26,-1.2774055233252402
2024-02-27,-2.442924805349323
2024-02-28,-1.8195624461940292
2024-02-29,-1.1374020588073064
2024-03-01,0.4691003786877266
2024-03-02,-0.8283221522973442
2024-03-03,-1.4254787427705218
2024-03-04,-0.6256599268146594
2024-03-05,-0.8740156860643891
2024-03-06,-1.1987443367057398
2024-03-07,-1.4583782804682461
2024-03-08,-0.7191835778700643
2024-03-09,-1.4321417669489784
2024-03-10,-3.1226628719701814
2024-03-11,-1.570229483700951
2024-03-12,-1.420299705264432
2024-03-13,-1.14175719686021
2024-03-14,-0.8367701881492041
2024-03-15,-0.5406430321961873
2024-03-16,-1.2791170783899584
2024-03-17,-0.9342772190845734
2024-03-18,-0.7809552877217367
2024-03-19,-0.39190047870849165
2024-03-20,-0.5706191038825226
2024-03-21,-1.0906121949403744
2024-03-22,-0.9637610169573817
2024-03-23,-0.9952113024769429
2024-03-24,-1.2476695206770827
2024-03-25,-1.4304802745499203
2024-03-26,-0.6677416532948695
2024-03-27,-0.7113822974826246
2024-03-28,-0.5307708182510804
2024-03-29,-0.7008432874928626
2024-03-30,-4.10725993279211
2024-03-31,-2.9950615700221146
2024-04-01,-1.8857014210035015
2024-04-02,-1.370605708998076
2024-04-03,-1.2499197924552172
2024-04-04,-0.7465409099815699
2024-04-05,-0.8880875502588874
2024-04-06,-3.645374187379411
2024-04-07,-3.1679276871809376
2024-04-08,-1.1922200515663333
2024-04-09,-1.1270672565726558
2024-04-10,-1.076524765277519
2024-04-11,-0.9258001000409314
2024-04-12,0.30410328103364115
2024-04-13,-1.7360743335410045
2024-04-14,-2.8845563585747978
2024-04-15,-1.084597092817585
2024-04-16,-0.7925734303449453
2024-04-17,-0.04215701997249953
2024-04-18,-0.07483399908870078
2024-04-19,-0.25319601988958984
2024-04-20,-1.061356137432638
2024-04-21,-0.7405521936587551
2024-04-22,0.03062230341238069
2024-04-23,-1.3457053568765918
2024-04-24,-1.4813661526564816
2024-04-25,-0.8407507580710137
2024-04-26,0.6125988628679871
2024-04-27,-0.011834785735219995
2024-04-28,0.3325234340919604
2024-04-29,-0.1723794877651734
2024-04-30,-0.6365966570497685
2024-05-01,-0.28818923008975705
2024-05-02,-1.018757734915446
2024-05-03,-0.7395875481082632
2024-05-04,-1.1073415315185862
2024-05-05,-0.8519956579610771
2024-05-06,-1.0457259184220238
2024-05-07,-1.925420298986281
2024-05-08,-1.7944427837832553
2024-05-09,-2.5498536423578098
2024-05-10,-1.861443961293969
2024-05-11,-2.1184217753357446
2024-05-12,-1.6340251966130968
2024-05-13,-2.0072021720542383
2024-05-14,-1.1077346223482334
2024-05-15,-0.8416060671355247
2024-05-16,-0.7454861654400938
2024-05-17,-1.5415848978480933
2024-05-18,-0.9608357684227831
2024-05-19,-1.4302831868443824
2024-05-20,-1.745924545548147
2024-05-21,-1.3717647059733276
2024-05-22,-1.0240606926663454
2024-05-23,-0.997355863345704
2024-05-24,-1.110051566587958
2024-05-25,-1.8728344204787861
2024-05-26,-2.170285479921379
2024-05-27,-1.2069516989748377
2024-05-28,-0.22682665489746212
2024-05-29,-1.2576331183831317
2024-05-30,-1.394703060006443
2024-05-31,-1.5463306803676051
2024-06-01,-1.0975073868732474
2024-06-02,-0.9987628261455714
2024-06-03,-0.7125037927330945
2024-06-04,-0.8652199898201145
2024-06-05,-0.17326505805668463
2024-06-06,-0.8549566161430449
2024-06-07,-0.9765751302164053
2024-06-08,-0.8358976329496768
2024-06-09,-0.168482130404319
2024-06-10,-0.05837106609924762
2024-06-11,-0.4883026181346079
2024-06-12,-3.17078120672299
2024-06-13,-0.6153694372935914
2024-06-14,-0.6634697859324952
2024-06-15,-1.6664765552475962
2024-06-16,-2.136255982471138
2024-06-17,-1.1183770999513407
2024-06-18,-0.0038583278703031854
2024-06-19,-0.7169303251833404
2024-06-20,-0.3641765414352864
2024-06-21,-0.16999317694634744
2024-06-22,-0.8443364265977995
2024-06-23,-0.7168965877022404
2024-06-24,-0.28594335469902543
2024-06-25,-0.7717146976568929
2024-06-26,-0.3402211164830814
2024-06-27,-0.9909668920137487
2024-06-28,-0.8390112007044942
2024-06-29,-0.7542924216874742
2024-06-30,-0.2991509611351215
2024-07-01,-0.916759273362819
2024-07-02,0.05321981753451271
2024-07-03,-0.5399711944729804
2024-07-04,-0.8946559467834426
2024-07-05,-0.13259169149801492
2024-07-06,-1.1887464240881187
2024-07-07,-0.2866583321133691
2024-07-08,-0.5373424130104405
2024-07-09,-1.0166393290845206
2024-07-10,-0.26920585082780807
2024-07-11,-0.7327068052785828
2024-07-12,-1.183262420180548
2024-07-13,-1.0539020388687204
2024-07-14,-1.527825138624286
2024-07-15,-1.8148794744652077
2024-07-16,-1.6866648108149782
2024-07-17,-2.526631417866518
2024-07-18,-1.5530737771158953
2024-07-19,-1.543438022733747
2024-07-20,-2.0160344017520666
2024-07-21,-1.4412294747342664
2024-07-22,-0.9561411631867487
2024-07-23,-0.9644047471887226
2024-07-24,-0.9196540069477557
2024-07-25,-1.331559279486581
2024-07-26,-1.4822158237824805
2024-07-27,-0.993327818199872
2024-07-28,-2.0723955796263556
2024-07-29,-1.7297631956886184
2024-07-30,-1.360834592882503
2024-07-31,-0.7352402108427215
2024-08-01,-1.254316193342427
2024-08-02,-0.9358588019089106
2024-08-03,-0.7170254747894931
2024-08-04,-2.1013732043519004
2024-08-05,-1.359854174446423
2024-08-06,-1.6050833776338582
2024-08-07,-1.306498326907062
2024-08-08,-0.37763342030007746
2024-08-09,-1.446026410846481
2024-08-10,-0.6851386826650397
2024-08-11,-1.6301027336688554
2024-08-12,-1.5039360489483202
2024-08-13,-0.8322637926932404
2024-08-14,-1.3994544165691856
2024-08-15,-0.9084944363292378
2024-08-16,-0.846971312618757
2024-08-17,-0.49674798510450835
2024-08-18,-1.1658340367149873
2024-08-19,-1.7258765638982325
2024-08-20,-1.2299401179526877
2024-08-21,-1.711629013456762
2024-08-22,-0.7763674991760227
2024-08-23,-1.0721702312814798
2024-08-24,-1.6812109485588222
2024-08-25,-1.1101027560186765
2024-08-26,-0.7620302428882441
2024-08-27,-1.1071453818306982
2024-08-28,-1.2372281525844442
2024-08-29,-2.144086034895103
2024-08-30,-1.3753752851748413
2024-08-31,-1.6652566084951494
2024-09-01,-1.3286054500219389
2024-09-02,-0.37703876657265795
2024-09-03,-1.218287877174681
2024-09-04,-1.431968662114249
2024-09-05,-1.567217152811772
2024-09-06,-0.8087803495766537
2024-09-07,-0.6015729346097418
2024-09-08,-2.331669383304512
2024-09-09,-1.5394022668939074
2024-09-10,-0.8068172517046397
2024-09-11,-0.9551250684336877
2024-09-12,-0.6210660355824559
2024-09-13,-1.6888068499773743
2024-09-14,-1.6958941292737495
2024-09-15,-1.3147199918325163
2024-09-16,-0.6447399764088593
2024-09-17,-0.3919970812496011
2024-09-18,-1.192400558505631
2024-09-19,-1.823461705620276
2024-09-20,-2.472713037775268
2024-09-21,-1.4736511492098356
2024-09-22,-0.7457562322728878
2024-09-23,-0.49279194166870477
2024-09-24,-0.69596111604488
2024-09-25,-1.2840226053939874
2024-09-26,-0.79160720791162
2024-09-27,-1.3534754509159896
2024-09-28,-2.00367484935701
2024-09-29,-1.9366872525842942
2024-09-30,-0.6840924394190072
2024-10-01,-0.16998461677660145
2024-10-02,-1.1847323855573344
2024-10-03,-0.6921816211245834
2024-10-04,-1.4177720935221596
2024-10-05,-1.488781879105123
2024-10-06,-1.3989045084464606
2024-10-07,-1.4069787635687105
2024-10-08,-1.5550075446888363
2024-10-09,-1.619993739657466
2024-10-10,-0.797031256746534
2024-10-11,-1.2121313056715528
2024-10-12,-2.43521509989227
2024-10-13,-0.6758440164211686
2024-10-14,-1.575572141191384
2024-10-15,-1.2724529965551872
2024-10-16,-1.7119326446024994
2024-10-17,-0.9300229668274683
2024-10-18,-0.6543256555023909
2024-10-19,-0.4532514752099325
2024-10-20,-0.2588451826561164
2024-10-21,0.025720503843932086
2024-10-22,-1.0827092002354508
2024-10-23,-1.6556040471352136
2024-10-24,-1.7158470129578118
2024-10-25,-1.9435324147175215
2024-10-26,-1.9690898382117892
2024-10-27,-1.2892977567326516
2024-10-28,-1.079701060486352
2024-10-29,-1.4566923722786584
2024-10-30,-1.6774327396103283
2024-10-31,-0.5341134891388724
2024-11-01,-1.1428545412025342
2024-11-02,-1.4880446559481315
2024-11-03,-1.411372032803609
2024-11-04,-1.0760739581465668
2024-11-05,-2.132971279128006
2024-11-06,-0.7491511640765646
2024-11-07,-1.3150673159432518
2024-11-08,-2.4152232525084627
2024-11-09,-2.2082307624860578
2024-11-10,-2.7523743356999675
2024-11-11,-1.5305241776781613
2024-11-12,-1.0268022163888748
2024-11-13,-1.3058757168102562
2024-11-14,-1.6159916792482734
2024-11-15,-1.7592537231950691
2024-11-16,-1.4229836658909398
2024-11-17,-2.2754178777518392
2024-11-18,-1.5446710919695685
2024-11-19,-1.1056267310215477
2024-11-20,-1.073016889403702
2024-11-21,-2.9899594570940438
2024-11-22,-2.846332761478214
2024-11-23,-2.037661204753065
2024-11-24,-1.4390195539688126
2024-11-25,-1.5496538165249691
2024-11-26,-1.6253103301478597
2024-11-27,-1.5267781817753248
2024-11-28,-1.1200059251484036
2024-11-29,-1.3537604119609081
2024-11-30,-1.2612400018366046
2024-12-01,-0.8648101680478918
2024-12-02,-1.0256974506569638
2024-12-03,-1.4078541945904095
2024-12-04,-1.005344447802206
2024-12-05,-1.341480190802979
2024-12-06,-1.2545223792381137
2024-12-07,-3.35688033699931
2024-12-08,-3.6049141491712113
2024-12-09,-2.529602301019333
2024-12-10,-1.6309200808286204
2024-12-11,-1.350499441433933
2024-12-12,-0.5772344956759949
2024-12-13,-1.6492001807691197
2024-12-14,-2.0196403833172454
2024-12-15,-2.082819069985271
2024-12-16,-0.789632896552749
2024-12-17,-1.2943737585311028
2024-12-18,-0.9720576127007347
2024-12-19,-0.7182153512578019
2024-12-20,-0.6303118456540471
2024-12-21,-1.2298265543163072
2024-12-22,-0.9152869759656692
2024-12-23,-0.6195370771224884
2024-12-24,-0.8943681946498793
2024-12-25,-1.9411011954705828
2024-12-26,-0.9170247323178881
2024-12-27,-1.1291949405261632
2024-12-28,-1.9176744774865124
2024-12-29,-2.061188603068658
2024-12-30,-1.4291998857128818
2024-12-31,-0.8928665971011481
2025-01-01,-3.069523209642094
2025-01-02,-1.476183463661389
2025-01-03,-1.64042338349157
2025-01-04,-2.3944177091552525
2025-01-05,-2.746167912221648
2025-01-06,-1.4595645477216541
2025-01-07,-1.2311897737984687
2025-01-08,-1.0968758427611391
2025-01-09,-1.1523815283110526
2025-01-10,-1.2072569185626965
2025-01-11,-2.25848620343796
2025-01-12,-2.290123926564515
2025-01-13,-1.4777924250025787
2025-01-14,-1.2712268159432274
2025-01-15,-1.5695052915535268
2025-01-16,-0.8794405464703667
2025-01-17,-1.0383838912174097
2025-01-18,-1.3544715972805583
2025-01-19,-1.050618883120511
2025-01-20,-0.6268999021861219
2025-01-21,-0.4806036873353605
2025-01-22,-0.9497087582674949
2025-01-23,-0.36176938358521626
2025-01-24,-1.0467040716529536
2025-01-25,-1.5198736666330614
2025-01-26,-1.7221224246101434
2025-01-27,-1.1452062246676866
2025-01-28,-1.499572147675951
2025-01-29,-1.1729276225209782
2025-01-30,-1.160607961591457
2025-01-31,-1.281535311014511
2025-02-01,-1.623116622004301
2025-02-02,-1.9021466509824887
2025-02-03,-0.9136417410956159
2025-02-04,-1.1784446536803743
2025-02-05,-1.0570778238373546
2025-02-06,-1.3571238728295527
2025-02-07,-2.7341153612595943
2025-02-08,-1.4433236594733647
2025-02-09,-1.5181586350836127
2025-02-10,-1.4353692886191016
2025-02-11,-0.9036635825601372
2025-02-12,-1.0881953415307637
2025-02-13,-1.3047695467626654
2025-02-14,-1.1450835408905735
2025-02-15,-1.9100344859398757
2025-02-16,-0.9896490524136197
2025-02-17,-0.8267801389623953
2025-02-18,-0.5586385232553793
2025-02-19,-0.5668455253982193
2025-02-20,-0.7285967870713167
2025-02-21,-1.3063799627366683
2025-02-22,-0.18292318576021563
2025-02-23,-0.7404829916622917
2025-02-24,-1.347765357570443
2025-02-25,-1.9273514705078907
2025-02-26,-1.5566697394256441
2025-02-27,-1.243744035657368
2025-02-28,-0.672125014446105
2025-03-01,-0.8532982460319983
2025-03-02,-0.19006944193465092
2025-03-03,-0.29341200549217306
2025-03-04,-0.4170607179403473
2025-03-05,-0.1925205745973996
2025-03-06,-0.4870371992472714
2025-03-07,-1.272613962606343
2025-03-08,-1.619529765340572
2025-03-09,-2.527214573189568
2025-03-10,-1.0243803973977652
2025-03-11,-2.617381806110737
2025-03-12,-2.955263760923541
2025-03-13,-2.5218570583482958
2025-03-14,-2.5494118845252407
2025-03-15,-2.514087056330405
2025-03-16,-2.8295009314962307
2025-03-17,-1.5574614955056596
2025-03-18,-1.6498066273538579
2025-03-19,-1.1062479331238753
2025-03-20,-1.581085549061256
2025-03-21,-1.4464218977055245
2025-03-22,-1.3042925517461943
2025-03-23,-0.6281230922132812
2025-03-24,-1.1393077261473072
2025-03-25,-1.1307262567370104
2025-03-26,-1.7092594936118426
2025-03-27,-2.6455069439045706
2025-03-28,-2.2602999455151926
2025-03-29,-2.591472136198938
2025-03-30,-1.7238761881828022
2025-03-31,-0.6383615360082653
2025-04-01,-1.3927206723377819
2025-04-02,-1.1183024524707865
2025-04-03,-1.8361548138493737
2025-04-04,-2.078423658731417
2025-04-05,-2.2036729547715166
2025-04-06,-1.6560995687486664
2025-04-07,-0.9985250282499334
2025-04-08,-1.1354302997656602
2025-04-09,-1.5171635330372195
2025-04-10,-1.0277405533772002
2025-04-11,-2.735238740235978
2025-04-12,-1.399728588663262
2025-04-13,-1.0983815973566542
2025-04-14,-1.3018643827328449
2025-04-15,-0.4583842987302297
2025-04-16,0.28748036587482906
2025-04-17,-0.8454571793793708
2025-04-18,-1.2083196421698892
2025-04-19,-0.7439884282407979
2025-04-20,0.0797186406176143
2025-04-21,-0.4460974174448659
2025-04-22,-1.5543430402981326
2025-04-23,-1.951092065465505
2025-04-24,-1.2199792021156888
2025-04-25,-1.6919923199970968
2025-04-26,-0.8305389623428612
2025-04-27,-0.1732427288901962
2025-04-28,-1.1089490806773132
2025-04-29,-0.7309244535795067
2025-04-30,-1.65447297410984
2025-05-01,-0.6125491769148744
2025-05-02,-1.6327719759235912
2025-05-03,-0.4215389609035224
2025-05-04,-1.471532055699246
2025-05-05,-0.5449204117511284
2025-05-06,-0.5798985188810272
2025-05-07,-2.3500306621369615
2025-05-08,-1.1240128197835981
2025-05-09,-0.6638585528264889
2025-05-10,-0.8526543348178155
2025-05-11,-0.9863687507626346
2025-05-12,-2.169050464613071
2025-05-13,-3.047612422479467
2025-05-14,-1.5574478805197074
2025-05-15,-1.759056259279355
2025-05-16,-1.1182983631849623
2025-05-17,-1.4473286240100072
2025-05-18,-1.5856767952920676
2025-05-19,-1.0127468823990269
2025-05-20,-0.9261987137618275
2025-05-21,-1.4180366104732518
2025-05-22,-1.518295529813542
2025-05-23,-0.9349340886281882
2025-05-24,-1.3213955987452222
2025-05-25,-1.567156624993318
2025-05-26,-1.8558530997285412
2025-05-27,-1.4692695781617087
2025-05-28,-1.1750257614728405
2025-05-29,-0.9290376790147625
2025-05-30,-1.1109731518684545
2025-05-31,-1.1919813800315135
2025-06-01,-1.8527516036526122
2025-06-02,-1.1081004912653492
2025-06-03,-1.7125978628467167
2025-06-04,-1.8166190921844698
2025-06-05,-1.3955723798989854
2025-06-06,-0.8805616346303042
2025-06-07,-1.5434798702645947
2025-06-08,-1.3241351081104769
2025-06-09,-1.199355610711965
2025-06-10,-1.709965242027973
2025-06-11,-1.9955246985687685
2025-06-12,-0.7302543783695945
2025-06-13,-0.9445895874967059
2025-06-14,0.03275350257487974
2025-06-15,-0.26554987205282776
2025-06-16,-2.57224535133546
2025-06-17,
2025-06-18,0.90497737556561
2025-06-19,
2025-06-20,
2025-06-21,1.15074798619102
2025-06-22,-1.40449438202248
2025-06-23,
2025-06-24,
2025-06-25,0.5860332793543411
2025-06-26,-2.138079613445565
2025-06-27,0.9070294784580466
2025-06-28,1.90274841437632
2025-06-29,-4.213184476342375
2025-06-30,-4.17227456258411
2025-07-01,-0.9951181037109345
2025-07-02,-0.9136074325995203
2025-07-03,-0.8736598401112172
2025-07-04,-2.3894447826291856
2025-07-05,-1.2302336162317442
2025-07-06,-0.8244407753807927
2025-07-07,-0.5485065912457517
2025-07-08,-1.1788958924941757
2025-07-09,-2.0735334321206027
2025-07-10,-0.8548351798628887
2025-07-11,-2.0513378852444157
2025-07-12,-1.3335609417557
2025-07-13,-2.133486364248094
2025-07-14,-1.3465569262743273
2025-07-15,-1.1401797773195073
2025-07-16,-1.659561555526683
2025-07-17,-1.8785266325108732
2025-07-18,-0.96023636976838
2025-07-19,-2.1916458895619333
2025-07-20,-0.7682717505868718
2025-07-21,-1.2018359445673845
2025-07-22,-1.163158379476686
2025-07-23,-1.4050755797716725
2025-07-24,-1.7187051272284213
2025-07-25,-1.6546312451794867
2025-07-26,-1.74127044351601
2025-07-27,-0.7674669775987149
2025-07-28,-1.6870423696899464
2025-07-29,-2.5516069827069505
2025-07-30,-1.537566190773525
2025-07-31,-1.6351947902613488
2025-08-01,-1.8391519835188106
2025-08-02,-1.9846482092050968
2025-08-03,-1.4243930052819105
2025-08-04,-0.19848675009179517
2025-08-05,-0.45155569793637285
2025-08-06,-0.40798413928656824
2025-08-07,-0.9493518866382882
2025-08-08,-2.362158613526128
2025-08-09,-1.353043426302491
2025-08-10,-1.8324837233807239
2025-08-11,-1.6109262232673733
2025-08-12,-1.441871765464269
2025-08-13,-1.1603004020286116
2025-08-14,-1.0286563143742637
2025-08-15,-1.2422998672498125
2025-08-16,-1.7645188665469125
2025-08-17,-1.8957805740246911
2025-08-18,-1.287502623773222
2025-08-19,-1.293716721824075
2025-08-20,-1.6979634621261843
2025-08-21,-1.5604502121976958
2025-08-22,-3.363296735256357
2025-08-23,-3.5335001997432984
2025-08-24,-2.332642692451517
2025-08-25,-1.963543569576537
2025-08-26,-0.9946983416389195
2025-08-27,-1.4062755805083007
2025-08-28,-2.1781156382564575
2025-08-29,-2.1650599841282308
2025-08-30,-0.8778535467732494
2025-08-31,-1.0600197748395008
2025-09-01,-2.3257941843576595
2025-09-02,-1.7861481735007598
2025-09-03,-1.5214670352927002
2025-09-04,-2.116013816570804
2025-09-05,-1.8747740252731455
2025-09-06,-0.9798701316685126
2025-09-07,-1.9914330864076255
2025-09-08,-0.9423934840863455
2025-09-09,-1.274316451522022
2025-09-10,-2.5342867712260873
2025-09-11,-1.3969148531560367
2025-09-12,-2.1077437110725628
2025-09-13,-2.222491664164309
2025-09-14,-3.1625793294162117
2025-09-15,-1.4669956048044408
2025-09-16,-0.8401350177006445
2025-09-17,-1.322438336566204
2025-09-18,-0.42725103794832175
2025-09-19,-1.1772701382426374
2025-09-20,-4.159594209460126
2025-09-21,-4.822386509228445
2025-09-22,-2.8150851061961677
2025-09-23,-2.5242580304675903
2025-09-24,-1.8491971213659766
2025-09-25,-1.0236608770213482
2025-09-26,-0.8745891073890675
2025-09-27,-0.18744354009363695
2025-09-28,-0.881933160955886
2025-09-29,-0.3200704027000778
2025-09-30,-0.6522285149254164
2025-10-01,-1.8241454472121195
2025-10-02,-1.2988019662911814
2025-10-03,-1.0310878850157614
2025-10-04,-1.3975210556365065
2025-10-05,-1.574304378838419
2025-10-06,-1.6691913806271212
2025-10-07,-1.2633451136647613
2025-10-08,-1.1875984117362526
2025-10-09,-1.1587218007630447
2025-10-10,-1.6149457505650382
2025-10-11,-1.9939693808674557
2025-10-12,-1.5522242787939102
2025-10-13,-1.2859854058500617
2025-10-14,-1.0269001468347898
2025-10-15,-0.9913540093599855
2025-10-16,-1.090224747112316
2025-10-17,-0.47049834655762407
2025-10-18,-1.447348207598286
2025-10-19,-1.6977697582196036
2025-10-20,-0.7284999225654135
2025-10-21,-1.2744551090636633
2025-10-22,-1.2606560053574587
2025-10-23,-1.6065994056491866
2025-10-24,-1.1607499276411126
2025-10-25,-1.1876986237210148
2025-10-26,-1.2262468238629376
2025-10-27,-1.4863808652847752
2025-10-28,-1.0295529508183814
2025-10-29,-0.8549279389313097
2025-10-30,-0.523857849640535
2025-10-31,-0.6337109580359718
2025-11-01,-1.1207678921926156
2025-11-02,-1.3432204939692132
2025-11-03,-1.0573074461655307
2025-11-04,-1.1388985194063372
2025-11-05,-0.8074077987231227
2025-11-06,-1.4261554474043847
2025-11-07,-1.2677808639549895
2025-11-08,-1.4375230798940395
2025-11-09,-1.0292015010211197
2025-11-10,-1.598660398236244
2025-11-11,-0.8114465204274937
2025-11-12,-0.9532803478969107
2025-11-13,-1.1029927040732075
2025-11-14,-1.3243740856510267
2025-11-15,-0.9873196048207907
2025-11-16,-2.541793461750762
2025-11-17,-1.3334833275188194
2025-11-18,-0.6621151535372082
2025-11-19,-2.0713897106993597
2025-11-20,-1.1719666107847637
2025-11-21,-0.6043941942250918
2025-11-22,-1.7877074448244858
2025-11-23,-0.8915262291398686
2025-11-24,-0.678015347679217
2025-11-25,-1.286074642654869
2025-11-26,-0.802162975291719
2025-11-27,-1.2481194591391507
2025-11-28,-2.260746880879612
2025-11-29,-1.7027543039786142
2025-11-30,-1.7806190277266873
2025-12-01,-0.76679485496356
2025-12-02,-1.1003317606002445
2025-12-03,-1.6958829727093299
2025-12-04,-1.4596285706202288
2025-12-05,-1.2503947089038079
2025-12-06,-1.1772476924656023
2025-12-07,-2.049828531348112
2025-12-08,-0.9008303780028111
2025-12-09,-1.5855597966497172
2025-12-10,-1.2970965491451287
2025-12-11,-0.7833163512309752
2025-12-12,-0.7381442932575552
2025-12-13,-1.0718038376852703
2025-12-14,-2.44279977152325
2025-12-15,-1.8561613137898023
2025-12-16,-0.46654359369521614
2025-12-17,-0.6780601389199707
2025-12-18,-0.13113712573893738
2025-12-19,-0.724210971789057
2025-12-20,0.012525007465891802
2025-12-21,-2.2662502800920814
2025-12-22,-1.493191351614255
2025-12-23,-1.3154420129296656
2025-12-24,-1.3762720931888037
2025-12-25,-0.9635517231195009
2025-12-26,-1.3367093776307342
2025-12-27,-3.1069110838986242
2025-12-28,-0.8887282377580448
2025-12-29,-1.8396747574040866
2025-12-30,-2.2698886747892595
2025-12-31,-1.9789039202252727
