date,value
2015-02-18,-1.5532892894865504
2015-02-19,-2.476026179639474
2015-02-20,-2.08458450961373
2015-02-21,-2.2700085999566033
2015-02-22,-0.8990938640471808
2015-02-23,-1.62547239437124
2015-02-24,-2.714153860009562
2015-02-25,-2.67293514627697
2015-02-26,-2.2159957085153157
2015-02-27,-2.6458938404262353
2015-02-28,-3.100681293411846
2015-03-01,-2.603867605705115
2015-03-02,-4.16347942479116
2015-03-03,-3.5078521670901663
2015-03-04,-3.216991120906917
2015-03-05,-3.5175972623876737
2015-03-06,-3.404313859711297
2015-03-07,-3.2588266505192545
2015-03-08,-2.8276211511766953
2015-03-09,-2.6956943792192942
2015-03-10,-2.5459609663274985
2015-03-11,-1.9481380098129888
2015-03-12,-2.0708267620415524
2015-03-13,-2.9846585516309223
2015-03-14,-3.08195142898255
2015-03-15,-3.1740985946527513
2015-03-16,-3.143385305005652
2015-03-17,-2.862880685966234
2015-03-18,-2.2204566255157343
2015-03-19,-1.699855674378777
2015-03-20,-1.9549080739638471
2015-03-21,-2.1772553288130725
2015-03-22,-2.8356644224734375
2015-03-23,-3.1558628288620834
2015-03-24,-3.537500916370386
2015-03-25,-3.3168310329975714
2015-03-26,-3.418157615823244
2015-03-27,-4.129167533162547
2015-03-28,-3.716052672807419
2015-03-29,-3.146067436559176
2015-03-30,-2.4846561367555373
2015-03-31,-2.7465839309668567
2015-04-01,-3.503828024843585
2015-04-02,-2.7137398934225208
2015-04-03,-2.5894403068018175
2015-04-04,-2.2258576997795907
2015-04-05,-2.115012359418634
2015-04-06,-2.3846532545197188
2015-04-07,-1.6545342881832095
2015-04-08,-2.7799971203455796
2015-04-09,-2.5758808146269954
2015-04-10,-2.305149966245905
2015-04-11,-1.7961860168425312
2015-04-12,-3.38929220549376
2015-04-13,-1.8828115340111697
2015-04-14,-1.930500612278171
2015-04-15,-2.0972111040894927
2015-04-16,-1.5864328576221542
2015-04-17,-2.9216593744671218
2015-04-18,-2.3564464634240334
2015-04-19,-1.6518761043124461
2015-04-20,-2.2231928946470783
2015-04-21,-2.7787792198270758
2015-04-22,-1.8977197780899482
2015-04-23,-2.085044448972299
2015-04-24,-1.9752809194666003
2015-04-25,-1.8451509326547268
2015-04-26,-2.37353161951659
2015-04-27,-1.6204298047247983
2015-04-28,-1.0110045755621289
2015-04-29,-2.547784524354273
2015-04-30,-2.255499828772742
2015-05-01,-2.910633202990341
2015-05-02,-3.3037319130796
2015-05-03,-2.905115794705948
2015-05-04,-2.248927085535093
2015-05-05,-2.181844543208611
2015-05-06,-2.0491605945730704
2015-05-07,-1.9108784513028108
2015-05-08,-3.0583001808735135
2015-05-09,-1.976665499664935
2015-05-10,-1.8432577618735544
2015-05-11,-2.846136731402929
2015-05-12,-2.692492195320351
2015-05-13,-3.020970224051471
2015-05-14,-2.4959716328900194
2015-05-15,-2.0805000060218135
2015-05-16,-1.721552340080055
2015-05-17,-2.0045572898068595
2015-05-18,-3.148430519926458
2015-05-19,-2.1961857286515114
2015-05-20,-2.7811867122478438
2015-05-21,-2.8440538058662312
2015-05-22,-2.0720023301048394
2015-05-23,-2.1970813666938422
2015-05-24,-1.3486139810250337
2015-05-25,-1.0455636237057582
2015-05-26,-1.6765360202090565
2015-05-27,-1.1318702542539736
2015-05-28,-2.5055570094779442
2015-05-29,-3.022292543317138
2015-05-30,-4.134311569809976
2015-05-31,-2.868911783871773
2015-06-01,-1.8657936852735475
2015-06-02,-2.471313033247625
2015-06-03,-2.1465825153839853
2015-06-04,-2.329257146953894
2015-06-05,-3.180061803923289
2015-06-06,-2.8303358566088423
2015-06-07,-2.505595949272879
2015-06-08,-2.9969548960343575
2015-06-09,-2.7136438846965385
2015-06-10,-3.4028669164854684
2015-06-11,-2.247985021724086
2015-06-12,-2.2944972991581
2015-06-13,-2.4189620461776857
2015-06-14,-2.839832075836512
2015-06-15,-2.8124098867788034
2015-06-16,-2.5625239461246476
2015-06-17,-3.622940611134046
2015-06-18,-2.56273150007737
2015-06-19,-2.593357471949826
2015-06-20,-2.8829994341416016
2015-06-21,-2.4956391663914443
2015-06-22,-2.0352688124253606
2015-06-23,-4.012961933499773
2015-06-24,-3.796903626141209
2015-06-25,-3.41688691566208
2015-06-26,-2.7917288044885105
2015-06-27,-2.839803483814699
2015-06-28,-2.754740258418108
2015-06-29,-2.5596433378079513
2015-06-30,-3.182668181836465
2015-07-01,-1.8980519573007062
2015-07-02,-2.127109350280984
2015-07-03,-2.7446684698402564
2015-07-04,-2.610176094521813
2015-07-05,-3.0024488196725345
2015-07-06,-1.831988748538225
2015-07-07,-1.5014155827748554
2015-07-08,-2.566007292683504
2015-07-09,-2.9262519680683394
2015-07-10,-2.9048487309681232
2015-07-11,-2.1243947317984513
2015-07-12,-2.456110434938549
2015-07-13,-2.0154957061520267
2015-07-14,-1.9558545967343361
2015-07-15,-1.8877134056355316
2015-07-16,-2.1094791259974968
2015-07-17,-1.3800272230385158
2015-07-18,-1.917969587669922
2015-07-19,-2.316444534681829
2015-07-20,-1.7359913827069222
2015-07-21,-2.3314433577154223
2015-07-22,-1.7936377865893007
2015-07-23,-1.6459103568153624
2015-07-24,-2.109854600435699
2015-07-25,-2.3618152975329885
2015-07-26,-1.9561866611194678
2015-07-27,-1.776674886808179
2015-07-28,-1.477279576801237
2015-07-29,-1.937292372824593
2015-07-30,-1.962939806062164
2015-07-31,-1.7390516794366362
2015-08-01,-2.387728861395318
2015-08-02,-1.9665825516669073
2015-08-03,-1.7851888969720793
2015-08-04,-2.27576924767381
2015-08-05,-1.553195646304112
2015-08-06,-1.7382611053254735
2015-08-07,-1.793627334423246
2015-08-08,-2.0775428813871653
2015-08-09,-2.157049944777785
2015-08-10,-3.0679253300485465
2015-08-11,-3.472219530978434
2015-08-12,-3.136697349175008
2015-08-13,-2.904350940071058
2015-08-14,-3.0358985044711595
2015-08-15,-3.913989515763813
2015-08-16,-3.1180622409140377
2015-08-17,-3.402957755672187
2015-08-18,-3.056458420796406
2015-08-19,-2.779734276588656
2015-08-20,-4.278944862115252
2015-08-21,-5.016154995053247
2015-08-22,-4.605971567957611
2015-08-23,-2.7924116961477217
2015-08-24,-3.3608700162789735
2015-08-25,-2.377647693998211
2015-08-26,-2.693790613736429
2015-08-27,-2.515145648160369
2015-08-28,-2.0135022757487304
2015-08-29,-2.262109256528094
2015-08-30,-2.008247610164772
2015-08-31,-2.254730188735231
2015-09-01,-1.629980499212509
2015-09-02,-1.9336612287074615
2015-09-03,-2.6650597229824258
2015-09-04,-1.5338810588237484
2015-09-05,-1.834617505444363
2015-09-06,-2.0517147953066153
2015-09-07,-1.6818171937190718
2015-09-08,-1.3180626917325764
2015-09-09,-1.031818864097911
2015-09-10,-1.3385712424613472
2015-09-11,-3.6336316299850453
2015-09-12,-2.5687462755529866
2015-09-13,-2.6310391720645874
2015-09-14,-1.482789356589207
2015-09-15,-2.4957850167906366
2015-09-16,-2.318038498516526
2015-09-17,-2.8479286144791045
2015-09-18,-2.281919080522705
2015-09-19,-2.496427154342934
2015-09-20,-1.318421674508683
2015-09-21,-1.7355296299080107
2015-09-22,-2.2128293135943315
2015-09-23,-1.8957635983061094
2015-09-24,-2.466359578844635
2015-09-25,-2.173785640836836
2015-09-26,-2.374339850632107
2015-09-27,-1.9898073950081197
2015-09-28,-1.203246611491411
2015-09-29,-2.0371557102750786
2015-09-30,-2.591980716335878
2015-10-01,-1.8745788393267833
2015-10-02,-0.7525373241123627
2015-10-03,-1.538501654980058
2015-10-04,-0.9591874599333283
2015-10-05,-1.814012695659466
2015-10-06,-1.8308528724677373
2015-10-07,-2.044941074802907
2015-10-08,-1.1946615244424676
2015-10-09,-0.13623714327461162
2015-10-10,0.3915643127091869
2015-10-11,-0.6837679218032612
2015-10-12,-0.9146672347165535
2015-10-13,-0.9497978218992278
2015-10-14,-1.2526738400722184
2015-10-15,-0.801874108190089
2015-10-16,-0.45397167707208896
2015-10-17,-0.563663297241795
2015-10-18,-1.4806967985977337
2015-10-19,-1.136680386941963
2015-10-20,-1.3084643666433717
2015-10-21,-1.390298675785112
2015-10-22,-1.5581337702964781
2015-10-23,-1.5345155617349786
2015-10-24,-1.7432160586111696
2015-10-25,-3.040825775580936
2015-10-26,-2.0038748799689685
2015-10-27,-1.4591780528037408
2015-10-28,-1.9434323025454545
2015-10-29,-2.845640983169368
2015-10-30,-1.0317427118803795
2015-10-31,-1.0492942632920843
2015-11-01,-0.8184359175317987
2015-11-02,-1.410869381151235
2015-11-03,-1.7198668356279836
2015-11-04,-2.217895771204469
2015-11-05,-1.8603176115449387
2015-11-06,-2.7672181705074714
2015-11-07,-0.9842574688335096
2015-11-08,-1.9428019947785704
2015-11-09,-1.7531576160006817
2015-11-10,-1.4667282574913865
2015-11-11,-1.828582792711904
2015-11-12,-1.7336903541107604
2015-11-13,-1.0927578182429898
2015-11-14,-2.1053997539280056
2015-11-15,-1.5738524053295375
2015-11-16,-2.7589712771846133
2015-11-17,-2.731350152098553
2015-11-18,-2.3222533596514823
2015-11-19,-2.9676726128025317
2015-11-20,-2.0897027527755094
2015-11-21,-3.4281877449051423
2015-11-22,-3.7899846156966306
2015-11-23,-3.5293015883944765
2015-11-24,-2.8356678414026004
2015-11-25,-2.5782461648938373
2015-11-26,-2.169259044602437
2015-11-27,-1.1159700478112606
2015-11-28,-2.403004531784263
2015-11-29,-2.0432496982657438
2015-11-30,-2.3090151774072756
2015-12-01,-1.941080247072814
2015-12-02,-2.19396047072263
2015-12-03,-1.933200185083797
2015-12-04,-1.6771121010542547
2015-12-05,-2.2863112966876913
2015-12-06,-1.742473185026565
2015-12-07,-1.746696922521862
2015-12-08,-1.8837197290578571
2015-12-09,-2.1102041477431213
2015-12-10,-1.4696450801561782
2015-12-11,-1.8255809198346664
2015-12-12,-1.8926544323568382
2015-12-13,-2.421583352282961
2015-12-14,-1.879512718677158
2015-12-15,-2.921153689477302
2015-12-16,-3.6433910870162287
2015-12-17,-2.9141190383514504
2015-12-18,-2.52744480996204
2015-12-19,-2.8408833230697006
2015-12-20,-2.0880871422546163
2015-12-21,-2.071786096306461
2015-12-22,-3.3849693107655687
2015-12-23,-3.5320897170847023
2015-12-24,-1.9811773687497365
2015-12-25,-2.4922515722838177
2015-12-26,-1.8162177234079382
2015-12-27,-2.7406926104423164
2015-12-28,-1.5808437754774007
2015-12-29,-1.1932280946788552
2015-12-30,-2.9528953830950275
2015-12-31,-2.683574183388013
2016-01-01,-2.573127216257609
2016-01-02,-2.9593794772087323
2016-01-03,-2.1535369765290633
2016-01-04,-1.7872820172597637
2016-01-05,-1.973033314674781
2016-01-06,-2.382491065297168
2016-01-07,-2.47984817418874
2016-01-08,-2.1878864457778366
2016-01-09,-2.729512280473436
2016-01-10,-2.3844135826935067
2016-01-11,-2.289338976532032
2016-01-12,-2.4066261532169424
2016-01-13,-2.7017951573959733
2016-01-14,-2.4748333142753003
2016-01-15,-2.4622696067007612
2016-01-16,-2.4113219671446013
2016-01-17,-2.477924343598343
2016-01-18,-2.5115647685860085
2016-01-19,-2.5192807399014017
2016-01-20,-2.193420111603175
2016-01-21,-2.460104723192249
2016-01-22,-3.3240433310947974
2016-01-23,-2.9513253083410573
2016-01-24,-2.687286605864931
2016-01-25,-2.429295306151881
2016-01-26,-2.3269212856722667
2016-01-27,-2.726517138389799
2016-01-28,-2.279057280427845
2016-01-29,-1.9770265137459777
2016-01-30,-2.377090227652096
2016-01-31,-2.0462998011762163
2016-02-01,-2.0984632044113125
2016-02-02,-2.185399797548153
2016-02-03,-3.105446277164054
2016-02-04,-2.5679434811967914
2016-02-05,-2.5167832614310335
2016-02-06,-2.4620845482870917
2016-02-07,-2.8515863113671047
2016-02-08,-2.945011826085461
2016-02-09,-2.3429891320234724
2016-02-10,-2.9399599188187766
2016-02-11,-3.2319192943092703
2016-02-12,-3.346854454434097
2016-02-13,-3.301619045401439
2016-02-14,-2.8376751231120316
2016-02-15,-2.688101851435053
2016-02-16,-2.4710349244125696
2016-02-17,-2.3038709035115303
2016-02-18,-2.905949518123614
2016-02-19,-3.312964636632435
2016-02-20,-3.519005326958888
2016-02-21,-3.214435137473522
2016-02-22,-2.2807378296637477
2016-02-23,-2.5598483143866364
2016-02-24,-3.3559300325243644
2016-02-25,-3.1669126180713545
2016-02-26,-3.1634379980744396
2016-02-27,-3.015823520122459
2016-02-28,-2.787201249561469
2016-02-29,-3.4998411255769217
2016-03-01,-3.2419261853932007
2016-03-02,-3.879275937009513
2016-03-03,-3.626358731455883
2016-03-04,-3.868114177511325
2016-03-05,-4.183397390560089
2016-03-06,-4.071102741887599
2016-03-07,-4.618789817696417
2016-03-08,-4.591097270772781
2016-03-09,-3.747400192625071
2016-03-10,-3.9114029837041744
2016-03-11,-4.021595952086096
2016-03-12,-4.165780528299865
2016-03-13,-4.252796369327056
2016-03-14,-3.8686309045758263
2016-03-15,-3.6996294465703006
2016-03-16,-5.10323465385893
2016-03-17,-4.821745655778713
2016-03-18,-4.278439723227468
2016-03-19,-4.254735861348195
2016-03-20,-4.148132086078439
2016-03-21,-3.9919790413428147
2016-03-22,-3.7679708085724974
2016-03-23,-3.6051036131025582
2016-03-24,-3.278884120382604
2016-03-25,-4.104565745778783
2016-03-26,-4.398907166743411
2016-03-27,-3.761588791784394
2016-03-28,-3.6740622955165296
2016-03-29,-3.3847382116746663
2016-03-30,-3.427271206642326
2016-03-31,-3.2270683705016747
2016-04-01,-3.285539579864351
2016-04-02,-3.290975736304959
2016-04-03,-3.3765883307199616
2016-04-04,-3.874505182430008
2016-04-05,-3.3525991425320023
2016-04-06,-3.1368201293947666
2016-04-07,-2.982757636394236
2016-04-08,-3.193104171794258
2016-04-09,-2.706491072425199
2016-04-10,-2.4586757187739643
2016-04-11,-3.1062790728737104
2016-04-12,-3.5767742187824063
2016-04-13,-3.3252332892954573
2016-04-14,-2.4619035233292297
2016-04-15,-2.77208479398811
2016-04-16,-3.3958193563645263
2016-04-17,-2.998962187724652
2016-04-18,-2.701268348588941
2016-04-19,-2.2206656117455923
2016-04-20,-2.3976845875855024
2016-04-21,-2.3301251848123887
2016-04-22,-2.5974548822300996
2016-04-23,-2.4800317841227466
2016-04-24,-2.1713520865417157
2016-04-25,-2.724155549474405
2016-04-26,-2.98357021925856
2016-04-27,-1.9290243804787262
2016-04-28,-2.9495721494210145
2016-04-29,-4.230098907041524
2016-04-30,-3.788547417767297
2016-05-01,-3.161699380642921
2016-05-02,-2.7978861639606776
2016-05-03,-2.722524377163877
2016-05-04,-1.9594823441158624
2016-05-05,-1.3637069209349786
2016-05-06,-0.47835223099058505
2016-05-07,-0.3201321641630953
2016-05-08,-1.3066506267597262
2016-05-09,-1.6535444864258704
2016-05-10,-0.4909975963400667
2016-05-11,-1.3948801900500878
2016-05-12,-1.3265122908679756
2016-05-13,-1.386284201098309
2016-05-14,-1.9945480703871459
2016-05-15,-1.9677651424238987
2016-05-16,-1.9121569960865217
2016-05-17,-2.195846664261318
2016-05-18,-1.7387909444557303
2016-05-19,-1.6714410699917635
2016-05-20,-2.1206530875660636
2016-05-21,-1.8629810263215807
2016-05-22,-2.6657120105627987
2016-05-23,-1.9728024384930118
2016-05-24,-2.3997483430273987
2016-05-25,-1.8462055373186055
2016-05-26,-2.0476479975215844
2016-05-27,-3.2169212538967074
2016-05-28,-4.014182612248144
2016-05-29,-2.6699891635339252
2016-05-30,-1.2483081890430732
2016-05-31,-1.948849537156659
2016-06-01,-1.1500884488190923
2016-06-02,-1.5089549801872946
2016-06-03,-2.043931915937179
2016-06-04,-1.8305487371604077
2016-06-05,-2.052126039910536
2016-06-06,-1.8308040712895288
2016-06-07,-1.750235660669263
2016-06-08,-2.4104008726486392
2016-06-09,-1.703656083855664
2016-06-10,-1.7176601959927547
2016-06-11,-2.426773917417189
2016-06-12,-1.5181878889287932
2016-06-13,-2.6844325578211095
2016-06-14,-2.0978541492181404
2016-06-15,-2.657251588593483
2016-06-16,-2.4206840033234176
2016-06-17,-2.4495831981438223
2016-06-18,-2.4755922861680073
2016-06-19,-2.598941091356443
2016-06-20,-3.8848860562040515
2016-06-21,-2.870517026830679
2016-06-22,-3.060911443656784
2016-06-23,-2.469743085078495
2016-06-24,-2.6607917650603623
2016-06-25,-2.944001073398582
2016-06-26,-2.91796704932499
2016-06-27,-2.5962867254681856
2016-06-28,-1.8954496338463285
2016-06-29,-1.2438657185063011
2016-06-30,-1.6465377363022435
2016-07-01,-1.8079248271294592
2016-07-02,-2.7766780787559435
2016-07-03,-1.5943689949096642
2016-07-04,-2.2518052850082233
2016-07-05,-2.531480026122091
2016-07-06,-4.335414896331133
2016-07-07,-4.378271324373447
2016-07-08,-3.531901449472329
2016-07-09,-3.4620517523381036
2016-07-10,-3.0656164920967774
2016-07-11,-3.464444426534001
2016-07-12,-3.185255063872055
2016-07-13,-2.3040722969007374
2016-07-14,-2.3898882983709067
2016-07-15,-3.721416233617384
2016-07-16,-2.7225373006680287
2016-07-17,-2.5286009053957486
2016-07-18,-2.6672097317443946
2016-07-19,-3.014055403474625
2016-07-20,-2.741315793648572
2016-07-21,-3.003484700656141
2016-07-22,-2.731924753092144
2016-07-23,-2.3083501328056424
2016-07-24,-1.581197688078081
2016-07-25,-1.3768837639433873
2016-07-26,-2.5145374241207112
2016-07-27,-2.885739281212984
2016-07-28,-2.907891158951401
2016-07-29,-3.36773018906573
2016-07-30,-2.997410481419732
2016-07-31,-2.4928228346765735
2016-08-01,-3.2439289011877483
2016-08-02,-3.517264463908683
2016-08-03,-3.5691076403172097
2016-08-04,-2.89854338158234
2016-08-05,-2.7924402324109954
2016-08-06,-2.85495582138712
2016-08-07,-2.8750530958938714
2016-08-08,-2.6754527819866967
2016-08-09,-2.8840083906149494
2016-08-10,-2.9950664965190334
2016-08-11,-2.6347748208726993
2016-08-12,-2.8305145592424097
2016-08-13,-2.6778080645187505
2016-08-14,-3.408948463761684
2016-08-15,-2.8273355005605256
2016-08-16,-2.1687197966958744
2016-08-17,-3.0692304346639956
2016-08-18,-3.1007667673905837
2016-08-19,-2.5816793023396754
2016-08-20,-4.360900164844328
2016-08-21,-4.992265012465251
2016-08-22,-4.904068613723062
2016-08-23,-3.7435373958358156
2016-08-24,-3.560005907163884
2016-08-25,-2.4793996496014024
2016-08-26,-2.2146959548095038
2016-08-27,-3.698138161333795
2016-08-28,-3.1164611757541945
2016-08-29,-2.84369894024874
2016-08-30,-3.5732874710939404
2016-08-31,-2.8371945464181723
2016-09-01,-2.5304744161375274
2016-09-02,-2.1057784663488084
2016-09-03,-2.744133348875444
2016-09-04,-2.4240447671822754
2016-09-05,-2.8435934555736937
2016-09-06,-2.9377186099958044
2016-09-07,-3.041426417809494
2016-09-08,-3.315605140332279
2016-09-09,-2.9914143135706457
2016-09-10,-3.4515741696959124
2016-09-11,-3.1105764420378943
2016-09-12,-2.983893973000591
2016-09-13,-2.354918272614396
2016-09-14,-2.7466314256888955
2016-09-15,-2.9745957908964953
2016-09-16,-2.9103729779179126
2016-09-17,-3.117240364499648
2016-09-18,-2.8690039848625357
2016-09-19,-2.45905277001788
2016-09-20,-2.220330415117315
2016-09-21,-2.5279277421180826
2016-09-22,-2.752874164531616
2016-09-23,-2.4867879694580095
2016-09-24,-2.6471754726678927
2016-09-25,-2.738086746582781
2016-09-26,-2.776668777493482
2016-09-27,-2.911735577237854
2016-09-28,-2.6751309189285375
2016-09-29,-2.864784709444907
2016-09-30,-2.8199625474134633
2016-10-01,-2.4865972767425686
2016-10-02,-2.3258675261201547
2016-10-03,-2.8501482593587086
2016-10-04,-2.209232122811111
2016-10-05,-3.204483828156242
2016-10-06,-2.5746385397479714
2016-10-07,-2.264281082416849
2016-10-08,-2.1000156948446222
2016-10-09,-2.0422713557900436
2016-10-10,-2.5805032466084943
2016-10-11,-2.439606452589525
2016-10-12,-2.7555068520849004
2016-10-13,-2.1085012774800522
2016-10-14,-2.47788112987505
2016-10-15,-3.1191481215241184
2016-10-16,-3.161067910754358
2016-10-17,-2.872788016372499
2016-10-18,-2.6748613459779484
2016-10-19,-2.315050876590566
2016-10-20,-2.996441834117827
2016-10-21,-2.3871106716308974
2016-10-22,-2.7337446019968765
2016-10-23,-2.3321014706473115
2016-10-24,-2.2704889438626883
2016-10-25,-2.1454308587658013
2016-10-26,-2.1167457349105328
2016-10-27,-1.9226425093795756
2016-10-28,-2.1522974654544957
2016-10-29,-2.799188403375022
2016-10-30,-2.219316019162963
2016-10-31,-2.8750018102532158
2016-11-01,-2.7510883515593956
2016-11-02,-2.6045977509865446
2016-11-03,-2.629792305780339
2016-11-04,-2.5746682101715166
2016-11-05,-3.052571175445538
2016-11-06,-3.061591627486589
2016-11-07,-2.841282912340459
2016-11-08,-2.3659884861793286
2016-11-09,-1.7475550619087992
2016-11-10,-1.7397157995090011
2016-11-11,-1.9278450788079848
2016-11-12,-1.7779134053138161
2016-11-13,-2.619527323727177
2016-11-14,-1.521599748358417
2016-11-15,-1.9458301722085185
2016-11-16,-2.527193434040713
2016-11-17,-1.6645796338190944
2016-11-18,-1.7686651997085399
2016-11-19,-1.8918516658146034
2016-11-20,-1.986057103353356
2016-11-21,-2.4165687018908457
2016-11-22,-2.443504447206043
2016-11-23,-2.3121715628521318
2016-11-24,-2.444495316396805
2016-11-25,-2.7921770334602942
2016-11-26,-2.6021116157058017
2016-11-27,-1.4531202368071259
2016-11-28,-1.93778219360481
2016-11-29,-2.290679800568033
2016-11-30,-2.8359793590725544
2016-12-01,-3.1777127836451724
2016-12-02,-4.358107685614692
2016-12-03,-3.651956697416103
2016-12-04,-3.239892598161668
2016-12-05,-2.6844915891928802
2016-12-06,-3.490284564019257
2016-12-07,-3.2718587685379683
2016-12-08,-3.1706881135744314
2016-12-09,-3.7527232629605054
2016-12-10,-3.2120168049576705
2016-12-11,-3.370144322536546
2016-12-12,-3.087173400751196
2016-12-13,-2.6256102104630084
2016-12-14,-3.0225258996764253
2016-12-15,-2.7524592441464892
2016-12-16,-2.1121493440589654
2016-12-17,-2.5386187770153694
2016-12-18,-2.2996241887287576
2016-12-19,-2.443910114952517
2016-12-20,-3.0675805494501835
2016-12-21,-2.4063073650056173
2016-12-22,-2.423921273570329
2016-12-23,-2.8192993723144157
2016-12-24,-3.0063387866317406
2016-12-25,-3.449688549279036
2016-12-26,-2.08489976663236
2016-12-27,-2.400070145297972
2016-12-28,-2.2801537750636287
2016-12-29,-2.54921656834484
2016-12-30,-2.227347998870192
2016-12-31,-1.7929093662364317
2017-01-01,-1.6228303860051232
2017-01-02,-2.431093233445642
2017-01-03,-2.341089457544237
2017-01-04,-2.547296820102048
2017-01-05,-2.7651185150083655
2017-01-06,-1.8046566050800774
2017-01-07,-2.3505143804606847
2017-01-08,-2.3645462844481746
2017-01-09,-2.382197144159258
2017-01-10,-2.150166828412807
2017-01-11,-2.1884431632508283
2017-01-12,-2.9128939617550422
2017-01-13,-2.1923720999484315
2017-01-14,-2.387328529705572
2017-01-15,-2.1965869143865544
2017-01-16,-1.683061105845457
2017-01-17,-2.08008719295943
2017-01-18,-2.2897132941706673
2017-01-19,-1.63530346339466
2017-01-20,-1.702998717893723
2017-01-21,-1.7603069216624354
2017-01-22,-2.352687620800052
2017-01-23,-2.674266628395352
2017-01-24,-2.536156694270648
2017-01-25,-2.489321763230917
2017-01-26,-2.67652079255652
2017-01-27,-2.927180334830978
2017-01-28,-1.7399489367350898
2017-01-29,-2.130184483567403
2017-01-30,-1.9223416755354574
2017-01-31,-2.0722620813376276
2017-02-01,-1.8771843901506637
2017-02-02,-2.0996202037054106
2017-02-03,-2.3487870444769863
2017-02-04,-2.9416273091548284
2017-02-05,-2.762606425210427
2017-02-06,-2.399358622341635
2017-02-07,-2.0489149622113625
2017-02-08,-2.1765617675539235
2017-02-09,-2.089270885016578
2017-02-10,-1.8394822456173592
2017-02-11,-1.9932684177952165
2017-02-12,-2.070207521530327
2017-02-13,-2.2973172196056155
2017-02-14,-3.0180500118810265
2017-02-15,-4.2555372845220365
2017-02-16,-4.080123444453911
2017-02-17,-3.7454473624517846
2017-02-18,-4.540822891840236
2017-02-19,-4.309056509214925
2017-02-20,-3.8544869290712627
2017-02-21,-3.667352648385451
2017-02-22,-4.177110026387632
2017-02-23,-4.4047145481282035
2017-02-24,-4.849885861679812
2017-02-25,-4.583191009394054
2017-02-26,-4.360248159383639
2017-02-27,-3.946047956303945
2017-02-28,-4.570881942040446
2017-03-01,-4.96683787731918
2017-03-02,-4.723575334802539
2017-03-03,-5.715747237179836
2017-03-04,-4.9820390731302995
2017-03-05,-4.1959856258967285
2017-03-06,-3.76332026170586
2017-03-07,-3.4914725761392225
2017-03-08,-3.1668475202938406
2017-03-09,-2.870110823043963
2017-03-10,-3.5165630131504204
2017-03-11,-3.303396132080846
2017-03-12,-3.093520485215707
2017-03-13,-3.242312226452595
2017-03-14,-3.8256220342024756
2017-03-15,-3.4523777485183684
2017-03-16,-3.0716451180485125
2017-03-17,-2.753950443347854
2017-03-18,-2.7948862628911373
2017-03-19,-2.1276616375699478
2017-03-20,-2.4721195676309997
2017-03-21,-2.6469924203570803
2017-03-22,-3.116088845701304
2017-03-23,-3.153518050500326
2017-03-24,-3.0332800584384456
2017-03-25,-3.218541252251096
2017-03-26,-3.461013648716049
2017-03-27,-3.202494833078881
2017-03-28,-2.720338348846661
2017-03-29,-2.83714325484632
2017-03-30,-3.17386280577859
2017-03-31,-3.1142637843253618
2017-04-01,-3.2595330485614595
2017-04-02,-2.2695578500791704
2017-04-03,-2.2187166019871922
2017-04-04,-2.722267900958527
2017-04-05,-2.9741786281222895
2017-04-06,-2.609353429466721
2017-04-07,-3.2947123328084893
2017-04-08,-3.183997726487505
2017-04-09,-3.3019062966325614
2017-04-10,-3.262559261363498
2017-04-11,-3.3939216657245863
2017-04-12,-3.021890633428336
2017-04-13,-3.01311203198063
2017-04-14,-3.559330360388635
2017-04-15,-3.3817756832119716
2017-04-16,-2.95072792064117
2017-04-17,-2.6159185634401374
2017-04-18,-2.778781627538292
2017-04-19,-2.637541396900211
2017-04-20,-3.186642267233977
2017-04-21,-3.0961480337239156
2017-04-22,-2.8999878127782748
2017-04-23,-3.652449922812326
2017-04-24,-3.4490254217237712
2017-04-25,-2.6557835613631045
2017-04-26,-2.8091039933763757
2017-04-27,-2.817529885459164
2017-04-28,-3.166130075387123
2017-04-29,-3.6137289304164852
2017-04-30,-3.1595477537411227
2017-05-01,-2.641271142736362
2017-05-02,-2.4414158366312977
2017-05-03,-3.255204833445061
2017-05-04,-2.9946275287310415
2017-05-05,-3.870185143532142
2017-05-06,-3.639569106618267
2017-05-07,-4.393943633378013
2017-05-08,-3.824346151156132
2017-05-09,-2.9073200512274577
2017-05-10,-2.0373963664536583
2017-05-11,-2.328247560583357
2017-05-12,-3.4079012854702224
2017-05-13,-2.177654494924318
2017-05-14,-2.5549529560564728
2017-05-15,-2.4138302819370483
2017-05-16,-2.828339723917065
2017-05-17,-2.834208649340098
2017-05-18,-2.200248392668661
2017-05-19,-2.2027677717108025
2017-05-20,-2.6782630918866217
2017-05-21,-2.752192070510291
2017-05-22,-2.028968461175398
2017-05-23,-2.8860679382969465
2017-05-24,-2.665052305897149
2017-05-25,-2.8386043888801296
2017-05-26,-2.4287087793461044
2017-05-27,-2.756027369306715
2017-05-28,-2.790151062158934
2017-05-29,-2.7734653332520853
2017-05-30,-2.753486070304224
2017-05-31,-2.0641788431106485
2017-06-01,-1.9410257371630046
2017-06-02,-2.393834307251398
2017-06-03,-2.917969312614992
2017-06-04,-3.1577267961508797
2017-06-05,-2.5830396398513877
2017-06-06,-2.1119070859308304
2017-06-07,-2.2246549681840886
2017-06-08,-2.7134919167854274
2017-06-09,-2.2680652071926484
2017-06-10,-2.620887502476564
2017-06-11,-2.9018008805611677
2017-06-12,-3.304168264164178
2017-06-13,-3.54839455905162
2017-06-14,-3.120602142398336
2017-06-15,-3.2563996287697687
2017-06-16,-3.2933486491561634
2017-06-17,-3.0929454190068904
2017-06-18,-3.302967640826913
2017-06-19,-4.460114399821928
2017-06-20,-5.182281382545018
2017-06-21,-4.235600111790249
2017-06-22,-3.884346415263156
2017-06-23,-4.730648380223429
2017-06-24,-4.062398186003491
2017-06-25,-3.520405305452642
2017-06-26,-3.675747593829814
2017-06-27,-3.6247696030824477
2017-06-28,-3.708156489877387
2017-06-29,-3.248976309423944
2017-06-30,-2.4242514562766018
2017-07-01,-2.396406713782634
2017-07-02,-2.520547326116465
2017-07-03,-2.471768429213755
2017-07-04,-2.2275519541310578
2017-07-05,-2.4311732333750786
2017-07-06,-2.694578886609103
2017-07-07,-2.7492197000055376
2017-07-08,-2.3425842600972073
2017-07-09,-2.4730726607441404
2017-07-10,-2.406100274850686
2017-07-11,-2.0519336396999397
2017-07-12,-2.467023227079169
2017-07-13,-2.7845006443132383
2017-07-14,-2.74099704800698
2017-07-15,-2.957542433504727
2017-07-16,-2.589150280367594
2017-07-17,-2.2343318842556146
2017-07-18,-2.251870195860718
2017-07-19,-2.565518337752286
2017-07-20,-2.6083984284919772
2017-07-21,-3.732623958001632
2017-07-22,-3.6190639980937016
2017-07-23,-3.5097421695000217
2017-07-24,-3.0008978700427367
2017-07-25,-2.790266378110992
2017-07-26,-3.02666155413309
2017-07-27,-3.2420789774839727
2017-07-28,-3.038266959919968
2017-07-29,-2.9086145652960425
2017-07-30,-2.732947457302714
2017-07-31,-2.351084021851632
2017-08-01,-2.6641743636281587
2017-08-02,-3.112838708189045
2017-08-03,-3.3601293545115056
2017-08-04,-3.208642253954106
2017-08-05,-3.432109513596366
2017-08-06,-3.122669227527094
2017-08-07,-3.022352108100981
2017-08-08,-3.1959284453206154
2017-08-09,-3.824738043622014
2017-08-10,-3.7692756748996823
2017-08-11,-3.7305310796769695
2017-08-12,-3.571386831368378
2017-08-13,-3.3798442899844656
2017-08-14,-3.2982053449013082
2017-08-15,-3.2928079550816363
2017-08-16,-2.936102430068843
2017-08-17,-3.035613674468354
2017-08-18,-2.9119424665156735
2017-08-19,-3.053664405681071
2017-08-20,-3.7249440042938837
2017-08-21,-3.7648523726570926
2017-08-22,-3.7256698198349842
2017-08-23,-3.2514335931852667
2017-08-24,-3.0311881536700005
2017-08-25,-3.150159403244487
2017-08-26,-3.3166156289671784
2017-08-27,-3.097908234998966
2017-08-28,-2.9214698624209494
2017-08-29,-3.0930401677656976
2017-08-30,-2.667659573644653
2017-08-31,-2.7244081841257595
2017-09-01,-3.291127632146884
2017-09-02,-2.717060514713179
2017-09-03,-2.607961904674833
2017-09-04,-2.7200877303561746
2017-09-05,-3.158448777880797
2017-09-06,-3.1052809875350613
2017-09-07,-2.835349877767166
2017-09-08,-2.7181394842313717
2017-09-09,-3.1284207616832167
2017-09-10,-2.468991118712642
2017-09-11,-3.038606881935083
2017-09-12,-3.3639903319486484
2017-09-13,-3.050558557351098
2017-09-14,-2.7919560620205797
2017-09-15,-3.114276110970582
2017-09-16,-2.9530417851948076
2017-09-17,-2.545906183362413
2017-09-18,-2.4717995391442478
2017-09-19,-3.098404211038977
2017-09-20,-3.4699676259852974
2017-09-21,-3.2691633101385853
2017-09-22,-3.7101874512738626
2017-09-23,-3.6359826122852534
2017-09-24,-3.7360963002397294
2017-09-25,-3.966166658678586
2017-09-26,-4.005814899834443
2017-09-27,-3.939348953092106
2017-09-28,-4.183260593759854
2017-09-29,-3.3339254695932374
2017-09-30,-2.7963847734110243
2017-10-01,-2.4120607390380626
2017-10-02,-3.8506069294216223
2017-10-03,-2.98884466278885
2017-10-04,-2.8445924385619286
2017-10-05,-3.0544618704525908
2017-10-06,-2.5477114938106546
2017-10-07,-2.816763107892551
2017-10-08,-2.5458579933001046
2017-10-09,-2.6327248254818936
2017-10-10,-3.4157726716093015
2017-10-11,-3.139982491374818
2017-10-12,-3.052952061321956
2017-10-13,-2.7105841726198365
2017-10-14,-3.048200710349216
2017-10-15,-2.776694842097065
2017-10-16,-2.831082532612627
2017-10-17,-3.034337516695712
2017-10-18,-2.743153095729177
2017-10-19,-3.117549136766378
2017-10-20,-2.9680366599622814
2017-10-21,-3.1379644806124753
2017-10-22,-2.597890892405625
2017-10-23,-2.5786476265338587
2017-10-24,-3.2369219502347524
2017-10-25,-3.1895189398853914
2017-10-26,-2.999876883259544
2017-10-27,-2.9801241481623117
2017-10-28,-2.9365611841955315
2017-10-29,-2.9665234700560976
2017-10-30,-2.9895494768389583
2017-10-31,-3.2386535688658644
2017-11-01,-3.028478597149245
2017-11-02,-2.984960811688887
2017-11-03,-2.780229998562042
2017-11-04,-3.0922888089769622
2017-11-05,-3.29096344491568
2017-11-06,-3.1149970125392112
2017-11-07,-2.471733812312625
2017-11-08,-2.7627211536429384
2017-11-09,-1.9815861648792177
2017-11-10,-2.1903221745272603
2017-11-11,-3.1843249346584406
2017-11-12,-3.535551343524431
2017-11-13,-3.075264235393481
2017-11-14,-3.093203372366264
2017-11-15,-3.140150470477028
2017-11-16,-2.5393337484655785
2017-11-17,-2.365616744961511
2017-11-18,-2.0301577602385574
2017-11-19,-2.687642405494779
2017-11-20,-3.127403786983741
2017-11-21,-3.2905367072488283
2017-11-22,-3.813273040700962
2017-11-23,-3.7326092114609613
2017-11-24,-3.0778980731986754
2017-11-25,-2.7944717453536656
2017-11-26,-2.592562951780851
2017-11-27,-3.349369454410047
2017-11-28,-2.543292355763231
2017-11-29,-2.6810909285653532
2017-11-30,-3.149284491414701
2017-12-01,-2.967941900570585
2017-12-02,-2.7361335134709157
2017-12-03,-3.0974490609867855
2017-12-04,-2.664793011898594
2017-12-05,-2.1883967769748196
2017-12-06,-2.32734453084897
2017-12-07,-2.9791400139788933
2017-12-08,-2.8329889261515895
2017-12-09,-2.899394416184709
2017-12-10,-2.8283887122424085
2017-12-11,-2.676257273089377
2017-12-12,-3.6984723717861665
2017-12-13,-1.9975500504340151
2017-12-14,-2.230036281734088
2017-12-15,-2.3734123288083873
2017-12-16,-2.6415532320397954
2017-12-17,-3.56956062282238
2017-12-18,-2.7044299770325564
2017-12-19,-3.7530035722769153
2017-12-20,-3.437210041600553
2017-12-21,-3.9790539057702117
2017-12-22,-3.5866530570637574
2017-12-23,-3.4063218766540944
2017-12-24,-4.3788865351795
2017-12-25,-3.6103970388960156
2017-12-26,-3.2644351095164015
2017-12-27,-3.4855681894921773
2017-12-28,-3.3238177240048956
2017-12-29,-3.361521410339063
2017-12-30,-3.519379358618474
2017-12-31,-3.48812801524539
2018-01-01,-2.7418805060857068
2018-01-02,-2.190929265510534
2018-01-03,-2.3476904667903766
2018-01-04,-2.5292675383559295
2018-01-05,-1.9178548762000807
2018-01-06,-1.9678772476178186
2018-01-07,-1.6655606533802896
2018-01-08,-1.684989413844473
2018-01-09,-1.2390576193934602
2018-01-10,-1.2182650704897833
2018-01-11,-1.5286612674752427
2018-01-12,-1.620514413409828
2018-01-13,-2.2124814022377235
2018-01-14,-2.9518247197101126
2018-01-15,-2.367461943738443
2018-01-16,-2.931652228787357
2018-01-17,-2.9352372551756103
2018-01-18,-2.8209629205104747
2018-01-19,-2.838586331295606
2018-01-20,-2.620446017749804
2018-01-21,-2.4912530591418367
2018-01-22,-2.535284408931443
2018-01-23,-3.106308979439005
2018-01-24,-2.6880730706707547
2018-01-25,-2.9902016603920254
2018-01-26,-2.93385041351317
2018-01-27,-2.7201656615597303
2018-01-28,-2.9157851354307294
2018-01-29,-3.0031131469701844
2018-01-30,-3.1499468574688847
2018-01-31,-3.361375187334157
2018-02-01,-2.8098177558174737
2018-02-02,-2.9071819451677685
2018-02-03,-3.388882422651221
2018-02-04,-2.9193774856672645
2018-02-05,-2.237205819765697
2018-02-06,-2.621012410739652
2018-02-07,-1.9727305422482915
2018-02-08,-1.0658466137369291
2018-02-09,-1.0836744733267825
2018-02-10,-0.5199173554098557
2018-02-11,-0.9022675115265496
2018-02-12,-1.2255368024883735
2018-02-13,-1.6286803179678386
2018-02-14,-2.017101059115206
2018-02-15,-2.4211399198971884
2018-02-16,-1.8246427113671835
2018-02-17,-2.005127552435049
2018-02-18,-2.053193793806936
2018-02-19,-2.455034135393209
2018-02-20,-2.524085970487205
2018-02-21,-2.370158283071349
2018-02-22,-1.7785788669012117
2018-02-23,-2.694383028039191
2018-02-24,-3.0902656621881253
2018-02-25,-2.550655364885351
2018-02-26,-1.6533653285669692
2018-02-27,-1.819293437617322
2018-02-28,-1.9762391687970184
2018-03-01,-2.3497109512438117
2018-03-02,-1.776664325295598
2018-03-03,-2.183220546877648
2018-03-04,-1.251300171649839
2018-03-05,-0.6168695826464065
2018-03-06,-0.46688898040652654
2018-03-07,-1.7305387544847064
2018-03-08,-1.411173843757022
2018-03-09,-0.568882824224259
2018-03-10,-0.8171017102135434
2018-03-11,-0.5572814553794326
2018-03-12,-0.8441790450977846
2018-03-13,-1.108938981244909
2018-03-14,-1.621368470565609
2018-03-15,-1.1809541905293015
2018-03-16,-0.9499801475564215
2018-03-17,-0.9806245110923683
2018-03-18,-0.9959861610997042
2018-03-19,-0.6451161262501378
2018-03-20,-1.3495894505267618
2018-03-21,-1.2117625606830917
2018-03-22,-1.5958202347169002
2018-03-23,-2.0569577446722658
2018-03-24,-1.176801690430779
2018-03-25,-1.888250195500763
2018-03-26,-1.438327759333207
2018-03-27,-1.0763722222902121
2018-03-28,-0.16481633757657044
2018-03-29,-0.602144204787467
2018-03-30,-1.2078063539105903
2018-03-31,-2.0193770988184174
2018-04-01,-1.517360382587229
2018-04-02,-0.9905446697540634
2018-04-03,-1.0944677168239945
2018-04-04,-1.505116006970579
2018-04-05,-1.762460896213434
2018-04-06,-2.142596293279971
2018-04-07,-1.8745596931247097
2018-04-08,-1.2772236464899343
2018-04-09,-1.141758164586157
2018-04-10,-0.2193803404230539
2018-04-11,-0.6697070597072317
2018-04-12,-1.1453934862137187
2018-04-13,-1.3773886704593148
2018-04-14,-1.5739191099149348
2018-04-15,-0.7108338436734128
2018-04-16,-1.5993079802370858
2018-04-17,-1.096795885944115
2018-04-18,-0.2898011494019148
2018-04-19,-0.5682942199723644
2018-04-20,-1.1171627541525844
2018-04-21,-0.9067307905929215
2018-04-22,-1.334627569252682
2018-04-23,-1.7071484823421623
2018-04-24,-1.4768810768501661
2018-04-25,-1.4092780910860911
2018-04-26,-1.5184025957755816
2018-04-27,-0.4941866344870124
2018-04-28,-0.24802017588975173
2018-04-29,-0.29765024445400545
2018-04-30,-0.16145275063807651
2018-05-01,-0.2763747025514404
2018-05-02,-0.47428502888635204
2018-05-03,-1.2193317791716956
2018-05-04,-1.130566542350983
2018-05-05,-0.7565975496507789
2018-05-06,-1.6544451274933636
2018-05-07,-1.160575739850005
2018-05-08,-0.6592472960029164
2018-05-09,-0.8740386435275247
2018-05-10,-0.24249968014195084
2018-05-11,-0.315852377936311
2018-05-12,-0.4796578784496336
2018-05-13,-0.8895219500590014
2018-05-14,-1.0189190446577192
2018-05-15,-1.6725427374259196
2018-05-16,-2.421882596568368
2018-05-17,-1.9037235356635005
2018-05-18,-1.8268307633885106
2018-05-19,-2.0876919526909146
2018-05-20,-1.7743381451361506
2018-05-21,-1.6499827392213962
2018-05-22,-1.491483780947563
2018-05-23,-1.0804125906995052
2018-05-24,-2.385998068118925
2018-05-25,-2.25853210899319
2018-05-26,-1.366699697334848
2018-05-27,-0.7186479519032217
2018-05-28,-0.7040599500035141
2018-05-29,-0.821857029484984
2018-05-30,-0.9363668960193087
2018-05-31,-0.3925870046211648
2018-06-01,-0.3834930027128913
2018-06-02,-0.7337542013937182
2018-06-03,-0.6929758491318416
2018-06-04,-0.6596057779913527
2018-06-05,-0.9426136188385558
2018-06-06,-1.0732311380297115
2018-06-07,-1.189313551414101
2018-06-08,-1.1560687672578487
2018-06-09,-0.6503691390754638
2018-06-10,-0.7887798061487721
2018-06-11,-0.7294156340487189
2018-06-12,-0.8056739913381905
2018-06-13,-0.9276886637157385
2018-06-14,-1.2503354928592039
2018-06-15,-1.2905373464369074
2018-06-16,-1.3587074230562797
2018-06-17,-1.5372190278617177
2018-06-18,-1.4836169628707767
2018-06-19,-1.0911667093453614
2018-06-20,-1.0532675586944118
2018-06-21,-1.2475165774791344
2018-06-22,-1.2966326197824007
2018-06-23,-1.6755394619666097
2018-06-24,-1.1920380761174267
2018-06-25,-1.442915471050671
2018-06-26,-1.434825001892688
2018-06-27,-1.70678219127682
2018-06-28,-1.83378204465767
2018-06-29,-1.4932133498853029
2018-06-30,-1.0941960033408378
2018-07-01,-1.301497344237644
2018-07-02,-0.986587065631456
2018-07-03,-0.8630123578974649
2018-07-04,-1.1663264764553467
2018-07-05,-1.1425228882703151
2018-07-06,-0.8606296304503045
2018-07-07,-0.905229942555775
2018-07-08,-1.6243141425127552
2018-07-09,-1.4889265391620492
2018-07-10,-1.2219105587761725
2018-07-11,-1.2764118359049814
2018-07-12,-0.9804295237015852
2018-07-13,-0.9524338827575731
2018-07-14,-1.2984447274744086
2018-07-15,-1.1171590585019089
2018-07-16,-1.2446605242709945
2018-07-17,-1.8003762967071801
2018-07-18,-1.4545091633924658
2018-07-19,-1.7335957919774319
2018-07-20,-2.174818248456952
2018-07-21,-2.21448757166777
2018-07-22,-2.491638168062374
2018-07-23,-3.1938719664300725
2018-07-24,-2.3264923392081736
2018-07-25,-1.7602404914928702
2018-07-26,-1.5645891263666958
2018-07-27,-1.5314820925910146
2018-07-28,-1.479522696021949
2018-07-29,-2.270086154313414
2018-07-30,-1.790642359412196
2018-07-31,-1.363615799538397
2018-08-01,-1.6792902169755914
2018-08-02,-1.3686616822801998
2018-08-03,-1.828987903200578
2018-08-04,-2.499217442558351
2018-08-05,-2.0629879776984055
2018-08-06,-2.2986592563081016
2018-08-07,-1.977740090390734
2018-08-08,-1.9148731079613255
2018-08-09,-2.1162560078223907
2018-08-10,-2.9407421406203857
2018-08-11,-2.4002428073271487
2018-08-12,-1.7337440608962955
2018-08-13,-0.7124749720634125
2018-08-14,-0.7571210738378271
2018-08-15,-1.0895987714558655
2018-08-16,-3.086490047478219
2018-08-17,-2.409574456951833
2018-08-18,-2.0594102962512437
2018-08-19,-2.0948960866481916
2018-08-20,-1.759516174545696
2018-08-21,-1.9335254416784755
2018-08-22,-2.1718106580046896
2018-08-23,-1.5862769492166655
2018-08-24,-1.8144340963406334
2018-08-25,-2.6560079966865953
2018-08-26,-2.973013646925655
2018-08-27,-3.054626260609509
2018-08-28,-2.54416277158499
2018-08-29,-2.357166897418186
2018-08-30,-2.4859872354681443
2018-08-31,-2.1312935537154396
2018-09-01,-2.083881751147281
2018-09-02,-1.1400074447043926
2018-09-03,-0.7983705545840094
2018-09-04,-0.8762144620764895
2018-09-05,-0.7572469219818334
2018-09-06,-1.2614037095637958
2018-09-07,-1.371501315312516
2018-09-08,-0.529600036966054
2018-09-09,-0.09234457014394125
2018-09-10,-0.4120298399106204
2018-09-11,-0.6586294085600147
2018-09-12,-1.0790273649350526
2018-09-13,-1.1328899547880056
2018-09-14,-1.5865731314216334
2018-09-15,-2.1798888138002135
2018-09-16,-1.4275943284654784
2018-09-17,-1.6233706648702533
2018-09-18,-0.020931585259017376
2018-09-19,0.026400321662402183
2018-09-20,-0.003436914910522369
2018-09-21,-0.44032560366705176
2018-09-22,-1.196470575922072
2018-09-23,-1.3813492888844292
2018-09-24,-1.1186716711324614
2018-09-25,-0.9315786203125568
2018-09-26,-1.294356297729485
2018-09-27,-1.3834505364780878
2018-09-28,-1.3248928211066555
2018-09-29,-1.7616020886695112
2018-09-30,-0.8850720912480405
2018-10-01,-1.1394610800999783
2018-10-02,-0.4914650089844076
2018-10-03,-1.1631824915387046
2018-10-04,-1.0956455024093756
2018-10-05,-1.0694820253734272
2018-10-06,-0.992192624314292
2018-10-07,0.16729888780344906
2018-10-08,0.13478920735105837
2018-10-09,0.42205078063954593
2018-10-10,-0.3874821427710295
2018-10-11,-1.3761215855138922
2018-10-12,-1.1682147675767833
2018-10-13,-0.8825372006297599
2018-10-14,-0.9770111342191281
2018-10-15,-0.5232612704461869
2018-10-16,-0.9046666889420348
2018-10-17,-0.5906231761289217
2018-10-18,0.46978734031813607
2018-10-19,-0.10840241670827838
2018-10-20,-0.6068113402023008
2018-10-21,-0.4593556639679136
2018-10-22,-0.6773317993565687
2018-10-23,-0.975600749758493
2018-10-24,-1.375821585290597
2018-10-25,-2.05166603499673
2018-10-26,-1.7355170517798173
2018-10-27,-2.4582388811476665
2018-10-28,-2.626150073958049
2018-10-29,-0.7683480763144777
2018-10-30,-0.8632154351710132
2018-10-31,-1.354217745849898
2018-11-01,-2.3446942448299355
2018-11-02,-1.780403887585453
2018-11-03,-2.0894829189658712
2018-11-04,-1.746849580217011
2018-11-05,-1.1304548124644285
2018-11-06,-0.9898686842824024
2018-11-07,-1.2998822697372925
2018-11-08,-1.9110515143417925
2018-11-09,-1.82247897275743
2018-11-10,-1.9770397068847634
2018-11-11,-1.6298338008656963
2018-11-12,-1.0201860136750778
2018-11-13,-1.1692777890031045
2018-11-14,-0.9573479214387333
2018-11-15,-0.7535938271549406
2018-11-16,-1.5092595809263893
2018-11-17,-1.7688170026036938
2018-11-18,-1.2663286199042993
2018-11-19,-1.5244924839101583
2018-11-20,-1.5315471744656561
2018-11-21,-1.0642727205572617
2018-11-22,-1.4657357682516046
2018-11-23,-1.5349357679328435
2018-11-24,-1.9125193040542874
2018-11-25,-1.458015821415678
2018-11-26,-1.5259130118662751
2018-11-27,-1.2120947248794036
2018-11-28,-1.0455615148730648
2018-11-29,-0.9871557080902212
2018-11-30,-0.817952329912519
2018-12-01,-1.223996351940662
2018-12-02,-0.42156207077715896
2018-12-03,-0.3434499779735139
2018-12-04,-0.7858041801634955
2018-12-05,-1.295370809426547
2018-12-06,-1.5242467384180471
2018-12-07,-1.3465514762035424
2018-12-08,-1.7671089454495603
2018-12-09,-1.624161167712302
2018-12-10,-2.683585244508398
2018-12-11,-3.1188678943175225
2018-12-12,-2.3442289874348834
2018-12-13,-1.758187137494118
2018-12-14,-2.0510156935421158
2018-12-15,-1.8345695632550918
2018-12-16,-2.471030292633801
2018-12-17,-3.2748124303825996
2018-12-18,-2.787243221275416
2018-12-19,-1.425859020291756
2018-12-20,-2.1065638378619664
2018-12-21,-2.14076404916487
2018-12-22,-3.0029659955049666
2018-12-23,-1.8633538739145257
2018-12-24,-4.047649324751521
2018-12-25,-4.610325961018919
2018-12-26,-1.9841860074777222
2018-12-27,-2.2455746511613035
2018-12-28,-3.5620750476788965
2018-12-29,-3.6375412007957793
2018-12-30,-1.3083875024889198
2018-12-31,-1.3053495105247754
2019-01-01,-1.4156560313262476
2019-01-02,-1.3898610715461373
2019-01-03,-1.7447079272484356
2019-01-04,-1.5246761654679815
2019-01-05,-1.5185338551248293
2019-01-06,-1.7864347466441688
2019-01-07,-1.2272062770148924
2019-01-08,-0.19906165374505397
2019-01-09,-0.4927990775466828
2019-01-10,-0.14409243458064505
2019-01-11,-1.0978431720566502
2019-01-12,-0.6232749937763241
2019-01-13,-1.023763230582058
2019-01-14,-1.4948758211520747
2019-01-15,-1.3823132645662548
2019-01-16,-1.713234888761259
2019-01-17,-0.8489936798287047
2019-01-18,-0.8006289725837712
2019-01-19,-0.9481628622177296
2019-01-20,-0.7356092775692686
2019-01-21,-0.6173366349980615
2019-01-22,-1.1272058294391498
2019-01-23,-1.241824250695461
2019-01-24,-0.5139640086662001
2019-01-25,-1.202689022734566
2019-01-26,-1.264408555080562
2019-01-27,-1.4199987028970367
2019-01-28,-1.6857429960229213
2019-01-29,-1.7899704382337183
2019-01-30,-2.087175446581513
2019-01-31,-1.5602048108199222
2019-02-01,-1.364949768006262
2019-02-02,-1.5811416162088878
2019-02-03,-1.0781458666907864
2019-02-04,-1.2543516145162779
2019-02-05,-1.1280039363685224
2019-02-06,-1.108994714007832
2019-02-07,-0.892285263595937
2019-02-08,-0.5267970796840069
2019-02-09,0.7175855128406268
2019-02-10,-0.2401636009620881
2019-02-11,-0.5760814390599118
2019-02-12,-1.1035782836979187
2019-02-13,-1.1806893854074993
2019-02-14,-1.0452892258983972
2019-02-15,-0.8612735891359431
2019-02-16,-0.31204017498272857
2019-02-17,-0.505933500162465
2019-02-18,-0.564393671870454
2019-02-19,-0.733943322176861
2019-02-20,-1.256976502612627
2019-02-21,-1.0691745036295763
2019-02-22,-1.601224591496676
2019-02-23,-1.0417034887045389
2019-02-24,-1.0490386789344666
2019-02-25,-1.0410536335681595
2019-02-26,-0.8084471814201689
2019-02-27,-0.6192375749852667
2019-02-28,-1.3518621637580603
2019-03-01,-2.3959745955872367
2019-03-02,-2.407896217089891
2019-03-03,-2.0271336618201605
2019-03-04,-2.181370510514747
2019-03-05,-1.9842448102886308
2019-03-06,-1.809234318011081
2019-03-07,-1.5793008794653718
2019-03-08,-1.5906385170006603
2019-03-09,-2.1064204229608694
2019-03-10,-1.243089213229178
2019-03-11,-3.0909431597898736
2019-03-12,-2.2614857139198112
2019-03-13,-2.725550165767991
2019-03-14,-3.262699486117233
2019-03-15,-2.4736665955150334
2019-03-16,-2.6192131859005747
2019-03-17,-2.6699001768017885
2019-03-18,-1.9617259393547555
2019-03-19,-2.0129763745094804
2019-03-20,-2.2527220154083603
2019-03-21,-2.122773457982896
2019-03-22,-3.2388218069390633
2019-03-23,-3.9483038357506444
2019-03-24,-2.909751963149284
2019-03-25,-1.9772755277694383
2019-03-26,-1.9674297935973248
2019-03-27,-2.938154786888955
2019-03-28,-2.5515478847571536
2019-03-29,-1.2049408669575186
2019-03-30,-1.9901482304122982
2019-03-31,-3.804496098432631
2019-04-01,-4.457209784302319
2019-04-02,-2.30726181936186
2019-04-03,-2.548830947156857
2019-04-04,-1.6963556069102945
2019-04-05,-2.237708339080104
2019-04-06,-2.159860805200058
2019-04-07,-2.5835790358991786
2019-04-08,-0.936018650916689
2019-04-09,-1.719778986889653
2019-04-10,-1.2136120961981032
2019-04-11,-1.5318037910661964
2019-04-12,-0.8407193245403629
2019-04-13,-1.2509258669191408
2019-04-14,-0.8830754439550746
2019-04-15,-0.7428636793470975
2019-04-16,-0.9687586754153158
2019-04-17,-0.9009812015349592
2019-04-18,-1.547044143540349
2019-04-19,-1.508119992684688
2019-04-20,-2.881701551722725
2019-04-21,-2.473506398962649
2019-04-22,-1.4262143421704339
2019-04-23,-0.8233420551763675
2019-04-24,-0.761643356354154
2019-04-25,-0.7922411615782808
2019-04-26,-1.281276054770574
2019-04-27,-1.672017921121172
2019-04-28,-1.809479066169435
2019-04-29,-1.2052155234613964
2019-04-30,-1.8046293286973556
2019-05-01,-2.2668093095133077
2019-05-02,-1.6397731812454268
2019-05-03,-3.798180218378692
2019-05-04,-2.688632739296923
2019-05-05,-2.305052164232938
2019-05-06,-2.2812898572286415
2019-05-07,-2.0589892150153046
2019-05-08,-1.4258445963097885
2019-05-09,-2.575519644909988
2019-05-10,-2.558480396885833
2019-05-11,-2.195908935187964
2019-05-12,-2.3526297108856973
2019-05-13,-1.8907620909314113
2019-05-14,-3.5638092329257933
2019-05-15,-2.0946230676968787
2019-05-16,-2.5056309333704245
2019-05-17,-1.8713311091912073
2019-05-18,-3.4880796122340536
2019-05-19,-2.4647785827437603
2019-05-20,-1.9994304773274616
2019-05-21,-2.643135005109741
2019-05-22,-3.1291461555438373
2019-05-23,-2.5928460463294645
2019-05-24,-2.58595211391423
2019-05-25,-2.2888877995400656
2019-05-26,-2.5945331819470265
2019-05-27,-2.12308849863716
2019-05-28,-2.7607530956070767
2019-05-29,-2.672215721964806
2019-05-30,-2.4907942953750455
2019-05-31,-2.4154843477003243
2019-06-01,-2.224452726570564
2019-06-02,-1.8939189878071818
2019-06-03,-2.132387957040883
2019-06-04,-2.0842504170874836
2019-06-05,-1.6136199163157108
2019-06-06,-2.1718368354570043
2019-06-07,-1.4949578930845338
2019-06-08,-2.7385835825458362
2019-06-09,-2.5037451678058606
2019-06-10,-1.8570336400042793
2019-06-11,-2.3829794742293307
2019-06-12,-1.5832661283267784
2019-06-13,-2.0976373836226605
2019-06-14,-0.8567402445951172
2019-06-15,-1.7504560459387581
2019-06-16,-1.6432746003071257
2019-06-17,-1.330086616659055
2019-06-18,-1.2960201193999343
2019-06-19,-0.6612542029443614
2019-06-20,-0.6162176864102484
2019-06-21,-0.8636004745627385
2019-06-22,-0.9410242584852474
2019-06-23,-0.13550231024162984
2019-06-24,-0.3190532536067399
2019-06-25,-0.9956343828799366
2019-06-26,-1.8902372636103046
2019-06-27,-1.797456692248059
2019-06-28,-1.560006903938121
2019-06-29,-0.08744299877253497
2019-06-30,-0.0784716885311438
2019-07-01,-0.38722514661011215
2019-07-02,-0.9761206595161233
2019-07-03,-1.4049364284737509
2019-07-04,-1.0579111740961993
2019-07-05,-0.9564680663935153
2019-07-06,-1.8850075191314
2019-07-07,-1.7837455015640533
2019-07-08,-1.2737005914297965
2019-07-09,-1.8310041229030294
2019-07-10,-1.7433116138158256
2019-07-11,-1.9031774120353893
2019-07-12,-1.253862936586401
2019-07-13,-1.995976941436493
2019-07-14,-2.022969744003857
2019-07-15,-1.9813191777729338
2019-07-16,-1.5795059434236018
2019-07-17,-1.5499532523767527
2019-07-18,-2.0203971310579294
2019-07-19,-2.154510337657847
2019-07-20,-2.643558483296065
2019-07-21,-1.8205354028538572
2019-07-22,-1.668263186654648
2019-07-23,-1.5132181936882274
2019-07-24,-2.0952024698294616
2019-07-25,-2.2933692671171837
2019-07-26,-2.327353342643068
2019-07-27,-2.665172082821578
2019-07-28,-2.041494559573396
2019-07-29,-1.6088173689345453
2019-07-30,-1.6914299835325954
2019-07-31,-1.8058964690673251
2019-08-01,-1.9141064346720447
2019-08-02,-1.8389282827940043
2019-08-03,-2.2751376811251385
2019-08-04,-1.3593317282880624
2019-08-05,-2.165143749483622
2019-08-06,-2.562931330449899
2019-08-07,-2.2802382177354823
2019-08-08,-2.011060746482393
2019-08-09,-1.3632787251400194
2019-08-10,-1.5222812168021278
2019-08-11,-1.752773691818
2019-08-12,-1.8212568521255146
2019-08-13,-2.04916398502549
2019-08-14,-1.8615406914036061
2019-08-15,-1.5277937243277921
2019-08-16,-1.9748423382054117
2019-08-17,-1.551010171577257
2019-08-18,-1.3501765900764933
2019-08-19,-0.9801375835632004
2019-08-20,-1.6479774849238842
2019-08-21,-1.3785856575431557
2019-08-22,-1.5075972468492633
2019-08-23,-2.3524400456413357
2019-08-24,-2.3592526095873585
2019-08-25,-1.947051233143789
2019-08-26,-1.616796698158768
2019-08-27,-1.888841882778262
2019-08-28,-2.24522902505918
2019-08-29,-1.3086652071025324
2019-08-30,-1.640405347868488
2019-08-31,-3.2961075033088836
2019-09-01,-3.0749081983352955
2019-09-02,-1.258514629500695
2019-09-03,-0.6192425343766609
2019-09-04,-1.646748493480693
2019-09-05,-1.402920028672054
2019-09-06,-1.7119496538537242
2019-09-07,-1.6601472074220256
2019-09-08,-2.671214099375652
2019-09-09,-1.536046997740404
2019-09-10,-1.7316373962603848
2019-09-11,-2.22367109304522
2019-09-12,-2.0777825827544016
2019-09-13,-1.5268937854578701
2019-09-14,-2.9305427624228777
2019-09-15,-2.857975611721822
2019-09-16,-1.348927715489307
2019-09-17,-2.3464350813972104
2019-09-18,-3.1521658702935924
2019-09-19,-1.9223773467071168
2019-09-20,-2.7490731374081547
2019-09-21,-2.162758336823772
2019-09-22,-1.847052668705358
2019-09-23,-1.4261571602024659
2019-09-24,-1.0115894365323221
2019-09-25,-1.582613192781292
2019-09-26,-1.0918840690017717
2019-09-27,-1.8095890485983888
2019-09-28,-1.7760356519391567
2019-09-29,-1.8573501231574967
2019-09-30,-2.1246934995869386
2019-10-01,-1.3351032500921898
2019-10-02,-1.9921444150118492
2019-10-03,-1.6032737447147962
2019-10-04,-1.3935933201879334
2019-10-05,-1.3781758351705604
2019-10-06,-1.4751744054627738
2019-10-07,-2.0656714540190095
2019-10-08,-2.1843832179099656
2019-10-09,-2.3616662945926583
2019-10-10,-2.354179563135914
2019-10-11,-2.1627000672560612
2019-10-12,-2.81672184342344
2019-10-13,-2.6058554330110035
2019-10-14,-2.539904171322139
2019-10-15,-2.4336503572462918
2019-10-16,-2.223791528773786
2019-10-17,-1.8929633604170488
2019-10-18,-2.338991445092834
2019-10-19,-2.1953502245979943
2019-10-20,-2.2358692606351105
2019-10-21,-3.0472279541941387
2019-10-22,-1.8698162361028805
2019-10-23,-1.8596572886417284
2019-10-24,-1.7840088263599432
2019-10-25,-1.5516380052602103
2019-10-26,-1.9484901133440462
2019-10-27,-3.259972146265405
2019-10-28,-2.621098639607243
2019-10-29,-2.360170505652697
2019-10-30,-2.8588295317392642
2019-10-31,-2.5031185259403865
2019-11-01,-1.883183525969397
2019-11-02,-1.9798252571663681
2019-11-03,-2.1908153134882036
2019-11-04,-1.7161860998578653
2019-11-05,-2.039026501002178
2019-11-06,-2.513929863781365
2019-11-07,-3.2718770524893053
2019-11-08,-2.8702878695286387
2019-11-09,-2.3681683314889517
2019-11-10,-1.4303576014187604
2019-11-11,-2.3033882045474274
2019-11-12,-2.3028370331576475
2019-11-13,-2.8846479304626946
2019-11-14,-2.5317901604362523
2019-11-15,-2.740014961790792
2019-11-16,-2.980210999881294
2019-11-17,-2.183790710752852
2019-11-18,-1.7931739751414355
2019-11-19,-1.7756466074064672
2019-11-20,-1.5947720214243677
2019-11-21,-1.4301343726666846
2019-11-22,-2.4929896053303584
2019-11-23,-3.064959419584342
2019-11-24,-1.8846893316742328
2019-11-25,-2.6252548805029066
2019-11-26,-2.539458114550143
2019-11-27,-2.8475503246694007
2019-11-28,-2.791931903927336
2019-11-29,-2.5370495842298633
2019-11-30,-4.028064997571758
2019-12-01,-2.744568634401036
2019-12-02,-3.238426390092357
2019-12-03,-2.2117907456683885
2019-12-04,-1.6093439214533742
2019-12-05,-2.660086379358291
2019-12-06,-2.7983926152670926
2019-12-07,-2.2141072512041795
2019-12-08,-1.9839609019692106
2019-12-09,-2.38643627288611
2019-12-10,-2.9292647225343935
2019-12-11,-2.2673538693045368
2019-12-12,-2.2217180905704113
2019-12-13,-2.5566998462690016
2019-12-14,-1.7318285099937032
2019-12-15,-1.8125679114538085
2019-12-16,-1.8908699145347945
2019-12-17,-2.4899013067368303
2019-12-18,-2.8339176943867073
2019-12-19,-2.7619748996995463
2019-12-20,-1.5354616510988182
2019-12-21,-2.7526428566826096
2019-12-22,-2.029434963889159
2019-12-23,-2.0427888683462383
2019-12-24,-1.4797228831013252
2019-12-25,-1.2138016242851828
2019-12-26,-1.5899579893743978
2019-12-27,-2.652683564674412
2019-12-28,-2.7756625936963175
2019-12-29,-1.7875080338731315
2019-12-30,-2.6480018817933275
2019-12-31,-2.1982466741886544
2020-01-01,-2.6455715908268647
2020-01-02,-1.1319267363820698
2020-01-03,-5.177285983405105
2020-01-04,-2.127712335839185
2020-01-05,-4.093703215305483
2020-01-06,-3.284644612963938
2020-01-07,-2.6196712421897415
2020-01-08,-2.4373368076410253
2020-01-09,-2.6920560224015975
2020-01-10,-1.1300283656333474
2020-01-11,-1.5948583849054552
2020-01-12,-1.6775807477899773
2020-01-13,-1.4242043105745812
2020-01-14,-1.5330224839577473
2020-01-15,-2.8863858582768964
2020-01-16,-2.2292786286575863
2020-01-17,-1.9492728490743878
2020-01-18,-0.900132054620079
2020-01-19,-0.6599677530028241
2020-01-20,-1.302579970014386
2020-01-21,-3.3854178400671597
2020-01-22,-3.3065022709012113
2020-01-23,-2.5946426933070015
2020-01-24,-2.2146506996669473
2020-01-25,-2.211257708246096
2020-01-26,-1.2599225738294937
2020-01-27,-2.101225766210382
2020-01-28,-3.097773982111757
2020-01-29,-2.416728841506323
2020-01-30,-3.6477082724788676
2020-01-31,-2.922235840451152
2020-02-01,-3.6257294588835762
2020-02-02,-3.5225578205981907
2020-02-03,-2.6826085709418286
2020-02-04,-2.9151154243472814
2020-02-05,-2.7020916411308553
2020-02-06,-2.7589936037706257
2020-02-07,-2.8393120805648615
2020-02-08,-1.8014496495386447
2020-02-09,-2.7839417589667863
2020-02-10,-2.122559637396513
2020-02-11,-2.7650591634107986
2020-02-12,-2.346889592624892
2020-02-13,-3.6548088935469822
2020-02-14,-3.488876776400233
2020-02-15,-3.3309437262030914
2020-02-16,-1.5457987357401635
2020-02-17,-1.7952818983635996
2020-02-18,-2.246432843645738
2020-02-19,-2.6624608198985507
2020-02-20,-2.435843734170291
2020-02-21,-2.8046712182105864
2020-02-22,-3.4358751086833372
2020-02-23,-1.806408438816294
2020-02-24,-2.3801337493282326
2020-02-25,-2.509861937254925
2020-02-26,-3.212556420262258
2020-02-27,-3.2454751133177724
2020-02-28,-3.284461285515699
2020-02-29,-3.971686387851202
2020-03-01,-2.9696550689350856
2020-03-02,-3.408410598266684
2020-03-03,-3.3195389865210316
2020-03-04,-2.8458163253292543
2020-03-05,-3.2999263803816445
2020-03-06,-3.6042164787693123
2020-03-07,-2.879574332256476
2020-03-08,-3.354159036301253
2020-03-09,-3.1361544257314913
2020-03-10,-3.9636641700335002
2020-03-11,-4.543342953834125
2020-03-12,-3.671155500933838
2020-03-13,-3.4285799128946213
2020-03-14,-2.9286557221217913
2020-03-15,-2.5178157313836964
2020-03-16,-3.049147303535599
2020-03-17,-3.4971414255463515
2020-03-18,-2.5107231527888563
2020-03-19,-2.114298359739
2020-03-20,-2.590113211648852
2020-03-21,-3.2380933781510404
2020-03-22,-2.1647285631076203
2020-03-23,-2.2021825033149702
2020-03-24,-2.224519725979208
2020-03-25,-2.6057480198446683
2020-03-26,-3.2509985078893417
2020-03-27,-2.726412226476666
2020-03-28,-3.791099929210829
2020-03-29,-3.430651835677077
2020-03-30,-2.769845686702503
2020-03-31,-2.939989025399721
2020-04-01,-3.658587629456439
2020-04-02,-2.897749950797865
2020-04-03,-4.584719611443016
2020-04-04,-4.015932292232546
2020-04-05,-2.4981275893486363
2020-04-06,-3.9871916707329964
2020-04-07,-2.2237884269149357
2020-04-08,-2.1158453816162432
2020-04-09,-1.900413251009068
2020-04-10,-2.520637934818026
2020-04-11,-1.823128141319348
2020-04-12,-2.723393384450689
2020-04-13,-2.2910135544865775
2020-04-14,-2.738083347525192
2020-04-15,-2.801420159741685
2020-04-16,-2.362034977666213
2020-04-17,-1.5575548690264367
2020-04-18,-2.6935266982178665
2020-04-19,-1.4229786172386611
2020-04-20,-2.0596274501262566
2020-04-21,-1.8133857356480414
2020-04-22,-1.5685334782628826
2020-04-23,-2.154432090774967
2020-04-24,-2.49139309081848
2020-04-25,-1.7673396906135235
2020-04-26,-1.7552374024801178
2020-04-27,-1.3695471388724145
2020-04-28,-1.3060518716814122
2020-04-29,-1.8857469979971846
2020-04-30,-2.54269517817436
2020-05-01,-1.686344691195867
2020-05-02,-0.727916438656209
2020-05-03,-1.8854400928446078
2020-05-04,-2.8277939638368643
2020-05-05,-2.243134349405826
2020-05-06,-1.952335708484562
2020-05-07,-1.6541481191103053
2020-05-08,-2.2198478534477797
2020-05-09,-2.0872307479867374
2020-05-10,-3.199714456321131
2020-05-11,-2.4462547763992815
2020-05-12,-2.4447808531729014
2020-05-13,-2.970368022913739
2020-05-14,-2.7877351079647736
2020-05-15,-2.6890918082967143
2020-05-16,-3.609655906232272
2020-05-17,-3.221902980119732
2020-05-18,-3.3897280671272525
2020-05-19,-2.9747592513792926
2020-05-20,-2.728270751886514
2020-05-21,-2.3681418134616377
2020-05-22,-1.884615397632236
2020-05-23,-2.005099511056944
2020-05-24,-1.5882470751163535
2020-05-25,-1.4379032103613376
2020-05-26,-2.9050148914583933
2020-05-27,-2.4048361026134377
2020-05-28,-4.228295778045347
2020-05-29,-4.8005799898750405
2020-05-30,-3.488658389496159
2020-05-31,-2.5329043536440516
2020-06-01,-3.935139496557751
2020-06-02,-3.37416911198962
2020-06-03,-2.9066144860373324
2020-06-04,-3.5492757655031832
2020-06-05,-3.181285257613811
2020-06-06,-3.273677310547147
2020-06-07,-3.7568013344713065
2020-06-08,-3.2276045427176037
2020-06-09,-3.800441808195449
2020-06-10,-3.3535639097607053
2020-06-11,-3.823330261616905
2020-06-12,-2.925146261257514
2020-06-13,-3.5882227684500516
2020-06-14,-3.3694485949865287
2020-06-15,-3.0348388407876956
2020-06-16,-3.812925332617762
2020-06-17,-3.7856130449810967
2020-06-18,-3.3749391975711034
2020-06-19,-3.8305278731592325
2020-06-20,-4.011082381374981
2020-06-21,-3.1459443359629726
2020-06-22,-3.226210221734172
2020-06-23,-3.5484254792523657
2020-06-24,-3.7736896719071606
2020-06-25,-3.505210158310042
2020-06-26,-3.6851675235319776
2020-06-27,-3.4952227861701624
2020-06-28,-2.9371035844861093
2020-06-29,-2.395757235002558
2020-06-30,-2.893488892209043
2020-07-01,-2.7615568780920077
2020-07-02,-2.7444322204588527
2020-07-03,-2.500036039806581
2020-07-04,-2.1717448449454415
2020-07-05,-2.57845258759028
2020-07-06,-2.7371149641896233
2020-07-07,-2.679778030905151
2020-07-08,-1.7222313131995666
2020-07-09,-1.6339364494849713
2020-07-10,-1.9104352032097092
2020-07-11,-3.460412941235773
2020-07-12,-4.274982206006854
2020-07-13,-3.5148824881185585
2020-07-14,-3.4193161117857334
2020-07-15,-2.857461822100587
2020-07-16,-1.8999129571317228
2020-07-17,-3.4013666903157462
2020-07-18,-2.4852603090880927
2020-07-19,-2.7673428665028172
2020-07-20,-3.0634607957551547
2020-07-21,-3.371645253056684
2020-07-22,-2.7181478625507323
2020-07-23,-3.0791957517456274
2020-07-24,-2.8738799286510606
2020-07-25,-3.3424237894139806
2020-07-26,-5.658698761473016
2020-07-27,-4.223772939092614
2020-07-28,-3.8379800483687205
2020-07-29,-3.969354535635427
2020-07-30,-4.057279810967307
2020-07-31,-4.102986127565104
2020-08-01,-4.824295416748711
2020-08-02,-3.9393087436438807
2020-08-03,-3.261118042874616
2020-08-04,-2.8255122692919388
2020-08-05,-3.970384833947682
2020-08-06,-3.0237079572315633
2020-08-07,-3.770487198866552
2020-08-08,-2.5275133453369225
2020-08-09,-3.3966307522021406
2020-08-10,-2.6344421774592806
2020-08-11,-1.9319671588367051
2020-08-12,-3.2342070329893944
2020-08-13,-2.516781289590701
2020-08-14,-3.5675974066158984
2020-08-15,-3.318371973991281
2020-08-16,-3.2773024435979803
2020-08-17,-3.0228690277213786
2020-08-18,-3.2091916334189925
2020-08-19,-2.924931663239058
2020-08-20,-1.9986602077145617
2020-08-21,-2.448610589334704
2020-08-22,-2.42386514535296
2020-08-23,-1.9637589972757152
2020-08-24,-1.9220474841222133
2020-08-25,-2.404123054136637
2020-08-26,-3.2537023047501448
2020-08-27,-3.559204699903633
2020-08-28,-3.1580742894398663
2020-08-29,-1.6369291023977541
2020-08-30,-2.3628115095731257
2020-08-31,-2.0081606957338174
2020-09-01,-4.115841575129734
2020-09-02,-2.753052125605839
2020-09-03,-2.014386977223239
2020-09-04,-2.6447091781426115
2020-09-05,-1.8980984211033791
2020-09-06,-2.077200666785327
2020-09-07,-2.2083477872763493
2020-09-08,-2.9677013213991668
2020-09-09,-0.3446156871821282
2020-09-10,-1.293256825640342
2020-09-11,-2.226748794520063
2020-09-12,-3.662005869003145
2020-09-13,-2.246868593678322
2020-09-14,-1.3516082333756227
2020-09-15,-1.51715716837278
2020-09-16,-1.669850484164108
2020-09-17,-2.21290823501301
2020-09-18,-2.8341503536409567
2020-09-19,-3.266269045754585
2020-09-20,-2.8862860469254272
2020-09-21,-2.1417633292582714
2020-09-22,-2.3131552859925195
2020-09-23,-2.330590552747731
2020-09-24,-4.663334284671092
2020-09-25,-4.339485643851153
2020-09-26,-3.6056769929607024
2020-09-27,-4.778493043701107
2020-09-28,-3.6751494373654974
2020-09-29,-4.219702693508678
2020-09-30,-3.381151883183897
2020-10-01,-2.629909614002825
2020-10-02,-1.9208910719397794
2020-10-03,-1.321969586286351
2020-10-04,-2.1236903480792457
2020-10-05,-2.422246736720388
2020-10-06,-2.67625908071023
2020-10-07,-2.381674104137842
2020-10-08,-2.951916462733509
2020-10-09,-1.5799669987999565
2020-10-10,-1.0551416567422864
2020-10-11,-1.1554845450820017
2020-10-12,-1.7475639571468335
2020-10-13,-2.682414688274249
2020-10-14,-2.1260332781036992
2020-10-15,-1.5942474426398767
2020-10-16,-2.526594687133914
2020-10-17,-2.5775412087985843
2020-10-18,-1.75424514060295
2020-10-19,-4.899723047582517
2020-10-20,-4.879156278013303
2020-10-21,-2.665002085108527
2020-10-22,-2.4988332465777976
2020-10-23,-3.530868654828786
2020-10-24,-3.06326143787449
2020-10-25,-2.8183703740567614
2020-10-26,-3.455083405768999
2020-10-27,-2.390315695468149
2020-10-28,-2.615020693806039
2020-10-29,-3.169176684873449
2020-10-30,-4.229204198038422
2020-10-31,-3.1359638770810174
2020-11-01,-1.8966228186631686
2020-11-02,-3.579633598590444
2020-11-03,-2.1407846061003015
2020-11-04,-3.0048587942578
2020-11-05,-2.2391169677740175
2020-11-06,-1.846636831863416
2020-11-07,-1.5011266854243883
2020-11-08,-0.9971300711726581
2020-11-09,-1.4112417712468706
2020-11-10,-1.7986650533853947
2020-11-11,-2.4632612072035256
2020-11-12,-1.8414639001144133
2020-11-13,-2.0079654355467307
2020-11-14,-2.095161390573475
2020-11-15,-1.9262445395121217
2020-11-16,-2.5145371778891246
2020-11-17,-1.1794510601387962
2020-11-18,-1.485059976486445
2020-11-19,-2.3885650968347476
2020-11-20,-1.6026056150145729
2020-11-21,-2.2250127667159663
2020-11-22,-1.792915187672851
2020-11-23,-1.8373233389384738
2020-11-24,-2.172827470859039
2020-11-25,-2.492781135761662
2020-11-26,-2.496998392183748
2020-11-27,-3.063982138329928
2020-11-28,-3.713908695133907
2020-11-29,-3.3624060216226885
2020-11-30,-2.391007089919382
2020-12-01,-2.655624369312089
2020-12-02,-3.2286374951952768
2020-12-03,-3.6283640862743796
2020-12-04,-3.185120372082178
2020-12-05,-3.698350788340088
2020-12-06,-2.880616574703832
2020-12-07,-2.3917158392086755
2020-12-08,-2.5104686346736957
2020-12-09,-2.9119990390469366
2020-12-10,-2.397755516148987
2020-12-11,-2.7339816205125644
2020-12-12,-4.022098319931171
2020-12-13,-4.047769120806381
2020-12-14,-3.5996538697072205
2020-12-15,-3.4262469582379893
2020-12-16,-2.394393544854674
2020-12-17,-2.6724582598220277
2020-12-18,-2.581144462331566
2020-12-19,-2.758935135683391
2020-12-20,-3.0730241449372175
2020-12-21,-2.500243303340286
2020-12-22,-2.8643122120716544
2020-12-23,-2.1871292592774725
2020-12-24,-2.163297593236784
2020-12-25,-2.206468942324966
2020-12-26,-2.208823917027978
2020-12-27,-3.04209185408301
2020-12-28,-1.8046270650284082
2020-12-29,-1.9410932818131224
2020-12-30,-2.2192384899615067
2020-12-31,-1.640305279752317
2021-01-01,-0.09936874381542138
2021-01-02,-1.243809104246421
2021-01-03,-1.707619003139973
2021-01-04,-1.292382343889235
2021-01-05,-1.9364421319215488
2021-01-06,-1.0800911408277125
2021-01-07,-1.245440074885698
2021-01-08,-1.2027790390102515
2021-01-09,-2.474017316384907
2021-01-10,-1.5330343923118648
2021-01-11,0.07070021998796913
2021-01-12,-0.9946161771410535
2021-01-13,-1.662291402006446
2021-01-14,-1.2184293949363405
2021-01-15,-0.6075329261731544
2021-01-16,-0.9338606419020393
2021-01-17,-1.186720514251736
2021-01-18,-1.3583877251761807
2021-01-19,-2.650239399274376
2021-01-20,-1.8895321439512187
2021-01-21,-2.2520917547729975
2021-01-22,-2.4376514953306905
2021-01-23,-1.7329468287048022
2021-01-24,-1.145796094273288
2021-01-25,-1.6897884596520591
2021-01-26,-2.674155877570075
2021-01-27,-2.1090062641637624
2021-01-28,-2.2831970508620505
2021-01-29,-3.9152827899170948
2021-01-30,-2.4603945152221036
2021-01-31,-2.4789604336013054
2021-02-01,-2.59131302812063
2021-02-02,-2.4765398583535148
2021-02-03,-2.464298223132719
2021-02-04,-1.5687098569020526
2021-02-05,-1.7775872221643976
2021-02-06,-1.1050150504689036
2021-02-07,-2.2190337528619635
2021-02-08,-2.5532173098272164
2021-02-09,-2.314666348498377
2021-02-10,-3.3305679336406055
2021-02-11,-2.035984070369424
2021-02-12,-1.1274164413055785
2021-02-13,-2.098219711134721
2021-02-14,-2.0837111496425083
2021-02-15,-1.5742424554575307
2021-02-16,-2.814361918830664
2021-02-17,-3.1185296882790015
2021-02-18,-3.713865389589095
2021-02-19,-1.1614519456005303
2021-02-20,-3.1180260114864207
2021-02-21,-2.1321067208122204
2021-02-22,-2.994954618576058
2021-02-23,-2.0827987995519543
2021-02-24,-2.5610285822586025
2021-02-25,-2.4237934112442074
2021-02-26,-3.2583066828638625
2021-02-27,-2.846243521158668
2021-02-28,-1.7708318930731453
2021-03-01,-2.154831425398293
2021-03-02,-2.0485619759714186
2021-03-03,-1.1315304790789675
2021-03-04,-2.0835790239933853
2021-03-05,-2.1098430700148203
2021-03-06,-1.67126964666138
2021-03-07,-2.657896147839571
2021-03-08,-0.9046929035222542
2021-03-09,-2.966989050747439
2021-03-10,-1.9288177224012524
2021-03-11,-1.6508625751248196
2021-03-12,-3.3669150417234137
2021-03-13,-1.8869922104698191
2021-03-14,-1.4322684856724952
2021-03-15,-1.2313979514965232
2021-03-16,-1.9577695125847994
2021-03-17,-1.9043675959889073
2021-03-18,-2.2437178448199186
2021-03-19,-3.8216960877451154
2021-03-20,-3.4637311313496824
2021-03-21,-3.987271114726949
2021-03-22,-3.114092869233413
2021-03-23,-2.6681209515832927
2021-03-24,-2.5420119253991373
2021-03-25,-2.5160483081520413
2021-03-26,-2.4534011704031036
2021-03-27,-2.8491965963185852
2021-03-28,-3.8164713136633575
2021-03-29,-2.6639063271762815
2021-03-30,-2.8021796422699254
2021-03-31,-2.36782654089875
2021-04-01,-2.439002838689845
2021-04-02,-1.8765717910407087
2021-04-03,-1.1911888644141695
2021-04-04,-3.0101564126499785
2021-04-05,-2.0675604318384604
2021-04-06,-2.486634423138496
2021-04-07,-1.6495854990991727
2021-04-08,-2.4233265993751676
2021-04-09,-3.2837371513849645
2021-04-10,-2.5274939628761874
2021-04-11,-1.2755488439806217
2021-04-12,-1.5163717005127642
2021-04-13,-1.8668591544630484
2021-04-14,-2.3000503283175724
2021-04-15,-2.5306013121887583
2021-04-16,-1.4402369568311852
2021-04-17,-1.764747657960386
2021-04-18,-2.3105344695863073
2021-04-19,-1.7144952623579226
2021-04-20,-1.658826395521759
2021-04-21,-2.101078042088953
2021-04-22,-1.3934739340228
2021-04-23,-1.3478105035190049
2021-04-24,-1.9850508500068944
2021-04-25,-2.217160785575503
2021-04-26,-1.4086596355105134
2021-04-27,-1.381408530127728
2021-04-28,-2.1111959224573513
2021-04-29,-1.693859046042254
2021-04-30,-1.282457413624534
2021-05-01,-0.681718815256323
2021-05-02,-3.493244884070088
2021-05-03,-2.20654886010255
2021-05-04,-1.5854781946346395
2021-05-05,-1.4387331417174885
2021-05-06,-1.8464798819234731
2021-05-07,-2.082758780971465
2021-05-08,-2.654812727489753
2021-05-09,-1.673811167750381
2021-05-10,-0.9000639661386325
2021-05-11,-1.3154956020135435
2021-05-12,-1.676363389531438
2021-05-13,-2.0756639817223466
2021-05-14,-1.2415260681218796
2021-05-15,-2.794290979343004
2021-05-16,-1.470711410098209
2021-05-17,-2.1194970060391918
2021-05-18,-2.524167795973987
2021-05-19,-1.278299412698529
2021-05-20,-1.1130435422898204
2021-05-21,-0.2505821340155586
2021-05-22,-0.12021358971905848
2021-05-23,-0.4861106087406358
2021-05-24,-1.5765325783377964
2021-05-25,-1.888934552714367
2021-05-26,-1.6058173611847075
2021-05-27,-3.3183936015965574
2021-05-28,-1.6156006023422318
2021-05-29,-2.0633138613856583
2021-05-30,-3.3846149861364845
2021-05-31,-3.403603120032426
2021-06-01,-1.0037515989107766
2021-06-02,-1.372617714054223
2021-06-03,-1.247097730030924
2021-06-04,-0.6128301171566318
2021-06-05,-2.3495579147273458
2021-06-06,-2.2343661910185704
2021-06-07,-2.0130464546781996
2021-06-08,-2.1124463992265308
2021-06-09,-2.5061919403081325
2021-06-10,-1.385391264236436
2021-06-11,-1.6847498551275513
2021-06-12,-0.19435496338639582
2021-06-13,-1.276820009340436
2021-06-14,-1.8924184216683502
2021-06-15,-2.782009533509658
2021-06-16,-2.878153423268101
2021-06-17,-1.7332007589895084
2021-06-18,-1.8805262492169312
2021-06-19,-2.4656572269145594
2021-06-20,-1.8042651673810992
2021-06-21,-0.782584223825579
2021-06-22,-1.308921716374445
2021-06-23,-1.8616099731295903
2021-06-24,-1.7823200052261285
2021-06-25,-2.6860682029712617
2021-06-26,-1.5816063793822648
2021-06-27,-2.7721498659667336
2021-06-28,-2.7908331516890805
2021-06-29,-3.3436144385770326
2021-06-30,-5.036070569687468
2021-07-01,-3.676482770150684
2021-07-02,-2.9454231794246066
2021-07-03,-2.4624394180317366
2021-07-04,-1.777942196825139
2021-07-05,-1.3817225260379906
2021-07-06,-2.2380830035068486
2021-07-07,-2.1864945541175027
2021-07-08,-2.091632893923671
2021-07-09,-2.277874078687625
2021-07-10,-2.3995808502705853
2021-07-11,-0.5530250781967543
2021-07-12,-1.4559381899811263
2021-07-13,-2.4930372883309033
2021-07-14,-1.7061055376301701
2021-07-15,-2.0998035419639605
2021-07-16,-2.28558332938031
2021-07-17,-2.120250040837627
2021-07-18,-1.944112918554502
2021-07-19,-2.6993738021042377
2021-07-20,-1.8441206917029789
2021-07-21,-1.791901683304458
2021-07-22,-1.9553543465941146
2021-07-23,-1.4827835722281342
2021-07-24,-2.994805484132885
2021-07-25,-2.1636778985762115
2021-07-26,-3.159777557155831
2021-07-27,-1.2785991052609715
2021-07-28,-1.5210942721661918
2021-07-29,-1.2785671982045963
2021-07-30,-1.679105875628826
2021-07-31,-3.196558564567036
2021-08-01,-2.245057030606833
2021-08-02,-2.672837992865367
2021-08-03,-1.8785910285688838
2021-08-04,-1.1861445810167282
2021-08-05,-1.9287319345829705
2021-08-06,-1.659286675389163
2021-08-07,-3.1811775730605896
2021-08-08,-2.953072527326051
2021-08-09,-3.083254948518486
2021-08-10,-2.869475329480381
2021-08-11,-3.643135994979211
2021-08-12,-2.845021213457097
2021-08-13,-2.544697407316058
2021-08-14,-2.8847018110817424
2021-08-15,-2.322422121205116
2021-08-16,-2.471334093469428
2021-08-17,-1.537127946112565
2021-08-18,-2.1013215427740124
2021-08-19,-2.500962588221644
2021-08-20,-2.428657335915672
2021-08-21,-2.0114505709162254
2021-08-22,-2.1960330359316393
2021-08-23,-1.2971693944376865
2021-08-24,-2.364466329353332
2021-08-25,-2.0836914295907754
2021-08-26,-2.5154620298988886
2021-08-27,-3.08039855815301
2021-08-28,-0.9186075528148708
2021-08-29,-2.1295203923718407
2021-08-30,-2.5638897269265004
2021-08-31,-1.7655214177088925
2021-09-01,-2.1725294929903787
2021-09-02,-3.2218488008682185
2021-09-03,-2.7698297297810974
2021-09-04,-2.366304301118133
2021-09-05,-2.78751187260824
2021-09-06,-2.0077763153901635
2021-09-07,-1.8885427756570465
2021-09-08,-1.4191822929977687
2021-09-09,-1.268594967764953
2021-09-10,-0.9625784733511903
2021-09-11,-1.828524386018433
2021-09-12,-2.0469556044270782
2021-09-13,-1.3485451331569702
2021-09-14,-0.29844703904956027
2021-09-15,-1.7816097470288534
2021-09-16,-2.2061518972206176
2021-09-17,-2.1278119656634775
2021-09-18,-2.0431258783536594
2021-09-19,-1.6900556885666076
2021-09-20,-1.9019637000544436
2021-09-21,-1.6387666830790726
2021-09-22,-1.2070522367444296
2021-09-23,-2.13855674139083
2021-09-24,-2.8911476777481595
2021-09-25,-2.3018803496570466
2021-09-26,-1.5173666890134259
2021-09-27,-2.0852580725686254
2021-09-28,-2.4066574023318847
2021-09-29,-2.0009668073093674
2021-09-30,-2.3591567135002727
2021-10-01,-2.1590611472452172
2021-10-02,-2.4897913354228813
2021-10-03,-2.982142842962054
2021-10-04,-1.798178824372848
2021-10-05,-1.5501864041450009
2021-10-06,-2.083772684678447
2021-10-07,-2.2617701166388553
2021-10-08,-1.9688186307962725
2021-10-09,-1.488732241305031
2021-10-10,-2.422267884102435
2021-10-11,-2.064643960098024
2021-10-12,-2.4829924712617877
2021-10-13,-1.6144751993309012
2021-10-14,-2.4142919712284825
2021-10-15,-1.4623166628446518
2021-10-16,-2.3104115689341156
2021-10-17,-2.279619098671338
2021-10-18,-1.5579273914882625
2021-10-19,-1.7188887374961292
2021-10-20,-1.7207670608976504
2021-10-21,-2.9115063346493564
2021-10-22,-1.4698691806215929
2021-10-23,-2.813028094791912
2021-10-24,-2.2560551610210116
2021-10-25,-1.5511438105098294
2021-10-26,-2.2744999399362924
2021-10-27,-2.3389192283934257
2021-10-28,-2.6427733274507808
2021-10-29,-0.8862474710416265
2021-10-30,0.7747295853812417
2021-10-31,-0.7701122805196291
2021-11-01,-0.4810080050484091
2021-11-02,-1.033358439244269
2021-11-03,-3.017749842192579
2021-11-04,-2.2016316756100336
2021-11-05,-2.326255095227685
2021-11-06,-2.2489145419454775
2021-11-07,-2.030215773100502
2021-11-08,-2.3985648670794326
2021-11-09,-2.23348079031465
2021-11-10,-2.3154774072238786
2021-11-11,-2.267422821921655
2021-11-12,-1.2702943937176632
2021-11-13,-1.060908026962472
2021-11-14,-1.8239179196488096
2021-11-15,-2.309206141539555
2021-11-16,-1.9083011263855543
2021-11-17,-1.9337321058176697
2021-11-18,-2.7544476700810057
2021-11-19,-1.709160822469323
2021-11-20,-2.540293112907076
2021-11-21,-3.673504155257948
2021-11-22,-1.3187599576606432
2021-11-23,-3.1891726584475926
2021-11-24,-3.5679921013548954
2021-11-25,-2.950380681242756
2021-11-26,-2.856603129073372
2021-11-27,-2.292696251897326
2021-11-28,-3.447709355423418
2021-11-29,-3.1954941728315207
2021-11-30,-2.904584525563583
2021-12-01,-2.6250083509055364
2021-12-02,-1.5669406241219654
2021-12-03,-2.1018996827707217
2021-12-04,-1.123849370491879
2021-12-05,-3.3733052240625527
2021-12-06,-2.563529674223189
2021-12-07,-1.963077550304354
2021-12-08,-2.0574304698012904
2021-12-09,-2.2281035512289242
2021-12-10,-3.0906946735044256
2021-12-11,-4.62556309751675
2021-12-12,-3.432790410134924
2021-12-13,-2.5694016287353403
2021-12-14,-2.288116892885943
2021-12-15,-2.273220314776586
2021-12-16,-3.3676596704149677
2021-12-17,-3.1599115078813607
2021-12-18,-2.7547122765875
2021-12-19,-2.703600058841461
2021-12-20,-2.9334111312212614
2021-12-21,-2.5929796501640343
2021-12-22,-3.2602101668558823
2021-12-23,-0.829330417370784
2021-12-24,-3.0440650536937968
2021-12-25,-1.7145139138084335
2021-12-26,-1.8975229404063252
2021-12-27,-1.6261776383299948
2021-12-28,-1.0642063367311214
2021-12-29,-1.929825609836502
2021-12-30,-1.7661379956988716
2021-12-31,-1.7607505547253084
2022-01-01,-1.7920371605781769
2022-01-02,-3.4137946880553947
2022-01-03,-3.1738907420429503
2022-01-04,-2.846697554153348
2022-01-05,-2.531568657877477
2022-01-06,-1.8447732697442765
2022-01-07,-1.9773053807144247
2022-01-08,-2.432415525800835
2022-01-09,-2.3170460492838587
2022-01-10,-2.232355083224197
2022-01-11,-2.5385393415573354
2022-01-12,-1.4652282092253512
2022-01-13,-2.471332097674656
2022-01-14,-3.291691770510463
2022-01-15,-3.0815398183469216
2022-01-16,-2.363945074599771
2022-01-17,-3.083136938663543
2022-01-18,-2.812436945846824
2022-01-19,-3.2537479857535843
2022-01-20,-3.345841300125924
2022-01-21,-2.7058676257879535
2022-01-22,-1.6573987515680313
2022-01-23,-2.6672387661180124
2022-01-24,-2.6199915053342564
2022-01-25,-2.9114065932245197
2022-01-26,-2.2699962054365295
2022-01-27,-3.0274133677996433
2022-01-28,-2.549001032796186
2022-01-29,-3.6885038354357014
2022-01-30,-2.7449786279490085
2022-01-31,-2.116305835884728
2022-02-01,-1.3432880748748677
2022-02-02,-1.9013504436779134
2022-02-03,-2.0843313876282696
2022-02-04,-2.2713945523025574
2022-02-05,-1.9856940893328199
2022-02-06,-2.491793859402526
2022-02-07,-2.5000867467772503
2022-02-08,-2.7967296557245915
2022-02-09,-2.3743082959510042
2022-02-10,-2.0886372865449996
2022-02-11,-2.4065903717860753
2022-02-12,-1.850325567989711
2022-02-13,-1.6067353712665968
2022-02-14,-2.203015003910924
2022-02-15,-1.1751604447701378
2022-02-16,0.36777035985386997
2022-02-17,-1.0979792950576674
2022-02-18,-1.2491813249497348
2022-02-19,-2.928748443454838
2022-02-20,-2.7395875215547867
2022-02-21,-2.581271125552865
2022-02-22,-2.02405047912812
2022-02-23,-2.0715390160365312
2022-02-24,-1.8373661216854988
2022-02-25,-1.8939226237817872
2022-02-26,-2.4331714628433145
2022-02-27,-3.434819764103469
2022-02-28,-2.2408892055618033
2022-03-01,-2.829439734444487
2022-03-02,-2.8328405324258257
2022-03-03,-2.4242184403516003
2022-03-04,-3.026815925075366
2022-03-05,-2.806019106695768
2022-03-06,-2.528821345721898
2022-03-07,-2.4014545871187662
2022-03-08,-3.4498815363895363
2022-03-09,-3.095264286505705
2022-03-10,-1.550694526828443
2022-03-11,-2.2590616491413784
2022-03-12,-2.627420197941666
2022-03-13,-2.0449130858109283
2022-03-14,-2.8211660368388443
2022-03-15,-2.1166083972340393
2022-03-16,-2.9674037674469647
2022-03-17,-2.5662903998711575
2022-03-18,-2.780781192923925
2022-03-19,-3.2958576176025844
2022-03-20,-3.4263592193092327
2022-03-21,-3.2717706130847204
2022-03-22,-3.5538462769669974
2022-03-23,-2.422845638229347
2022-03-24,-3.049029256522624
2022-03-25,-2.5701632023620262
2022-03-26,-3.0852915115095487
2022-03-27,-2.383782994376726
2022-03-28,-2.1295532092305454
2022-03-29,-2.4338651933103645
2022-03-30,-2.3433015961063197
2022-03-31,-1.9736309550263655
2022-04-01,-2.1078332823981505
2022-04-02,-3.087666179491709
2022-04-03,-4.0150346838274515
2022-04-04,-3.743426726746836
2022-04-05,-3.937566500245538
2022-04-06,-2.5100943059990746
2022-04-07,-2.0603259490831687
2022-04-08,-2.260683106972033
2022-04-09,-2.7061072080526305
2022-04-10,-4.012329640147559
2022-04-11,-1.363674559874815
2022-04-12,-1.7774354123007365
2022-04-13,-3.5071632179976784
2022-04-14,-2.049476933887547
2022-04-15,-0.9451123798440523
2022-04-16,-0.7738172162310121
2022-04-17,-0.905816716594566
2022-04-18,-1.5511378260625277
2022-04-19,-2.121081836917471
2022-04-20,-1.7879813378574996
2022-04-21,-2.001765345191779
2022-04-22,-0.9412666377441825
2022-04-23,-2.3121268486137883
2022-04-24,-0.22911579959369038
2022-04-25,-2.3155767938837792
2022-04-26,-1.7295120838581326
2022-04-27,-1.2475048856642086
2022-04-28,-1.7856462290904902
2022-04-29,-2.4531230373876034
2022-04-30,-3.1482034417993034
2022-05-01,-2.643876771593116
2022-05-02,-1.371277102936117
2022-05-03,-1.9294531048129864
2022-05-04,-2.3376099802059915
2022-05-05,-2.769231482603159
2022-05-06,-1.80696224281618
2022-05-07,-2.4687670013895473
2022-05-08,-2.8052382482665776
2022-05-09,-1.8969343017295812
2022-05-10,-2.019967919974258
2022-05-11,-2.1531755561433106
2022-05-12,-3.5679488626986604
2022-05-13,-3.1184989171690627
2022-05-14,-4.238685446867914
2022-05-15,-3.648862090087818
2022-05-16,-3.2129328619263853
2022-05-17,-2.7096072546809093
2022-05-18,-3.1074336313466038
2022-05-19,-2.308096244738032
2022-05-20,-2.5532167300619877
2022-05-21,-1.358293187898195
2022-05-22,-1.1273242815199065
2022-05-23,-2.1026932327004446
2022-05-24,-3.312740804310844
2022-05-25,-2.577012146335606
2022-05-26,-3.0955009164709444
2022-05-27,-3.923815174105455
2022-05-28,-3.7022102968133668
2022-05-29,-3.44391047782886
2022-05-30,-3.5832145982555264
2022-05-31,-3.2845728661470854
2022-06-01,-4.042075728922606
2022-06-02,-2.5897608946072292
2022-06-03,-1.7019277091094351
2022-06-04,-1.3705875890438004
2022-06-05,-2.7353215232273804
2022-06-06,-2.9259600592980197
2022-06-07,-2.8081521504146236
2022-06-08,-2.3610577902586054
2022-06-09,-3.2427576404849896
2022-06-10,-2.674930281636259
2022-06-11,-2.1811199262939995
2022-06-12,-0.8342831893855103
2022-06-13,-2.1849414687835718
2022-06-14,-2.261152838769337
2022-06-15,-2.716241083611978
2022-06-16,-4.143894645979229
2022-06-17,-3.915282637643823
2022-06-18,-3.5481186303076564
2022-06-19,-5.236627691745523
2022-06-20,-3.608658868322726
2022-06-21,-3.013656258547246
2022-06-22,-2.233002548631839
2022-06-23,-1.5796503756044793
2022-06-24,-2.1967216450362086
2022-06-25,-1.4415905130467173
2022-06-26,-2.824570534828848
2022-06-27,-1.960871588927909
2022-06-28,-1.5970290503289635
2022-06-29,-2.4048332422770926
2022-06-30,-2.2585837110432054
2022-07-01,-3.868299992311536
2022-07-02,-3.0870795491011993
2022-07-03,-2.9325496801950317
2022-07-04,-1.9848848302181994
2022-07-05,-2.5572684756550914
2022-07-06,-2.8310663354319727
2022-07-07,-4.052272929640054
2022-07-08,-2.553591230265173
2022-07-09,-2.4517055583388765
2022-07-10,-2.4332411102108042
2022-07-11,-2.826249180380593
2022-07-12,-2.268150871558001
2022-07-13,-2.280374796567362
2022-07-14,-2.3901853893741456
2022-07-15,-3.032144075064787
2022-07-16,-3.161745819127317
2022-07-17,-3.0936604745878116
2022-07-18,-3.5125672744533363
2022-07-19,-2.643587402864627
2022-07-20,-2.901268532521577
2022-07-21,-2.462244896276514
2022-07-22,-2.061939253273333
2022-07-23,-2.470633257839298
2022-07-24,-4.729340460926271
2022-07-25,-2.513290763631963
2022-07-26,-2.1836147043074634
2022-07-27,-2.11770197109273
2022-07-28,-4.157575383926361
2022-07-29,-3.122493248294698
2022-07-30,-3.3854942077381835
2022-07-31,-2.957952201871913
2022-08-01,-2.6736536257758465
2022-08-02,-3.1002076338217917
2022-08-03,-2.6378457586502364
2022-08-04,-1.979497405974192
2022-08-05,-2.321153771576223
2022-08-06,-2.673483704083339
2022-08-07,-2.4501157942653835
2022-08-08,-2.9045769189392048
2022-08-09,-2.2468076514898523
2022-08-10,-2.7511796897086627
2022-08-11,-3.4978012819377837
2022-08-12,-2.151742610543912
2022-08-13,-3.005179077356506
2022-08-14,-1.6673010269686275
2022-08-15,-0.3360768000300662
2022-08-16,-2.1119606384081235
2022-08-17,-1.7506269528584533
2022-08-18,-1.5514565651882843
2022-08-19,-2.291280649621002
2022-08-20,-2.198485280389827
2022-08-21,-2.6349441480487688
2022-08-22,-2.475259504283634
2022-08-23,-2.5522942106221036
2022-08-24,-2.46318675254609
2022-08-25,-2.940203843974212
2022-08-26,-1.0077828458370381
2022-08-27,-2.489226386464884
2022-08-28,-2.0658259783588973
2022-08-29,-1.6372950665288684
2022-08-30,-3.6691031937662864
2022-08-31,-1.8083589420577202
2022-09-01,-2.1818153549514117
2022-09-02,-2.13589028595053
2022-09-03,-2.8471166369734315
2022-09-04,-2.1655137474161954
2022-09-05,-2.4841115580512665
2022-09-06,-3.2206274124915524
2022-09-07,-1.6598298116412467
2022-09-08,-1.3748579359301634
2022-09-09,-2.347079769664897
2022-09-10,-2.4358607774777115
2022-09-11,-1.5744395087428642
2022-09-12,-2.706397767780097
2022-09-13,-2.637331376491592
2022-09-14,-1.6258012879064392
2022-09-15,-1.47825403384468
2022-09-16,-1.796086428722734
2022-09-17,-2.3324959745551324
2022-09-18,-1.5443521772157125
2022-09-19,-2.0418623013680497
2022-09-20,-1.783080139179338
2022-09-21,-1.611196944810573
2022-09-22,-3.6380490635839853
2022-09-23,-1.7644068466037757
2022-09-24,-1.971942639614197
2022-09-25,-2.4940243177851036
2022-09-26,-2.00771066187103
2022-09-27,-2.340871753530455
2022-09-28,-2.0034794560131806
2022-09-29,-2.133283974833687
2022-09-30,-2.188518145870776
2022-10-01,-2.4815717927676055
2022-10-02,-2.1751849242749905
2022-10-03,-3.115524160144893
2022-10-04,-3.026704803570188
2022-10-05,-2.973000689557938
2022-10-06,-3.0460200280002123
2022-10-07,-2.367642297838317
2022-10-08,-2.659260328323966
2022-10-09,-2.8517034185087327
2022-10-10,-2.6189958899272936
2022-10-11,-2.468925108237617
2022-10-12,-2.259108088032537
2022-10-13,-2.5687206580125705
2022-10-14,-3.6185488161010184
2022-10-15,-2.8175851621476635
2022-10-16,-2.6608000582119393
2022-10-17,-3.1824964442708588
2022-10-18,-3.2563807513690652
2022-10-19,-3.6616496360565978
2022-10-20,-3.3463623878892443
2022-10-21,-2.608359449575131
2022-10-22,-3.6840919635408786
2022-10-23,-1.999579105633723
2022-10-24,-5.090509987913102
2022-10-25,-2.7704048263289227
2022-10-26,-2.281030570770316
2022-10-27,-2.2908935730433178
2022-10-28,-2.942349271676535
2022-10-29,-2.3761782437744876
2022-10-30,-3.2760812092825056
2022-10-31,-2.7265905105697064
2022-11-01,-3.1441295276114967
2022-11-02,-4.085674345579966
2022-11-03,-3.6040439390641845
2022-11-04,-3.3882420044655994
2022-11-05,-3.3286746954269293
2022-11-06,-2.677843988962307
2022-11-07,-3.125761844994981
2022-11-08,-3.401492546439734
2022-11-09,-2.7894395154012224
2022-11-10,-2.3870889702837337
2022-11-11,-2.3386694426954606
2022-11-12,-1.662537548667981
2022-11-13,-1.7773410427359762
2022-11-14,-2.126379677033248
2022-11-15,-1.84996563275449
2022-11-16,-2.014054049095699
2022-11-17,-3.204145734373707
2022-11-18,-3.0704025594863267
2022-11-19,-2.217166787911856
2022-11-20,-2.2251131237634016
2022-11-21,-2.739903338904803
2022-11-22,-3.50380162519191
2022-11-23,-3.8359419005129824
2022-11-24,-4.597913804996862
2022-11-25,-3.684631373746064
2022-11-26,-1.3384751430711732
2022-11-27,0.2904795205617421
2022-11-28,-1.0795731041110275
2022-11-29,-1.3679743312855446
2022-11-30,-1.7921879385161061
2022-12-01,-1.8460867842078124
2022-12-02,-3.240234420103324
2022-12-03,-5.368634601012067
2022-12-04,-2.6555179001191367
2022-12-05,-3.5030882217195525
2022-12-06,-3.9270464400163467
2022-12-07,-2.786004342066294
2022-12-08,-3.1049439923372653
2022-12-09,-3.102099012787149
2022-12-10,-2.6733772710455064
2022-12-11,-1.4471676513714447
2022-12-12,-1.8852994321882568
2022-12-13,-2.475435719561062
2022-12-14,-2.257735991632315
2022-12-15,-1.5294385570953466
2022-12-16,-1.761554644114219
2022-12-17,-2.088636896457375
2022-12-18,-2.0712795389524206
2022-12-19,-1.7644337346687817
2022-12-20,-2.4669713452571833
2022-12-21,-2.448758635715858
2022-12-22,-3.5829785213052223
2022-12-23,-3.54427881655301
2022-12-24,-2.89267111604567
2022-12-25,-3.221848344006992
2022-12-26,-4.626825620243825
2022-12-27,-3.877838092559289
2022-12-28,-2.905006695399004
2022-12-29,-3.646248591851182
2022-12-30,-3.0214745930483877
2022-12-31,-2.825319402632085
2023-01-01,-2.5205446860279768
2023-01-02,-2.021372891382939
2023-01-03,-1.650391027431921
2023-01-04,-3.0167570041289884
2023-01-05,-2.5786760244661577
2023-01-06,-2.70065085031703
2023-01-07,-1.830887192675824
2023-01-08,-3.0183859386624756
2023-01-09,-3.068233221598838
2023-01-10,-2.7501546018517655
2023-01-11,-2.4081446317101096
2023-01-12,-1.9248513773221503
2023-01-13,-2.069050726983298
2023-01-14,-2.024996290635225
2023-01-15,-2.5059749661373028
2023-01-16,-2.0228379612802665
2023-01-17,-1.6538033477269736
2023-01-18,-3.5550683799517655
2023-01-19,-2.6681918401328812
2023-01-20,-3.165098095196736
2023-01-21,-3.478641354743679
2023-01-22,-2.7114104070178375
2023-01-23,-1.8623167418515372
2023-01-24,-1.987283324132232
2023-01-25,-2.8499532199566104
2023-01-26,-3.4367294197760976
2023-01-27,-2.10181573489381
2023-01-28,-3.039610755888403
2023-01-29,-3.394057770234766
2023-01-30,-2.5619463388294585
2023-01-31,-2.1962317054931466
2023-02-01,-1.8417088370211478
2023-02-02,-2.7322464079015947
2023-02-03,-2.6743079182874783
2023-02-04,-1.51312477918501
2023-02-05,-2.73819320981108
2023-02-06,-1.9654563220823578
2023-02-07,-2.2219350421898296
2023-02-08,-1.1788314188079294
2023-02-09,-1.0751183270099463
2023-02-10,-2.505107779108574
2023-02-11,-1.650730489341554
2023-02-12,-1.9433425512788975
2023-02-13,-1.7226295772287414
2023-02-14,-2.3333158454993845
2023-02-15,-1.3068569119689062
2023-02-16,-2.064523007011152
2023-02-17,-2.610696547304464
2023-02-18,-2.742757095594332
2023-02-19,-2.5493332377993023
2023-02-20,-2.720404026782463
2023-02-21,-3.7118303672002577
2023-02-22,-3.4173400445537014
2023-02-23,-2.225488758178391
2023-02-24,-3.357871640442762
2023-02-25,-3.6427150028244344
2023-02-26,-2.1242325378418823
2023-02-27,-3.13124548786009
2023-02-28,-3.429063154634333
2023-03-01,-2.69965885702867
2023-03-02,-2.712212442066376
2023-03-03,-2.3989573116342466
2023-03-04,-3.0464133138436256
2023-03-05,-3.279409200404607
2023-03-06,-2.4418118614430995
2023-03-07,-3.1063101641439275
2023-03-08,-1.9954014252313632
2023-03-09,-2.4391220499727364
2023-03-10,-2.8064560427071954
2023-03-11,-2.700100917366486
2023-03-12,-2.266342673444073
2023-03-13,-2.168329222598728
2023-03-14,-2.5375751713930517
2023-03-15,-3.117219052135358
2023-03-16,-2.7294706015517054
2023-03-17,-3.255703527515175
2023-03-18,-3.211260910175501
2023-03-19,-2.8974259183162347
2023-03-20,-3.5064507028073133
2023-03-21,-3.3750144114062
2023-03-22,-3.807549311578976
2023-03-23,-2.4503519946349868
2023-03-24,-3.2747994017476194
2023-03-25,-3.2891956606704302
2023-03-26,-3.407826879898817
2023-03-27,-3.2806618986231273
2023-03-28,-3.08467273165385
2023-03-29,-2.9207365924699205
2023-03-30,-3.312937682863186
2023-03-31,-3.235928462820628
2023-04-01,-2.710468230828578
2023-04-02,-3.13204041008903
2023-04-03,-3.180955568119655
2023-04-04,-3.2009500104641706
2023-04-05,-2.6559961940921606
2023-04-06,-3.175606561036706
2023-04-07,-3.1460444503842755
2023-04-08,-2.56177226062523
2023-04-09,-2.742437948305411
2023-04-10,-2.9959100712797286
2023-04-11,-3.910213632118592
2023-04-12,-2.31554870972013
2023-04-13,-3.671797298246185
2023-04-14,-2.398729605092252
2023-04-15,-2.010011826313362
2023-04-16,-3.7003205162606654
2023-04-17,-1.8404696873986126
2023-04-18,-2.7411664738982546
2023-04-19,-2.0006563521484857
2023-04-20,-1.9966770845100237
2023-04-21,-3.007096417815901
2023-04-22,-1.9348835217346292
2023-04-23,-1.589601107133565
2023-04-24,-1.6592710172117136
2023-04-25,-2.673882743168203
2023-04-26,-2.282011130015426
2023-04-27,-1.5659949974796208
2023-04-28,-1.943540634383038
2023-04-29,-2.384422309781504
2023-04-30,-2.5522035655959963
2023-05-01,-2.6756430952464028
2023-05-02,-1.5018403033315302
2023-05-03,-2.0207352096860873
2023-05-04,-3.0001927603682543
2023-05-05,-3.5653461944132308
2023-05-06,-2.06863752842593
2023-05-07,-1.1751806475396973
2023-05-08,-2.0915006279500443
2023-05-09,-1.5589436810720971
2023-05-10,-2.0645522759827952
2023-05-11,-2.4611118409933668
2023-05-12,-1.3942064546459587
2023-05-13,-1.6289549594174655
2023-05-14,-2.2018415558509363
2023-05-15,-1.7168408988547104
2023-05-16,-2.281550924248072
2023-05-17,-1.2517148652798535
2023-05-18,-1.680746489715161
2023-05-19,-3.0544341234049837
2023-05-20,-1.5014395244754435
2023-05-21,-1.2443887024562612
2023-05-22,-1.6361145368746264
2023-05-23,-1.896518970783018
2023-05-24,-2.783191137528388
2023-05-25,-2.208171231268679
2023-05-26,-2.792182483872297
2023-05-27,-3.2946131388098965
2023-05-28,-3.115988823826034
2023-05-29,-2.5197487408417074
2023-05-30,-2.93152744722221
2023-05-31,-3.5218918646652684
2023-06-01,-3.2793735989014747
2023-06-02,-3.656539012379144
2023-06-03,-2.394838170864869
2023-06-04,-2.726638217341203
2023-06-05,-2.460820938054639
2023-06-06,-2.186721529084668
2023-06-07,-3.3812778282007963
2023-06-08,-2.868031684094727
2023-06-09,-3.1775525029756952
2023-06-10,-3.270388519867659
2023-06-11,-3.1383817627107415
2023-06-12,-0.8551448321470072
2023-06-13,-1.6803702164531078
2023-06-14,-2.752217052382717
2023-06-15,-3.226444177946083
2023-06-16,-3.0744835887498634
2023-06-17,-1.0463202862508862
2023-06-18,-1.703299998839179
2023-06-19,-2.035978551180059
2023-06-20,-2.2161022043695504
2023-06-21,-3.725351337451071
2023-06-22,-3.0836300769510907
2023-06-23,-3.1372211283686675
2023-06-24,-3.6416478138810047
2023-06-25,-2.0318351854473873
2023-06-26,-4.482850046334577
2023-06-27,-3.6680601212798596
2023-06-28,-3.9363542590931555
2023-06-29,-2.023709827462178
2023-06-30,-1.80097036017899
2023-07-01,-1.7950656956222841
2023-07-02,-0.9119044220009322
2023-07-03,-1.5819970135604882
2023-07-04,-1.8917891106369515
2023-07-05,-2.8265840358581196
2023-07-06,-2.515698682294688
2023-07-07,-2.870052756485597
2023-07-08,-1.9222823907012945
2023-07-09,-3.781569805167715
2023-07-10,-3.527737568944812
2023-07-11,-3.784782693947376
2023-07-12,-3.4032406850248256
2023-07-13,-2.4336903098412486
2023-07-14,-3.0175101093616368
2023-07-15,-2.4854062975188116
2023-07-16,-2.773397841526154
2023-07-17,-3.6656758907801685
2023-07-18,-2.636115149219085
2023-07-19,-3.180406187259827
2023-07-20,-2.895893210032615
2023-07-21,-3.1994295600577187
2023-07-22,-3.079348430376011
2023-07-23,-2.4592190109246106
2023-07-24,-2.547666997380758
2023-07-25,-1.2108336943502689
2023-07-26,-1.1099775187223664
2023-07-27,-0.7641230885741387
2023-07-28,-1.2468675319005147
2023-07-29,-1.0595577845587703
2023-07-30,-1.847721989228785
2023-07-31,-1.608347053717351
2023-08-01,-2.352667636118635
2023-08-02,-2.9726492659533377
2023-08-03,-2.324280512546019
2023-08-04,-2.4990901663137395
2023-08-05,-2.4595045205947144
2023-08-06,-1.752894321852711
2023-08-07,-2.545168415898154
2023-08-08,-2.6560818976029945
2023-08-09,-3.238627416326543
2023-08-10,-2.8108294145049766
2023-08-11,-3.1890602949618607
2023-08-12,-3.0600314354507043
2023-08-13,-2.1507297687083526
2023-08-14,-2.1979297372870015
2023-08-15,-1.5540818176775886
2023-08-16,-4.037138969302194
2023-08-17,-3.024318032748145
2023-08-18,-2.6297309926846553
2023-08-19,-2.464567965419047
2023-08-20,-3.709407128022526
2023-08-21,-1.8766814562574696
2023-08-22,-3.0041568351607357
2023-08-23,-3.612850969022116
2023-08-24,-4.332624177816884
2023-08-25,-3.6112120044719687
2023-08-26,-3.5609668275491067
2023-08-27,-3.339873190556139
2023-08-28,-4.437434918527578
2023-08-29,-2.650960841737615
2023-08-30,-2.4144075159975116
2023-08-31,-2.671519733171417
2023-09-01,-2.8972450823610774
2023-09-02,-2.4170937376931954
2023-09-03,-4.048317121227084
2023-09-04,-1.2141184532858957
2023-09-05,-1.1009841355948773
2023-09-06,-1.7254685633374582
2023-09-07,-1.1898889339838348
2023-09-08,-1.348947866655516
2023-09-09,-0.20483096210591728
2023-09-10,-1.2576210490649342
2023-09-11,-0.9529121409372323
2023-09-12,-1.1676887185560516
2023-09-13,-0.9213736742221827
2023-09-14,-0.4980416168592795
2023-09-15,-1.0426733506255919
2023-09-16,-0.8331568805839104
2023-09-17,-0.28978876134453035
2023-09-18,-1.266909222742999
2023-09-19,-1.700662299106553
2023-09-20,-2.141479062794409
2023-09-21,-2.546918087680864
2023-09-22,-2.5588606797599156
2023-09-23,-1.9729274400726147
2023-09-24,-1.8237134511269544
2023-09-25,-2.073402734790355
2023-09-26,-2.439408906913405
2023-09-27,-3.8825608746303764
2023-09-28,-2.4393709547453715
2023-09-29,-3.041324798632703
2023-09-30,-2.5512566856967527
2023-10-01,-2.3933241285988003
2023-10-02,-2.814567028593548
2023-10-03,-2.883449357632229
2023-10-04,-3.02616595558398
2023-10-05,-1.7594078588239244
2023-10-06,-2.4635520796008787
2023-10-07,-2.6071305908523357
2023-10-08,-2.563242889841042
2023-10-09,-3.144473486633748
2023-10-10,-3.0507465173268367
2023-10-11,-2.4934825441220956
2023-10-12,-1.9559237554632953
2023-10-13,-3.7677686914558093
2023-10-14,-3.4578647550938335
2023-10-15,-3.870828649719482
2023-10-16,-2.56734583106921
2023-10-17,-2.8495781846512274
2023-10-18,-1.3701531842687402
2023-10-19,-0.4931155908990955
2023-10-20,-3.0545230527813647
2023-10-21,-2.897713124323695
2023-10-22,-3.3529973427125963
2023-10-23,-2.8760102876572824
2023-10-24,-3.454943400537275
2023-10-25,-2.1666367808883287
2023-10-26,-2.855297924980389
2023-10-27,-3.0693985625016613
2023-10-28,-3.117923344717482
2023-10-29,-1.9626567689010186
2023-10-30,-2.651218605496222
2023-10-31,-2.038953954528538
2023-11-01,-1.6414699113187583
2023-11-02,-1.9512525961523195
2023-11-03,-1.6900789869783164
2023-11-04,-2.8179307331890837
2023-11-05,-1.6565637014620147
2023-11-06,-1.319273218853926
2023-11-07,-2.349350867164087
2023-11-08,-2.0561125271254204
2023-11-09,-2.583294173214582
2023-11-10,-3.127185893076181
2023-11-11,-2.7942039871786544
2023-11-12,-2.3062516360116785
2023-11-13,-1.526886244743344
2023-11-14,-3.0248844421039616
2023-11-15,-1.39896904126555
2023-11-16,-1.7186123514940788
2023-11-17,-1.3834932005147436
2023-11-18,-2.437674496564879
2023-11-19,-2.2841130663248213
2023-11-20,-1.7936961526802366
2023-11-21,-1.9353634123558525
2023-11-22,-1.6167382348133956
2023-11-23,-1.5533437887483141
2023-11-24,-1.2457543058388945
2023-11-25,-1.4238007315966146
2023-11-26,-1.1445648842278704
2023-11-27,-2.2249154137209706
2023-11-28,-2.515699152925985
2023-11-29,-2.256643236342671
2023-11-30,-2.179519320479002
2023-12-01,-2.7978498986740172
2023-12-02,-2.8183278575720268
2023-12-03,-2.769313311034999
2023-12-04,-1.94054372764122
2023-12-05,-2.674156483136823
2023-12-06,-2.342162896423681
2023-12-07,-3.454924738270799
2023-12-08,-3.014442016304507
2023-12-09,-2.3551065392097996
2023-12-10,-3.6494968419110663
2023-12-11,-3.0224616766329735
2023-12-12,-2.2716543792889365
2023-12-13,-1.7486358649361136
2023-12-14,-2.612667242193854
2023-12-15,-1.6220681391428067
2023-12-16,-1.8119496513347317
2023-12-17,-3.1386432407413123
2023-12-18,-2.846985142858897
2023-12-19,-2.205399792747091
2023-12-20,-3.1039407059740745
2023-12-21,-3.700809281475853
2023-12-22,-2.989812424485331
2023-12-23,-3.8066883063980024
2023-12-24,-2.763524046093361
2023-12-25,-1.7709150214232228
2023-12-26,-2.6015851004508885
2023-12-27,-1.4514676978675525
2023-12-28,-1.8639097076432187
2023-12-29,-2.622486502473779
2023-12-30,-2.5673859327814847
2023-12-31,-2.01307206048723
2024-01-01,-3.06642311803965
2024-01-02,-3.4755425891492706
2024-01-03,-2.2207712378061593
2024-01-04,-2.6600880120394703
2024-01-05,-3.8888216960962607
2024-01-06,-3.754917513153741
2024-01-07,-4.479947649150382
2024-01-08,-3.411184566278856
2024-01-09,-2.6318735008679086
2024-01-10,-3.7453019308967086
2024-01-11,-2.927859586337897
2024-01-12,-2.6326014168427254
2024-01-13,-2.165530091390027
2024-01-14,-2.8844494561007723
2024-01-15,-1.6817356426983667
2024-01-16,-2.303895537974332
2024-01-17,-2.2573705596929377
2024-01-18,-2.2518196036891984
2024-01-19,-3.242032085787226
2024-01-20,-3.3962602485916884
2024-01-21,-0.12815062907942665
2024-01-22,-1.9743654243790203
2024-01-23,-3.2970124958350624
2024-01-24,-2.734997074852695
2024-01-25,-3.1773763650371687
2024-01-26,-2.391037824434157
2024-01-27,-1.0297610673913509
2024-01-28,-2.844504087785556
2024-01-29,-1.8928089904954115
2024-01-30,-2.461101331170826
2024-01-31,-3.162093976315078
2024-02-01,-3.307848637975751
2024-02-02,-2.848285091122488
2024-02-03,-2.842295152901822
2024-02-04,-2.9479938634298533
2024-02-05,-3.5256588209173185
2024-02-06,-1.447296388527804
2024-02-07,-1.8977366916232372
2024-02-08,-3.066700293250901
2024-02-09,-2.6839055761662425
2024-02-10,-1.7772642057340855
2024-02-11,-0.8897335772738735
2024-02-12,-2.7750124420091904
2024-02-13,-1.4761842410776176
2024-02-14,-2.430993282712288
2024-02-15,-1.8216005451984867
2024-02-16,-2.3080095264031386
2024-02-17,-3.473404636579315
2024-02-18,-3.0626872618091423
2024-02-19,-2.4502034056952637
2024-02-20,-0.5529539343159655
2024-02-21,-0.8583064351757155
2024-02-22,-2.7470567343071393
2024-02-23,-2.5668358606003228
2024-02-24,-2.4998355318790706
2024-02-25,-2.365008625347248
2024-02-26,-2.534193442284837
2024-02-27,-1.9089026440828432
2024-02-28,-1.5314740846631314
2024-02-29,-1.1861489104748408
2024-03-01,-1.5685365127740925
2024-03-02,-2.8106363220444552
2024-03-03,-1.7641571611875908
2024-03-04,-2.5970843076599546
2024-03-05,-3.508090602224297
2024-03-06,-2.622039712454187
2024-03-07,-2.5780315454298686
2024-03-08,-2.946353384147054
2024-03-09,-4.506695537226746
2024-03-10,-2.789935860566499
2024-03-11,-2.734786577751004
2024-03-12,-2.3752520985978207
2024-03-13,-2.4052759181578858
2024-03-14,-2.278080025587177
2024-03-15,-2.212074779560103
2024-03-16,-1.4200913019474974
2024-03-17,-1.9777611179289993
2024-03-18,-1.7732241966467508
2024-03-19,-2.176089674989011
2024-03-20,-1.5236063619057152
2024-03-21,-2.2024680369997576
2024-03-22,-2.07185175891914
2024-03-23,-2.3446992325471507
2024-03-24,-2.234356771340813
2024-03-25,-2.114901118484665
2024-03-26,-2.7959449437837955
2024-03-27,-2.54736865978369
2024-03-28,-2.0415640341094514
2024-03-29,-3.789665686880842
2024-03-30,-3.4838616211881055
2024-03-31,-2.0155152368377722
2024-04-01,-2.4986845315352673
2024-04-02,-2.619066119302228
2024-04-03,-2.5884864256433784
2024-04-04,-2.1287588297588265
2024-04-05,-2.399449298741192
2024-04-06,-1.4969194504371193
2024-04-07,-2.4530580694767252
2024-04-08,-2.2868874913300234
2024-04-09,-0.7126228981306917
2024-04-10,-1.3005114751578057
2024-04-11,-2.481224903068545
2024-04-12,-1.331637816648865
2024-04-13,-0.37534352418831984
2024-04-14,0.7100442797619702
2024-04-15,-2.4326774639649322
2024-04-16,-2.264149225693253
2024-04-17,-2.190474373123131
2024-04-18,-2.642537367158839
2024-04-19,-1.6184175668064293
2024-04-20,-1.6586021508752182
2024-04-21,-2.373812141120382
2024-04-22,-2.4972862870785195
2024-04-23,-2.5556652345875963
2024-04-24,-2.0123309988349676
2024-04-25,-2.2097055222521207
2024-04-26,-2.5537442946336686
2024-04-27,-3.468205631987823
2024-04-28,-1.526252255619185
2024-04-29,-2.5230468350042976
2024-04-30,-3.4314698864884927
2024-05-01,-2.257805482920394
2024-05-02,-3.425487163336479
2024-05-03,-3.0209062686019914
2024-05-04,-2.496994829913459
2024-05-05,-2.855408789648872
2024-05-06,-3.000066318468976
2024-05-07,-3.661534253193565
2024-05-08,-2.5827014803994506
2024-05-09,-2.894952901470297
2024-05-10,-2.364647122154844
2024-05-11,-2.0215951441154756
2024-05-12,-2.2450338810260426
2024-05-13,-3.304529200489766
2024-05-14,-2.2940506775245377
2024-05-15,-2.1151288252232905
2024-05-16,-2.8423021243729787
2024-05-17,-3.014083235180502
2024-05-18,-1.969410330421326
2024-05-19,-0.47967014535446995
2024-05-20,-2.3954510387376073
2024-05-21,-2.549704874023595
2024-05-22,-1.4249522074550245
2024-05-23,-2.5148653629859674
2024-05-24,-2.152074782622819
2024-05-25,-2.127671703838829
2024-05-26,-2.385694175543484
2024-05-27,-1.9503738902040455
2024-05-28,-2.11171585072186
2024-05-29,-3.780656998749123
2024-05-30,-3.438804371061254
2024-05-31,-2.425324189255389
2024-06-01,-3.591728852311726
2024-06-02,-3.434542822581179
2024-06-03,-3.155574567885869
2024-06-04,-3.2860405116697162
2024-06-05,-2.257899494590258
2024-06-06,-2.5054148509632332
2024-06-07,-2.8842858650899728
2024-06-08,-3.4463240244407127
2024-06-09,-3.85466796690331
2024-06-10,-2.8708810915354763
2024-06-11,-3.5218593887396694
2024-06-12,-2.1755972788416886
2024-06-13,-2.3008934214840098
2024-06-14,-1.866718090360805
2024-06-15,-2.497222713470385
2024-06-16,-2.803655581218578
2024-06-17,-1.2973627065238158
2024-06-18,-1.0091206934672625
2024-06-19,0.383179441742198
2024-06-20,-0.6534483989250125
2024-06-21,-1.7123040219610774
2024-06-22,-1.5417372744314861
2024-06-23,-1.3175803751101363
2024-06-24,-2.167663324684935
2024-06-25,-2.0943890720574947
2024-06-26,-2.820182532633958
2024-06-27,-2.0935447468919843
2024-06-28,-2.6873647029907843
2024-06-29,-1.6073140520845361
2024-06-30,-2.857370015892704
2024-07-01,-2.5865208100258013
2024-07-02,-1.947363058384978
2024-07-03,-2.3001933974790463
2024-07-04,-1.5999753440368905
2024-07-05,-2.191835098389184
2024-07-06,-2.165156904577162
2024-07-07,-0.8992120800517376
2024-07-08,-2.3452616343834007
2024-07-09,-1.3518734492649753
2024-07-10,-1.4153154924632727
2024-07-11,-1.4498694948943815
2024-07-12,-1.6865379315183449
2024-07-13,-2.236648871389173
2024-07-14,-3.3876044354547195
2024-07-15,-1.8985465271769835
2024-07-16,-3.495097124952923
2024-07-17,-2.8371613271552256
2024-07-18,-2.0869354616310978
2024-07-19,-1.615868906567071
2024-07-20,-3.334974742875589
2024-07-21,-2.9374286799266134
2024-07-22,-2.3795654875096135
2024-07-23,-1.5492492896277688
2024-07-24,-2.699258620380783
2024-07-25,-2.569641951028825
2024-07-26,-2.6376926368190783
2024-07-27,-2.016805787062123
2024-07-28,-2.0289319725789463
2024-07-29,-2.3501587064927025
2024-07-30,-1.5792993113809253
2024-07-31,-2.0016071004563964
2024-08-01,-2.0156449151045797
2024-08-02,-1.9575911953381686
2024-08-03,-4.048346249625623
2024-08-04,-2.4759195304485884
2024-08-05,-2.482920622864045
2024-08-06,-3.4124739822235286
2024-08-07,-1.8283702948140532
2024-08-08,-3.0408684539494706
2024-08-09,-2.3648696315567084
2024-08-10,-2.5463788868826986
2024-08-11,-3.596952742129953
2024-08-12,-2.8444880964934223
2024-08-13,-1.8699231003018395
2024-08-14,-1.449301294645334
2024-08-15,-0.5796978192112553
2024-08-16,-0.4332953444230549
2024-08-17,-0.7438723055655193
2024-08-18,-3.2360929941602317
2024-08-19,-3.419599718495334
2024-08-20,-3.090206996093127
2024-08-21,-2.1437444268714674
2024-08-22,-1.5256449916858843
2024-08-23,-1.9081959543214018
2024-08-24,-1.7305337044638862
2024-08-25,-2.676694623775132
2024-08-26,-3.8474764044079297
2024-08-27,-5.7981075447250765
2024-08-28,-2.951713383918583
2024-08-29,-2.897650986836543
2024-08-30,-2.2970081405728373
2024-08-31,-1.711051735621035
2024-09-01,-3.6278313746369815
2024-09-02,-2.4543338690880603
2024-09-03,-2.2050062720191232
2024-09-04,-4.736874791111157
2024-09-05,-3.85735141616657
2024-09-06,-3.1523665326527244
2024-09-07,-2.603997456234209
2024-09-08,-2.4536648168725312
2024-09-09,-0.3434470770699734
2024-09-10,-2.0083285934815978
2024-09-11,-2.0993799256721832
2024-09-12,-3.30857588454943
2024-09-13,-1.3634867045776955
2024-09-14,-0.13931628141715674
2024-09-15,-2.1642147410512025
2024-09-16,-1.6372137921973526
2024-09-17,-1.7204207133967737
2024-09-18,-2.3762561512383105
2024-09-19,-2.2115025199420733
2024-09-20,-3.2651800391273915
2024-09-21,-6.091881448102393
2024-09-22,-3.023963260361212
2024-09-23,-2.6534051859584515
2024-09-24,-2.0913929695770053
2024-09-25,-2.525374481461156
2024-09-26,-1.5147239696587134
2024-09-27,-1.94126030979656
2024-09-28,-2.187160183436963
2024-09-29,-3.3712989239672626
2024-09-30,-2.0179034680223356
2024-10-01,-2.251758687986076
2024-10-02,-3.0369714137483483
2024-10-03,-2.945814785618983
2024-10-04,-3.31731327484623
2024-10-05,-2.435385710672083
2024-10-06,-0.36753092002175575
2024-10-07,-0.959100188194385
2024-10-08,-1.9677812076198067
2024-10-09,-2.0625306764881084
2024-10-10,-2.3314116640060134
2024-10-11,-3.3495604262612013
2024-10-12,-3.1992086172457292
2024-10-13,-3.828353597606687
2024-10-14,-3.226571601154136
2024-10-15,-3.563273897324546
2024-10-16,-3.3337891406587032
2024-10-17,-2.9603268677876597
2024-10-18,-2.0329548133917643
2024-10-19,-2.4672100167586097
2024-10-20,-2.6598299455691374
2024-10-21,-2.434555011264003
2024-10-22,-2.7625721662840506
2024-10-23,-2.135356881792501
2024-10-24,-2.381168046238747
2024-10-25,-2.5999767171613875
2024-10-26,-2.619644399816
2024-10-27,-2.365276191346286
2024-10-28,-2.8645110240951395
2024-10-29,-2.3269912759410265
2024-10-30,-2.3349123461224393
2024-10-31,-2.4864254231037473
2024-11-01,-1.7285731956165693
2024-11-02,-2.070263487739874
2024-11-03,-2.2257586687556397
2024-11-04,-2.0574446837529337
2024-11-05,-2.4260764329911577
2024-11-06,-2.666954141629983
2024-11-07,-1.967637983877307
2024-11-08,-2.6106534739197453
2024-11-09,-2.8454480594143825
2024-11-10,-2.3266387285859205
2024-11-11,-2.549058470635955
2024-11-12,-1.612908155415226
2024-11-13,-2.174230433154694
2024-11-14,-2.2410618334839953
2024-11-15,-2.6435906199965884
2024-11-16,-2.286528784410817
2024-11-17,-2.3684813185980484
2024-11-18,-2.731503047852104
2024-11-19,-2.487828678740563
2024-11-20,-2.331484418726355
2024-11-21,-2.110949014964052
2024-11-22,-2.5320428544138007
2024-11-23,-2.507770590604617
2024-11-24,-2.850868425725147
2024-11-25,-2.8404908729891036
2024-11-26,-2.770956962626712
2024-11-27,-1.6185490997699459
2024-11-28,-2.9025118084842783
2024-11-29,-0.7555545732100055
2024-11-30,-0.5466743533805744
2024-12-01,-2.185744285193923
2024-12-02,-2.2611329449748356
2024-12-03,-4.043466117383603
2024-12-04,-4.364840447139684
2024-12-05,-2.948170058295001
2024-12-06,-3.4984481049259326
2024-12-07,-4.037009852245754
2024-12-08,-3.4637647066383384
2024-12-09,-4.117447586115784
2024-12-10,-2.7973936703806133
2024-12-11,-3.2738442232516736
2024-12-12,-4.599564382072973
2024-12-13,-3.7572753103388443
2024-12-14,-4.095045407781395
2024-12-15,-3.246939401233517
2024-12-16,-4.354044403993496
2024-12-17,-4.323138572585854
2024-12-18,-4.2786257759826265
2024-12-19,-4.367316404591755
2024-12-20,-4.05467546957746
2024-12-21,-3.1659926917779986
2024-12-22,-3.8963044325594245
2024-12-23,-3.589667960049945
2024-12-24,-3.7061317658331334
2024-12-25,-3.289997090495997
2024-12-26,-3.5391212173891806
2024-12-27,-3.810034420111296
2024-12-28,-4.900336003204337
2024-12-29,-3.4832891692787427
2024-12-30,-1.8862433104394305
2024-12-31,-0.9901274226141997
2025-01-01,-1.6971489830872135
2025-01-02,-2.917747088846286
2025-01-03,-4.370649360044085
2025-01-04,-3.469653150519774
2025-01-05,-4.134899119867201
2025-01-06,-2.9233645549087584
2025-01-07,-2.5316562607624045
2025-01-08,-2.811625011971518
2025-01-09,-2.9499836004805244
2025-01-10,-3.506328695875007
2025-01-11,-3.717354113459201
2025-01-12,-3.704497840716861
2025-01-13,-3.4829843541506245
2025-01-14,-3.428761076863217
2025-01-15,-4.430699541758157
2025-01-16,-3.5882550025959503
2025-01-17,-3.649798708093545
2025-01-18,-3.929619030522136
2025-01-19,-3.529125125421714
2025-01-20,-3.3208282194436776
2025-01-21,-2.423526586145555
2025-01-22,-3.097802786302249
2025-01-23,-3.22797220667212
2025-01-24,-2.4498653392928342
2025-01-25,-3.0386176138961103
2025-01-26,-3.0550065581345116
2025-01-27,-2.952843693168079
2025-01-28,-3.1326639247743
2025-01-29,-1.7868070714898663
2025-01-30,-2.502503407017848
2025-01-31,-2.866873513714415
2025-02-01,-3.336158206311887
2025-02-02,-4.480096540721002
2025-02-03,-3.2215802055814544
2025-02-04,-2.899376979765888
2025-02-05,-3.389984017341845
2025-02-06,-2.8568561168449063
2025-02-07,-3.6482448079972523
2025-02-08,-2.197875396416311
2025-02-09,-1.6901031973596397
2025-02-10,-2.3924730847319635
2025-02-11,-2.4447556904116405
2025-02-12,-3.608767681455677
2025-02-13,-3.035580922853431
2025-02-14,-2.620536483375352
2025-02-15,-1.9665503013347374
2025-02-16,-1.0744769493139752
2025-02-17,-1.6820028292241744
2025-02-18,-2.4547648242351565
2025-02-19,-3.045763755368843
2025-02-20,-3.290090333284823
2025-02-21,-2.000071551258024
2025-02-22,-3.542758025098291
2025-02-23,-2.711610826747714
2025-02-24,-3.5398515294336397
2025-02-25,-3.8105824943583158
2025-02-26,-1.8627711461900485
2025-02-27,-2.1972205926589985
2025-02-28,-2.3599219657378727
2025-03-01,-2.071140158407216
2025-03-02,-1.783380671457685
2025-03-03,-2.8044040640471857
2025-03-04,-3.053088507785453
2025-03-05,-2.366358813205768
2025-03-06,-3.1292922854993472
2025-03-07,-2.6531840867190546
2025-03-08,-2.706154645903811
2025-03-09,-2.554646947050547
2025-03-10,-3.333690057552975
2025-03-11,-2.801171553219655
2025-03-12,-3.5907659019710074
2025-03-13,-3.0428478226114004
2025-03-14,-1.9797532774005815
2025-03-15,-2.216156066456858
2025-03-16,-2.181300440061161
2025-03-17,-1.9222637536812421
2025-03-18,-2.519106839172952
2025-03-19,-2.598993707366456
2025-03-20,-1.9380963440831986
2025-03-21,-1.0044034819092675
2025-03-22,-0.08628335844028727
2025-03-23,-1.9972844085786645
2025-03-24,-3.255141182015587
2025-03-25,-2.02688572473297
2025-03-26,-2.749322964903708
2025-03-27,-1.889038262024462
2025-03-28,-2.0367625898919126
2025-03-29,-3.084375111450173
2025-03-30,-1.8558078114363714
2025-03-31,-2.0966756618922693
2025-04-01,-1.4431294336225848
2025-04-02,-2.9568493084456984
2025-04-03,-2.690127492116182
2025-04-04,-3.3489318807855377
2025-04-05,-1.526757548328347
2025-04-06,-2.055604479785527
2025-04-07,-2.4503550046404934
2025-04-08,-3.8681302726598674
2025-04-09,-3.287108731269638
2025-04-10,-2.730314991808001
2025-04-11,-2.5956870428461523
2025-04-12,-3.4446973286034233
2025-04-13,-3.067450649845207
2025-04-14,-1.003183448329054
2025-04-15,-1.2520956853643244
2025-04-16,-2.4629653593119585
2025-04-17,-3.315668167855128
2025-04-18,-1.805847090479137
2025-04-19,-3.009154562004965
2025-04-20,-3.193813804230134
2025-04-21,-1.7821577242607223
2025-04-22,-2.9717079177682266
2025-04-23,-1.7074624677474128
2025-04-24,-3.8141551242875757
2025-04-25,-3.265209652111095
2025-04-26,-1.684018329673507
2025-04-27,-1.5163004823889823
2025-04-28,-0.6567793335940303
2025-04-29,-1.0738507537217383
2025-04-30,-2.368941511950964
2025-05-01,-1.30196527392084
2025-05-02,-1.6498276926442033
2025-05-03,-1.3237441363262
2025-05-04,-0.833590785067511
2025-05-05,-1.5853849862695166
2025-05-06,-1.688234868268641
2025-05-07,-2.216822775136621
2025-05-08,-2.687480243333037
2025-05-09,-0.9258393306716333
2025-05-10,-1.3165564114035084
2025-05-11,-1.4349050343831977
2025-05-12,-1.5879648074911286
2025-05-13,-1.9383090139481258
2025-05-14,-2.6989574264146285
2025-05-15,-2.158476188166875
2025-05-16,-3.2234874109774454
2025-05-17,-2.791571342443094
2025-05-18,-3.124280122979722
2025-05-19,-3.323097391930853
2025-05-20,-1.789037691769031
2025-05-21,-2.289259080651844
2025-05-22,-4.859940853190426
2025-05-23,-4.025266391209065
2025-05-24,-2.925280265494392
2025-05-25,-4.878516112062159
2025-05-26,-3.475422779527653
2025-05-27,-2.9241785473431543
2025-05-28,-0.9797474810495792
2025-05-29,-2.108217130646019
2025-05-30,-2.581493309428928
2025-05-31,-2.7837377400568295
2025-06-01,-2.4241818102800097
2025-06-02,-3.667105053263551
2025-06-03,-2.4722764404529882
2025-06-04,-1.0081696153686481
2025-06-05,-0.27964143995408425
2025-06-06,-2.2211537144857587
2025-06-07,-3.057858814249757
2025-06-08,-2.792133997466962
2025-06-09,-2.8421516450855893
2025-06-10,-2.7762498723548026
2025-06-11,-1.9918342945526142
2025-06-12,-1.3263978093288764
2025-06-13,-2.221563561543336
2025-06-14,-2.6180245252339436
2025-06-15,1.10864745011086
2025-06-16,0.233100233100229
2025-06-17,-4.81144343302991
2025-06-18,0.421940928270046
2025-06-19,
2025-06-20,
2025-06-21,-1.17072977600934
2025-06-22,-0.997150997151
2025-06-23,
2025-06-24,
2025-06-25,0.11144077023085186
2025-06-26,-0.4233086406630332
2025-06-27,-1.7386091127098324
2025-06-28,0.13803607977533
2025-06-29,-1.27462162431967
2025-06-30,0.045335362696716563
2025-07-01,
2025-07-02,-2.145168069973014
2025-07-03,-2.303630438984063
2025-07-04,-2.8921316699636144
2025-07-05,-2.72983064286868
2025-07-06,-2.9893499672851442
2025-07-07,-2.089187930630475
2025-07-08,-2.421676855976381
2025-07-09,-1.3865091140785701
2025-07-10,-3.3117660691589386
2025-07-11,-0.8585039272360758
2025-07-12,0.4265034870957373
2025-07-13,0.606837929883612
2025-07-14,-0.48035458616430693
2025-07-15,-1.2492640949374352
2025-07-16,-2.0005465464559506
2025-07-17,-3.0266521481757094
2025-07-18,-1.1852464737081512
2025-07-19,-2.205502371187622
2025-07-20,-1.947529314962486
2025-07-21,-2.677502974874833
2025-07-22,-2.593325626893718
2025-07-23,-1.709644742235749
2025-07-24,-2.644012087125318
2025-07-25,-3.618776469532021
2025-07-26,-2.068310796902136
2025-07-27,-0.6312038079688382
2025-07-28,-1.4375637829526686
2025-07-29,-0.9632150503853036
2025-07-30,-1.0991347571707994
2025-07-31,-0.8714351120410252
2025-08-01,-1.162255958094098
2025-08-02,-1.1255583618163538
2025-08-03,-1.2839094655512058
2025-08-04,-2.8008758695697464
2025-08-05,-3.1729177658170764
2025-08-06,-3.187153198972007
2025-08-07,-2.741672563555752
2025-08-08,-1.9248836290108828
2025-08-09,-3.991148513490498
2025-08-10,-3.109680185885053
2025-08-11,-3.6284453621549786
2025-08-12,-1.763116912127737
2025-08-13,0.5170421231042716
2025-08-14,-1.3019467064429888
2025-08-15,0.5565676540143254
2025-08-16,0.1092102994493573
2025-08-17,-0.8771079354036211
2025-08-18,-0.9491815971092494
2025-08-19,-2.326176863077262
2025-08-20,-2.5900179825272676
2025-08-21,-0.9601686952660968
2025-08-22,-1.2169193705922408
2025-08-23,-4.108861788835028
2025-08-24,-2.405249527342865
2025-08-25,-0.9949708627188505
2025-08-26,-0.7136407361333882
2025-08-27,-2.294833612096991
2025-08-28,-0.7026592187972057
2025-08-29,-0.8826625888699318
2025-08-30,-0.8002171678761789
2025-08-31,-1.4774599032362694
2025-09-01,-0.770312827396569
2025-09-02,-0.5992952000017655
2025-09-03,-0.4662320072966837
2025-09-04,-0.21092141292253416
2025-09-05,-0.5116484854875658
2025-09-06,-1.995938336299315
2025-09-07,-1.170255075163454
2025-09-08,-1.2433458521432632
2025-09-09,0.09406036830103388
2025-09-10,-1.6544862954129698
2025-09-11,-1.2738946616513336
2025-09-12,-4.103576370709938
2025-09-13,-1.519825848842495
2025-09-14,-3.4365649753757506
2025-09-15,-3.426992974746651
2025-09-16,-2.8179126626971525
2025-09-17,-2.122751213589881
2025-09-18,-1.969725720889269
2025-09-19,-1.0274630458971803
2025-09-20,-2.6748230443768284
2025-09-21,-2.100915525051931
2025-09-22,-1.1647319399439553
2025-09-23,-0.8464664034753641
2025-09-24,-1.6362704984138294
2025-09-25,-1.4799706153572834
2025-09-26,-2.6345997697699404
2025-09-27,-0.6377092471635903
2025-09-28,-0.3282886377009656
2025-09-29,-0.6704055122760397
2025-09-30,-1.2447781394830548
2025-10-01,-1.549408400831021
2025-10-02,-1.2137040236869734
2025-10-03,-2.8404971523757636
2025-10-04,-2.228920046871558
2025-10-05,-0.8978433153932134
2025-10-06,-1.6706999152591633
2025-10-07,0.8504590421836085
2025-10-08,-0.31869788167018875
2025-10-09,1.6578828274936137
2025-10-10,2.06495300188594
2025-10-11,2.156060463287401
2025-10-12,1.068480338733039
2025-10-13,-0.06990286864568107
2025-10-14,-0.3521480459338029
2025-10-15,-2.424218707922842
2025-10-16,-3.165609855276479
2025-10-17,-1.2506628967308395
2025-10-18,-0.9636050624658107
2025-10-19,-1.2009462773295587
2025-10-20,-1.1862091044332947
2025-10-21,-1.5467421898824463
2025-10-22,-1.7860067215599376
2025-10-23,-1.564781778147351
2025-10-24,-0.6002917600418011
2025-10-25,-0.42592165705772145
2025-10-26,-0.4411130522351567
2025-10-27,0.13565065002740576
2025-10-28,-0.24126225303379617
2025-10-29,-0.016411188161333207
2025-10-30,-0.3280716903099392
2025-10-31,-1.2208069294200004
2025-11-01,-0.9140552806175968
2025-11-02,-1.453372362401613
2025-11-03,-1.278387857476333
2025-11-04,-0.8415435717367264
2025-11-05,-1.3202806011985802
2025-11-06,-3.4358447422592153
2025-11-07,-2.18975330230872
2025-11-08,-3.4971921997046
2025-11-09,-2.3329937636762996
2025-11-10,-5.976978366016961
2025-11-11,-2.366995866835837
2025-11-12,-2.297628305832796
2025-11-13,-0.5538628686893841
2025-11-14,-2.9483304495091027
2025-11-15,-3.4383034019451886
2025-11-16,-2.393477978517289
2025-11-17,-3.5679589382956287
2025-11-18,-1.8103021204679333
2025-11-19,-2.3721994289709043
2025-11-20,-2.069388290115976
2025-11-21,-2.5799347369217402
2025-11-22,-1.9729113115522172
2025-11-23,-1.096279133868278
2025-11-24,-2.968494668538513
2025-11-25,-3.271155208981382
2025-11-26,-2.574719800267233
2025-11-27,-1.2949966116225304
2025-11-28,-1.9797281561075835
2025-11-29,-2.649520424901059
2025-11-30,-1.2672278444699987
2025-12-01,-3.3141823878982093
2025-12-02,-1.6472231152457606
2025-12-03,-2.3099793344676844
2025-12-04,-3.0996427964257816
2025-12-05,-2.918403296735745
2025-12-06,-1.4764362458144398
2025-12-07,-2.419429850955481
2025-12-08,-0.7717966301786565
2025-12-09,-0.7965386315689161
2025-12-10,-0.3859223677904693
2025-12-11,-0.9006074609398557
2025-12-12,-0.9539089795733555
2025-12-13,0.2801330283168544
2025-12-14,-1.7460801306722131
2025-12-15,-2.983679362676246
2025-12-16,-1.8611123899991207
2025-12-17,-0.7277591113740504
2025-12-18,-2.2431028848028056
2025-12-19,-2.1352871899811348
2025-12-20,-2.7120064818631593
2025-12-21,-1.5919747724992444
2025-12-22,-2.965016851522043
2025-12-23,-1.9484294321480797
2025-12-24,-1.3688482915709181
2025-12-25,-0.834806892728783
2025-12-26,-2.020643994313178
2025-12-27,-1.0906429850478288
2025-12-28,-1.0349369662949337
2025-12-29,-1.5224750665621154
2025-12-30,-1.8422049716447817
2025-12-31,-0.9791704143854992
