date,value
2015-02-18,3.2928416378945085
2015-02-19,3.649537760495768
2015-02-20,3.54746181488607
2015-02-21,3.6267502191839966
2015-02-22,3.1850232504433222
2015-02-23,3.5123035340745528
2015-02-24,3.7312358178003766
2015-02-25,3.495283075610522
2015-02-26,3.7501112144978372
2015-02-27,3.6715870189113406
2015-02-28,3.574635414382794
2015-03-01,3.7087484188501176
2015-03-02,3.6167518311849634
2015-03-03,3.595207163625163
2015-03-04,3.6438680974278106
2015-03-05,3.685525030378588
2015-03-06,3.6419334895120477
2015-03-07,3.466868299335662
2015-03-08,3.4882686435029657
2015-03-09,3.71913436324031
2015-03-10,3.719971819414907
2015-03-11,3.6258121615631707
2015-03-12,3.5004176999977514
2015-03-13,3.594842093137168
2015-03-14,3.4774205506967553
2015-03-15,3.391533884125187
2015-03-16,3.4528173008845715
2015-03-17,3.495149710823454
2015-03-18,3.337101165187978
2015-03-19,3.440116227112816
2015-03-20,3.4877013329346287
2015-03-21,3.3969772616797185
2015-03-22,3.490679005520839
2015-03-23,3.7462615410364495
2015-03-24,3.7505726460572775
2015-03-25,3.4915581942090452
2015-03-26,3.635802456202371
2015-03-27,3.6939079224285467
2015-03-28,3.701744005959995
2015-03-29,3.5336937424098283
2015-03-30,3.3900588248621064
2015-03-31,3.7065041272061254
2015-04-01,3.6871001566908803
2015-04-02,3.5729357799543333
2015-04-03,3.614678057822461
2015-04-04,3.5186381606564114
2015-04-05,3.5887783019299313
2015-04-06,3.579923814781245
2015-04-07,3.4594711832445038
2015-04-08,3.708886248378107
2015-04-09,3.553465569792305
2015-04-10,3.371828084010414
2015-04-11,3.561630722875447
2015-04-12,3.4912414735186776
2015-04-13,3.469340708056276
2015-04-14,3.2840341581696273
2015-04-15,3.5619174549424635
2015-04-16,3.4999573279193434
2015-04-17,3.508558169645429
2015-04-18,3.5029711198772815
2015-04-19,3.2824120636994314
2015-04-20,3.7204073792318018
2015-04-21,3.47388724317044
2015-04-22,3.542041799914137
2015-04-23,3.436555688126318
2015-04-24,3.4518486906676773
2015-04-25,3.473364155091198
2015-04-26,3.409263571588252
2015-04-27,3.5069724347888025
2015-04-28,3.5612318867311035
2015-04-29,3.682669439634408
2015-04-30,3.530601746908078
2015-05-01,3.3741009073084287
2015-05-02,3.413031152966662
2015-05-03,3.460936209673527
2015-05-04,3.440267896018699
2015-05-05,3.3984168346488417
2015-05-06,3.575818860239034
2015-05-07,3.627361272944543
2015-05-08,3.4908661465519657
2015-05-09,3.622308235477904
2015-05-10,3.3739822864159215
2015-05-11,3.550145368758995
2015-05-12,3.584459832429969
2015-05-13,3.458949833906021
2015-05-14,3.386689602159159
2015-05-15,3.423290565507283
2015-05-16,3.174932141912865
2015-05-17,3.4028288113610197
2015-05-18,3.479585964121754
2015-05-19,3.2647394458962125
2015-05-20,3.38490051621649
2015-05-21,3.4424902907161643
2015-05-22,3.485730376743228
2015-05-23,3.348330191669088
2015-05-24,3.46163556999414
2015-05-25,3.4586544947196383
2015-05-26,3.307270713536458
2015-05-27,3.2106505485064045
2015-05-28,3.4388580774100426
2015-05-29,3.5085150863530967
2015-05-30,3.492694969985558
2015-05-31,3.3729603300007147
2015-06-01,3.3691921772963647
2015-06-02,3.3902745554571365
2015-06-03,3.5161868002732226
2015-06-04,3.40265547522964
2015-06-05,3.5876422472738563
2015-06-06,3.4446923537958978
2015-06-07,3.163520762579694
2015-06-08,3.341305954131369
2015-06-09,3.6324180397768355
2015-06-10,3.48250037364024
2015-06-11,3.487278843335561
2015-06-12,3.7664988037850695
2015-06-13,3.4241689913352817
2015-06-14,3.5590561411502124
2015-06-15,3.6857504560948082
2015-06-16,3.7119982960595737
2015-06-17,3.683112229146123
2015-06-18,3.649005846562192
2015-06-19,3.502518038810557
2015-06-20,3.40693486987982
2015-06-21,3.509909949058503
2015-06-22,3.592209475113867
2015-06-23,3.621007709751807
2015-06-24,3.7563733514945197
2015-06-25,3.5560054900526668
2015-06-26,3.549648163042336
2015-06-27,3.463854413024211
2015-06-28,3.190400914449961
2015-06-29,3.3824554904970423
2015-06-30,3.67091383995088
2015-07-01,3.5587256261005003
2015-07-02,3.575456169656293
2015-07-03,3.717611132223548
2015-07-04,3.728524186992871
2015-07-05,3.0600972415909315
2015-07-06,3.3244426724792477
2015-07-07,3.5699211809595024
2015-07-08,3.581542838420247
2015-07-09,3.5792383387908724
2015-07-10,3.5061224077628173
2015-07-11,3.802419354386802
2015-07-12,3.6298472170041465
2015-07-13,3.5368585516216546
2015-07-14,3.5505461006568533
2015-07-15,3.6998154784737327
2015-07-16,3.4005217894191717
2015-07-17,3.2665634738936267
2015-07-18,3.410251084865836
2015-07-19,3.4840837960182234
2015-07-20,3.5288912073269207
2015-07-21,3.649311836665833
2015-07-22,3.7149921539839297
2015-07-23,3.4529871524236784
2015-07-24,3.5821186602667696
2015-07-25,3.384948939208746
2015-07-26,3.272050479905197
2015-07-27,3.4202332682149317
2015-07-28,3.497496696459699
2015-07-29,3.7157054917593664
2015-07-30,3.4460854203874853
2015-07-31,3.536951268491969
2015-08-01,3.421798293789103
2015-08-02,3.5683062125597615
2015-08-03,3.3940520620060295
2015-08-04,3.618287810907073
2015-08-05,3.087757213883035
2015-08-06,3.0936780974998888
2015-08-07,3.4015325298331955
2015-08-08,3.1832324533544933
2015-08-09,3.1191453838712957
2015-08-10,3.526609048095848
2015-08-11,3.628077741866937
2015-08-12,3.6553773977697936
2015-08-13,3.6385034266556726
2015-08-14,3.643488122025995
2015-08-15,3.7051341287973236
2015-08-16,3.5046237961764817
2015-08-17,3.729118955710225
2015-08-18,3.6523567295851
2015-08-19,3.623393693880197
2015-08-20,3.4060971268878633
2015-08-21,3.6204544184815663
2015-08-22,3.593348314975051
2015-08-23,3.584020594359807
2015-08-24,3.5315953633665096
2015-08-25,3.64671625939085
2015-08-26,3.596331723121126
2015-08-27,3.5976205606692107
2015-08-28,3.5541674048037897
2015-08-29,3.440946078994711
2015-08-30,3.662755118886159
2015-08-31,3.534257963310165
2015-09-01,3.309846695963586
2015-09-02,3.4806406455892573
2015-09-03,3.586304774755373
2015-09-04,3.447871581433204
2015-09-05,3.5723836147918786
2015-09-06,3.506549870389798
2015-09-07,3.3437834524438586
2015-09-08,3.3014406877698548
2015-09-09,3.470526033837045
2015-09-10,3.629884827103468
2015-09-11,3.6511968525979923
2015-09-12,3.64612867356582
2015-09-13,3.477060872986906
2015-09-14,3.3471021791800304
2015-09-15,3.6790801939038973
2015-09-16,3.5862861914703643
2015-09-17,3.6921055544399515
2015-09-18,3.572490863543833
2015-09-19,3.2387491204827303
2015-09-20,3.3049766353478707
2015-09-21,3.5075632736306
2015-09-22,3.503588423125267
2015-09-23,3.4299013646898375
2015-09-24,3.6122405222617355
2015-09-25,3.399719009780371
2015-09-26,3.6582860897792178
2015-09-27,3.1757626296274815
2015-09-28,3.2005566132948746
2015-09-29,3.4628723025295605
2015-09-30,3.59304241053211
2015-10-01,3.7484640994141003
2015-10-02,3.548309173709076
2015-10-03,3.4759897726786435
2015-10-04,3.149435308790493
2015-10-05,3.416417811450378
2015-10-06,3.336993823721724
2015-10-07,3.5179082195925155
2015-10-08,3.5419707170678865
2015-10-09,3.555430894646563
2015-10-10,3.20459469822835
2015-10-11,3.395972922028503
2015-10-12,3.3760916436823214
2015-10-13,3.3653111031074414
2015-10-14,3.4303956618249782
2015-10-15,3.3215953526854127
2015-10-16,3.3361591245144586
2015-10-17,3.3264103645309255
2015-10-18,3.1640429267413936
2015-10-19,3.1995781819293203
2015-10-20,3.1827983986794046
2015-10-21,3.136345186689241
2015-10-22,3.4579096143102905
2015-10-23,3.319787312204846
2015-10-24,2.902035929956283
2015-10-25,3.3494609880192274
2015-10-26,3.428927611525901
2015-10-27,3.39157685698668
2015-10-28,3.44942076232155
2015-10-29,3.6533938188397412
2015-10-30,3.2838267444825258
2015-10-31,3.2384292714528713
2015-11-01,3.1356198162444913
2015-11-02,3.3201325744658945
2015-11-03,3.3498367584177347
2015-11-04,3.4075383564406367
2015-11-05,3.4970080728813087
2015-11-06,3.548397751518765
2015-11-07,3.213234391702459
2015-11-08,3.224566599306117
2015-11-09,3.18244038833503
2015-11-10,3.2801381202280706
2015-11-11,3.4571057527655014
2015-11-12,3.3659288210081346
2015-11-13,3.230537111194595
2015-11-14,3.5734019253701996
2015-11-15,3.3963184640171287
2015-11-16,3.1055868000527136
2015-11-17,3.137290126517664
2015-11-18,3.2137968367589043
2015-11-19,3.4205417827752655
2015-11-20,3.2524483655469325
2015-11-21,3.1814779601416316
2015-11-22,3.425434175705963
2015-11-23,3.4405052499178885
2015-11-24,3.459472286039912
2015-11-25,3.5867545715544074
2015-11-26,3.3617730137730932
2015-11-27,3.2658056139372977
2015-11-28,3.5454873627852876
2015-11-29,3.3579066744949833
2015-11-30,3.4173310114659428
2015-12-01,3.4455556037940527
2015-12-02,3.5489719366206374
2015-12-03,3.3259491665806897
2015-12-04,3.128462134385873
2015-12-05,3.449242816961594
2015-12-06,3.266508147359768
2015-12-07,3.602443798900339
2015-12-08,3.5468253409298476
2015-12-09,3.714260544710092
2015-12-10,3.5024427875314434
2015-12-11,3.194688793126318
2015-12-12,2.9550987361079777
2015-12-13,3.0688377600961783
2015-12-14,3.3858430089997373
2015-12-15,3.5881001824814387
2015-12-16,3.2095522280529165
2015-12-17,3.3346584535764285
2015-12-18,3.3954310061847828
2015-12-19,3.4943835540902772
2015-12-20,3.514600834409578
2015-12-21,3.370563403979971
2015-12-22,3.455182600686817
2015-12-23,3.5913924546128393
2015-12-24,3.5977716186519193
2015-12-25,3.3372272603714452
2015-12-26,3.0763425048112305
2015-12-27,3.230688396367282
2015-12-28,3.525930869785594
2015-12-29,3.4823679043206113
2015-12-30,3.3277723221416684
2015-12-31,3.269024224933697
2016-01-01,3.303116424552747
2016-01-02,3.1432954611691244
2016-01-03,3.5744782218486173
2016-01-04,3.3562717440025
2016-01-05,3.203376596301057
2016-01-06,3.520359240266255
2016-01-07,3.5775663268678626
2016-01-08,3.5414112530834028
2016-01-09,3.5885635402786304
2016-01-10,3.6336871275999463
2016-01-11,3.6947475394982714
2016-01-12,3.549153771749482
2016-01-13,3.597648606883768
2016-01-14,3.4730247034728032
2016-01-15,3.4967382610625397
2016-01-16,3.4521105249678175
2016-01-17,3.7354302878434487
2016-01-18,3.5371078227819446
2016-01-19,3.530766121996384
2016-01-20,3.5882681806824324
2016-01-21,3.604640331234262
2016-01-22,3.405449391122605
2016-01-23,3.3556768794262894
2016-01-24,3.403325318992989
2016-01-25,3.559248996991938
2016-01-26,3.4141495842646705
2016-01-27,3.474567971971217
2016-01-28,3.5394519063159917
2016-01-29,3.561478998180812
2016-01-30,3.442336852029745
2016-01-31,3.5375227785910655
2016-02-01,3.563355510120756
2016-02-02,3.5066344683112645
2016-02-03,3.6368424440529825
2016-02-04,3.6927876169105156
2016-02-05,3.5597907452572195
2016-02-06,3.427459177334824
2016-02-07,3.4966213542506708
2016-02-08,3.5049966762730875
2016-02-09,3.540204997322573
2016-02-10,3.7152515071149157
2016-02-11,3.7832809184691527
2016-02-12,3.7934640744758266
2016-02-13,3.776807461747673
2016-02-14,3.7297245219983144
2016-02-15,3.7185949146248705
2016-02-16,3.739833733124663
2016-02-17,3.694259171481502
2016-02-18,3.8245777816258375
2016-02-19,3.801435717973573
2016-02-20,3.815156065336637
2016-02-21,3.7354306615278565
2016-02-22,3.6948516553733617
2016-02-23,3.678528121409036
2016-02-24,3.6576550275094957
2016-02-25,3.6827149647842954
2016-02-26,3.738555274236531
2016-02-27,3.7546843522730358
2016-02-28,3.683642590371288
2016-02-29,3.577264185076798
2016-03-01,3.6256240062904497
2016-03-02,3.7451390100234394
2016-03-03,3.72571132323437
2016-03-04,3.796735573534678
2016-03-05,3.7150663170156344
2016-03-06,3.8084818653646777
2016-03-07,3.8770581738136958
2016-03-08,3.8474211999976946
2016-03-09,3.824144470561089
2016-03-10,3.630016299899338
2016-03-11,3.7074290759151824
2016-03-12,3.7305437901845178
2016-03-13,3.7176182296300393
2016-03-14,3.7499751184287122
2016-03-15,3.7119311950431295
2016-03-16,3.55584987431111
2016-03-17,3.6669935195003482
2016-03-18,3.7179705409606076
2016-03-19,3.708264242983092
2016-03-20,3.6749065005568404
2016-03-21,3.763268085615662
2016-03-22,3.8197612333390114
2016-03-23,3.7043657009437507
2016-03-24,3.8109694186353495
2016-03-25,3.8488995057005275
2016-03-26,3.820529331805212
2016-03-27,3.715531004490792
2016-03-28,3.7005557030456036
2016-03-29,3.460131399511583
2016-03-30,3.645170635915088
2016-03-31,3.5576607615869023
2016-04-01,3.5494159769284224
2016-04-02,3.5568088661086605
2016-04-03,3.626491086555535
2016-04-04,3.706474325253002
2016-04-05,3.7974290476415207
2016-04-06,3.8842330569071737
2016-04-07,3.701988641965198
2016-04-08,3.7022766065139536
2016-04-09,3.7793066130442283
2016-04-10,3.7835326862855685
2016-04-11,3.652956334225446
2016-04-12,3.607358760037906
2016-04-13,3.647064853457032
2016-04-14,3.8012628366810515
2016-04-15,3.5314543952131023
2016-04-16,3.548571852859256
2016-04-17,3.6070441612952764
2016-04-18,3.5805163135423093
2016-04-19,3.7330875853863033
2016-04-20,3.7179089724177894
2016-04-21,3.5419449576285307
2016-04-22,3.711782775090902
2016-04-23,3.604762246783336
2016-04-24,3.661341820305002
2016-04-25,3.7280943442385284
2016-04-26,3.6567163890509384
2016-04-27,3.5380385104355305
2016-04-28,3.742341555952421
2016-04-29,3.610588479000261
2016-04-30,3.7293545179768675
2016-05-01,3.661271052357227
2016-05-02,3.76687315277576
2016-05-03,3.6911019017368316
2016-05-04,3.7240258527444556
2016-05-05,3.5891287151564146
2016-05-06,3.4800535750238106
2016-05-07,3.5364839737537217
2016-05-08,3.725784972562361
2016-05-09,3.641607172319027
2016-05-10,3.6717895558833336
2016-05-11,3.6182709040504726
2016-05-12,3.6670457144663677
2016-05-13,3.585440896403282
2016-05-14,3.676966119643984
2016-05-15,3.409711102840368
2016-05-16,3.64184469703492
2016-05-17,3.544886382053196
2016-05-18,3.3890317429088808
2016-05-19,3.556462602306339
2016-05-20,3.5950063887047436
2016-05-21,3.3715567934398765
2016-05-22,3.6783911785752537
2016-05-23,3.5444512984299075
2016-05-24,3.4869251551580103
2016-05-25,3.569739025447067
2016-05-26,3.549300092196822
2016-05-27,3.6797413778072507
2016-05-28,3.587591372735536
2016-05-29,3.6898976034605795
2016-05-30,3.654759995933822
2016-05-31,3.5062081850651996
2016-06-01,3.4456054051523233
2016-06-02,3.5819520165331324
2016-06-03,3.4747802047263336
2016-06-04,3.5245383685252327
2016-06-05,3.5535543979365785
2016-06-06,3.6509214682192
2016-06-07,3.5388609238412836
2016-06-08,3.6286685962637115
2016-06-09,3.562057297572189
2016-06-10,3.7267302769940107
2016-06-11,3.6210900529323933
2016-06-12,3.63257386241838
2016-06-13,3.7444527952173563
2016-06-14,3.5234515974455687
2016-06-15,3.7282303833600894
2016-06-16,3.667457135942557
2016-06-17,3.5776697775171304
2016-06-18,3.5713957240527723
2016-06-19,3.5011974975271927
2016-06-20,3.6661935909621834
2016-06-21,3.685416400667947
2016-06-22,3.5441707310989594
2016-06-23,3.530866499244755
2016-06-24,3.480844523046745
2016-06-25,3.4276592628566633
2016-06-26,3.478444451525948
2016-06-27,3.485104511649412
2016-06-28,3.5061679711449756
2016-06-29,3.408093101528838
2016-06-30,3.6029862361956084
2016-07-01,3.5941477313148016
2016-07-02,3.5299331076029663
2016-07-03,3.5620744596084393
2016-07-04,3.4240251279419778
2016-07-05,3.764286248448322
2016-07-06,3.75379210463097
2016-07-07,3.7560011432184135
2016-07-08,3.7763206122849526
2016-07-09,3.5675035818253056
2016-07-10,3.6112793004933095
2016-07-11,3.792238365953981
2016-07-12,3.798403213448543
2016-07-13,3.6708338899008703
2016-07-14,3.6924039569723286
2016-07-15,3.775009846371704
2016-07-16,3.4234483226974217
2016-07-17,3.6227821023709055
2016-07-18,3.5748787701217974
2016-07-19,3.3987264506714627
2016-07-20,3.566273306383052
2016-07-21,3.702600146566218
2016-07-22,3.573304485908592
2016-07-23,3.4711726204684856
2016-07-24,3.1155247419375787
2016-07-25,3.205226764897313
2016-07-26,3.60888753004364
2016-07-27,3.6488722096049555
2016-07-28,3.707011504254536
2016-07-29,3.799227054030198
2016-07-30,3.6632773434708614
2016-07-31,3.5280539318935578
2016-08-01,3.8010177920720185
2016-08-02,3.749866656555021
2016-08-03,3.3908729983751504
2016-08-04,3.45880215031072
2016-08-05,3.519643618502294
2016-08-06,3.4746631929419416
2016-08-07,3.7806827570873054
2016-08-08,3.7647110465867613
2016-08-09,3.6843466210338542
2016-08-10,3.7800193609789856
2016-08-11,3.705924728717771
2016-08-12,3.6384527207359953
2016-08-13,3.73920506898522
2016-08-14,3.6958145010678574
2016-08-15,3.6776750812950167
2016-08-16,3.7417935116470873
2016-08-17,3.5904741911365896
2016-08-18,3.615648775668749
2016-08-19,3.7473143721551767
2016-08-20,3.667492157171762
2016-08-21,3.703060303509693
2016-08-22,3.752134299268197
2016-08-23,3.805477361406328
2016-08-24,3.6062450844808387
2016-08-25,3.6194990481040294
2016-08-26,3.6166601252364488
2016-08-27,3.455416474944671
2016-08-28,3.649684995281207
2016-08-29,3.6336488514823726
2016-08-30,3.6511424960611607
2016-08-31,3.6630731685120406
2016-09-01,3.618383907803189
2016-09-02,3.565319831995025
2016-09-03,3.7381834442241293
2016-09-04,3.808425058823386
2016-09-05,3.373082865733271
2016-09-06,3.4724286949409975
2016-09-07,3.4982062521864337
2016-09-08,3.5004557041495037
2016-09-09,3.580152160390831
2016-09-10,3.6113062019287305
2016-09-11,3.7397850496554357
2016-09-12,3.610097260458057
2016-09-13,3.6962384702247224
2016-09-14,3.6786519581918973
2016-09-15,3.7126431990797264
2016-09-16,3.814908463580092
2016-09-17,3.6972754141140243
2016-09-18,3.446522246951736
2016-09-19,3.3995117672635016
2016-09-20,3.7512760573711894
2016-09-21,3.6757840099970496
2016-09-22,3.603119557211321
2016-09-23,3.6316761317538186
2016-09-24,3.7447473907790303
2016-09-25,3.7241163908304817
2016-09-26,3.8664090261020325
2016-09-27,3.8064187614037355
2016-09-28,3.746382382921706
2016-09-29,3.871081255406519
2016-09-30,3.8229640427558618
2016-10-01,3.67879196205086
2016-10-02,3.506704869405939
2016-10-03,3.6909172036995774
2016-10-04,3.642310252432398
2016-10-05,3.6894273186803535
2016-10-06,3.6463529889826196
2016-10-07,3.632277138579433
2016-10-08,3.5059190371610733
2016-10-09,3.309694763035253
2016-10-10,3.6484003459620356
2016-10-11,3.6461690964546434
2016-10-12,3.679602359524165
2016-10-13,3.6819598431260454
2016-10-14,3.6276726095098395
2016-10-15,3.654759118250752
2016-10-16,3.448749034654409
2016-10-17,3.5713242706206603
2016-10-18,3.5304501664576127
2016-10-19,3.544303883046913
2016-10-20,3.5413422511965624
2016-10-21,3.4993967988819508
2016-10-22,3.4451963014184717
2016-10-23,3.4444803181317702
2016-10-24,3.1418424553936872
2016-10-25,3.4365969832092396
2016-10-26,3.2961478980913035
2016-10-27,3.529211381669443
2016-10-28,3.5138930607684555
2016-10-29,3.6691544859007337
2016-10-30,3.606186004655789
2016-10-31,3.650261845882499
2016-11-01,3.7777486116884753
2016-11-02,3.766311309818475
2016-11-03,3.677589699123646
2016-11-04,3.7914186596063333
2016-11-05,3.7320148275738547
2016-11-06,3.5496212648243706
2016-11-07,3.7311117624416497
2016-11-08,3.7490481935291005
2016-11-09,3.5594207841314303
2016-11-10,3.6441152380005732
2016-11-11,3.608687579498312
2016-11-12,3.5843757775626894
2016-11-13,3.566514890403092
2016-11-14,3.3892451654082207
2016-11-15,3.39523267692166
2016-11-16,3.4917362221618315
2016-11-17,3.5058488474087515
2016-11-18,3.517982947997507
2016-11-19,3.7090524735970654
2016-11-20,3.6389223089350486
2016-11-21,3.6239553527173314
2016-11-22,3.514646484067733
2016-11-23,3.6426572889566597
2016-11-24,3.776161320248614
2016-11-25,3.3684559489442503
2016-11-26,3.4765243369350296
2016-11-27,3.4946605773533688
2016-11-28,3.2090620023326544
2016-11-29,3.3909028684971023
2016-11-30,3.674337550519144
2016-12-01,3.8123931782166287
2016-12-02,3.690708078487305
2016-12-03,3.594008642142828
2016-12-04,3.5640964755552567
2016-12-05,3.6942046745357473
2016-12-06,3.7797241915291853
2016-12-07,3.5759120129898863
2016-12-08,3.5342995670656503
2016-12-09,3.5069058104398634
2016-12-10,3.7601113230261443
2016-12-11,3.86412054121594
2016-12-12,3.759284375995512
2016-12-13,3.5209386025673703
2016-12-14,3.7080036094913478
2016-12-15,3.539155825216041
2016-12-16,3.5327771189811656
2016-12-17,3.5440818824672435
2016-12-18,3.5026587586778577
2016-12-19,3.5755678621151605
2016-12-20,3.5955375670216485
2016-12-21,3.773184781142063
2016-12-22,3.7215112101126717
2016-12-23,3.684398102396851
2016-12-24,3.6172397952233184
2016-12-25,3.6825504976469667
2016-12-26,3.5814637240795446
2016-12-27,3.7104596482050827
2016-12-28,3.5186541621184824
2016-12-29,3.721465984955578
2016-12-30,3.7670136522414834
2016-12-31,3.6096487217249345
2017-01-01,3.750024141388687
2017-01-02,3.729569073347742
2017-01-03,3.6929245819406527
2017-01-04,3.783465038334659
2017-01-05,3.719041890013417
2017-01-06,3.6602906499359245
2017-01-07,3.695962931756967
2017-01-08,3.6149050463839125
2017-01-09,3.669677384137982
2017-01-10,3.5341924817532386
2017-01-11,3.737983867800743
2017-01-12,3.8756250173144458
2017-01-13,3.7134154223303972
2017-01-14,3.6227380485525664
2017-01-15,3.6595907234722582
2017-01-16,3.723128964840685
2017-01-17,3.682464713904833
2017-01-18,3.8129698893759953
2017-01-19,3.752099938743793
2017-01-20,3.672550315991509
2017-01-21,3.670262532726551
2017-01-22,3.627599113704633
2017-01-23,3.608230521150801
2017-01-24,3.627946016324929
2017-01-25,3.6486563378841037
2017-01-26,3.8112321267914813
2017-01-27,3.5884672480780853
2017-01-28,3.546319007151467
2017-01-29,3.3168718558713186
2017-01-30,3.504647987980357
2017-01-31,3.658914650839754
2017-02-01,3.458801274951766
2017-02-02,3.2322082117796587
2017-02-03,3.4895835949501532
2017-02-04,3.637063419248629
2017-02-05,3.603499962073848
2017-02-06,3.668384390675928
2017-02-07,3.665361462388562
2017-02-08,3.758381815638839
2017-02-09,3.6665790795425366
2017-02-10,3.5476236437035844
2017-02-11,3.731269836595676
2017-02-12,3.3833794730959283
2017-02-13,3.465383647270884
2017-02-14,3.5171862870592516
2017-02-15,3.5890779197562725
2017-02-16,3.617616431525053
2017-02-17,3.668380451468579
2017-02-18,3.7632924999184656
2017-02-19,3.782941237526181
2017-02-20,3.6365361765296904
2017-02-21,3.763005823452598
2017-02-22,3.8563450647748105
2017-02-23,3.8534591312146382
2017-02-24,3.754612634311809
2017-02-25,3.7832471032536072
2017-02-26,3.7024379331187967
2017-02-27,3.7053170891573557
2017-02-28,3.649767318622556
2017-03-01,3.656619870341682
2017-03-02,3.864152510446486
2017-03-03,3.8880693590282744
2017-03-04,3.77884504835233
2017-03-05,3.8322638369022304
2017-03-06,3.6416205104264994
2017-03-07,3.7198999843593348
2017-03-08,3.7882378920480186
2017-03-09,3.8226405240648633
2017-03-10,3.8228614386863433
2017-03-11,3.7866782361088727
2017-03-12,3.7592586360967704
2017-03-13,3.734443995081118
2017-03-14,3.8016053164759365
2017-03-15,3.5951767275870337
2017-03-16,3.6787268319380484
2017-03-17,3.6181744221686745
2017-03-18,3.6641783017420084
2017-03-19,3.669649912771532
2017-03-20,3.555594431508337
2017-03-21,3.5972795043113184
2017-03-22,3.56982878124197
2017-03-23,3.6528172114307624
2017-03-24,3.554273764063311
2017-03-25,3.719403397684362
2017-03-26,3.7551562951189297
2017-03-27,3.7414062554061513
2017-03-28,3.776258042647325
2017-03-29,3.681782448928113
2017-03-30,3.644692591728799
2017-03-31,3.6142268231102763
2017-04-01,3.666483183758657
2017-04-02,3.678995976447072
2017-04-03,3.5697900958238136
2017-04-04,3.4683829443786505
2017-04-05,3.4579646495822973
2017-04-06,3.4921912136617888
2017-04-07,3.58292871772581
2017-04-08,3.541879753071557
2017-04-09,3.5740088464516093
2017-04-10,3.6594485981233618
2017-04-11,3.709280841482445
2017-04-12,3.556425512086086
2017-04-13,3.7290644256815284
2017-04-14,3.6810352681426526
2017-04-15,3.752947062137782
2017-04-16,3.592605470947602
2017-04-17,3.5152324378725055
2017-04-18,3.5921912438561105
2017-04-19,3.571241534869921
2017-04-20,3.6580394458606773
2017-04-21,3.734070592116285
2017-04-22,3.641897826335783
2017-04-23,3.7203898849579584
2017-04-24,3.598255810977913
2017-04-25,3.579885203194158
2017-04-26,3.6892820694455164
2017-04-27,3.668572295361994
2017-04-28,3.616267336336395
2017-04-29,3.6760015417973735
2017-04-30,3.5881642490284293
2017-05-01,3.5405356481831127
2017-05-02,3.6190000049449713
2017-05-03,3.724509476098918
2017-05-04,3.7076788162999135
2017-05-05,3.7964404438395136
2017-05-06,3.7276181368545234
2017-05-07,3.633375974519539
2017-05-08,3.6933872136866994
2017-05-09,3.704431616895296
2017-05-10,3.549590566518068
2017-05-11,3.5779963467889306
2017-05-12,3.719320405163459
2017-05-13,3.3072528473019123
2017-05-14,3.3685397544878746
2017-05-15,3.4729568098399075
2017-05-16,3.604643833820062
2017-05-17,3.5426163281661567
2017-05-18,3.487088047004405
2017-05-19,3.624038981597992
2017-05-20,3.605002098644743
2017-05-21,3.3885244033641255
2017-05-22,3.447360863452449
2017-05-23,3.6226804282736778
2017-05-24,3.4931232941703767
2017-05-25,3.5007885098376703
2017-05-26,3.520540691573033
2017-05-27,3.5730410618270767
2017-05-28,3.670010853010659
2017-05-29,3.5158777792004487
2017-05-30,3.615038491025603
2017-05-31,3.569935310709246
2017-06-01,3.696378154553955
2017-06-02,3.731105578904159
2017-06-03,3.7896118720669256
2017-06-04,3.7035724625587068
2017-06-05,3.6556528660458363
2017-06-06,3.66305003387154
2017-06-07,3.55458180185726
2017-06-08,3.5405348057184645
2017-06-09,3.5502670573011317
2017-06-10,3.782611984720702
2017-06-11,3.735970742008524
2017-06-12,3.535554038989131
2017-06-13,3.5515800361941965
2017-06-14,3.484502635666569
2017-06-15,3.4298641588564434
2017-06-16,3.4863399774972823
2017-06-17,3.5036350163617858
2017-06-18,3.512256612420193
2017-06-19,3.4464805938795093
2017-06-20,3.5629675320958514
2017-06-21,3.557247452852641
2017-06-22,3.6462441895160493
2017-06-23,3.6674803567005565
2017-06-24,3.6891237866130666
2017-06-25,3.7466627037236924
2017-06-26,3.5878553828457007
2017-06-27,3.6719594443337136
2017-06-28,3.7955517935507834
2017-06-29,3.7560919313776195
2017-06-30,3.5962730742544022
2017-07-01,3.570334640045771
2017-07-02,3.5205489571317
2017-07-03,3.3330421604380365
2017-07-04,3.454124827572323
2017-07-05,3.6265562669347142
2017-07-06,3.6289375274266638
2017-07-07,3.6020263514456503
2017-07-08,3.4612945846324066
2017-07-09,3.5224682325363004
2017-07-10,3.6182930386764043
2017-07-11,3.685047439644167
2017-07-12,3.7842901798529165
2017-07-13,3.83993556605568
2017-07-14,3.834267709934626
2017-07-15,3.74850921571335
2017-07-16,3.652351007438742
2017-07-17,3.3719057829660293
2017-07-18,3.4446967631732175
2017-07-19,3.52457087129289
2017-07-20,3.688588560598623
2017-07-21,3.3961788527616488
2017-07-22,3.5026729782488557
2017-07-23,3.6726036260205315
2017-07-24,3.626468443076166
2017-07-25,3.58316592944024
2017-07-26,3.6904617535889095
2017-07-27,3.747896079079454
2017-07-28,3.56907550660247
2017-07-29,3.7039285055561333
2017-07-30,3.731617356044189
2017-07-31,3.6625651580027796
2017-08-01,3.6444956961113193
2017-08-02,3.6700238834388124
2017-08-03,3.6592823512658255
2017-08-04,3.630760971382191
2017-08-05,3.6109006662329084
2017-08-06,3.5066146546303725
2017-08-07,3.475519108883031
2017-08-08,3.6699156150006798
2017-08-09,3.6630556757332697
2017-08-10,3.7172591339959316
2017-08-11,3.7365802164461344
2017-08-12,3.699397169663733
2017-08-13,3.6594751406578143
2017-08-14,3.67212303915272
2017-08-15,3.7386036936091447
2017-08-16,3.7407495329688256
2017-08-17,3.6950700966593035
2017-08-18,3.684254183239929
2017-08-19,3.722981803310817
2017-08-20,3.776174117466462
2017-08-21,3.836194778736983
2017-08-22,3.9125810899376634
2017-08-23,3.85695434735689
2017-08-24,3.8227354539489626
2017-08-25,3.813319047531702
2017-08-26,3.5933295058127834
2017-08-27,3.792159458069334
2017-08-28,3.691996629671046
2017-08-29,3.5415071442360517
2017-08-30,3.6737754709073775
2017-08-31,3.7303977258743433
2017-09-01,3.732946459264258
2017-09-02,3.7633363959671207
2017-09-03,3.537814038637701
2017-09-04,3.594810241486002
2017-09-05,3.6769271537045856
2017-09-06,3.6008875718162217
2017-09-07,3.6672540801404514
2017-09-08,3.7028164653444517
2017-09-09,3.6780723851099286
2017-09-10,3.7254570547829475
2017-09-11,3.6949862223012966
2017-09-12,3.7909389197223593
2017-09-13,3.807049556853459
2017-09-14,3.6726594473340985
2017-09-15,3.590768254971092
2017-09-16,3.59910150941163
2017-09-17,3.6827348443418573
2017-09-18,3.626958658366524
2017-09-19,3.6593139318470547
2017-09-20,3.6100576089797762
2017-09-21,3.656907353114439
2017-09-22,3.6550839150403025
2017-09-23,3.7487617895985346
2017-09-24,3.6941670408168226
2017-09-25,3.6996219105296704
2017-09-26,3.732238062516329
2017-09-27,3.7508097384626073
2017-09-28,3.817916706894856
2017-09-29,3.708689371325381
2017-09-30,3.4576212105212307
2017-10-01,3.5580715395109066
2017-10-02,3.709399754338693
2017-10-03,3.670847999385722
2017-10-04,3.670068162530181
2017-10-05,3.7188039954442864
2017-10-06,3.7988795942244176
2017-10-07,3.6226398120616943
2017-10-08,3.5269035983333956
2017-10-09,3.59093421030323
2017-10-10,3.6342560562933106
2017-10-11,3.6757226824644613
2017-10-12,3.652230448426164
2017-10-13,3.724060348910058
2017-10-14,3.5773281344509478
2017-10-15,3.556971015238236
2017-10-16,3.67838422472569
2017-10-17,3.7138394173045177
2017-10-18,3.5813617699245497
2017-10-19,3.689093947569431
2017-10-20,3.5918779672787857
2017-10-21,3.6580674529276322
2017-10-22,3.6629220254530357
2017-10-23,3.501711245691209
2017-10-24,3.6314319916932307
2017-10-25,3.6368545125139735
2017-10-26,3.6527335474978324
2017-10-27,3.596020991632963
2017-10-28,3.4879446925318938
2017-10-29,3.5394789505307442
2017-10-30,3.441828523780719
2017-10-31,3.682761850226484
2017-11-01,3.658955070988916
2017-11-02,3.560298318873717
2017-11-03,3.4818448836336855
2017-11-04,3.429057680439567
2017-11-05,3.380436795910039
2017-11-06,3.6880709544054917
2017-11-07,3.562961437029542
2017-11-08,3.512128371368044
2017-11-09,3.4783360153161453
2017-11-10,3.4751966653732103
2017-11-11,3.520630086091688
2017-11-12,3.303361196577826
2017-11-13,3.5019632080995162
2017-11-14,3.6319177580090543
2017-11-15,3.5849601155547512
2017-11-16,3.5570340748182767
2017-11-17,3.4531849187767993
2017-11-18,3.498304678238831
2017-11-19,3.4712422016570836
2017-11-20,3.5626152952208283
2017-11-21,3.6577938353658195
2017-11-22,3.7563188665736833
2017-11-23,3.720243165370118
2017-11-24,3.6934921360606157
2017-11-25,3.5874522028351503
2017-11-26,3.530167057584528
2017-11-27,3.724932537003543
2017-11-28,3.4655156071639173
2017-11-29,3.4931245349481186
2017-11-30,3.587051729376902
2017-12-01,3.6606151570366903
2017-12-02,3.624810095205968
2017-12-03,3.6745624516344777
2017-12-04,3.677240611701199
2017-12-05,3.523736791509695
2017-12-06,3.4862288606528717
2017-12-07,3.5326379920652813
2017-12-08,3.4892117705007
2017-12-09,3.4463159115074413
2017-12-10,3.501040662732213
2017-12-11,3.7043309732031813
2017-12-12,3.67850974350582
2017-12-13,3.4584697653715644
2017-12-14,3.519971679743634
2017-12-15,3.45278019953105
2017-12-16,3.6389847592408104
2017-12-17,3.647706134587278
2017-12-18,3.588760401876359
2017-12-19,3.663238292954708
2017-12-20,3.753706739104018
2017-12-21,3.888239701319459
2017-12-22,3.8948857853204353
2017-12-23,3.7907143424220786
2017-12-24,3.859039009804146
2017-12-25,3.743277737446103
2017-12-26,3.7116609469437836
2017-12-27,3.753377881376854
2017-12-28,3.831151053606778
2017-12-29,3.7680415249338735
2017-12-30,3.7924490328146883
2017-12-31,3.7232300747915814
2018-01-01,3.6463899539950293
2018-01-02,3.6549098208288595
2018-01-03,3.6748178209668407
2018-01-04,3.629828375329986
2018-01-05,3.538559580125688
2018-01-06,3.5006874619676998
2018-01-07,3.22476793601986
2018-01-08,3.307833596587694
2018-01-09,3.376048642287614
2018-01-10,3.3337350921857234
2018-01-11,3.4249280785205163
2018-01-12,3.488663210610591
2018-01-13,3.452301200287229
2018-01-14,3.6073430196070695
2018-01-15,3.5444379096109713
2018-01-16,3.4654729500811037
2018-01-17,3.571845467664571
2018-01-18,3.6971598445079805
2018-01-19,3.7764088080559244
2018-01-20,3.5484474165549695
2018-01-21,3.534395067063771
2018-01-22,3.6572022527372243
2018-01-23,3.7617018399107955
2018-01-24,3.80540452030603
2018-01-25,3.775985246799382
2018-01-26,3.783266294006781
2018-01-27,3.7238147554434753
2018-01-28,3.7514325614348962
2018-01-29,3.62628636467777
2018-01-30,3.7211205035702855
2018-01-31,3.601837914737972
2018-02-01,3.6930844138271834
2018-02-02,3.469952691285971
2018-02-03,3.716458498838271
2018-02-04,3.618632130438809
2018-02-05,3.607401580319532
2018-02-06,3.6602796717435417
2018-02-07,3.553159391559159
2018-02-08,3.469307930603923
2018-02-09,3.2323120897880435
2018-02-10,3.279490002958995
2018-02-11,3.2367369667840244
2018-02-12,3.294970923390685
2018-02-13,3.3203915715189893
2018-02-14,3.488836761369031
2018-02-15,3.5764407898162136
2018-02-16,3.4595607258871834
2018-02-17,3.458779003282777
2018-02-18,3.651110483297829
2018-02-19,3.6717454910383873
2018-02-20,3.617114632828202
2018-02-21,3.447102305348452
2018-02-22,3.397776080429447
2018-02-23,3.5507323935750024
2018-02-24,3.6049125293578035
2018-02-25,3.458481397161168
2018-02-26,3.4126060613694107
2018-02-27,3.3022894228380966
2018-02-28,3.5111945226151593
2018-03-01,3.4256565932097134
2018-03-02,3.4281846073017137
2018-03-03,3.5242949037149836
2018-03-04,3.1741036040850967
2018-03-05,2.873720975492993
2018-03-06,3.003423617432551
2018-03-07,3.446260365840057
2018-03-08,3.1116936803362236
2018-03-09,3.1245159365701003
2018-03-10,3.083743150677705
2018-03-11,3.175105338397956
2018-03-12,3.140618735619531
2018-03-13,3.248176506046292
2018-03-14,3.2762539904511465
2018-03-15,3.090873748708195
2018-03-16,3.0681927383489223
2018-03-17,3.0921942754169596
2018-03-18,2.9901360834145168
2018-03-19,2.7276932562766105
2018-03-20,3.3320242880222968
2018-03-21,3.2813808943154195
2018-03-22,3.3065318527954597
2018-03-23,3.5787379292460515
2018-03-24,3.330855624001834
2018-03-25,3.4612837196828052
2018-03-26,3.28189714932365
2018-03-27,3.1079098146181625
2018-03-28,2.98515054706652
2018-03-29,2.9687014341824187
2018-03-30,3.360278777249489
2018-03-31,3.2324932223136016
2018-04-01,3.495593414319431
2018-04-02,3.232959477252746
2018-04-03,3.2356671632369998
2018-04-04,3.2237117518239087
2018-04-05,3.2838524918487493
2018-04-06,3.460833508947064
2018-04-07,3.2431459973409558
2018-04-08,3.08243901155978
2018-04-09,3.248334151687975
2018-04-10,3.02275385644489
2018-04-11,3.0285207750040506
2018-04-12,3.3643276646217335
2018-04-13,3.232363391088604
2018-04-14,3.2110674053751036
2018-04-15,2.886940965585012
2018-04-16,3.1714990021816343
2018-04-17,3.1379093503605455
2018-04-18,2.8390023279644456
2018-04-19,3.1886721739785564
2018-04-20,3.2862451573289535
2018-04-21,3.308076154840842
2018-04-22,3.354368310468712
2018-04-23,3.334096782223556
2018-04-24,3.1981381064503576
2018-04-25,3.315317518994151
2018-04-26,3.361810308743571
2018-04-27,3.286873466756568
2018-04-28,3.218257959042558
2018-04-29,3.1615263911998492
2018-04-30,3.210827676775037
2018-05-01,3.1766146645310886
2018-05-02,3.28527392160281
2018-05-03,3.302700992772704
2018-05-04,3.3385292046375783
2018-05-05,3.164414096768156
2018-05-06,3.224490211450628
2018-05-07,3.3414513147572644
2018-05-08,3.047102956451751
2018-05-09,3.172842795323152
2018-05-10,3.1498481125602686
2018-05-11,3.2124767984432734
2018-05-12,3.2535279296286084
2018-05-13,3.436965950792945
2018-05-14,3.4669848345505185
2018-05-15,3.4989770617363636
2018-05-16,3.5983072511500516
2018-05-17,3.5711220658030483
2018-05-18,3.527836568806147
2018-05-19,3.616090625821604
2018-05-20,3.386105732804431
2018-05-21,3.5044818471325407
2018-05-22,3.362506935546184
2018-05-23,3.3448614506055208
2018-05-24,3.4452082454861817
2018-05-25,3.4390908813029903
2018-05-26,3.1424279970170153
2018-05-27,3.056673729564853
2018-05-28,2.9081586063561717
2018-05-29,2.8179451995740536
2018-05-30,2.7763250183220647
2018-05-31,2.7730165742566353
2018-06-01,2.9360506782595066
2018-06-02,3.06828587647484
2018-06-03,2.9894173289335537
2018-06-04,3.158038962123138
2018-06-05,3.2507636178696195
2018-06-06,3.212612292836103
2018-06-07,3.251833408162004
2018-06-08,3.2890737562959895
2018-06-09,3.239235229585908
2018-06-10,2.911800412116219
2018-06-11,3.1238633943041436
2018-06-12,3.3532949534112015
2018-06-13,3.4167687452974245
2018-06-14,3.3450270019822104
2018-06-15,3.3910133909123146
2018-06-16,3.3936894943842173
2018-06-17,3.3371195620888696
2018-06-18,3.360190472039998
2018-06-19,3.2544153087626544
2018-06-20,3.3787264357436166
2018-06-21,3.4087122024940646
2018-06-22,3.281416423722228
2018-06-23,3.4143128056353453
2018-06-24,3.533668740511376
2018-06-25,3.2460535099031995
2018-06-26,3.377919588736754
2018-06-27,3.3859693689451666
2018-06-28,3.3752176359690447
2018-06-29,3.3766956804750374
2018-06-30,3.2133079656007792
2018-07-01,3.207967852787364
2018-07-02,3.0343199895246684
2018-07-03,2.8411132520914224
2018-07-04,3.0288630547377378
2018-07-05,2.9161785349836364
2018-07-06,2.877573131957762
2018-07-07,2.8260677549669575
2018-07-08,3.074920383758972
2018-07-09,3.2570953652654446
2018-07-10,3.263071554924833
2018-07-11,3.1824030346788694
2018-07-12,3.2321644042225137
2018-07-13,3.2948226509091927
2018-07-14,3.174561803035577
2018-07-15,2.954300201123291
2018-07-16,3.1869650370474827
2018-07-17,3.2091691685567096
2018-07-18,3.0319152867906802
2018-07-19,3.3324983454964485
2018-07-20,3.3358027901629868
2018-07-21,3.371918464909891
2018-07-22,3.2481184300403596
2018-07-23,3.5023548746324167
2018-07-24,3.490023158921827
2018-07-25,3.3239015676703674
2018-07-26,3.4236186012864147
2018-07-27,3.160947566826182
2018-07-28,3.3243026732551835
2018-07-29,3.291438890987645
2018-07-30,3.1448752529899524
2018-07-31,3.339868380578665
2018-08-01,3.193775162803925
2018-08-02,3.2441384889576437
2018-08-03,3.4268936750326358
2018-08-04,3.325766494123661
2018-08-05,3.26781018304228
2018-08-06,3.474023368643691
2018-08-07,3.4782832542598277
2018-08-08,3.3162053206115267
2018-08-09,3.3807972610420878
2018-08-10,3.6577482883452497
2018-08-11,3.6530545126841565
2018-08-12,3.3945092984663536
2018-08-13,2.8583888284007375
2018-08-14,3.12226826128829
2018-08-15,3.3365438146401387
2018-08-16,3.572928332840435
2018-08-17,3.327006802630373
2018-08-18,3.2614478311831796
2018-08-19,3.3411445176075385
2018-08-20,3.1494950580334735
2018-08-21,3.290078890780091
2018-08-22,3.212507299216771
2018-08-23,3.1769385590618446
2018-08-24,3.2459038098665887
2018-08-25,3.2337685445008515
2018-08-26,3.2798897158243547
2018-08-27,3.4061198339891487
2018-08-28,3.3309463489980335
2018-08-29,3.508868303428457
2018-08-30,3.6055032767502464
2018-08-31,3.427964489734317
2018-09-01,3.479460012372351
2018-09-02,3.048740951481445
2018-09-03,3.1105045484474596
2018-09-04,2.996201792532045
2018-09-05,3.044761401833241
2018-09-06,3.123666514449172
2018-09-07,3.163586313581527
2018-09-08,3.0110443689572075
2018-09-09,3.0100426411871952
2018-09-10,3.0580792363244353
2018-09-11,3.1177820674328967
2018-09-12,3.22333165570026
2018-09-13,3.152207243574372
2018-09-14,3.3228095688229735
2018-09-15,3.321072795523494
2018-09-16,3.229885815972922
2018-09-17,3.106321547793505
2018-09-18,2.828105799150696
2018-09-19,2.9855307689684736
2018-09-20,2.992801640024518
2018-09-21,3.079426980294471
2018-09-22,3.2336922681388143
2018-09-23,3.018273420731091
2018-09-24,2.9423340933427005
2018-09-25,3.1155668419580045
2018-09-26,3.178311670507981
2018-09-27,3.108923501258971
2018-09-28,3.1953095153977378
2018-09-29,3.1725470200082184
2018-09-30,3.289919198883289
2018-10-01,3.3825288234353272
2018-10-02,2.968206100367346
2018-10-03,2.9805583854918583
2018-10-04,3.1167407870698014
2018-10-05,3.1996673741811414
2018-10-06,2.778506474555105
2018-10-07,2.601783543184603
2018-10-08,2.689809953675946
2018-10-09,2.895032721408359
2018-10-10,3.1863326933073832
2018-10-11,3.3789164036238035
2018-10-12,3.306871982515705
2018-10-13,3.328907230153323
2018-10-14,3.2224159229616984
2018-10-15,3.172974978818307
2018-10-16,3.0472353536407795
2018-10-17,3.071691594719692
2018-10-18,2.8971418783196063
2018-10-19,2.9272479602019765
2018-10-20,3.045161027831154
2018-10-21,3.0962926802131827
2018-10-22,3.032211514784089
2018-10-23,3.1837348354454478
2018-10-24,3.215890234458158
2018-10-25,3.452531956622811
2018-10-26,3.262147832211825
2018-10-27,3.4186230033152185
2018-10-28,3.3097187078450117
2018-10-29,3.0513394682024275
2018-10-30,2.931771722318891
2018-10-31,3.3748629963296923
2018-11-01,3.4826043704730765
2018-11-02,3.3306283051048955
2018-11-03,3.3591759870009534
2018-11-04,3.1564050359542506
2018-11-05,3.115262582155941
2018-11-06,2.9813151684206503
2018-11-07,2.9321070048981177
2018-11-08,3.104876881363942
2018-11-09,3.4206029961958166
2018-11-10,3.3513935217264
2018-11-11,3.168060098207904
2018-11-12,3.3459985828910295
2018-11-13,3.348167544189529
2018-11-14,3.2445310498828386
2018-11-15,3.0759015425906115
2018-11-16,3.4856530581287544
2018-11-17,3.426349060787789
2018-11-18,3.3620298525828374
2018-11-19,3.2749776106112334
2018-11-20,3.440750145931962
2018-11-21,3.5230402985854417
2018-11-22,3.461795467188052
2018-11-23,3.5934422850745342
2018-11-24,3.3549132570870355
2018-11-25,3.3009336282224586
2018-11-26,3.2648881257924405
2018-11-27,3.4265659888299087
2018-11-28,3.3350948663832116
2018-11-29,3.0691066234482482
2018-11-30,3.1201295281396675
2018-12-01,3.2614510204593845
2018-12-02,2.9526350260184655
2018-12-03,3.034212778103047
2018-12-04,3.0376988820431823
2018-12-05,3.261070895674169
2018-12-06,3.402293541808338
2018-12-07,3.364100660470859
2018-12-08,3.297090391220633
2018-12-09,2.9777039629364688
2018-12-10,3.479235055265809
2018-12-11,3.658604862613895
2018-12-12,3.5057191905460963
2018-12-13,3.1855001941037235
2018-12-14,3.149047437284273
2018-12-15,3.2712706012331645
2018-12-16,3.3262285163279923
2018-12-17,3.481136430021831
2018-12-18,3.4722239783555486
2018-12-19,3.2880757780184386
2018-12-20,3.3967991998483535
2018-12-21,3.381640181472218
2018-12-22,3.2782498534518068
2018-12-23,3.320898781091298
2018-12-24,3.5680256704094755
2018-12-25,3.6108163753307925
2018-12-26,3.2421901877937365
2018-12-27,3.3031349356364896
2018-12-28,3.6750879027313497
2018-12-29,3.735644550073736
2018-12-30,3.1885072481727166
2018-12-31,3.3345042308581134
2019-01-01,3.2709902903297157
2019-01-02,3.231720477410277
2019-01-03,3.343807218125513
2019-01-04,3.5188258827370564
2019-01-05,3.3937274142064533
2019-01-06,3.3555736860670953
2019-01-07,2.914144529329067
2019-01-08,2.7440185044125283
2019-01-09,2.864765870333351
2019-01-10,2.961528546064782
2019-01-11,3.025101155482507
2019-01-12,2.7760310843832574
2019-01-13,2.8444644159232486
2019-01-14,3.066145390083276
2019-01-15,3.0527049206639973
2019-01-16,3.2073933667221954
2019-01-17,2.841018986331274
2019-01-18,2.63802191322582
2019-01-19,2.7187095110660495
2019-01-20,2.846520328498219
2019-01-21,2.729095590055677
2019-01-22,3.0667761120193613
2019-01-23,3.2517977929923774
2019-01-24,3.021881236800036
2019-01-25,3.017529431956343
2019-01-26,3.21136698529996
2019-01-27,3.26366015093585
2019-01-28,3.3932078129760104
2019-01-29,3.2441978634928526
2019-01-30,3.363009797487097
2019-01-31,3.308532491208603
2019-02-01,3.2348638250463613
2019-02-02,3.260869039130102
2019-02-03,2.900825045069457
2019-02-04,2.9297116457943146
2019-02-05,3.1499411719017107
2019-02-06,3.103860710202996
2019-02-07,2.9827409090471306
2019-02-08,2.897549523363529
2019-02-09,2.725067950471537
2019-02-10,2.95814491618179
2019-02-11,3.172816067963091
2019-02-12,3.0423722752864246
2019-02-13,3.1290001034862223
2019-02-14,3.1784462601801318
2019-02-15,3.2663660182114755
2019-02-16,3.022361878988186
2019-02-17,3.221387025662631
2019-02-18,3.2409094227404416
2019-02-19,3.2503055457286676
2019-02-20,3.2937932117868334
2019-02-21,3.2338261465687164
2019-02-22,3.434366493280292
2019-02-23,3.032211235067459
2019-02-24,3.032763959047747
2019-02-25,3.128318234758817
2019-02-26,2.943770961862183
2019-02-27,3.1523567315890615
2019-02-28,3.367670431228338
2019-03-01,3.416131356116466
2019-03-02,3.2962142480355303
2019-03-03,3.544411038808244
2019-03-04,3.4220822225872687
2019-03-05,3.295809703474327
2019-03-06,3.4606157949046845
2019-03-07,3.529252810441835
2019-03-08,3.42686913527126
2019-03-09,3.4931139428312403
2019-03-10,3.4033595724679064
2019-03-11,3.540797316364277
2019-03-12,3.5879920603869064
2019-03-13,3.6140634068297293
2019-03-14,3.5766739984252887
2019-03-15,3.4696498490250596
2019-03-16,3.3799248753499214
2019-03-17,3.3679090891600305
2019-03-18,3.465146913140142
2019-03-19,3.4611314520780145
2019-03-20,3.4102039194492715
2019-03-21,3.289222613441099
2019-03-22,3.4608234367665194
2019-03-23,3.4569179245074046
2019-03-24,3.520265933742852
2019-03-25,3.0430402429238668
2019-03-26,3.434851140446005
2019-03-27,3.5570419150173023
2019-03-28,3.481136060148847
2019-03-29,3.116039895775037
2019-03-30,3.4582899437234835
2019-03-31,3.61947833934744
2019-04-01,3.567289399819457
2019-04-02,3.470323502546571
2019-04-03,3.3945599168010685
2019-04-04,3.156739032432399
2019-04-05,3.5050857355295237
2019-04-06,3.3857176083862917
2019-04-07,3.388928141811648
2019-04-08,3.10201636194117
2019-04-09,3.4043231915348935
2019-04-10,3.2921422760091748
2019-04-11,3.0507751666698937
2019-04-12,3.0574172735225504
2019-04-13,3.1711767630132517
2019-04-14,3.2809677084735815
2019-04-15,3.1038431460096807
2019-04-16,3.1867055103082764
2019-04-17,3.1707404162384543
2019-04-18,3.45011726167406
2019-04-19,3.328077134895695
2019-04-20,3.5324000566758595
2019-04-21,3.3640908306516812
2019-04-22,3.275733933023215
2019-04-23,2.912496335323486
2019-04-24,3.002153733830261
2019-04-25,3.2535290579980636
2019-04-26,3.347961631611827
2019-04-27,3.154598986285771
2019-04-28,3.144525345772424
2019-04-29,3.1402030386279387
2019-04-30,3.4485469954721193
2019-05-01,3.341212770223709
2019-05-02,3.406492213528536
2019-05-03,3.5150526922244762
2019-05-04,3.341123877702317
2019-05-05,3.3638068269436854
2019-05-06,3.360308559224874
2019-05-07,3.3893560474442763
2019-05-08,3.2138891361581208
2019-05-09,3.4810100563542252
2019-05-10,3.5414859969174914
2019-05-11,3.576785046248653
2019-05-12,3.4053078254568616
2019-05-13,3.390114144988741
2019-05-14,3.7788744666559833
2019-05-15,3.4428957396775686
2019-05-16,3.501182772881643
2019-05-17,3.561250827590865
2019-05-18,3.5002468967380076
2019-05-19,3.677290154262848
2019-05-20,3.5574202766907757
2019-05-21,3.6318377651741
2019-05-22,3.5904876002735193
2019-05-23,3.552641141320741
2019-05-24,3.4767961471704054
2019-05-25,3.3058693065188782
2019-05-26,3.233154859634384
2019-05-27,3.424917388864602
2019-05-28,3.4762901832963995
2019-05-29,3.394441319444862
2019-05-30,3.587005024676881
2019-05-31,3.448624710808733
2019-06-01,3.594316038664111
2019-06-02,3.2161062975635106
2019-06-03,3.3876921553262886
2019-06-04,3.3795330342665952
2019-06-05,3.5256178185730125
2019-06-06,3.4889672344557803
2019-06-07,3.2931213860957738
2019-06-08,3.443848306515176
2019-06-09,3.467246904648077
2019-06-10,3.3278885655616754
2019-06-11,3.433678415561647
2019-06-12,3.268625987625639
2019-06-13,3.4250264000919977
2019-06-14,3.2726855545560025
2019-06-15,3.109688572234641
2019-06-16,3.185408320244681
2019-06-17,2.97291504231963
2019-06-18,3.1140945166274494
2019-06-19,3.1546388871782103
2019-06-20,2.9055093115306394
2019-06-21,2.960290530839506
2019-06-22,2.9929078232663477
2019-06-23,2.778933804188037
2019-06-24,2.9594311365781167
2019-06-25,3.233029206137798
2019-06-26,3.081373749034136
2019-06-27,3.0905559207452917
2019-06-28,3.1047525243414906
2019-06-29,2.8480001576103335
2019-06-30,2.9236070473496443
2019-07-01,3.0713849681492063
2019-07-02,3.146825530618677
2019-07-03,3.2237156556315383
2019-07-04,3.146053005694328
2019-07-05,3.0544938446074235
2019-07-06,3.2602912202805894
2019-07-07,3.3016634825308686
2019-07-08,3.1686745567679155
2019-07-09,3.31463795478551
2019-07-10,3.4212373802768106
2019-07-11,3.624458407887122
2019-07-12,3.3862063363366675
2019-07-13,3.4765310301957695
2019-07-14,3.3782186878431593
2019-07-15,3.5065692200490446
2019-07-16,3.3559948227807133
2019-07-17,3.3584751423454424
2019-07-18,3.5460211708213856
2019-07-19,3.5266441402113857
2019-07-20,3.3818187058972984
2019-07-21,3.479215216623405
2019-07-22,3.5044229738820376
2019-07-23,3.550152475605165
2019-07-24,3.5436556078497787
2019-07-25,3.532402007977043
2019-07-26,3.521144392167633
2019-07-27,3.4986798178095855
2019-07-28,3.363725409416931
2019-07-29,3.5154413073637127
2019-07-30,3.617309636809815
2019-07-31,3.456769595609814
2019-08-01,3.4040950845986875
2019-08-02,3.3383799547588047
2019-08-03,3.5103402050972012
2019-08-04,3.177153651777676
2019-08-05,3.654153365547721
2019-08-06,3.585487070188228
2019-08-07,3.6286992523951054
2019-08-08,3.5249652057600116
2019-08-09,3.4817065681907065
2019-08-10,3.3983665292877197
2019-08-11,3.4618584321012977
2019-08-12,3.523271647108486
2019-08-13,3.5814202201043734
2019-08-14,3.331054882128568
2019-08-15,3.5721443374657778
2019-08-16,3.538794033555712
2019-08-17,3.526841937891162
2019-08-18,3.422888230272969
2019-08-19,3.1268651034057475
2019-08-20,3.2034933816830558
2019-08-21,3.277415600564219
2019-08-22,3.3164708926589177
2019-08-23,3.385525476407331
2019-08-24,3.39299221406113
2019-08-25,3.4355088416100585
2019-08-26,3.400784102240892
2019-08-27,3.2881673786304075
2019-08-28,3.399579325293427
2019-08-29,3.442780149955405
2019-08-30,3.4566051067195387
2019-08-31,3.240943640832163
2019-09-01,3.4514866884874302
2019-09-02,2.861346609403132
2019-09-03,3.104950724314278
2019-09-04,3.2078395224926073
2019-09-05,3.250932517410707
2019-09-06,3.633352940912485
2019-09-07,3.4690059951793337
2019-09-08,3.392780976439113
2019-09-09,3.3457122151646614
2019-09-10,3.4436164644798253
2019-09-11,3.3410690056549246
2019-09-12,3.441512468179897
2019-09-13,3.3199719165524475
2019-09-14,3.28748471685783
2019-09-15,3.3575424720664113
2019-09-16,3.1988695753618868
2019-09-17,3.505589260475631
2019-09-18,3.5359176264561536
2019-09-19,3.3126559786823426
2019-09-20,3.4447841679225903
2019-09-21,3.038335263350973
2019-09-22,3.1322494988466234
2019-09-23,3.1574182653969673
2019-09-24,2.971074806203108
2019-09-25,3.194838656154546
2019-09-26,3.1382228794095264
2019-09-27,3.381803783948104
2019-09-28,3.0918417214216576
2019-09-29,3.2337275327160735
2019-09-30,3.319686825122
2019-10-01,3.2728635633632983
2019-10-02,3.3620435052895057
2019-10-03,3.3318208875810593
2019-10-04,3.094075109964258
2019-10-05,2.908294064144645
2019-10-06,3.0262451008041475
2019-10-07,3.3294158297410914
2019-10-08,3.3227138235433977
2019-10-09,3.4200190319721013
2019-10-10,3.298014785672837
2019-10-11,3.343522390628474
2019-10-12,3.5743981053653164
2019-10-13,3.3572589239654254
2019-10-14,3.530137006583194
2019-10-15,3.550886579200345
2019-10-16,3.4231765571593824
2019-10-17,3.441306430248944
2019-10-18,3.5282269649545013
2019-10-19,3.6310329488413498
2019-10-20,3.406651567358663
2019-10-21,3.437107232471112
2019-10-22,3.419004016733686
2019-10-23,3.4454430516501073
2019-10-24,3.268914476167639
2019-10-25,3.4490711874460462
2019-10-26,3.3973077477988065
2019-10-27,3.5486239708401013
2019-10-28,3.38528210348557
2019-10-29,3.275970552796313
2019-10-30,3.3000068401244036
2019-10-31,3.3790747091090405
2019-11-01,3.3355497542744965
2019-11-02,3.4808946398319707
2019-11-03,3.4830881585563795
2019-11-04,2.9412077084939496
2019-11-05,3.358909935032688
2019-11-06,3.4461389450282915
2019-11-07,3.5732994047898763
2019-11-08,3.3512610709493447
2019-11-09,3.0888820715269407
2019-11-10,2.8660310453697386
2019-11-11,3.431642900567223
2019-11-12,3.589569338540931
2019-11-13,3.646638986352537
2019-11-14,3.502620313416204
2019-11-15,3.488322193814076
2019-11-16,3.641570837212325
2019-11-17,3.402907776517613
2019-11-18,3.3818421656859483
2019-11-19,3.342326740235674
2019-11-20,3.4033015204747756
2019-11-21,3.241953972068631
2019-11-22,3.6213781875381525
2019-11-23,3.67708243217988
2019-11-24,3.439196540729524
2019-11-25,3.5210357546403794
2019-11-26,3.531411780879711
2019-11-27,3.5423461759948838
2019-11-28,3.588782883002179
2019-11-29,3.5529468450648602
2019-11-30,3.6208556470867217
2019-12-01,3.652452094124313
2019-12-02,3.60273548972115
2019-12-03,3.430094202718994
2019-12-04,3.449584865881337
2019-12-05,3.437958097010295
2019-12-06,3.564037238286509
2019-12-07,3.189545353021412
2019-12-08,3.4151605286950204
2019-12-09,3.360554060341663
2019-12-10,3.1865512856571927
2019-12-11,3.231164626868932
2019-12-12,3.6055704395933366
2019-12-13,3.403395464118946
2019-12-14,3.5104839203924407
2019-12-15,3.097583412600671
2019-12-16,3.174046138407736
2019-12-17,3.5141549993353394
2019-12-18,3.546618804854948
2019-12-19,3.3103323845988513
2019-12-20,3.1965429226846056
2019-12-21,3.3292540543105735
2019-12-22,2.963006162858125
2019-12-23,3.3894840769211445
2019-12-24,3.469449007271295
2019-12-25,3.5872064650563047
2019-12-26,3.4945025520966992
2019-12-27,3.5103808076619014
2019-12-28,3.2984570830407343
2019-12-29,3.2054385322165104
2019-12-30,3.3933533752029934
2019-12-31,3.524525776322467
2020-01-01,2.7321588913645707
2020-01-02,2.113283334294875
2020-01-03,2.2359263506290326
2020-01-04,2.2516291673878226
2020-01-05,3.3344539796633277
2020-01-06,3.672677172937839
2020-01-07,3.5591248374148483
2020-01-08,3.517225915117671
2020-01-09,3.6439132719881275
2020-01-10,3.145930827841919
2020-01-11,3.523333346629903
2020-01-12,3.377216295869881
2020-01-13,3.3897174913536747
2020-01-14,3.2910304232915046
2020-01-15,3.3941544296220263
2020-01-16,3.465142954126206
2020-01-17,3.4910364308508797
2020-01-18,3.2079207864303707
2020-01-19,3.2306923747136693
2020-01-20,3.5056916457013254
2020-01-21,3.573947408146651
2020-01-22,3.5005927396545653
2020-01-23,3.5235552034054964
2020-01-24,3.3274621961425703
2020-01-25,3.4755071450469757
2020-01-26,3.016545576872913
2020-01-27,3.474645186848829
2020-01-28,3.5655062747558346
2020-01-29,3.4556498152100823
2020-01-30,3.6404817407531165
2020-01-31,3.341539195052107
2020-02-01,3.261641671168423
2020-02-02,3.427449211905123
2020-02-03,3.54884370030889
2020-02-04,3.4594999500836074
2020-02-05,3.6439173271253202
2020-02-06,3.554020373756971
2020-02-07,3.468384808337129
2020-02-08,2.947991630067298
2020-02-09,3.7107796348232656
2020-02-10,3.4823109095963223
2020-02-11,3.645828736525169
2020-02-12,3.431470068731726
2020-02-13,3.5106755010306374
2020-02-14,3.6555184422167057
2020-02-15,3.5538011618965446
2020-02-16,3.165055963626058
2020-02-17,3.316310670918436
2020-02-18,3.5933729142764825
2020-02-19,3.5013714465281054
2020-02-20,3.5887841051924645
2020-02-21,3.6789710080907834
2020-02-22,3.657973384443784
2020-02-23,2.4943902729722653
2020-02-24,3.4805984888097536
2020-02-25,3.726626267082995
2020-02-26,3.6634069344106233
2020-02-27,3.674750550464653
2020-02-28,3.482247683545678
2020-02-29,3.451641439241031
2020-03-01,3.6710679604059555
2020-03-02,3.495591408749856
2020-03-03,3.667904289082301
2020-03-04,3.617754330650947
2020-03-05,3.4789198808036064
2020-03-06,3.598017956571311
2020-03-07,3.169479968666642
2020-03-08,3.815395445196733
2020-03-09,3.483992437643994
2020-03-10,3.678034331282687
2020-03-11,3.708847460146336
2020-03-12,3.377552735779132
2020-03-13,3.5261274761692767
2020-03-14,3.6701563653942446
2020-03-15,3.3987409657094725
2020-03-16,3.663980312357141
2020-03-17,3.517385562872958
2020-03-18,3.23955916268939
2020-03-19,3.542895573264726
2020-03-20,3.364382712157079
2020-03-21,3.211329660638076
2020-03-22,3.3913892904957685
2020-03-23,3.533754601098561
2020-03-24,3.595914375708491
2020-03-25,3.68714385648637
2020-03-26,3.654440272962617
2020-03-27,3.5464695732661555
2020-03-28,3.4475660795568803
2020-03-29,3.33728593619808
2020-03-30,3.7036647219236594
2020-03-31,3.491348288631353
2020-04-01,3.5039964853241123
2020-04-02,3.561529828432978
2020-04-03,3.5437914873957186
2020-04-04,3.4375844402560904
2020-04-05,3.2403045096486705
2020-04-06,3.6684537528140466
2020-04-07,3.249450495977501
2020-04-08,3.522898783282038
2020-04-09,3.2847205420371766
2020-04-10,3.884904312729864
2020-04-11,2.723409102020756
2020-04-12,3.047972642182949
2020-04-13,3.146192034483285
2020-04-14,3.2286054470114496
2020-04-15,3.618200280488708
2020-04-16,3.4878970997354224
2020-04-17,3.5598831429665214
2020-04-18,3.551097762514174
2020-04-19,3.342681764612368
2020-04-20,3.3374639158009467
2020-04-21,3.2154790861726763
2020-04-22,3.24724845950071
2020-04-23,3.2789366594942155
2020-04-24,3.3729559216366725
2020-04-25,3.1369165191062445
2020-04-26,3.2226617196270424
2020-04-27,3.2626300390136644
2020-04-28,3.1667157955983813
2020-04-29,3.241258921013509
2020-04-30,3.407343690573194
2020-05-01,3.1555024462859826
2020-05-02,2.8244758664043816
2020-05-03,3.1029620680283845
2020-05-04,3.348937656306392
2020-05-05,3.26373914743426
2020-05-06,3.3117167331300283
2020-05-07,3.4173062805067054
2020-05-08,3.4142978915086206
2020-05-09,3.427323418807122
2020-05-10,3.567429013202553
2020-05-11,3.3911692707411363
2020-05-12,3.657611822275263
2020-05-13,3.4225236300176483
2020-05-14,3.4909525918603426
2020-05-15,3.6125598154824945
2020-05-16,3.3612415471493207
2020-05-17,3.3495024116781305
2020-05-18,3.687935409730712
2020-05-19,3.415823733369796
2020-05-20,3.3446225432468912
2020-05-21,3.336261143737685
2020-05-22,3.495394125405203
2020-05-23,2.770952239871911
2020-05-24,2.8488893378768827
2020-05-25,3.1497827545893893
2020-05-26,3.584479565830401
2020-05-27,3.5592969647798065
2020-05-28,3.470374761440218
2020-05-29,3.662354372889772
2020-05-30,3.6144081034616136
2020-05-31,3.6755365969900793
2020-06-01,3.8233608180359995
2020-06-02,3.6300899466713843
2020-06-03,3.5249154304427783
2020-06-04,3.621558858170944
2020-06-05,3.5351817834466304
2020-06-06,3.6432734725712352
2020-06-07,3.0180312872377715
2020-06-08,3.4188362975069757
2020-06-09,3.531208278989451
2020-06-10,3.6161907713774086
2020-06-11,3.3813847697055834
2020-06-12,3.4225117035719617
2020-06-13,3.5935945268854432
2020-06-14,3.469048084831538
2020-06-15,3.7043214819469483
2020-06-16,3.6749788586802405
2020-06-17,3.715676729321133
2020-06-18,3.6081891191972533
2020-06-19,3.522692047188263
2020-06-20,3.5551869743410465
2020-06-21,3.4499395843894645
2020-06-22,3.4970430437451006
2020-06-23,3.777300743590822
2020-06-24,3.742019787286147
2020-06-25,3.730658938367097
2020-06-26,3.6771180750115215
2020-06-27,3.393739338185996
2020-06-28,3.5193058957238175
2020-06-29,3.6217915617542182
2020-06-30,3.451676380575747
2020-07-01,3.4915104905415646
2020-07-02,3.336293608150621
2020-07-03,3.3871547399100046
2020-07-04,3.240351403073993
2020-07-05,2.945670772971987
2020-07-06,3.345989186094627
2020-07-07,2.974184861750133
2020-07-08,3.0442437381406595
2020-07-09,3.0116110083246728
2020-07-10,3.152278352594476
2020-07-11,3.5964316803664618
2020-07-12,3.600001342007014
2020-07-13,3.6806510866884845
2020-07-14,3.7209907054709053
2020-07-15,3.509890118663431
2020-07-16,3.687206962669431
2020-07-17,3.4545699113913657
2020-07-18,3.1291997389387785
2020-07-19,3.4431153741160774
2020-07-20,3.5972286212710913
2020-07-21,3.61301725627711
2020-07-22,3.5596213450133822
2020-07-23,3.6385478023144415
2020-07-24,3.6914656912666644
2020-07-25,3.672598476966943
2020-07-26,3.36154961522925
2020-07-27,3.4296592842544027
2020-07-28,3.5744272515160986
2020-07-29,3.630388229546123
2020-07-30,3.6674407976550643
2020-07-31,3.7050545853331642
2020-08-01,3.5376162288325856
2020-08-02,3.5837481470683272
2020-08-03,3.7712325311585504
2020-08-04,3.852647085065343
2020-08-05,3.559060448746577
2020-08-06,3.7260566845095826
2020-08-07,3.6141717287405117
2020-08-08,3.173136457637815
2020-08-09,3.3187112715018676
2020-08-10,3.596284783434374
2020-08-11,3.6194058757616476
2020-08-12,3.7889506895486065
2020-08-13,3.5018021383516738
2020-08-14,3.4413140357750356
2020-08-15,3.4404812215902454
2020-08-16,3.8646797027939157
2020-08-17,3.4977613668059613
2020-08-18,3.5071537131885666
2020-08-19,3.6926565265270055
2020-08-20,3.4099668316606553
2020-08-21,3.711858179230377
2020-08-22,3.2953918758201537
2020-08-23,3.1238085296175737
2020-08-24,3.2569922021771434
2020-08-25,3.3317559491339273
2020-08-26,3.5609324350659457
2020-08-27,3.6425748225349692
2020-08-28,3.553443421687405
2020-08-29,3.3906350873197684
2020-08-30,3.57592711087404
2020-08-31,3.315364395299471
2020-09-01,3.646058972419798
2020-09-02,3.3580704758844044
2020-09-03,3.2980817336639574
2020-09-04,3.5483716659422355
2020-09-05,3.462722032193204
2020-09-06,3.0012133802582466
2020-09-07,3.4077561876762816
2020-09-08,3.340583204685498
2020-09-09,3.261862863652868
2020-09-10,3.2913920577054965
2020-09-11,3.3931105854199424
2020-09-12,3.01551849474351
2020-09-13,3.2603606285172337
2020-09-14,3.216912479958032
2020-09-15,3.4644342005717332
2020-09-16,2.873956328920151
2020-09-17,3.343900071327798
2020-09-18,3.4858766772893888
2020-09-19,3.3090363665944773
2020-09-20,3.5375562815000636
2020-09-21,3.6713792920857644
2020-09-22,3.453039705875363
2020-09-23,3.539744752226099
2020-09-24,3.374383106452365
2020-09-25,3.485131397747343
2020-09-26,3.6259228147189333
2020-09-27,3.510916356143278
2020-09-28,3.419655837449833
2020-09-29,3.524983595249643
2020-09-30,3.514585062873216
2020-10-01,3.585872957580849
2020-10-02,3.220532413138
2020-10-03,2.913800666904843
2020-10-04,2.9761174927665053
2020-10-05,3.480818942809516
2020-10-06,3.4428288267674545
2020-10-07,3.5600412216965722
2020-10-08,3.593536199791438
2020-10-09,3.2882869800969265
2020-10-10,3.5338630746422304
2020-10-11,3.2679647108508187
2020-10-12,3.231285968449018
2020-10-13,3.473673913299319
2020-10-14,3.37388260058552
2020-10-15,3.4629569605941755
2020-10-16,3.3942927438086796
2020-10-17,3.329066547930919
2020-10-18,3.5653924793886573
2020-10-19,3.5998797336340904
2020-10-20,3.413743232339069
2020-10-21,3.757357483716422
2020-10-22,3.2936410667339033
2020-10-23,3.5029439103959477
2020-10-24,3.270630978738841
2020-10-25,3.0426700241814504
2020-10-26,3.694772343705276
2020-10-27,3.4972001363632366
2020-10-28,3.527387805886258
2020-10-29,3.6757429862707434
2020-10-30,3.551973478261763
2020-10-31,3.485391764781088
2020-11-01,3.6299952672396936
2020-11-02,3.304292531766869
2020-11-03,3.557750647924653
2020-11-04,3.7186570946418644
2020-11-05,3.249225794462669
2020-11-06,2.9328828943510423
2020-11-07,2.361989053756373
2020-11-08,3.2339256512266426
2020-11-09,3.2642389255070534
2020-11-10,3.4174946958376693
2020-11-11,3.6278073647739837
2020-11-12,3.5885767367623327
2020-11-13,3.1715396493459256
2020-11-14,2.665885150264076
2020-11-15,3.591820752818257
2020-11-16,3.3892968492088595
2020-11-17,2.876236933172927
2020-11-18,3.4800640106426166
2020-11-19,3.626142356234157
2020-11-20,3.3211673037966425
2020-11-21,3.6299195977511904
2020-11-22,3.338542909094579
2020-11-23,3.415344530692276
2020-11-24,3.794607056607215
2020-11-25,3.5846745295350977
2020-11-26,3.3820041672343533
2020-11-27,3.302473981628289
2020-11-28,3.5254602034358435
2020-11-29,3.4607332378200546
2020-11-30,3.3384689774914578
2020-12-01,3.682439321922591
2020-12-02,3.545797791973726
2020-12-03,3.733461277561753
2020-12-04,3.6806597991083625
2020-12-05,3.46105735113291
2020-12-06,3.4273384269206315
2020-12-07,3.6512263264693896
2020-12-08,3.5468451797902407
2020-12-09,3.399307712209432
2020-12-10,3.555041539637494
2020-12-11,3.592059072299346
2020-12-12,3.172606472741243
2020-12-13,3.4470601871636046
2020-12-14,3.418394633174181
2020-12-15,3.555797136971849
2020-12-16,3.0515099929687692
2020-12-17,3.4503017897927215
2020-12-18,3.5337274589711267
2020-12-19,3.2499262890671115
2020-12-20,3.697829324955654
2020-12-21,3.6297344596462318
2020-12-22,3.4037666576227315
2020-12-23,3.360282728421767
2020-12-24,3.475683429209684
2020-12-25,3.1828921446826794
2020-12-26,3.160146270227181
2020-12-27,3.437872954855983
2020-12-28,3.1982829370553216
2020-12-29,3.4698442811097228
2020-12-30,3.580317633078404
2020-12-31,3.3637421472612314
2021-01-01,2.9478584516149176
2021-01-02,3.0268758944573575
2021-01-03,3.234204225590165
2021-01-04,3.514719915783833
2021-01-05,3.4084042364664233
2021-01-06,3.167856620525009
2021-01-07,3.25475111553029
2021-01-08,3.370432378178752
2021-01-09,3.5431907279000465
2021-01-10,3.2758671069864556
2021-01-11,3.248415476243303
2021-01-12,3.279621172530865
2021-01-13,3.4507280419981794
2021-01-14,3.4842879676400775
2021-01-15,3.461821204185108
2021-01-16,3.465662078325887
2021-01-17,3.551220848327519
2021-01-18,3.1383715167019557
2021-01-19,3.4991422545072064
2021-01-20,3.22705174458907
2021-01-21,3.4523843586453435
2021-01-22,3.373226944483069
2021-01-23,3.221488854633656
2021-01-24,2.776332231040738
2021-01-25,3.540031674527002
2021-01-26,3.5088935413058904
2021-01-27,3.5293499894710636
2021-01-28,3.708258328784134
2021-01-29,3.536214896587594
2021-01-30,3.60851347702456
2021-01-31,3.2487450137701295
2021-02-01,3.492975935367454
2021-02-02,3.373190649763297
2021-02-03,3.1689943652157684
2021-02-04,3.347994860722633
2021-02-05,3.7510622349915312
2021-02-06,3.398542964450993
2021-02-07,3.4465252591067688
2021-02-08,3.2550481907501156
2021-02-09,3.652032336670467
2021-02-10,3.5231602742640726
2021-02-11,3.078700014992821
2021-02-12,3.2969339369318504
2021-02-13,3.322985163909192
2021-02-14,3.3798639230675906
2021-02-15,3.629320332618408
2021-02-16,3.6364127324306326
2021-02-17,3.64835511197168
2021-02-18,3.5173994608597674
2021-02-19,3.40058878086702
2021-02-20,3.354125521760384
2021-02-21,3.4378723210787623
2021-02-22,3.618629204116232
2021-02-23,3.3720586573976057
2021-02-24,3.5150089372265407
2021-02-25,3.5541106149509814
2021-02-26,3.58382235218086
2021-02-27,3.3291371624804547
2021-02-28,3.5089926608679884
2021-03-01,3.1707529820541027
2021-03-02,3.5551470939770313
2021-03-03,3.475478264718035
2021-03-04,3.474508538145768
2021-03-05,3.295222455143322
2021-03-06,3.277581771679118
2021-03-07,3.631933590265078
2021-03-08,3.540052411213452
2021-03-09,3.7321493238902868
2021-03-10,3.5587722243964746
2021-03-11,3.1540735767226886
2021-03-12,3.536441956231949
2021-03-13,3.0681163546728367
2021-03-14,2.6640625110740275
2021-03-15,3.15678071359703
2021-03-16,3.4259266633787258
2021-03-17,3.2806608307745253
2021-03-18,3.2596731722136614
2021-03-19,3.616759646427833
2021-03-20,3.810786031535223
2021-03-21,3.774903457865472
2021-03-22,3.565490446810946
2021-03-23,3.6202348336590604
2021-03-24,3.6743484089696414
2021-03-25,3.4940680766260512
2021-03-26,3.5774052982141704
2021-03-27,3.5738563262536753
2021-03-28,3.0042108374483782
2021-03-29,3.598629023330445
2021-03-30,3.5742919701566302
2021-03-31,3.400305278650244
2021-04-01,3.326093293318287
2021-04-02,3.236705639316928
2021-04-03,2.8580812222856884
2021-04-04,3.5026973230537717
2021-04-05,3.32098887096644
2021-04-06,3.6280460882002483
2021-04-07,3.3149454227601156
2021-04-08,3.5070127360971943
2021-04-09,3.6540272105574068
2021-04-10,3.2652080937154233
2021-04-11,3.329574846319337
2021-04-12,3.534110800826418
2021-04-13,3.5350037895614617
2021-04-14,3.471144542685259
2021-04-15,3.390240090832493
2021-04-16,3.147978713547059
2021-04-17,3.47158394931612
2021-04-18,3.392883037300489
2021-04-19,3.6247142833528527
2021-04-20,3.5513243029885477
2021-04-21,3.395483153574948
2021-04-22,3.4070543874793153
2021-04-23,3.3702385572492
2021-04-24,3.359526043596343
2021-04-25,3.362404688823808
2021-04-26,3.230291723904434
2021-04-27,3.366007864022687
2021-04-28,3.213599015379505
2021-04-29,3.352755108220661
2021-04-30,3.293297283421098
2021-05-01,3.1331163570850187
2021-05-02,3.4170023582923585
2021-05-03,3.087913891079298
2021-05-04,3.472973225286625
2021-05-05,3.1490946621970437
2021-05-06,3.265519516613335
2021-05-07,3.2776653234633635
2021-05-08,3.400599948172324
2021-05-09,3.130564963217306
2021-05-10,3.2188012399042996
2021-05-11,3.4857210491740394
2021-05-12,3.3556785518441528
2021-05-13,3.184247610988275
2021-05-14,3.163497791428622
2021-05-15,3.6539030181217615
2021-05-16,3.101236375115142
2021-05-17,3.2518873077069137
2021-05-18,3.2389716532768937
2021-05-19,3.2532802685222983
2021-05-20,3.3362777881046872
2021-05-21,3.335435815768312
2021-05-22,3.0227227295106127
2021-05-23,3.099378901810964
2021-05-24,3.340909099403998
2021-05-25,3.3979751468179966
2021-05-26,3.09600888772522
2021-05-27,3.6341642012593365
2021-05-28,3.736684469494273
2021-05-29,3.410478472033578
2021-05-30,3.6114243433109627
2021-05-31,3.320474359696589
2021-06-01,3.025634742501368
2021-06-02,3.13487737283913
2021-06-03,3.1136552980407894
2021-06-04,3.415597121155674
2021-06-05,3.0455584685384
2021-06-06,3.3854069254613286
2021-06-07,3.216374951418919
2021-06-08,3.1974154185629837
2021-06-09,3.2582249689240914
2021-06-10,3.145494736363766
2021-06-11,3.4905509221016358
2021-06-12,2.986518428737168
2021-06-13,3.3210220717294763
2021-06-14,3.2786343314975452
2021-06-15,2.991420916601518
2021-06-16,3.208081439918997
2021-06-17,3.32677954557857
2021-06-18,3.1648649095522736
2021-06-19,3.2097111012451847
2021-06-20,2.9560220021939543
2021-06-21,2.632944073298917
2021-06-22,3.174480782734369
2021-06-23,3.4660154868111617
2021-06-24,3.3529776985993833
2021-06-25,3.4224409734622845
2021-06-26,3.266713320305043
2021-06-27,3.4366816370885394
2021-06-28,3.1655883147723607
2021-06-29,3.2560233665390528
2021-06-30,3.5563351315542673
2021-07-01,3.733685139635962
2021-07-02,3.5494505849165794
2021-07-03,3.5021330486126434
2021-07-04,3.1169065691149473
2021-07-05,3.2172283191723783
2021-07-06,3.5545098291115287
2021-07-07,3.205990809901996
2021-07-08,3.3580877377131158
2021-07-09,3.5226195013046944
2021-07-10,3.434240922247721
2021-07-11,3.23376804437539
2021-07-12,3.5704724050517744
2021-07-13,3.5935845010823426
2021-07-14,3.5432195918075897
2021-07-15,3.569774063136618
2021-07-16,3.5351153205892443
2021-07-17,3.361281920415286
2021-07-18,3.3062097030647335
2021-07-19,3.5365042231464185
2021-07-20,3.534424488913931
2021-07-21,2.8410195931231743
2021-07-22,2.9432839620424103
2021-07-23,3.0526724553858005
2021-07-24,3.189759570670494
2021-07-25,2.8382114348815275
2021-07-26,3.2587847772236174
2021-07-27,3.405356487341285
2021-07-28,3.1780505727383614
2021-07-29,3.2713034668851013
2021-07-30,3.123808286109468
2021-07-31,3.112818112699314
2021-08-01,3.545115749583782
2021-08-02,3.3828383045221315
2021-08-03,3.3268300525641057
2021-08-04,3.2242916225334204
2021-08-05,3.3316821715999936
2021-08-06,3.135326382881864
2021-08-07,3.4797084177661013
2021-08-08,3.4013864934513327
2021-08-09,3.607293744168656
2021-08-10,3.350333598376456
2021-08-11,3.6728130168705238
2021-08-12,3.7293061079674374
2021-08-13,3.246230123568847
2021-08-14,3.5361770849076875
2021-08-15,3.222997062716518
2021-08-16,2.970715868795353
2021-08-17,3.405355758167385
2021-08-18,3.2769216609879828
2021-08-19,3.604903913835726
2021-08-20,3.2633265696848524
2021-08-21,3.468058105342348
2021-08-22,2.877001616047902
2021-08-23,2.763947597307988
2021-08-24,3.341455560406115
2021-08-25,3.0396615832032676
2021-08-26,3.577976435582279
2021-08-27,3.429932321262567
2021-08-28,3.3101566249720333
2021-08-29,3.0321878176039814
2021-08-30,3.6104225515741852
2021-08-31,3.396968224477972
2021-09-01,3.4283920658078477
2021-09-02,3.4379213951277405
2021-09-03,3.4088747241860964
2021-09-04,3.413719061041383
2021-09-05,3.2242586012198116
2021-09-06,3.284231854646608
2021-09-07,3.326767584260376
2021-09-08,3.214230512204708
2021-09-09,3.320571662333671
2021-09-10,3.307293774535614
2021-09-11,3.4508721875853836
2021-09-12,3.378454566505743
2021-09-13,3.388968778638121
2021-09-14,3.11590947810935
2021-09-15,3.2464229973073397
2021-09-16,3.2465033598238886
2021-09-17,3.4928866363714537
2021-09-18,3.592283452184024
2021-09-19,3.241050268456264
2021-09-20,3.479947962814513
2021-09-21,3.5034220285759377
2021-09-22,3.0391072740794494
2021-09-23,3.2250307649366277
2021-09-24,3.4011990319035394
2021-09-25,3.5219961853609485
2021-09-26,3.364043941321906
2021-09-27,3.596003092558237
2021-09-28,3.444219803975546
2021-09-29,3.58342890430243
2021-09-30,3.3409121547783363
2021-10-01,3.404966535449306
2021-10-02,3.574462634022756
2021-10-03,3.356318624110024
2021-10-04,3.417261611284264
2021-10-05,3.455720515860909
2021-10-06,3.2592871342454166
2021-10-07,3.451663034565833
2021-10-08,3.553128221494435
2021-10-09,2.992548459785132
2021-10-10,3.519218224746843
2021-10-11,3.660678470967493
2021-10-12,3.242634228449388
2021-10-13,3.3157087102310068
2021-10-14,3.6142867000327095
2021-10-15,3.084439804876843
2021-10-16,3.411299028778054
2021-10-17,3.252700618052661
2021-10-18,2.899706804168618
2021-10-19,3.1056013078149443
2021-10-20,3.3403292066659684
2021-10-21,3.3836456612893406
2021-10-22,3.143279609391762
2021-10-23,3.3142266661165305
2021-10-24,3.082897548813426
2021-10-25,3.341321046882377
2021-10-26,3.6682466930455795
2021-10-27,3.457002296306807
2021-10-28,3.5409118259474504
2021-10-29,3.1839774216988204
2021-10-30,2.9111588420433283
2021-10-31,2.9821740992263672
2021-11-01,3.1663074162464695
2021-11-02,3.448951549187478
2021-11-03,3.6455997918950787
2021-11-04,3.4493488555513787
2021-11-05,3.366259470407726
2021-11-06,3.560402410307319
2021-11-07,3.525086153066363
2021-11-08,3.010851771768083
2021-11-09,3.3491499662149877
2021-11-10,3.4471934919049994
2021-11-11,3.368236609624742
2021-11-12,3.2702004767333333
2021-11-13,3.320489460088774
2021-11-14,3.2634414531300444
2021-11-15,3.330442667953204
2021-11-16,3.1290160134743403
2021-11-17,3.191812557191336
2021-11-18,3.3755785370877245
2021-11-19,2.902876577091874
2021-11-20,3.627136376538999
2021-11-21,3.183606450210696
2021-11-22,3.180732940634116
2021-11-23,3.5556355356335363
2021-11-24,3.47699550779789
2021-11-25,3.5721314998983864
2021-11-26,3.6048382074234913
2021-11-27,3.317708417652287
2021-11-28,3.2613665708145207
2021-11-29,3.525132527211261
2021-11-30,3.607763830709174
2021-12-01,2.929919997057105
2021-12-02,3.0561495223381256
2021-12-03,3.271537242660222
2021-12-04,3.549657753507522
2021-12-05,3.3340454245143842
2021-12-06,3.5213688611164295
2021-12-07,3.320013420338302
2021-12-08,3.4051403660968815
2021-12-09,3.4426854952101404
2021-12-10,3.4404992868802196
2021-12-11,3.6165201379721434
2021-12-12,3.5714255269657955
2021-12-13,3.26976659502353
2021-12-14,3.370828880947409
2021-12-15,3.1552294237787537
2021-12-16,3.5607369155576127
2021-12-17,3.541807657523651
2021-12-18,3.5844829609973545
2021-12-19,3.4447387394236086
2021-12-20,3.264444978972379
2021-12-21,3.7295857375195327
2021-12-22,3.703273613700302
2021-12-23,3.546896216568224
2021-12-24,3.692582839610109
2021-12-25,3.058407748701363
2021-12-26,3.2358685018599833
2021-12-27,3.310911545804144
2021-12-28,2.676760717562987
2021-12-29,3.3591801064951783
2021-12-30,3.3790938632674443
2021-12-31,3.330126940092877
2022-01-01,3.4908535380870314
2022-01-02,3.4797117213890583
2022-01-03,3.6012873511900656
2022-01-04,3.344983457765222
2022-01-05,3.349222355609635
2022-01-06,3.4994968705496756
2022-01-07,3.363971123940504
2022-01-08,2.9287154488406473
2022-01-09,3.3395552233772023
2022-01-10,3.3182689745124634
2022-01-11,3.1871938648803115
2022-01-12,3.5160507460213313
2022-01-13,3.621918287149287
2022-01-14,3.558443250967251
2022-01-15,3.6083586892419524
2022-01-16,3.5453915262299325
2022-01-17,3.3877103490859986
2022-01-18,3.4399049606105585
2022-01-19,3.5447656886058536
2022-01-20,3.4344827398552655
2022-01-21,3.444601642802211
2022-01-22,3.2406533568482963
2022-01-23,3.4354670896452193
2022-01-24,3.7401809873436584
2022-01-25,3.50419260770466
2022-01-26,3.3682116880730195
2022-01-27,3.3189328278484194
2022-01-28,3.5120506358201604
2022-01-29,3.477567098659434
2022-01-30,3.424062843499077
2022-01-31,3.378853916313945
2022-02-01,3.4467986444845384
2022-02-02,3.2056219411514957
2022-02-03,3.352321230818741
2022-02-04,3.4310440122869177
2022-02-05,3.3205408456718755
2022-02-06,3.627346001009046
2022-02-07,3.438783241856695
2022-02-08,3.5176623783918703
2022-02-09,3.4561157455353295
2022-02-10,3.2839990065264977
2022-02-11,3.2531661923629054
2022-02-12,3.396320900087014
2022-02-13,2.495556125406366
2022-02-14,3.2170587067684977
2022-02-15,3.426862995811757
2022-02-16,2.6520778765438147
2022-02-17,3.6461066292014244
2022-02-18,3.473809104638986
2022-02-19,3.3070922594655436
2022-02-20,3.4089369174861006
2022-02-21,3.4402765285473955
2022-02-22,3.225689887947645
2022-02-23,3.65745484347158
2022-02-24,3.4243691450401186
2022-02-25,3.503423610744455
2022-02-26,3.6102107017524427
2022-02-27,3.288160269526427
2022-02-28,3.5046136971858908
2022-03-01,3.487144694897838
2022-03-02,3.2897082980480636
2022-03-03,3.6079117719008598
2022-03-04,3.1794204789367404
2022-03-05,3.333710539881883
2022-03-06,3.4431255052631293
2022-03-07,3.5255178128610947
2022-03-08,3.7243178524875913
2022-03-09,3.8032666799562627
2022-03-10,3.6294338054783424
2022-03-11,3.6023061270032395
2022-03-12,3.801922536860946
2022-03-13,3.504468956179792
2022-03-14,3.726194101616651
2022-03-15,3.391890829418349
2022-03-16,3.5570688562525388
2022-03-17,3.3538684217425994
2022-03-18,3.647817905765745
2022-03-19,3.6163747254930736
2022-03-20,3.0623516350772597
2022-03-21,3.6154992085705
2022-03-22,3.1674628278528854
2022-03-23,3.4715244787396737
2022-03-24,3.4282945520729893
2022-03-25,3.5416243204624505
2022-03-26,3.6387678297962163
2022-03-27,3.6105005799297136
2022-03-28,3.640591626186813
2022-03-29,3.48040392190918
2022-03-30,3.4531792736790465
2022-03-31,3.518624619197295
2022-04-01,3.606830298888423
2022-04-02,3.6009227096370826
2022-04-03,3.4553793232064054
2022-04-04,3.514977398108451
2022-04-05,3.513428348122479
2022-04-06,3.1607255720674092
2022-04-07,3.281767185710812
2022-04-08,3.6048197169354457
2022-04-09,3.4485020254817536
2022-04-10,3.4185376869316677
2022-04-11,3.3535647286912136
2022-04-12,3.274706518803019
2022-04-13,3.530038642314032
2022-04-14,3.6882860729690066
2022-04-15,3.376658697992422
2022-04-16,3.2523086108891324
2022-04-17,3.394191515684009
2022-04-18,3.526217432597731
2022-04-19,3.499276592416005
2022-04-20,3.3292811697168005
2022-04-21,3.3585843490648415
2022-04-22,3.2720123167298225
2022-04-23,3.476807203566611
2022-04-24,3.289619956160362
2022-04-25,3.4587054493168274
2022-04-26,3.578287020166366
2022-04-27,3.2036227435829137
2022-04-28,3.2915166596304046
2022-04-29,3.482688488297578
2022-04-30,3.5259422413925163
2022-05-01,3.3447101511969235
2022-05-02,3.426778783176146
2022-05-03,3.5664393971792125
2022-05-04,3.353211580468003
2022-05-05,3.52247202615267
2022-05-06,3.4220495502649504
2022-05-07,3.3550099463590835
2022-05-08,3.4063241537154836
2022-05-09,3.507538901728979
2022-05-10,3.4000355162710783
2022-05-11,3.5535348135331555
2022-05-12,3.4404822040911327
2022-05-13,3.453138075392457
2022-05-14,3.4486826769669885
2022-05-15,3.5920195868613014
2022-05-16,3.6574792729564454
2022-05-17,3.546674487276498
2022-05-18,3.4163682151553574
2022-05-19,3.1975363150475875
2022-05-20,3.3321899994567215
2022-05-21,3.2565316582912143
2022-05-22,3.1316839294597547
2022-05-23,3.4270348308739176
2022-05-24,3.4583180123423167
2022-05-25,3.230701301062727
2022-05-26,3.616784099055751
2022-05-27,3.7277646126908905
2022-05-28,3.6655672000518016
2022-05-29,3.4540548539685143
2022-05-30,3.580535234213643
2022-05-31,3.7042114666850345
2022-06-01,3.500248849877377
2022-06-02,3.6274016334132066
2022-06-03,3.3163134233766036
2022-06-04,3.5451908503268466
2022-06-05,3.2781215967583153
2022-06-06,3.34947012860787
2022-06-07,3.6415905662618613
2022-06-08,3.5251769069224927
2022-06-09,3.2807720561562124
2022-06-10,3.3263437411519776
2022-06-11,3.380638980008854
2022-06-12,3.0747398752499517
2022-06-13,3.391412239065273
2022-06-14,3.624398684033466
2022-06-15,3.591681343201872
2022-06-16,3.4718295728231685
2022-06-17,3.620858064328943
2022-06-18,3.544961702175692
2022-06-19,3.1326849363524683
2022-06-20,3.6324878849767823
2022-06-21,3.5325853810596723
2022-06-22,3.241104080949486
2022-06-23,3.188018984561162
2022-06-24,3.3132106833133514
2022-06-25,3.353990110754696
2022-06-26,3.394306055300907
2022-06-27,3.484904509102202
2022-06-28,3.3868725009753695
2022-06-29,3.2584405380510453
2022-06-30,3.457104847352406
2022-07-01,3.489953513662256
2022-07-02,3.5524676909465773
2022-07-03,3.329568861121322
2022-07-04,3.4383572735889727
2022-07-05,3.618652111711943
2022-07-06,3.5023458879060563
2022-07-07,3.5670255090580874
2022-07-08,3.340884508000419
2022-07-09,3.1827680405442997
2022-07-10,3.2127178194071835
2022-07-11,3.5284237507334826
2022-07-12,3.4887215082946588
2022-07-13,3.488070514645982
2022-07-14,3.3769106735037577
2022-07-15,3.557030460012567
2022-07-16,3.659654323562599
2022-07-17,3.6109479317492768
2022-07-18,3.6432464203249344
2022-07-19,3.603652827256862
2022-07-20,3.65956890913987
2022-07-21,3.5475583946467957
2022-07-22,3.7016996767647914
2022-07-23,3.4080076372805523
2022-07-24,3.340437719114237
2022-07-25,3.5484301243950314
2022-07-26,3.4966915333501074
2022-07-27,3.5156311564035785
2022-07-28,3.6371183542408194
2022-07-29,3.4607325210709474
2022-07-30,3.486433571156258
2022-07-31,3.3499603536372113
2022-08-01,3.5142226441549607
2022-08-02,3.5641969550892907
2022-08-03,3.464590119918825
2022-08-04,3.082528891264564
2022-08-05,3.572085686053542
2022-08-06,3.3741117958592417
2022-08-07,3.416024318847475
2022-08-08,3.6241228966816736
2022-08-09,3.707646849434115
2022-08-10,3.4422048633206543
2022-08-11,3.489804182813632
2022-08-12,3.546956076500404
2022-08-13,3.5607606706095485
2022-08-14,3.1394337169992546
2022-08-15,3.5780990338532144
2022-08-16,3.7716962123680844
2022-08-17,3.542161828479181
2022-08-18,3.516433778554227
2022-08-19,3.6924145467545504
2022-08-20,3.661024361540474
2022-08-21,3.5873725967426986
2022-08-22,3.794813005227587
2022-08-23,3.633633934086338
2022-08-24,3.4572059013077467
2022-08-25,3.673568908181467
2022-08-26,3.4578638775550203
2022-08-27,3.492691240559996
2022-08-28,3.2511839707155508
2022-08-29,3.641312386801483
2022-08-30,3.5551890162918793
2022-08-31,3.64038005044929
2022-09-01,3.6896264352321753
2022-09-02,3.477020202689607
2022-09-03,3.668737932968054
2022-09-04,3.3863849971216085
2022-09-05,3.5828110072786896
2022-09-06,3.6028228728229896
2022-09-07,3.5942574550504203
2022-09-08,3.373210268627612
2022-09-09,3.6971517409702317
2022-09-10,3.844788886124074
2022-09-11,3.3630709382412642
2022-09-12,3.553807877062215
2022-09-13,3.5840805007102237
2022-09-14,3.081023984420643
2022-09-15,3.440724212176044
2022-09-16,3.270182996477345
2022-09-17,3.302457933967924
2022-09-18,3.551601411555299
2022-09-19,3.363268346019688
2022-09-20,3.144852228007741
2022-09-21,3.44744995124661
2022-09-22,3.4992696146862348
2022-09-23,3.4477206489216052
2022-09-24,3.4446065847813956
2022-09-25,3.2298718688519448
2022-09-26,3.2876849712789147
2022-09-27,3.341502562164742
2022-09-28,3.422502831581518
2022-09-29,3.084483376780202
2022-09-30,3.3749133730802274
2022-10-01,3.292538829368752
2022-10-02,3.2916444501649287
2022-10-03,3.448486166487472
2022-10-04,3.4016758952720787
2022-10-05,3.2526292162992485
2022-10-06,3.3571116039895896
2022-10-07,3.5384536574027585
2022-10-08,3.325234054369107
2022-10-09,3.4580802720003736
2022-10-10,3.6037240635874994
2022-10-11,3.321817186718607
2022-10-12,3.5973183963805093
2022-10-13,3.634255018148912
2022-10-14,3.5651460179285324
2022-10-15,3.4676835899041802
2022-10-16,3.5087903573434818
2022-10-17,3.4106623637568347
2022-10-18,3.3888555874976465
2022-10-19,3.3852645140772273
2022-10-20,3.586172174316003
2022-10-21,3.52471341901697
2022-10-22,3.7838614139443933
2022-10-23,3.529850355778038
2022-10-24,3.6206860216550667
2022-10-25,3.691343156651692
2022-10-26,3.5752679914206325
2022-10-27,3.4300249017889377
2022-10-28,3.354388609879637
2022-10-29,3.593853110594772
2022-10-30,3.5973982978154964
2022-10-31,3.611997185218837
2022-11-01,3.653169777406289
2022-11-02,3.393442840128829
2022-11-03,3.5471160243631408
2022-11-04,3.5979561617248597
2022-11-05,3.4982597315675386
2022-11-06,3.6214762834753564
2022-11-07,3.5894671093094894
2022-11-08,3.638393840825283
2022-11-09,3.4125569324692258
2022-11-10,3.459738609874316
2022-11-11,3.15435798148198
2022-11-12,3.260803439342099
2022-11-13,2.9295257901351626
2022-11-14,3.1763681875900676
2022-11-15,3.4715777721630126
2022-11-16,3.231269738105731
2022-11-17,3.3475864858321973
2022-11-18,3.2227697815150127
2022-11-19,3.303639624191492
2022-11-20,3.5509754562346107
2022-11-21,3.484247660002344
2022-11-22,3.326151080538703
2022-11-23,3.479583888617595
2022-11-24,3.390044143683049
2022-11-25,3.3965833719435716
2022-11-26,3.5924586183483265
2022-11-27,3.4907754722225786
2022-11-28,3.3981106170167545
2022-11-29,3.2243202649405975
2022-11-30,3.5219345473759205
2022-12-01,3.7577724988824572
2022-12-02,3.798837831695207
2022-12-03,3.687306468387477
2022-12-04,3.7137300420272368
2022-12-05,3.407319982809034
2022-12-06,3.590552393907547
2022-12-07,3.6693813220278653
2022-12-08,3.687462898081769
2022-12-09,3.583238124528935
2022-12-10,3.309999108652077
2022-12-11,3.0727751365037403
2022-12-12,3.250964036592465
2022-12-13,3.5334537970959534
2022-12-14,3.587743509581234
2022-12-15,3.410010852974688
2022-12-16,3.3085943421345227
2022-12-17,3.453567010601019
2022-12-18,3.1372788205355153
2022-12-19,3.568481129871595
2022-12-20,3.5109820936768883
2022-12-21,3.7063772084966327
2022-12-22,3.6168404498289206
2022-12-23,3.635949490983698
2022-12-24,3.313335162768711
2022-12-25,2.874300440667534
2022-12-26,3.2718001178743297
2022-12-27,3.4030735373201817
2022-12-28,3.5936066882048197
2022-12-29,3.5357006904073507
2022-12-30,3.4070225308356465
2022-12-31,3.197535880777924
2023-01-01,3.4731860425375585
2023-01-02,3.550906485169091
2023-01-03,3.566294974807102
2023-01-04,3.4178955773017408
2023-01-05,3.5711737493410025
2023-01-06,3.3902006619010523
2023-01-07,3.2555029509884443
2023-01-08,3.2476678763982183
2023-01-09,3.5650618570596846
2023-01-10,3.477364098561314
2023-01-11,3.5120019841731493
2023-01-12,3.558262650628628
2023-01-13,3.3455498811979214
2023-01-14,3.4490048205074095
2023-01-15,3.1571633549244735
2023-01-16,3.178181290948708
2023-01-17,3.0579832476753226
2023-01-18,3.486918582283238
2023-01-19,3.7831003605045543
2023-01-20,3.7842794754263482
2023-01-21,3.687991393651498
2023-01-22,3.4592194706456287
2023-01-23,3.609140423445341
2023-01-24,3.718625611870861
2023-01-25,3.464718542881137
2023-01-26,3.2872251260393788
2023-01-27,3.364365914795977
2023-01-28,3.2290864953546388
2023-01-29,3.4480973237531334
2023-01-30,3.4444559499039986
2023-01-31,3.5740276769064496
2023-02-01,3.3910499426345053
2023-02-02,3.5597957527541735
2023-02-03,3.5374900005574452
2023-02-04,3.243178086139726
2023-02-05,3.6485168202848093
2023-02-06,3.5154128420596256
2023-02-07,3.525538316811168
2023-02-08,3.1538881404360017
2023-02-09,3.304241255691711
2023-02-10,3.6233265871509595
2023-02-11,3.6885451406450014
2023-02-12,3.191198968531349
2023-02-13,3.5196255308050612
2023-02-14,3.632625632033388
2023-02-15,3.0532216230382145
2023-02-16,3.5046030342791905
2023-02-17,3.5647963312270488
2023-02-18,3.3473560426267577
2023-02-19,3.491716364477331
2023-02-20,3.546215565866988
2023-02-21,3.652366963959748
2023-02-22,3.8030255805585194
2023-02-23,3.531095759838646
2023-02-24,3.5398176911701285
2023-02-25,3.6369451660829246
2023-02-26,3.0446021152224345
2023-02-27,3.2816886289091465
2023-02-28,3.441118115710924
2023-03-01,3.5781548538105
2023-03-02,3.5777307326977748
2023-03-03,3.6577512466761037
2023-03-04,3.6894743447464364
2023-03-05,3.631147360969766
2023-03-06,3.7318693117970914
2023-03-07,3.7427821709128337
2023-03-08,3.5028304072734446
2023-03-09,3.5616114233945697
2023-03-10,3.755237844970962
2023-03-11,3.362661733333296
2023-03-12,3.5503666926137782
2023-03-13,3.467236478646638
2023-03-14,3.436015388188258
2023-03-15,3.493156270119458
2023-03-16,3.2188319628025295
2023-03-17,3.338972534956079
2023-03-18,3.418290246368735
2023-03-19,3.443402842640069
2023-03-20,3.6203076340326326
2023-03-21,3.5711040765185005
2023-03-22,3.360246485683061
2023-03-23,3.334461336762584
2023-03-24,3.665437958115967
2023-03-25,3.6625041617582292
2023-03-26,3.5837100482422786
2023-03-27,3.5388562784145723
2023-03-28,3.8153129692815377
2023-03-29,3.7190359574373373
2023-03-30,3.7236978359309174
2023-03-31,3.7786526263438724
2023-04-01,3.5843616079301124
2023-04-02,3.654770171984442
2023-04-03,3.732709950349974
2023-04-04,3.746506189569876
2023-04-05,3.6787220868110495
2023-04-06,3.721836792760586
2023-04-07,3.8267105936847705
2023-04-08,3.6736479114546214
2023-04-09,3.6303883349833357
2023-04-10,3.599760072753576
2023-04-11,3.3514554270071715
2023-04-12,3.406161727893635
2023-04-13,3.4431067774667103
2023-04-14,3.6568589068091173
2023-04-15,3.3997051119408876
2023-04-16,3.6347984727572524
2023-04-17,3.5350293904700423
2023-04-18,3.46807538702077
2023-04-19,3.723848910570349
2023-04-20,3.6068890633493
2023-04-21,3.6771410173872305
2023-04-22,3.662202397639158
2023-04-23,3.741069958962191
2023-04-24,3.4536050776614236
2023-04-25,3.5232912735436397
2023-04-26,3.668322326347907
2023-04-27,3.6069457002238625
2023-04-28,3.538978272246604
2023-04-29,3.494550530149282
2023-04-30,3.351038574989137
2023-05-01,3.4644139779458216
2023-05-02,3.227104764011915
2023-05-03,3.3658447868960213
2023-05-04,3.524955963650515
2023-05-05,3.672683127647869
2023-05-06,3.123302643066746
2023-05-07,3.070522400805638
2023-05-08,3.44584484621628
2023-05-09,3.3018257241048046
2023-05-10,3.5382422675757055
2023-05-11,3.5213209258427938
2023-05-12,3.2468116930057294
2023-05-13,3.0654163645243337
2023-05-14,3.0083021972075827
2023-05-15,3.5488263611446222
2023-05-16,3.5534246630611457
2023-05-17,3.351113324563514
2023-05-18,3.60264444663535
2023-05-19,3.609915966288825
2023-05-20,3.316401508896419
2023-05-21,3.2446424202873723
2023-05-22,3.3518804053819307
2023-05-23,3.6675892115060744
2023-05-24,3.8114455537255876
2023-05-25,3.7135134371411587
2023-05-26,3.815613085191897
2023-05-27,3.5988008417445467
2023-05-28,3.5909193680657996
2023-05-29,3.672523739696611
2023-05-30,3.717048861072759
2023-05-31,3.7051539177707733
2023-06-01,3.5840988588439577
2023-06-02,3.6439732056207155
2023-06-03,3.2401035144734873
2023-06-04,3.339805412096644
2023-06-05,3.4768182405134542
2023-06-06,3.507014920784708
2023-06-07,3.5337717830194406
2023-06-08,3.4511647918786417
2023-06-09,3.665722171135752
2023-06-10,3.415422475298106
2023-06-11,3.33486262817153
2023-06-12,3.4455753445727098
2023-06-13,3.5605261640267574
2023-06-14,3.75462310399217
2023-06-15,3.4449501221795304
2023-06-16,3.704943254042964
2023-06-17,3.2089703018735225
2023-06-18,3.1302870401342804
2023-06-19,3.2159189165703266
2023-06-20,3.256444150937083
2023-06-21,3.2152276578193386
2023-06-22,3.2608518528239463
2023-06-23,3.5248503863734233
2023-06-24,3.3712942562516255
2023-06-25,3.3607277735044914
2023-06-26,3.5058825734657213
2023-06-27,3.44401254063023
2023-06-28,3.4054132870188782
2023-06-29,3.4987388194716273
2023-06-30,3.666190479263313
2023-07-01,3.2236863028269562
2023-07-02,3.308259340709381
2023-07-03,3.5996352219145713
2023-07-04,3.5641061787051607
2023-07-05,3.615439822005325
2023-07-06,3.4225474865713927
2023-07-07,3.6349041170388627
2023-07-08,3.1202527322676934
2023-07-09,3.370376578025106
2023-07-10,3.467245467628175
2023-07-11,3.578276641163707
2023-07-12,3.3215846695490607
2023-07-13,3.2498265723910698
2023-07-14,3.2452522353582585
2023-07-15,3.2610536322208277
2023-07-16,3.4594903602255056
2023-07-17,3.419612244499244
2023-07-18,3.4545323632844855
2023-07-19,3.525714363269387
2023-07-20,3.4919620376770544
2023-07-21,3.458029349070809
2023-07-22,3.514499088447542
2023-07-23,3.2945448871835405
2023-07-24,3.5226929599023533
2023-07-25,3.419130598843349
2023-07-26,3.1437620911432833
2023-07-27,3.0324947591848304
2023-07-28,3.1918724453866067
2023-07-29,3.092424890341868
2023-07-30,3.0615423640940085
2023-07-31,3.111797463803299
2023-08-01,3.4061410693257255
2023-08-02,3.2704259475988544
2023-08-03,3.3258447134441935
2023-08-04,3.3673769736859227
2023-08-05,3.2798528089980574
2023-08-06,3.68553713685184
2023-08-07,3.518835583900251
2023-08-08,3.438598528173274
2023-08-09,3.1798514363324846
2023-08-10,3.4582875916417857
2023-08-11,3.4908816090598513
2023-08-12,3.374521602801283
2023-08-13,3.153609289259484
2023-08-14,3.4731199221679727
2023-08-15,3.5081722211664013
2023-08-16,3.476775788266708
2023-08-17,3.506880988149939
2023-08-18,3.4459237206480964
2023-08-19,3.3329060933958705
2023-08-20,3.712692389095996
2023-08-21,3.653500674834765
2023-08-22,3.6984880337365453
2023-08-23,3.83944805616311
2023-08-24,3.634834892715372
2023-08-25,3.4760735646307914
2023-08-26,3.4470038629487196
2023-08-27,3.281839614822522
2023-08-28,3.5799328418710203
2023-08-29,3.6737946468595384
2023-08-30,3.5359293349862315
2023-08-31,3.584190471085823
2023-09-01,3.67499848027067
2023-09-02,3.3847088911961096
2023-09-03,3.549191613566167
2023-09-04,3.323845555450415
2023-09-05,3.206180099288435
2023-09-06,3.3058674027136865
2023-09-07,3.194355671188398
2023-09-08,3.500384369059897
2023-09-09,3.233784509500579
2023-09-10,3.307195646053028
2023-09-11,2.988394859262549
2023-09-12,3.0586232318263353
2023-09-13,3.1334020533507774
2023-09-14,3.313224754473583
2023-09-15,3.2429536158288443
2023-09-16,3.086066470297532
2023-09-17,2.9106085844846117
2023-09-18,3.1307066002031476
2023-09-19,3.1167714111717815
2023-09-20,3.271987339994594
2023-09-21,3.302760711565941
2023-09-22,3.31835324075523
2023-09-23,3.310929717242897
2023-09-24,3.462879422482516
2023-09-25,3.443805757212705
2023-09-26,3.5238055353441773
2023-09-27,3.5815047858798117
2023-09-28,3.5614025384962136
2023-09-29,3.4577001052872265
2023-09-30,3.488650721451267
2023-10-01,3.5082165846403246
2023-10-02,3.4991221412339084
2023-10-03,3.423415984498672
2023-10-04,3.50979809456652
2023-10-05,3.751299461401402
2023-10-06,3.4503103648470406
2023-10-07,3.533520383533481
2023-10-08,3.4724951348223256
2023-10-09,3.2952275189295244
2023-10-10,3.517450744517956
2023-10-11,3.6130840467649517
2023-10-12,3.4389674862608213
2023-10-13,3.651974070427524
2023-10-14,3.554679648500331
2023-10-15,3.759107797798322
2023-10-16,3.2779535087069
2023-10-17,3.640767733738704
2023-10-18,3.044298941829208
2023-10-19,3.2077932168669485
2023-10-20,3.390966659113508
2023-10-21,3.6259271243338076
2023-10-22,3.418923814541554
2023-10-23,3.558172709678837
2023-10-24,3.6488222369424803
2023-10-25,3.6913073937128016
2023-10-26,3.443746442334133
2023-10-27,3.7185464104055588
2023-10-28,3.5601886201782706
2023-10-29,3.46937532066607
2023-10-30,3.6691255899518365
2023-10-31,3.416784878931855
2023-11-01,3.6225472042485753
2023-11-02,3.5408381906107547
2023-11-03,3.608813186724498
2023-11-04,3.5569094647293533
2023-11-05,3.6017496357396497
2023-11-06,3.596513955551646
2023-11-07,3.6476732139508856
2023-11-08,3.41447653854732
2023-11-09,3.361904483458892
2023-11-10,3.4783305073351403
2023-11-11,3.6097158472119277
2023-11-12,3.5088624456656037
2023-11-13,3.534710036715289
2023-11-14,3.649692055117398
2023-11-15,3.34853391708755
2023-11-16,3.4114586170215975
2023-11-17,3.451120706512198
2023-11-18,3.4616802673881097
2023-11-19,3.459587495368306
2023-11-20,3.601481922744604
2023-11-21,3.6886574665659833
2023-11-22,3.690804765993471
2023-11-23,3.6973834567292707
2023-11-24,3.6392620826414457
2023-11-25,3.499169581577809
2023-11-26,3.187387864540702
2023-11-27,3.8062647134003105
2023-11-28,3.7011154303418192
2023-11-29,3.7750053358469557
2023-11-30,3.823718622849427
2023-12-01,3.7680111761816173
2023-12-02,3.6272881575308156
2023-12-03,3.639809730265189
2023-12-04,3.5076833379945276
2023-12-05,3.520090673072785
2023-12-06,3.6251370985424356
2023-12-07,3.6273921620750706
2023-12-08,3.4761746035962515
2023-12-09,3.417291704554386
2023-12-10,3.5571193984308875
2023-12-11,3.6745177452923308
2023-12-12,3.300893780772148
2023-12-13,3.259475055972363
2023-12-14,3.524583242623366
2023-12-15,3.2960906746822194
2023-12-16,3.300521047537413
2023-12-17,3.317376184213517
2023-12-18,3.380939195881951
2023-12-19,3.497014916560029
2023-12-20,3.540295883578607
2023-12-21,3.580754237462152
2023-12-22,3.5296862592839524
2023-12-23,3.4168307554698947
2023-12-24,3.649165463039082
2023-12-25,3.778050702113551
2023-12-26,3.540746638298407
2023-12-27,3.273741243923964
2023-12-28,3.701337519506736
2023-12-29,3.6320530321067976
2023-12-30,3.4988093880014004
2023-12-31,3.6740482406640154
2024-01-01,3.731073122486057
2024-01-02,3.5894172106053457
2024-01-03,3.6082969879380817
2024-01-04,3.6519665320773362
2024-01-05,3.6030202205049786
2024-01-06,3.5256424767326338
2024-01-07,3.3762733874240762
2024-01-08,3.6538446245540985
2024-01-09,3.626422567871542
2024-01-10,3.477519001279186
2024-01-11,3.722288956790016
2024-01-12,3.5516179884957597
2024-01-13,3.1989120902071493
2024-01-14,3.2135930651450457
2024-01-15,3.420731651228903
2024-01-16,3.271776780345777
2024-01-17,3.3796676613908674
2024-01-18,3.2833191456689685
2024-01-19,3.7721587413959323
2024-01-20,3.644587686196229
2024-01-21,3.065388950987255
2024-01-22,3.4047125535070286
2024-01-23,3.7648074495236106
2024-01-24,3.6021674237951204
2024-01-25,3.6851259258684648
2024-01-26,3.259381842161783
2024-01-27,3.2274296300425562
2024-01-28,3.3154952086270364
2024-01-29,3.5363497662648977
2024-01-30,3.428884148422096
2024-01-31,3.6670564413895086
2024-02-01,3.6683999145213297
2024-02-02,3.6868876909485446
2024-02-03,3.719750524379702
2024-02-04,3.4541964752545002
2024-02-05,3.5736251280129854
2024-02-06,3.486900789365124
2024-02-07,3.5468677102338715
2024-02-08,3.787182327704821
2024-02-09,3.472545569995484
2024-02-10,3.5792930846671314
2024-02-11,3.4622587788353067
2024-02-12,3.7503637523570315
2024-02-13,3.397513276761864
2024-02-14,3.5088031723582462
2024-02-15,3.575640616298783
2024-02-16,3.725844208730636
2024-02-17,3.4563227146280293
2024-02-18,3.07847903803122
2024-02-19,3.3966088929972993
2024-02-20,3.658906697030034
2024-02-21,3.565630456929321
2024-02-22,3.6617339816722834
2024-02-23,3.5372537732650287
2024-02-24,3.4908228571170423
2024-02-25,3.4258025465777404
2024-02-26,3.1779322546130295
2024-02-27,3.315702321808557
2024-02-28,3.45017392019801
2024-02-29,3.3556832764410904
2024-03-01,3.4207522291372676
2024-03-02,3.605773229424172
2024-03-03,3.0871611932581606
2024-03-04,3.792804133611365
2024-03-05,3.758397851273873
2024-03-06,3.718517878977321
2024-03-07,3.7097011767436046
2024-03-08,3.662056095757994
2024-03-09,3.3731398143584834
2024-03-10,3.5506548176253596
2024-03-11,3.4780773685304087
2024-03-12,3.7121965428328685
2024-03-13,3.5687214335351065
2024-03-14,3.776445878224038
2024-03-15,3.4590736789765324
2024-03-16,3.7918847634446764
2024-03-17,3.559512330779695
2024-03-18,3.292961531914173
2024-03-19,3.463496261000786
2024-03-20,3.4771597834356376
2024-03-21,3.5914971366326816
2024-03-22,3.406309352407263
2024-03-23,3.36469281489132
2024-03-24,3.2105757394562375
2024-03-25,3.4551131174481315
2024-03-26,3.4625588564092604
2024-03-27,3.466244524805822
2024-03-28,3.28341237231348
2024-03-29,3.6309217676298173
2024-03-30,3.6286621077677053
2024-03-31,3.374637834059396
2024-04-01,3.7182765301266083
2024-04-02,3.5816640348920705
2024-04-03,3.641034127993793
2024-04-04,3.593658103020132
2024-04-05,3.5882125890905123
2024-04-06,3.629709823008853
2024-04-07,3.589713582673043
2024-04-08,3.5347230302981067
2024-04-09,3.2943515971152446
2024-04-10,3.3060439564505963
2024-04-11,3.3359035491159825
2024-04-12,3.0325790808904425
2024-04-13,2.777045054073678
2024-04-14,2.5176228127087596
2024-04-15,3.054119070309898
2024-04-16,3.3697329213357388
2024-04-17,3.6018993856680086
2024-04-18,3.418488248934635
2024-04-19,3.447858093754781
2024-04-20,3.517926830185711
2024-04-21,3.367334538978585
2024-04-22,3.3803677154611598
2024-04-23,3.7305436803567456
2024-04-24,3.258435658940933
2024-04-25,3.5575849395714454
2024-04-26,3.50527987135195
2024-04-27,3.1401397350405436
2024-04-28,3.2175951304629673
2024-04-29,3.5844111851518696
2024-04-30,3.7100251527827983
2024-05-01,3.751818843736678
2024-05-02,3.6690458920808022
2024-05-03,3.7752633428740294
2024-05-04,3.3967957138568665
2024-05-05,3.544604821580936
2024-05-06,3.6656005077543643
2024-05-07,3.66587080598159
2024-05-08,3.307866257075927
2024-05-09,3.4820699187832593
2024-05-10,3.323227354072387
2024-05-11,3.5936843335267024
2024-05-12,3.4341359198503643
2024-05-13,3.804524820842472
2024-05-14,3.6412276645685777
2024-05-15,3.7707652810509673
2024-05-16,3.858754486146256
2024-05-17,3.7225091589566244
2024-05-18,3.6485902507212744
2024-05-19,3.159289443202845
2024-05-20,3.5987429242427216
2024-05-21,3.532256969703417
2024-05-22,3.2926803365305966
2024-05-23,3.5108993000225652
2024-05-24,3.592428681454798
2024-05-25,3.606738558944041
2024-05-26,3.37196025108317
2024-05-27,3.6150833943963714
2024-05-28,3.659663406443631
2024-05-29,3.7507087539639157
2024-05-30,3.580394971065593
2024-05-31,3.356513286143748
2024-06-01,3.662531985891282
2024-06-02,3.431887772362484
2024-06-03,3.6837895369372866
2024-06-04,3.4067425044193023
2024-06-05,3.5053489814696808
2024-06-06,3.601702975038712
2024-06-07,3.4972497789484747
2024-06-08,3.5628438448383903
2024-06-09,3.440042998954103
2024-06-10,3.179826414243782
2024-06-11,3.504972589705405
2024-06-12,3.262121828525762
2024-06-13,3.0826297188969947
2024-06-14,3.14899310192276
2024-06-15,3.248436051635617
2024-06-16,3.244827008785405
2024-06-17,3.2171677267303465
2024-06-18,3.3266660258117713
2024-06-19,3.1045281921368293
2024-06-20,3.309372414800066
2024-06-21,3.4133827039131357
2024-06-22,3.2760578395741935
2024-06-23,3.1587853415037763
2024-06-24,3.3441647752323087
2024-06-25,3.452943249483608
2024-06-26,3.6642241283763926
2024-06-27,3.7172394133644695
2024-06-28,3.5832967296753306
2024-06-29,3.5377385061180027
2024-06-30,3.5481026981858474
2024-07-01,3.4627675145039603
2024-07-02,3.4742226772740654
2024-07-03,3.452159863128371
2024-07-04,3.1236115988565496
2024-07-05,3.40640355291026
2024-07-06,3.1596795631183734
2024-07-07,3.2922834367998357
2024-07-08,3.567056511074156
2024-07-09,3.0255671064680323
2024-07-10,3.3616521083943622
2024-07-11,2.993436905681819
2024-07-12,3.3257922463838643
2024-07-13,3.259112761026069
2024-07-14,3.5141301831793452
2024-07-15,3.3258100339412366
2024-07-16,3.5390519728836094
2024-07-17,3.632283268794239
2024-07-18,3.6872893837926797
2024-07-19,3.368649778501155
2024-07-20,3.331537538148759
2024-07-21,3.1994248524989013
2024-07-22,3.2112972916159888
2024-07-23,3.069716798117508
2024-07-24,3.4274061664661044
2024-07-25,3.4901983647996278
2024-07-26,3.44884551014295
2024-07-27,3.0245648087633907
2024-07-28,3.1785424793811483
2024-07-29,3.5053703140047903
2024-07-30,3.386490141787195
2024-07-31,3.5024418257399708
2024-08-01,3.4059256523600805
2024-08-02,3.496372480921751
2024-08-03,3.282902169941522
2024-08-04,3.5593967173978287
2024-08-05,3.6386500705129503
2024-08-06,3.6155007112811814
2024-08-07,3.547891448076316
2024-08-08,3.5516460484440806
2024-08-09,3.7772030097224705
2024-08-10,3.5339512524460277
2024-08-11,3.3642950821307163
2024-08-12,3.675780410482993
2024-08-13,3.363634046616607
2024-08-14,3.429149442799509
2024-08-15,3.3710439362926334
2024-08-16,3.426319506830387
2024-08-17,3.5477115643867934
2024-08-18,3.355509466535306
2024-08-19,3.5199189139146623
2024-08-20,3.5829391847753276
2024-08-21,3.500224324117361
2024-08-22,3.669299063139927
2024-08-23,3.142404683169766
2024-08-24,3.4480467021292616
2024-08-25,3.3364609588335457
2024-08-26,3.5923058686687006
2024-08-27,3.6241865407956
2024-08-28,3.4081427716920665
2024-08-29,3.401488870872448
2024-08-30,3.3964933723639303
2024-08-31,3.3947279028672743
2024-09-01,3.5623257751387767
2024-09-02,3.560070383570581
2024-09-03,3.4500309356414016
2024-09-04,3.63210922440809
2024-09-05,3.5924688325229965
2024-09-06,3.6650172587906056
2024-09-07,3.1650004753955248
2024-09-08,3.488609575304951
2024-09-09,3.291079834870368
2024-09-10,3.5056689250809883
2024-09-11,3.4142081820824006
2024-09-12,3.3114181514344048
2024-09-13,3.306006241354501
2024-09-14,3.1276348475843694
2024-09-15,3.4371268966088904
2024-09-16,3.2857272439204612
2024-09-17,3.351721602346006
2024-09-18,3.5464293467236527
2024-09-19,3.6667986035357623
2024-09-20,3.700660736932689
2024-09-21,3.572495130595141
2024-09-22,3.591721833503533
2024-09-23,3.465973658183621
2024-09-24,3.209069822722132
2024-09-25,3.64681139582965
2024-09-26,3.5242969494330665
2024-09-27,3.5172213717107823
2024-09-28,3.804067294283569
2024-09-29,3.5580205783229406
2024-09-30,3.7456799409445236
2024-10-01,3.6527372371682034
2024-10-02,3.6681325853889177
2024-10-03,3.298747370016641
2024-10-04,3.8269870305065847
2024-10-05,3.4032703063078005
2024-10-06,3.278792871728402
2024-10-07,3.1928004498001785
2024-10-08,3.625823331744408
2024-10-09,3.7175520550709633
2024-10-10,3.598890541617237
2024-10-11,3.7008571860851505
2024-10-12,3.7974810174248783
2024-10-13,3.747731063417809
2024-10-14,3.8564798044797803
2024-10-15,3.7554764315559224
2024-10-16,3.80058252306221
2024-10-17,3.815919236509564
2024-10-18,3.6602980484332863
2024-10-19,3.729630170347604
2024-10-20,3.7296231765147163
2024-10-21,3.838169342445609
2024-10-22,3.809558253965631
2024-10-23,3.7241438553898436
2024-10-24,3.747604902498253
2024-10-25,3.629890329904373
2024-10-26,3.6429415085765453
2024-10-27,3.5545709334158113
2024-10-28,3.680022623594968
2024-10-29,3.6444896041376267
2024-10-30,3.5948677117915646
2024-10-31,3.7102016535149454
2024-11-01,3.672931631305848
2024-11-02,3.675391698377421
2024-11-03,3.6301450941248916
2024-11-04,3.656802596121913
2024-11-05,3.5777554675226173
2024-11-06,3.5315093656557153
2024-11-07,3.5033216854057327
2024-11-08,3.583970065541267
2024-11-09,3.572621625056869
2024-11-10,3.447125812921306
2024-11-11,3.63378140154989
2024-11-12,3.750120524746219
2024-11-13,3.5595329262639224
2024-11-14,3.6203879837216273
2024-11-15,3.588227928884886
2024-11-16,3.518782183956757
2024-11-17,3.5843961547871244
2024-11-18,3.7236783050792646
2024-11-19,3.6142966611081624
2024-11-20,3.622477957647764
2024-11-21,3.640478559766008
2024-11-22,3.645905430674515
2024-11-23,3.399730323381901
2024-11-24,3.5628272241259507
2024-11-25,3.6397592285285705
2024-11-26,3.626693013831007
2024-11-27,3.4185047752700366
2024-11-28,3.7146277551689617
2024-11-29,2.865649101835033
2024-11-30,3.188961014040612
2024-12-01,3.193317933358216
2024-12-02,3.5257827921844083
2024-12-03,3.838296817730155
2024-12-04,3.8678789419979416
2024-12-05,3.719128655856155
2024-12-06,3.8212391755168142
2024-12-07,3.948279523368611
2024-12-08,3.858630491617073
2024-12-09,3.7118257554104646
2024-12-10,3.668933841442761
2024-12-11,3.744499652948645
2024-12-12,3.886803087291127
2024-12-13,3.8061032944092963
2024-12-14,3.787259528848899
2024-12-15,3.515491532501532
2024-12-16,3.6515766089329995
2024-12-17,3.692256045627787
2024-12-18,3.5727502168668948
2024-12-19,3.647970385891304
2024-12-20,3.728839076765691
2024-12-21,3.6924178981514846
2024-12-22,3.5467401738854876
2024-12-23,3.680815015075338
2024-12-24,3.713480561359508
2024-12-25,3.6361582379082047
2024-12-26,3.6747842833808084
2024-12-27,3.6604418413918185
2024-12-28,3.724038609370973
2024-12-29,3.328460853215156
2024-12-30,3.539027491393971
2024-12-31,3.5484500313135334
2025-01-01,3.2207156767128438
2025-01-02,3.560810954518136
2025-01-03,3.734386076187268
2025-01-04,3.459747289048571
2025-01-05,3.4196308188960542
2025-01-06,3.5236506733800756
2025-01-07,3.303963746624973
2025-01-08,3.481493136198167
2025-01-09,3.62335396143051
2025-01-10,3.7038257914355834
2025-01-11,3.621959417165374
2025-01-12,3.7571813969679093
2025-01-13,3.795375691971752
2025-01-14,3.7999941311416117
2025-01-15,3.8930166660990864
2025-01-16,3.780467663418786
2025-01-17,3.600016989695306
2025-01-18,3.618019329508532
2025-01-19,3.6574241935449754
2025-01-20,3.7826143915613497
2025-01-21,3.6047466219172493
2025-01-22,3.681297323962367
2025-01-23,3.674563084071468
2025-01-24,3.746583387659675
2025-01-25,3.775596392081303
2025-01-26,3.6191389008143706
2025-01-27,3.7337308324415948
2025-01-28,3.7784084314751936
2025-01-29,3.3971596046807626
2025-01-30,3.527264579949981
2025-01-31,3.7003131371538194
2025-02-01,3.5513073583305554
2025-02-02,3.5578348515457328
2025-02-03,3.575236768007011
2025-02-04,3.7104687874407913
2025-02-05,3.7911573201088196
2025-02-06,3.653281302532714
2025-02-07,3.6234535330217983
2025-02-08,3.3078611324988683
2025-02-09,3.4984985422012325
2025-02-10,3.639706307142749
2025-02-11,3.672739165530844
2025-02-12,3.6052452812135125
2025-02-13,3.50593707221719
2025-02-14,3.7295187328422936
2025-02-15,3.1936745438804537
2025-02-16,3.1734291631704723
2025-02-17,3.171039328434175
2025-02-18,3.524617373948325
2025-02-19,3.702987686032709
2025-02-20,3.6628715248236023
2025-02-21,3.3647806342955624
2025-02-22,3.6584044901923316
2025-02-23,3.648955952507907
2025-02-24,3.84338159302425
2025-02-25,3.6488236410742254
2025-02-26,3.6123654309648088
2025-02-27,3.6631203958246057
2025-02-28,3.7558255278072714
2025-03-01,3.662191146739944
2025-03-02,3.312699695595432
2025-03-03,3.8046766464534634
2025-03-04,3.5654170353299484
2025-03-05,3.6431940586948084
2025-03-06,3.785274457073435
2025-03-07,3.7305153848687462
2025-03-08,3.579400553719538
2025-03-09,3.6597790931165983
2025-03-10,3.4363955199884932
2025-03-11,3.582510078983182
2025-03-12,3.7396934897752234
2025-03-13,3.6394168676989582
2025-03-14,3.494102360758937
2025-03-15,3.435786758838656
2025-03-16,3.5324914697878174
2025-03-17,3.3588596712101495
2025-03-18,3.5545803586132982
2025-03-19,3.3627787090064083
2025-03-20,3.666557699280332
2025-03-21,3.359968699551162
2025-03-22,3.0964942709285044
2025-03-23,3.4395936722285696
2025-03-24,3.613782665632185
2025-03-25,3.580875876363885
2025-03-26,3.585500551109487
2025-03-27,3.5476225396496175
2025-03-28,3.7135225371807823
2025-03-29,3.2018278555473305
2025-03-30,3.1799308660655052
2025-03-31,3.442754376278152
2025-04-01,3.186325205626047
2025-04-02,3.6347308852850215
2025-04-03,3.619158627559205
2025-04-04,3.693129294129844
2025-04-05,3.675769358388744
2025-04-06,3.2593598634345
2025-04-07,3.1090446376743293
2025-04-08,3.7631400766366774
2025-04-09,3.7631594869861833
2025-04-10,3.595216643496309
2025-04-11,3.83114493082089
2025-04-12,3.4941580924619804
2025-04-13,3.372023717795226
2025-04-14,3.4751047025923825
2025-04-15,3.5309717736870714
2025-04-16,3.713597628835954
2025-04-17,3.7268176188475666
2025-04-18,3.4110446113895603
2025-04-19,3.4418660231778833
2025-04-20,3.175249270205157
2025-04-21,3.273040324825595
2025-04-22,3.5659735994242103
2025-04-23,3.579474990287113
2025-04-24,3.67685516673741
2025-04-25,3.604696573787081
2025-04-26,3.607439630370906
2025-04-27,3.1483534095754337
2025-04-28,3.525333616425568
2025-04-29,3.5495563173387192
2025-04-30,3.6119928740372336
2025-05-01,3.701768279422142
2025-05-02,3.5662410827547477
2025-05-03,3.4357713000557766
2025-05-04,3.4706798361424194
2025-05-05,3.4836480932230653
2025-05-06,3.3835467871285534
2025-05-07,3.582102057853348
2025-05-08,3.4420554016395015
2025-05-09,3.2651758499975583
2025-05-10,3.558036461536523
2025-05-11,3.416850732241544
2025-05-12,3.4725350500640206
2025-05-13,3.4633433903041717
2025-05-14,3.5844194802345086
2025-05-15,3.516419541282739
2025-05-16,2.9482671822026463
2025-05-17,3.3981906849606056
2025-05-18,3.4895293181813365
2025-05-19,3.550953854654998
2025-05-20,3.498995112367593
2025-05-21,3.6592193312938814
2025-05-22,3.191331749553254
2025-05-23,3.444552137840766
2025-05-24,3.6730008848701186
2025-05-25,3.468557176209328
2025-05-26,3.3966518371795775
2025-05-27,3.498164669615924
2025-05-28,3.3344524354383234
2025-05-29,3.5138533076174774
2025-05-30,3.6406847000865934
2025-05-31,3.713850115546798
2025-06-01,3.445106541052361
2025-06-02,3.6745947787725863
2025-06-03,3.6225295186158717
2025-06-04,2.875567791243061
2025-06-05,3.4098634891232034
2025-06-06,3.3228111142288816
2025-06-07,3.6844980078326537
2025-06-08,3.044354193439273
2025-06-09,3.491468425248213
2025-06-10,3.4878291766447673
2025-06-11,3.621158986045777
2025-06-12,3.3201554051310147
2025-06-13,3.3657557567428005
2025-06-14,3.137171848415373
2025-06-15,0.0
2025-06-16,0.0
2025-06-17,0.0
2025-06-18,0.0
2025-06-19,
2025-06-20,
2025-06-21,0.9182958340544896
2025-06-22,0.0
2025-06-23,
2025-06-24,
2025-06-25,2.0464393446710156
2025-06-26,1.061278124459133
2025-06-27,0.8112781244591328
2025-06-28,0.0
2025-06-29,2.2359263506290326
2025-06-30,1.584962500721156
2025-07-01,
2025-07-02,3.639204431954974
2025-07-03,3.748641854496058
2025-07-04,3.678245349770534
2025-07-05,3.647632866744889
2025-07-06,3.5920532297845758
2025-07-07,3.5389606700298555
2025-07-08,3.615039867163966
2025-07-09,3.3542294552148144
2025-07-10,3.700612363199647
2025-07-11,2.9776460107255325
2025-07-12,2.933496719206164
2025-07-13,3.216580798805878
2025-07-14,3.5130950371370555
2025-07-15,3.4212561376713113
2025-07-16,3.494770807340114
2025-07-17,3.540684834871159
2025-07-18,3.5488937428789344
2025-07-19,3.5431231447146487
2025-07-20,3.4815203611847445
2025-07-21,3.276070035858234
2025-07-22,3.5799822270271564
2025-07-23,3.1482177036783034
2025-07-24,3.6828010800411386
2025-07-25,3.566986633131689
2025-07-26,3.6412368557734434
2025-07-27,3.388321278316751
2025-07-28,3.389828870440976
2025-07-29,3.1503898914497213
2025-07-30,3.3951756433176388
2025-07-31,3.579613141418474
2025-08-01,3.3697870911089085
2025-08-02,3.170250580079587
2025-08-03,3.203333547318588
2025-08-04,3.475729843552347
2025-08-05,3.633345255208788
2025-08-06,3.7302082248278188
2025-08-07,3.677783562674502
2025-08-08,3.4298702602043716
2025-08-09,3.328156333226641
2025-08-10,3.2582820013126534
2025-08-11,3.58361360806181
2025-08-12,3.6588996721013296
2025-08-13,3.2588552750595765
2025-08-14,3.377799267592714
2025-08-15,3.18268212677417
2025-08-16,2.937596374532303
2025-08-17,3.358901779465133
2025-08-18,3.5931872129345974
2025-08-19,3.41787368392345
2025-08-20,3.6821592246186685
2025-08-21,3.519032612016986
2025-08-22,3.4482991160296432
2025-08-23,3.466578272023147
2025-08-24,3.5156951401897936
2025-08-25,3.113550508550619
2025-08-26,3.2234754054679033
2025-08-27,3.462322617478745
2025-08-28,2.998230374225058
2025-08-29,3.107446466299402
2025-08-30,3.1782050390626178
2025-08-31,3.0683269580918955
2025-09-01,3.1250992699707227
2025-09-02,2.923074143606204
2025-09-03,3.1627430472003333
2025-09-04,3.0047898493414364
2025-09-05,3.1031860088493
2025-09-06,3.3067815898351145
2025-09-07,3.019732532627002
2025-09-08,2.90901572069369
2025-09-09,3.253457480880904
2025-09-10,3.511504247184489
2025-09-11,3.2923627266146407
2025-09-12,3.646481583580589
2025-09-13,3.2083152923911666
2025-09-14,3.540552226325183
2025-09-15,3.6620445890016855
2025-09-16,3.470415079364282
2025-09-17,3.2173177817078704
2025-09-18,3.170414889326145
2025-09-19,3.30113830416697
2025-09-20,3.437091452290083
2025-09-21,2.937966282122712
2025-09-22,3.221177168251692
2025-09-23,3.38223513239932
2025-09-24,3.2503820356416346
2025-09-25,3.5228408679665053
2025-09-26,3.4015817698324677
2025-09-27,2.898829021938338
2025-09-28,2.9549787956993083
2025-09-29,3.276164449152688
2025-09-30,3.299496904601745
2025-10-01,3.33410866938849
2025-10-02,3.412343553727711
2025-10-03,3.5620425695852966
2025-10-04,3.1299684143962194
2025-10-05,3.332833642026846
2025-10-06,3.2486884263287896
2025-10-07,3.035447080850849
2025-10-08,3.108085611674017
2025-10-09,2.729674607661467
2025-10-10,2.784334857138645
2025-10-11,3.0821270537302454
2025-10-12,3.1039973566953183
2025-10-13,3.4295946972184894
2025-10-14,3.355990377954041
2025-10-15,3.574129647617805
2025-10-16,3.591704004478604
2025-10-17,3.4167222945987734
2025-10-18,2.911672952139558
2025-10-19,3.4769059934742805
2025-10-20,3.2414684771654705
2025-10-21,3.330291119735444
2025-10-22,3.286900404778068
2025-10-23,3.5007002451412923
2025-10-24,3.2273121443032644
2025-10-25,2.571377999694204
2025-10-26,2.7440741134869557
2025-10-27,2.82851938631176
2025-10-28,3.3164957761858607
2025-10-29,3.1266321517651985
2025-10-30,3.1962496734589245
2025-10-31,2.9950351761367173
2025-11-01,3.01111478272051
2025-11-02,3.490965908164638
2025-11-03,3.150416443405796
2025-11-04,3.1643728181612647
2025-11-05,3.609643784403861
2025-11-06,3.509935652792121
2025-11-07,3.4220722474586496
2025-11-08,3.067883041791268
2025-11-09,3.576177914995685
2025-11-10,3.5194348930259656
2025-11-11,3.5860581121222452
2025-11-12,3.3653150769276503
2025-11-13,3.5146718264540207
2025-11-14,3.5868587269082757
2025-11-15,3.399328086746782
2025-11-16,3.3604517354254066
2025-11-17,3.558646298986675
2025-11-18,3.588268664559831
2025-11-19,3.3453015379223676
2025-11-20,3.318965106832631
2025-11-21,3.401839198108076
2025-11-22,3.572885168304741
2025-11-23,2.9965740059824166
2025-11-24,3.636088301423711
2025-11-25,3.434763420660921
2025-11-26,3.4559105735470017
2025-11-27,3.466815520113908
2025-11-28,3.36559502823609
2025-11-29,3.4964241957318327
2025-11-30,3.245518669241137
2025-12-01,3.3499207220368508
2025-12-02,3.2809391088545747
2025-12-03,3.5195706450169104
2025-12-04,3.5110099782735533
2025-12-05,3.807108293184239
2025-12-06,3.526743521518995
2025-12-07,3.4881073655612442
2025-12-08,3.443278512629037
2025-12-09,2.998450744243077
2025-12-10,3.2824146013302955
2025-12-11,3.1883849308936023
2025-12-12,3.0828794965857993
2025-12-13,3.021697853148048
2025-12-14,2.9417589480079362
2025-12-15,3.5307134425957507
2025-12-16,3.0422364439846974
2025-12-17,3.1115502445095906
2025-12-18,3.4104127093814576
2025-12-19,3.5124710350610395
2025-12-20,3.0872987971838004
2025-12-21,3.3570609014342994
2025-12-22,3.5845882318413014
2025-12-23,3.5883140188148297
2025-12-24,3.1938762924984263
2025-12-25,3.5863309440156907
2025-12-26,3.683805033640504
2025-12-27,3.548422352834473
2025-12-28,3.6745593480481937
2025-12-29,3.7407021651406573
2025-12-30,3.6319903154833533
2025-12-31,3.217046526129435
