date,value
2015-02-18,3.7918061253403725
2015-02-19,3.7661622118556783
2015-02-20,3.7394319966860063
2015-02-21,3.7472781930797296
2015-02-22,3.726621637856677
2015-02-23,3.724879057388873
2015-02-24,3.6773280402224637
2015-02-25,3.7228040379879226
2015-02-26,3.733477651378509
2015-02-27,3.709122054952693
2015-02-28,3.6767418854918876
2015-03-01,3.742245256855587
2015-03-02,3.710565883153741
2015-03-03,3.7309639399069057
2015-03-04,3.7805946173361886
2015-03-05,3.7780459530054262
2015-03-06,3.777534008283129
2015-03-07,3.7502933680386645
2015-03-08,3.7249251533635896
2015-03-09,3.7624915891416224
2015-03-10,3.785007224208555
2015-03-11,3.7643438086454357
2015-03-12,3.751546428399641
2015-03-13,3.714800197344914
2015-03-14,3.6872844931396522
2015-03-15,3.66693375058279
2015-03-16,3.6925546169997716
2015-03-17,3.673435877243328
2015-03-18,3.753720236726096
2015-03-19,3.7283020448230006
2015-03-20,3.65554281348535
2015-03-21,3.6869901883384615
2015-03-22,3.7199162544007223
2015-03-23,3.7100944252544434
2015-03-24,3.6968011594294232
2015-03-25,3.6526128679797654
2015-03-26,3.6793209728983256
2015-03-27,3.65482697343144
2015-03-28,3.5102877041732317
2015-03-29,3.5875340956891923
2015-03-30,3.6067164236465814
2015-03-31,3.607111576971604
2015-04-01,3.6468181067556142
2015-04-02,3.760863466553213
2015-04-03,3.718042229577021
2015-04-04,3.5597891323987882
2015-04-05,3.6554922016835336
2015-04-06,3.618560909755866
2015-04-07,3.587863381771596
2015-04-08,3.607341754703948
2015-04-09,3.6433761784863092
2015-04-10,3.6515587287948374
2015-04-11,3.679474074019891
2015-04-12,3.7295753430059055
2015-04-13,3.73861184482553
2015-04-14,3.729756829760043
2015-04-15,3.699141500557328
2015-04-16,3.6947917226805598
2015-04-17,3.707509285695202
2015-04-18,3.687323501732515
2015-04-19,3.6855289682376413
2015-04-20,3.6046167105654696
2015-04-21,3.6847709496385965
2015-04-22,3.677747781065626
2015-04-23,3.7309028193376785
2015-04-24,3.6368536664307296
2015-04-25,3.6558750202530828
2015-04-26,3.698805553321417
2015-04-27,3.752239228462597
2015-04-28,3.7091588786140113
2015-04-29,3.6367320336026037
2015-04-30,3.645966582933805
2015-05-01,3.7283530765123953
2015-05-02,3.68397579225508
2015-05-03,3.5993749681911513
2015-05-04,3.657406516817201
2015-05-05,3.6470085215379107
2015-05-06,3.6693552842495807
2015-05-07,3.5996521290514583
2015-05-08,3.566430468145407
2015-05-09,3.4468560057576854
2015-05-10,3.4299737579404805
2015-05-11,3.366554213634104
2015-05-12,3.4085827978783443
2015-05-13,3.537944506777955
2015-05-14,3.5854840922837385
2015-05-15,3.6399020489368845
2015-05-16,3.5753150456711293
2015-05-17,3.6503407722677794
2015-05-18,3.6949402816616272
2015-05-19,3.680277297801356
2015-05-20,3.695952869536981
2015-05-21,3.661098760009592
2015-05-22,3.6480865504909277
2015-05-23,3.724343898943466
2015-05-24,3.6698824135301114
2015-05-25,3.6488205295659752
2015-05-26,3.6606332550901914
2015-05-27,3.646631740233004
2015-05-28,3.7271898908400325
2015-05-29,3.7159452674237725
2015-05-30,3.711609437648884
2015-05-31,3.6510575195422934
2015-06-01,3.7202662539869498
2015-06-02,3.6691999363730528
2015-06-03,3.7290025355081093
2015-06-04,3.6643580753971934
2015-06-05,3.6399856747104122
2015-06-06,3.682881727897487
2015-06-07,3.6297056654674598
2015-06-08,3.676929973839814
2015-06-09,3.623466292037052
2015-06-10,3.5853275982538824
2015-06-11,3.6008851789075007
2015-06-12,3.6258552907832344
2015-06-13,3.618029954906731
2015-06-14,3.723813700882478
2015-06-15,3.7079573008801425
2015-06-16,3.647748881044966
2015-06-17,3.695645302031344
2015-06-18,3.645536767901721
2015-06-19,3.5821015312842217
2015-06-20,3.55680176630978
2015-06-21,3.6232310671029015
2015-06-22,3.676433583649438
2015-06-23,3.664489348328387
2015-06-24,3.697196373874644
2015-06-25,3.7200177375655397
2015-06-26,3.64727825607339
2015-06-27,3.7012478966610596
2015-06-28,3.7063735485659293
2015-06-29,3.595328967569737
2015-06-30,3.6700555682666276
2015-07-01,3.6954884852024072
2015-07-02,3.692263140389222
2015-07-03,3.6435666163526754
2015-07-04,3.759619718347728
2015-07-05,3.6264393310568175
2015-07-06,3.5841473455465125
2015-07-07,3.6129237970038304
2015-07-08,3.6157546647207273
2015-07-09,3.5966247678527834
2015-07-10,3.624300364844924
2015-07-11,3.6179829746662677
2015-07-12,3.643268381502178
2015-07-13,3.7068847357188504
2015-07-14,3.689611430733328
2015-07-15,3.711838693758165
2015-07-16,3.6858943081104463
2015-07-17,3.698503532016127
2015-07-18,3.6857093430158456
2015-07-19,3.6695411601163808
2015-07-20,3.75192530557774
2015-07-21,3.7632918194685185
2015-07-22,3.6909540965674226
2015-07-23,3.6190943512020253
2015-07-24,3.696192319475897
2015-07-25,3.7151387925204795
2015-07-26,3.555960337526428
2015-07-27,3.693713052628978
2015-07-28,3.7532193794943587
2015-07-29,3.7316375897936194
2015-07-30,3.7648018566670047
2015-07-31,3.731721122887347
2015-08-01,3.6903764822991305
2015-08-02,3.685103993260247
2015-08-03,3.667823851660729
2015-08-04,3.7271137377194976
2015-08-05,3.7111128844816994
2015-08-06,3.7166821378031516
2015-08-07,3.716268301667323
2015-08-08,3.6861158791899036
2015-08-09,3.5932675159563923
2015-08-10,3.682955541972131
2015-08-11,3.7039846359481072
2015-08-12,3.757658840537203
2015-08-13,3.713971728344674
2015-08-14,3.707445805751815
2015-08-15,3.629292814847263
2015-08-16,3.639903799157148
2015-08-17,3.6583891422232284
2015-08-18,3.6730525605135815
2015-08-19,3.8074665740865856
2015-08-20,3.69490084480943
2015-08-21,3.744800870245881
2015-08-22,3.6815322745742214
2015-08-23,3.6336054408828065
2015-08-24,3.698278631017197
2015-08-25,3.654506597584418
2015-08-26,3.6668651064526516
2015-08-27,3.6923124374068115
2015-08-28,3.6512001190673686
2015-08-29,3.6325522106754473
2015-08-30,3.7015669731183
2015-08-31,3.6560039020620105
2015-09-01,3.68846747402294
2015-09-02,3.69488029652193
2015-09-03,3.6700008573756135
2015-09-04,3.6625070169798595
2015-09-05,3.66273225906172
2015-09-06,3.6385193509038545
2015-09-07,3.6968097543046827
2015-09-08,3.757612153902497
2015-09-09,3.7142777234745306
2015-09-10,3.7257144858788496
2015-09-11,3.669764757819198
2015-09-12,3.6858807998088916
2015-09-13,3.677560437442976
2015-09-14,3.721972142092621
2015-09-15,3.667372023469783
2015-09-16,3.649992861000381
2015-09-17,3.704410073051038
2015-09-18,3.6430736079552246
2015-09-19,3.5258243643008895
2015-09-20,3.566940049902331
2015-09-21,3.6013480554621577
2015-09-22,3.624885269317572
2015-09-23,3.6453775593170805
2015-09-24,3.5936092313624357
2015-09-25,3.6233847664734773
2015-09-26,3.653461086124768
2015-09-27,3.586727001238146
2015-09-28,3.6420351820810746
2015-09-29,3.660799650600798
2015-09-30,3.671972439625159
2015-10-01,3.627591571620601
2015-10-02,3.6343844103307035
2015-10-03,3.657746671128639
2015-10-04,3.650557555382831
2015-10-05,3.7104657074895613
2015-10-06,3.73226653789004
2015-10-07,3.663228243965975
2015-10-08,3.6766800094208882
2015-10-09,3.643727959170806
2015-10-10,3.5894652176268136
2015-10-11,3.62778178593632
2015-10-12,3.7007739725943947
2015-10-13,3.675204994358134
2015-10-14,3.673501401372829
2015-10-15,3.6854204178542114
2015-10-16,3.70476124859358
2015-10-17,3.7111237934682295
2015-10-18,3.6800868899784516
2015-10-19,3.601420714753629
2015-10-20,3.6527555292345246
2015-10-21,3.444063735560078
2015-10-22,3.303544619051563
2015-10-23,3.5168020275387937
2015-10-24,3.5129054101500343
2015-10-25,3.5172101328701544
2015-10-26,3.615250797684141
2015-10-27,3.6256941292041276
2015-10-28,3.601761496182815
2015-10-29,3.6108905515086747
2015-10-30,3.604304190319678
2015-10-31,3.5637843922789987
2015-11-01,3.5582056548408967
2015-11-02,3.6457418324098523
2015-11-03,3.630901774231132
2015-11-04,3.673564562590231
2015-11-05,3.6928002101343957
2015-11-06,3.6930879648950343
2015-11-07,3.7102267322889433
2015-11-08,3.699833964537554
2015-11-09,3.740466741033149
2015-11-10,3.7337885297802034
2015-11-11,3.6776651124772686
2015-11-12,3.6978986588835974
2015-11-13,3.6556318791202242
2015-11-14,3.6170580702622814
2015-11-15,3.549298594956382
2015-11-16,3.6225635815058137
2015-11-17,3.658008801205527
2015-11-18,3.6965369892477797
2015-11-19,3.7028140928261464
2015-11-20,3.6038881624256436
2015-11-21,3.5993956628271033
2015-11-22,3.640010931808421
2015-11-23,3.6566608862195937
2015-11-24,3.6706037370979296
2015-11-25,3.710992681082847
2015-11-26,3.723318379965544
2015-11-27,3.7154448141118492
2015-11-28,3.7127672654882944
2015-11-29,3.7450039695469624
2015-11-30,3.666812111139435
2015-12-01,3.736043917852017
2015-12-02,3.7345764373806527
2015-12-03,3.7176484503575575
2015-12-04,3.74132368595925
2015-12-05,3.730146748672731
2015-12-06,3.6781055191027754
2015-12-07,3.696147290063063
2015-12-08,3.7742901573173895
2015-12-09,3.7337346652220167
2015-12-10,3.77054869031962
2015-12-11,3.730769341987041
2015-12-12,3.685362887958602
2015-12-13,3.7099745360685707
2015-12-14,3.7091214626594553
2015-12-15,3.6080448783432835
2015-12-16,3.6784716172702865
2015-12-17,3.7158916168019203
2015-12-18,3.763510919380108
2015-12-19,3.6721599209838782
2015-12-20,3.691529442438152
2015-12-21,3.678603990605901
2015-12-22,3.7173318485317997
2015-12-23,3.6953404514733306
2015-12-24,3.7091417235197777
2015-12-25,3.6726351854042183
2015-12-26,3.598620422853956
2015-12-27,3.5852878108262365
2015-12-28,3.710282914904537
2015-12-29,3.736580640008154
2015-12-30,3.7322782353948956
2015-12-31,3.7471532075494207
2016-01-01,3.7594488873139333
2016-01-02,3.7728714415075797
2016-01-03,3.7729844083854833
2016-01-04,3.6994926206781784
2016-01-05,3.733314257749169
2016-01-06,3.7083707378698305
2016-01-07,3.651938761401027
2016-01-08,3.6734137534473135
2016-01-09,3.698044968099447
2016-01-10,3.68444190473558
2016-01-11,3.7087926002653546
2016-01-12,3.73662730821094
2016-01-13,3.6917018553581706
2016-01-14,3.6688440555896866
2016-01-15,3.697436646550469
2016-01-16,3.651958819829873
2016-01-17,3.79402770002095
2016-01-18,3.716392749886647
2016-01-19,3.7497095453196136
2016-01-20,3.6900953038660065
2016-01-21,3.7731978008172247
2016-01-22,3.7466463590234826
2016-01-23,3.7115289207277162
2016-01-24,3.7106725155084397
2016-01-25,3.735047943378822
2016-01-26,3.7030791194773682
2016-01-27,3.6771936922519806
2016-01-28,3.7025396954757235
2016-01-29,3.6868810632233395
2016-01-30,3.6642517809017137
2016-01-31,3.6720586209290245
2016-02-01,3.7242436163873034
2016-02-02,3.6911819771699217
2016-02-03,3.7675090990998705
2016-02-04,3.7508063189168435
2016-02-05,3.6868097643040167
2016-02-06,3.688297971593583
2016-02-07,3.6620209750487573
2016-02-08,3.7159194475447155
2016-02-09,3.764772930719798
2016-02-10,3.762006539216441
2016-02-11,3.6944529064669402
2016-02-12,3.6360580172553236
2016-02-13,3.6278408346237843
2016-02-14,3.600064481321238
2016-02-15,3.7255513299630874
2016-02-16,3.6942740256854885
2016-02-17,3.6872994529227823
2016-02-18,3.753748414047817
2016-02-19,3.701608535615764
2016-02-20,3.7007897945672594
2016-02-21,3.5621673234550633
2016-02-22,3.594140517870166
2016-02-23,3.677875227637573
2016-02-24,3.668434863173074
2016-02-25,3.6856240014266173
2016-02-26,3.7080212697789277
2016-02-27,3.6795888636724867
2016-02-28,3.64098222263178
2016-02-29,3.692818383820276
2016-03-01,3.7146532703200132
2016-03-02,3.6779786327670068
2016-03-03,3.7201820333138396
2016-03-04,3.6881152415664222
2016-03-05,3.683876001246002
2016-03-06,3.708203763512431
2016-03-07,3.7649334470326252
2016-03-08,3.761940046840805
2016-03-09,3.7811029698765486
2016-03-10,3.789549482568668
2016-03-11,3.766986121251344
2016-03-12,3.664132881023884
2016-03-13,3.6855897041530676
2016-03-14,3.6910114717650893
2016-03-15,3.7218552959741094
2016-03-16,3.674293738460973
2016-03-17,3.7097578453880753
2016-03-18,3.7817954191299763
2016-03-19,3.633209242806852
2016-03-20,3.6861115208276454
2016-03-21,3.7428816923700703
2016-03-22,3.7552453006164517
2016-03-23,3.6749369724336867
2016-03-24,3.6241008530380023
2016-03-25,3.6986672376868652
2016-03-26,3.7303787569956746
2016-03-27,3.6835127308506688
2016-03-28,3.6713157013592506
2016-03-29,3.696478796216767
2016-03-30,3.7270026639904112
2016-03-31,3.7576518501832177
2016-04-01,3.740340206518556
2016-04-02,3.579030194050254
2016-04-03,3.61262832551405
2016-04-04,3.705184475240087
2016-04-05,3.6717700045346477
2016-04-06,3.6519705143714933
2016-04-07,3.643926793403262
2016-04-08,3.5805814022574736
2016-04-09,3.641509716586161
2016-04-10,3.630111615148681
2016-04-11,3.6966954910480228
2016-04-12,3.6682106041589924
2016-04-13,3.671451425694097
2016-04-14,3.6851073818047215
2016-04-15,3.6458558088521476
2016-04-16,3.559552962406983
2016-04-17,3.627540497904661
2016-04-18,3.62443420119159
2016-04-19,3.6272013805265337
2016-04-20,3.6184218990933323
2016-04-21,3.65083312293681
2016-04-22,3.665265367231287
2016-04-23,3.6276606239507982
2016-04-24,3.679324637678743
2016-04-25,3.6669606950913245
2016-04-26,3.6878249005977315
2016-04-27,3.6526398339076147
2016-04-28,3.698388384358765
2016-04-29,3.683491325276238
2016-04-30,3.7009102849145767
2016-05-01,3.648888078044799
2016-05-02,3.6491547167011484
2016-05-03,3.6049365134165114
2016-05-04,3.706678491544418
2016-05-05,3.7095510795347004
2016-05-06,3.6987953472856625
2016-05-07,3.687467107601301
2016-05-08,3.660418372443119
2016-05-09,3.655204500783672
2016-05-10,3.713136853984688
2016-05-11,3.633576678134019
2016-05-12,3.6702292678046704
2016-05-13,3.683808741248576
2016-05-14,3.735787537935214
2016-05-15,3.619873457883876
2016-05-16,3.548207607126662
2016-05-17,3.5674201318654495
2016-05-18,3.6247791484727228
2016-05-19,3.6747010936266613
2016-05-20,3.6309614670281927
2016-05-21,3.639533409300391
2016-05-22,3.5668270511229903
2016-05-23,3.6309100339952756
2016-05-24,3.6426163766519624
2016-05-25,3.6653367931125276
2016-05-26,3.655280971195938
2016-05-27,3.596483006939591
2016-05-28,3.529973413182529
2016-05-29,3.6105340275101625
2016-05-30,3.658441144810917
2016-05-31,3.714620901718305
2016-06-01,3.689043547140487
2016-06-02,3.6965851784543244
2016-06-03,3.739066254022
2016-06-04,3.7026501834261425
2016-06-05,3.680829051273905
2016-06-06,3.6743193128396587
2016-06-07,3.683341225151241
2016-06-08,3.669461654903527
2016-06-09,3.627761818818164
2016-06-10,3.6483389558260892
2016-06-11,3.6703033630100457
2016-06-12,3.6351168192708236
2016-06-13,3.6167142449161935
2016-06-14,3.6739599249292647
2016-06-15,3.691011477669304
2016-06-16,3.6563373274696653
2016-06-17,3.6994232149325716
2016-06-18,3.6202476193388975
2016-06-19,3.607506401352731
2016-06-20,3.6356467344721572
2016-06-21,3.644457449497943
2016-06-22,3.6561870007862276
2016-06-23,3.6336990300679126
2016-06-24,3.5837278943398787
2016-06-25,3.564629534108111
2016-06-26,3.5351848837851647
2016-06-27,3.583065698711546
2016-06-28,3.600720508916967
2016-06-29,3.612755298452697
2016-06-30,3.7061174445252405
2016-07-01,3.6595005640755813
2016-07-02,3.5938402045701565
2016-07-03,3.692398634515309
2016-07-04,3.7095996519731576
2016-07-05,3.6881927423769993
2016-07-06,3.658121032948145
2016-07-07,3.6410364003364104
2016-07-08,3.7392315811818824
2016-07-09,3.679834128475717
2016-07-10,3.6614427925637085
2016-07-11,3.654935612743761
2016-07-12,3.6113306138546504
2016-07-13,3.6157488963678284
2016-07-14,3.5637361090037314
2016-07-15,3.5387919187118673
2016-07-16,3.6449050265471112
2016-07-17,3.5959736291427244
2016-07-18,3.7140783764296414
2016-07-19,3.6936750479565834
2016-07-20,3.7129780789067786
2016-07-21,3.7944337071967307
2016-07-22,3.771177716207375
2016-07-23,3.7046320384060145
2016-07-24,3.6692427106870062
2016-07-25,3.678112648248004
2016-07-26,3.6433330184337738
2016-07-27,3.70020179464914
2016-07-28,3.7578804346927877
2016-07-29,3.755383123722324
2016-07-30,3.696746325575521
2016-07-31,3.6715424844322637
2016-08-01,3.727609054147385
2016-08-02,3.7033587747868846
2016-08-03,3.7186786986960083
2016-08-04,3.76278654293543
2016-08-05,3.7287818028183013
2016-08-06,3.65067168430637
2016-08-07,3.610487528622952
2016-08-08,3.596563937208553
2016-08-09,3.5162765866217836
2016-08-10,3.582145143728074
2016-08-11,3.653956520481488
2016-08-12,3.738838575064383
2016-08-13,3.6752963907799865
2016-08-14,3.6425851994419225
2016-08-15,3.650129507606376
2016-08-16,3.6388908197985668
2016-08-17,3.6764490306359163
2016-08-18,3.7327324114749265
2016-08-19,3.735776660652559
2016-08-20,3.7255065273293275
2016-08-21,3.7169380438815565
2016-08-22,3.7048664494441192
2016-08-23,3.7158833998674514
2016-08-24,3.65512689170967
2016-08-25,3.6443555634292135
2016-08-26,3.6519133378831254
2016-08-27,3.6285537254746862
2016-08-28,3.7735908177540067
2016-08-29,3.7139560056341083
2016-08-30,3.6380546607740363
2016-08-31,3.617635496781151
2016-09-01,3.6489872343247525
2016-09-02,3.5529824990773773
2016-09-03,3.473077443192581
2016-09-04,3.399605704559957
2016-09-05,3.450315089973168
2016-09-06,3.5528300523587406
2016-09-07,3.6205656614594517
2016-09-08,3.6331315632447327
2016-09-09,3.633369661730082
2016-09-10,3.631642266897356
2016-09-11,3.670604685447763
2016-09-12,3.733691772840451
2016-09-13,3.7425959629748835
2016-09-14,3.6967501063894006
2016-09-15,3.6979115665409497
2016-09-16,3.700475522297924
2016-09-17,3.7349221630628278
2016-09-18,3.6866997953670615
2016-09-19,3.7104935085203854
2016-09-20,3.6911296007599406
2016-09-21,3.6386138335681975
2016-09-22,3.67730583405754
2016-09-23,3.7132220423637343
2016-09-24,3.7088713155422632
2016-09-25,3.6959102989261674
2016-09-26,3.682382350443392
2016-09-27,3.633050111636244
2016-09-28,3.707021826363997
2016-09-29,3.7586812054173206
2016-09-30,3.7268420646866387
2016-10-01,3.7386616424832955
2016-10-02,3.674837522680486
2016-10-03,3.751341299334371
2016-10-04,3.7441845377386684
2016-10-05,3.715823270023665
2016-10-06,3.7454617491308038
2016-10-07,3.8006235551986527
2016-10-08,3.821134247831016
2016-10-09,3.793917128288842
2016-10-10,3.7036759589722346
2016-10-11,3.7535984924288477
2016-10-12,3.72593676405256
2016-10-13,3.7261265410784077
2016-10-14,3.7174379120887244
2016-10-15,3.5376976460654284
2016-10-16,3.6257772633640704
2016-10-17,3.7255269538234486
2016-10-18,3.700603067205707
2016-10-19,3.6779863462252784
2016-10-20,3.710925457627571
2016-10-21,3.7330307588560028
2016-10-22,3.7519859328469707
2016-10-23,3.6773093276346964
2016-10-24,3.7009791513876804
2016-10-25,3.710722181578253
2016-10-26,3.670750927807013
2016-10-27,3.7307711264172747
2016-10-28,3.6863647554897137
2016-10-29,3.6528122593139805
2016-10-30,3.582482816998665
2016-10-31,3.6745816223719356
2016-11-01,3.7202465479458278
2016-11-02,3.7459124998896747
2016-11-03,3.7139309442797552
2016-11-04,3.783593822478038
2016-11-05,3.78535819959458
2016-11-06,3.703808098498606
2016-11-07,3.72238771147412
2016-11-08,3.7247792545506044
2016-11-09,3.6339634997247487
2016-11-10,3.6438770921226937
2016-11-11,3.7052560813883924
2016-11-12,3.679876000475591
2016-11-13,3.696807526762549
2016-11-14,3.669559215072266
2016-11-15,3.673432825051487
2016-11-16,3.7401642460769624
2016-11-17,3.652448492888642
2016-11-18,3.587845631573706
2016-11-19,3.631429430506416
2016-11-20,3.4974184676893243
2016-11-21,3.638955717070254
2016-11-22,3.717834022832579
2016-11-23,3.664309555477916
2016-11-24,3.6573238358694393
2016-11-25,3.6759122534939026
2016-11-26,3.6132881420277125
2016-11-27,3.62873209146246
2016-11-28,3.6934398979380774
2016-11-29,3.636018812241536
2016-11-30,3.6435699472186984
2016-12-01,3.6504615341022513
2016-12-02,3.7000133370879777
2016-12-03,3.6545645063098937
2016-12-04,3.6404690933660597
2016-12-05,3.6649222026320722
2016-12-06,3.6347593862776915
2016-12-07,3.6503714313210427
2016-12-08,3.6466916926813404
2016-12-09,3.6803220025892887
2016-12-10,3.710718239698571
2016-12-11,3.7157900250622724
2016-12-12,3.6854753208522073
2016-12-13,3.6813764829753945
2016-12-14,3.700167470704647
2016-12-15,3.70220247501906
2016-12-16,3.6565153942858535
2016-12-17,3.6448430826942
2016-12-18,3.687797350730607
2016-12-19,3.6467899539016164
2016-12-20,3.651174235752422
2016-12-21,3.6743961153300604
2016-12-22,3.727332794854704
2016-12-23,3.7100551483505795
2016-12-24,3.685130686555289
2016-12-25,3.5615559956677068
2016-12-26,3.6727545334576126
2016-12-27,3.643589189172898
2016-12-28,3.627917421675563
2016-12-29,3.703934987865547
2016-12-30,3.7590944295197946
2016-12-31,3.6739780439492655
2017-01-01,3.6498443477276665
2017-01-02,3.7299090141056723
2017-01-03,3.7401081862122743
2017-01-04,3.7379756528366306
2017-01-05,3.690514464550092
2017-01-06,3.7349579096204746
2017-01-07,3.7086816162486547
2017-01-08,3.6433443277633075
2017-01-09,3.7542846711833686
2017-01-10,3.7849129476119576
2017-01-11,3.6662093549145185
2017-01-12,3.6730824111209657
2017-01-13,3.6606984863330863
2017-01-14,3.6852657930935635
2017-01-15,3.67474471327154
2017-01-16,3.6832277094498638
2017-01-17,3.669424041729557
2017-01-18,3.6915878880083883
2017-01-19,3.7279332811298316
2017-01-20,3.6989120984322974
2017-01-21,3.6468961216499123
2017-01-22,3.529855469062046
2017-01-23,3.6333407962206463
2017-01-24,3.6405593019802724
2017-01-25,3.680176295779595
2017-01-26,3.715631699272744
2017-01-27,3.643599015074621
2017-01-28,3.5718149532463177
2017-01-29,3.54806835378449
2017-01-30,3.687400726622459
2017-01-31,3.6722653902493576
2017-02-01,3.6876655175343522
2017-02-02,3.707690815931914
2017-02-03,3.680183918901723
2017-02-04,3.721377033038501
2017-02-05,3.681376707646939
2017-02-06,3.6890556633836993
2017-02-07,3.6615102120872067
2017-02-08,3.7149864636080814
2017-02-09,3.668298947609663
2017-02-10,3.6356483965414887
2017-02-11,3.6571282469175737
2017-02-12,3.6185478304419068
2017-02-13,3.663179947352962
2017-02-14,3.6095545538326412
2017-02-15,3.5622174021320316
2017-02-16,3.547327543295655
2017-02-17,3.5804301218318506
2017-02-18,3.6009654506710813
2017-02-19,3.643740634593785
2017-02-20,3.620608584173752
2017-02-21,3.665037783790216
2017-02-22,3.707888215685452
2017-02-23,3.653073602304784
2017-02-24,3.6515116118469906
2017-02-25,3.6926969484818444
2017-02-26,3.8029684490513374
2017-02-27,3.7104587070618993
2017-02-28,3.688532052450295
2017-03-01,3.7152343123909763
2017-03-02,3.5142480611806817
2017-03-03,3.505159200082359
2017-03-04,3.513117024026542
2017-03-05,3.59215237169546
2017-03-06,3.66327988242836
2017-03-07,3.643841903401431
2017-03-08,3.6140118866323525
2017-03-09,3.5967146117302775
2017-03-10,3.617229697432532
2017-03-11,3.5828549342640925
2017-03-12,3.644062154702849
2017-03-13,3.6759893521886875
2017-03-14,3.717556734588853
2017-03-15,3.67973954496174
2017-03-16,3.695557420595506
2017-03-17,3.6782054185290067
2017-03-18,3.7076805013561103
2017-03-19,3.652944227828196
2017-03-20,3.6499063091858974
2017-03-21,3.625240398692242
2017-03-22,3.64145501366408
2017-03-23,3.6889088589607817
2017-03-24,3.6309650498253814
2017-03-25,3.645201269761189
2017-03-26,3.7805881040728435
2017-03-27,3.7220839807141215
2017-03-28,3.6530625397185514
2017-03-29,3.6727075231969435
2017-03-30,3.693754671737674
2017-03-31,3.6581422421119076
2017-04-01,3.655880939821331
2017-04-02,3.7118717240923385
2017-04-03,3.681769859255001
2017-04-04,3.652520867539787
2017-04-05,3.726097151878486
2017-04-06,3.784501205167304
2017-04-07,3.712983915912999
2017-04-08,3.729545505747509
2017-04-09,3.7202390772194107
2017-04-10,3.757952703400781
2017-04-11,3.6754189262320107
2017-04-12,3.6014376302125566
2017-04-13,3.6313078070985427
2017-04-14,3.5973928585183774
2017-04-15,3.636218160576744
2017-04-16,3.6731496323083217
2017-04-17,3.705876424762313
2017-04-18,3.690841311189271
2017-04-19,3.713262071207584
2017-04-20,3.729792769084401
2017-04-21,3.742011598525335
2017-04-22,3.746270353064834
2017-04-23,3.7224133432149014
2017-04-24,3.6982123965329174
2017-04-25,3.6922028039184362
2017-04-26,3.684962969960205
2017-04-27,3.683373770669169
2017-04-28,3.65305954653611
2017-04-29,3.730240123679793
2017-04-30,3.6828222683961815
2017-05-01,3.72453769477213
2017-05-02,3.500901921779693
2017-05-03,3.565204337726518
2017-05-04,3.5987111463889865
2017-05-05,3.6671763354237745
2017-05-06,3.6390462724867323
2017-05-07,3.588839805226028
2017-05-08,3.6105070669839296
2017-05-09,3.633539490663484
2017-05-10,3.5676658139290645
2017-05-11,3.5952780968229474
2017-05-12,3.5918669261011815
2017-05-13,3.633154155586521
2017-05-14,3.5406681672944824
2017-05-15,3.633229029590386
2017-05-16,3.6060719839438984
2017-05-17,3.613191996911967
2017-05-18,3.616760523806197
2017-05-19,3.6126198251516812
2017-05-20,3.5533484781873588
2017-05-21,3.586833927857484
2017-05-22,3.553622902298459
2017-05-23,3.55262397195136
2017-05-24,3.598456604616304
2017-05-25,3.555781788414072
2017-05-26,3.553066492497292
2017-05-27,3.472065074472838
2017-05-28,3.4798520206366286
2017-05-29,3.5698713854671933
2017-05-30,3.545528274882485
2017-05-31,3.6364345461147947
2017-06-01,3.606547838302101
2017-06-02,3.64302599148798
2017-06-03,3.645135660454499
2017-06-04,3.640228078889163
2017-06-05,3.626518588020024
2017-06-06,3.6710400277685693
2017-06-07,3.6442538088254333
2017-06-08,3.6179547132791043
2017-06-09,3.6329556838199264
2017-06-10,3.5483362142468486
2017-06-11,3.626532880804249
2017-06-12,3.7502820910303853
2017-06-13,3.721225031166287
2017-06-14,3.668165928775487
2017-06-15,3.725669606764058
2017-06-16,3.7258904618152804
2017-06-17,3.684945870733175
2017-06-18,3.7197091395986788
2017-06-19,3.732189870199711
2017-06-20,3.690932386479274
2017-06-21,3.655157623337196
2017-06-22,3.7126138128886157
2017-06-23,3.6895384561648497
2017-06-24,3.6926166949649484
2017-06-25,3.6968735947127125
2017-06-26,3.68371804572649
2017-06-27,3.704698013369074
2017-06-28,3.7388792682357455
2017-06-29,3.677576796522505
2017-06-30,3.6435162486420634
2017-07-01,3.62039432483674
2017-07-02,3.5750769835035214
2017-07-03,3.560737532226872
2017-07-04,3.4706780463543203
2017-07-05,3.6122545897955343
2017-07-06,3.5658604420756013
2017-07-07,3.4596430884036087
2017-07-08,3.3992204137407858
2017-07-09,3.4155156391412853
2017-07-10,3.4771716985814245
2017-07-11,3.5484183867967465
2017-07-12,3.5589985712802803
2017-07-13,3.507551990803103
2017-07-14,3.5800235760570565
2017-07-15,3.567680813966676
2017-07-16,3.5250392207098313
2017-07-17,3.6871040216168525
2017-07-18,3.6441671469987096
2017-07-19,3.5669726186704356
2017-07-20,3.6632413462774065
2017-07-21,3.7101535683447255
2017-07-22,3.6085156427598934
2017-07-23,3.629512881609914
2017-07-24,3.630708411491037
2017-07-25,3.627294699894928
2017-07-26,3.769062078053876
2017-07-27,3.7758003466362235
2017-07-28,3.7906111233273503
2017-07-29,3.7890344082584315
2017-07-30,3.781231561254149
2017-07-31,3.7969233799497784
2017-08-01,3.693129689383201
2017-08-02,3.7356160129257425
2017-08-03,3.7286540653150424
2017-08-04,3.7468186889921635
2017-08-05,3.634042076580228
2017-08-06,3.5644922609706917
2017-08-07,3.7062175549734127
2017-08-08,3.7278432490706144
2017-08-09,3.690747567421201
2017-08-10,3.6985994243723357
2017-08-11,3.7507969326601076
2017-08-12,3.682485012945122
2017-08-13,3.6707713208663186
2017-08-14,3.720462419597873
2017-08-15,3.7281632602012604
2017-08-16,3.6732838825370817
2017-08-17,3.645986002439487
2017-08-18,3.668911908824799
2017-08-19,3.664205859740788
2017-08-20,3.681528963131123
2017-08-21,3.706748690653178
2017-08-22,3.6750634500565353
2017-08-23,3.6338912106155146
2017-08-24,3.5828736413221765
2017-08-25,3.6997499997619876
2017-08-26,3.7338218120662447
2017-08-27,3.6081600257687003
2017-08-28,3.6313452812278
2017-08-29,3.265910665544591
2017-08-30,3.7404506871037047
2017-08-31,3.7600166964490964
2017-09-01,3.7870483536547748
2017-09-02,3.8327991757282285
2017-09-03,3.767990914386062
2017-09-04,3.668903831107047
2017-09-05,3.6831201172047145
2017-09-06,3.6846406679001316
2017-09-07,3.6510738570444694
2017-09-08,3.6786752597369965
2017-09-09,3.6638298330976036
2017-09-10,3.6573030318946294
2017-09-11,3.7209167695966467
2017-09-12,3.706877926967223
2017-09-13,3.698437537363386
2017-09-14,3.7611744028868044
2017-09-15,3.7314740597418985
2017-09-16,3.735359240902474
2017-09-17,3.7259870815217333
2017-09-18,3.7122807173790595
2017-09-19,3.793898238967921
2017-09-20,3.7396332028215036
2017-09-21,3.70026411494079
2017-09-22,3.731271354144727
2017-09-23,3.775117917312673
2017-09-24,3.726629758036677
2017-09-25,3.6952167842494252
2017-09-26,3.7291575149436733
2017-09-27,3.7003357118778255
2017-09-28,3.6733332693325425
2017-09-29,3.6997657970807616
2017-09-30,3.688369397645306
2017-10-01,3.7096503353920145
2017-10-02,3.6896398935620383
2017-10-03,3.7120301935975193
2017-10-04,3.6017280119563098
2017-10-05,3.608641844536208
2017-10-06,3.5935209304854476
2017-10-07,3.632588008842159
2017-10-08,3.5870405639438245
2017-10-09,3.6827285898238036
2017-10-10,3.6472166887478026
2017-10-11,3.6665546326609557
2017-10-12,3.6515955303876466
2017-10-13,3.5621168056725616
2017-10-14,3.5524919738524967
2017-10-15,3.551207508169134
2017-10-16,3.598967255151688
2017-10-17,3.634029097701647
2017-10-18,3.6064611172669245
2017-10-19,3.598515628899178
2017-10-20,3.620606903345458
2017-10-21,3.5990190180356363
2017-10-22,3.6860458267851217
2017-10-23,3.689136502651357
2017-10-24,3.6884525396171526
2017-10-25,3.661218613459535
2017-10-26,3.6348454960222654
2017-10-27,3.6659335603954815
2017-10-28,3.6342188572456067
2017-10-29,3.724582055389535
2017-10-30,3.631363366811727
2017-10-31,3.5817549602631917
2017-11-01,3.590005468232417
2017-11-02,3.6315415169559278
2017-11-03,3.6782843211127605
2017-11-04,3.67530984356593
2017-11-05,3.6728942079089455
2017-11-06,3.6412623098024093
2017-11-07,3.6592056019907706
2017-11-08,3.6432343752582517
2017-11-09,3.6020220576346538
2017-11-10,3.5440618489711704
2017-11-11,3.50476407855891
2017-11-12,3.503250867806655
2017-11-13,3.569774193599957
2017-11-14,3.5994126921933733
2017-11-15,3.6241386145645245
2017-11-16,3.598782174108205
2017-11-17,3.640145300786443
2017-11-18,3.633326626725356
2017-11-19,3.6067326824043917
2017-11-20,3.513171743946914
2017-11-21,3.3196677945695114
2017-11-22,3.3686971608147043
2017-11-23,3.4851505956705893
2017-11-24,3.494145750839406
2017-11-25,3.4956284650275737
2017-11-26,3.5151278627906715
2017-11-27,3.6269665466255208
2017-11-28,3.6381876196072658
2017-11-29,3.573878140773793
2017-11-30,3.5808332334980646
2017-12-01,3.557896684642007
2017-12-02,3.54232198556811
2017-12-03,3.5580142105417
2017-12-04,3.633854537545467
2017-12-05,3.663735796635786
2017-12-06,3.58556407764838
2017-12-07,3.5805966439123322
2017-12-08,3.558973955017891
2017-12-09,3.64855558327259
2017-12-10,3.569371968050573
2017-12-11,3.51314574719117
2017-12-12,3.621256619319705
2017-12-13,3.642394658216189
2017-12-14,3.6780016912514997
2017-12-15,3.6744867565092982
2017-12-16,3.6276884918122296
2017-12-17,3.6595491992241898
2017-12-18,3.754945592094552
2017-12-19,3.7139960421370874
2017-12-20,3.724402500004854
2017-12-21,3.703808707790628
2017-12-22,3.637807170008009
2017-12-23,3.6590542815541625
2017-12-24,3.6434349485495288
2017-12-25,3.7538740587719417
2017-12-26,3.735048693535577
2017-12-27,3.6694973527848664
2017-12-28,3.746918120379757
2017-12-29,3.7645011001920623
2017-12-30,3.7635297765565827
2017-12-31,3.7660788519240165
2018-01-01,3.7607345663865077
2018-01-02,3.701626778990932
2018-01-03,3.656664248639406
2018-01-04,3.7437769916723735
2018-01-05,3.743096883360178
2018-01-06,3.724818186570595
2018-01-07,3.6890086693012774
2018-01-08,3.714288784492621
2018-01-09,3.7218082051650656
2018-01-10,3.685882907474651
2018-01-11,3.686461302087341
2018-01-12,3.7011814781749095
2018-01-13,3.6973940267583827
2018-01-14,3.6711992205144295
2018-01-15,3.7473885097900643
2018-01-16,3.6874698630238623
2018-01-17,3.7074789449819168
2018-01-18,3.659616074567249
2018-01-19,3.677777428987085
2018-01-20,3.6172795412474903
2018-01-21,3.592159990244305
2018-01-22,3.7141042857996824
2018-01-23,3.6560043776818367
2018-01-24,3.6190570014572576
2018-01-25,3.628582623405218
2018-01-26,3.714801337439413
2018-01-27,3.67742008811158
2018-01-28,3.7883644720063137
2018-01-29,3.6276356538411747
2018-01-30,3.6575882759964444
2018-01-31,3.6445606735699227
2018-02-01,3.6998069622847636
2018-02-02,3.7014013527856835
2018-02-03,3.71295774977195
2018-02-04,3.653180964848032
2018-02-05,3.7120320071511115
2018-02-06,3.686350195063855
2018-02-07,3.6460444179755567
2018-02-08,3.628311529131355
2018-02-09,3.67691485770886
2018-02-10,3.623533827162955
2018-02-11,3.5470397122463115
2018-02-12,3.573434650929336
2018-02-13,3.6417029655294706
2018-02-14,3.6104589709873376
2018-02-15,3.654383783922934
2018-02-16,3.6861687129842076
2018-02-17,3.6827986191913626
2018-02-18,3.697019080037067
2018-02-19,3.687916772759151
2018-02-20,3.68629982358629
2018-02-21,3.6783081772414374
2018-02-22,3.735327528258856
2018-02-23,3.6994579381518102
2018-02-24,3.7010874379077525
2018-02-25,3.6951994228270135
2018-02-26,3.7317184416486806
2018-02-27,3.751593583688556
2018-02-28,3.6990186032138066
2018-03-01,3.7302660848834885
2018-03-02,3.6911509270224725
2018-03-03,3.6805685763083495
2018-03-04,3.688636409269527
2018-03-05,3.7068308589383836
2018-03-06,3.7769837941193796
2018-03-07,3.7099730300574127
2018-03-08,3.699041987891333
2018-03-09,3.7109916507312253
2018-03-10,3.6745803951973603
2018-03-11,3.768069241892728
2018-03-12,3.784741463498759
2018-03-13,3.7805040579302713
2018-03-14,3.77781053633402
2018-03-15,3.8016419972926347
2018-03-16,3.80756084241424
2018-03-17,3.8334691954938624
2018-03-18,3.806517705179762
2018-03-19,3.7282867536110755
2018-03-20,3.739057764766926
2018-03-21,3.6894898585384173
2018-03-22,3.778157204263038
2018-03-23,3.741554247027964
2018-03-24,3.772141728653291
2018-03-25,3.774780767976471
2018-03-26,3.776397310399305
2018-03-27,3.767273305126026
2018-03-28,3.69909198171137
2018-03-29,3.74624143413921
2018-03-30,3.744718643245682
2018-03-31,3.80476202708979
2018-04-01,3.7892083950839015
2018-04-02,3.7230413870278682
2018-04-03,3.6480084382246405
2018-04-04,3.666653493857848
2018-04-05,3.719818520460591
2018-04-06,3.7439330164178624
2018-04-07,3.726045341154748
2018-04-08,3.738190997776196
2018-04-09,3.7366852464957403
2018-04-10,3.7636185135892952
2018-04-11,3.8090220647725195
2018-04-12,3.7747517419114875
2018-04-13,3.739127464326827
2018-04-14,3.6902772464638867
2018-04-15,3.679131892126902
2018-04-16,3.737272570800646
2018-04-17,3.738785391349032
2018-04-18,3.72273022055084
2018-04-19,3.6964893229025897
2018-04-20,3.6455712356686236
2018-04-21,3.691730225083713
2018-04-22,3.7315058400316468
2018-04-23,3.696620225834429
2018-04-24,3.6868237684506533
2018-04-25,3.7097202869895884
2018-04-26,3.604209905641877
2018-04-27,3.575441901272599
2018-04-28,3.5532833696395865
2018-04-29,3.6076309494642302
2018-04-30,3.6961838594605685
2018-05-01,3.685231599585333
2018-05-02,3.7125431617701374
2018-05-03,3.7247865780282985
2018-05-04,3.7560791343655437
2018-05-05,3.7817152862492276
2018-05-06,3.7855432303876886
2018-05-07,3.738953884057861
2018-05-08,3.6960859414220324
2018-05-09,3.5877808512030835
2018-05-10,3.6635325051106746
2018-05-11,3.594202914912386
2018-05-12,3.6301135740951507
2018-05-13,3.5761578540509786
2018-05-14,3.5597930789163614
2018-05-15,3.7141866984488385
2018-05-16,3.7099675788897324
2018-05-17,3.5905876777452734
2018-05-18,3.640441341689046
2018-05-19,3.6304438237493484
2018-05-20,3.5652303123013396
2018-05-21,3.648584168245372
2018-05-22,3.6308754784577064
2018-05-23,3.6647107202784133
2018-05-24,3.5874379154015488
2018-05-25,3.597950176858601
2018-05-26,3.5568948268348435
2018-05-27,3.569201996659074
2018-05-28,3.644261601144044
2018-05-29,3.6735677540025344
2018-05-30,3.6972129267669156
2018-05-31,3.6245411168184747
2018-06-01,3.6220441009192013
2018-06-02,3.6058093803810394
2018-06-03,3.6804940580594128
2018-06-04,3.652880581599345
2018-06-05,3.6865927207456624
2018-06-06,3.6594087338163366
2018-06-07,3.641394181766107
2018-06-08,3.5665105602873086
2018-06-09,3.5147289290887613
2018-06-10,3.369515647774047
2018-06-11,3.5820809128742255
2018-06-12,3.626853076723733
2018-06-13,3.642961579488626
2018-06-14,3.5883911321465645
2018-06-15,3.5911358735345114
2018-06-16,3.5259350906215254
2018-06-17,3.596198754077921
2018-06-18,3.617121396498858
2018-06-19,3.5947135805775865
2018-06-20,3.6611200050325032
2018-06-21,3.560394977063006
2018-06-22,3.643222630048075
2018-06-23,3.652426351360028
2018-06-24,3.6687523706740977
2018-06-25,3.617190013086679
2018-06-26,3.627737856435585
2018-06-27,3.5557319639345972
2018-06-28,3.494156975450197
2018-06-29,3.5997530954484773
2018-06-30,3.5401356706703484
2018-07-01,3.5888995557445726
2018-07-02,3.610004150822795
2018-07-03,3.5407349015379017
2018-07-04,3.6372880141009687
2018-07-05,3.687070274202586
2018-07-06,3.6378858391945217
2018-07-07,3.587352401937664
2018-07-08,3.5701124119989207
2018-07-09,3.6533210958060773
2018-07-10,3.5524595057828785
2018-07-11,3.5022291333564324
2018-07-12,3.522395481889457
2018-07-13,3.6224128856999407
2018-07-14,3.592011451979337
2018-07-15,3.5352582446113847
2018-07-16,3.540325369654776
2018-07-17,3.5850349145874145
2018-07-18,3.619250323567072
2018-07-19,3.6972955862554273
2018-07-20,3.6101564407925757
2018-07-21,3.622724728821694
2018-07-22,3.6250989821171222
2018-07-23,3.6075430262499335
2018-07-24,3.6081966001801526
2018-07-25,3.6626092502386722
2018-07-26,3.6375603480390932
2018-07-27,3.6235321072105773
2018-07-28,3.630022664434252
2018-07-29,3.64479599286021
2018-07-30,3.6615925125432454
2018-07-31,3.7293774808387887
2018-08-01,3.7503352499471405
2018-08-02,3.779955530945072
2018-08-03,3.7314925001607
2018-08-04,3.676940747709997
2018-08-05,3.6427444865281324
2018-08-06,3.6956833783189538
2018-08-07,3.7628432791467152
2018-08-08,3.7882738664847544
2018-08-09,3.814003503182402
2018-08-10,3.781171179894344
2018-08-11,3.8028806922324385
2018-08-12,3.6920549641609166
2018-08-13,3.71331430893954
2018-08-14,3.7208411722918324
2018-08-15,3.6798105754710115
2018-08-16,3.717435781320916
2018-08-17,3.672867706585308
2018-08-18,3.4802474868852404
2018-08-19,3.5635456786749615
2018-08-20,3.7046669680983575
2018-08-21,3.787079562153804
2018-08-22,3.7425457958178714
2018-08-23,3.6701030900878386
2018-08-24,3.6978218718650444
2018-08-25,3.737596120547117
2018-08-26,3.670612192919233
2018-08-27,3.7156839694353025
2018-08-28,3.7434574785443773
2018-08-29,3.7519364810081597
2018-08-30,3.752309794040678
2018-08-31,3.756283910772191
2018-09-01,3.68981871878797
2018-09-02,3.7243175488013036
2018-09-03,3.6957255687728003
2018-09-04,3.7520969873685845
2018-09-05,3.753817662999259
2018-09-06,3.7224262107894726
2018-09-07,3.6803785849374018
2018-09-08,3.642939607407343
2018-09-09,3.745560783341849
2018-09-10,3.715702568402573
2018-09-11,3.7720635245017844
2018-09-12,3.772136679456826
2018-09-13,3.7820992254414483
2018-09-14,3.665665357450165
2018-09-15,3.64146146459622
2018-09-16,3.648070337449945
2018-09-17,3.7117217453650935
2018-09-18,3.693475898789708
2018-09-19,3.6883729429809566
2018-09-20,3.7229854613425037
2018-09-21,3.7320145165063883
2018-09-22,3.66212327224967
2018-09-23,3.737819367138211
2018-09-24,3.7150556150581937
2018-09-25,3.720356414385836
2018-09-26,3.6709934618787363
2018-09-27,3.640014961815272
2018-09-28,3.6664578996449886
2018-09-29,3.703518804885389
2018-09-30,3.7234822238377023
2018-10-01,3.735449717500789
2018-10-02,3.7071547293994773
2018-10-03,3.740065972098308
2018-10-04,3.6910422659317854
2018-10-05,3.693256059412734
2018-10-06,3.683526873190346
2018-10-07,3.6619867386322467
2018-10-08,3.661865361370739
2018-10-09,3.6658343137304525
2018-10-10,3.7009224938646494
2018-10-11,3.676575513650509
2018-10-12,3.6585577899993145
2018-10-13,3.569483170349379
2018-10-14,3.7165743985372233
2018-10-15,3.6881254301219624
2018-10-16,3.640411891009594
2018-10-17,3.6870945002414954
2018-10-18,3.6869765080243284
2018-10-19,3.671997630932263
2018-10-20,3.626151649580758
2018-10-21,3.684843729216076
2018-10-22,3.7082983172814012
2018-10-23,3.66647413694117
2018-10-24,3.652856625539074
2018-10-25,3.7398008521230435
2018-10-26,3.641041513735282
2018-10-27,3.5516095136715458
2018-10-28,3.69139713369942
2018-10-29,3.682410086585495
2018-10-30,3.6592468328267085
2018-10-31,3.694447373875237
2018-11-01,3.729653074896892
2018-11-02,3.7015854667336985
2018-11-03,3.6652805900099463
2018-11-04,3.6621748225943804
2018-11-05,3.6618576614635807
2018-11-06,3.679588762275978
2018-11-07,3.690323194953578
2018-11-08,3.6890174032800007
2018-11-09,3.6696771709239804
2018-11-10,3.6478388253667737
2018-11-11,3.535286906304711
2018-11-12,3.6009399240274838
2018-11-13,3.612584790470498
2018-11-14,3.5897620472275826
2018-11-15,3.678529777736107
2018-11-16,3.6819053139662565
2018-11-17,3.683570373733949
2018-11-18,3.695385703506245
2018-11-19,3.682378735459384
2018-11-20,3.654278522026373
2018-11-21,3.6851765656071875
2018-11-22,3.655133869639728
2018-11-23,3.6549237751352806
2018-11-24,3.6161615230258404
2018-11-25,3.6127923976238567
2018-11-26,3.7476962196791375
2018-11-27,3.7141014976093802
2018-11-28,3.711919397102361
2018-11-29,3.6799379900440687
2018-11-30,3.6522263853100614
2018-12-01,3.5442340876578613
2018-12-02,3.609476877792433
2018-12-03,3.6920976206934606
2018-12-04,3.696311893582589
2018-12-05,3.714680537154184
2018-12-06,3.702376051328602
2018-12-07,3.6781101747349587
2018-12-08,3.649397773547977
2018-12-09,3.6797414519983658
2018-12-10,3.693542126187372
2018-12-11,3.7061726787698177
2018-12-12,3.7257629970133768
2018-12-13,3.743318819275298
2018-12-14,3.6797531633643166
2018-12-15,3.634164266607519
2018-12-16,3.687407084157096
2018-12-17,3.7665457625151557
2018-12-18,3.7320241397096665
2018-12-19,3.7749265706068194
2018-12-20,3.794432842786945
2018-12-21,3.7431522615037234
2018-12-22,3.751463852420105
2018-12-23,3.7345747061656938
2018-12-24,3.7126222671247406
2018-12-25,3.6946494897252853
2018-12-26,3.7369757596761284
2018-12-27,3.7032824907898383
2018-12-28,3.685012803764884
2018-12-29,3.6916641215753616
2018-12-30,3.6738620151175754
2018-12-31,3.711144636470982
2019-01-01,3.6482826808201296
2019-01-02,3.6248842414138442
2019-01-03,3.693322529302303
2019-01-04,3.6832795969993866
2019-01-05,3.76823767892235
2019-01-06,3.7318345986511847
2019-01-07,3.664423833724043
2019-01-08,3.6714260891868724
2019-01-09,3.704862728695458
2019-01-10,3.715300286289242
2019-01-11,3.7268085868028296
2019-01-12,3.68380021406702
2019-01-13,3.57714915238038
2019-01-14,3.6306427114675865
2019-01-15,3.6846864746002215
2019-01-16,3.6970885795856945
2019-01-17,3.680063643017822
2019-01-18,3.70638624186956
2019-01-19,3.7067930606138386
2019-01-20,3.735899060450207
2019-01-21,3.723081617382046
2019-01-22,3.6578478945966806
2019-01-23,3.6204948498274208
2019-01-24,3.7419559407592544
2019-01-25,3.6941044921300366
2019-01-26,3.6601769913805344
2019-01-27,3.6635719019335564
2019-01-28,3.725834190072549
2019-01-29,3.66545258734142
2019-01-30,3.708262156943628
2019-01-31,3.7001225262982187
2019-02-01,3.6687132934157254
2019-02-02,3.735816317391851
2019-02-03,3.6892540963772724
2019-02-04,3.670670607116081
2019-02-05,3.6513214788417336
2019-02-06,3.6943360940325767
2019-02-07,3.7284485647193466
2019-02-08,3.6956396170329997
2019-02-09,3.705069668568315
2019-02-10,3.727496448196243
2019-02-11,3.668662094078659
2019-02-12,3.690464224161682
2019-02-13,3.672777067585554
2019-02-14,3.5968381067335993
2019-02-15,3.6479190963971324
2019-02-16,3.605859192788304
2019-02-17,3.6656595828214344
2019-02-18,3.7347632353481637
2019-02-19,3.7238689661760978
2019-02-20,3.759058377874284
2019-02-21,3.727692436693104
2019-02-22,3.6959223588419783
2019-02-23,3.7177918954753384
2019-02-24,3.686681821342441
2019-02-25,3.672121369984598
2019-02-26,3.6938352207629763
2019-02-27,3.6711719038113824
2019-02-28,3.639137397334003
2019-03-01,3.672045262250875
2019-03-02,3.655055525453202
2019-03-03,3.64930711226633
2019-03-04,3.672384743326451
2019-03-05,3.6797949461926103
2019-03-06,3.732194547108393
2019-03-07,3.69968250997376
2019-03-08,3.709940345798765
2019-03-09,3.718935509439553
2019-03-10,3.754970007995859
2019-03-11,3.761359118939228
2019-03-12,3.781574637572713
2019-03-13,3.78261964260113
2019-03-14,3.727371626500439
2019-03-15,3.789063599082035
2019-03-16,3.7962013637825676
2019-03-17,3.6576039368497524
2019-03-18,3.7277369965762492
2019-03-19,3.6270884952825115
2019-03-20,3.6886877987345876
2019-03-21,3.7283283597461288
2019-03-22,3.6562409612567697
2019-03-23,3.664754671512016
2019-03-24,3.6504835953533856
2019-03-25,3.6627328456802912
2019-03-26,3.7184990028396125
2019-03-27,3.7261905308674974
2019-03-28,3.736877313620884
2019-03-29,3.7203582911854096
2019-03-30,3.755308404295341
2019-03-31,3.692012184409544
2019-04-01,3.6939029303799873
2019-04-02,3.6617259186693922
2019-04-03,3.6678023922942944
2019-04-04,3.6625770037888996
2019-04-05,3.6595532474869756
2019-04-06,3.6067687180353585
2019-04-07,3.601510680420466
2019-04-08,3.588515070354409
2019-04-09,3.631847081985227
2019-04-10,3.6572877928692713
2019-04-11,3.706020849905241
2019-04-12,3.7001922214061875
2019-04-13,3.6994464015167283
2019-04-14,3.6654593156482336
2019-04-15,3.6594527236065595
2019-04-16,3.6568328280961935
2019-04-17,3.5934764515124598
2019-04-18,3.5936798213111776
2019-04-19,3.5686694983595366
2019-04-20,3.6076562453749292
2019-04-21,3.570196092444608
2019-04-22,3.589974635887906
2019-04-23,3.524647538096035
2019-04-24,3.5547857505198994
2019-04-25,3.5608976976936377
2019-04-26,3.5678353673592356
2019-04-27,3.610286709202417
2019-04-28,3.639535099928663
2019-04-29,3.653353003705725
2019-04-30,3.676751485800698
2019-05-01,3.7222575477465423
2019-05-02,3.751591915117685
2019-05-03,3.5875504281556214
2019-05-04,3.595617541052761
2019-05-05,3.698143839126006
2019-05-06,3.627814127410931
2019-05-07,3.7008122594155903
2019-05-08,3.7023603848296593
2019-05-09,3.6769385522488487
2019-05-10,3.6600877405572083
2019-05-11,3.655294991901023
2019-05-12,3.653962219216766
2019-05-13,3.5407427545052554
2019-05-14,3.5253054727797437
2019-05-15,3.5984310434290063
2019-05-16,3.6775351436728947
2019-05-17,3.6486624847487534
2019-05-18,3.697662103216431
2019-05-19,3.5929966053839495
2019-05-20,3.620258699992755
2019-05-21,3.680519076843624
2019-05-22,3.6791609081192553
2019-05-23,3.6846758684506247
2019-05-24,3.6962981235091816
2019-05-25,3.74335478855442
2019-05-26,3.7742967969983154
2019-05-27,3.6975649173139242
2019-05-28,3.699233023339981
2019-05-29,3.6891890453369314
2019-05-30,3.6370420733150386
2019-05-31,3.6648462105938058
2019-06-01,3.7065372073789176
2019-06-02,3.694979335485693
2019-06-03,3.6737820561921675
2019-06-04,3.6617409885444046
2019-06-05,3.5510831402260585
2019-06-06,3.5370357826905994
2019-06-07,3.6267334565393985
2019-06-08,3.6935172572914907
2019-06-09,3.7453902643774675
2019-06-10,3.673955702367992
2019-06-11,3.7172287842887894
2019-06-12,3.699854733067525
2019-06-13,3.6568625898658507
2019-06-14,3.659233328160646
2019-06-15,3.625325675053139
2019-06-16,3.6902646202287683
2019-06-17,3.661868358031345
2019-06-18,3.6401628343995527
2019-06-19,3.705754493038483
2019-06-20,3.7368689679174065
2019-06-21,3.7669261465337787
2019-06-22,3.7590711258462144
2019-06-23,3.7125679658467003
2019-06-24,3.696863174954749
2019-06-25,3.6136083571954294
2019-06-26,3.676382928457261
2019-06-27,3.6714128956874466
2019-06-28,3.512318378065979
2019-06-29,3.5081206598501766
2019-06-30,3.6191014315232772
2019-07-01,3.6307658419894975
2019-07-02,3.6733754916315657
2019-07-03,3.617700078978339
2019-07-04,3.5121831353076214
2019-07-05,3.6007728799494316
2019-07-06,3.675549533170107
2019-07-07,3.6405093227972816
2019-07-08,3.6271837642061997
2019-07-09,3.6410426910335323
2019-07-10,3.6499977775281764
2019-07-11,3.639968359795014
2019-07-12,3.649685475234771
2019-07-13,3.6386732625600864
2019-07-14,3.6392115873817965
2019-07-15,3.7170326271311125
2019-07-16,3.6460123379055323
2019-07-17,3.6620227566454275
2019-07-18,3.6861822147759957
2019-07-19,3.7078948259290923
2019-07-20,3.6939360225213127
2019-07-21,3.755176406379877
2019-07-22,3.7280670003743004
2019-07-23,3.7771810546559443
2019-07-24,3.743247021148789
2019-07-25,3.7574673214873395
2019-07-26,3.773998996419406
2019-07-27,3.8104676675627602
2019-07-28,3.7411788939768575
2019-07-29,3.7735552784717608
2019-07-30,3.802186612808988
2019-07-31,3.792388067781062
2019-08-01,3.737198990432579
2019-08-02,3.8220788814397144
2019-08-03,3.856254801871889
2019-08-04,3.7942659524459774
2019-08-05,3.815148537675543
2019-08-06,3.816463067535037
2019-08-07,3.7255055003465425
2019-08-08,3.7681680071669175
2019-08-09,3.765375006367343
2019-08-10,3.8273502554725103
2019-08-11,3.73758729141866
2019-08-12,3.7114393340713314
2019-08-13,3.71755019450227
2019-08-14,3.7267342551101788
2019-08-15,3.6573841865994674
2019-08-16,3.635713390904853
2019-08-17,3.728493685900826
2019-08-18,3.6870298665447687
2019-08-19,3.633785163035841
2019-08-20,3.651280179900714
2019-08-21,3.6082600297008276
2019-08-22,3.566654932046723
2019-08-23,3.646283822252136
2019-08-24,3.6026555792902473
2019-08-25,3.5823256971662953
2019-08-26,3.6373135090326296
2019-08-27,3.6297567433777598
2019-08-28,3.6620156484208755
2019-08-29,3.670144948114013
2019-08-30,3.627421204029255
2019-08-31,3.6441599572368935
2019-09-01,3.650997705109318
2019-09-02,3.596759072409008
2019-09-03,3.6375747235838047
2019-09-04,3.5842786087907363
2019-09-05,3.6048996726380444
2019-09-06,3.6569879875503988
2019-09-07,3.5225043252016945
2019-09-08,3.6350352556967525
2019-09-09,3.6068760892004077
2019-09-10,3.66475936629972
2019-09-11,3.655721940912644
2019-09-12,3.6824748869293558
2019-09-13,3.62870044673877
2019-09-14,3.5237979656416316
2019-09-15,3.6006433648641853
2019-09-16,3.6411221959083258
2019-09-17,3.681139138789083
2019-09-18,3.67186678226028
2019-09-19,3.6341768403854817
2019-09-20,3.6732584162307913
2019-09-21,3.6679821941568536
2019-09-22,3.621270962940797
2019-09-23,3.6083173437632405
2019-09-24,3.6325194764613262
2019-09-25,3.598345106689551
2019-09-26,3.607688682048541
2019-09-27,3.6173855484806867
2019-09-28,3.494414732643508
2019-09-29,3.652343684035213
2019-09-30,3.695480023733587
2019-10-01,3.6416408864359644
2019-10-02,3.595200818215155
2019-10-03,3.5792974660598738
2019-10-04,3.6332376637083375
2019-10-05,3.6375639918197433
2019-10-06,3.5701219533733037
2019-10-07,3.6163504256756913
2019-10-08,3.6682389087296867
2019-10-09,3.687756365537377
2019-10-10,3.6927763760788093
2019-10-11,3.659475781247661
2019-10-12,3.692987174099335
2019-10-13,3.5942694162003774
2019-10-14,3.6326470298931346
2019-10-15,3.6633428943892494
2019-10-16,3.6234099874386567
2019-10-17,3.6668929112064688
2019-10-18,3.6424396078906995
2019-10-19,3.5496574785502846
2019-10-20,3.5860404453015025
2019-10-21,3.5937039176710073
2019-10-22,3.5366083642825377
2019-10-23,3.5960365117164192
2019-10-24,3.663153409604135
2019-10-25,3.670195193733049
2019-10-26,3.5565021426840375
2019-10-27,3.641429990031564
2019-10-28,3.679840755645044
2019-10-29,3.627613253733592
2019-10-30,3.6355365614953907
2019-10-31,3.65113818237791
2019-11-01,3.7038540752799394
2019-11-02,3.6405318221656104
2019-11-03,3.6315857113694237
2019-11-04,3.692223290570712
2019-11-05,3.701150334709447
2019-11-06,3.673186207714216
2019-11-07,3.6841874679613444
2019-11-08,3.7072443227015643
2019-11-09,3.6875243163845535
2019-11-10,3.703047268480236
2019-11-11,3.694425374541621
2019-11-12,3.6701416298389113
2019-11-13,3.653656037825426
2019-11-14,3.6328380735443053
2019-11-15,3.693023342868796
2019-11-16,3.704801679328306
2019-11-17,3.648025957917957
2019-11-18,3.677634928509366
2019-11-19,3.6602560206183115
2019-11-20,3.6603230784673038
2019-11-21,3.6549809235362876
2019-11-22,3.6685113642378795
2019-11-23,3.652332279426724
2019-11-24,3.635967366327474
2019-11-25,3.6426250442497796
2019-11-26,3.615052913116859
2019-11-27,3.6510389945068065
2019-11-28,3.6286089544546947
2019-11-29,3.5844928437912045
2019-11-30,3.5762094611512234
2019-12-01,3.632669739531323
2019-12-02,3.674529173073096
2019-12-03,3.6306611676241394
2019-12-04,3.7354050979288687
2019-12-05,3.7155337863457265
2019-12-06,3.6451006751170008
2019-12-07,3.632527633099479
2019-12-08,3.61951247938402
2019-12-09,3.526494193247711
2019-12-10,3.6055683273153663
2019-12-11,3.6481881584040985
2019-12-12,3.73375902609196
2019-12-13,3.709529746374331
2019-12-14,3.641779248732369
2019-12-15,3.534692125376429
2019-12-16,3.6558216544595314
2019-12-17,3.727060649136341
2019-12-18,3.72046930629807
2019-12-19,3.727078984918873
2019-12-20,3.683248405376936
2019-12-21,3.7640159293951188
2019-12-22,3.6657928551837187
2019-12-23,3.672898474494904
2019-12-24,3.736418047037582
2019-12-25,3.7300242166880326
2019-12-26,3.7696242514283727
2019-12-27,3.692850958394437
2019-12-28,3.730353681366757
2019-12-29,3.654656842445937
2019-12-30,3.6666033596439975
2019-12-31,3.580825549082566
2020-01-01,3.149211423151781
2020-01-02,3.4686505534370466
2020-01-03,3.406245878298096
2020-01-04,3.3154560610774224
2020-01-05,3.645239493466735
2020-01-06,3.6161560575099685
2020-01-07,3.518348210594441
2020-01-08,3.598815182792089
2020-01-09,3.6988241724504625
2020-01-10,3.707606260467678
2020-01-11,3.558244934540951
2020-01-12,3.556306428715525
2020-01-13,3.580920539128332
2020-01-14,3.6322681414501443
2020-01-15,3.67245035350481
2020-01-16,3.641110679501136
2020-01-17,3.69009412300464
2020-01-18,3.663590908648285
2020-01-19,3.5593317543220047
2020-01-20,3.638579818495219
2020-01-21,3.7397960943093422
2020-01-22,3.635905708768126
2020-01-23,3.5480209092233554
2020-01-24,3.627488369323239
2020-01-25,3.714322459965742
2020-01-26,3.684380278210384
2020-01-27,3.665956352612478
2020-01-28,3.669024745503392
2020-01-29,3.7231234247260705
2020-01-30,3.70708504080574
2020-01-31,3.671800846185525
2020-02-01,3.7145151504077605
2020-02-02,3.621080203533868
2020-02-03,3.68046592353077
2020-02-04,3.637043455741638
2020-02-05,3.689545942779263
2020-02-06,3.6086820808915734
2020-02-07,3.6180531000703975
2020-02-08,3.6004598523033886
2020-02-09,3.637576528103284
2020-02-10,3.655644090983101
2020-02-11,3.711097771278506
2020-02-12,3.712308913824997
2020-02-13,3.694760214627602
2020-02-14,3.644754929131522
2020-02-15,3.634999934653413
2020-02-16,3.6958438650725784
2020-02-17,3.687608375258303
2020-02-18,3.7509553273350815
2020-02-19,3.721597835326109
2020-02-20,3.722984053899156
2020-02-21,3.6765919518249746
2020-02-22,3.6163121092201136
2020-02-23,3.6157531917355095
2020-02-24,3.733540586709818
2020-02-25,3.6817854284287237
2020-02-26,3.707998720447545
2020-02-27,3.7299048865056075
2020-02-28,3.6555508815818962
2020-02-29,3.68162786312748
2020-03-01,3.6054336135493212
2020-03-02,3.7000175677223117
2020-03-03,3.678916990819972
2020-03-04,3.702435274576874
2020-03-05,3.643174443209065
2020-03-06,3.614284297765684
2020-03-07,3.636556512056186
2020-03-08,3.665106118372188
2020-03-09,3.713378722473544
2020-03-10,3.674803889930676
2020-03-11,3.69898036007518
2020-03-12,3.6599172037223697
2020-03-13,3.6630825137558993
2020-03-14,3.70039099694993
2020-03-15,3.7192449627885287
2020-03-16,3.73775902702053
2020-03-17,3.7565009301824173
2020-03-18,3.7359361156610382
2020-03-19,3.7287359719208704
2020-03-20,3.7543129643036277
2020-03-21,3.7031581343101974
2020-03-22,3.6825210882397754
2020-03-23,3.7263967711540253
2020-03-24,3.693386775107273
2020-03-25,3.7108183683396474
2020-03-26,3.7064200484057235
2020-03-27,3.7456461301365755
2020-03-28,3.7388229629463483
2020-03-29,3.741023050612239
2020-03-30,3.7202180275814776
2020-03-31,3.686087809336537
2020-04-01,3.6700684844773823
2020-04-02,3.672706220069185
2020-04-03,3.7320810978790013
2020-04-04,3.7171777546355402
2020-04-05,3.7233334570072705
2020-04-06,3.702147374435905
2020-04-07,3.72430491292577
2020-04-08,3.7314088488575954
2020-04-09,3.7326981028655504
2020-04-10,3.6856479595713774
2020-04-11,3.7418067090660387
2020-04-12,3.5678078231356705
2020-04-13,3.6963839563805303
2020-04-14,3.7370069311893217
2020-04-15,3.7129906762236997
2020-04-16,3.726553319199893
2020-04-17,3.697772221033603
2020-04-18,3.6352464921889562
2020-04-19,3.660838727654163
2020-04-20,3.725657232599493
2020-04-21,3.705116254322894
2020-04-22,3.663832849243624
2020-04-23,3.6772741721981252
2020-04-24,3.7518789449271854
2020-04-25,3.660269701191302
2020-04-26,3.6334297900589805
2020-04-27,3.6803689207011465
2020-04-28,3.691873475874655
2020-04-29,3.7407809236860223
2020-04-30,3.7364934289683784
2020-05-01,3.773089971545377
2020-05-02,3.762468863439375
2020-05-03,3.7547507054537665
2020-05-04,3.699304352467671
2020-05-05,3.69897518784858
2020-05-06,3.7246338040175897
2020-05-07,3.743896539055507
2020-05-08,3.705468950397869
2020-05-09,3.6267943615033547
2020-05-10,3.7555096905630627
2020-05-11,3.7402481952438604
2020-05-12,3.7538140040934818
2020-05-13,3.721284184119899
2020-05-14,3.7092903275921625
2020-05-15,3.7362108239224736
2020-05-16,3.685815710933472
2020-05-17,3.689050923775838
2020-05-18,3.7081146706147146
2020-05-19,3.6874111330441965
2020-05-20,3.6581242166671193
2020-05-21,3.6518994469351997
2020-05-22,3.7217600443905945
2020-05-23,3.722570765766033
2020-05-24,3.6556447652341966
2020-05-25,3.7341304868165257
2020-05-26,3.6886767828961213
2020-05-27,3.7393744291612414
2020-05-28,3.7567171173541976
2020-05-29,3.7779704655518898
2020-05-30,3.722595170020649
2020-05-31,3.732217025163582
2020-06-01,3.776772681060009
2020-06-02,3.7543556441000367
2020-06-03,3.6868550684039874
2020-06-04,3.756920885605417
2020-06-05,3.7929113793489746
2020-06-06,3.7744174936714345
2020-06-07,3.8035778500911883
2020-06-08,3.7967785614054526
2020-06-09,3.706599614543427
2020-06-10,3.7200789244482264
2020-06-11,3.7542860951452592
2020-06-12,3.6945345977933077
2020-06-13,3.673538586785936
2020-06-14,3.7340086959721552
2020-06-15,3.7575929681568176
2020-06-16,3.7558368804332707
2020-06-17,3.7320046478945312
2020-06-18,3.7498702134415374
2020-06-19,3.7126233591913125
2020-06-20,3.703167504569489
2020-06-21,3.6834452500947688
2020-06-22,3.6560994135154736
2020-06-23,3.621398189318879
2020-06-24,3.649137081146052
2020-06-25,3.6776853971470707
2020-06-26,3.7084912143391726
2020-06-27,3.698393683248816
2020-06-28,3.6996212819372274
2020-06-29,3.719753119273052
2020-06-30,3.636929046165231
2020-07-01,3.6757643302174157
2020-07-02,3.698143903261385
2020-07-03,3.7085322708572677
2020-07-04,3.6589876443626657
2020-07-05,3.690056481547926
2020-07-06,3.755925827722989
2020-07-07,3.7929349573534505
2020-07-08,3.772706185295415
2020-07-09,3.8021782464608402
2020-07-10,3.7476709239244284
2020-07-11,3.7794859738429194
2020-07-12,3.7679452280594443
2020-07-13,3.7146820820023208
2020-07-14,3.7238959523876836
2020-07-15,3.7611827047024593
2020-07-16,3.785132357825712
2020-07-17,3.732350512555084
2020-07-18,3.7948037489839406
2020-07-19,3.7266169900730572
2020-07-20,3.7723506905591133
2020-07-21,3.766127974109472
2020-07-22,3.7471601540125676
2020-07-23,3.7219505324450965
2020-07-24,3.731178009219147
2020-07-25,3.7479333647089725
2020-07-26,3.6745413023984184
2020-07-27,3.730813197203831
2020-07-28,3.7431297180944054
2020-07-29,3.7162439131518186
2020-07-30,3.760639098463875
2020-07-31,3.7813631935948693
2020-08-01,3.757156809312252
2020-08-02,3.7583765131660236
2020-08-03,3.7378739556150005
2020-08-04,3.760972604888905
2020-08-05,3.7605988231436984
2020-08-06,3.7467611507193403
2020-08-07,3.742436015612493
2020-08-08,3.7842253920424485
2020-08-09,3.8439744830301685
2020-08-10,3.831509520747311
2020-08-11,3.7424977571098745
2020-08-12,3.6822546058929957
2020-08-13,3.720390549710953
2020-08-14,3.7626007397388497
2020-08-15,3.6642971057152667
2020-08-16,3.736531808622136
2020-08-17,3.7569497622644588
2020-08-18,3.660689449480493
2020-08-19,3.7366055769206548
2020-08-20,3.7219041196013776
2020-08-21,3.681179468516891
2020-08-22,3.6456955540000764
2020-08-23,3.6665585110495154
2020-08-24,3.6969357941270706
2020-08-25,3.6978891668926672
2020-08-26,3.7023479610427366
2020-08-27,3.7092814541466486
2020-08-28,3.783740511517721
2020-08-29,3.8092161469758423
2020-08-30,3.7849976320360383
2020-08-31,3.773614777025234
2020-09-01,3.670493829628822
2020-09-02,3.7235956474913747
2020-09-03,3.706678464987656
2020-09-04,3.6549822926038056
2020-09-05,3.6538243277007383
2020-09-06,3.7046920880374823
2020-09-07,3.6226659909981596
2020-09-08,3.6704330906648783
2020-09-09,3.692266312022202
2020-09-10,3.7224568228189554
2020-09-11,3.7086052485799703
2020-09-12,3.762717790910786
2020-09-13,3.7926056538461825
2020-09-14,3.7085287155989337
2020-09-15,3.691599009958997
2020-09-16,3.702994763138659
2020-09-17,3.713832198928976
2020-09-18,3.706911955338018
2020-09-19,3.7873486633108744
2020-09-20,3.777755994744787
2020-09-21,3.771637602700215
2020-09-22,3.721660438735644
2020-09-23,3.7416388708744233
2020-09-24,3.714767976307688
2020-09-25,3.704049393232161
2020-09-26,3.705731868560047
2020-09-27,3.558602523299601
2020-09-28,3.6084440348304225
2020-09-29,3.649672789607371
2020-09-30,3.6502208997230414
2020-10-01,3.6229355879928935
2020-10-02,3.685447703690882
2020-10-03,3.696441316444948
2020-10-04,3.657244171697798
2020-10-05,3.63966922764174
2020-10-06,3.6818577126219636
2020-10-07,3.685427029653498
2020-10-08,3.677664116174939
2020-10-09,3.5213669075633
2020-10-10,3.5188313238858226
2020-10-11,3.6321551003682178
2020-10-12,3.643774933426972
2020-10-13,3.5978077698517956
2020-10-14,3.6195140534029657
2020-10-15,3.7063406903533327
2020-10-16,3.642162707764371
2020-10-17,3.6770170965066207
2020-10-18,3.6843397234422306
2020-10-19,3.6723814336411866
2020-10-20,3.678710464340665
2020-10-21,3.588137986442234
2020-10-22,3.6418745853010437
2020-10-23,3.5891770449279385
2020-10-24,3.7443776046886317
2020-10-25,3.6793929130092984
2020-10-26,3.70626063333242
2020-10-27,3.7008744576279358
2020-10-28,3.719133581993742
2020-10-29,3.6957110699181306
2020-10-30,3.718780070520962
2020-10-31,3.5873774143225665
2020-11-01,3.7048779875665088
2020-11-02,3.7151469225761913
2020-11-03,3.6916171250403997
2020-11-04,3.6447515375420783
2020-11-05,3.710729496799086
2020-11-06,3.7093525691942513
2020-11-07,3.6785000247798085
2020-11-08,3.5354958647761876
2020-11-09,3.6667184915689743
2020-11-10,3.6559254323023276
2020-11-11,3.719327494811388
2020-11-12,3.660813914623725
2020-11-13,3.692273220650528
2020-11-14,3.427320617758524
2020-11-15,3.6808640030731694
2020-11-16,3.7088554666625293
2020-11-17,3.635209678472567
2020-11-18,3.668271055039207
2020-11-19,3.6805194635910876
2020-11-20,3.6951811222020923
2020-11-21,3.6247720340665563
2020-11-22,3.7725129562114086
2020-11-23,3.7182420481316854
2020-11-24,3.7001387936171075
2020-11-25,3.669842770214272
2020-11-26,3.6612603429890602
2020-11-27,3.658894741670531
2020-11-28,3.665459611623666
2020-11-29,3.690178372876627
2020-11-30,3.700648912216856
2020-12-01,3.7061627412859544
2020-12-02,3.72398621369572
2020-12-03,3.71808893776703
2020-12-04,3.754621306215748
2020-12-05,3.7747707760757505
2020-12-06,3.6716968889035355
2020-12-07,3.7364976273748414
2020-12-08,3.709791074571914
2020-12-09,3.7670644279158174
2020-12-10,3.742552855966822
2020-12-11,3.7427750516206184
2020-12-12,3.739742265662715
2020-12-13,3.6998298298190533
2020-12-14,3.739741205726383
2020-12-15,3.717898023090534
2020-12-16,3.697361467257206
2020-12-17,3.7407407994305406
2020-12-18,3.735473090155489
2020-12-19,3.757742888984885
2020-12-20,3.6932884247516826
2020-12-21,3.7224606692078206
2020-12-22,3.738938749937909
2020-12-23,3.7375943444655526
2020-12-24,3.7175987934698407
2020-12-25,3.7309270577134552
2020-12-26,3.732027563483485
2020-12-27,3.7089458415509635
2020-12-28,3.746678482995178
2020-12-29,3.748281914521362
2020-12-30,3.734597832744757
2020-12-31,3.7072660318759434
2021-01-01,3.8418288823190756
2021-01-02,3.7667221585045496
2021-01-03,3.6438929307913503
2021-01-04,3.7608029759745225
2021-01-05,3.6613189212836907
2021-01-06,3.718844327580672
2021-01-07,3.7145393830293836
2021-01-08,3.7051256187650745
2021-01-09,3.6862042683240164
2021-01-10,3.6595743291102845
2021-01-11,3.6367679208328267
2021-01-12,3.6334502677384064
2021-01-13,3.6271359329014627
2021-01-14,3.716601847507884
2021-01-15,3.70014351024869
2021-01-16,3.7507643053800783
2021-01-17,3.6502451909983757
2021-01-18,3.705484397693493
2021-01-19,3.713439593171317
2021-01-20,3.6968656047542625
2021-01-21,3.720338514906519
2021-01-22,3.7542578977598833
2021-01-23,3.8029927389524762
2021-01-24,3.7709327388436957
2021-01-25,3.706250893391931
2021-01-26,3.667993064878325
2021-01-27,3.6714987960758223
2021-01-28,3.7655423705505364
2021-01-29,3.714522767316879
2021-01-30,3.7525704930746144
2021-01-31,3.788044292334488
2021-02-01,3.772792980432477
2021-02-02,3.734317805099477
2021-02-03,3.774827466201771
2021-02-04,3.7062759193547667
2021-02-05,3.670282171874225
2021-02-06,3.710513233784911
2021-02-07,3.6949181692485347
2021-02-08,3.7177045644920725
2021-02-09,3.6721762429832734
2021-02-10,3.7116500915029245
2021-02-11,3.6982343006507126
2021-02-12,3.7419630639375594
2021-02-13,3.7087831674342464
2021-02-14,3.7227879379142514
2021-02-15,3.6982761026394626
2021-02-16,3.695140149667139
2021-02-17,3.714958020690637
2021-02-18,3.6631114905388027
2021-02-19,3.6824544062365145
2021-02-20,3.726942693218087
2021-02-21,3.725412646649855
2021-02-22,3.6844546927063466
2021-02-23,3.7443106181630506
2021-02-24,3.7647517702944584
2021-02-25,3.7397102508897855
2021-02-26,3.724936598318814
2021-02-27,3.7718447930464682
2021-02-28,3.711302337185252
2021-03-01,3.723921788286119
2021-03-02,3.767444611463584
2021-03-03,3.793936215706384
2021-03-04,3.768304233918129
2021-03-05,3.734664124779431
2021-03-06,3.6688211903264576
2021-03-07,3.7924634393266166
2021-03-08,3.7029345838602326
2021-03-09,3.7430152650945705
2021-03-10,3.7430989532568315
2021-03-11,3.7239942106911434
2021-03-12,3.6974980197843603
2021-03-13,3.672923888064788
2021-03-14,3.7280187258206703
2021-03-15,3.7347769892127824
2021-03-16,3.7421352305791813
2021-03-17,3.7083106839042235
2021-03-18,3.6638143200334587
2021-03-19,3.672001600045378
2021-03-20,3.6830211340159473
2021-03-21,3.6577529809671723
2021-03-22,3.737904664840745
2021-03-23,3.6698874096950798
2021-03-24,3.6982345359021718
2021-03-25,3.6846585188863292
2021-03-26,3.708824010386159
2021-03-27,3.7004671543269536
2021-03-28,3.758339922652331
2021-03-29,3.7514421670307163
2021-03-30,3.7629674919479648
2021-03-31,3.7146115986344674
2021-04-01,3.6774582435262104
2021-04-02,3.7246060025386165
2021-04-03,3.7215285032353163
2021-04-04,3.698642856247075
2021-04-05,3.705807127432437
2021-04-06,3.6614853803025413
2021-04-07,3.694203828446353
2021-04-08,3.6684256066093046
2021-04-09,3.6397023680862186
2021-04-10,3.6483709872672367
2021-04-11,3.650241651292351
2021-04-12,3.664117541846571
2021-04-13,3.6585933539064945
2021-04-14,3.6905654820385974
2021-04-15,3.747276638160424
2021-04-16,3.728508866902737
2021-04-17,3.725465422285333
2021-04-18,3.822214819630423
2021-04-19,3.784069165050454
2021-04-20,3.7735835890327647
2021-04-21,3.7812098712378277
2021-04-22,3.765937918660749
2021-04-23,3.792512071548451
2021-04-24,3.7630684562226193
2021-04-25,3.7374455711095003
2021-04-26,3.6893328418390436
2021-04-27,3.714642858556233
2021-04-28,3.6920424162806946
2021-04-29,3.795547926335739
2021-04-30,3.7556938776491315
2021-05-01,3.7236239109708844
2021-05-02,3.588291382109262
2021-05-03,3.726088429465492
2021-05-04,3.609518110711483
2021-05-05,3.619444930433278
2021-05-06,3.7043003473461256
2021-05-07,3.6953196943058666
2021-05-08,3.702177617121267
2021-05-09,3.657077325116317
2021-05-10,3.6698323166386935
2021-05-11,3.758728200772395
2021-05-12,3.691739775834626
2021-05-13,3.7168597746129763
2021-05-14,3.7228202067279708
2021-05-15,3.725508831808231
2021-05-16,3.713333174420816
2021-05-17,3.690544389350258
2021-05-18,3.715074520650431
2021-05-19,3.6793509138522342
2021-05-20,3.5862583856029744
2021-05-21,3.7139090591132318
2021-05-22,3.658070877206712
2021-05-23,3.637715370317562
2021-05-24,3.669174361936711
2021-05-25,3.648100655152703
2021-05-26,3.7061558720769887
2021-05-27,3.675115031273535
2021-05-28,3.665201147854163
2021-05-29,3.6947647106000985
2021-05-30,3.685986699077809
2021-05-31,3.6739370486216947
2021-06-01,3.6781614633789603
2021-06-02,3.6739016696013316
2021-06-03,3.640390130061526
2021-06-04,3.6426429161342404
2021-06-05,3.5728394584248315
2021-06-06,3.6211808363386635
2021-06-07,3.652313473063896
2021-06-08,3.630668632702754
2021-06-09,3.6033000008929115
2021-06-10,3.684235588562033
2021-06-11,3.6427319546464103
2021-06-12,3.565968561259159
2021-06-13,3.5271630748590415
2021-06-14,3.6000213222561803
2021-06-15,3.6156316148384002
2021-06-16,3.5435007306659276
2021-06-17,3.510306551243013
2021-06-18,3.6438333140667054
2021-06-19,3.592077452715016
2021-06-20,3.5433270028227395
2021-06-21,3.674637148367749
2021-06-22,3.6876177152775904
2021-06-23,3.706435576031536
2021-06-24,3.670492824605175
2021-06-25,3.680153480357361
2021-06-26,3.6668835288295947
2021-06-27,3.6890458404807003
2021-06-28,3.6754492779610883
2021-06-29,3.7179419928788255
2021-06-30,3.681423244715765
2021-07-01,3.707678526986984
2021-07-02,3.6930997468706703
2021-07-03,3.7319347866978383
2021-07-04,3.7232482882616207
2021-07-05,3.6873311601924486
2021-07-06,3.6996213332740147
2021-07-07,3.720826492046525
2021-07-08,3.6726043637139045
2021-07-09,3.6663688348985817
2021-07-10,3.658993177877399
2021-07-11,3.752214234627028
2021-07-12,3.7449438229818472
2021-07-13,3.6723621949815226
2021-07-14,3.6595868414566533
2021-07-15,3.672878947130199
2021-07-16,3.6954065077500977
2021-07-17,3.6314996222421354
2021-07-18,3.769181460179935
2021-07-19,3.7291422364190208
2021-07-20,3.7270142598633202
2021-07-21,3.7363141750673323
2021-07-22,3.7418220716944934
2021-07-23,3.715004412220894
2021-07-24,3.659694001749524
2021-07-25,3.705126547810332
2021-07-26,3.659295620769675
2021-07-27,3.712484215858747
2021-07-28,3.703760972129207
2021-07-29,3.693017432750345
2021-07-30,3.721701654118439
2021-07-31,3.739085215504726
2021-08-01,3.7050054976787745
2021-08-02,3.742967200582957
2021-08-03,3.720914867544334
2021-08-04,3.689252083725749
2021-08-05,3.7154940183287386
2021-08-06,3.7085946200328173
2021-08-07,3.727057310104939
2021-08-08,3.7863403986764856
2021-08-09,3.7273834497275464
2021-08-10,3.761063516722639
2021-08-11,3.761083432909904
2021-08-12,3.7607875971162534
2021-08-13,3.7537588384184897
2021-08-14,3.698563054416532
2021-08-15,3.623498340206978
2021-08-16,3.7197181658127425
2021-08-17,3.6657363888956542
2021-08-18,3.6527739785091256
2021-08-19,3.692203126210768
2021-08-20,3.63736466634203
2021-08-21,3.671754928525408
2021-08-22,3.601953457827256
2021-08-23,3.6856753847476855
2021-08-24,3.6289025333959057
2021-08-25,3.736712366517021
2021-08-26,3.7352099663276834
2021-08-27,3.7434640957857153
2021-08-28,3.729132749874767
2021-08-29,3.740141665513799
2021-08-30,3.695043065879805
2021-08-31,3.7431627630265334
2021-09-01,3.628475469681384
2021-09-02,3.6449965151278096
2021-09-03,3.6940104784917844
2021-09-04,3.7516227111822764
2021-09-05,3.6976008925170865
2021-09-06,3.7437082076552324
2021-09-07,3.683830795262758
2021-09-08,3.5923247083454113
2021-09-09,3.6471052865133324
2021-09-10,3.6983223826618628
2021-09-11,3.6367749748633873
2021-09-12,3.5970200731746678
2021-09-13,3.6894263222447505
2021-09-14,3.6265899097421705
2021-09-15,3.6367829118815886
2021-09-16,3.7245450894151015
2021-09-17,3.7148203880812183
2021-09-18,3.6903039852948902
2021-09-19,3.640588100448553
2021-09-20,3.734504640358224
2021-09-21,3.6885157643228794
2021-09-22,3.6636307476471517
2021-09-23,3.6325950476981177
2021-09-24,3.7094709532659946
2021-09-25,3.6171671022936387
2021-09-26,3.626403932420919
2021-09-27,3.6819920646282993
2021-09-28,3.6620195609411264
2021-09-29,3.636252300443791
2021-09-30,3.6378633322993768
2021-10-01,3.70724979624974
2021-10-02,3.60601417118831
2021-10-03,3.6269111391169053
2021-10-04,3.6878582382566876
2021-10-05,3.6820619640005594
2021-10-06,3.716594257404475
2021-10-07,3.6992958385978336
2021-10-08,3.7177886903358077
2021-10-09,3.6911460928487783
2021-10-10,3.6226181948839575
2021-10-11,3.6122285255231894
2021-10-12,3.5361786388907848
2021-10-13,3.594958648763069
2021-10-14,3.639396451992285
2021-10-15,3.6003305383844744
2021-10-16,3.6369583871149773
2021-10-17,3.6395974898443617
2021-10-18,3.7012101399294917
2021-10-19,3.7008429750322116
2021-10-20,3.617608600524539
2021-10-21,3.669922304092302
2021-10-22,3.6396526885957265
2021-10-23,3.7591611191419694
2021-10-24,3.643932327622179
2021-10-25,3.6950265170093375
2021-10-26,3.6782998481910396
2021-10-27,3.7065702418722233
2021-10-28,3.6858823732951174
2021-10-29,3.7225362492554033
2021-10-30,3.6422907815277736
2021-10-31,3.650534870976702
2021-11-01,3.6598226335040738
2021-11-02,3.7068321723606186
2021-11-03,3.651512317700523
2021-11-04,3.7109691305196693
2021-11-05,3.7148138153223984
2021-11-06,3.6700277411814377
2021-11-07,3.70622877195195
2021-11-08,3.6976372545901595
2021-11-09,3.6508246601844982
2021-11-10,3.6488503517234063
2021-11-11,3.6801716007256173
2021-11-12,3.7529928189125354
2021-11-13,3.758705887694278
2021-11-14,3.70747366427999
2021-11-15,3.7406517778164554
2021-11-16,3.654097897249897
2021-11-17,3.605765362323899
2021-11-18,3.6782940220877323
2021-11-19,3.705731430065766
2021-11-20,3.715520403293936
2021-11-21,3.6595291746787937
2021-11-22,3.6768438345942913
2021-11-23,3.661499223428012
2021-11-24,3.616379772854515
2021-11-25,3.718546006023976
2021-11-26,3.546838478094019
2021-11-27,3.6530969182389788
2021-11-28,3.6583249822260666
2021-11-29,3.6139214366396133
2021-11-30,3.6684055820227
2021-12-01,3.6515034150954384
2021-12-02,3.6041581908071243
2021-12-03,3.6785908324978216
2021-12-04,3.6636165040007342
2021-12-05,3.6389957982739314
2021-12-06,3.5629805214117596
2021-12-07,3.6112104555691404
2021-12-08,3.616320333822603
2021-12-09,3.6370864569293184
2021-12-10,3.6305288838485206
2021-12-11,3.5721814688140348
2021-12-12,3.581803731256024
2021-12-13,3.685634297125501
2021-12-14,3.627531809028684
2021-12-15,3.7076820946911906
2021-12-16,3.6948741003962655
2021-12-17,3.7573879926171525
2021-12-18,3.743214428360088
2021-12-19,3.7567039728562928
2021-12-20,3.7531046364529064
2021-12-21,3.715489662389502
2021-12-22,3.711902798972105
2021-12-23,3.6981432985850518
2021-12-24,3.7109249134628266
2021-12-25,3.705367407913201
2021-12-26,3.7506471774613557
2021-12-27,3.7331701972064617
2021-12-28,3.658243055448068
2021-12-29,3.6340694244369103
2021-12-30,3.5231019485057615
2021-12-31,3.594289556543933
2022-01-01,3.7487813599486395
2022-01-02,3.67341442261514
2022-01-03,3.531690493425904
2022-01-04,3.6280643513730517
2022-01-05,3.6952855473081083
2022-01-06,3.7966088702897896
2022-01-07,3.6872345655499057
2022-01-08,3.770946571836548
2022-01-09,3.674401070540893
2022-01-10,3.65429414761221
2022-01-11,3.668856901151391
2022-01-12,3.6773883880346365
2022-01-13,3.7040225927208006
2022-01-14,3.7021873248316255
2022-01-15,3.6711939470760853
2022-01-16,3.7324495769067205
2022-01-17,3.7338569829231933
2022-01-18,3.614527584465844
2022-01-19,3.6875756260812804
2022-01-20,3.687706547296655
2022-01-21,3.6712614443885143
2022-01-22,3.7117417271973085
2022-01-23,3.6953577088607523
2022-01-24,3.8188611747817465
2022-01-25,3.8139803100419236
2022-01-26,3.7809407290440102
2022-01-27,3.7397757186836555
2022-01-28,3.75341735210433
2022-01-29,3.7817669686936246
2022-01-30,3.810500961910422
2022-01-31,3.763238357989934
2022-02-01,3.6704002156828035
2022-02-02,3.74877579014793
2022-02-03,3.7292632797396887
2022-02-04,3.698122929340689
2022-02-05,3.755777015843468
2022-02-06,3.728608424189931
2022-02-07,3.638779508844513
2022-02-08,3.6521965103907656
2022-02-09,3.685070087866814
2022-02-10,3.681212572625279
2022-02-11,3.6633029278124685
2022-02-12,3.6060228856801864
2022-02-13,3.700543107357474
2022-02-14,3.7031322450924717
2022-02-15,3.7351827227891605
2022-02-16,3.7230632992272934
2022-02-17,3.779524724770211
2022-02-18,3.773379637090785
2022-02-19,3.76930972190147
2022-02-20,3.7508293457070825
2022-02-21,3.709547117755961
2022-02-22,3.802737155523234
2022-02-23,3.855713804619096
2022-02-24,3.8666474312155747
2022-02-25,3.8671558885581234
2022-02-26,3.882917264313298
2022-02-27,3.86349060511368
2022-02-28,3.8650250461868905
2022-03-01,3.8836658591875675
2022-03-02,3.8887016133219126
2022-03-03,3.8835110099503627
2022-03-04,3.8578326426221103
2022-03-05,3.839756959501911
2022-03-06,3.8003695711061454
2022-03-07,3.817764996888451
2022-03-08,3.8788062001749366
2022-03-09,3.8592509328782127
2022-03-10,3.7906571828946722
2022-03-11,3.828659199703169
2022-03-12,3.82538145432486
2022-03-13,3.840596226643016
2022-03-14,3.8415747764579065
2022-03-15,3.848338642681145
2022-03-16,3.8152065334216845
2022-03-17,3.850899120604047
2022-03-18,3.832308542914154
2022-03-19,3.8370926240387235
2022-03-20,3.8331197704141085
2022-03-21,3.8443301321628347
2022-03-22,3.845872240745359
2022-03-23,3.8779107949407243
2022-03-24,3.848010151313096
2022-03-25,3.824215978138842
2022-03-26,3.825147278267514
2022-03-27,3.821846755739819
2022-03-28,3.8174757332930214
2022-03-29,3.7781133176418153
2022-03-30,3.7938982368668586
2022-03-31,3.838300042534815
2022-04-01,3.852669140927241
2022-04-02,3.884369687583708
2022-04-03,3.897976928774407
2022-04-04,3.9173296131422934
2022-04-05,3.93346704200206
2022-04-06,3.923924643190316
2022-04-07,3.910912373630728
2022-04-08,3.8954205593184494
2022-04-09,3.8684966019517586
2022-04-10,3.8186578742732067
2022-04-11,3.85051448055558
2022-04-12,3.861707871607662
2022-04-13,3.8987606982148946
2022-04-14,3.907212241088025
2022-04-15,3.8725172520607827
2022-04-16,3.8585963441422444
2022-04-17,3.8329834020806275
2022-04-18,3.844644431958911
2022-04-19,3.8767844910028124
2022-04-20,3.8487879687136317
2022-04-21,3.874063889490629
2022-04-22,3.8483723229172146
2022-04-23,3.7997308137884467
2022-04-24,3.74871496265932
2022-04-25,3.783099572691073
2022-04-26,3.775353846194006
2022-04-27,3.8589489195047286
2022-04-28,3.8814103625483543
2022-04-29,3.8410131400462304
2022-04-30,3.840111201533155
2022-05-01,3.863526766000232
2022-05-02,3.814753175922146
2022-05-03,3.8029133642246817
2022-05-04,3.888282708789221
2022-05-05,3.8532600630611893
2022-05-06,3.8601141518662403
2022-05-07,3.8694603701510824
2022-05-08,3.8018905693317286
2022-05-09,3.7850486030608725
2022-05-10,3.8098700597754593
2022-05-11,3.8559635754452577
2022-05-12,3.856744298936154
2022-05-13,3.819566717545213
2022-05-14,3.750534019367691
2022-05-15,3.7654823444731793
2022-05-16,3.851647879659561
2022-05-17,3.834159568998148
2022-05-18,3.8335546363753528
2022-05-19,3.8132666782059803
2022-05-20,3.798902584841506
2022-05-21,3.8601879223424684
2022-05-22,3.827093599869909
2022-05-23,3.8298925104904638
2022-05-24,3.842353872341017
2022-05-25,3.8387487293771927
2022-05-26,3.846631727388861
2022-05-27,3.8350500671540995
2022-05-28,3.8025609930155757
2022-05-29,3.791308560666373
2022-05-30,3.8150103678157845
2022-05-31,3.863367359816232
2022-06-01,3.86213882438661
2022-06-02,3.834292533622353
2022-06-03,3.8458592049860396
2022-06-04,3.8026677864867495
2022-06-05,3.7706964959611295
2022-06-06,3.814719769571877
2022-06-07,3.7995343330192277
2022-06-08,3.798663060819428
2022-06-09,3.8010075930411067
2022-06-10,3.8105708463881705
2022-06-11,3.7897458254576173
2022-06-12,3.7862138467968016
2022-06-13,3.84197737585925
2022-06-14,3.810920479324089
2022-06-15,3.8039802766136206
2022-06-16,3.7269412598931124
2022-06-17,3.749089813599158
2022-06-18,3.7721560308762037
2022-06-19,3.792049571183805
2022-06-20,3.808387366531177
2022-06-21,3.791778635706615
2022-06-22,3.784693096606871
2022-06-23,3.803239933175208
2022-06-24,3.794105121660772
2022-06-25,3.7309655010883422
2022-06-26,3.743105491701983
2022-06-27,3.77051642663345
2022-06-28,3.7668627608370278
2022-06-29,3.8016632943084145
2022-06-30,3.815609962277181
2022-07-01,3.805674371953691
2022-07-02,3.846593637227333
2022-07-03,3.7579966981163127
2022-07-04,3.745942986928847
2022-07-05,3.7910431748520383
2022-07-06,3.7689909299456894
2022-07-07,3.72496317384321
2022-07-08,3.6951133941155243
2022-07-09,3.7778850241519297
2022-07-10,3.773295622432437
2022-07-11,3.8386778316171384
2022-07-12,3.77809078150408
2022-07-13,3.7781807306529784
2022-07-14,3.783321092911428
2022-07-15,3.7924908169585123
2022-07-16,3.7588500303357053
2022-07-17,3.788310363991545
2022-07-18,3.823867018444533
2022-07-19,3.6830552711051414
2022-07-20,3.7331210472659575
2022-07-21,3.7806550750924655
2022-07-22,3.734845703744307
2022-07-23,3.766875039716923
2022-07-24,3.65600574268422
2022-07-25,3.767944449795509
2022-07-26,3.7405577152209744
2022-07-27,3.7424262921941143
2022-07-28,3.772295624846164
2022-07-29,3.7558996144507932
2022-07-30,3.7906898457873663
2022-07-31,3.8155652412021666
2022-08-01,3.836613986746401
2022-08-02,3.789761740869273
2022-08-03,3.764525415496199
2022-08-04,3.8018350708142905
2022-08-05,3.7079446433818815
2022-08-06,3.712830538449422
2022-08-07,3.731230444764269
2022-08-08,3.776285046471529
2022-08-09,3.8258145002635837
2022-08-10,3.803718177781711
2022-08-11,3.7898342358058694
2022-08-12,3.7934376307487985
2022-08-13,3.8118570050752476
2022-08-14,3.7378521643469753
2022-08-15,3.778885816754777
2022-08-16,3.764187713819286
2022-08-17,3.7862480601375097
2022-08-18,3.778823844233158
2022-08-19,3.738278864701166
2022-08-20,3.8041967145493527
2022-08-21,3.8184945679177456
2022-08-22,3.7809941909013243
2022-08-23,3.7696682846647365
2022-08-24,3.8354556751311653
2022-08-25,3.811352294286892
2022-08-26,3.7808488429508977
2022-08-27,3.811628102574305
2022-08-28,3.831207654469805
2022-08-29,3.7815523144520498
2022-08-30,3.749403244967255
2022-08-31,3.6994127064593236
2022-09-01,3.76729053174774
2022-09-02,3.7822998392067926
2022-09-03,3.6947665920766646
2022-09-04,3.78434615941158
2022-09-05,3.7764864984071385
2022-09-06,3.759312835572367
2022-09-07,3.744012504403039
2022-09-08,3.7808267086086866
2022-09-09,3.771791278392975
2022-09-10,3.7762550007682916
2022-09-11,3.750997864662366
2022-09-12,3.7736324406804123
2022-09-13,3.700935860638432
2022-09-14,3.69827760108533
2022-09-15,3.6871463067854995
2022-09-16,3.7057121431806896
2022-09-17,3.7740492581083833
2022-09-18,3.791998849680539
2022-09-19,3.8076174007426604
2022-09-20,3.7596592637763044
2022-09-21,3.869391198243477
2022-09-22,3.849151360093622
2022-09-23,3.8436548447291172
2022-09-24,3.9062980243266434
2022-09-25,3.833648050345746
2022-09-26,3.8619176033283633
2022-09-27,3.834238159129978
2022-09-28,3.7982122158314895
2022-09-29,3.779712915955408
2022-09-30,3.8379193086723737
2022-10-01,3.8569143917789956
2022-10-02,3.788287739431644
2022-10-03,3.7894314741434885
2022-10-04,3.8350249461162575
2022-10-05,3.8236552312270486
2022-10-06,3.762452248422096
2022-10-07,3.79364952518367
2022-10-08,3.833895641603745
2022-10-09,3.8293137090263936
2022-10-10,3.72479314373117
2022-10-11,3.7602553608761413
2022-10-12,3.762297650512717
2022-10-13,3.727422726608834
2022-10-14,3.7593522019263705
2022-10-15,3.7842893809451916
2022-10-16,3.77105692054886
2022-10-17,3.8173021510457272
2022-10-18,3.8262609228922124
2022-10-19,3.847418944300021
2022-10-20,3.876524629580332
2022-10-21,3.765714516315998
2022-10-22,3.799085325921335
2022-10-23,3.6727538862017437
2022-10-24,3.662210465353463
2022-10-25,3.7436539563754234
2022-10-26,3.7415296752604315
2022-10-27,3.8015532398727663
2022-10-28,3.7777915185274806
2022-10-29,3.7839778163416957
2022-10-30,3.775688707429925
2022-10-31,3.712428773254992
2022-11-01,3.7464033169654085
2022-11-02,3.7286173146627304
2022-11-03,3.746917485761786
2022-11-04,3.7534499512450785
2022-11-05,3.793459160110593
2022-11-06,3.7359833721147724
2022-11-07,3.7228214143932465
2022-11-08,3.745145434318468
2022-11-09,3.762073295014603
2022-11-10,3.797230150878305
2022-11-11,3.7827150900597606
2022-11-12,3.7163285587907766
2022-11-13,3.699198985132871
2022-11-14,3.707697224168576
2022-11-15,3.7223239134630717
2022-11-16,3.6260947221850555
2022-11-17,3.723699894769776
2022-11-18,3.7821743168352313
2022-11-19,3.768910302725323
2022-11-20,3.778573902617963
2022-11-21,3.81600404504118
2022-11-22,3.8035978975649667
2022-11-23,3.75999965266703
2022-11-24,3.7514077575733156
2022-11-25,3.7253527436332434
2022-11-26,3.7634334597983043
2022-11-27,3.754814708728389
2022-11-28,3.727225826199663
2022-11-29,3.767734617357018
2022-11-30,3.777075950473839
2022-12-01,3.7500703649950244
2022-12-02,3.7206117792880082
2022-12-03,3.7559728715226313
2022-12-04,3.7574618871987053
2022-12-05,3.7592952708900214
2022-12-06,3.7499222244297665
2022-12-07,3.7802280706115763
2022-12-08,3.7632220537030943
2022-12-09,3.7856925795884577
2022-12-10,3.8390299126230225
2022-12-11,3.7456039535264036
2022-12-12,3.7493779480165745
2022-12-13,3.780307107680853
2022-12-14,3.817486337809455
2022-12-15,3.8601812693363113
2022-12-16,3.78250204489765
2022-12-17,3.747641742425052
2022-12-18,3.713784517975318
2022-12-19,3.7727158097795224
2022-12-20,3.757956463611346
2022-12-21,3.6545332501550782
2022-12-22,3.7379831665134073
2022-12-23,3.7948939127397776
2022-12-24,3.8572360837831416
2022-12-25,3.7712876495093495
2022-12-26,3.7570334018350295
2022-12-27,3.8315635362906493
2022-12-28,3.773814333826617
2022-12-29,3.7362307619052886
2022-12-30,3.7184468368304544
2022-12-31,3.666745280545546
2023-01-01,3.675252674854149
2023-01-02,3.7188580696772755
2023-01-03,3.7834922610317534
2023-01-04,3.707351995389636
2023-01-05,3.73931020269384
2023-01-06,3.799882377461561
2023-01-07,3.7318446849024265
2023-01-08,3.7777584173177265
2023-01-09,3.762156339808281
2023-01-10,3.7988100894790873
2023-01-11,3.795926702298276
2023-01-12,3.7732017047856514
2023-01-13,3.7891824346756895
2023-01-14,3.752077710476998
2023-01-15,3.69956301493839
2023-01-16,3.7854179206303464
2023-01-17,3.773941867158414
2023-01-18,3.7788165054937233
2023-01-19,3.7557054714662117
2023-01-20,3.777089856518563
2023-01-21,3.7936088075766765
2023-01-22,3.7627543731657846
2023-01-23,3.8327047680472317
2023-01-24,3.836573202315213
2023-01-25,3.817273930013664
2023-01-26,3.778349662421298
2023-01-27,3.7848939712589735
2023-01-28,3.7908472419448196
2023-01-29,3.7252239262525504
2023-01-30,3.7210579568793327
2023-01-31,3.7842859725724565
2023-02-01,3.8036889866670704
2023-02-02,3.788761344799235
2023-02-03,3.7709041959891856
2023-02-04,3.772434813974806
2023-02-05,3.7290857754998905
2023-02-06,3.7579753679809906
2023-02-07,3.801247455224731
2023-02-08,3.730653728288628
2023-02-09,3.7257825043100565
2023-02-10,3.710350378975264
2023-02-11,3.7298148968289815
2023-02-12,3.748929401973545
2023-02-13,3.824555737148053
2023-02-14,3.758988377958615
2023-02-15,3.7696612468918502
2023-02-16,3.776931067595165
2023-02-17,3.8092425005095314
2023-02-18,3.816192325762842
2023-02-19,3.834491062447461
2023-02-20,3.733894819795775
2023-02-21,3.7747764311299883
2023-02-22,3.734115579298805
2023-02-23,3.7800748761553056
2023-02-24,3.846779751370117
2023-02-25,3.8413867320589428
2023-02-26,3.8411452771903725
2023-02-27,3.8183504005605626
2023-02-28,3.772954047703338
2023-03-01,3.753291887077759
2023-03-02,3.7133415986031943
2023-03-03,3.7730762940176508
2023-03-04,3.7633441355236172
2023-03-05,3.746877291461098
2023-03-06,3.7409661297943377
2023-03-07,3.7786013104873644
2023-03-08,3.7983025463222444
2023-03-09,3.7797846824376893
2023-03-10,3.7885734784156577
2023-03-11,3.7530253039713033
2023-03-12,3.715458568530525
2023-03-13,3.7957810348004077
2023-03-14,3.792108253793328
2023-03-15,3.7187392007111844
2023-03-16,3.741561229536278
2023-03-17,3.8178199297796387
2023-03-18,3.8400561575744376
2023-03-19,3.6163182420698066
2023-03-20,3.6592085369268026
2023-03-21,3.6742433153315464
2023-03-22,3.6444129133860668
2023-03-23,3.814827020992049
2023-03-24,3.8457485843561487
2023-03-25,3.8506968404714215
2023-03-26,3.83067614404457
2023-03-27,3.7969061437778655
2023-03-28,3.7850666414851655
2023-03-29,3.74205549313284
2023-03-30,3.7890190179499896
2023-03-31,3.838305219949762
2023-04-01,3.831960274005838
2023-04-02,3.774015806295103
2023-04-03,3.778703461496478
2023-04-04,3.79013096506645
2023-04-05,3.722542510096994
2023-04-06,3.7605117519295024
2023-04-07,3.713446520635881
2023-04-08,3.7656532752738943
2023-04-09,3.7935629506992394
2023-04-10,3.789907521433917
2023-04-11,3.764976237974468
2023-04-12,3.8226136212600568
2023-04-13,3.8194592415417645
2023-04-14,3.7891310346670357
2023-04-15,3.7669381094235486
2023-04-16,3.7375547861466436
2023-04-17,3.740483122479795
2023-04-18,3.6540171227699894
2023-04-19,3.740811010639032
2023-04-20,3.7081671530855647
2023-04-21,3.7710791831031956
2023-04-22,3.778244730048063
2023-04-23,3.795241720540433
2023-04-24,3.744821186503749
2023-04-25,3.7217210591007883
2023-04-26,3.721023424313336
2023-04-27,3.7461501805574677
2023-04-28,3.7537759227702403
2023-04-29,3.743682091065348
2023-04-30,3.7150695770361812
2023-05-01,3.748560472119937
2023-05-02,3.777646461904097
2023-05-03,3.7498293559771914
2023-05-04,3.7578624506961975
2023-05-05,3.75115499572937
2023-05-06,3.7904512295737978
2023-05-07,3.785465708045405
2023-05-08,3.786837688634115
2023-05-09,3.6954626568273135
2023-05-10,3.8445574408940466
2023-05-11,3.815811896100311
2023-05-12,3.7423097841300015
2023-05-13,3.6621186265677843
2023-05-14,3.640060162056818
2023-05-15,3.6898085962035596
2023-05-16,3.74947285196903
2023-05-17,3.7733343925576
2023-05-18,3.739936741576524
2023-05-19,3.7180189028919086
2023-05-20,3.7547218176396657
2023-05-21,3.74309116066433
2023-05-22,3.748224964300193
2023-05-23,3.715590588251152
2023-05-24,3.7438341259164383
2023-05-25,3.736903956753832
2023-05-26,3.694846456477511
2023-05-27,3.732511923688353
2023-05-28,3.6718993010754115
2023-05-29,3.742061360116298
2023-05-30,3.8085930762300113
2023-05-31,3.8119000872054385
2023-06-01,3.75581281708745
2023-06-02,3.7254722903736255
2023-06-03,3.733691893475589
2023-06-04,3.7289180245740843
2023-06-05,3.75106963414315
2023-06-06,3.759513738149345
2023-06-07,3.7429451474895696
2023-06-08,3.7252891984211742
2023-06-09,3.7413749498127724
2023-06-10,3.7197666438216923
2023-06-11,3.8363448531493805
2023-06-12,3.7691764596788655
2023-06-13,3.772136594535108
2023-06-14,3.7228493630636796
2023-06-15,3.737616415355176
2023-06-16,3.7043650624450786
2023-06-17,3.6430276835751294
2023-06-18,3.7089232087309076
2023-06-19,3.7364718049663312
2023-06-20,3.7373563292069516
2023-06-21,3.756200452048689
2023-06-22,3.7720182845998145
2023-06-23,3.7755404061454136
2023-06-24,3.757517324249335
2023-06-25,3.6690448471438843
2023-06-26,3.7239084470008703
2023-06-27,3.756130038927539
2023-06-28,3.7283528587691825
2023-06-29,3.731612195646205
2023-06-30,3.7599430149477744
2023-07-01,3.748734005979964
2023-07-02,3.752105261812227
2023-07-03,3.801257442258625
2023-07-04,3.753519190488141
2023-07-05,3.7593210215301758
2023-07-06,3.757892261743314
2023-07-07,3.737152340729355
2023-07-08,3.745898339948165
2023-07-09,3.664477234291479
2023-07-10,3.641866503729165
2023-07-11,3.70898210402506
2023-07-12,3.681668296142167
2023-07-13,3.7484494309497554
2023-07-14,3.7515122823048257
2023-07-15,3.7088202012137255
2023-07-16,3.7514642751304996
2023-07-17,3.7523243927008587
2023-07-18,3.792154360889057
2023-07-19,3.784372849961096
2023-07-20,3.8376400221349667
2023-07-21,3.8194468693824613
2023-07-22,3.7619910110581247
2023-07-23,3.656983093569897
2023-07-24,3.702451322482487
2023-07-25,3.7126139609166646
2023-07-26,3.693326422268119
2023-07-27,3.6762017642232547
2023-07-28,3.6853015566741583
2023-07-29,3.684586221010286
2023-07-30,3.707783404456917
2023-07-31,3.793599115255828
2023-08-01,3.7835437711334086
2023-08-02,3.743254031111172
2023-08-03,3.769650902140719
2023-08-04,3.779996492114617
2023-08-05,3.705901443459567
2023-08-06,3.6341582742547893
2023-08-07,3.7504439797346123
2023-08-08,3.7781840958158446
2023-08-09,3.803318368111778
2023-08-10,3.8144863255175943
2023-08-11,3.775788619429069
2023-08-12,3.731249210709732
2023-08-13,3.677256589355785
2023-08-14,3.734999106539723
2023-08-15,3.7345240685155865
2023-08-16,3.737484822988688
2023-08-17,3.788354609203271
2023-08-18,3.809321917162464
2023-08-19,3.683954527501373
2023-08-20,3.6578102159237593
2023-08-21,3.6744000333396274
2023-08-22,3.657969971933087
2023-08-23,3.658149009721596
2023-08-24,3.6852399980322796
2023-08-25,3.724605446713335
2023-08-26,3.7327244841028886
2023-08-27,3.7125127999268206
2023-08-28,3.7314216713438326
2023-08-29,3.733091155275866
2023-08-30,3.7354489707433576
2023-08-31,3.71187744977818
2023-09-01,3.708689124228369
2023-09-02,3.7047323541701984
2023-09-03,3.664905620565247
2023-09-04,3.6577468927109265
2023-09-05,3.6346670966298618
2023-09-06,3.6754361000155313
2023-09-07,3.7187945693599036
2023-09-08,3.748784894655748
2023-09-09,3.6564787169571984
2023-09-10,3.7302681870768843
2023-09-11,3.6788082982638115
2023-09-12,3.617385587740013
2023-09-13,3.5985837233677382
2023-09-14,3.693979186892871
2023-09-15,3.6887481991534177
2023-09-16,3.5813083799998275
2023-09-17,3.601173527756074
2023-09-18,3.6666233071723604
2023-09-19,3.694606922559977
2023-09-20,3.696174510100167
2023-09-21,3.697224536075364
2023-09-22,3.709057940407173
2023-09-23,3.695599053206455
2023-09-24,3.741281894351327
2023-09-25,3.768173881344077
2023-09-26,3.758807894983497
2023-09-27,3.774495217310992
2023-09-28,3.7417227789483314
2023-09-29,3.7239176410289283
2023-09-30,3.687894095298788
2023-10-01,3.7616974884277607
2023-10-02,3.780104775318312
2023-10-03,3.820957318731702
2023-10-04,3.8248746155492865
2023-10-05,3.7531549932834007
2023-10-06,3.760039348844507
2023-10-07,3.7099705880534595
2023-10-08,3.661519310004265
2023-10-09,3.702096999841573
2023-10-10,3.642992756650143
2023-10-11,3.68827770811018
2023-10-12,3.6861344805261345
2023-10-13,3.712911659279436
2023-10-14,3.752283682517932
2023-10-15,3.730330088813102
2023-10-16,3.589059239933428
2023-10-17,3.6114773167459546
2023-10-18,3.621925658921965
2023-10-19,3.697405896986511
2023-10-20,3.6600641793502566
2023-10-21,3.691063938061986
2023-10-22,3.655829750550446
2023-10-23,3.7129676560576437
2023-10-24,3.659705205993047
2023-10-25,3.7558279002848156
2023-10-26,3.72470890231258
2023-10-27,3.6565390322077502
2023-10-28,3.6829031200870133
2023-10-29,3.7775018563752707
2023-10-30,3.775195547072599
2023-10-31,3.7924793786425166
2023-11-01,3.781286340441426
2023-11-02,3.7659278217747696
2023-11-03,3.7571404034736284
2023-11-04,3.671292215087614
2023-11-05,3.704025714773085
2023-11-06,3.717054523084813
2023-11-07,3.7634302501978754
2023-11-08,3.7810283854808415
2023-11-09,3.7516178262428808
2023-11-10,3.7160617548372237
2023-11-11,3.7070889806332894
2023-11-12,3.7950112443507984
2023-11-13,3.7112788958460183
2023-11-14,3.763352083776693
2023-11-15,3.778117973971777
2023-11-16,3.7698265785448397
2023-11-17,3.7787675575113497
2023-11-18,3.7871127909487794
2023-11-19,3.782234500174676
2023-11-20,3.7411362263008265
2023-11-21,3.7398906790256046
2023-11-22,3.738762619384615
2023-11-23,3.7726960940035226
2023-11-24,3.7438922586378265
2023-11-25,3.7281081859227534
2023-11-26,3.654764100021775
2023-11-27,3.748263949070389
2023-11-28,3.7588986345069904
2023-11-29,3.7417260462955944
2023-11-30,3.7309847842535544
2023-12-01,3.7854854198114043
2023-12-02,3.824743613456139
2023-12-03,3.7209527615979554
2023-12-04,3.7966358621836647
2023-12-05,3.723147106571808
2023-12-06,3.7311843265707743
2023-12-07,3.730914217576629
2023-12-08,3.7340202945908514
2023-12-09,3.770961551277179
2023-12-10,3.693589520150758
2023-12-11,3.757613930236549
2023-12-12,3.7523458608095863
2023-12-13,3.7205604757036124
2023-12-14,3.8128625147267097
2023-12-15,3.8194512196009547
2023-12-16,3.7609762932335897
2023-12-17,3.7959450408982782
2023-12-18,3.8206176854522855
2023-12-19,3.813209176314721
2023-12-20,3.7843013745716054
2023-12-21,3.7662366569441947
2023-12-22,3.778055298307735
2023-12-23,3.8039813013853947
2023-12-24,3.7179559114413414
2023-12-25,3.695000136436623
2023-12-26,3.6708707379653522
2023-12-27,3.715300731662362
2023-12-28,3.7857356381733203
2023-12-29,3.7332890957739995
2023-12-30,3.6854189751857236
2023-12-31,3.7068936687110168
2024-01-01,3.672474720537824
2024-01-02,3.654625336755677
2024-01-03,3.6717201552970056
2024-01-04,3.779915106412555
2024-01-05,3.776970678333762
2024-01-06,3.778845669375124
2024-01-07,3.7179083537396225
2024-01-08,3.716185003431917
2024-01-09,3.754732885351385
2024-01-10,3.742057347468367
2024-01-11,3.766207696105841
2024-01-12,3.844758695141502
2024-01-13,3.713576620521212
2024-01-14,3.7106402992849343
2024-01-15,3.7209557000546063
2024-01-16,3.76771624209347
2024-01-17,3.791542880097538
2024-01-18,3.803039469092377
2024-01-19,3.820736445132492
2024-01-20,3.810070773131232
2024-01-21,3.7203200403127816
2024-01-22,3.802751133897874
2024-01-23,3.785595386098391
2024-01-24,3.771256724333003
2024-01-25,3.7661270025453413
2024-01-26,3.7723422599791636
2024-01-27,3.7823916675225657
2024-01-28,3.784388548475223
2024-01-29,3.7856414727060876
2024-01-30,3.790625153179247
2024-01-31,3.8478963755875593
2024-02-01,3.827772919950704
2024-02-02,3.8274587858278672
2024-02-03,3.780736524325485
2024-02-04,3.7234456730991408
2024-02-05,3.7720899628147833
2024-02-06,3.7853179557218377
2024-02-07,3.8068240354876584
2024-02-08,3.7960569242297124
2024-02-09,3.7598890477599602
2024-02-10,3.7579859303480387
2024-02-11,3.778352716239485
2024-02-12,3.7957176342786596
2024-02-13,3.8423272864383358
2024-02-14,3.8032623285853218
2024-02-15,3.7714894465829283
2024-02-16,3.7170068939255505
2024-02-17,3.727823921781231
2024-02-18,3.706747549599916
2024-02-19,3.7549185623915435
2024-02-20,3.812604008389043
2024-02-21,3.78479388172654
2024-02-22,3.7974443028278433
2024-02-23,3.8314737472519873
2024-02-24,3.858549768717797
2024-02-25,3.82919587855461
2024-02-26,3.8302438557639733
2024-02-27,3.838022350135599
2024-02-28,3.7824987109174995
2024-02-29,3.8419600919192236
2024-03-01,3.785416007916706
2024-03-02,3.720815745163589
2024-03-03,3.7290406444731223
2024-03-04,3.7541536556320367
2024-03-05,3.8065082169827034
2024-03-06,3.769468258004572
2024-03-07,3.764436254311549
2024-03-08,3.7961526244519757
2024-03-09,3.75315376622175
2024-03-10,3.7389544926727583
2024-03-11,3.801957232676053
2024-03-12,3.7944861470029987
2024-03-13,3.8035136131804617
2024-03-14,3.8150357898523524
2024-03-15,3.780407548168426
2024-03-16,3.7754148348342866
2024-03-17,3.763020151501138
2024-03-18,3.737410297096503
2024-03-19,3.8037354140079276
2024-03-20,3.7932233513814158
2024-03-21,3.8195638604116606
2024-03-22,3.820755070361843
2024-03-23,3.6353159188747215
2024-03-24,3.69568009071359
2024-03-25,3.7666161417693953
2024-03-26,3.756840962108555
2024-03-27,3.785727721462383
2024-03-28,3.779054778060594
2024-03-29,3.804703583473446
2024-03-30,3.807621405621631
2024-03-31,3.805550520871959
2024-04-01,3.8416057945358375
2024-04-02,3.82338077842963
2024-04-03,3.790707740896048
2024-04-04,3.7915373783353465
2024-04-05,3.8095287991265794
2024-04-06,3.8004407215572016
2024-04-07,3.8068065752924105
2024-04-08,3.7749426593515345
2024-04-09,3.746640951766496
2024-04-10,3.792510461320907
2024-04-11,3.7342226569667534
2024-04-12,3.7798609096175766
2024-04-13,3.782566045724508
2024-04-14,3.7630540636268446
2024-04-15,3.774411037200857
2024-04-16,3.8285025186399073
2024-04-17,3.844032313942503
2024-04-18,3.849840539437766
2024-04-19,3.791333343659757
2024-04-20,3.7543264503821447
2024-04-21,3.795710020761076
2024-04-22,3.8016904917284675
2024-04-23,3.8058699816908494
2024-04-24,3.8291273502529894
2024-04-25,3.8022771845715684
2024-04-26,3.7950034783446345
2024-04-27,3.8225641969952964
2024-04-28,3.7957319361113533
2024-04-29,3.8165409930526435
2024-04-30,3.827061240219303
2024-05-01,3.8894507445667306
2024-05-02,3.8632050188261107
2024-05-03,3.8166484170494575
2024-05-04,3.8428999475183696
2024-05-05,3.8190920052277377
2024-05-06,3.843662272581295
2024-05-07,3.8450596004405377
2024-05-08,3.8588736491927746
2024-05-09,3.7763806327956377
2024-05-10,3.8386600062542007
2024-05-11,3.8004053252072367
2024-05-12,3.818538910921734
2024-05-13,3.8537565219515137
2024-05-14,3.8147627461237983
2024-05-15,3.8156797508147244
2024-05-16,3.785696966866198
2024-05-17,3.782256544392765
2024-05-18,3.7635851137383716
2024-05-19,3.7581967216500556
2024-05-20,3.7834591716899415
2024-05-21,3.793154329954532
2024-05-22,3.815712798467716
2024-05-23,3.795064529102018
2024-05-24,3.778994787768615
2024-05-25,3.7601863057420464
2024-05-26,3.785203775498834
2024-05-27,3.793528714210021
2024-05-28,3.7763213988016258
2024-05-29,3.8371983065673487
2024-05-30,3.8145580543325575
2024-05-31,3.8004770543582955
2024-06-01,3.7573214036927935
2024-06-02,3.7371761317311316
2024-06-03,3.7940354330455768
2024-06-04,3.7949312609076933
2024-06-05,3.7648124497058477
2024-06-06,3.711637743674228
2024-06-07,3.691106454426569
2024-06-08,3.692136395767027
2024-06-09,3.7111642374649394
2024-06-10,3.681758021747884
2024-06-11,3.7159958076707027
2024-06-12,3.7358192201573277
2024-06-13,3.7863970986124738
2024-06-14,3.7749287960999394
2024-06-15,3.7097987576065137
2024-06-16,3.765113014282067
2024-06-17,3.7673131188075106
2024-06-18,3.7307088099878127
2024-06-19,3.672991654134512
2024-06-20,3.7185061406661424
2024-06-21,3.749030498617028
2024-06-22,3.720961183728791
2024-06-23,3.6377197871446825
2024-06-24,3.725184227034779
2024-06-25,3.7769880357043943
2024-06-26,3.760181765811924
2024-06-27,3.76378528170835
2024-06-28,3.7271949637713147
2024-06-29,3.772061175849139
2024-06-30,3.701332203080054
2024-07-01,3.7506220370496575
2024-07-02,3.7019201526653442
2024-07-03,3.653487662161073
2024-07-04,3.6697916437665206
2024-07-05,3.5353556795386187
2024-07-06,3.6239412113496914
2024-07-07,3.6165175910826006
2024-07-08,3.5930997894995906
2024-07-09,3.612574521818242
2024-07-10,3.6523632965923283
2024-07-11,3.6949491126638176
2024-07-12,3.673775479477102
2024-07-13,3.6169092730785435
2024-07-14,3.6898217115769953
2024-07-15,3.7646990654574273
2024-07-16,3.7017550109786654
2024-07-17,3.7684664917163055
2024-07-18,3.7238781336188946
2024-07-19,3.7311185131056006
2024-07-20,3.697693891602919
2024-07-21,3.7136355612778744
2024-07-22,3.740214683674398
2024-07-23,3.7682821154434443
2024-07-24,3.7293592682345924
2024-07-25,3.653241186150987
2024-07-26,3.726156800558769
2024-07-27,3.6478313573305132
2024-07-28,3.715372690262109
2024-07-29,3.761035147312363
2024-07-30,3.7943722760105394
2024-07-31,3.7618289271621
2024-08-01,3.65540037447277
2024-08-02,3.5930976380985884
2024-08-03,3.6801669281570746
2024-08-04,3.6994123310310503
2024-08-05,3.775295412544652
2024-08-06,3.7445330505180827
2024-08-07,3.714690407468492
2024-08-08,3.776929075299395
2024-08-09,3.7770220426033334
2024-08-10,3.785469719622667
2024-08-11,3.759695835984277
2024-08-12,3.7973197985394296
2024-08-13,3.7749850049646185
2024-08-14,3.7606263791430266
2024-08-15,3.79532382225884
2024-08-16,3.827653162357738
2024-08-17,3.7628037503262926
2024-08-18,3.730317302719314
2024-08-19,3.764784298205407
2024-08-20,3.7431512942326988
2024-08-21,3.6933175390460167
2024-08-22,3.718312516259196
2024-08-23,3.689547932893333
2024-08-24,3.730593872451945
2024-08-25,3.7781508072171115
2024-08-26,3.7489449639849726
2024-08-27,3.7335390882727473
2024-08-28,3.783371484203023
2024-08-29,3.7522412999539676
2024-08-30,3.751219575693753
2024-08-31,3.7250331889629633
2024-09-01,3.674435354290005
2024-09-02,3.747975895146497
2024-09-03,3.7722677255450257
2024-09-04,3.736351420641107
2024-09-05,3.7718611423792754
2024-09-06,3.7898887233765968
2024-09-07,3.684673166630767
2024-09-08,3.6677340574712285
2024-09-09,3.7179437007986205
2024-09-10,3.755475402682782
2024-09-11,3.7535808029194104
2024-09-12,3.7146095393680505
2024-09-13,3.733705016371683
2024-09-14,3.7638024465172366
2024-09-15,3.708328749927328
2024-09-16,3.7773101491601295
2024-09-17,3.815134896710526
2024-09-18,3.767251980080817
2024-09-19,3.7282798708461042
2024-09-20,3.7755891569104385
2024-09-21,3.7674588632181796
2024-09-22,3.715430179036978
2024-09-23,3.7720683735923335
2024-09-24,3.7905273997320914
2024-09-25,3.733934450610091
2024-09-26,3.72350535626531
2024-09-27,3.7411088034506665
2024-09-28,3.6803193940453065
2024-09-29,3.7115514836103953
2024-09-30,3.7943052725471835
2024-10-01,3.7834118991815173
2024-10-02,3.8146805350936788
2024-10-03,3.7908108327452297
2024-10-04,3.7591697086971556
2024-10-05,3.6946126240058987
2024-10-06,3.7005542338477087
2024-10-07,3.7052945545682494
2024-10-08,3.7598706405783653
2024-10-09,3.745819019337464
2024-10-10,3.737150035404298
2024-10-11,3.6756844317783246
2024-10-12,3.6794039051890697
2024-10-13,3.748477010372842
2024-10-14,3.7750871023356685
2024-10-15,3.75134081405881
2024-10-16,3.741078668498473
2024-10-17,3.7556927188569453
2024-10-18,3.724667218262513
2024-10-19,3.7400054586526412
2024-10-20,3.718590200193045
2024-10-21,3.743545545963337
2024-10-22,3.6691516034366236
2024-10-23,3.649902842843757
2024-10-24,3.7066172153189085
2024-10-25,3.72823521756539
2024-10-26,3.7546383780421215
2024-10-27,3.752156832539565
2024-10-28,3.8121789083067195
2024-10-29,3.8085983593603157
2024-10-30,3.796818199604159
2024-10-31,3.7910688458887436
2024-11-01,3.792918054415985
2024-11-02,3.7963105972627695
2024-11-03,3.8062906197789625
2024-11-04,3.767922448657803
2024-11-05,3.803881457931431
2024-11-06,3.7384917708898437
2024-11-07,3.7133984631966195
2024-11-08,3.7476413976645984
2024-11-09,3.7022833535552313
2024-11-10,3.650947995318518
2024-11-11,3.7059383402470725
2024-11-12,3.808096514948942
2024-11-13,3.7838439687846805
2024-11-14,3.7660572359586055
2024-11-15,3.7582034532775856
2024-11-16,3.7140366812819288
2024-11-17,3.7518995292589015
2024-11-18,3.7934901837048134
2024-11-19,3.804158459436068
2024-11-20,3.8112994368792132
2024-11-21,3.7509888605800055
2024-11-22,3.7761359962415937
2024-11-23,3.7449069794561978
2024-11-24,3.7140172948482344
2024-11-25,3.7397216425104545
2024-11-26,3.792122471560878
2024-11-27,3.753426053358567
2024-11-28,3.7602966517542837
2024-11-29,3.746732330484409
2024-11-30,3.71041414780879
2024-12-01,3.706834065790887
2024-12-02,3.749361386068158
2024-12-03,3.764660876956193
2024-12-04,3.8060599212649207
2024-12-05,3.749305381433458
2024-12-06,3.743936436881234
2024-12-07,3.697254234614244
2024-12-08,3.6724851604518793
2024-12-09,3.6923895629195504
2024-12-10,3.7554829987071536
2024-12-11,3.756962567190024
2024-12-12,3.746183162145531
2024-12-13,3.7897969853443243
2024-12-14,3.769827699386905
2024-12-15,3.788467412083867
2024-12-16,3.8079049023296396
2024-12-17,3.827896062212552
2024-12-18,3.8216729738005273
2024-12-19,3.7606045250805207
2024-12-20,3.7724986095857664
2024-12-21,3.745260919591176
2024-12-22,3.708639246898109
2024-12-23,3.71794437896619
2024-12-24,3.7723095984011246
2024-12-25,3.708500341282312
2024-12-26,3.7071730441982904
2024-12-27,3.780586917458284
2024-12-28,3.7959139607364274
2024-12-29,3.7549487082249495
2024-12-30,3.8103632712467568
2024-12-31,3.80189777259718
2025-01-01,3.8441889979165724
2025-01-02,3.8375590375373734
2025-01-03,3.8315574322963424
2025-01-04,3.7715124543553658
2025-01-05,3.6851306409452724
2025-01-06,3.7627366707857277
2025-01-07,3.7790705065329444
2025-01-08,3.806404449245568
2025-01-09,3.8383486616026263
2025-01-10,3.8526280230527163
2025-01-11,3.8458764774583085
2025-01-12,3.787797951029223
2025-01-13,3.788012402587114
2025-01-14,3.7810842998133123
2025-01-15,3.7893368999214982
2025-01-16,3.8062314750883246
2025-01-17,3.7707390967266603
2025-01-18,3.762128598961759
2025-01-19,3.8140809430889457
2025-01-20,3.8045397959880574
2025-01-21,3.7335982302633455
2025-01-22,3.793881448261112
2025-01-23,3.8240350214098995
2025-01-24,3.805706744627024
2025-01-25,3.736740629057758
2025-01-26,3.757017927478653
2025-01-27,3.7705227670439134
2025-01-28,3.747896687312362
2025-01-29,3.7507995029834684
2025-01-30,3.7467367483669065
2025-01-31,3.8056039414608223
2025-02-01,3.761961710983107
2025-02-02,3.7161056087803397
2025-02-03,3.729649407839069
2025-02-04,3.790984454986595
2025-02-05,3.765649453086138
2025-02-06,3.7838412829039987
2025-02-07,3.8314761970986813
2025-02-08,3.7454618056810824
2025-02-09,3.661586400008452
2025-02-10,3.6936157141739976
2025-02-11,3.7361012431139415
2025-02-12,3.5949600186760806
2025-02-13,3.549682194713364
2025-02-14,3.6159398524769557
2025-02-15,3.5839096045003576
2025-02-16,3.517503448871012
2025-02-17,3.425970123686906
2025-02-18,3.4293063242861304
2025-02-19,3.5490128193568236
2025-02-20,3.6132618420988583
2025-02-21,3.6119145000210073
2025-02-22,3.638001730969534
2025-02-23,3.636207380826268
2025-02-24,3.6876183398546125
2025-02-25,3.643602069160089
2025-02-26,3.680159695505872
2025-02-27,3.6604091418427034
2025-02-28,3.6287097542559157
2025-03-01,3.6037810666271404
2025-03-02,3.628456242017516
2025-03-03,3.701365167446111
2025-03-04,3.7509641423887343
2025-03-05,3.7748063520659896
2025-03-06,3.7647454688087714
2025-03-07,3.766531257403773
2025-03-08,3.8123026807199447
2025-03-09,3.816475456311723
2025-03-10,3.769140741597181
2025-03-11,3.684887693283163
2025-03-12,3.6800527130187555
2025-03-13,3.637988589426211
2025-03-14,3.69415658893162
2025-03-15,3.743613492672159
2025-03-16,3.6203680777851575
2025-03-17,3.7049050529865792
2025-03-18,3.6524552827033343
2025-03-19,3.715959035537185
2025-03-20,3.6968520730132703
2025-03-21,3.7394514819615248
2025-03-22,3.7097821344582433
2025-03-23,3.6148380644587363
2025-03-24,3.6104480499006955
2025-03-25,3.703254972485997
2025-03-26,3.780397990446473
2025-03-27,3.786544579888392
2025-03-28,3.7509687169178076
2025-03-29,3.7757990876107317
2025-03-30,3.7927512594291284
2025-03-31,3.8007272502473697
2025-04-01,3.796712717588814
2025-04-02,3.7628013357338075
2025-04-03,3.734723346265197
2025-04-04,3.6976513857459556
2025-04-05,3.6630571246553063
2025-04-06,3.7022832945746678
2025-04-07,3.7323683528349023
2025-04-08,3.752441991701997
2025-04-09,3.7632888870178314
2025-04-10,3.7371945648275324
2025-04-11,3.649893416213198
2025-04-12,3.571954809033259
2025-04-13,3.6734054798393485
2025-04-14,3.6753362932519744
2025-04-15,3.730050303693378
2025-04-16,3.728533401991598
2025-04-17,3.6187697366299347
2025-04-18,3.675960007121285
2025-04-19,3.6421753519287003
2025-04-20,3.6878106927230667
2025-04-21,3.6792444373011497
2025-04-22,3.6386731408927706
2025-04-23,3.688511833322756
2025-04-24,3.7762753616852835
2025-04-25,3.6458500657715587
2025-04-26,3.515737490996118
2025-04-27,3.625590873875518
2025-04-28,3.7218763915535504
2025-04-29,3.7463190214335595
2025-04-30,3.7886819908001357
2025-05-01,3.7260629859292718
2025-05-02,3.775814006185304
2025-05-03,3.7650638415492086
2025-05-04,3.6473517780770166
2025-05-05,3.7224825631740184
2025-05-06,3.749745872567264
2025-05-07,3.6615341978780442
2025-05-08,3.6497515918869508
2025-05-09,3.5995401410547627
2025-05-10,3.490432159910143
2025-05-11,3.490892103376867
2025-05-12,3.6472401976810787
2025-05-13,3.6181829368741316
2025-05-14,3.6251955340984625
2025-05-15,3.533482980932652
2025-05-16,3.4609598417344527
2025-05-17,3.605832252529006
2025-05-18,3.508941175002031
2025-05-19,3.429927471600923
2025-05-20,3.5996371349798095
2025-05-21,3.700863793929539
2025-05-22,3.7420651290052014
2025-05-23,3.6779669260111567
2025-05-24,3.6780915436214596
2025-05-25,3.7116402667660817
2025-05-26,3.7465230100308147
2025-05-27,3.7505041926078793
2025-05-28,3.737999922363193
2025-05-29,3.7354297182089677
2025-05-30,3.7038243407795535
2025-05-31,3.7287076960757615
2025-06-01,3.6127333487936957
2025-06-02,3.6688425501025828
2025-06-03,3.759970288894619
2025-06-04,3.677375807629801
2025-06-05,3.7038000041934627
2025-06-06,3.759646026776215
2025-06-07,3.773379400389653
2025-06-08,3.771574022268666
2025-06-09,3.7422056810876874
2025-06-10,3.8078843157661213
2025-06-11,3.814367226273762
2025-06-12,3.7646166457328403
2025-06-13,3.785675692300306
2025-06-14,3.7047496650669096
2025-06-15,2.655045546825804
2025-06-16,2.9582510529376105
2025-06-17,3.373557262275185
2025-06-18,2.311278124459133
2025-06-19,1.5
2025-06-20,2.101125010956985
2025-06-21,2.1846856695910413
2025-06-22,2.727497224852472
2025-06-23,1.926868017501744
2025-06-24,2.5868878409958143
2025-06-25,2.8890962803909583
2025-06-26,2.3803515421086368
2025-06-27,2.900981465773011
2025-06-28,2.488785591776994
2025-06-29,2.9262465483769935
2025-06-30,1.643155878465832
2025-07-01,3.4202055069231894
2025-07-02,3.8124392922250765
2025-07-03,3.684168642517137
2025-07-04,3.7143302093573363
2025-07-05,3.7361534858872174
2025-07-06,3.6972977299766763
2025-07-07,3.7659731523026854
2025-07-08,3.7854212636842557
2025-07-09,3.747373454218109
2025-07-10,3.64768901219555
2025-07-11,3.7188270668941925
2025-07-12,3.646131754510031
2025-07-13,3.6790367995828976
2025-07-14,3.7091544831747485
2025-07-15,3.745506457893331
2025-07-16,3.766525412407134
2025-07-17,3.790062071088776
2025-07-18,3.819943289705716
2025-07-19,3.7938585083690093
2025-07-20,3.751063219975069
2025-07-21,3.7118153601658594
2025-07-22,3.76871239404695
2025-07-23,3.7629718601508744
2025-07-24,3.7481759650425226
2025-07-25,3.746817618058174
2025-07-26,3.7428770460614
2025-07-27,3.750677464739887
2025-07-28,3.768103461577875
2025-07-29,3.7868159236978496
2025-07-30,3.8063871070811155
2025-07-31,3.7821068917077802
2025-08-01,3.7504756933843
2025-08-02,3.790002326973888
2025-08-03,3.8216397334660552
2025-08-04,3.8385907893300812
2025-08-05,3.844388948347253
2025-08-06,3.6644562000006267
2025-08-07,3.5155551618513736
2025-08-08,3.5908737043489385
2025-08-09,3.4160728602994217
2025-08-10,3.5085379887730053
2025-08-11,3.6189445499947293
2025-08-12,3.634807966067707
2025-08-13,3.581658401581761
2025-08-14,3.595777690015619
2025-08-15,3.501078924300127
2025-08-16,3.358886704913079
2025-08-17,3.4638235567617155
2025-08-18,3.469112347064544
2025-08-19,3.430528487552156
2025-08-20,3.632475851884486
2025-08-21,3.673613078491479
2025-08-22,3.6912545829890733
2025-08-23,3.6390652225101445
2025-08-24,3.6488531630071934
2025-08-25,3.642267244775941
2025-08-26,3.6952802271382503
2025-08-27,3.7055482499339876
2025-08-28,3.7039093365463325
2025-08-29,3.6754590844865533
2025-08-30,3.679647262304084
2025-08-31,3.59429369113297
2025-09-01,3.5731137324542535
2025-09-02,3.618321051189727
2025-09-03,3.619682865298698
2025-09-04,3.648921677340468
2025-09-05,3.682489068542995
2025-09-06,3.7193307972338596
2025-09-07,3.7496609902450713
2025-09-08,3.813623138683351
2025-09-09,3.780297247186823
2025-09-10,3.7439245549948925
2025-09-11,3.793391010929825
2025-09-12,3.8194740715678517
2025-09-13,3.8084228142584893
2025-09-14,3.8294243119650777
2025-09-15,3.8487697780777594
2025-09-16,3.796640698375592
2025-09-17,3.802422865904757
2025-09-18,3.7852029036296155
2025-09-19,3.833767996524125
2025-09-20,3.7874783197324704
2025-09-21,3.7665828942432733
2025-09-22,3.7923841627835246
2025-09-23,3.782616130578031
2025-09-24,3.7041182109894537
2025-09-25,3.7521658926470685
2025-09-26,3.7959371749471105
2025-09-27,3.743630784712381
2025-09-28,3.77836794707106
2025-09-29,3.7940346784686114
2025-09-30,3.8068124167390094
2025-10-01,3.8132451709339654
2025-10-02,3.802654057408023
2025-10-03,3.8219643572649113
2025-10-04,3.7934673391752276
2025-10-05,3.737215825528174
2025-10-06,3.798666316323479
2025-10-07,3.7319082111568904
2025-10-08,3.76333048428893
2025-10-09,3.7086851473132016
2025-10-10,3.7015455084153097
2025-10-11,3.695412154716802
2025-10-12,3.701738825378703
2025-10-13,3.7531190764435918
2025-10-14,3.7510127698378803
2025-10-15,3.720335010806006
2025-10-16,3.6097983907072235
2025-10-17,3.5643016197728623
2025-10-18,3.545868555107012
2025-10-19,3.647469043144985
2025-10-20,3.6624899589109763
2025-10-21,3.695944405383044
2025-10-22,3.7629126491631544
2025-10-23,3.8629301241003686
2025-10-24,3.7985396825649733
2025-10-25,3.7575716933628747
2025-10-26,3.6966001091096437
2025-10-27,3.724099392907772
2025-10-28,3.8051629375884914
2025-10-29,3.7827386023884997
2025-10-30,3.78940837141005
2025-10-31,3.7752593188608667
2025-11-01,3.8008381198306704
2025-11-02,3.780024801580166
2025-11-03,3.735730290252068
2025-11-04,3.7324477254554127
2025-11-05,3.7784644791193007
2025-11-06,3.7917056045379955
2025-11-07,3.7828081681782564
2025-11-08,3.762565214889403
2025-11-09,3.775570410640627
2025-11-10,3.771228717591096
2025-11-11,3.768573590282019
2025-11-12,3.7672200322263665
2025-11-13,3.7458182020555535
2025-11-14,3.813000885803388
2025-11-15,3.714547361693959
2025-11-16,3.719544857551489
2025-11-17,3.7723712972440655
2025-11-18,3.7252852310644475
2025-11-19,3.7129917166198187
2025-11-20,3.707889742885293
2025-11-21,3.7159209469557535
2025-11-22,3.6976336592190497
2025-11-23,3.6195826574273102
2025-11-24,3.678423137848423
2025-11-25,3.619149397671608
2025-11-26,3.585036683093815
2025-11-27,3.72323431346771
2025-11-28,3.686331511882005
2025-11-29,3.6932535437151883
2025-11-30,3.6805288231582405
2025-12-01,3.6689748656842034
2025-12-02,3.6250401916276713
2025-12-03,3.678827951066481
2025-12-04,3.6393925231416318
2025-12-05,3.6175604958098977
2025-12-06,3.611474302465862
2025-12-07,3.705436665738403
2025-12-08,3.71611956404043
2025-12-09,3.7486786281560223
2025-12-10,3.7561615599799993
2025-12-11,3.7531762127926958
2025-12-12,3.7562025138110373
2025-12-13,3.7647264195873964
2025-12-14,3.6502007995466745
2025-12-15,3.7221072822008843
2025-12-16,3.7668385492329266
2025-12-17,3.7921050215030414
2025-12-18,3.764426439511841
2025-12-19,3.7682361914198967
2025-12-20,3.6482429808180266
2025-12-21,3.4955102849355506
2025-12-22,3.6803419723997233
2025-12-23,3.7032624714215716
2025-12-24,3.7280147858428623
2025-12-25,3.735709833957787
2025-12-26,3.6863526921223984
2025-12-27,3.6705767853569404
2025-12-28,3.5620246820405894
2025-12-29,3.6515843092594857
2025-12-30,3.7202370346731213
2025-12-31,3.68876922074723
