date,value
2015-02-18,-3.112426406397361
2015-02-19,-2.5677186410000394
2015-02-20,-2.676568554462725
2015-02-21,-3.3484929789157776
2015-02-22,-3.5130713369638253
2015-02-23,-2.705348987539759
2015-02-24,-2.4171020441687108
2015-02-25,-2.6857448136388413
2015-02-26,-2.570282726142952
2015-02-27,-2.798783169077584
2015-02-28,-4.803642554819178
2015-03-01,-4.370411543644018
2015-03-02,-3.5755932171920315
2015-03-03,-3.024964653708584
2015-03-04,-3.1242576817650676
2015-03-05,-3.0599891651585702
2015-03-06,-2.9917601639735
2015-03-07,-3.8798348550231223
2015-03-08,-4.201140904811128
2015-03-09,-3.3499849547117706
2015-03-10,-2.6764102843751902
2015-03-11,-2.8046590715134045
2015-03-12,-2.9268852862296417
2015-03-13,-2.5710498685809218
2015-03-14,-2.700013973866622
2015-03-15,-2.6762349023648393
2015-03-16,-2.3704144865999655
2015-03-17,-2.0552895218790233
2015-03-18,-1.9749706444706163
2015-03-19,-2.1255396131552082
2015-03-20,-2.086630538022407
2015-03-21,-2.267815654235258
2015-03-22,-2.5817505462113313
2015-03-23,-2.0061883226986374
2015-03-24,-2.042916858880157
2015-03-25,-2.022933162333684
2015-03-26,-2.0503617850630484
2015-03-27,-2.0434731967906816
2015-03-28,-1.8853436645087998
2015-03-29,-1.8991561742915795
2015-03-30,-1.957031762100475
2015-03-31,-2.048148792864885
2015-04-01,-2.1626957152302118
2015-04-02,-2.1477237555945643
2015-04-03,-1.9448917559450885
2015-04-04,-2.1172020527069795
2015-04-05,-2.113180990129835
2015-04-06,-1.8990603965773676
2015-04-07,-1.849810429579865
2015-04-08,-1.786564902699783
2015-04-09,-2.176584891339619
2015-04-10,-1.9930762382822154
2015-04-11,-2.076593141713979
2015-04-12,-2.166127936957627
2015-04-13,-2.260122327172196
2015-04-14,-2.1917109648165285
2015-04-15,-2.1126594834379597
2015-04-16,-2.2151145776212107
2015-04-17,-2.4755557708512614
2015-04-18,-2.0250492499439026
2015-04-19,-2.407395475100137
2015-04-20,-2.3005497255737315
2015-04-21,-2.1036118819354312
2015-04-22,-1.9691350636740312
2015-04-23,-2.181569438202456
2015-04-24,-2.127671348702658
2015-04-25,-2.3907622081290962
2015-04-26,-2.322490532746728
2015-04-27,-2.1350165289135714
2015-04-28,-1.9844169489697538
2015-04-29,-1.7187766356724277
2015-04-30,-1.8273722661572176
2015-05-01,-1.8197398348891656
2015-05-02,-2.3901116624949603
2015-05-03,-2.0125400409515435
2015-05-04,-1.6091206542198682
2015-05-05,-1.910211633305996
2015-05-06,-1.6959220329931037
2015-05-07,-1.654621686609249
2015-05-08,-1.2624098473490721
2015-05-09,-0.815816032094655
2015-05-10,-1.178155330513567
2015-05-11,-1.672039950550931
2015-05-12,-2.2253608985092788
2015-05-13,-2.061724441145014
2015-05-14,-1.8086317618567538
2015-05-15,-2.148425797976518
2015-05-16,-2.244562303361972
2015-05-17,-2.7478841793144135
2015-05-18,-2.5566438954312782
2015-05-19,-2.368111057168572
2015-05-20,-2.365016346092381
2015-05-21,-2.0267959534853293
2015-05-22,-2.193167902449734
2015-05-23,-2.544779049392049
2015-05-24,-2.5014971339291217
2015-05-25,-1.9477299062797164
2015-05-26,-1.9536340579253628
2015-05-27,-2.0288295340322406
2015-05-28,-2.294319088259119
2015-05-29,-2.3280399946523205
2015-05-30,-2.627106607875784
2015-05-31,-2.599176787328405
2015-06-01,-2.597325414875659
2015-06-02,-2.3493437852148515
2015-06-03,-2.8442437395851927
2015-06-04,-3.06140245326377
2015-06-05,-2.510783879833096
2015-06-06,-2.589421259225231
2015-06-07,-2.2579881716025367
2015-06-08,-2.1461966351844333
2015-06-09,-2.1988815485786675
2015-06-10,-2.0656532053395704
2015-06-11,-1.9142058247995377
2015-06-12,-1.9826080096008114
2015-06-13,-2.2507937616160465
2015-06-14,-2.216088491343554
2015-06-15,-2.255735546541829
2015-06-16,-1.9137122367902486
2015-06-17,-2.071782197529184
2015-06-18,-1.8070941604544453
2015-06-19,-1.5577486181450506
2015-06-20,-1.6486106023778981
2015-06-21,-1.9174570932471655
2015-06-22,-2.286409617984381
2015-06-23,-2.245830276172326
2015-06-24,-2.104816002296667
2015-06-25,-2.15238053050314
2015-06-26,-2.199908434424628
2015-06-27,-2.344641918536165
2015-06-28,-2.190215914923769
2015-06-29,-1.8908947583006435
2015-06-30,-2.205487654528596
2015-07-01,-2.134842942115052
2015-07-02,-2.0857090752651986
2015-07-03,-2.038096737242146
2015-07-04,-2.2012620426383114
2015-07-05,-2.1350336013187867
2015-07-06,-1.9202449762879754
2015-07-07,-1.7553250482659026
2015-07-08,-1.9306782284527115
2015-07-09,-1.8723308586990735
2015-07-10,-1.8937078089437238
2015-07-11,-2.414207056590144
2015-07-12,-2.0919906510103994
2015-07-13,-2.2710865283330417
2015-07-14,-2.0459398504213455
2015-07-15,-2.014264681978712
2015-07-16,-2.180480617978666
2015-07-17,-2.5437353756270076
2015-07-18,-2.4883327747091992
2015-07-19,-2.322391374007113
2015-07-20,-1.947892265842794
2015-07-21,-2.0586308378373976
2015-07-22,-2.0321430715939517
2015-07-23,-1.8165324329230845
2015-07-24,-2.213385418545102
2015-07-25,-2.1046949807561535
2015-07-26,-1.818651765990155
2015-07-27,-2.3249411709290486
2015-07-28,-2.2893597281655107
2015-07-29,-2.6426511809669497
2015-07-30,-3.062969346093248
2015-07-31,-2.5830404849444415
2015-08-01,-2.2725586773517494
2015-08-02,-2.2601548118805144
2015-08-03,-2.27555770620603
2015-08-04,-2.1906409644009286
2015-08-05,-2.430983690798718
2015-08-06,-2.626963962477653
2015-08-07,-2.738246901569154
2015-08-08,-3.079371493627009
2015-08-09,-2.69496062942961
2015-08-10,-2.316853503709076
2015-08-11,-2.8922451248605303
2015-08-12,-2.8654334566700386
2015-08-13,-2.7536605166830554
2015-08-14,-2.567320761003684
2015-08-15,-2.295510965011957
2015-08-16,-2.2234405262641856
2015-08-17,-2.351118957641395
2015-08-18,-2.3614970442031895
2015-08-19,-2.8804007251356842
2015-08-20,-2.213347981014984
2015-08-21,-2.275010985130245
2015-08-22,-2.273916185401511
2015-08-23,-2.152789767353937
2015-08-24,-2.2437708680891517
2015-08-25,-2.6162719062300015
2015-08-26,-2.304250428624008
2015-08-27,-2.271184992875492
2015-08-28,-2.1747460992891523
2015-08-29,-2.168858238026308
2015-08-30,-2.0815450844718275
2015-08-31,-2.4211569268513267
2015-09-01,-2.3364841486545154
2015-09-02,-2.05467864432112
2015-09-03,-2.0408763527598155
2015-09-04,-1.8797287931724282
2015-09-05,-2.1371578598641956
2015-09-06,-2.397908213017158
2015-09-07,-2.283663754299789
2015-09-08,-2.262468513200305
2015-09-09,-2.0966776191097796
2015-09-10,-2.1588786057860028
2015-09-11,-1.9994882292301954
2015-09-12,-2.0118595570756
2015-09-13,-2.073855709827187
2015-09-14,-2.0365304243475473
2015-09-15,-2.071671146892098
2015-09-16,-2.3936034208577497
2015-09-17,-2.355487934696177
2015-09-18,-2.2574972642269073
2015-09-19,-2.359217285791434
2015-09-20,-2.3869481170954323
2015-09-21,-2.2497720597485507
2015-09-22,-2.3713449377537166
2015-09-23,-1.9603963395263992
2015-09-24,-1.9176186726091546
2015-09-25,-2.200642687498943
2015-09-26,-2.3859806825616796
2015-09-27,-2.3618549225360623
2015-09-28,-2.4730785333972682
2015-09-29,-2.5282566219271465
2015-09-30,-2.3173686559295334
2015-10-01,-2.949400811253186
2015-10-02,-3.073665678812494
2015-10-03,-3.1687017506568984
2015-10-04,-3.3978399873801677
2015-10-05,-3.0827218825197056
2015-10-06,-3.002826064343937
2015-10-07,-2.8530279549821156
2015-10-08,-2.739989099759168
2015-10-09,-2.67221608407141
2015-10-10,-3.1394180055438103
2015-10-11,-2.85479773213727
2015-10-12,-2.81119631914906
2015-10-13,-3.2604272592123227
2015-10-14,-2.8592810544717415
2015-10-15,-2.579095400174034
2015-10-16,-2.616277272439912
2015-10-17,-2.817851843826343
2015-10-18,-2.7176132745034156
2015-10-19,-2.4046053115136306
2015-10-20,-2.3933887306241712
2015-10-21,-2.020785702394811
2015-10-22,-2.2749529176580996
2015-10-23,-2.4599992600270895
2015-10-24,-2.3153904882471883
2015-10-25,-2.380454644459956
2015-10-26,-2.2857572131211787
2015-10-27,-2.2267982590045805
2015-10-28,-2.3624528711329114
2015-10-29,-2.16763297554922
2015-10-30,-2.316642264324175
2015-10-31,-3.2776098146036317
2015-11-01,-3.268238156078657
2015-11-02,-3.127750854828686
2015-11-03,-2.866552277405339
2015-11-04,-2.795721782436711
2015-11-05,-2.8516093788406383
2015-11-06,-2.8605496215069643
2015-11-07,-2.8232808739505875
2015-11-08,-3.0312872602964784
2015-11-09,-2.6622011096449465
2015-11-10,-2.666173630830968
2015-11-11,-2.4220109264039253
2015-11-12,-2.4717162505843966
2015-11-13,-2.4101710613317446
2015-11-14,-3.5950126428224976
2015-11-15,-3.3145229043908033
2015-11-16,-3.0728276729732227
2015-11-17,-3.2474316593188797
2015-11-18,-3.043329929508363
2015-11-19,-2.919228521482137
2015-11-20,-2.9188823888555255
2015-11-21,-3.4292258348261018
2015-11-22,-3.223583704525593
2015-11-23,-2.5440074979465908
2015-11-24,-3.4030031812646047
2015-11-25,-3.4602480264996927
2015-11-26,-3.250869801107499
2015-11-27,-3.156556848118903
2015-11-28,-3.2220474893225735
2015-11-29,-3.231737464704575
2015-11-30,-2.6810457770027005
2015-12-01,-2.6544292631829887
2015-12-02,-2.460906589217177
2015-12-03,-3.000290243497597
2015-12-04,-3.0265508936020358
2015-12-05,-3.024101669077856
2015-12-06,-2.866086781431435
2015-12-07,-2.620362120374385
2015-12-08,-2.7837515987694004
2015-12-09,-2.6025235150402146
2015-12-10,-2.59844577098221
2015-12-11,-2.8491486259334806
2015-12-12,-2.6269644152162366
2015-12-13,-3.1940118787394787
2015-12-14,-2.9248512802050906
2015-12-15,-2.4483610126242183
2015-12-16,-2.406013511060727
2015-12-17,-2.302575044536991
2015-12-18,-2.378220516131752
2015-12-19,-2.2520608873658245
2015-12-20,-2.5890093216026933
2015-12-21,-2.378276460643003
2015-12-22,-2.482332764454079
2015-12-23,-2.7048721112783825
2015-12-24,-2.5581475415808694
2015-12-25,-2.343867546990815
2015-12-26,-2.918878896427041
2015-12-27,-2.7882547661606996
2015-12-28,-2.376554406656578
2015-12-29,-2.654789269483138
2015-12-30,-2.9849039930999637
2015-12-31,-2.892031605631612
2016-01-01,-2.602436074297856
2016-01-02,-2.621056058490714
2016-01-03,-2.6445419343030925
2016-01-04,-2.5626294163682823
2016-01-05,-2.71477724419432
2016-01-06,-2.403865192184427
2016-01-07,-2.3579425237645926
2016-01-08,-2.282207898004387
2016-01-09,-3.1998336980381077
2016-01-10,-3.1223114955416014
2016-01-11,-2.7248645164025525
2016-01-12,-2.695248388038593
2016-01-13,-2.8025738943937646
2016-01-14,-2.7250536668522245
2016-01-15,-2.52869665459537
2016-01-16,-2.5883148956176836
2016-01-17,-2.8192154325564336
2016-01-18,-2.4795297934191263
2016-01-19,-2.6375953451670684
2016-01-20,-2.738419673130726
2016-01-21,-3.262455384107612
2016-01-22,-3.0064797948311623
2016-01-23,-2.852764964002215
2016-01-24,-2.8566475088384666
2016-01-25,-2.433060665113587
2016-01-26,-2.6937421964946795
2016-01-27,-2.8266526107942815
2016-01-28,-2.5788457417964175
2016-01-29,-2.7617981929276354
2016-01-30,-3.2068634768753617
2016-01-31,-3.3678027129340107
2016-02-01,-2.8976241270480894
2016-02-02,-2.6151705309693978
2016-02-03,-2.731691590998188
2016-02-04,-2.935677693120108
2016-02-05,-2.7212048731348966
2016-02-06,-2.7769322051068346
2016-02-07,-2.8228938460029176
2016-02-08,-2.698934173344124
2016-02-09,-2.934040917773093
2016-02-10,-2.7470427851767942
2016-02-11,-2.720373876498692
2016-02-12,-2.4884547156912293
2016-02-13,-2.4863565523396582
2016-02-14,-2.7185359231198714
2016-02-15,-3.106010371031299
2016-02-16,-3.236475677190064
2016-02-17,-2.6885133195425435
2016-02-18,-2.6901485154957263
2016-02-19,-2.6313211117459216
2016-02-20,-2.7916842301382436
2016-02-21,-2.8364386019156536
2016-02-22,-2.750446322773705
2016-02-23,-2.676139783269609
2016-02-24,-2.5432396546913747
2016-02-25,-2.5840310065141265
2016-02-26,-2.7725467986234595
2016-02-27,-3.159421306892177
2016-02-28,-3.4806518742701917
2016-02-29,-2.9069135965125925
2016-03-01,-2.8750053943470393
2016-03-02,-2.5732224284017735
2016-03-03,-2.719182863260251
2016-03-04,-2.600357463100628
2016-03-05,-2.5618455867677903
2016-03-06,-2.7506984554163267
2016-03-07,-2.633294277665251
2016-03-08,-2.5192314291957025
2016-03-09,-2.8808215715390824
2016-03-10,-2.8542855163982663
2016-03-11,-2.646003191516381
2016-03-12,-2.625948967848168
2016-03-13,-2.588646910255054
2016-03-14,-2.5261335587072
2016-03-15,-2.456925251107062
2016-03-16,-2.1348329067730623
2016-03-17,-2.3361242523723598
2016-03-18,-2.3290252566208864
2016-03-19,-2.9873994631619336
2016-03-20,-2.8243248433472856
2016-03-21,-3.3347602092069244
2016-03-22,-3.659505722099764
2016-03-23,-3.2517886148032056
2016-03-24,-2.5358631222817225
2016-03-25,-2.511564127908947
2016-03-26,-2.780124770409135
2016-03-27,-2.364343205514494
2016-03-28,-2.050142300383827
2016-03-29,-2.3398782862934318
2016-03-30,-2.5130842603077808
2016-03-31,-2.4575254647116394
2016-04-01,-2.3602864608108853
2016-04-02,-3.4436845991421916
2016-04-03,-3.7432294577291088
2016-04-04,-2.9247748369244038
2016-04-05,-3.0790841802311024
2016-04-06,-2.965174508585068
2016-04-07,-2.497896566401763
2016-04-08,-2.6138564538179643
2016-04-09,-2.7899619373444975
2016-04-10,-2.875526261472551
2016-04-11,-2.862758521463297
2016-04-12,-2.4617948397418306
2016-04-13,-2.410564005341093
2016-04-14,-2.589048690025016
2016-04-15,-2.6439414041395457
2016-04-16,-2.449348805246088
2016-04-17,-2.6010263785979126
2016-04-18,-2.6845638453917786
2016-04-19,-2.7040579035783514
2016-04-20,-2.2759413841794016
2016-04-21,-2.2290501239077862
2016-04-22,-2.2344249783017713
2016-04-23,-2.4663547955585883
2016-04-24,-2.5400884622662567
2016-04-25,-2.2261363190571566
2016-04-26,-2.416402774107968
2016-04-27,-2.2264340464617214
2016-04-28,-2.5562375728524387
2016-04-29,-2.701456775549851
2016-04-30,-2.631959942396549
2016-05-01,-2.5777825277301094
2016-05-02,-2.79883656719423
2016-05-03,-2.722726806885018
2016-05-04,-2.7311536483523624
2016-05-05,-2.4861082730205304
2016-05-06,-2.4622612628785823
2016-05-07,-2.3595462205662625
2016-05-08,-2.242536990371062
2016-05-09,-1.5478947398975444
2016-05-10,-2.052184884260965
2016-05-11,-1.9605596267514347
2016-05-12,-2.158675442475668
2016-05-13,-2.3988762408601483
2016-05-14,-2.791780892274991
2016-05-15,-2.3449037148135012
2016-05-16,-2.0265181296709582
2016-05-17,-2.0806417596882754
2016-05-18,-1.979430336008869
2016-05-19,-2.1994930389859917
2016-05-20,-2.086183203746597
2016-05-21,-2.146297263348807
2016-05-22,-2.098191671257684
2016-05-23,-2.4095149983291844
2016-05-24,-2.534961141694551
2016-05-25,-2.4948385401396935
2016-05-26,-2.068582675308271
2016-05-27,-1.7499259838546806
2016-05-28,-1.8079456068432895
2016-05-29,-2.2724470947414384
2016-05-30,-2.0677324657241116
2016-05-31,-2.412658402567219
2016-06-01,-2.233591197344883
2016-06-02,-2.316351116524319
2016-06-03,-2.262865863103098
2016-06-04,-2.3398697709251413
2016-06-05,-2.729814742549707
2016-06-06,-2.281411057022409
2016-06-07,-2.076563210881732
2016-06-08,-2.050121068130733
2016-06-09,-2.201098510404283
2016-06-10,-2.1372630056228954
2016-06-11,-2.125297040594656
2016-06-12,-2.079280816612478
2016-06-13,-2.2574574518356623
2016-06-14,-2.4239947332030227
2016-06-15,-2.156496206834027
2016-06-16,-2.226718343710369
2016-06-17,-2.2757587120997615
2016-06-18,-2.264182221468644
2016-06-19,-2.634527278278057
2016-06-20,-2.3141378466619624
2016-06-21,-2.227872946582071
2016-06-22,-2.2421287997943895
2016-06-23,-1.9954664022391317
2016-06-24,-1.871601469543048
2016-06-25,-1.9913458629763348
2016-06-26,-1.8502921642688566
2016-06-27,-2.3697404730488025
2016-06-28,-2.6370245834010153
2016-06-29,-2.761442416792993
2016-06-30,-2.6461026587884753
2016-07-01,-2.6281261410971584
2016-07-02,-2.8162990201209976
2016-07-03,-2.6774714891969977
2016-07-04,-2.0946376180117
2016-07-05,-2.231800729386971
2016-07-06,-2.151364604382044
2016-07-07,-2.276651302908642
2016-07-08,-2.276179058850819
2016-07-09,-2.2722991476361925
2016-07-10,-2.558953675525964
2016-07-11,-2.0961807744025016
2016-07-12,-2.2719066957227168
2016-07-13,-2.2654026468184503
2016-07-14,-2.0579603176427264
2016-07-15,-2.643275990304648
2016-07-16,-2.422934723253459
2016-07-17,-3.0840413138455194
2016-07-18,-2.6942122417594176
2016-07-19,-2.627974063348283
2016-07-20,-2.567843334747979
2016-07-21,-2.713621626401851
2016-07-22,-2.4530603241131828
2016-07-23,-2.7738116363336864
2016-07-24,-2.8986047304742133
2016-07-25,-2.533864176035493
2016-07-26,-2.3712534273570927
2016-07-27,-2.4466806716168885
2016-07-28,-2.3594559138304074
2016-07-29,-2.325478452997061
2016-07-30,-2.7293477118590386
2016-07-31,-2.433965928736093
2016-08-01,-2.9203375170057173
2016-08-02,-2.834382354907446
2016-08-03,-3.0593110073973984
2016-08-04,-2.669045247333634
2016-08-05,-2.7329322893881045
2016-08-06,-2.9761042488653104
2016-08-07,-2.6335642767875345
2016-08-08,-2.299216644757881
2016-08-09,-2.0143630161904533
2016-08-10,-2.3813962362157977
2016-08-11,-3.0126677821154844
2016-08-12,-2.9491161707016693
2016-08-13,-2.7105663356059524
2016-08-14,-2.6894340625272957
2016-08-15,-2.5421211108176465
2016-08-16,-2.4408992965604077
2016-08-17,-2.7792758952299397
2016-08-18,-2.7402954733906455
2016-08-19,-2.73579997638055
2016-08-20,-2.39513291317816
2016-08-21,-2.648892966767902
2016-08-22,-2.308080495125259
2016-08-23,-2.5450636811989424
2016-08-24,-2.4730193003586027
2016-08-25,-2.3275885444535267
2016-08-26,-2.43208821963869
2016-08-27,-2.505371757826383
2016-08-28,-2.8208995015728444
2016-08-29,-2.3082543729148512
2016-08-30,-2.3671476238462446
2016-08-31,-2.3396455341451308
2016-09-01,-2.257843432974782
2016-09-02,-2.1607176139823085
2016-09-03,-1.9867319875303249
2016-09-04,-1.8182074154453678
2016-09-05,-1.7147253580812998
2016-09-06,-1.7659087034208383
2016-09-07,-2.1858166617507253
2016-09-08,-2.0333287750244473
2016-09-09,-2.105361083270816
2016-09-10,-2.178447943620394
2016-09-11,-2.2773276999636667
2016-09-12,-2.1224704755962223
2016-09-13,-2.379275517938883
2016-09-14,-2.24283777291365
2016-09-15,-2.270165414707461
2016-09-16,-2.16526060087717
2016-09-17,-2.7067539034452848
2016-09-18,-3.759289904245174
2016-09-19,-2.9051294357830044
2016-09-20,-2.8403262534311264
2016-09-21,-2.6822362430687794
2016-09-22,-2.4386950202670277
2016-09-23,-2.4018732395379283
2016-09-24,-2.8972056747771044
2016-09-25,-3.6306614900742855
2016-09-26,-3.354825527056518
2016-09-27,-2.501660239776514
2016-09-28,-3.0095862991672413
2016-09-29,-3.1447050001466286
2016-09-30,-3.0522092516747614
2016-10-01,-3.477941834868885
2016-10-02,-3.4083081912067823
2016-10-03,-3.0944032474410244
2016-10-04,-3.1228691365481094
2016-10-05,-2.468796660434076
2016-10-06,-2.560292145635441
2016-10-07,-2.7895349526547584
2016-10-08,-3.443184504167046
2016-10-09,-3.4669555517878488
2016-10-10,-2.600882613076937
2016-10-11,-2.754927076567447
2016-10-12,-2.9601830235535593
2016-10-13,-2.720429432042707
2016-10-14,-2.529372256565774
2016-10-15,-2.3732967824207765
2016-10-16,-2.769733299820254
2016-10-17,-3.1282204027969
2016-10-18,-2.6915737167509843
2016-10-19,-2.6407706367605113
2016-10-20,-2.8834855410542706
2016-10-21,-2.849843797953957
2016-10-22,-3.322369624540465
2016-10-23,-3.2085727282426815
2016-10-24,-2.6557076347085267
2016-10-25,-2.5832071876317575
2016-10-26,-2.466774601382953
2016-10-27,-2.8908861037411624
2016-10-28,-2.867995825592508
2016-10-29,-2.80380151181964
2016-10-30,-2.4804136062031557
2016-10-31,-2.129716429905365
2016-11-01,-2.669634332976928
2016-11-02,-2.6276963543239464
2016-11-03,-2.2649141631096326
2016-11-04,-2.53492805736486
2016-11-05,-2.7322799515220675
2016-11-06,-2.548103436448744
2016-11-07,-2.176070258485432
2016-11-08,-1.9816857783033148
2016-11-09,-0.9783463793426356
2016-11-10,-1.5558017891884026
2016-11-11,-1.8067999910532726
2016-11-12,-2.2002354913968536
2016-11-13,-2.065759485170535
2016-11-14,-1.9624996852036083
2016-11-15,-2.421464517072913
2016-11-16,-2.719314028946564
2016-11-17,-2.3604285858021377
2016-11-18,-2.0446591559488008
2016-11-19,-2.0805517023518654
2016-11-20,-1.7258067375355133
2016-11-21,-2.1037950585417082
2016-11-22,-2.3845202921619726
2016-11-23,-2.008571693430464
2016-11-24,-2.252148594860127
2016-11-25,-2.2376830455397387
2016-11-26,-2.0524071322252677
2016-11-27,-2.0637529728465904
2016-11-28,-2.253000214636142
2016-11-29,-1.9739561464315387
2016-11-30,-2.000370308795735
2016-12-01,-2.1509664733615987
2016-12-02,-2.2814422828493273
2016-12-03,-2.4024974368097087
2016-12-04,-2.561196110213021
2016-12-05,-2.664732206147584
2016-12-06,-2.54779853035716
2016-12-07,-2.5407312516448197
2016-12-08,-2.3632012607558783
2016-12-09,-2.4408854863409886
2016-12-10,-2.3650934244811506
2016-12-11,-2.6004794541031724
2016-12-12,-2.1924801357768677
2016-12-13,-2.33225660559918
2016-12-14,-2.6989156965231405
2016-12-15,-2.8064449274219814
2016-12-16,-2.573629693577589
2016-12-17,-2.697600194545332
2016-12-18,-2.880173897716793
2016-12-19,-3.1270220884026094
2016-12-20,-3.4757900073002914
2016-12-21,-2.956120743712324
2016-12-22,-2.616253630322653
2016-12-23,-2.2445865949661528
2016-12-24,-2.2404615460152817
2016-12-25,-2.548647394670807
2016-12-26,-2.655534561864393
2016-12-27,-2.4727758284671135
2016-12-28,-2.6308273729772145
2016-12-29,-3.002140820786031
2016-12-30,-3.2038916721519732
2016-12-31,-2.6539973024251426
2017-01-01,-2.8475570595357573
2017-01-02,-3.0336649353156258
2017-01-03,-2.8488058134044936
2017-01-04,-2.5677124345255664
2017-01-05,-2.4115164148650052
2017-01-06,-2.004006112644501
2017-01-07,-2.076509704531446
2017-01-08,-2.3573827548201782
2017-01-09,-2.3620021521326007
2017-01-10,-2.6990937868129263
2017-01-11,-2.7605153938432183
2017-01-12,-2.389809923111179
2017-01-13,-2.077148196022998
2017-01-14,-2.1812055871081095
2017-01-15,-2.2993886885503607
2017-01-16,-2.4400324398706865
2017-01-17,-2.3030397848630026
2017-01-18,-2.146935246643448
2017-01-19,-2.1629090625803467
2017-01-20,-2.0724343818256536
2017-01-21,-1.9728264256995347
2017-01-22,-1.8271563983076828
2017-01-23,-2.0999921718215564
2017-01-24,-2.218378007002806
2017-01-25,-2.2192913528994342
2017-01-26,-2.1795928255806993
2017-01-27,-2.3669742376827294
2017-01-28,-2.0477393801371937
2017-01-29,-2.2092680433708978
2017-01-30,-2.5420696162069016
2017-01-31,-2.693322706420395
2017-02-01,-2.5953662011739524
2017-02-02,-2.5270718549848987
2017-02-03,-2.859959416177776
2017-02-04,-2.8729730770876394
2017-02-05,-2.5997748414480557
2017-02-06,-2.3232448407547426
2017-02-07,-2.491244668066137
2017-02-08,-3.0494873417867003
2017-02-09,-2.702893879236316
2017-02-10,-2.435293310496651
2017-02-11,-2.3872182179293664
2017-02-12,-2.2603814672081186
2017-02-13,-2.3349573838002433
2017-02-14,-2.485435190037354
2017-02-15,-2.3969704031100623
2017-02-16,-2.189306214682184
2017-02-17,-2.2593211611550506
2017-02-18,-1.9620866795727936
2017-02-19,-2.3559987835311627
2017-02-20,-2.1536572080512255
2017-02-21,-1.7449046279701546
2017-02-22,-2.186833527881866
2017-02-23,-2.013513408179755
2017-02-24,-2.2986957173244016
2017-02-25,-2.344442658573152
2017-02-26,-2.9620038064420746
2017-02-27,-2.2606805782056907
2017-02-28,-2.3392124645440266
2017-03-01,-2.267041887777581
2017-03-02,-1.8341015186656735
2017-03-03,-1.9315375670953
2017-03-04,-2.1847733228592534
2017-03-05,-2.3219905025251912
2017-03-06,-2.412026789598284
2017-03-07,-2.2130164581562846
2017-03-08,-1.9677172455197969
2017-03-09,-2.041329106480754
2017-03-10,-2.154722722066132
2017-03-11,-2.245906725189442
2017-03-12,-2.4513334843976406
2017-03-13,-2.1760645674721024
2017-03-14,-2.1007706422200725
2017-03-15,-2.4456176690606903
2017-03-16,-2.251931211563872
2017-03-17,-2.203412367010263
2017-03-18,-2.0387999798407446
2017-03-19,-2.2392376890541303
2017-03-20,-2.241082005539481
2017-03-21,-2.171736746991224
2017-03-22,-2.174896800740913
2017-03-23,-2.7975620219119635
2017-03-24,-2.7234953776429522
2017-03-25,-2.7168158687989914
2017-03-26,-3.8587212241019184
2017-03-27,-3.1414566267872024
2017-03-28,-2.2104633472833988
2017-03-29,-2.1116974512388387
2017-03-30,-2.1869093823450885
2017-03-31,-2.228723506590259
2017-04-01,-2.4258039340869986
2017-04-02,-2.741183442802682
2017-04-03,-3.921604296429567
2017-04-04,-4.440368621646368
2017-04-05,-4.311250077306537
2017-04-06,-3.9680141090355527
2017-04-07,-4.46924525279343
2017-04-08,-4.240836816921499
2017-04-09,-4.069020789584492
2017-04-10,-3.5622442239538166
2017-04-11,-3.3790088166436885
2017-04-12,-3.135156077055005
2017-04-13,-3.299122939786992
2017-04-14,-2.7508493050691594
2017-04-15,-2.807999974704469
2017-04-16,-2.75864355685843
2017-04-17,-2.6413750244255407
2017-04-18,-2.633202578037945
2017-04-19,-2.6282983327695746
2017-04-20,-2.6817488817068975
2017-04-21,-2.6883615557316607
2017-04-22,-2.8528599565891066
2017-04-23,-2.748246721442858
2017-04-24,-2.5311428568078584
2017-04-25,-2.4495617368547054
2017-04-26,-2.6751457695348306
2017-04-27,-2.4602122086957063
2017-04-28,-2.270668826526724
2017-04-29,-2.72314928121345
2017-04-30,-2.487582707997093
2017-05-01,-2.528856554384125
2017-05-02,-2.5340031082331675
2017-05-03,-2.348766029048333
2017-05-04,-2.0912421979218987
2017-05-05,-1.9632330673705223
2017-05-06,-2.35980655531675
2017-05-07,-2.1569097907451824
2017-05-08,-2.053423886057892
2017-05-09,-2.0151740473541477
2017-05-10,-2.2145490888330532
2017-05-11,-2.2329372545305084
2017-05-12,-2.0915889414107305
2017-05-13,-2.4644831669866605
2017-05-14,-2.1948730106874685
2017-05-15,-2.401996104208785
2017-05-16,-2.3997981557264683
2017-05-17,-2.146844572346032
2017-05-18,-2.166379128854425
2017-05-19,-2.261480675952891
2017-05-20,-2.1527099935536715
2017-05-21,-2.338124763695227
2017-05-22,-2.054484636780126
2017-05-23,-2.2194906481763255
2017-05-24,-2.087976474207814
2017-05-25,-1.862004117141932
2017-05-26,-2.0919670955014693
2017-05-27,-1.8531412643329117
2017-05-28,-1.705276020360526
2017-05-29,-1.9860258408686013
2017-05-30,-2.149053433473579
2017-05-31,-1.9808727843247678
2017-06-01,-1.8376165249732994
2017-06-02,-1.7311884195720526
2017-06-03,-1.7338863394771473
2017-06-04,-2.4361935577987706
2017-06-05,-2.1253711814920258
2017-06-06,-2.0479829247255914
2017-06-07,-2.1817966790131265
2017-06-08,-2.1679263995119187
2017-06-09,-2.197481898852649
2017-06-10,-2.075730466037604
2017-06-11,-1.9943687671123405
2017-06-12,-3.0470293504712167
2017-06-13,-3.0072319578190307
2017-06-14,-2.4946042593531383
2017-06-15,-2.342410446956784
2017-06-16,-2.7497004123609443
2017-06-17,-2.7521742040182717
2017-06-18,-2.7477530121460507
2017-06-19,-2.4358603555587424
2017-06-20,-2.3267213957887365
2017-06-21,-2.178463799862322
2017-06-22,-2.38068070237841
2017-06-23,-2.4087531389563415
2017-06-24,-2.2120411817716255
2017-06-25,-2.359285088610277
2017-06-26,-2.1845897336326616
2017-06-27,-2.9197363819612607
2017-06-28,-2.6668210333911153
2017-06-29,-2.589059368224593
2017-06-30,-2.277209096057582
2017-07-01,-2.608312575080453
2017-07-02,-2.5090282171800564
2017-07-03,-2.018303607265089
2017-07-04,-1.7882647407724348
2017-07-05,-2.062200371544769
2017-07-06,-2.2671095875289837
2017-07-07,-2.3256864975356026
2017-07-08,-2.1371717368528333
2017-07-09,-2.1193373933020427
2017-07-10,-1.8054121204392275
2017-07-11,-2.177456986576976
2017-07-12,-2.182967460046998
2017-07-13,-2.2407444883744123
2017-07-14,-2.195132969595232
2017-07-15,-2.335932899592424
2017-07-16,-2.385977824158777
2017-07-17,-2.3885929334208473
2017-07-18,-2.2497242453645363
2017-07-19,-2.1079375380981724
2017-07-20,-2.2995190123110176
2017-07-21,-2.2041365290411776
2017-07-22,-2.2278111459108723
2017-07-23,-2.5373068347555527
2017-07-24,-2.140472260127478
2017-07-25,-2.2210330379084247
2017-07-26,-2.722044193274455
2017-07-27,-2.571160595825475
2017-07-28,-2.909388491677027
2017-07-29,-2.734089125923776
2017-07-30,-2.4857129309046764
2017-07-31,-2.5691862139802164
2017-08-01,-2.6857191532649693
2017-08-02,-2.7621137437710184
2017-08-03,-3.022410752653538
2017-08-04,-2.9010795451716818
2017-08-05,-2.6742695659130606
2017-08-06,-2.496428016403488
2017-08-07,-2.717992361435953
2017-08-08,-2.5882700774357716
2017-08-09,-2.264883472209616
2017-08-10,-2.464017649558841
2017-08-11,-2.547179987419287
2017-08-12,-2.337430365087735
2017-08-13,-2.6277746300756846
2017-08-14,-2.6221377203635705
2017-08-15,-2.500853883599356
2017-08-16,-2.4593689222276076
2017-08-17,-2.5739969183135925
2017-08-18,-2.886373960566732
2017-08-19,-2.823430643676812
2017-08-20,-2.7807119601106156
2017-08-21,-2.3008186204165693
2017-08-22,-2.0663069321783274
2017-08-23,-2.1967668576967174
2017-08-24,-2.140616283258893
2017-08-25,-2.397883548050697
2017-08-26,-2.44828962066549
2017-08-27,-2.2169320602485985
2017-08-28,-1.968443755690442
2017-08-29,-1.6475926568035746
2017-08-30,-2.3645542577655463
2017-08-31,-2.3370857419527806
2017-09-01,-2.0515142496077714
2017-09-02,-2.38459690326487
2017-09-03,-2.299091446022764
2017-09-04,-2.2624467452731314
2017-09-05,-2.3447757980808435
2017-09-06,-2.2314404495931752
2017-09-07,-1.9479014624684348
2017-09-08,-2.241651854136201
2017-09-09,-2.2623784770407345
2017-09-10,-2.1602041229611917
2017-09-11,-2.2697114968911007
2017-09-12,-2.1776182327249862
2017-09-13,-2.1297926842738715
2017-09-14,-2.206243574002006
2017-09-15,-2.2804360157236405
2017-09-16,-2.3387483650889616
2017-09-17,-2.278337784007896
2017-09-18,-2.143952146092904
2017-09-19,-2.295120545062148
2017-09-20,-2.2109520072137627
2017-09-21,-1.9634071287842667
2017-09-22,-2.2751562695289205
2017-09-23,-2.3835044805790604
2017-09-24,-2.2629425691571634
2017-09-25,-2.4479260516374532
2017-09-26,-2.28421024631201
2017-09-27,-2.3722229829055514
2017-09-28,-2.2059292406001507
2017-09-29,-2.3528972089111937
2017-09-30,-2.4720216348205777
2017-10-01,-2.4233998336915117
2017-10-02,-2.0980981521104756
2017-10-03,-2.0590889274221515
2017-10-04,-2.026551809568981
2017-10-05,-1.7667796291033553
2017-10-06,-1.8170359070858748
2017-10-07,-1.864806550209534
2017-10-08,-1.828077002544748
2017-10-09,-1.7403602509644822
2017-10-10,-2.0718718155445957
2017-10-11,-1.7825492858244045
2017-10-12,-1.7558213529284123
2017-10-13,-1.826977583850913
2017-10-14,-1.9905590720185062
2017-10-15,-1.8986345018355428
2017-10-16,-2.092964541122517
2017-10-17,-1.966739450073766
2017-10-18,-1.9402204951367297
2017-10-19,-1.9722771026457797
2017-10-20,-1.8673459457588153
2017-10-21,-2.081088576995716
2017-10-22,-2.1560585414252222
2017-10-23,-2.4187729572470533
2017-10-24,-2.3973634738658176
2017-10-25,-1.914199040869041
2017-10-26,-1.936206062640915
2017-10-27,-2.3889953410668183
2017-10-28,-2.34036914319827
2017-10-29,-2.4716667659722633
2017-10-30,-2.6666527327808707
2017-10-31,-2.745278125841502
2017-11-01,-2.262031577449551
2017-11-02,-2.203690712565081
2017-11-03,-2.511057795884532
2017-11-04,-2.1557226319052467
2017-11-05,-2.647499015717022
2017-11-06,-2.267316046066295
2017-11-07,-1.8843369140059814
2017-11-08,-1.9677935648143798
2017-11-09,-1.856991851379247
2017-11-10,-1.660784079315197
2017-11-11,-1.9215519618436718
2017-11-12,-2.1179233897441985
2017-11-13,-1.9986618494656807
2017-11-14,-1.9646226438029446
2017-11-15,-1.9191931132470825
2017-11-16,-2.1876010266643338
2017-11-17,-2.1352946024113066
2017-11-18,-2.367426117992278
2017-11-19,-2.0838851407153953
2017-11-20,-1.8410605155892896
2017-11-21,-1.7302400576184154
2017-11-22,-1.835647971346366
2017-11-23,-1.8934000638889814
2017-11-24,-2.0065687250191533
2017-11-25,-2.192203277359126
2017-11-26,-2.256010194159653
2017-11-27,-2.27218545907986
2017-11-28,-2.0007530441273036
2017-11-29,-1.8988469530197893
2017-11-30,-1.8899699214302628
2017-12-01,-2.7565753542803493
2017-12-02,-2.8059995424416835
2017-12-03,-2.681143775722368
2017-12-04,-2.5978699056814323
2017-12-05,-2.202293685041868
2017-12-06,-1.8092665538072448
2017-12-07,-1.9473492076230254
2017-12-08,-1.983591918747937
2017-12-09,-2.536753936179582
2017-12-10,-2.0425717402109154
2017-12-11,-1.7922409892908677
2017-12-12,-2.0636344088512497
2017-12-13,-1.899556061819138
2017-12-14,-1.9142631648393489
2017-12-15,-2.241704790122833
2017-12-16,-1.993999979995389
2017-12-17,-2.4984620366940904
2017-12-18,-2.303970314515297
2017-12-19,-1.8590188193019648
2017-12-20,-2.196586201695878
2017-12-21,-2.3016057341256584
2017-12-22,-2.112387377619758
2017-12-23,-2.099954421282855
2017-12-24,-1.987504534249583
2017-12-25,-2.34032550201471
2017-12-26,-2.3856302195103147
2017-12-27,-2.7917577522089525
2017-12-28,-3.056982279769431
2017-12-29,-2.847581415191087
2017-12-30,-2.686714119310803
2017-12-31,-2.3670000224742602
2018-01-01,-2.15405410944429
2018-01-02,-2.314988806341586
2018-01-03,-2.6233155747695664
2018-01-04,-3.218317650430228
2018-01-05,-2.7669880936764266
2018-01-06,-2.550092299374775
2018-01-07,-2.2218489453965447
2018-01-08,-2.5416464239158434
2018-01-09,-2.944734611982154
2018-01-10,-2.888418224038738
2018-01-11,-2.86659941318816
2018-01-12,-2.5497704777345276
2018-01-13,-2.3811772607839
2018-01-14,-2.2100192843087183
2018-01-15,-2.4663578528803063
2018-01-16,-2.4071475891380847
2018-01-17,-2.5342615341593704
2018-01-18,-2.497084343179502
2018-01-19,-2.486209632404383
2018-01-20,-2.406945375962438
2018-01-21,-2.327196284727258
2018-01-22,-2.1479404896076235
2018-01-23,-2.1682159199371136
2018-01-24,-2.4677260478661736
2018-01-25,-1.8895042457636173
2018-01-26,-2.4133974548097323
2018-01-27,-2.2652108026747073
2018-01-28,-3.070398902229159
2018-01-29,-2.4792562553391546
2018-01-30,-2.470269774013695
2018-01-31,-2.275811888497827
2018-02-01,-2.3275980754705183
2018-02-02,-2.4461860172763914
2018-02-03,-3.303487575402116
2018-02-04,-3.4261773224772507
2018-02-05,-2.844264979852819
2018-02-06,-2.577159595905032
2018-02-07,-1.8825850067663883
2018-02-08,-2.033416087190703
2018-02-09,-2.468224048653999
2018-02-10,-2.7598151937484436
2018-02-11,-3.2675562797876156
2018-02-12,-2.8996517980080627
2018-02-13,-2.8627147971678486
2018-02-14,-2.530846427834231
2018-02-15,-2.840455259223726
2018-02-16,-3.1984696933800194
2018-02-17,-3.4386124147818378
2018-02-18,-3.5669600858018318
2018-02-19,-2.965586289793188
2018-02-20,-2.863786350794445
2018-02-21,-2.832218140170349
2018-02-22,-2.9591415329685993
2018-02-23,-2.951893650042138
2018-02-24,-3.241402404424699
2018-02-25,-3.2112244041027047
2018-02-26,-2.969295831949294
2018-02-27,-3.049953845163344
2018-02-28,-2.8311851501705827
2018-03-01,-2.672651955963938
2018-03-02,-2.4973346902697977
2018-03-03,-2.5141283167176836
2018-03-04,-2.710224491384276
2018-03-05,-2.6392143050300145
2018-03-06,-2.9749058971289184
2018-03-07,-2.8364617163094645
2018-03-08,-2.5791053645365447
2018-03-09,-2.5232564241165627
2018-03-10,-2.6057357830639214
2018-03-11,-2.827692884681079
2018-03-12,-2.7909726962117913
2018-03-13,-3.2196260876924785
2018-03-14,-3.0996631963121404
2018-03-15,-3.483910499763384
2018-03-16,-3.406987218657149
2018-03-17,-3.585385542233754
2018-03-18,-2.935296059471864
2018-03-19,-2.411826229197677
2018-03-20,-2.570840985523015
2018-03-21,-2.554176940035645
2018-03-22,-2.697581344928487
2018-03-23,-2.5669176621206615
2018-03-24,-2.771514176945625
2018-03-25,-2.7321700981630905
2018-03-26,-3.0766001637103715
2018-03-27,-3.1441380733497093
2018-03-28,-2.818103510318369
2018-03-29,-2.863423924308721
2018-03-30,-2.88345359390038
2018-03-31,-3.1446327462326202
2018-04-01,-3.0360015107547578
2018-04-02,-2.385134831781095
2018-04-03,-2.418824856290579
2018-04-04,-2.635462068428002
2018-04-05,-2.5621201484136225
2018-04-06,-2.7418901119813603
2018-04-07,-2.9032269238014536
2018-04-08,-3.7577027966848924
2018-04-09,-3.9743971313355706
2018-04-10,-3.663746105642349
2018-04-11,-3.6348071787201626
2018-04-12,-3.3077085031850673
2018-04-13,-3.500603681407639
2018-04-14,-4.136807803878589
2018-04-15,-3.5395865582307837
2018-04-16,-3.3979751312903286
2018-04-17,-3.1588960543442237
2018-04-18,-2.8047247152751473
2018-04-19,-2.4943545563031493
2018-04-20,-2.3930715464115395
2018-04-21,-2.8211194811807
2018-04-22,-2.810911954395554
2018-04-23,-2.466189226401535
2018-04-24,-2.1299894934920975
2018-04-25,-2.2033576827879138
2018-04-26,-2.1006079788922274
2018-04-27,-1.9300262958462067
2018-04-28,-1.852012520309484
2018-04-29,-2.140249553642709
2018-04-30,-2.1913358019469484
2018-05-01,-2.364848000971827
2018-05-02,-2.5808476364631012
2018-05-03,-2.501272697607805
2018-05-04,-2.2739049361619843
2018-05-05,-3.08631348150122
2018-05-06,-2.9087645916111335
2018-05-07,-1.999048568207524
2018-05-08,-1.6861033413464055
2018-05-09,-1.4336667968643177
2018-05-10,-2.160178218291201
2018-05-11,-1.9198627325306232
2018-05-12,-2.0283210052216205
2018-05-13,-2.067025041935705
2018-05-14,-1.8464209788630173
2018-05-15,-2.232004664090829
2018-05-16,-2.4290055372836172
2018-05-17,-2.193890596273864
2018-05-18,-2.156777987328859
2018-05-19,-2.0010590679525304
2018-05-20,-1.948912575687846
2018-05-21,-1.8039319386078103
2018-05-22,-1.6941647356103513
2018-05-23,-1.9890224223684445
2018-05-24,-1.9859682859806032
2018-05-25,-2.0814302029778595
2018-05-26,-1.8326892067237293
2018-05-27,-2.8319520888907195
2018-05-28,-2.233072551841749
2018-05-29,-2.364673961106061
2018-05-30,-3.4912225400590784
2018-05-31,-2.4129418453961837
2018-06-01,-1.8883525318434624
2018-06-02,-1.9309429713847466
2018-06-03,-1.9469307987511755
2018-06-04,-1.9730686050776989
2018-06-05,-2.025578908102246
2018-06-06,-1.6728000913646603
2018-06-07,-1.7815209133240273
2018-06-08,-1.8880511828465762
2018-06-09,-1.759216060906416
2018-06-10,-1.536634824989531
2018-06-11,-1.717575860717864
2018-06-12,-1.4491073916473765
2018-06-13,-1.6787817476697287
2018-06-14,-1.6466362750618568
2018-06-15,-2.0724659473334515
2018-06-16,-1.9221290092353256
2018-06-17,-1.5734489399241969
2018-06-18,-1.7863501617608615
2018-06-19,-1.9166193666135884
2018-06-20,-1.975724105059894
2018-06-21,-1.892200342741798
2018-06-22,-1.8087153014607595
2018-06-23,-1.9473195408649817
2018-06-24,-2.102303485275623
2018-06-25,-2.0078525666613003
2018-06-26,-1.9983804220377295
2018-06-27,-1.99593712222684
2018-06-28,-2.0079266230541437
2018-06-29,-2.133952718185454
2018-06-30,-2.0544218773884433
2018-07-01,-2.283739041051205
2018-07-02,-1.976877559311613
2018-07-03,-1.8365562007140583
2018-07-04,-2.4545163920932462
2018-07-05,-2.747890586969317
2018-07-06,-2.387111807570878
2018-07-07,-2.1065325562173842
2018-07-08,-2.344409204473263
2018-07-09,-2.5673446964763085
2018-07-10,-1.9391747762322495
2018-07-11,-1.6887284496715158
2018-07-12,-1.4693645468543848
2018-07-13,-2.4456996507619704
2018-07-14,-2.5023789265259775
2018-07-15,-2.265668181620147
2018-07-16,-2.398159567194578
2018-07-17,-2.4780794422778682
2018-07-18,-2.505270093067253
2018-07-19,-2.619302103802521
2018-07-20,-2.0746896605083767
2018-07-21,-2.370117481335931
2018-07-22,-2.3625112080961284
2018-07-23,-2.5859996242780765
2018-07-24,-2.376330332294876
2018-07-25,-2.3957502370651986
2018-07-26,-2.308358163059251
2018-07-27,-2.0469886743580203
2018-07-28,-2.0199716400371384
2018-07-29,-2.1140340938234257
2018-07-30,-2.5544817056822744
2018-07-31,-2.8297965709769795
2018-08-01,-2.908617265124783
2018-08-02,-2.7944702621900386
2018-08-03,-2.7524606873969115
2018-08-04,-2.623904146866358
2018-08-05,-2.6455189841310105
2018-08-06,-2.831270224263867
2018-08-07,-2.834014460545193
2018-08-08,-2.7190666136924024
2018-08-09,-3.173264144724077
2018-08-10,-2.8161266568323216
2018-08-11,-2.855809871287666
2018-08-12,-2.5104239144154783
2018-08-13,-2.5643977433416283
2018-08-14,-2.557407792446035
2018-08-15,-2.202341868382702
2018-08-16,-2.521423685679256
2018-08-17,-2.4007584967611173
2018-08-18,-2.047859876365035
2018-08-19,-2.204294325833853
2018-08-20,-2.4200921382488954
2018-08-21,-3.1053477412927166
2018-08-22,-3.241119230793703
2018-08-23,-2.7089430967687647
2018-08-24,-2.4567558084455463
2018-08-25,-2.685360667862282
2018-08-26,-2.586011473779038
2018-08-27,-2.413827987832601
2018-08-28,-2.308845421342749
2018-08-29,-2.3701425455187133
2018-08-30,-2.460437001855346
2018-08-31,-3.0929846829220144
2018-09-01,-3.489509339706771
2018-09-02,-2.7830011868102464
2018-09-03,-2.496317901127511
2018-09-04,-3.0470221033461526
2018-09-05,-3.6040095864073187
2018-09-06,-3.0069951968638464
2018-09-07,-3.0334146728707028
2018-09-08,-3.1967321878834647
2018-09-09,-3.0229523764211597
2018-09-10,-2.471388336532933
2018-09-11,-2.522564814268608
2018-09-12,-2.37461646610101
2018-09-13,-2.4938850873698852
2018-09-14,-2.8752077549470467
2018-09-15,-2.936592666211204
2018-09-16,-2.756650191817365
2018-09-17,-2.636299807695644
2018-09-18,-2.9948688267315373
2018-09-19,-2.4565315285635294
2018-09-20,-2.464585883959061
2018-09-21,-2.4803498815553047
2018-09-22,-2.6666792371930588
2018-09-23,-2.859050073034015
2018-09-24,-2.554601428178474
2018-09-25,-2.335365564004928
2018-09-26,-2.1136784391714167
2018-09-27,-2.0162822522263517
2018-09-28,-1.9379226219776164
2018-09-29,-2.2559106500951227
2018-09-30,-2.069328783985622
2018-10-01,-2.116943443513241
2018-10-02,-1.9593343213167116
2018-10-03,-2.0433936468683433
2018-10-04,-2.477898376448814
2018-10-05,-2.225409350837579
2018-10-06,-1.9828017544231986
2018-10-07,-2.0985848942092162
2018-10-08,-2.12955206322482
2018-10-09,-2.253191152461752
2018-10-10,-2.1760109497379116
2018-10-11,-1.9992475096438418
2018-10-12,-1.8587555276354653
2018-10-13,-1.8734395894774283
2018-10-14,-2.2260731134150205
2018-10-15,-1.9491898698066468
2018-10-16,-1.7953200094044655
2018-10-17,-2.9942500247509107
2018-10-18,-2.653573375872481
2018-10-19,-2.3884254394665034
2018-10-20,-2.666691929104012
2018-10-21,-2.379280540619424
2018-10-22,-2.2297787636457618
2018-10-23,-1.9702525828811428
2018-10-24,-1.7814559955714417
2018-10-25,-2.1513006742560585
2018-10-26,-2.1589776959898264
2018-10-27,-2.3566019608086792
2018-10-28,-2.257990402256897
2018-10-29,-2.0137355723266306
2018-10-30,-1.964231794442371
2018-10-31,-1.942560662182938
2018-11-01,-2.104845939521155
2018-11-02,-1.9387223858683578
2018-11-03,-1.889726259403873
2018-11-04,-1.5326197250252938
2018-11-05,-1.9251083993179272
2018-11-06,-2.343071150119159
2018-11-07,-2.203646684803005
2018-11-08,-2.1519804881076037
2018-11-09,-2.043663015311282
2018-11-10,-2.062901162586958
2018-11-11,-2.0421888800723433
2018-11-12,-1.8481004541263286
2018-11-13,-1.8979573901821096
2018-11-14,-1.6982350196201228
2018-11-15,-2.1572024256349005
2018-11-16,-2.2344170337675613
2018-11-17,-2.4152716495767073
2018-11-18,-2.1963842607113584
2018-11-19,-2.2489270954807736
2018-11-20,-2.3170412155366185
2018-11-21,-2.1202082145964014
2018-11-22,-2.0434986373580837
2018-11-23,-2.3139653492986962
2018-11-24,-2.625718917776319
2018-11-25,-3.813486000284233
2018-11-26,-3.653093030710337
2018-11-27,-3.3330447937459464
2018-11-28,-2.915944208720045
2018-11-29,-2.807134352048471
2018-11-30,-2.687868286146548
2018-12-01,-2.203367839058912
2018-12-02,-2.3588479199716064
2018-12-03,-2.1499755113322645
2018-12-04,-2.0931363126241584
2018-12-05,-2.3792121129180117
2018-12-06,-2.17190708071973
2018-12-07,-2.352063863752387
2018-12-08,-2.8308801313483714
2018-12-09,-2.6042432957297024
2018-12-10,-2.6243266032101453
2018-12-11,-2.471445094063195
2018-12-12,-2.7528005544040335
2018-12-13,-2.529354239063893
2018-12-14,-2.1772643685989217
2018-12-15,-2.1771998160768407
2018-12-16,-2.418790133461301
2018-12-17,-2.2267699131997203
2018-12-18,-2.5419690968269983
2018-12-19,-2.538376090474109
2018-12-20,-2.3232777937184244
2018-12-21,-2.2668571594735965
2018-12-22,-2.3031853990216407
2018-12-23,-2.1114946278332627
2018-12-24,-1.738934754095264
2018-12-25,-1.5792223663056464
2018-12-26,-2.0571721544207406
2018-12-27,-1.8837126534631494
2018-12-28,-1.9679500773192642
2018-12-29,-2.1250877061494804
2018-12-30,-2.1717284241942827
2018-12-31,-2.9958661501855453
2019-01-01,-2.7759679004596713
2019-01-02,-2.6969093879839288
2019-01-03,-3.123370728716111
2019-01-04,-2.880313713252739
2019-01-05,-2.738740197965861
2019-01-06,-2.140367577745018
2019-01-07,-1.5841821200642603
2019-01-08,-2.879439760641686
2019-01-09,-2.483772313980295
2019-01-10,-2.382026724211488
2019-01-11,-2.540518436792941
2019-01-12,-2.561213073317673
2019-01-13,-2.5516288209340985
2019-01-14,-2.2899919945530636
2019-01-15,-2.359329829645578
2019-01-16,-2.210318566436502
2019-01-17,-1.9181328310164376
2019-01-18,-2.1226790983353534
2019-01-19,-2.687678600543234
2019-01-20,-2.2263139439809945
2019-01-21,-2.312437859361251
2019-01-22,-2.3872313150034037
2019-01-23,-2.1652779250872345
2019-01-24,-2.475899730744663
2019-01-25,-2.6116948319013766
2019-01-26,-2.3417727869462897
2019-01-27,-2.685383024115761
2019-01-28,-2.4319081863305545
2019-01-29,-2.559430955721792
2019-01-30,-2.5193133524242386
2019-01-31,-2.4927319693525476
2019-02-01,-2.580399973640591
2019-02-02,-2.5978144748094687
2019-02-03,-2.4957354951615276
2019-02-04,-2.3075294201696672
2019-02-05,-2.1888181830671054
2019-02-06,-2.109638564216179
2019-02-07,-2.1710631845138018
2019-02-08,-1.9417387277220568
2019-02-09,-2.0412350790427443
2019-02-10,-2.3423377726963723
2019-02-11,-2.2380704006910492
2019-02-12,-2.2130580427165234
2019-02-13,-2.163906098331583
2019-02-14,-2.156219606026425
2019-02-15,-2.3482211598621743
2019-02-16,-2.602502987154597
2019-02-17,-2.4171187613042604
2019-02-18,-2.4224995227759094
2019-02-19,-2.2774392408141453
2019-02-20,-2.308743209108012
2019-02-21,-2.3116674419526055
2019-02-22,-2.0297733880286986
2019-02-23,-1.9377263029629936
2019-02-24,-2.566935157482571
2019-02-25,-2.150389617046429
2019-02-26,-2.3665648089643025
2019-02-27,-2.7825562717590016
2019-02-28,-2.5851770125047904
2019-03-01,-2.2160165205248137
2019-03-02,-2.4073491405771055
2019-03-03,-2.552178485954402
2019-03-04,-2.10156297038297
2019-03-05,-2.256883390446432
2019-03-06,-2.1015677448253944
2019-03-07,-2.252115998846226
2019-03-08,-2.8545528324956213
2019-03-09,-2.5372099911335044
2019-03-10,-2.500811369201964
2019-03-11,-2.3969944356681636
2019-03-12,-2.208059461406605
2019-03-13,-2.8054339845749814
2019-03-14,-2.5380853903681215
2019-03-15,-2.552524090697394
2019-03-16,-2.7597816781069597
2019-03-17,-2.379558954428279
2019-03-18,-2.2361588778432906
2019-03-19,-2.166686011603376
2019-03-20,-2.170718093596927
2019-03-21,-1.9035980388524245
2019-03-22,-2.540056706867329
2019-03-23,-2.4253782185391954
2019-03-24,-2.4137173218376953
2019-03-25,-2.2639050549249866
2019-03-26,-2.3905184234945307
2019-03-27,-2.4618245075801655
2019-03-28,-2.211288125311032
2019-03-29,-2.202224371814456
2019-03-30,-2.1786870030830725
2019-03-31,-2.029162719245167
2019-04-01,-1.7109651183414383
2019-04-02,-2.0298660502876547
2019-04-03,-1.8100039420133425
2019-04-04,-1.816736675624113
2019-04-05,-1.6806739130771182
2019-04-06,-1.9623045592840436
2019-04-07,-2.3656610744581386
2019-04-08,-2.056096423743468
2019-04-09,-2.114368480291103
2019-04-10,-2.193987970585108
2019-04-11,-2.5860676674172574
2019-04-12,-2.3260406649451726
2019-04-13,-2.514990052910307
2019-04-14,-2.3177717280865906
2019-04-15,-1.9305940401324622
2019-04-16,-1.9530643762408446
2019-04-17,-1.9246728888388704
2019-04-18,-1.9971610633085028
2019-04-19,-1.9547976837911394
2019-04-20,-2.3748418205548525
2019-04-21,-2.479283893015252
2019-04-22,-1.7985508229849416
2019-04-23,-1.8298102803777374
2019-04-24,-1.5402893075221722
2019-04-25,-1.3952817618493625
2019-04-26,-1.838337598609314
2019-04-27,-2.1994977025271254
2019-04-28,-1.8215842746377329
2019-04-29,-1.6882182599904816
2019-04-30,-1.6106104712828389
2019-05-01,-2.356762682271233
2019-05-02,-2.7703694024647363
2019-05-03,-2.2223764108341464
2019-05-04,-2.2618523692041346
2019-05-05,-2.7062845878546384
2019-05-06,-2.8917253367033533
2019-05-07,-2.5520967874293743
2019-05-08,-2.1103065572881428
2019-05-09,-1.7072704747434564
2019-05-10,-2.3304682001134562
2019-05-11,-2.4639292263016412
2019-05-12,-2.443417513306255
2019-05-13,-2.152442531095764
2019-05-14,-2.273577588777834
2019-05-15,-2.096343617034416
2019-05-16,-2.2462234940652572
2019-05-17,-2.1998162733706397
2019-05-18,-2.118473657197793
2019-05-19,-1.9842519864910497
2019-05-20,-2.1066015420957447
2019-05-21,-2.1632369132060463
2019-05-22,-2.2475947123484925
2019-05-23,-1.9258651559935462
2019-05-24,-2.1876479583249147
2019-05-25,-2.3443156985801403
2019-05-26,-2.239876927262972
2019-05-27,-1.8960104432168254
2019-05-28,-2.0706149312171154
2019-05-29,-2.0409745073745618
2019-05-30,-1.9945999969785326
2019-05-31,-2.0179688305926313
2019-06-01,-2.327123921047053
2019-06-02,-2.2799607415058456
2019-06-03,-2.1740521120450036
2019-06-04,-2.0889713687341485
2019-06-05,-1.5401611158657775
2019-06-06,-1.4419226341205418
2019-06-07,-1.9594664765274585
2019-06-08,-2.1522476375990243
2019-06-09,-2.053577749282609
2019-06-10,-2.0501055727501543
2019-06-11,-2.035380166895387
2019-06-12,-1.9470823509937727
2019-06-13,-2.1924626224208406
2019-06-14,-2.1105365794961246
2019-06-15,-1.9249108942127413
2019-06-16,-2.155804141373289
2019-06-17,-1.9692514601053932
2019-06-18,-2.1531647768752324
2019-06-19,-2.878213208941602
2019-06-20,-2.8678709482835374
2019-06-21,-2.9650528851577147
2019-06-22,-2.933931083670503
2019-06-23,-2.493105388990867
2019-06-24,-2.1655079645964426
2019-06-25,-1.9635632134846277
2019-06-26,-2.039447104444859
2019-06-27,-2.3151960523483326
2019-06-28,-1.9700299821954734
2019-06-29,-1.8387569257087135
2019-06-30,-1.791952412453846
2019-07-01,-2.140676854572293
2019-07-02,-2.221606878377785
2019-07-03,-1.93935372762922
2019-07-04,-1.7225131628307562
2019-07-05,-1.873439165647957
2019-07-06,-2.3357689483283908
2019-07-07,-2.2790105300290397
2019-07-08,-2.065324771755978
2019-07-09,-2.1428890870224397
2019-07-10,-2.024390947263116
2019-07-11,-2.0227712758117216
2019-07-12,-2.348600250553035
2019-07-13,-2.3761251821861182
2019-07-14,-2.4198329331389683
2019-07-15,-2.4419075479871686
2019-07-16,-2.180382514786788
2019-07-17,-2.2396955604406585
2019-07-18,-1.8478710178664874
2019-07-19,-2.21814473033809
2019-07-20,-1.9836203811888764
2019-07-21,-1.8871018710587621
2019-07-22,-2.353851548205529
2019-07-23,-2.831310800602304
2019-07-24,-2.5095689233418317
2019-07-25,-2.687608920440394
2019-07-26,-2.5263748802358914
2019-07-27,-3.080189468531174
2019-07-28,-2.978586278430734
2019-07-29,-2.901021416659759
2019-07-30,-2.896501818268785
2019-07-31,-2.6557211750283485
2019-08-01,-2.5915473129785584
2019-08-02,-2.826058515233108
2019-08-03,-3.3178371713165524
2019-08-04,-3.407833381177861
2019-08-05,-2.9847681661918313
2019-08-06,-2.829153867852925
2019-08-07,-2.7560986023588803
2019-08-08,-2.8067495002457985
2019-08-09,-2.4513090879192294
2019-08-10,-3.1222803291947
2019-08-11,-3.2095402900613714
2019-08-12,-2.4821269208261936
2019-08-13,-2.5878961387268653
2019-08-14,-2.3587464802388594
2019-08-15,-2.2369629602981864
2019-08-16,-2.1574011031119142
2019-08-17,-2.3460097298880838
2019-08-18,-2.3090137402477477
2019-08-19,-2.1318316510415505
2019-08-20,-2.3764863874295887
2019-08-21,-2.005595119154213
2019-08-22,-1.8663995664739803
2019-08-23,-2.467239838200011
2019-08-24,-1.9905659697385498
2019-08-25,-1.8530828493230527
2019-08-26,-1.8982943180899303
2019-08-27,-2.0443721724000095
2019-08-28,-2.219347980523295
2019-08-29,-1.9722490124452123
2019-08-30,-2.1304901143560837
2019-08-31,-2.404723443246776
2019-09-01,-2.6876301217399092
2019-09-02,-1.8963259915836854
2019-09-03,-2.342227357857796
2019-09-04,-1.7095338659798132
2019-09-05,-1.7446340573989214
2019-09-06,-2.0378659170111986
2019-09-07,-2.717331731650585
2019-09-08,-2.4840605733227434
2019-09-09,-1.8479143613750273
2019-09-10,-2.044144984494428
2019-09-11,-2.153294089864897
2019-09-12,-2.028672553383251
2019-09-13,-1.8843767256733346
2019-09-14,-1.7484189400356738
2019-09-15,-2.0876563324501856
2019-09-16,-2.2008501157104963
2019-09-17,-2.2697983274702103
2019-09-18,-2.048643534450414
2019-09-19,-2.006806375097245
2019-09-20,-2.183097636014721
2019-09-21,-2.26024290624729
2019-09-22,-2.3220553688166365
2019-09-23,-1.6529593967066132
2019-09-24,-2.0489346519881595
2019-09-25,-1.8949610226323315
2019-09-26,-1.9486320703432498
2019-09-27,-2.1576530143842554
2019-09-28,-2.085256328312823
2019-09-29,-2.3520648346980884
2019-09-30,-2.22996711475404
2019-10-01,-1.8593180372040439
2019-10-02,-1.7323857458426133
2019-10-03,-1.6590884072555978
2019-10-04,-1.687518476261884
2019-10-05,-1.667732068420072
2019-10-06,-1.77186353114375
2019-10-07,-1.8345452324138685
2019-10-08,-2.0414422314424017
2019-10-09,-2.1359216634785634
2019-10-10,-2.1910065305648336
2019-10-11,-2.2876283527381194
2019-10-12,-2.141203857509181
2019-10-13,-1.9098683258639577
2019-10-14,-1.879745466035361
2019-10-15,-1.8601103282155624
2019-10-16,-2.2359867414472916
2019-10-17,-2.2418718349768643
2019-10-18,-1.9218488568532128
2019-10-19,-1.687242680759937
2019-10-20,-1.7944626657340477
2019-10-21,-1.764502856444878
2019-10-22,-1.7613853279859777
2019-10-23,-1.4644330307602584
2019-10-24,-1.5314862349780958
2019-10-25,-1.6072627530514652
2019-10-26,-2.1372790610044654
2019-10-27,-2.2374802111890397
2019-10-28,-2.1454962206659447
2019-10-29,-1.873087066286925
2019-10-30,-1.774908738883222
2019-10-31,-1.8083688537779692
2019-11-01,-1.9630102515780241
2019-11-02,-2.1527467691823134
2019-11-03,-2.1487435540696183
2019-11-04,-1.8345850914411233
2019-11-05,-1.883332436100093
2019-11-06,-2.0162893996109856
2019-11-07,-1.9698544729784928
2019-11-08,-1.9702097122839557
2019-11-09,-2.0736350440770246
2019-11-10,-2.307376293917323
2019-11-11,-2.2792287673207348
2019-11-12,-2.2623898017693422
2019-11-13,-2.146556130947425
2019-11-14,-1.9884270802703263
2019-11-15,-2.1979443153293965
2019-11-16,-2.43642614507717
2019-11-17,-2.1663996037715783
2019-11-18,-2.1069720653316453
2019-11-19,-2.0975306221652987
2019-11-20,-1.878381467961602
2019-11-21,-1.8338243877473663
2019-11-22,-1.9872548752581243
2019-11-23,-1.8344275269117272
2019-11-24,-1.8321654951748505
2019-11-25,-1.7416463278149008
2019-11-26,-1.923187626883386
2019-11-27,-1.8136698627459682
2019-11-28,-1.7635129498435864
2019-11-29,-1.6690534752250885
2019-11-30,-2.1435624038223007
2019-12-01,-2.33883868452021
2019-12-02,-2.3221289309637907
2019-12-03,-2.121916947069366
2019-12-04,-2.346485943402283
2019-12-05,-2.1481040285538398
2019-12-06,-2.294409970390888
2019-12-07,-2.2933237907636985
2019-12-08,-2.11286028412523
2019-12-09,-1.7576628064628936
2019-12-10,-2.3125443388816507
2019-12-11,-2.3753481329467276
2019-12-12,-2.474964006756698
2019-12-13,-2.050051514143904
2019-12-14,-1.9280096361547228
2019-12-15,-2.032688021986027
2019-12-16,-1.985646139974365
2019-12-17,-2.2249568873301238
2019-12-18,-2.205400982895844
2019-12-19,-2.241595829097563
2019-12-20,-1.900557985421824
2019-12-21,-2.3950360492821408
2019-12-22,-2.291909560593319
2019-12-23,-2.225187027136595
2019-12-24,-2.1189535624747613
2019-12-25,-2.112494010990193
2019-12-26,-2.179129133325335
2019-12-27,-2.1360513871027083
2019-12-28,-2.3974115559643874
2019-12-29,-2.8460368289744973
2019-12-30,-2.508684146368353
2019-12-31,-1.693070703419384
2020-01-01,-2.105939765801164
2020-01-02,-2.913003161175814
2020-01-03,-2.2776172458287314
2020-01-04,-1.4367763776491143
2020-01-05,-2.756189525888337
2020-01-06,-2.6366905188464256
2020-01-07,-2.210616298154192
2020-01-08,-2.5012336311171843
2020-01-09,-2.735356102220138
2020-01-10,-2.8312836560057244
2020-01-11,-2.68893205846996
2020-01-12,-2.746898039704493
2020-01-13,-2.294008014622862
2020-01-14,-2.205253831300941
2020-01-15,-1.9987361017293583
2020-01-16,-1.8131835818594215
2020-01-17,-2.011337138775252
2020-01-18,-2.375818489983088
2020-01-19,-2.4870179836774224
2020-01-20,-2.0530214058079403
2020-01-21,-2.0305401740298197
2020-01-22,-2.0013969978031705
2020-01-23,-2.1232498074074084
2020-01-24,-2.2904408501435114
2020-01-25,-2.391506604551452
2020-01-26,-2.3571961867631073
2020-01-27,-2.364356054648076
2020-01-28,-2.324321435195913
2020-01-29,-2.2132321174817413
2020-01-30,-2.2983560607395024
2020-01-31,-2.34863323409967
2020-02-01,-2.246096087354207
2020-02-02,-2.2841885182991652
2020-02-03,-2.532166516147267
2020-02-04,-2.3737169834411
2020-02-05,-2.2704679898799345
2020-02-06,-2.22558059288917
2020-02-07,-2.189822668868468
2020-02-08,-2.3968516338726125
2020-02-09,-2.1102046392790954
2020-02-10,-2.3569632724100895
2020-02-11,-2.5820594261572096
2020-02-12,-2.85105410380089
2020-02-13,-2.6369158233839007
2020-02-14,-2.3305585569168055
2020-02-15,-2.6371299054417094
2020-02-16,-2.6462296386938737
2020-02-17,-2.646472839764741
2020-02-18,-2.8121197555709307
2020-02-19,-2.679456221952099
2020-02-20,-3.0012059126976696
2020-02-21,-2.8629861460110977
2020-02-22,-2.899812288295658
2020-02-23,-2.4314193452715274
2020-02-24,-2.6268470783768767
2020-02-25,-2.5822089308438207
2020-02-26,-2.380428966216753
2020-02-27,-2.75693810898323
2020-02-28,-3.314875389361465
2020-02-29,-3.354762784362513
2020-03-01,-3.1548291078367514
2020-03-02,-2.904009472159372
2020-03-03,-2.600523804449271
2020-03-04,-2.7329185586785014
2020-03-05,-2.706590963580773
2020-03-06,-2.4830086740192994
2020-03-07,-2.4902477951917956
2020-03-08,-2.6241419615888146
2020-03-09,-3.346282075120371
2020-03-10,-2.2640326857396964
2020-03-11,-2.1918036275363875
2020-03-12,-2.2067824801409612
2020-03-13,-2.2506308406046127
2020-03-14,-2.3412785127068263
2020-03-15,-2.6238752131454706
2020-03-16,-2.2585763469078737
2020-03-17,-2.622641726331003
2020-03-18,-2.5735196887921266
2020-03-19,-2.5391023728984163
2020-03-20,-2.4839156011005086
2020-03-21,-2.5812658226144585
2020-03-22,-2.8166800423137555
2020-03-23,-2.6632182264309665
2020-03-24,-2.565412152469452
2020-03-25,-2.400033953575597
2020-03-26,-2.4600881535008474
2020-03-27,-2.490879342214202
2020-03-28,-2.680449216144638
2020-03-29,-2.5748589777846975
2020-03-30,-2.927107326031795
2020-03-31,-2.6694384761586365
2020-04-01,-2.6845922254766226
2020-04-02,-2.4837447835954474
2020-04-03,-2.7216066748908614
2020-04-04,-2.6675512315768177
2020-04-05,-3.031461301067873
2020-04-06,-2.7667224445568825
2020-04-07,-2.438324638578144
2020-04-08,-2.422895671312227
2020-04-09,-2.445515946618061
2020-04-10,-2.49391060108812
2020-04-11,-2.6036146606650727
2020-04-12,-2.3351880363198743
2020-04-13,-2.4375743660091764
2020-04-14,-2.6534405462311454
2020-04-15,-2.2615042774571084
2020-04-16,-2.560159981658562
2020-04-17,-2.4839660706244304
2020-04-18,-2.2110796821996037
2020-04-19,-2.0593743765257746
2020-04-20,-2.616232598634034
2020-04-21,-2.433694279906048
2020-04-22,-2.3691429079694166
2020-04-23,-2.406060177772887
2020-04-24,-2.363831170951392
2020-04-25,-2.659688090397805
2020-04-26,-2.6815981723903457
2020-04-27,-2.32021284009873
2020-04-28,-2.3300458059004794
2020-04-29,-2.5518383417005976
2020-04-30,-2.5937500147081023
2020-05-01,-2.415971323204074
2020-05-02,-2.567017536415459
2020-05-03,-2.6998867111584253
2020-05-04,-2.417663477843696
2020-05-05,-2.391724459589323
2020-05-06,-2.22471986772346
2020-05-07,-2.3587455548256004
2020-05-08,-2.0666660670139345
2020-05-09,-1.392513798994118
2020-05-10,-2.5246368466672937
2020-05-11,-2.8345007734006007
2020-05-12,-2.824900402683166
2020-05-13,-2.6911437162343463
2020-05-14,-2.70288278978403
2020-05-15,-2.49256228343651
2020-05-16,-2.6362827858058586
2020-05-17,-2.379379891435356
2020-05-18,-2.505611011470625
2020-05-19,-2.43298591190042
2020-05-20,-2.2503323766956123
2020-05-21,-2.203380005661827
2020-05-22,-2.286476673054501
2020-05-23,-2.677422429475034
2020-05-24,-2.1259337960111546
2020-05-25,-2.55500028447346
2020-05-26,-2.2567292862280444
2020-05-27,-2.3414791315277848
2020-05-28,-2.650450413160727
2020-05-29,-2.700933637554947
2020-05-30,-2.6492633280328954
2020-05-31,-2.4705505663671112
2020-06-01,-2.1210218387731636
2020-06-02,-2.2344445369834935
2020-06-03,-2.2942582063802766
2020-06-04,-2.6660760139180115
2020-06-05,-2.603954422275252
2020-06-06,-2.53333057225595
2020-06-07,-2.744929358578902
2020-06-08,-2.49649586139131
2020-06-09,-2.5460312468845254
2020-06-10,-2.6758122808171554
2020-06-11,-2.383704926870807
2020-06-12,-1.816420145933323
2020-06-13,-2.5736822678722358
2020-06-14,-2.6600917946714118
2020-06-15,-3.217376746001728
2020-06-16,-2.7888405901211906
2020-06-17,-2.529974265034871
2020-06-18,-2.798607115433548
2020-06-19,-2.4353393420058476
2020-06-20,-2.463248055796275
2020-06-21,-2.2448345523140625
2020-06-22,-2.351769571084604
2020-06-23,-2.0778675592299694
2020-06-24,-1.6903045070145797
2020-06-25,-1.932311078119141
2020-06-26,-2.164157829037179
2020-06-27,-2.4370525421941522
2020-06-28,-2.6670793272486417
2020-06-29,-2.231163399294588
2020-06-30,-2.1108191955311266
2020-07-01,-2.022756583849993
2020-07-02,-1.7181591303333315
2020-07-03,-2.124547782135797
2020-07-04,-2.3336375218139773
2020-07-05,-2.778037698126187
2020-07-06,-2.8666624609483065
2020-07-07,-3.103341338298635
2020-07-08,-2.647620448417783
2020-07-09,-2.630967449106078
2020-07-10,-2.6110004065518737
2020-07-11,-3.161004427038352
2020-07-12,-3.0352382822585717
2020-07-13,-2.79796961531629
2020-07-14,-2.8694539761344995
2020-07-15,-2.535239622565267
2020-07-16,-2.8390426185750584
2020-07-17,-2.6336186314306262
2020-07-18,-2.640304329370789
2020-07-19,-2.68285203767618
2020-07-20,-2.468221564059247
2020-07-21,-2.545818669421585
2020-07-22,-2.570212742147739
2020-07-23,-2.327239738013271
2020-07-24,-2.3876082841435347
2020-07-25,-2.695624974643005
2020-07-26,-2.3517592215015015
2020-07-27,-2.550280380706211
2020-07-28,-2.3036587755650246
2020-07-29,-2.3968587788162345
2020-07-30,-2.988815227943569
2020-07-31,-2.7818621998396775
2020-08-01,-2.7926768487398452
2020-08-02,-2.263382380296379
2020-08-03,-2.4490775997720116
2020-08-04,-2.543747197045525
2020-08-05,-2.777297854174554
2020-08-06,-2.818200831710732
2020-08-07,-2.686553759284352
2020-08-08,-3.0422342490971865
2020-08-09,-2.919767491164616
2020-08-10,-2.7823552115762875
2020-08-11,-2.2301283152049605
2020-08-12,-2.022854783483862
2020-08-13,-2.2102388360478145
2020-08-14,-2.5023727360852135
2020-08-15,-2.5317224646029732
2020-08-16,-2.2609553409140046
2020-08-17,-2.601999899691006
2020-08-18,-2.644154308683002
2020-08-19,-2.5633625592671367
2020-08-20,-3.398904885113776
2020-08-21,-3.216082862085522
2020-08-22,-2.968789929136713
2020-08-23,-2.829707982480733
2020-08-24,-2.6261755648746434
2020-08-25,-2.8505123972747772
2020-08-26,-2.663038041272848
2020-08-27,-2.635228504735978
2020-08-28,-2.458493333362339
2020-08-29,-2.35220794543602
2020-08-30,-2.4143711544359534
2020-08-31,-2.4723650264321972
2020-09-01,-2.3912310070197154
2020-09-02,-3.1026266103477664
2020-09-03,-3.305435197356798
2020-09-04,-2.6415314845948106
2020-09-05,-2.444336400686227
2020-09-06,-3.019660748949995
2020-09-07,-2.780668587799203
2020-09-08,-2.713749588615116
2020-09-09,-2.5784824880014163
2020-09-10,-2.57416310348108
2020-09-11,-2.3951609450813223
2020-09-12,-2.276323560079773
2020-09-13,-2.7592950873777973
2020-09-14,-2.189560661350236
2020-09-15,-2.126394359557118
2020-09-16,-2.395932967289289
2020-09-17,-2.4531680007614667
2020-09-18,-2.456417828113977
2020-09-19,-2.459577753725452
2020-09-20,-2.749166045551469
2020-09-21,-2.2764650297504003
2020-09-22,-2.062088379135522
2020-09-23,-2.3899777588912263
2020-09-24,-2.3197208393098783
2020-09-25,-2.4076705254134314
2020-09-26,-2.4494556484529726
2020-09-27,-3.9211086377036124
2020-09-28,-3.282745765184451
2020-09-29,-3.001710730519265
2020-09-30,-3.2247864667395945
2020-10-01,-3.5493485300381358
2020-10-02,-3.0831581220842703
2020-10-03,-3.2925334406200757
2020-10-04,-3.2841729298855262
2020-10-05,-2.720014423661698
2020-10-06,-2.9990522095847116
2020-10-07,-3.063765898119358
2020-10-08,-2.9466001163571938
2020-10-09,-3.1127430918370713
2020-10-10,-3.4003267335986744
2020-10-11,-3.4874467350459013
2020-10-12,-2.7769533194494938
2020-10-13,-2.981670724945863
2020-10-14,-2.4440831773227543
2020-10-15,-3.173966475007376
2020-10-16,-2.9380405997465715
2020-10-17,-3.3526835448731567
2020-10-18,-3.5405705186609873
2020-10-19,-2.776376964631015
2020-10-20,-2.5300233237697736
2020-10-21,-2.3196311926804847
2020-10-22,-2.4264228170757636
2020-10-23,-2.9100752526839546
2020-10-24,-2.92449455746488
2020-10-25,-2.89667495852281
2020-10-26,-2.89543033679604
2020-10-27,-2.5556209874370217
2020-10-28,-2.5309678915632206
2020-10-29,-2.8672467455026114
2020-10-30,-2.9536226133792147
2020-10-31,-2.897444584842587
2020-11-01,-2.9735519049178682
2020-11-02,-2.268929343282864
2020-11-03,-2.6897633286652036
2020-11-04,-2.0072604958995437
2020-11-05,-2.2456361260904827
2020-11-06,-2.4934315280154697
2020-11-07,-2.2666058942100715
2020-11-08,-2.0839598543415043
2020-11-09,-1.9635151844980132
2020-11-10,-2.3134603829868916
2020-11-11,-1.8342810243352838
2020-11-12,-1.9590326020992581
2020-11-13,-2.311776121042716
2020-11-14,-1.7562037117089284
2020-11-15,-2.167564611364338
2020-11-16,-1.934265516687861
2020-11-17,-1.78773897950986
2020-11-18,-1.8875347846770782
2020-11-19,-2.1419111599847835
2020-11-20,-2.1587482862636556
2020-11-21,-2.0520522275138102
2020-11-22,-2.290206854546745
2020-11-23,-2.13122486618458
2020-11-24,-1.9116086540494783
2020-11-25,-2.0478631772601497
2020-11-26,-1.9462544891594613
2020-11-27,-1.874581541948644
2020-11-28,-2.584145557685973
2020-11-29,-2.0236425773394258
2020-11-30,-2.0013530094941863
2020-12-01,-1.757537149295826
2020-12-02,-1.8174438362407896
2020-12-03,-1.7988028717133844
2020-12-04,-2.120173843124534
2020-12-05,-2.1989890501323237
2020-12-06,-2.2947258287439496
2020-12-07,-2.091191709421126
2020-12-08,-1.937536479100374
2020-12-09,-2.050075416705216
2020-12-10,-1.760563109714322
2020-12-11,-1.9173108714661993
2020-12-12,-2.0929655007898624
2020-12-13,-2.403408479438399
2020-12-14,-2.3604031386224604
2020-12-15,-1.9553442190019434
2020-12-16,-1.97538349103028
2020-12-17,-1.9338833406400728
2020-12-18,-2.3426220040419663
2020-12-19,-2.5036914191211235
2020-12-20,-2.574044263462415
2020-12-21,-2.128020397959073
2020-12-22,-2.3509491636112725
2020-12-23,-2.3486289605441404
2020-12-24,-1.9819942196791749
2020-12-25,-2.217664970291394
2020-12-26,-2.299813331687304
2020-12-27,-2.110655899627033
2020-12-28,-2.2191495099366825
2020-12-29,-2.4130688132518183
2020-12-30,-2.198530145999886
2020-12-31,-1.5280063516786606
2021-01-01,-2.2222324301744725
2021-01-02,-1.8768020993486298
2021-01-03,-2.022755919107773
2021-01-04,-2.505735429248196
2021-01-05,-1.9439063780085943
2021-01-06,-1.8939011938065113
2021-01-07,-2.6622987717196365
2021-01-08,-2.403129751492733
2021-01-09,-2.4891002664349626
2021-01-10,-2.391385193874559
2021-01-11,-2.2803910726590466
2021-01-12,-2.276252593187351
2021-01-13,-2.4394118943504415
2021-01-14,-2.6182782287346935
2021-01-15,-1.990347113913567
2021-01-16,-2.362117670902363
2021-01-17,-3.5908829271872706
2021-01-18,-4.102024451938163
2021-01-19,-3.0513420364785335
2021-01-20,-2.405832338076368
2021-01-21,-2.398791689958516
2021-01-22,-2.6830781610512044
2021-01-23,-4.649702003976383
2021-01-24,-4.325761512337028
2021-01-25,-2.8175942296886807
2021-01-26,-2.392755771592748
2021-01-27,-2.432103444137936
2021-01-28,-2.842903255253116
2021-01-29,-2.388187448972602
2021-01-30,-2.6270694042997453
2021-01-31,-4.566028982229656
2021-02-01,-3.4773033189907268
2021-02-02,-3.278027315284824
2021-02-03,-3.2055441164588374
2021-02-04,-3.053650230285983
2021-02-05,-3.2061611264924954
2021-02-06,-2.987177920227492
2021-02-07,-2.8315741225757507
2021-02-08,-2.481551991953725
2021-02-09,-2.458170941165768
2021-02-10,-2.4551223368769683
2021-02-11,-2.4644658016334984
2021-02-12,-2.692554591359765
2021-02-13,-2.770653985687277
2021-02-14,-2.43030262149165
2021-02-15,-2.177876196642843
2021-02-16,-2.2769714141968893
2021-02-17,-2.2815142705768614
2021-02-18,-2.2837168227218596
2021-02-19,-1.985889128088011
2021-02-20,-2.650529853557893
2021-02-21,-2.5791599382299095
2021-02-22,-2.624746730507909
2021-02-23,-2.688101044617255
2021-02-24,-2.691270890222266
2021-02-25,-2.918622997848879
2021-02-26,-2.564622862873702
2021-02-27,-2.5279462875387466
2021-02-28,-2.710899226802676
2021-03-01,-2.664501890383913
2021-03-02,-2.6357214064570105
2021-03-03,-2.7555968912159163
2021-03-04,-2.3197035294203783
2021-03-05,-2.169905366766691
2021-03-06,-1.9644122878526338
2021-03-07,-1.8411297623885001
2021-03-08,-1.6905871083822344
2021-03-09,-2.090627798542697
2021-03-10,-2.1184727468863906
2021-03-11,-2.0822531313886414
2021-03-12,-2.103193342085748
2021-03-13,-2.4545965536390906
2021-03-14,-2.3158522766647427
2021-03-15,-2.0068290677911453
2021-03-16,-2.104369665221595
2021-03-17,-2.2068243300670822
2021-03-18,-2.098660089334002
2021-03-19,-2.080049540915435
2021-03-20,-2.1065387881057718
2021-03-21,-2.3080632854884118
2021-03-22,-2.4756825593078764
2021-03-23,-2.2216015383176377
2021-03-24,-2.124577846619771
2021-03-25,-2.0110721922589794
2021-03-26,-2.1147905232220277
2021-03-27,-2.259630880613107
2021-03-28,-2.4917718283590204
2021-03-29,-2.2985858939997055
2021-03-30,-2.3408976551418577
2021-03-31,-2.534952814714657
2021-04-01,-2.61308016018512
2021-04-02,-2.6904683025449225
2021-04-03,-2.501913668850866
2021-04-04,-2.285430593413396
2021-04-05,-2.390170791800921
2021-04-06,-2.609578274434718
2021-04-07,-2.2009067018194592
2021-04-08,-2.340582628321057
2021-04-09,-2.2940761148046542
2021-04-10,-2.4937897158708635
2021-04-11,-2.4213987045153025
2021-04-12,-2.2273612267669027
2021-04-13,-2.4360603311982922
2021-04-14,-2.140039398349083
2021-04-15,-2.65791882393852
2021-04-16,-2.6112317364500583
2021-04-17,-3.1064035076026726
2021-04-18,-3.8036986943182822
2021-04-19,-3.4443375862395373
2021-04-20,-2.770019076992187
2021-04-21,-2.8795780931039596
2021-04-22,-2.639557971178071
2021-04-23,-2.2700103751391447
2021-04-24,-2.4231377335105484
2021-04-25,-2.543412448195536
2021-04-26,-2.3665148421201034
2021-04-27,-1.8999067717573723
2021-04-28,-1.9011953239659505
2021-04-29,-2.5038340856798604
2021-04-30,-2.63051012996372
2021-05-01,-2.324408053337297
2021-05-02,-2.0111693599470533
2021-05-03,-2.0978016454905486
2021-05-04,-2.0283554269749615
2021-05-05,-1.9035386194796238
2021-05-06,-1.8134180268623084
2021-05-07,-1.7226048130992975
2021-05-08,-1.5783241293402412
2021-05-09,-0.655866635340417
2021-05-10,-2.0025655684138823
2021-05-11,-2.9132946275960783
2021-05-12,-2.8907055109264
2021-05-13,-2.444381260482852
2021-05-14,-2.445495723955198
2021-05-15,-2.298806667237158
2021-05-16,-2.247332667781937
2021-05-17,-2.295614591541117
2021-05-18,-1.9963518324404288
2021-05-19,-1.9196124464974398
2021-05-20,-1.6665147873462942
2021-05-21,-1.841546322658132
2021-05-22,-2.036668531948084
2021-05-23,-2.2500720257269284
2021-05-24,-2.43879927480529
2021-05-25,-2.4042350167372133
2021-05-26,-2.4036084460123552
2021-05-27,-2.088975813406883
2021-05-28,-2.159732436336612
2021-05-29,-2.387096206795957
2021-05-30,-2.154164617000271
2021-05-31,-1.7972216874926779
2021-06-01,-1.8547948534334118
2021-06-02,-1.8908964027461181
2021-06-03,-1.6550943982125663
2021-06-04,-1.5963589772279023
2021-06-05,-1.6664566265495622
2021-06-06,-1.7735804963529826
2021-06-07,-2.2755015744250167
2021-06-08,-1.9829684350172179
2021-06-09,-2.020276263541098
2021-06-10,-2.3546839643990904
2021-06-11,-1.6896170872872556
2021-06-12,-1.3832264975898483
2021-06-13,-1.6452564347674539
2021-06-14,-1.8701643491491
2021-06-15,-2.0045139773862757
2021-06-16,-1.7758459105979003
2021-06-17,-1.7434556229386295
2021-06-18,-1.771976535099395
2021-06-19,-1.7932629793126327
2021-06-20,-1.6951283929073486
2021-06-21,-2.0174236197908266
2021-06-22,-1.9871303368478648
2021-06-23,-2.611164005988949
2021-06-24,-2.2845637772920786
2021-06-25,-2.231464306665757
2021-06-26,-1.8963977192874284
2021-06-27,-2.2400120411459254
2021-06-28,-2.084706553653226
2021-06-29,-2.2177269891000564
2021-06-30,-2.216469538584288
2021-07-01,-1.9806663940751297
2021-07-02,-2.1293722173800083
2021-07-03,-2.377194391375347
2021-07-04,-2.278348600229964
2021-07-05,-1.8319607603208328
2021-07-06,-1.9969504310804882
2021-07-07,-2.2412590851621528
2021-07-08,-1.792112533708083
2021-07-09,-2.2304205203236203
2021-07-10,-2.3679968612670517
2021-07-11,-2.1290924106082305
2021-07-12,-1.8753888929843499
2021-07-13,-1.737363735926855
2021-07-14,-2.056368876913511
2021-07-15,-1.964506732896386
2021-07-16,-2.0832208814893174
2021-07-17,-2.411560722751174
2021-07-18,-2.6093991291226684
2021-07-19,-2.1122300619685386
2021-07-20,-1.8881943911894266
2021-07-21,-1.8817175898156993
2021-07-22,-2.0678641171453047
2021-07-23,-1.9715796105046453
2021-07-24,-1.9878832505638042
2021-07-25,-1.7521627572513627
2021-07-26,-1.9094268538926304
2021-07-27,-2.0044149015532144
2021-07-28,-2.1561266389394427
2021-07-29,-2.0215613492137265
2021-07-30,-1.9787719760778302
2021-07-31,-2.3170723278633267
2021-08-01,-2.1391370607290514
2021-08-02,-2.162734326517889
2021-08-03,-2.207998388285569
2021-08-04,-2.1103648702420963
2021-08-05,-2.1272463385904508
2021-08-06,-2.5116285955106292
2021-08-07,-2.50483701139246
2021-08-08,-2.6310494915166167
2021-08-09,-2.2345511677539376
2021-08-10,-2.429313219065991
2021-08-11,-2.459535964879434
2021-08-12,-2.390853491118142
2021-08-13,-2.429290611622951
2021-08-14,-2.5816397530453727
2021-08-15,-2.3473166228705296
2021-08-16,-2.336440118969326
2021-08-17,-2.0991928600447984
2021-08-18,-2.0854994559319118
2021-08-19,-1.9744631172060734
2021-08-20,-2.4656313714195353
2021-08-21,-2.2278568518959463
2021-08-22,-1.8858062501374475
2021-08-23,-1.7340939498071024
2021-08-24,-1.5518510733678466
2021-08-25,-1.7934567313650762
2021-08-26,-2.0582558893211327
2021-08-27,-2.336878974022354
2021-08-28,-1.9993702967966303
2021-08-29,-2.3377774327669054
2021-08-30,-1.8821740274452738
2021-08-31,-2.1271415613869666
2021-09-01,-1.3902676548453468
2021-09-02,-1.7825907586213396
2021-09-03,-1.715547575152629
2021-09-04,-2.044837764617925
2021-09-05,-2.019165307356758
2021-09-06,-2.3090385484242972
2021-09-07,-2.2153115157134144
2021-09-08,-2.0684353079984588
2021-09-09,-1.8003650555979207
2021-09-10,-1.8142858040917103
2021-09-11,-1.8573142242356742
2021-09-12,-1.8458507083120212
2021-09-13,-1.8699081095878691
2021-09-14,-2.048119731441133
2021-09-15,-1.9012525137393959
2021-09-16,-1.836546847683278
2021-09-17,-1.8851247710811903
2021-09-18,-1.9135077896449464
2021-09-19,-1.578496910663731
2021-09-20,-2.4019957714339566
2021-09-21,-2.586758717513062
2021-09-22,-2.2218818067188706
2021-09-23,-2.053531385494984
2021-09-24,-2.093978513617502
2021-09-25,-2.103756289406876
2021-09-26,-1.9847470240186644
2021-09-27,-1.9388526167001834
2021-09-28,-2.1375930854168828
2021-09-29,-2.2075713950462608
2021-09-30,-1.9147438188860997
2021-10-01,-1.914223405002891
2021-10-02,-1.7937042794531375
2021-10-03,-1.8634644012018438
2021-10-04,-1.7954685098239394
2021-10-05,-1.831484431839915
2021-10-06,-2.040355253196286
2021-10-07,-1.8641867072422873
2021-10-08,-1.667588675831476
2021-10-09,-1.839565959493564
2021-10-10,-2.1770380073225226
2021-10-11,-1.8544110859723244
2021-10-12,-1.6302511185002972
2021-10-13,-1.506071571341705
2021-10-14,-1.821608505903198
2021-10-15,-2.031427937509009
2021-10-16,-2.578258485868028
2021-10-17,-2.1410723459632077
2021-10-18,-1.8508913856528078
2021-10-19,-1.8984751613168989
2021-10-20,-1.8934057156638926
2021-10-21,-1.8867300311120094
2021-10-22,-1.9612819747850447
2021-10-23,-1.9740575110994762
2021-10-24,-1.7092395178533297
2021-10-25,-1.8177013665420443
2021-10-26,-1.9598138737895823
2021-10-27,-1.8111351657925545
2021-10-28,-1.9829081228582222
2021-10-29,-2.275590640808799
2021-10-30,-1.8997562069539606
2021-10-31,-2.045403121750554
2021-11-01,-1.8542709217962097
2021-11-02,-1.9994063061396603
2021-11-03,-2.1034707561634955
2021-11-04,-1.8370193477321586
2021-11-05,-2.258797907163404
2021-11-06,-2.244006953767746
2021-11-07,-2.1591735316415273
2021-11-08,-2.2991890912622743
2021-11-09,-2.665129458987934
2021-11-10,-2.8461639075068077
2021-11-11,-2.7882037362039642
2021-11-12,-2.9501922666645397
2021-11-13,-3.0630456497033514
2021-11-14,-2.658931466311074
2021-11-15,-2.8591688851427493
2021-11-16,-2.773383887140214
2021-11-17,-2.5173015330636765
2021-11-18,-2.250726453134425
2021-11-19,-2.307979012319999
2021-11-20,-2.2036316052704685
2021-11-21,-2.335821639578031
2021-11-22,-2.480587773341312
2021-11-23,-2.345256602623885
2021-11-24,-1.8860304547835225
2021-11-25,-2.172944592973692
2021-11-26,-2.15531310668196
2021-11-27,-2.241461856728641
2021-11-28,-2.0898483892743673
2021-11-29,-1.9712453355407165
2021-11-30,-2.1609097688945473
2021-12-01,-2.0565097733412476
2021-12-02,-2.21641404564128
2021-12-03,-2.1159017450133675
2021-12-04,-2.215929340131859
2021-12-05,-2.041438873948391
2021-12-06,-1.5403563115032675
2021-12-07,-2.051478599973823
2021-12-08,-1.9597725235229595
2021-12-09,-2.120652951771292
2021-12-10,-2.063191014863256
2021-12-11,-1.9780095532602997
2021-12-12,-2.3908189850900254
2021-12-13,-2.6359680485335124
2021-12-14,-2.4660423989736513
2021-12-15,-2.5359044225687115
2021-12-16,-2.3385464621881873
2021-12-17,-2.0674112254624486
2021-12-18,-1.982480510226849
2021-12-19,-2.2860368186692064
2021-12-20,-2.4128214466708116
2021-12-21,-2.0007635502287826
2021-12-22,-2.289022450906508
2021-12-23,-2.012626038808848
2021-12-24,-1.7967840575455372
2021-12-25,-1.9205504343989144
2021-12-26,-2.3480138618120314
2021-12-27,-2.046459349298253
2021-12-28,-2.1286717554367454
2021-12-29,-1.9680096524329496
2021-12-30,-1.5530480164407787
2021-12-31,-1.7503262166139586
2022-01-01,-1.9552645476674062
2022-01-02,-2.127431892038166
2022-01-03,-1.7336860986446063
2022-01-04,-2.178742532583602
2022-01-05,-2.697977789099867
2022-01-06,-2.88936471643249
2022-01-07,-2.716611085021201
2022-01-08,-2.995347978016092
2022-01-09,-2.6446257317667996
2022-01-10,-2.5079234354242153
2022-01-11,-2.154909069002644
2022-01-12,-2.1961820189232877
2022-01-13,-2.4283578176690077
2022-01-14,-2.4987018298131525
2022-01-15,-2.7976795973739135
2022-01-16,-2.9571014804665863
2022-01-17,-2.580743653552113
2022-01-18,-2.4455186022336988
2022-01-19,-2.357165034527714
2022-01-20,-2.4198759098040243
2022-01-21,-2.4091722606613155
2022-01-22,-2.342448422376179
2022-01-23,-2.69503091789829
2022-01-24,-2.672349050921517
2022-01-25,-2.542159511050985
2022-01-26,-2.5938693708711735
2022-01-27,-2.3532906995047354
2022-01-28,-2.528184688552641
2022-01-29,-2.7508457833443383
2022-01-30,-2.6148740366131737
2022-01-31,-2.7717387153765896
2022-02-01,-2.436581019518821
2022-02-02,-2.3744609123241194
2022-02-03,-2.2798568200432303
2022-02-04,-2.35693339522503
2022-02-05,-2.4391044309511707
2022-02-06,-2.513520706074207
2022-02-07,-2.15252475834428
2022-02-08,-2.1390025945840625
2022-02-09,-2.2111651008078947
2022-02-10,-2.321274967233688
2022-02-11,-2.506517651183483
2022-02-12,-2.868489262209423
2022-02-13,-3.0654479212581682
2022-02-14,-2.5120036346493038
2022-02-15,-2.5702451242183386
2022-02-16,-2.5365756120521805
2022-02-17,-2.972472266243565
2022-02-18,-3.454271553990088
2022-02-19,-3.6907561696202715
2022-02-20,-3.538082223045775
2022-02-21,-2.9756215934969763
2022-02-22,-2.804815999359688
2022-02-23,-2.945658315755475
2022-02-24,-3.814182215352239
2022-02-25,-3.5572538649457806
2022-02-26,-3.49562043955025
2022-02-27,-3.2704936417403743
2022-02-28,-3.1954282965386334
2022-03-01,-3.304503102279777
2022-03-02,-3.4296289680542986
2022-03-03,-3.3750468145252586
2022-03-04,-3.4923003795078165
2022-03-05,-3.400559826112112
2022-03-06,-3.5063752495267173
2022-03-07,-3.3524834042498455
2022-03-08,-3.322716674828442
2022-03-09,-3.2187363714968864
2022-03-10,-3.3175559654373994
2022-03-11,-3.3306343822344258
2022-03-12,-3.551417718586539
2022-03-13,-3.851433345576002
2022-03-14,-3.481772504840562
2022-03-15,-3.5289730796639334
2022-03-16,-3.076212443546517
2022-03-17,-3.419146369057421
2022-03-18,-3.219853046100041
2022-03-19,-3.2724407261609825
2022-03-20,-3.5328740421098486
2022-03-21,-3.5536074447472967
2022-03-22,-3.7832159537071464
2022-03-23,-3.4058389167109167
2022-03-24,-3.2201527763117177
2022-03-25,-3.1443124379175815
2022-03-26,-3.216448783614253
2022-03-27,-3.1549810384820214
2022-03-28,-2.9456313288775897
2022-03-29,-2.7220155286409833
2022-03-30,-2.8679198715884824
2022-03-31,-2.888595869257543
2022-04-01,-2.898993930863035
2022-04-02,-3.2702377809952603
2022-04-03,-3.909594009012769
2022-04-04,-4.285244971071973
2022-04-05,-4.111758941775906
2022-04-06,-3.837056984476301
2022-04-07,-3.601674030182319
2022-04-08,-3.725807047899437
2022-04-09,-3.7724081758718433
2022-04-10,-3.6056261394227516
2022-04-11,-3.4398994811962043
2022-04-12,-3.55777264974929
2022-04-13,-3.6807193413075345
2022-04-14,-3.386446151252423
2022-04-15,-3.6022249219291678
2022-04-16,-3.756935212339753
2022-04-17,-3.8277122041157763
2022-04-18,-3.4437516476766863
2022-04-19,-3.06199488646237
2022-04-20,-2.8097738985408234
2022-04-21,-2.8893061864888967
2022-04-22,-2.9299148493625777
2022-04-23,-3.046037470570078
2022-04-24,-2.93946681886424
2022-04-25,-2.66114093936037
2022-04-26,-3.0660692808293435
2022-04-27,-3.1593834039374884
2022-04-28,-3.24138188935945
2022-04-29,-2.940842916863469
2022-04-30,-3.258606253150492
2022-05-01,-3.176513814007619
2022-05-02,-3.4429808851968
2022-05-03,-3.2449121912800463
2022-05-04,-3.2206866964094036
2022-05-05,-2.882315706160449
2022-05-06,-2.7778832669979514
2022-05-07,-2.887645836502458
2022-05-08,-3.035116199090645
2022-05-09,-2.5430714741263216
2022-05-10,-2.7651495663913153
2022-05-11,-2.6697089893311627
2022-05-12,-2.8211609884520623
2022-05-13,-2.977433343952394
2022-05-14,-2.924510292525363
2022-05-15,-2.4789130648986353
2022-05-16,-2.5701706067742927
2022-05-17,-2.7633794940467418
2022-05-18,-3.1678828291053485
2022-05-19,-3.133810594243571
2022-05-20,-2.7773174119143733
2022-05-21,-3.0752756581315457
2022-05-22,-3.1525161487821616
2022-05-23,-3.4991422218636448
2022-05-24,-3.2570998702752982
2022-05-25,-2.92862202027734
2022-05-26,-3.0278693340990404
2022-05-27,-3.017552603241225
2022-05-28,-2.885734627966758
2022-05-29,-2.913757763112176
2022-05-30,-2.6781324319567816
2022-05-31,-2.9744660790477697
2022-06-01,-2.6364874627271018
2022-06-02,-2.5693653206124343
2022-06-03,-3.0237688033858943
2022-06-04,-3.2492208852486524
2022-06-05,-3.2320807103133045
2022-06-06,-2.7039781785228456
2022-06-07,-2.8245307735239304
2022-06-08,-2.695531223246196
2022-06-09,-3.100695949684601
2022-06-10,-2.887969198319262
2022-06-11,-2.991830241943144
2022-06-12,-2.577315427527736
2022-06-13,-3.097627666930343
2022-06-14,-3.0336051882071997
2022-06-15,-2.5205319048710177
2022-06-16,-2.2290509208756037
2022-06-17,-2.10669090373553
2022-06-18,-2.370875822088628
2022-06-19,-2.4695760482605507
2022-06-20,-2.8047891735863253
2022-06-21,-2.7691548172951808
2022-06-22,-2.751231420144014
2022-06-23,-2.622146972880983
2022-06-24,-2.6210201281824146
2022-06-25,-2.872853291779227
2022-06-26,-2.6846596683199833
2022-06-27,-2.7542793098200224
2022-06-28,-3.0082086611821373
2022-06-29,-2.511699536290056
2022-06-30,-2.437359259468245
2022-07-01,-2.5104488544894945
2022-07-02,-2.907350136352627
2022-07-03,-3.2328638135581964
2022-07-04,-2.4488693153058527
2022-07-05,-2.322255569746722
2022-07-06,-2.7886959080001765
2022-07-07,-2.7893687770659428
2022-07-08,-2.9849857152586026
2022-07-09,-2.98990885516139
2022-07-10,-3.1503363587548505
2022-07-11,-2.896371867827877
2022-07-12,-2.780719415971858
2022-07-13,-2.591248369860934
2022-07-14,-2.8049695946694158
2022-07-15,-3.2255451875593373
2022-07-16,-3.159927548592147
2022-07-17,-3.2973610801108992
2022-07-18,-3.056931647969475
2022-07-19,-2.657619034025974
2022-07-20,-2.3863854763966224
2022-07-21,-2.4933666609108207
2022-07-22,-2.087909734220269
2022-07-23,-2.208637135109359
2022-07-24,-2.703231720576218
2022-07-25,-2.670269034107029
2022-07-26,-2.463227242323029
2022-07-27,-2.5006108277818946
2022-07-28,-2.5554682871399867
2022-07-29,-3.3229618632153666
2022-07-30,-4.097112859665507
2022-07-31,-3.919821001545094
2022-08-01,-2.775866647673377
2022-08-02,-2.9471808321170556
2022-08-03,-2.8283041797742956
2022-08-04,-2.9659092878144624
2022-08-05,-2.6722213239833232
2022-08-06,-2.9475268049084153
2022-08-07,-3.255686834808724
2022-08-08,-2.9401789596049754
2022-08-09,-2.9746226100342326
2022-08-10,-3.185240489271975
2022-08-11,-3.135696179560333
2022-08-12,-2.9547628166380537
2022-08-13,-3.156795851635591
2022-08-14,-2.983149143919446
2022-08-15,-2.7458881948968226
2022-08-16,-3.1102191247839954
2022-08-17,-2.8407022101760324
2022-08-18,-2.8173398980711086
2022-08-19,-2.708406884612268
2022-08-20,-3.2550360971231176
2022-08-21,-3.4042350544579185
2022-08-22,-3.196671648381511
2022-08-23,-3.20455002469723
2022-08-24,-3.173605493188573
2022-08-25,-3.160918620349024
2022-08-26,-2.8057696789069295
2022-08-27,-2.7953454535736464
2022-08-28,-2.8001337326666107
2022-08-29,-2.7012969689543853
2022-08-30,-2.8358664991137337
2022-08-31,-2.262574298136759
2022-09-01,-2.450189982023099
2022-09-02,-2.506064827856505
2022-09-03,-2.6555387724223234
2022-09-04,-2.7874530160795215
2022-09-05,-2.8094610295175304
2022-09-06,-2.6473843897480425
2022-09-07,-2.3892662555743214
2022-09-08,-2.50714834939051
2022-09-09,-2.2128089223623153
2022-09-10,-2.3578310108541896
2022-09-11,-2.3814335662919768
2022-09-12,-2.620600607309786
2022-09-13,-2.7768352366040365
2022-09-14,-2.5346944299652874
2022-09-15,-2.373924153945819
2022-09-16,-2.677132819864307
2022-09-17,-3.023318878553464
2022-09-18,-3.481257784551453
2022-09-19,-2.8737807964315416
2022-09-20,-2.5729306454833503
2022-09-21,-3.0364339433506826
2022-09-22,-3.2937863747725196
2022-09-23,-3.101659751694576
2022-09-24,-3.3699786310700026
2022-09-25,-3.502989151786078
2022-09-26,-3.386502204525481
2022-09-27,-3.1338873411774064
2022-09-28,-2.78634001779266
2022-09-29,-2.8347160614329847
2022-09-30,-2.7145760575285367
2022-10-01,-2.8819289615317567
2022-10-02,-2.8991988164188496
2022-10-03,-2.5986846877945684
2022-10-04,-2.5502653470581294
2022-10-05,-2.499623477241946
2022-10-06,-2.739229958345502
2022-10-07,-2.3367883379771626
2022-10-08,-2.90789293207513
2022-10-09,-3.4965571059343175
2022-10-10,-3.995718469837709
2022-10-11,-3.4264787044202523
2022-10-12,-2.8789949695746553
2022-10-13,-2.5021422842524452
2022-10-14,-2.6276656197151786
2022-10-15,-3.0685168534788945
2022-10-16,-3.467611613421884
2022-10-17,-3.299919803425402
2022-10-18,-3.337849743780528
2022-10-19,-2.9331326256765053
2022-10-20,-3.155819356510371
2022-10-21,-2.91128782339989
2022-10-22,-3.281328621334947
2022-10-23,-3.843908184249395
2022-10-24,-3.6409938143141156
2022-10-25,-2.9110859181327946
2022-10-26,-2.995093977971866
2022-10-27,-3.086390801244077
2022-10-28,-2.680250755274412
2022-10-29,-3.344529934237384
2022-10-30,-3.3035758450638677
2022-10-31,-2.6799995552126346
2022-11-01,-2.613117639395961
2022-11-02,-2.48744717174714
2022-11-03,-2.4344935385631254
2022-11-04,-2.734757806775153
2022-11-05,-3.1040301766540654
2022-11-06,-3.243325625945378
2022-11-07,-2.9288717418743433
2022-11-08,-2.62580216899129
2022-11-09,-2.6735035529016318
2022-11-10,-2.641518959616863
2022-11-11,-2.760933487827029
2022-11-12,-2.40185078771697
2022-11-13,-2.579165460106501
2022-11-14,-2.662090337761662
2022-11-15,-3.0757804010176577
2022-11-16,-3.200388214630928
2022-11-17,-3.172271192966227
2022-11-18,-3.0681657704548995
2022-11-19,-3.1040420046335746
2022-11-20,-3.280652275024204
2022-11-21,-2.974250597872248
2022-11-22,-2.9440609905443327
2022-11-23,-3.113166873772446
2022-11-24,-3.055164899772071
2022-11-25,-2.5557580000324718
2022-11-26,-3.016043776649819
2022-11-27,-2.9934819852004857
2022-11-28,-2.581069200253732
2022-11-29,-2.459219462597223
2022-11-30,-2.342170393587926
2022-12-01,-2.461110873557648
2022-12-02,-2.5103396753360396
2022-12-03,-2.4521340483614296
2022-12-04,-2.636954219465152
2022-12-05,-2.840360512870189
2022-12-06,-2.8586795921659447
2022-12-07,-2.7546953308590796
2022-12-08,-2.719728701170164
2022-12-09,-2.713695190525423
2022-12-10,-2.961733352207674
2022-12-11,-2.6966397832084703
2022-12-12,-2.392655763634608
2022-12-13,-2.2320368698086255
2022-12-14,-2.463594502263288
2022-12-15,-2.567242834811686
2022-12-16,-2.7087982837739926
2022-12-17,-2.958047421200229
2022-12-18,-2.7812079605595716
2022-12-19,-2.529990859899261
2022-12-20,-2.287016727121532
2022-12-21,-1.757670762021292
2022-12-22,-1.8662541829218424
2022-12-23,-2.3596729145112034
2022-12-24,-2.7374346174946855
2022-12-25,-2.970744624792216
2022-12-26,-2.541944952339686
2022-12-27,-2.535070067261283
2022-12-28,-2.5469914441784587
2022-12-29,-2.5811364926713787
2022-12-30,-2.6677226151101765
2022-12-31,-2.6330108140900825
2023-01-01,-2.714787829625882
2023-01-02,-3.61771354392165
2023-01-03,-3.392657039212491
2023-01-04,-3.3888028078879655
2023-01-05,-2.980287007030432
2023-01-06,-2.9266352246685963
2023-01-07,-2.61261460350497
2023-01-08,-3.3715437609529473
2023-01-09,-3.5269166924199777
2023-01-10,-3.1001350847618805
2023-01-11,-2.7531966811854316
2023-01-12,-2.9277056283595275
2023-01-13,-2.825568737430573
2023-01-14,-3.2261573727857678
2023-01-15,-3.4661980092397204
2023-01-16,-3.230576851251813
2023-01-17,-3.0492556685165404
2023-01-18,-2.8396946678854103
2023-01-19,-2.826178162286069
2023-01-20,-2.6795731455644036
2023-01-21,-3.083081690512414
2023-01-22,-3.1492577953514727
2023-01-23,-2.5844719621075036
2023-01-24,-2.69636100200839
2023-01-25,-2.4675807403425942
2023-01-26,-2.8445719822858493
2023-01-27,-3.346653732740397
2023-01-28,-3.039859233564109
2023-01-29,-3.343189727512053
2023-01-30,-3.156133936771198
2023-01-31,-2.9587799473847025
2023-02-01,-2.8822317179713375
2023-02-02,-2.965032846667946
2023-02-03,-2.9505767582491758
2023-02-04,-3.0556061140548847
2023-02-05,-3.097781079145464
2023-02-06,-3.010681627837272
2023-02-07,-2.83359452624186
2023-02-08,-2.5131485214105327
2023-02-09,-2.5162447149559535
2023-02-10,-2.775801383977317
2023-02-11,-2.835489630537283
2023-02-12,-2.9197849057339966
2023-02-13,-3.1783452541679753
2023-02-14,-2.9114395387194416
2023-02-15,-2.94557603498566
2023-02-16,-2.9456730776425513
2023-02-17,-3.005030490788523
2023-02-18,-3.265170690836719
2023-02-19,-3.3120863520216957
2023-02-20,-2.781574154854503
2023-02-21,-2.8438058216980586
2023-02-22,-2.667877436926805
2023-02-23,-2.949785082824598
2023-02-24,-3.1242900526109416
2023-02-25,-3.2185839683247113
2023-02-26,-2.9252947223354444
2023-02-27,-2.6857130346739835
2023-02-28,-2.9502712744907873
2023-03-01,-3.0233746309549923
2023-03-02,-3.407892409712082
2023-03-03,-3.1317213673686064
2023-03-04,-3.3804085166080013
2023-03-05,-3.374918332330507
2023-03-06,-3.4406270917784667
2023-03-07,-3.495968797589349
2023-03-08,-3.0268482007301123
2023-03-09,-3.45017021245754
2023-03-10,-3.1188646488183114
2023-03-11,-3.141013048530589
2023-03-12,-3.437301467249352
2023-03-13,-3.297167593903848
2023-03-14,-3.4791503082522643
2023-03-15,-3.1558961181992617
2023-03-16,-3.0238253649059534
2023-03-17,-3.147797703428741
2023-03-18,-3.9285457668989983
2023-03-19,-3.3533140184960404
2023-03-20,-2.4974607450928588
2023-03-21,-2.564675774519222
2023-03-22,-2.4835103149546978
2023-03-23,-2.930829105896286
2023-03-24,-3.060455878687728
2023-03-25,-3.0490049852273895
2023-03-26,-3.3057943609880147
2023-03-27,-3.0721917815595856
2023-03-28,-2.8939785856844127
2023-03-29,-2.8312721435506187
2023-03-30,-3.361939744099719
2023-03-31,-3.2683204723466077
2023-04-01,-3.522787409134062
2023-04-02,-3.822139416935865
2023-04-03,-3.672661295607513
2023-04-04,-3.243412767780497
2023-04-05,-2.9842154241036174
2023-04-06,-2.8789558183927935
2023-04-07,-3.0952574935200112
2023-04-08,-3.8553183036873566
2023-04-09,-3.6349213054027896
2023-04-10,-3.450517511827454
2023-04-11,-3.4018857369628206
2023-04-12,-3.3433924432222732
2023-04-13,-3.3682090391017483
2023-04-14,-3.3235217029831707
2023-04-15,-3.583221231269864
2023-04-16,-2.987953725330998
2023-04-17,-3.278401597898097
2023-04-18,-2.8602203930595085
2023-04-19,-2.747008377092475
2023-04-20,-2.2820535018837997
2023-04-21,-2.470460626429727
2023-04-22,-2.937450957551515
2023-04-23,-2.8543307851226922
2023-04-24,-2.8003828936815207
2023-04-25,-2.740100993503494
2023-04-26,-2.8462176604195717
2023-04-27,-2.6842612107857655
2023-04-28,-2.867419683701382
2023-04-29,-3.10440683194877
2023-04-30,-3.18149280953198
2023-05-01,-3.045007418747753
2023-05-02,-2.864792218340428
2023-05-03,-3.481785495463472
2023-05-04,-3.7904483928673782
2023-05-05,-3.3599694682116303
2023-05-06,-3.783840901560032
2023-05-07,-3.613052742661894
2023-05-08,-3.0879136234442037
2023-05-09,-2.248976887531598
2023-05-10,-2.755916480409248
2023-05-11,-2.912861441726376
2023-05-12,-2.773454921084828
2023-05-13,-2.456388386235938
2023-05-14,-2.291517074105572
2023-05-15,-2.2645884401704754
2023-05-16,-2.6884029377351366
2023-05-17,-2.4166939339696847
2023-05-18,-2.4876485214456947
2023-05-19,-2.4678598058324295
2023-05-20,-2.640082794064715
2023-05-21,-2.6112814646650304
2023-05-22,-2.644634956336466
2023-05-23,-2.8576946009928386
2023-05-24,-2.8177844282408446
2023-05-25,-2.5511850274052845
2023-05-26,-2.5363327807263545
2023-05-27,-2.9033533436961654
2023-05-28,-2.9119823459940926
2023-05-29,-2.545950998655566
2023-05-30,-3.2466601613091925
2023-05-31,-2.9729988822254443
2023-06-01,-2.5902436755399574
2023-06-02,-2.7090506305618987
2023-06-03,-2.923691938585804
2023-06-04,-3.2955034765004356
2023-06-05,-3.1014691759101174
2023-06-06,-4.2088557136025075
2023-06-07,-3.6618749647354374
2023-06-08,-3.258972991582544
2023-06-09,-3.016587643301004
2023-06-10,-3.23215310686732
2023-06-11,-3.2752479577538196
2023-06-12,-2.4142865669643134
2023-06-13,-2.8684575132344823
2023-06-14,-2.671587679723194
2023-06-15,-2.474348085604229
2023-06-16,-2.0793685126445762
2023-06-17,-2.3071550926005555
2023-06-18,-2.695557582783667
2023-06-19,-3.1135345068885836
2023-06-20,-2.8956565475205465
2023-06-21,-2.531820464012743
2023-06-22,-2.843935932455236
2023-06-23,-3.191313143770022
2023-06-24,-4.213950519127754
2023-06-25,-3.8135007727189825
2023-06-26,-3.4642009517127637
2023-06-27,-3.3641891951637612
2023-06-28,-3.01677632510518
2023-06-29,-2.980352814574892
2023-06-30,-2.7523665078556374
2023-07-01,-2.7769866442844933
2023-07-02,-3.1571778605325655
2023-07-03,-3.024606494618
2023-07-04,-3.473706351121263
2023-07-05,-3.3079025463345624
2023-07-06,-3.11422447558951
2023-07-07,-2.708768119596545
2023-07-08,-2.6201640001679714
2023-07-09,-2.745385476546547
2023-07-10,-2.653176157656806
2023-07-11,-2.1579175932459225
2023-07-12,-2.0140824401469026
2023-07-13,-2.642602634336431
2023-07-14,-2.7658640720184513
2023-07-15,-2.85805440289231
2023-07-16,-2.8225974704074877
2023-07-17,-2.930010388911069
2023-07-18,-3.23398199170798
2023-07-19,-3.0099735484935
2023-07-20,-2.9293382506914436
2023-07-21,-3.1126779622141774
2023-07-22,-3.5940375260091795
2023-07-23,-3.628578679316416
2023-07-24,-3.5242243418447496
2023-07-25,-2.917907199851926
2023-07-26,-2.4968678999688683
2023-07-27,-2.1120591874475663
2023-07-28,-2.327982548370655
2023-07-29,-2.4094408214015384
2023-07-30,-3.146941248137425
2023-07-31,-3.1620800027165026
2023-08-01,-3.443997375059621
2023-08-02,-3.205769300406939
2023-08-03,-3.3000346114117045
2023-08-04,-3.9555942814020493
2023-08-05,-3.474961557920675
2023-08-06,-3.4279525829154363
2023-08-07,-3.038896124774421
2023-08-08,-3.226967088628147
2023-08-09,-3.0875308961508225
2023-08-10,-3.236927131444076
2023-08-11,-3.2452543849231135
2023-08-12,-3.6608028694949843
2023-08-13,-3.7303963989541846
2023-08-14,-2.9248896155713933
2023-08-15,-3.1001587431257738
2023-08-16,-2.9561693009001595
2023-08-17,-2.764723873588992
2023-08-18,-3.0960044207353596
2023-08-19,-3.3514075581565983
2023-08-20,-3.6095230329331054
2023-08-21,-2.622995964795204
2023-08-22,-2.6872980489906984
2023-08-23,-3.391247400988824
2023-08-24,-3.722162535775301
2023-08-25,-3.4989244998823317
2023-08-26,-3.7687159641187047
2023-08-27,-3.778434490991832
2023-08-28,-3.0013203997786957
2023-08-29,-3.229233416554995
2023-08-30,-3.317423471665068
2023-08-31,-2.936607985642536
2023-09-01,-2.4736068051006614
2023-09-02,-2.172156092317714
2023-09-03,-2.686503871362357
2023-09-04,-2.1275038306671967
2023-09-05,-2.368748380719679
2023-09-06,-2.7825802562623116
2023-09-07,-2.8280475723861462
2023-09-08,-2.8324266301916317
2023-09-09,-2.3326605304096906
2023-09-10,-2.4360664735435487
2023-09-11,-2.023568466145517
2023-09-12,-1.9884528300003397
2023-09-13,-1.9181913334762926
2023-09-14,-2.387720368542811
2023-09-15,-2.265604919233373
2023-09-16,-2.2428687045714257
2023-09-17,-2.164559294802381
2023-09-18,-2.3705462044000307
2023-09-19,-2.8570343069482784
2023-09-20,-2.988558364776734
2023-09-21,-2.8308582224136685
2023-09-22,-2.519386928923325
2023-09-23,-2.937322822162368
2023-09-24,-3.0693004556286025
2023-09-25,-3.0939117187363885
2023-09-26,-3.126029019439379
2023-09-27,-2.726290378964136
2023-09-28,-2.669192558327323
2023-09-29,-2.4343668876409557
2023-09-30,-2.4625837999777507
2023-10-01,-2.3074223324940517
2023-10-02,-2.272815771733441
2023-10-03,-2.6164031883164123
2023-10-04,-2.989641326074101
2023-10-05,-2.8796128179191034
2023-10-06,-3.2398174934575095
2023-10-07,-3.147320096776482
2023-10-08,-3.317772912480463
2023-10-09,-3.01708197166701
2023-10-10,-3.0325984445738428
2023-10-11,-2.6805482062028725
2023-10-12,-2.5262526144376887
2023-10-13,-2.838964842889056
2023-10-14,-3.3852460371102233
2023-10-15,-3.1611744830254223
2023-10-16,-2.6615874843665432
2023-10-17,-2.618594371738707
2023-10-18,-2.747348286905745
2023-10-19,-2.5990928647086267
2023-10-20,-2.5363152267506814
2023-10-21,-3.037691703618294
2023-10-22,-3.3408806841238694
2023-10-23,-2.9986462503104256
2023-10-24,-2.76418465909303
2023-10-25,-2.967459189756769
2023-10-26,-3.0760704663682006
2023-10-27,-3.054754326171867
2023-10-28,-3.333284228850783
2023-10-29,-3.433002724402571
2023-10-30,-3.714938515145687
2023-10-31,-3.6173417931532845
2023-11-01,-3.1185209692380687
2023-11-02,-2.903264178209464
2023-11-03,-2.8817154980609816
2023-11-04,-2.4985441007347107
2023-11-05,-3.050757268893142
2023-11-06,-2.972639569375194
2023-11-07,-2.9102176381748
2023-11-08,-2.8017008346025305
2023-11-09,-2.4702949511583685
2023-11-10,-2.2453244556212177
2023-11-11,-3.188928138081291
2023-11-12,-3.2780924779536256
2023-11-13,-2.8470472431780935
2023-11-14,-3.0724954316842923
2023-11-15,-2.841742817574288
2023-11-16,-2.9460413008787274
2023-11-17,-2.5489270228728484
2023-11-18,-3.0386310005123205
2023-11-19,-3.495813914868767
2023-11-20,-2.4863067044784177
2023-11-21,-2.4216346101715844
2023-11-22,-2.4165295656230636
2023-11-23,-2.6992804547245397
2023-11-24,-2.5242790035543243
2023-11-25,-3.0144192693679477
2023-11-26,-3.3156197506125737
2023-11-27,-2.66275816188694
2023-11-28,-2.5768383045635423
2023-11-29,-2.695576647776039
2023-11-30,-2.5645333270400967
2023-12-01,-2.640564950094683
2023-12-02,-2.989736040246372
2023-12-03,-3.3640558488522148
2023-12-04,-2.7175750933602116
2023-12-05,-2.4052649990469552
2023-12-06,-2.549458490065687
2023-12-07,-2.5595868839469302
2023-12-08,-2.3361324275831343
2023-12-09,-2.5384258747580692
2023-12-10,-2.981284889575574
2023-12-11,-2.857627118325346
2023-12-12,-2.385194376393729
2023-12-13,-2.4452563008044
2023-12-14,-2.447006729857312
2023-12-15,-2.4472247866992327
2023-12-16,-2.813051839176373
2023-12-17,-3.2096478721190795
2023-12-18,-2.6832032281238383
2023-12-19,-2.363516716969362
2023-12-20,-2.513844742149097
2023-12-21,-2.520876907824831
2023-12-22,-2.735531142492931
2023-12-23,-2.8244801371082113
2023-12-24,-2.4394054467264414
2023-12-25,-2.5160204061358895
2023-12-26,-2.897232470233384
2023-12-27,-2.4403200411954185
2023-12-28,-2.424204988297599
2023-12-29,-3.505614394438548
2023-12-30,-4.259095217978101
2023-12-31,-4.184037567392274
2024-01-01,-3.709430482562815
2024-01-02,-4.235144865497286
2024-01-03,-3.975637532912294
2024-01-04,-3.2160851531763406
2024-01-05,-2.8956338922088336
2024-01-06,-3.218532736574434
2024-01-07,-2.5249635867430564
2024-01-08,-3.4020268904466895
2024-01-09,-3.3535727509033584
2024-01-10,-2.7787680197994833
2024-01-11,-2.8894462225141484
2024-01-12,-2.912812088775013
2024-01-13,-3.068134643213255
2024-01-14,-2.9586160175653586
2024-01-15,-2.597779375711053
2024-01-16,-2.6272583691955442
2024-01-17,-3.099571200536106
2024-01-18,-2.822891064296491
2024-01-19,-3.0798724102703727
2024-01-20,-3.2688830645709497
2024-01-21,-3.162271910349589
2024-01-22,-2.958926880385259
2024-01-23,-3.027395575332441
2024-01-24,-3.2323797347059267
2024-01-25,-3.4552083316015296
2024-01-26,-3.043843756746413
2024-01-27,-3.117995034397874
2024-01-28,-3.2771646487103245
2024-01-29,-2.8514635166035847
2024-01-30,-2.837287823423937
2024-01-31,-3.1662414145594733
2024-02-01,-2.8779909713292886
2024-02-02,-2.877930468636071
2024-02-03,-3.349851630117155
2024-02-04,-3.256413698163818
2024-02-05,-2.7703963206058306
2024-02-06,-2.6667870645433753
2024-02-07,-2.9637701518349155
2024-02-08,-2.6378311961298913
2024-02-09,-2.64389340750297
2024-02-10,-2.9165752527217363
2024-02-11,-2.7609165615816345
2024-02-12,-2.6420560273877367
2024-02-13,-2.758718852854105
2024-02-14,-2.7468245463211867
2024-02-15,-2.614454132626686
2024-02-16,-4.533428722139207
2024-02-17,-4.664371285804749
2024-02-18,-4.013694847213388
2024-02-19,-3.962094997723243
2024-02-20,-3.755998995560366
2024-02-21,-3.6524109516299132
2024-02-22,-3.325579413369987
2024-02-23,-3.2571254995813526
2024-02-24,-3.517098310416624
2024-02-25,-3.6639896873385176
2024-02-26,-3.141924269164626
2024-02-27,-2.884203266848484
2024-02-28,-2.5880216092129467
2024-02-29,-2.7846726262097437
2024-03-01,-3.073725354364979
2024-03-02,-2.8865005711859637
2024-03-03,-3.3696262125578222
2024-03-04,-2.9130904227579046
2024-03-05,-2.850732887028914
2024-03-06,-3.011745080331447
2024-03-07,-2.6399320159051856
2024-03-08,-2.6735188346942214
2024-03-09,-3.171038981858305
2024-03-10,-3.0864132197232355
2024-03-11,-2.5294954113391546
2024-03-12,-2.8187030500651296
2024-03-13,-3.171460338096996
2024-03-14,-2.9758796519207
2024-03-15,-3.002747710466695
2024-03-16,-3.3753819682940733
2024-03-17,-3.4889719803534534
2024-03-18,-2.3106107123698933
2024-03-19,-2.1901733297030574
2024-03-20,-2.466584458132645
2024-03-21,-2.6749003571368815
2024-03-22,-4.372029069839325
2024-03-23,-7.174780070290927
2024-03-24,-5.932085469891282
2024-03-25,-5.412146851883848
2024-03-26,-4.70180849338481
2024-03-27,-3.9646730715881886
2024-03-28,-3.900064000078561
2024-03-29,-3.8605448292327242
2024-03-30,-4.105374793879185
2024-03-31,-3.9424425781372
2024-04-01,-4.105726476172453
2024-04-02,-3.3577731299650018
2024-04-03,-3.14475771740838
2024-04-04,-2.982324485219653
2024-04-05,-3.409318060700433
2024-04-06,-3.6211567710576182
2024-04-07,-3.6146461027622028
2024-04-08,-3.617588024764332
2024-04-09,-2.9688056945237276
2024-04-10,-3.063730182402008
2024-04-11,-3.343358117277439
2024-04-12,-2.9915792158117065
2024-04-13,-3.3225950184817328
2024-04-14,-3.5615797051111526
2024-04-15,-3.1999762382394286
2024-04-16,-3.0567842556374694
2024-04-17,-2.8385044189056967
2024-04-18,-3.0473426812928612
2024-04-19,-2.9727256019773485
2024-04-20,-3.0628235129823977
2024-04-21,-2.467137779514874
2024-04-22,-2.349329681612294
2024-04-23,-2.6324661355762724
2024-04-24,-2.806979272827282
2024-04-25,-2.46440893398243
2024-04-26,-2.61944683257274
2024-04-27,-3.0979664174028243
2024-04-28,-3.7174895208296217
2024-04-29,-3.4970374544940226
2024-04-30,-3.081859995557562
2024-05-01,-3.230545626729517
2024-05-02,-3.2773231676704424
2024-05-03,-3.1492776797910285
2024-05-04,-3.260256970194821
2024-05-05,-2.590200494270752
2024-05-06,-2.7075907469821727
2024-05-07,-2.7098265101989227
2024-05-08,-2.539751012902647
2024-05-09,-1.8413107997402942
2024-05-10,-2.7022434761731136
2024-05-11,-2.77409003874829
2024-05-12,-3.037428278531357
2024-05-13,-2.8485525634862503
2024-05-14,-2.4558803710850716
2024-05-15,-2.5799455439264336
2024-05-16,-2.426200831984816
2024-05-17,-2.5596226315488226
2024-05-18,-2.888828804891537
2024-05-19,-3.343094267845793
2024-05-20,-2.9202791662516585
2024-05-21,-2.767815290922664
2024-05-22,-2.7446638367469993
2024-05-23,-2.7392022877683737
2024-05-24,-2.669538658356622
2024-05-25,-2.700419202114269
2024-05-26,-2.967253612947573
2024-05-27,-2.504885320254547
2024-05-28,-2.2353177028807973
2024-05-29,-2.4103091944821533
2024-05-30,-2.4558099454123594
2024-05-31,-2.4733366282971008
2024-06-01,-2.8750897471482113
2024-06-02,-2.484972887325552
2024-06-03,-2.4331804989045653
2024-06-04,-2.362087808239266
2024-06-05,-2.2526461647436578
2024-06-06,-2.2382836177922543
2024-06-07,-1.9340589515005004
2024-06-08,-2.3230218054099945
2024-06-09,-2.40754736968026
2024-06-10,-2.0085897393385133
2024-06-11,-2.0758958798001856
2024-06-12,-1.7103149090901908
2024-06-13,-2.3118569652435257
2024-06-14,-2.330694074446303
2024-06-15,-2.6096458120175834
2024-06-16,-3.2503767336906546
2024-06-17,-2.581648538537891
2024-06-18,-2.2168749512822785
2024-06-19,-1.7361278981499786
2024-06-20,-1.8962677088758715
2024-06-21,-2.3967625604317666
2024-06-22,-3.1604051888166467
2024-06-23,-4.496489559418555
2024-06-24,-4.417108465714189
2024-06-25,-3.62070613932888
2024-06-26,-3.425617856636189
2024-06-27,-2.869111972561618
2024-06-28,-2.5280777240855445
2024-06-29,-3.1969936578297315
2024-06-30,-3.359193082610044
2024-07-01,-2.79544949385892
2024-07-02,-2.287569097587079
2024-07-03,-2.367801635402878
2024-07-04,-2.3559931888775827
2024-07-05,-2.244543067730405
2024-07-06,-2.446255222155985
2024-07-07,-2.347687617123588
2024-07-08,-2.1783955821215093
2024-07-09,-2.507455908619772
2024-07-10,-2.1661061523190397
2024-07-11,-2.387750552790129
2024-07-12,-2.559478956893473
2024-07-13,-3.1288616609283557
2024-07-14,-3.4127243657662554
2024-07-15,-2.5938007951206865
2024-07-16,-2.595473671297108
2024-07-17,-2.681468677955495
2024-07-18,-2.772948844036916
2024-07-19,-3.50672654390445
2024-07-20,-3.290441566223968
2024-07-21,-2.681849512207012
2024-07-22,-2.6985966888952277
2024-07-23,-2.70827730551441
2024-07-24,-2.413034257025519
2024-07-25,-2.42131652289654
2024-07-26,-2.7896233868013933
2024-07-27,-2.6757165541445946
2024-07-28,-2.5169118402303154
2024-07-29,-2.763506249845227
2024-07-30,-3.0607859020031456
2024-07-31,-3.6219939510403765
2024-08-01,-3.813302323757318
2024-08-02,-3.175131809080163
2024-08-03,-3.5630795398843516
2024-08-04,-3.2565590179941033
2024-08-05,-3.323820919252888
2024-08-06,-3.398003832769453
2024-08-07,-3.791507353746691
2024-08-08,-3.5574424301155627
2024-08-09,-3.5459569193622595
2024-08-10,-3.8762748713559536
2024-08-11,-4.115832233764242
2024-08-12,-3.5765567143743415
2024-08-13,-3.2854430407806676
2024-08-14,-3.471845908323808
2024-08-15,-3.3334352109863357
2024-08-16,-3.2407784985375883
2024-08-17,-3.5136255828495826
2024-08-18,-3.41039198627136
2024-08-19,-2.8067978740028225
2024-08-20,-2.6668280573383756
2024-08-21,-2.931686086480955
2024-08-22,-3.0518552281412625
2024-08-23,-3.663017856668623
2024-08-24,-3.299471028627129
2024-08-25,-3.9587297955289316
2024-08-26,-3.8980981920232227
2024-08-27,-3.3271946292273737
2024-08-28,-3.3294144360031943
2024-08-29,-3.29482103934507
2024-08-30,-2.9794424607136407
2024-08-31,-3.1761664075317504
2024-09-01,-3.710898835260119
2024-09-02,-2.8577179336110468
2024-09-03,-3.0830734661711454
2024-09-04,-2.8691633704314
2024-09-05,-2.5487103233460258
2024-09-06,-2.5969894223115872
2024-09-07,-2.8744262863287893
2024-09-08,-2.5819902011088103
2024-09-09,-2.426251127985237
2024-09-10,-2.789573151644558
2024-09-11,-2.7189363825276907
2024-09-12,-2.4707152070467
2024-09-13,-2.60220751660903
2024-09-14,-2.6803090499202002
2024-09-15,-2.775234672350927
2024-09-16,-2.6485391428648
2024-09-17,-2.9693429276482033
2024-09-18,-2.663870737326979
2024-09-19,-2.2559616224500973
2024-09-20,-2.7128048940205494
2024-09-21,-2.7416455563157465
2024-09-22,-2.6023356008810326
2024-09-23,-2.641667941071886
2024-09-24,-2.6816308987266195
2024-09-25,-2.5575199172354366
2024-09-26,-2.42944177295266
2024-09-27,-2.597221150805721
2024-09-28,-3.160212019045523
2024-09-29,-3.445245729708725
2024-09-30,-2.6048300929389745
2024-10-01,-2.6127168959796094
2024-10-02,-2.7979206955047093
2024-10-03,-2.839549437674219
2024-10-04,-2.82133927373172
2024-10-05,-2.9850547939884686
2024-10-06,-3.0585503755008516
2024-10-07,-2.839550562221756
2024-10-08,-2.8227336454354406
2024-10-09,-2.841395662843927
2024-10-10,-2.473058527303159
2024-10-11,-2.3553757784066773
2024-10-12,-2.983909681338984
2024-10-13,-3.323856239077726
2024-10-14,-2.901651600633075
2024-10-15,-2.5858939605254756
2024-10-16,-2.2395690531939993
2024-10-17,-2.1842902357827665
2024-10-18,-1.8708222675406374
2024-10-19,-2.3273141784018705
2024-10-20,-2.3648069428978604
2024-10-21,-2.3936745227356035
2024-10-22,-1.9463159167927337
2024-10-23,-1.930427761887916
2024-10-24,-2.1914998737637417
2024-10-25,-2.343361459241527
2024-10-26,-2.745792304112145
2024-10-27,-2.775448154996536
2024-10-28,-2.5456082600244163
2024-10-29,-2.353972960700885
2024-10-30,-2.5003644234877993
2024-10-31,-2.4246017144867418
2024-11-01,-2.262403158198584
2024-11-02,-2.690518941366649
2024-11-03,-2.7833533248635973
2024-11-04,-1.8536631737279667
2024-11-05,-2.485791554738592
2024-11-06,-1.8708682738675797
2024-11-07,-1.9256507746392266
2024-11-08,-2.1195927558592342
2024-11-09,-2.356605903666503
2024-11-10,-2.599416713590878
2024-11-11,-2.372361182381848
2024-11-12,-2.564101655139626
2024-11-13,-2.4107820879417976
2024-11-14,-2.4159838626823436
2024-11-15,-2.543855383074189
2024-11-16,-2.5929491110355793
2024-11-17,-3.34410641849882
2024-11-18,-3.0978218077733595
2024-11-19,-3.112142777759354
2024-11-20,-3.260554461044025
2024-11-21,-3.1026914262514618
2024-11-22,-3.0690650557162904
2024-11-23,-2.992326085536922
2024-11-24,-3.068824194116431
2024-11-25,-2.8390270678693432
2024-11-26,-2.8461410650887435
2024-11-27,-2.48702023929927
2024-11-28,-3.130495782497214
2024-11-29,-2.885364192881707
2024-11-30,-3.3241765584282086
2024-12-01,-3.379000315296627
2024-12-02,-3.0241880582516556
2024-12-03,-2.6661345324107835
2024-12-04,-2.802470424301235
2024-12-05,-2.535621533880351
2024-12-06,-2.3681883864748903
2024-12-07,-3.167188657204643
2024-12-08,-3.3730060864111895
2024-12-09,-2.8761660782356104
2024-12-10,-2.851482079600135
2024-12-11,-2.847898313394903
2024-12-12,-2.5362563081094445
2024-12-13,-2.7509447097839064
2024-12-14,-2.8984324509630777
2024-12-15,-2.956899765940344
2024-12-16,-2.8658942898465036
2024-12-17,-3.6795374068385502
2024-12-18,-3.491471499038849
2024-12-19,-2.6010986913954945
2024-12-20,-3.0068674505508115
2024-12-21,-3.3753707248852836
2024-12-22,-3.2649381814191183
2024-12-23,-2.7929781660683846
2024-12-24,-2.735148086995192
2024-12-25,-3.318710130631214
2024-12-26,-3.1831325282599
2024-12-27,-3.2780396342553813
2024-12-28,-3.727966173204177
2024-12-29,-3.9130910487487425
2024-12-30,-3.0886227181891126
2024-12-31,-2.429506675945704
2025-01-01,-2.562277674085276
2025-01-02,-3.1815746604078816
2025-01-03,-3.3213829389561034
2025-01-04,-3.652964546988075
2025-01-05,-3.7653641459256235
2025-01-06,-2.9408238033021745
2025-01-07,-2.720331325274306
2025-01-08,-2.968944230275786
2025-01-09,-2.7307427082723703
2025-01-10,-2.9005564655779046
2025-01-11,-3.137462723569123
2025-01-12,-2.887067023226918
2025-01-13,-2.568535902571602
2025-01-14,-2.7371922540200413
2025-01-15,-2.805079093796796
2025-01-16,-2.5640346462132766
2025-01-17,-2.680845814325543
2025-01-18,-3.0325586166138256
2025-01-19,-2.720741240939602
2025-01-20,-2.6101293639973306
2025-01-21,-1.9297638847037977
2025-01-22,-2.487715240241166
2025-01-23,-2.7599713258434706
2025-01-24,-3.0526144667841915
2025-01-25,-2.7192680363406114
2025-01-26,-2.720718140468503
2025-01-27,-2.6734087679110226
2025-01-28,-2.4435069524749906
2025-01-29,-2.7140586799362536
2025-01-30,-2.621327316279808
2025-01-31,-2.9476123027723857
2025-02-01,-3.2804773116013086
2025-02-02,-3.4524595388838635
2025-02-03,-2.736007748978232
2025-02-04,-2.6441628238866617
2025-02-05,-2.7560699958817243
2025-02-06,-2.8104271586748184
2025-02-07,-2.848825529965275
2025-02-08,-2.6078481817040053
2025-02-09,-2.7475470383819696
2025-02-10,-2.2803381648844976
2025-02-11,-2.2161719240615736
2025-02-12,-1.92652292122415
2025-02-13,-1.5566894572511074
2025-02-14,-2.0383179112796443
2025-02-15,-1.6958978334575439
2025-02-16,-1.9735958549406412
2025-02-17,-1.6452801410298379
2025-02-18,-1.3005118668182547
2025-02-19,-2.0090187024032704
2025-02-20,-2.190374383434076
2025-02-21,-1.9938712934329574
2025-02-22,-2.1806083507228307
2025-02-23,-1.731183127649241
2025-02-24,-2.21420189661025
2025-02-25,-2.000909953469721
2025-02-26,-1.7660321801699221
2025-02-27,-1.5262322225967564
2025-02-28,-1.6025079241396658
2025-03-01,-1.8901960845772412
2025-03-02,-1.7893283120484702
2025-03-03,-1.935953148940738
2025-03-04,-1.8922884279101184
2025-03-05,-1.9841023936200248
2025-03-06,-1.8873732862945336
2025-03-07,-2.136495014779479
2025-03-08,-2.8302723692327656
2025-03-09,-2.8873660806477326
2025-03-10,-2.3956716001790372
2025-03-11,-2.4133300394293475
2025-03-12,-1.8906685397917653
2025-03-13,-2.1119429421215465
2025-03-14,-2.386982210203206
2025-03-15,-2.2578832738121744
2025-03-16,-2.222239214570877
2025-03-17,-2.0404219119764475
2025-03-18,-1.894333389061209
2025-03-19,-2.325464187401392
2025-03-20,-1.9303767161326773
2025-03-21,-2.5067767447094025
2025-03-22,-2.96550163913878
2025-03-23,-2.7817498880037723
2025-03-24,-2.274599940420985
2025-03-25,-1.994725205222172
2025-03-26,-2.35535706087253
2025-03-27,-2.006365872402164
2025-03-28,-2.050657696620479
2025-03-29,-2.825244829451077
2025-03-30,-3.106958227529544
2025-03-31,-2.896160699026442
2025-04-01,-2.6256925494833907
2025-04-02,-2.4673115493813107
2025-04-03,-2.439177804971701
2025-04-04,-2.4838287766154403
2025-04-05,-3.571113249466465
2025-04-06,-3.621513382682937
2025-04-07,-2.9251659326458723
2025-04-08,-2.5769753089009613
2025-04-09,-2.68863536173426
2025-04-10,-2.7231070720307238
2025-04-11,-2.2674787598531
2025-04-12,-2.2382124046332423
2025-04-13,-3.908496055344625
2025-04-14,-3.6965519834082947
2025-04-15,-2.9766927633019318
2025-04-16,-2.700389739659023
2025-04-17,-2.2720003429785245
2025-04-18,-2.2683163268396918
2025-04-19,-2.467215350522232
2025-04-20,-2.679243824396672
2025-04-21,-2.476902544999485
2025-04-22,-2.1756832797144905
2025-04-23,-2.2673708212365162
2025-04-24,-2.968204054193525
2025-04-25,-2.6304026131468325
2025-04-26,-2.164717707266634
2025-04-27,-2.2648619968281
2025-04-28,-1.8566735881312835
2025-04-29,-2.4241540990934234
2025-04-30,-2.347921311647093
2025-05-01,-1.5281640214062284
2025-05-02,-2.2154816945862232
2025-05-03,-2.6807069409204587
2025-05-04,-2.04555079886379
2025-05-05,-2.179408056557746
2025-05-06,-2.2547353393171314
2025-05-07,-1.809207454048472
2025-05-08,-1.296582707527736
2025-05-09,-0.6526110584792227
2025-05-10,-0.8209446589252771
2025-05-11,-1.582034061032648
2025-05-12,-1.980552367066254
2025-05-13,-1.9888883298768911
2025-05-14,-2.029746361532574
2025-05-15,-1.7532250556731992
2025-05-16,-1.8538991460172147
2025-05-17,-2.407193985443344
2025-05-18,-2.2311052911327174
2025-05-19,-2.003398253761959
2025-05-20,-2.3238250776898557
2025-05-21,-2.475522418386309
2025-05-22,-2.603985547962514
2025-05-23,-2.5355747764437444
2025-05-24,-2.8997625212068696
2025-05-25,-3.7581866740054384
2025-05-26,-3.2677063051943236
2025-05-27,-2.9810122011428137
2025-05-28,-2.5344901715269303
2025-05-29,-2.3593201769667775
2025-05-30,-2.3098951843127598
2025-05-31,-2.768226064410641
2025-06-01,-3.6958108744137115
2025-06-02,-2.8979835950745048
2025-06-03,-3.0206892793510915
2025-06-04,-2.7429074554788975
2025-06-05,-2.5680722054966423
2025-06-06,-3.2966103958109136
2025-06-07,-3.9574049760978753
2025-06-08,-3.569505825290426
2025-06-09,-2.910734951263169
2025-06-10,-3.426953257580166
2025-06-11,-3.007413731485404
2025-06-12,-1.8188058747111606
2025-06-13,-2.9650421234487
2025-06-14,-3.2205387633069202
2025-06-15,-2.640885904705339
2025-06-16,-2.748134196844057
2025-06-17,-3.709495860492305
2025-06-18,-2.1872224993365443
2025-06-19,-6.72825969244097
2025-06-20,-3.4193567043425923
2025-06-21,-3.455617872617362
2025-06-22,-3.570280979332024
2025-06-23,-2.7446379371782035
2025-06-24,-3.1453709816986786
2025-06-25,-3.658761625772914
2025-06-26,-2.9567531696246414
2025-06-27,-3.71371010963235
2025-06-28,-2.7060853573746444
2025-06-29,-2.3209606000480547
2025-06-30,-5.576795242656508
2025-07-01,-3.199231473196976
2025-07-02,-3.0033934882484585
2025-07-03,-2.646929184847121
2025-07-04,-2.8278577650257515
2025-07-05,-3.2459434997470025
2025-07-06,-2.5942676937117257
2025-07-07,-3.164114337653214
2025-07-08,-2.681700979112246
2025-07-09,-2.8217244855407477
2025-07-10,-2.8069435884689757
2025-07-11,-2.5173968619287543
2025-07-12,-2.047433733259662
2025-07-13,-2.0654130508811477
2025-07-14,-2.316005884232695
2025-07-15,-2.442153288771216
2025-07-16,-2.9810365311834377
2025-07-17,-2.961137853279207
2025-07-18,-2.8669059647165462
2025-07-19,-3.1954891881169494
2025-07-20,-2.9855170092870558
2025-07-21,-2.9421010908858354
2025-07-22,-3.074819781134924
2025-07-23,-3.1290590182704117
2025-07-24,-3.271137514699461
2025-07-25,-3.221329657156897
2025-07-26,-3.167734679957013
2025-07-27,-2.6241925900786107
2025-07-28,-3.0269049071749268
2025-07-29,-3.687179642274265
2025-07-30,-3.198270530462779
2025-07-31,-2.852394050330432
2025-08-01,-2.9166713416720613
2025-08-02,-3.2610322107784295
2025-08-03,-3.3189856550686683
2025-08-04,-3.222716122636562
2025-08-05,-3.229365260816022
2025-08-06,-2.7536817575664414
2025-08-07,-2.0313808740652006
2025-08-08,-2.056288733349164
2025-08-09,-1.6697370918328465
2025-08-10,-1.8057001962501018
2025-08-11,-2.073360940823896
2025-08-12,-2.166834046676672
2025-08-13,-2.0500307389205785
2025-08-14,-2.1475398257687357
2025-08-15,-1.703292012313976
2025-08-16,-0.7840118122484792
2025-08-17,-1.3678230967970058
2025-08-18,-1.701721395525234
2025-08-19,-1.1919337056199362
2025-08-20,-1.6898079549087197
2025-08-21,-2.146116691584314
2025-08-22,-1.8917785372313167
2025-08-23,-2.2530455780897642
2025-08-24,-2.161211594887309
2025-08-25,-2.1460796940517435
2025-08-26,-2.3721627354625947
2025-08-27,-2.4466781636103785
2025-08-28,-3.0226770672702776
2025-08-29,-2.4902976418718477
2025-08-30,-2.5179139147101246
2025-08-31,-2.018513841993897
2025-09-01,-1.8698382699268774
2025-09-02,-2.0147976222152386
2025-09-03,-1.736615990104755
2025-09-04,-1.596601053247411
2025-09-05,-1.6891475626837604
2025-09-06,-2.189867398201815
2025-09-07,-3.3037061657604854
2025-09-08,-3.1439205549027496
2025-09-09,-2.8964665566920558
2025-09-10,-3.648411846048303
2025-09-11,-3.171221233661919
2025-09-12,-3.1532170908747497
2025-09-13,-3.2488335985002768
2025-09-14,-3.5495583130103725
2025-09-15,-3.246321980805071
2025-09-16,-2.6828282955228406
2025-09-17,-2.427091755872679
2025-09-18,-2.7404682744772106
2025-09-19,-2.9042561704286207
2025-09-20,-3.496984333861587
2025-09-21,-3.322232292331884
2025-09-22,-3.269958697674786
2025-09-23,-3.0980051370584545
2025-09-24,-2.7735607096934327
2025-09-25,-2.634508730126458
2025-09-26,-2.8258455988021556
2025-09-27,-3.0049271247401483
2025-09-28,-3.415452932435275
2025-09-29,-2.701568853110162
2025-09-30,-2.5101942498066365
2025-10-01,-2.7143102302008146
2025-10-02,-2.6452668423801833
2025-10-03,-3.0781372668512184
2025-10-04,-3.296705780731043
2025-10-05,-3.2690016925320617
2025-10-06,-3.111586079240983
2025-10-07,-2.1940483183755823
2025-10-08,-2.566952206774701
2025-10-09,-2.337557900648814
2025-10-10,-2.0911375326466493
2025-10-11,-1.7338488586677614
2025-10-12,-2.5391029644689143
2025-10-13,-2.382967817405945
2025-10-14,-2.266965654973091
2025-10-15,-2.1730916985668216
2025-10-16,-2.113702843350333
2025-10-17,-1.9903843768379763
2025-10-18,-2.159559322442338
2025-10-19,-2.134231768844426
2025-10-20,-2.3424652050221884
2025-10-21,-2.425778184702354
2025-10-22,-2.6041624665380603
2025-10-23,-3.3813803557512716
2025-10-24,-2.6609219541389955
2025-10-25,-2.863577636281515
2025-10-26,-2.7318324901869477
2025-10-27,-2.541620236350969
2025-10-28,-2.414762160471821
2025-10-29,-2.7210456506201286
2025-10-30,-2.823282996062905
2025-10-31,-2.9573993069966495
2025-11-01,-2.7993481540619123
2025-11-02,-3.1430930929012018
2025-11-03,-2.48612563941563
2025-11-04,-2.0755719180007186
2025-11-05,-2.4482868353038008
2025-11-06,-2.9054547328738027
2025-11-07,-2.564889028536229
2025-11-08,-2.7962746687600064
2025-11-09,-2.841893768779162
2025-11-10,-2.4469346541308945
2025-11-11,-2.539652007611513
2025-11-12,-2.6206967324412833
2025-11-13,-2.770368644751686
2025-11-14,-3.1010970916604954
2025-11-15,-2.929210605696143
2025-11-16,-2.9262020627694114
2025-11-17,-2.5989204650000395
2025-11-18,-2.4286929920750335
2025-11-19,-2.5167948890979734
2025-11-20,-2.3002640588371985
2025-11-21,-1.9954385976397044
2025-11-22,-2.1331622415610973
2025-11-23,-1.6387695879936603
2025-11-24,-1.7872377353241988
2025-11-25,-1.761377114150263
2025-11-26,-1.2979483555784277
2025-11-27,-2.039737779364507
2025-11-28,-2.052991732057813
2025-11-29,-2.77840900374721
2025-11-30,-2.490773336351745
2025-12-01,-2.3322426646141445
2025-12-02,-2.0328278348776654
2025-12-03,-2.0803262251367385
2025-12-04,-2.0529326930487484
2025-12-05,-1.5338278861314543
2025-12-06,-1.9138273125533485
2025-12-07,-2.3541533416802247
2025-12-08,-1.92575448439049
2025-12-09,-1.9300447525407949
2025-12-10,-2.068574945852387
2025-12-11,-2.282084163691384
2025-12-12,-2.1612194995606555
2025-12-13,-2.3488706846607914
2025-12-14,-2.350033666021556
2025-12-15,-2.194169282243186
2025-12-16,-2.182826380251968
2025-12-17,-2.3081027531564478
2025-12-18,-2.5188179927138488
2025-12-19,-2.152939796792069
2025-12-20,-2.1255499038472774
2025-12-21,-1.4562511037412655
2025-12-22,-2.298212843262583
2025-12-23,-2.7736959666775114
2025-12-24,-2.3341474347339934
2025-12-25,-2.3953953602718405
2025-12-26,-2.327489342890109
2025-12-27,-2.0262755861010033
2025-12-28,-1.76928241628312
2025-12-29,-1.9617474541919613
2025-12-30,-3.1269779315994817
2025-12-31,-2.8563248493656626
