date,value
2015-02-18,-3.0561149102079415
2015-02-19,-2.558803854038213
2015-02-20,-2.6224439297444895
2015-02-21,-2.609974796615868
2015-02-22,-3.4405817012771265
2015-02-23,-2.8919703402835637
2015-02-24,-2.7739029014572236
2015-02-25,-2.74289703115086
2015-02-26,-3.0012351401758357
2015-02-27,-2.6628593760949864
2015-02-28,-1.9541447991749297
2015-03-01,-1.9304167970178385
2015-03-02,-1.972955104428182
2015-03-03,-1.4914811710976885
2015-03-04,-1.6416680951325928
2015-03-05,-2.043183041052795
2015-03-06,-2.9079891439512537
2015-03-07,-2.2140182227221894
2015-03-08,-2.086621646509684
2015-03-09,-1.8520690771317976
2015-03-10,-1.822327759411532
2015-03-11,-2.386392024726681
2015-03-12,-1.919566959077139
2015-03-13,-2.1807146850944283
2015-03-14,-1.6711561074626209
2015-03-15,-2.019794999603885
2015-03-16,-1.9252852295604208
2015-03-17,-1.6673469511062784
2015-03-18,-1.671786204941158
2015-03-19,-1.9639292526199605
2015-03-20,-1.8822014048064835
2015-03-21,-1.572064766133385
2015-03-22,-1.376943209575574
2015-03-23,-1.7094659309967617
2015-03-24,-1.733022646423041
2015-03-25,-2.8640338741637317
2015-03-26,-2.233901026768513
2015-03-27,-1.8527089797896903
2015-03-28,-1.565825783205224
2015-03-29,-2.0109338163504584
2015-03-30,-2.1084182002428267
2015-03-31,-4.54298860824959
2015-04-01,-4.9100158167483325
2015-04-02,-3.52734587371458
2015-04-03,-2.4134666411214787
2015-04-04,-2.331865341103946
2015-04-05,-2.6520935052452903
2015-04-06,-3.1154167308279175
2015-04-07,-2.276106348635987
2015-04-08,-1.750012347403659
2015-04-09,-1.938999133909302
2015-04-10,-1.740662573712875
2015-04-11,-2.368525699900927
2015-04-12,-4.229933172900692
2015-04-13,-3.691281087098149
2015-04-14,-3.09395702106718
2015-04-15,-3.0447840993176025
2015-04-16,-2.4426867366759555
2015-04-17,-2.6614324325301566
2015-04-18,-2.58899276459832
2015-04-19,-2.019684000553667
2015-04-20,-2.801008443349204
2015-04-21,-2.6840103203294565
2015-04-22,-2.541467433964787
2015-04-23,-2.783284555437945
2015-04-24,-3.573684848967489
2015-04-25,-3.06223807396238
2015-04-26,-2.8305386227649274
2015-04-27,-2.2731284630432067
2015-04-28,-2.0145739494579527
2015-04-29,-2.127121960078865
2015-04-30,-2.0745896018441075
2015-05-01,-3.007954203000206
2015-05-02,-2.6029807429771523
2015-05-03,-1.6730010223270353
2015-05-04,-1.590288793247773
2015-05-05,-1.5919439021906276
2015-05-06,-1.2559965460233555
2015-05-07,-1.5849240836959269
2015-05-08,-1.1726564354434585
2015-05-09,-1.3331575506796356
2015-05-10,-2.317249844313747
2015-05-11,-2.17890097329552
2015-05-12,-1.8772678801753762
2015-05-13,-1.6949913599461521
2015-05-14,-1.590330301406464
2015-05-15,-1.5459785894496285
2015-05-16,-2.727486942693077
2015-05-17,-2.89313973291538
2015-05-18,-2.2239295333747897
2015-05-19,-1.8908102112286815
2015-05-20,-1.4784896345081286
2015-05-21,-1.9493378732174773
2015-05-22,-1.7458156177405797
2015-05-23,-1.5096615994056133
2015-05-24,-1.1274122312749708
2015-05-25,-1.501647074618413
2015-05-26,-1.7092355890321391
2015-05-27,-1.4638621925994495
2015-05-28,-1.5408259811242881
2015-05-29,-1.922047602689615
2015-05-30,-1.5972993118889558
2015-05-31,-2.05205993739825
2015-06-01,-2.0471424568362178
2015-06-02,-2.0156554014567245
2015-06-03,-1.8703717832245825
2015-06-04,-1.7423344721359895
2015-06-05,-1.9246048053838574
2015-06-06,-2.417387146432578
2015-06-07,-0.9867930712295124
2015-06-08,-0.16195476560434593
2015-06-09,-1.1173438774887028
2015-06-10,-1.3952593896217877
2015-06-11,-1.6510501516822913
2015-06-12,-1.6365710795221649
2015-06-13,-1.5760872025653232
2015-06-14,-2.094383383209159
2015-06-15,-2.1145029113954767
2015-06-16,-2.6782719405237922
2015-06-17,-2.286248397536853
2015-06-18,-2.1644680397724576
2015-06-19,-1.9560512886946602
2015-06-20,-2.6244857697781185
2015-06-21,-2.5146099156110884
2015-06-22,-2.028983550685937
2015-06-23,-2.0533709878517685
2015-06-24,-1.6640784226104652
2015-06-25,-2.9844026747214842
2015-06-26,-2.9543383319371723
2015-06-27,-2.4639479767208425
2015-06-28,-1.9926961572671535
2015-06-29,-2.222593182050043
2015-06-30,-2.3625876577883673
2015-07-01,-2.2655136631118653
2015-07-02,-2.3819048200075077
2015-07-03,-2.5507807835818253
2015-07-04,-2.1007530380382335
2015-07-05,-2.193799454724048
2015-07-06,-2.235214838099664
2015-07-07,-2.2817319768070714
2015-07-08,-2.1851790044554598
2015-07-09,-2.713994639638585
2015-07-10,-2.763466465697676
2015-07-11,-2.3830239541098606
2015-07-12,-2.3335679441967376
2015-07-13,-1.8907282733624864
2015-07-14,-1.5507712217479244
2015-07-15,-1.5553036860416392
2015-07-16,-1.405064678058085
2015-07-17,-1.0586382170749475
2015-07-18,-1.4970566431490806
2015-07-19,-1.8650927719952441
2015-07-20,-4.2671052656318205
2015-07-21,-4.832526394572138
2015-07-22,-4.761125196026869
2015-07-23,-4.480884731809966
2015-07-24,-4.014491477999902
2015-07-25,-3.982789015116821
2015-07-26,-4.529158151038712
2015-07-27,-3.690261780500468
2015-07-28,-2.935267596690299
2015-07-29,-2.8917072261872607
2015-07-30,-3.0993114489932876
2015-07-31,-3.124681490824955
2015-08-01,-3.266771718909531
2015-08-02,-4.046261526233074
2015-08-03,-3.415584102516327
2015-08-04,-3.5481053197040553
2015-08-05,-2.945846417110737
2015-08-06,-2.6445606074528034
2015-08-07,-2.935073792715977
2015-08-08,-3.26994557231042
2015-08-09,-3.3757845314417163
2015-08-10,-4.982849051480635
2015-08-11,-4.366766006151099
2015-08-12,-3.5608108706441177
2015-08-13,-2.8637647922438028
2015-08-14,-2.9146853039080267
2015-08-15,-3.622194939351004
2015-08-16,-3.5880525763416884
2015-08-17,-2.729321616685456
2015-08-18,-2.7208907581604893
2015-08-19,-3.2210941868040517
2015-08-20,-3.252004556770297
2015-08-21,-2.7271556227438194
2015-08-22,-3.5144402856524843
2015-08-23,-3.0855340103403637
2015-08-24,-2.7189033951770956
2015-08-25,-2.469878688453286
2015-08-26,-2.414996464622077
2015-08-27,-2.821565121366257
2015-08-28,-2.1092837538854248
2015-08-29,-2.7143505798351697
2015-08-30,-2.222637453237254
2015-08-31,-2.7461381442683357
2015-09-01,-3.2425479474428913
2015-09-02,-3.4654672799737947
2015-09-03,-4.0859118928137335
2015-09-04,-4.008574854340344
2015-09-05,-3.6049481018624925
2015-09-06,-4.011714534506729
2015-09-07,-4.22380669818825
2015-09-08,-4.600765714606109
2015-09-09,-4.195550777222373
2015-09-10,-3.9535633960371213
2015-09-11,-3.693117162095649
2015-09-12,-3.3306346319009292
2015-09-13,-4.160133791403458
2015-09-14,-3.5341237825549583
2015-09-15,-3.6550243741839337
2015-09-16,-3.32311237265599
2015-09-17,-2.9547188375581
2015-09-18,-2.7638430120227127
2015-09-19,-3.1277042868178353
2015-09-20,-3.3145815022856318
2015-09-21,-3.0243972605083207
2015-09-22,-2.6358140277666537
2015-09-23,-2.542194642918528
2015-09-24,-2.516737307576874
2015-09-25,-2.8043247801452877
2015-09-26,-2.975686499642163
2015-09-27,-2.81439475451515
2015-09-28,-2.866761922372948
2015-09-29,-2.918389358478947
2015-09-30,-2.2292627355981347
2015-10-01,-2.5935978546391207
2015-10-02,-2.9258139647718924
2015-10-03,-2.108272192538986
2015-10-04,-2.711173135642269
2015-10-05,-3.1836213447345414
2015-10-06,-3.2171011134558274
2015-10-07,-2.9234987314056524
2015-10-08,-2.2148410377039234
2015-10-09,-2.364488794559671
2015-10-10,-5.527129249520558
2015-10-11,-5.892096381348678
2015-10-12,-5.034900478588404
2015-10-13,-4.078107904830909
2015-10-14,-3.2909315764102876
2015-10-15,-2.9239295408502137
2015-10-16,-3.088376114542284
2015-10-17,-3.068018365792918
2015-10-18,-3.1982350286484715
2015-10-19,-2.860668816627453
2015-10-20,-2.725980728107568
2015-10-21,-2.18446166693471
2015-10-22,-3.32541110272975
2015-10-23,-2.38549849382454
2015-10-24,-2.627570215454461
2015-10-25,-2.7129464993523174
2015-10-26,-3.138810743361133
2015-10-27,-3.0526737295512802
2015-10-28,-2.8256850634485433
2015-10-29,-2.308686847164583
2015-10-30,-2.329156338055402
2015-10-31,-2.595157171661577
2015-11-01,-1.7697555644696985
2015-11-02,-1.1777938733342002
2015-11-03,-2.2446306136455743
2015-11-04,-2.710846124055814
2015-11-05,-2.515365477833632
2015-11-06,-2.6056075759498545
2015-11-07,-2.2410825781708645
2015-11-08,-1.9464067112162333
2015-11-09,-1.8190116457023955
2015-11-10,-2.2186345285936944
2015-11-11,-2.368221431018403
2015-11-12,-2.269903931734915
2015-11-13,-2.237773247994687
2015-11-14,-3.4647783597810355
2015-11-15,-3.812663632816607
2015-11-16,-3.2997467075722065
2015-11-17,-2.741640352132063
2015-11-18,-2.438822795456006
2015-11-19,-2.7185927103651175
2015-11-20,-2.5417417753494935
2015-11-21,-3.3631157070680673
2015-11-22,-2.6244625988395014
2015-11-23,-2.487736366675111
2015-11-24,-3.6328855048335598
2015-11-25,-3.468225673064075
2015-11-26,-3.266728348452747
2015-11-27,-3.3795931254320415
2015-11-28,-3.879623991827679
2015-11-29,-3.460985934467938
2015-11-30,-2.951331676808339
2015-12-01,-2.998064484229013
2015-12-02,-2.8755908572016575
2015-12-03,-3.0755652651053103
2015-12-04,-2.8544622641067483
2015-12-05,-2.6927359767622243
2015-12-06,-2.816629858518923
2015-12-07,-2.712128591347151
2015-12-08,-2.621005167089478
2015-12-09,-2.6279181816207635
2015-12-10,-2.5887083499695094
2015-12-11,-2.6134242255936897
2015-12-12,-2.603563184625457
2015-12-13,-2.917027421063972
2015-12-14,-2.918139310053017
2015-12-15,-2.665345278616898
2015-12-16,-3.3133913200319265
2015-12-17,-2.7835628945903657
2015-12-18,-2.708714513883114
2015-12-19,-2.8009981162853506
2015-12-20,-3.1555580595017485
2015-12-21,-2.766443393507272
2015-12-22,-2.9579274303918313
2015-12-23,-3.05376669367293
2015-12-24,-2.7329987367786766
2015-12-25,-2.839741509717104
2015-12-26,-2.629852734328134
2015-12-27,-2.8639333254843047
2015-12-28,-2.8952330431602005
2015-12-29,-2.9043899298675253
2015-12-30,-3.2011469543696354
2015-12-31,-3.185092910624806
2016-01-01,-2.8657242118107527
2016-01-02,-2.6914248363396873
2016-01-03,-2.966829841244243
2016-01-04,-2.7040870288158807
2016-01-05,-2.966209979920498
2016-01-06,-2.904970810180518
2016-01-07,-2.58648688139225
2016-01-08,-3.0017276371703514
2016-01-09,-3.171183721042869
2016-01-10,-3.3449222227807414
2016-01-11,-2.821247944066075
2016-01-12,-5.5951887676449035
2016-01-13,-5.33404706401586
2016-01-14,-5.035858551189176
2016-01-15,-4.115296517917956
2016-01-16,-3.8043473850609364
2016-01-17,-3.3573330469162523
2016-01-18,-3.6787933171699083
2016-01-19,-3.2932215217406866
2016-01-20,-3.129291671140431
2016-01-21,-2.974036103261826
2016-01-22,-2.8052127463231393
2016-01-23,-2.7189834855640473
2016-01-24,-2.6763239649727857
2016-01-25,-2.527961596039277
2016-01-26,-2.4475422827272095
2016-01-27,-3.196599168301045
2016-01-28,-2.860044561777259
2016-01-29,-2.7262366557782447
2016-01-30,-3.4842921327878003
2016-01-31,-3.617971100112852
2016-02-01,-3.1627081744798957
2016-02-02,-2.89242387401137
2016-02-03,-2.8572962599605427
2016-02-04,-2.932035798071347
2016-02-05,-2.8898857884088827
2016-02-06,-3.11884003468699
2016-02-07,-3.251766700422636
2016-02-08,-3.5913229006363494
2016-02-09,-3.3874820769756733
2016-02-10,-3.1125291685546657
2016-02-11,-3.228735387986077
2016-02-12,-2.8865293371408067
2016-02-13,-2.7219069068718
2016-02-14,-2.9595269502890447
2016-02-15,-3.1364122737537077
2016-02-16,-3.412714785619713
2016-02-17,-3.7797789403553694
2016-02-18,-5.067886280176137
2016-02-19,-4.038360765036863
2016-02-20,-3.7420423979342665
2016-02-21,-3.547353974051593
2016-02-22,-3.517950309816967
2016-02-23,-3.2060182490575206
2016-02-24,-2.9165310093127275
2016-02-25,-2.87559728112693
2016-02-26,-2.9553177853946413
2016-02-27,-3.165217260979973
2016-02-28,-3.2345580893576282
2016-02-29,-2.598499595471052
2016-03-01,-2.671319816882513
2016-03-02,-2.8427361515103837
2016-03-03,-3.2737943678392702
2016-03-04,-3.621178825509579
2016-03-05,-3.346418360916452
2016-03-06,-3.161334462255351
2016-03-07,-2.9084230696581326
2016-03-08,-2.8847354494812145
2016-03-09,-2.819682091741077
2016-03-10,-2.8517150839292857
2016-03-11,-2.8922242943144525
2016-03-12,-2.952212960412236
2016-03-13,-4.165561037655614
2016-03-14,-5.538459551262458
2016-03-15,-4.216561502369135
2016-03-16,-3.616201695229615
2016-03-17,-3.4817617601028483
2016-03-18,-2.8201947428344067
2016-03-19,-4.5320705459207815
2016-03-20,-4.89939219937856
2016-03-21,-3.6672569819636784
2016-03-22,-4.339955455729061
2016-03-23,-4.493278311030356
2016-03-24,-4.5500013470304195
2016-03-25,-4.310249187522157
2016-03-26,-4.122320585096209
2016-03-27,-3.5491254470841613
2016-03-28,-3.3804363305578793
2016-03-29,-3.149150814781302
2016-03-30,-2.9903842134773755
2016-03-31,-3.8238728446084647
2016-04-01,-4.213683176837259
2016-04-02,-4.229809088460348
2016-04-03,-4.420926107050042
2016-04-04,-4.109149585658364
2016-04-05,-4.0278906549981395
2016-04-06,-3.8516467362243803
2016-04-07,-3.136013084071733
2016-04-08,-3.0574915701971435
2016-04-09,-3.5107211878849856
2016-04-10,-3.1075149339050183
2016-04-11,-2.889860662861756
2016-04-12,-3.090088682741483
2016-04-13,-2.4400595031459784
2016-04-14,-2.356042707295529
2016-04-15,-2.8628241458287023
2016-04-16,-3.0312654675868806
2016-04-17,-2.908693863447911
2016-04-18,-2.9429968304995784
2016-04-19,-2.621889409698406
2016-04-20,-2.74553287904972
2016-04-21,-2.421776393309111
2016-04-22,-2.6193189108427015
2016-04-23,-2.7030302115330724
2016-04-24,-2.847932508535985
2016-04-25,-3.1891717495955096
2016-04-26,-2.488799624443803
2016-04-27,-2.8916607200627733
2016-04-28,-2.9320347158914415
2016-04-29,-2.460620565141835
2016-04-30,-2.365260712723874
2016-05-01,-4.3634667295386524
2016-05-02,-3.5823456747914353
2016-05-03,-2.8027469026877627
2016-05-04,-2.0490001284849546
2016-05-05,-1.785224893755989
2016-05-06,-2.997931563356356
2016-05-07,-3.0185547377431483
2016-05-08,-2.9206547958087627
2016-05-09,-2.355907347165961
2016-05-10,-3.389108328600752
2016-05-11,-2.7527842689702893
2016-05-12,-2.9727101135449057
2016-05-13,-3.3790641784665323
2016-05-14,-2.5874959516334894
2016-05-15,-2.440101366195137
2016-05-16,-2.8872751383825093
2016-05-17,-2.8414366128761035
2016-05-18,-2.7224796839632806
2016-05-19,-2.204158871477553
2016-05-20,-2.198223531583983
2016-05-21,-2.129912963266744
2016-05-22,-1.4882952799169011
2016-05-23,-1.858052435291884
2016-05-24,-1.5726404504761544
2016-05-25,-2.1195022799180525
2016-05-26,-2.1275383960934966
2016-05-27,-2.130797122100007
2016-05-28,-2.1043895567496222
2016-05-29,-1.865160913002468
2016-05-30,-2.6645986067456313
2016-05-31,-2.9708139222933876
2016-06-01,-2.817772986166254
2016-06-02,-3.1009926562191636
2016-06-03,-2.7951765566868203
2016-06-04,-2.751157022184311
2016-06-05,-3.0023391592323465
2016-06-06,-2.8982890283919
2016-06-07,-4.579698087207689
2016-06-08,-4.260464739862154
2016-06-09,-3.6577657407004747
2016-06-10,-3.1807674807459274
2016-06-11,-2.9350849788718345
2016-06-12,-2.86675179596476
2016-06-13,-2.619746245218789
2016-06-14,-1.9430266464385932
2016-06-15,-2.2321416765100057
2016-06-16,-2.032810844747002
2016-06-17,-1.826838277620316
2016-06-18,-2.0891046955444112
2016-06-19,-3.2246298144346732
2016-06-20,-3.1826468475041425
2016-06-21,-2.696247831130927
2016-06-22,-2.3595812402686476
2016-06-23,-2.5076207583446735
2016-06-24,-2.6333990174798605
2016-06-25,-2.37854427534958
2016-06-26,-2.2489211625166003
2016-06-27,-2.01138561263346
2016-06-28,-3.4276875571640284
2016-06-29,-5.299630739691137
2016-06-30,-4.860162933653122
2016-07-01,-3.7321465892474954
2016-07-02,-3.8113872321299325
2016-07-03,-3.307789972783304
2016-07-04,-3.0131382442449692
2016-07-05,-3.2639409613528763
2016-07-06,-3.3193711901320233
2016-07-07,-2.8259593547836412
2016-07-08,-2.5501797108365345
2016-07-09,-2.856343226923684
2016-07-10,-3.108590388088177
2016-07-11,-3.1230257266998116
2016-07-12,-2.3086980090699107
2016-07-13,-2.4116792267482636
2016-07-14,-2.4724352679692134
2016-07-15,-2.297011508119158
2016-07-16,-2.75644463649011
2016-07-17,-3.617808955464131
2016-07-18,-3.8678501331738824
2016-07-19,-3.747324684710302
2016-07-20,-3.524585142556103
2016-07-21,-3.3836731487377025
2016-07-22,-3.275416796085655
2016-07-23,-3.5174457017481227
2016-07-24,-3.386432645195832
2016-07-25,-3.5517742157153673
2016-07-26,-3.082280382934295
2016-07-27,-3.3007719439179892
2016-07-28,-3.2871464400324686
2016-07-29,-3.261075509330851
2016-07-30,-3.8323815848862055
2016-07-31,-3.222038147577931
2016-08-01,-3.2412125831399208
2016-08-02,-2.9783043054442517
2016-08-03,-2.8667509420593063
2016-08-04,-3.17581801930864
2016-08-05,-3.322405698955293
2016-08-06,-3.0028634105776586
2016-08-07,-2.4128169845291834
2016-08-08,-2.6995024326513724
2016-08-09,-2.337047186094396
2016-08-10,-2.891592475271304
2016-08-11,-2.7495546073817154
2016-08-12,-2.632908034125252
2016-08-13,-2.893426156780361
2016-08-14,-2.863509542237958
2016-08-15,-3.7336933730282693
2016-08-16,-3.687004620040171
2016-08-17,-3.6169677296517495
2016-08-18,-4.5463328130572975
2016-08-19,-3.5907005635220206
2016-08-20,-3.033706610144227
2016-08-21,-5.549481792177733
2016-08-22,-4.088719533929075
2016-08-23,-3.3117953932807747
2016-08-24,-2.7062595191933307
2016-08-25,-2.5058469885617045
2016-08-26,-3.4365370461536373
2016-08-27,-3.0305331309451633
2016-08-28,-3.460074957563119
2016-08-29,-2.886341788700714
2016-08-30,-2.8238451444265347
2016-08-31,-2.6657592996446846
2016-09-01,-2.6517359885982743
2016-09-02,-2.963833550406752
2016-09-03,-2.7215780706277517
2016-09-04,-2.4142537646123206
2016-09-05,-2.545861862881912
2016-09-06,-2.7498170299619935
2016-09-07,-2.60579218523156
2016-09-08,-2.3545000792776154
2016-09-09,-2.339312168105118
2016-09-10,-2.3645070260433396
2016-09-11,-3.0251074433512217
2016-09-12,-3.13795087477704
2016-09-13,-2.9708114146209814
2016-09-14,-2.6528258641017253
2016-09-15,-2.708572158371728
2016-09-16,-2.6762239985941014
2016-09-17,-3.0885578031970424
2016-09-18,-2.982654520535681
2016-09-19,-2.9021738509242128
2016-09-20,-2.8404143022341186
2016-09-21,-2.826980550563864
2016-09-22,-2.8246593286554607
2016-09-23,-2.547794293069305
2016-09-24,-2.4449057264932863
2016-09-25,-2.739276119941908
2016-09-26,-2.617839018655816
2016-09-27,-2.285930428161091
2016-09-28,-2.209830262343555
2016-09-29,-1.9129293273607333
2016-09-30,-1.981172864457808
2016-10-01,-1.941286100841349
2016-10-02,-3.0393384276176847
2016-10-03,-3.0995574468159814
2016-10-04,-3.1075338473966014
2016-10-05,-2.924500097816037
2016-10-06,-3.299526160933188
2016-10-07,-2.6172392795894
2016-10-08,-3.116297545915324
2016-10-09,-3.9219454253636394
2016-10-10,-2.0743995901904206
2016-10-11,-1.8963211866739422
2016-10-12,-2.185612127274244
2016-10-13,-1.8622915392033494
2016-10-14,-2.2290737199353226
2016-10-15,-2.7279122601552164
2016-10-16,-3.6923660166551207
2016-10-17,-2.601911170260399
2016-10-18,-2.309582897236683
2016-10-19,-2.724412073894585
2016-10-20,-2.761967663482997
2016-10-21,-2.576328300845714
2016-10-22,-2.4477334626479856
2016-10-23,-2.93823994049221
2016-10-24,-2.4677583515815424
2016-10-25,-3.0397751640517017
2016-10-26,-2.7025823054116014
2016-10-27,-2.3447189612529056
2016-10-28,-2.0127554643815024
2016-10-29,-2.1742773369229793
2016-10-30,-3.3056380338037994
2016-10-31,-3.4262418305084528
2016-11-01,-2.7628290632007357
2016-11-02,-2.767822334345396
2016-11-03,-3.0681007218857212
2016-11-04,-4.10928395285682
2016-11-05,-4.424518950172715
2016-11-06,-3.512907811265781
2016-11-07,-2.668182150662487
2016-11-08,-2.5813067176778914
2016-11-09,-1.7926969291458439
2016-11-10,-2.396412866042928
2016-11-11,-2.234686770203729
2016-11-12,-2.8052631657931233
2016-11-13,-2.7044643212860993
2016-11-14,-2.0600665335897395
2016-11-15,-1.9526247638085048
2016-11-16,-1.7518272826752141
2016-11-17,-2.18882213949903
2016-11-18,-2.457914812698886
2016-11-19,-2.547942786377555
2016-11-20,-2.621234127315842
2016-11-21,-2.3644045396869426
2016-11-22,-2.678197772790044
2016-11-23,-2.275541732973814
2016-11-24,-3.40860699975236
2016-11-25,-3.4432459778420816
2016-11-26,-3.437202168623067
2016-11-27,-3.4266818927376703
2016-11-28,-3.0349040813800428
2016-11-29,-2.6664480100458263
2016-11-30,-2.6042404394496432
2016-12-01,-2.315735305523887
2016-12-02,-2.507215753098242
2016-12-03,-2.1081600859407237
2016-12-04,-1.9007432779515132
2016-12-05,-1.7263512862035366
2016-12-06,-1.9464232681148963
2016-12-07,-2.1504586253934463
2016-12-08,-2.0482847063995027
2016-12-09,-2.404530669871813
2016-12-10,-2.870058166421212
2016-12-11,-5.268503504336845
2016-12-12,-4.054651221248405
2016-12-13,-3.1656612548121035
2016-12-14,-3.4755467411570655
2016-12-15,-3.2498895700191714
2016-12-16,-3.05864434027962
2016-12-17,-5.023458628360639
2016-12-18,-4.33988602102911
2016-12-19,-3.6931458347029236
2016-12-20,-3.755836877412828
2016-12-21,-3.322924539537426
2016-12-22,-3.2038629585791227
2016-12-23,-3.239017456928854
2016-12-24,-2.80866636501324
2016-12-25,-2.1821196193491064
2016-12-26,-2.746355719041876
2016-12-27,-2.9009097152386394
2016-12-28,-2.45672498697545
2016-12-29,-2.2994508482615603
2016-12-30,-2.474861957729642
2016-12-31,-2.455097510211363
2017-01-01,-5.7226900310491065
2017-01-02,-5.315435429488105
2017-01-03,-4.769820575574741
2017-01-04,-4.3044362390900455
2017-01-05,-4.563243422402496
2017-01-06,-3.8796886983870085
2017-01-07,-3.3022337909680686
2017-01-08,-2.8099278521619944
2017-01-09,-2.2009528177916695
2017-01-10,-2.626814547438384
2017-01-11,-2.4458133731574265
2017-01-12,-2.064786365778734
2017-01-13,-2.263822473065373
2017-01-14,-2.5370951220855398
2017-01-15,-2.3542276844322987
2017-01-16,-3.365424531138022
2017-01-17,-4.11672453791331
2017-01-18,-2.7920046401760676
2017-01-19,-2.5799668724809646
2017-01-20,-2.7142105679919846
2017-01-21,-2.389105538421102
2017-01-22,-2.074595652092267
2017-01-23,-2.247700697937008
2017-01-24,-1.8396055673024188
2017-01-25,-2.078391611997905
2017-01-26,-2.689140645910842
2017-01-27,-2.671012955120058
2017-01-28,-2.0536606023982538
2017-01-29,-2.307375427931385
2017-01-30,-2.3617287110682845
2017-01-31,-2.4400210734289955
2017-02-01,-2.627501999707726
2017-02-02,-2.620233595311681
2017-02-03,-2.1966083312121802
2017-02-04,-2.272222906315048
2017-02-05,-3.8693481810159103
2017-02-06,-2.6544239133536047
2017-02-07,-2.1229041469773784
2017-02-08,-1.7326895809918499
2017-02-09,-3.0130591031357192
2017-02-10,-2.4689495208474983
2017-02-11,-2.361046282094181
2017-02-12,-1.6799420098828657
2017-02-13,-1.462041424571869
2017-02-14,-2.2796095236781917
2017-02-15,-2.0545572769064697
2017-02-16,-2.039511182446789
2017-02-17,-2.55227607623275
2017-02-18,-2.7484222123242783
2017-02-19,-2.1142117934456355
2017-02-20,-2.7575401581352694
2017-02-21,-2.377507216003596
2017-02-22,-2.337150692801568
2017-02-23,-1.789294963598798
2017-02-24,-2.5265296105583035
2017-02-25,-2.043883746531199
2017-02-26,-1.8255531181519737
2017-02-27,-1.7310976023597235
2017-02-28,-2.2341855791194765
2017-03-01,-1.9329700559650065
2017-03-02,-2.0329512268205763
2017-03-03,-2.2733033954663266
2017-03-04,-2.595353328502495
2017-03-05,-2.7363944057350005
2017-03-06,-2.7482846128072405
2017-03-07,-2.2564265112097397
2017-03-08,-2.110753438801307
2017-03-09,-2.08959459176937
2017-03-10,-2.1712096708698376
2017-03-11,-2.751063440520901
2017-03-12,-2.926281775601115
2017-03-13,-2.8335051065412724
2017-03-14,-2.510465599931597
2017-03-15,-2.5773038300862083
2017-03-16,-2.167511468996256
2017-03-17,-2.239710317551389
2017-03-18,-2.12161569483253
2017-03-19,-2.4953714677919483
2017-03-20,-2.7286693651737757
2017-03-21,-2.177854303038037
2017-03-22,-2.547005285492252
2017-03-23,-2.624996675152956
2017-03-24,-2.224203512478797
2017-03-25,-2.0627540495183627
2017-03-26,-2.149030104832237
2017-03-27,-1.967851535285181
2017-03-28,-2.2708526567359915
2017-03-29,-2.5395250837418066
2017-03-30,-2.3801664853377784
2017-03-31,-2.3591573567440522
2017-04-01,-2.1667471984325175
2017-04-02,-1.4676519015496114
2017-04-03,-2.0156747583973784
2017-04-04,-2.9873940646017383
2017-04-05,-3.111733529922558
2017-04-06,-3.3799363739043904
2017-04-07,-3.465427514594136
2017-04-08,-3.0016937762999216
2017-04-09,-2.313652447342506
2017-04-10,-1.8113933721632027
2017-04-11,-2.6803005973513563
2017-04-12,-2.72026628799994
2017-04-13,-2.097117806884886
2017-04-14,-2.4799193527255166
2017-04-15,-2.1778148442649266
2017-04-16,-1.0589363492164585
2017-04-17,-1.0141312106848055
2017-04-18,-1.5717758748992714
2017-04-19,-1.92862032141175
2017-04-20,-1.9618366295575316
2017-04-21,-2.1107222580476632
2017-04-22,-1.8693271913488656
2017-04-23,-1.5550398697292587
2017-04-24,-2.3949070753044914
2017-04-25,-3.050293900254511
2017-04-26,-3.18465160748741
2017-04-27,-2.6457957055775143
2017-04-28,-2.0794148748601744
2017-04-29,-2.3131973575794174
2017-04-30,-2.5997215176654143
2017-05-01,-2.3289369627343786
2017-05-02,-1.7067950398861373
2017-05-03,-2.0337484828234405
2017-05-04,-2.011787451575931
2017-05-05,-1.770461320490088
2017-05-06,-2.014352534388396
2017-05-07,-1.3936445442007157
2017-05-08,-1.6608141193548995
2017-05-09,-1.783737931210672
2017-05-10,-1.7288220208712908
2017-05-11,-1.935011925644289
2017-05-12,-2.5621813309793544
2017-05-13,-2.0748698613370276
2017-05-14,-1.6216504110937675
2017-05-15,-2.2220547275973406
2017-05-16,-2.3501008285790843
2017-05-17,-2.657971553358556
2017-05-18,-2.429103606971411
2017-05-19,-2.746620706931351
2017-05-20,-2.3802622270691676
2017-05-21,-2.0871611454322396
2017-05-22,-2.7415504234478907
2017-05-23,-2.5147936741085046
2017-05-24,-2.3660684884593435
2017-05-25,-2.411792733133549
2017-05-26,-2.2341834436291235
2017-05-27,-2.329924296410047
2017-05-28,-2.3998122086315976
2017-05-29,-2.0136010061575975
2017-05-30,-2.3456106800912724
2017-05-31,-2.4579115942475736
2017-06-01,-2.4392085993747394
2017-06-02,-2.364564211640125
2017-06-03,-2.312312188699414
2017-06-04,-2.2093315864679766
2017-06-05,-2.5378705608860748
2017-06-06,-2.4708915232457564
2017-06-07,-2.687696113178579
2017-06-08,-2.1133340740336846
2017-06-09,-2.1535179926866648
2017-06-10,-2.3815495761793577
2017-06-11,-2.2422666320260056
2017-06-12,-1.9552952559485155
2017-06-13,-2.0104065438384273
2017-06-14,-2.6789727421912257
2017-06-15,-3.3165929401871623
2017-06-16,-2.861821617527476
2017-06-17,-2.3247031675669816
2017-06-18,-1.6808495292545538
2017-06-19,-1.902028790178241
2017-06-20,-1.763918235404385
2017-06-21,-1.6179732504467403
2017-06-22,-1.4929004089872322
2017-06-23,-2.0083570984119747
2017-06-24,-2.210701449535616
2017-06-25,-1.9829727757552207
2017-06-26,-2.454910048849902
2017-06-27,-2.205367015859325
2017-06-28,-2.317738173545472
2017-06-29,-2.1453931635509638
2017-06-30,-2.046040670451952
2017-07-01,-2.171194392423697
2017-07-02,-2.5844333075042694
2017-07-03,-2.5046010225680337
2017-07-04,-2.562278590269851
2017-07-05,-2.565213212372091
2017-07-06,-2.639745546108396
2017-07-07,-2.671204414559265
2017-07-08,-2.228464549246064
2017-07-09,-2.018696470624397
2017-07-10,-2.167215616139423
2017-07-11,-2.4072381352101524
2017-07-12,-2.78037826219087
2017-07-13,-2.387379638076541
2017-07-14,-2.8079164057269295
2017-07-15,-3.069548325110417
2017-07-16,-3.159409358259549
2017-07-17,-3.00886345760025
2017-07-18,-3.198295387978766
2017-07-19,-2.567187600110587
2017-07-20,-3.2178365625270606
2017-07-21,-3.3255423990556676
2017-07-22,-2.7911807140922225
2017-07-23,-2.6708490010947035
2017-07-24,-3.1411105282887055
2017-07-25,-2.6571590648989285
2017-07-26,-2.5488058604151225
2017-07-27,-2.304610377822972
2017-07-28,-2.4120383287859215
2017-07-29,-2.708818471484579
2017-07-30,-2.4076358043654196
2017-07-31,-2.6007111151234796
2017-08-01,-3.0452613034408795
2017-08-02,-2.5534688253997504
2017-08-03,-2.1104601202888937
2017-08-04,-2.043173556189275
2017-08-05,-2.1861549469314507
2017-08-06,-2.4848348763191948
2017-08-07,-2.3610557191285126
2017-08-08,-2.214031266479391
2017-08-09,-2.076888570695084
2017-08-10,-3.200200676948787
2017-08-11,-3.0894329537683074
2017-08-12,-2.6152786076078214
2017-08-13,-2.7983939989635345
2017-08-14,-4.17847094717038
2017-08-15,-2.607714460108219
2017-08-16,-2.396151493468836
2017-08-17,-2.3178707052725835
2017-08-18,-2.4161094673551498
2017-08-19,-2.631450444862379
2017-08-20,-2.7486339983994785
2017-08-21,-1.9988032861699208
2017-08-22,-1.9058431351546565
2017-08-23,-1.8417369404910489
2017-08-24,-1.8666173703777742
2017-08-25,-1.9080393325011
2017-08-26,-2.2159258915675855
2017-08-27,-1.9494970484900163
2017-08-28,-2.16630096426532
2017-08-29,-4.083972178648601
2017-08-30,-2.364516304692942
2017-08-31,-2.6423328726420756
2017-09-01,-3.267597330417166
2017-09-02,-3.031021414872975
2017-09-03,-2.832971042348944
2017-09-04,-3.2498241564493484
2017-09-05,-3.0164836054572164
2017-09-06,-3.043168644162002
2017-09-07,-2.7691159985558422
2017-09-08,-2.6878422078950983
2017-09-09,-2.5486649676250646
2017-09-10,-2.088198637595973
2017-09-11,-2.667309352759237
2017-09-12,-2.7421688401104056
2017-09-13,-1.7179820596369706
2017-09-14,-1.785596965213691
2017-09-15,-2.005144077455284
2017-09-16,-2.129549906718979
2017-09-17,-2.1923307513793855
2017-09-18,-2.0761012708110074
2017-09-19,-2.1004370462714204
2017-09-20,-1.8165124175342147
2017-09-21,-1.9294004226884267
2017-09-22,-2.564524927536467
2017-09-23,-2.7158315655596947
2017-09-24,-2.2591460986843988
2017-09-25,-2.249887575600718
2017-09-26,-2.454805161511
2017-09-27,-1.9590269196421313
2017-09-28,-2.009269962727316
2017-09-29,-2.284633463443653
2017-09-30,-2.5356071486527316
2017-10-01,-1.896502368449281
2017-10-02,-2.118675859799004
2017-10-03,-2.0248268916865695
2017-10-04,-2.441392225336583
2017-10-05,-2.7170954329456083
2017-10-06,-1.74682847081841
2017-10-07,-1.4553851857771762
2017-10-08,-2.8735732616302014
2017-10-09,-2.6328964534134687
2017-10-10,-1.931496372598429
2017-10-11,-2.1837017099349896
2017-10-12,-2.2277537568497228
2017-10-13,-2.2779657827371307
2017-10-14,-2.0919284148326867
2017-10-15,-2.158877370892838
2017-10-16,-2.677923461093358
2017-10-17,-2.614666207578838
2017-10-18,-1.9685409095779822
2017-10-19,-1.4433989457721994
2017-10-20,-1.681483542787283
2017-10-21,-1.698457520361649
2017-10-22,-1.5824695671309474
2017-10-23,-1.605119154435886
2017-10-24,-1.945941144522768
2017-10-25,-2.407598294804332
2017-10-26,-2.009617479622014
2017-10-27,-1.3930250562510642
2017-10-28,-1.7681705822333678
2017-10-29,-1.770465535749146
2017-10-30,-1.7014690285491236
2017-10-31,-1.5133955902917215
2017-11-01,-1.9548584843137864
2017-11-02,-2.2777881618857774
2017-11-03,-2.520657985905717
2017-11-04,-2.4325474351497642
2017-11-05,-2.1840275248235486
2017-11-06,-1.756663572852201
2017-11-07,-1.8058339440293978
2017-11-08,-1.6394673230225445
2017-11-09,-1.818463406182665
2017-11-10,-2.220752543223641
2017-11-11,-2.454650448250233
2017-11-12,-2.512666042699016
2017-11-13,-2.159201066493586
2017-11-14,-1.4844424195241477
2017-11-15,-1.5589911279700805
2017-11-16,-1.7517574624227237
2017-11-17,-1.8213070377115543
2017-11-18,-2.13014354652607
2017-11-19,-1.8394418881067336
2017-11-20,-2.1214575464626284
2017-11-21,-1.8474248420029422
2017-11-22,-1.6347914016475487
2017-11-23,-1.3002853552547762
2017-11-24,-1.7368673739535845
2017-11-25,-1.87123666584614
2017-11-26,-1.7457956399694008
2017-11-27,-2.2055510659750674
2017-11-28,-2.469602852540465
2017-11-29,-2.6012110690394414
2017-11-30,-2.450648978482166
2017-12-01,-2.832393220103237
2017-12-02,-2.6360852301863322
2017-12-03,-2.318071487456891
2017-12-04,-2.0571466132632334
2017-12-05,-2.1153058276128958
2017-12-06,-2.1023969423931104
2017-12-07,-1.8534376063266789
2017-12-08,-1.8220324863070734
2017-12-09,-1.8407802653771703
2017-12-10,-2.231949349003184
2017-12-11,-2.1271425535354522
2017-12-12,-1.7150321788305931
2017-12-13,-1.4242462660082165
2017-12-14,-1.5496403057142352
2017-12-15,-1.9936379605436205
2017-12-16,-2.049351521961237
2017-12-17,-2.1385222993682254
2017-12-18,-2.654454700103361
2017-12-19,-2.2723105699624577
2017-12-20,-2.0297673802427862
2017-12-21,-2.0879576559178985
2017-12-22,-2.058283386963592
2017-12-23,-1.6958291265735161
2017-12-24,-1.6783706429330667
2017-12-25,-2.0431907015893676
2017-12-26,-1.7934795652148066
2017-12-27,-1.8300393881788755
2017-12-28,-2.841226619372204
2017-12-29,-2.9024584008873506
2017-12-30,-2.4272186474173587
2017-12-31,-2.7411720027034403
2018-01-01,-2.0073434299898323
2018-01-02,-2.659921821732422
2018-01-03,-2.8533357559253893
2018-01-04,-3.224092970703136
2018-01-05,-2.4318998791902646
2018-01-06,-1.858021275252109
2018-01-07,-1.570797868492301
2018-01-08,-1.5800868411959441
2018-01-09,-1.6309368920458491
2018-01-10,-2.022067986301713
2018-01-11,-2.3496168044784382
2018-01-12,-3.001247814915367
2018-01-13,-2.5998149528505037
2018-01-14,-2.232973153744536
2018-01-15,-2.383076422785119
2018-01-16,-2.003781367169938
2018-01-17,-2.2050175444492486
2018-01-18,-2.24512366753211
2018-01-19,-2.2286877727799097
2018-01-20,-2.4458987712640146
2018-01-21,-2.8824640305283653
2018-01-22,-3.0694786714987394
2018-01-23,-3.017843126260806
2018-01-24,-3.019169734542855
2018-01-25,-2.7708843373018808
2018-01-26,-2.3792518926983024
2018-01-27,-2.6425218546335802
2018-01-28,-2.41146385169183
2018-01-29,-2.8140481048856123
2018-01-30,-3.0265915869165068
2018-01-31,-2.9290173903899115
2018-02-01,-3.2002139067192332
2018-02-02,-3.259183792923614
2018-02-03,-3.616868175301735
2018-02-04,-3.54574201996226
2018-02-05,-2.6539177359300097
2018-02-06,-2.5415371813486396
2018-02-07,-2.27828429542978
2018-02-08,-2.236744656637545
2018-02-09,-2.6790536637514326
2018-02-10,-3.3988090766293904
2018-02-11,-3.298134884891419
2018-02-12,-2.4461714220883137
2018-02-13,-2.791363957900485
2018-02-14,-2.4854122026322143
2018-02-15,-2.363195955125308
2018-02-16,-2.7921241703221504
2018-02-17,-2.8916483794463965
2018-02-18,-2.7534382350717905
2018-02-19,-2.3355015940179604
2018-02-20,-2.3385063597711495
2018-02-21,-2.285189057232797
2018-02-22,-2.4015682656449093
2018-02-23,-2.616814479271058
2018-02-24,-2.2279171413795673
2018-02-25,-2.6416117477512047
2018-02-26,-2.3221892752243725
2018-02-27,-2.2622184991413987
2018-02-28,-2.273219290350739
2018-03-01,-1.9363233230778827
2018-03-02,-2.706970852018852
2018-03-03,-2.9426145640189025
2018-03-04,-2.455737345104908
2018-03-05,-3.0665155284847345
2018-03-06,-2.3047196738331466
2018-03-07,-2.3205270580373982
2018-03-08,-2.0703208085164784
2018-03-09,-2.6913629490316318
2018-03-10,-2.295805575605436
2018-03-11,-2.3792680821635623
2018-03-12,-2.131135895266594
2018-03-13,-2.111615934587066
2018-03-14,-1.8826154666516077
2018-03-15,-2.202006220028809
2018-03-16,-2.796825569265416
2018-03-17,-3.1131802732012406
2018-03-18,-2.6465994793884975
2018-03-19,-2.3432418484689594
2018-03-20,-2.6479654743942147
2018-03-21,-2.2031477529851844
2018-03-22,-2.5857452066965014
2018-03-23,-2.361783435633571
2018-03-24,-1.9987371676747074
2018-03-25,-2.2371990425393387
2018-03-26,-1.9337869539572072
2018-03-27,-2.1534842309225994
2018-03-28,-1.658326627581665
2018-03-29,-2.1800276926428137
2018-03-30,-2.5078225279424533
2018-03-31,-2.442960806259093
2018-04-01,-2.8802241778993594
2018-04-02,-2.756214667627467
2018-04-03,-1.6573613910127605
2018-04-04,-1.7089634130261289
2018-04-05,-2.5638658758624837
2018-04-06,-2.244440878601977
2018-04-07,-2.242427246072595
2018-04-08,-2.4775814724265484
2018-04-09,-1.9661187955549946
2018-04-10,-1.848164964010185
2018-04-11,-1.9204333660281347
2018-04-12,-2.277808508369372
2018-04-13,-2.51885950531377
2018-04-14,-2.564918060786423
2018-04-15,-2.3289524172786473
2018-04-16,-2.628523515864852
2018-04-17,-1.9342637520395336
2018-04-18,-1.613467623173283
2018-04-19,-1.6472562823539527
2018-04-20,-1.2172517318886324
2018-04-21,-1.417315407249766
2018-04-22,-1.6080860329991753
2018-04-23,-1.5873506153208623
2018-04-24,-1.5787333697751322
2018-04-25,-1.6861407267488904
2018-04-26,-2.0672224722217734
2018-04-27,-1.4168594212348131
2018-04-28,-1.3324049734275383
2018-04-29,-1.1961839623234127
2018-04-30,-1.3721593266378194
2018-05-01,-1.4589129944384287
2018-05-02,-1.249647222988761
2018-05-03,-1.592233878344043
2018-05-04,-1.4692442322295074
2018-05-05,-0.8444898385050068
2018-05-06,-1.0097824153453814
2018-05-07,-1.3888744331462577
2018-05-08,-1.5910092997333396
2018-05-09,-1.675493765509204
2018-05-10,-1.0727701578656303
2018-05-11,-1.9118563124467423
2018-05-12,-1.2193680184656552
2018-05-13,-0.912557719186605
2018-05-14,-2.407403165459029
2018-05-15,-3.177392131318739
2018-05-16,-3.1100494764680544
2018-05-17,-2.8406936495735167
2018-05-18,-2.030637063327652
2018-05-19,-2.1289580585691277
2018-05-20,-1.4902427039247024
2018-05-21,-1.9304479406046247
2018-05-22,-1.993728222628895
2018-05-23,-1.5200833475769993
2018-05-24,-1.964479383456507
2018-05-25,-1.9348115060864246
2018-05-26,-1.4062822009869855
2018-05-27,-0.9986319857527413
2018-05-28,-0.9700743792085978
2018-05-29,-1.8588263811022716
2018-05-30,-1.4975471839513945
2018-05-31,-1.4854578836840608
2018-06-01,-1.3316394223612287
2018-06-02,-0.8571000592702445
2018-06-03,-1.947788086054402
2018-06-04,-1.5089879375304216
2018-06-05,-1.7955910694131367
2018-06-06,-1.9715350094449642
2018-06-07,-1.7782704916987182
2018-06-08,-1.8779487494035314
2018-06-09,-1.9627639261378957
2018-06-10,-1.457987332751939
2018-06-11,-1.776031455760151
2018-06-12,-0.8824501301823163
2018-06-13,-0.9414646167088837
2018-06-14,-1.394797463390081
2018-06-15,-1.8006927600653673
2018-06-16,-1.8929367565076338
2018-06-17,-1.9572065079067158
2018-06-18,-1.5977576845552561
2018-06-19,-2.0968053030729017
2018-06-20,-1.9546854096124167
2018-06-21,-1.5965764609735336
2018-06-22,-1.5133764227761213
2018-06-23,-1.3636008028550226
2018-06-24,-0.3072734445748563
2018-06-25,0.6187664166211936
2018-06-26,-0.3907580569842644
2018-06-27,-1.5709892953792997
2018-06-28,-1.7740505062074154
2018-06-29,-1.756514833297541
2018-06-30,-1.7372980932701716
2018-07-01,-1.7110722395681934
2018-07-02,-1.6978931768524415
2018-07-03,-2.080467381040998
2018-07-04,-1.693757760920988
2018-07-05,-2.045578219982369
2018-07-06,-2.533729122291328
2018-07-07,-1.476755930363123
2018-07-08,-3.1542252128061996
2018-07-09,-1.6649305047594956
2018-07-10,-0.6946382509281329
2018-07-11,-1.770718170078552
2018-07-12,-2.219241479550506
2018-07-13,-1.9949850190077802
2018-07-14,-1.7263823671535246
2018-07-15,-2.4060389604520256
2018-07-16,-1.8919526562632654
2018-07-17,-2.1688929631303604
2018-07-18,-3.3373407419346446
2018-07-19,-3.404752803870775
2018-07-20,-2.2826061796115455
2018-07-21,-2.510893967646998
2018-07-22,-2.4468645618758056
2018-07-23,-2.2824034739095143
2018-07-24,-2.646420079428449
2018-07-25,-2.7586246428512826
2018-07-26,-3.2245799339578283
2018-07-27,-2.996490252493663
2018-07-28,-2.158442681063207
2018-07-29,-3.201273480975158
2018-07-30,-2.6895623003499294
2018-07-31,-3.03345728372498
2018-08-01,-3.567860979297757
2018-08-02,-3.7275995691038815
2018-08-03,-3.4044575221368922
2018-08-04,-3.2026323792929534
2018-08-05,-2.498742147075144
2018-08-06,-2.449622272998527
2018-08-07,-2.111230700436298
2018-08-08,-2.2059689154718582
2018-08-09,-2.172979767257756
2018-08-10,-2.516757315806612
2018-08-11,-2.9471256638241936
2018-08-12,-2.810766637283224
2018-08-13,-2.5463693723273946
2018-08-14,-2.5415342316102767
2018-08-15,-2.333934758271464
2018-08-16,-2.3206027679398873
2018-08-17,-2.5568852914113354
2018-08-18,-2.278404414342401
2018-08-19,-1.8681679961863764
2018-08-20,-3.1599822926096084
2018-08-21,-2.6452143505555226
2018-08-22,-2.7594225972733852
2018-08-23,-2.622455137200167
2018-08-24,-2.467065277154244
2018-08-25,-2.995704293362324
2018-08-26,-2.4737504730516897
2018-08-27,-2.474336019874456
2018-08-28,-2.386983459329693
2018-08-29,-1.7072410040456931
2018-08-30,-2.0134440757466665
2018-08-31,-2.593575342389213
2018-09-01,-2.444615136658119
2018-09-02,-2.227515182270834
2018-09-03,-1.8703986058820308
2018-09-04,-2.6754978770469164
2018-09-05,-3.008324673966732
2018-09-06,-2.880395212619279
2018-09-07,-3.277793732038868
2018-09-08,-3.8206159787694416
2018-09-09,-3.200543674418104
2018-09-10,-3.059446625659021
2018-09-11,-3.1643371871749153
2018-09-12,-3.235619134599272
2018-09-13,-2.3006925919371755
2018-09-14,-2.303201725977279
2018-09-15,-2.2865042443818573
2018-09-16,-2.263215854461787
2018-09-17,-2.186150424033023
2018-09-18,-2.2671990021154325
2018-09-19,-2.1870032666864185
2018-09-20,-1.9010563409969832
2018-09-21,-1.9229166724838307
2018-09-22,-1.7633905972534545
2018-09-23,-1.8323219409601421
2018-09-24,-1.7873761607011558
2018-09-25,-1.57379930104853
2018-09-26,-1.9891675181564898
2018-09-27,-1.952133286824607
2018-09-28,-2.076063143969805
2018-09-29,-2.210815287823792
2018-09-30,-2.0842343223129576
2018-10-01,-2.0162138625269748
2018-10-02,-2.5168050598632146
2018-10-03,-2.6333932690978994
2018-10-04,-2.435280905752311
2018-10-05,-2.169858746791371
2018-10-06,-2.2994027680025266
2018-10-07,-2.603675488600419
2018-10-08,-2.2992799655135627
2018-10-09,-2.1708660273396845
2018-10-10,-2.2670532335364704
2018-10-11,-2.1272771194383373
2018-10-12,-2.8341603393104826
2018-10-13,-2.594916203945039
2018-10-14,-2.7442040805559977
2018-10-15,-3.0427128147998466
2018-10-16,-2.567447048320839
2018-10-17,-2.3005646547636287
2018-10-18,-2.4561137889572153
2018-10-19,-2.642441638268133
2018-10-20,-2.8925792193949147
2018-10-21,-2.771959484985887
2018-10-22,-2.789791477541344
2018-10-23,-2.6127755600761935
2018-10-24,-2.4127247895034745
2018-10-25,-2.488738671626273
2018-10-26,-2.8763926142564125
2018-10-27,-2.815753622394476
2018-10-28,-2.435580176885314
2018-10-29,-2.0687106153301618
2018-10-30,-2.16334348354234
2018-10-31,-3.0647719432721248
2018-11-01,-2.5924611534389763
2018-11-02,-2.9337011300417206
2018-11-03,-1.8711269739414678
2018-11-04,-1.9219119344189248
2018-11-05,-2.238714466889716
2018-11-06,-2.155136678921437
2018-11-07,-1.6949510076395646
2018-11-08,-1.5412397405681901
2018-11-09,-1.8008868121279502
2018-11-10,-3.167276588181897
2018-11-11,-2.864353896131702
2018-11-12,-2.5319663033692636
2018-11-13,-1.8697703315192222
2018-11-14,-1.5994767452928216
2018-11-15,-3.473018951651194
2018-11-16,-3.605246844519208
2018-11-17,-2.1082214212960353
2018-11-18,-2.2168814549798586
2018-11-19,-1.7546030463414086
2018-11-20,-1.8820250626114559
2018-11-21,-1.9773824298433362
2018-11-22,-1.5929298663922509
2018-11-23,-2.162567448446055
2018-11-24,-1.4225933497243135
2018-11-25,-2.2893021144974575
2018-11-26,-2.2285562193095014
2018-11-27,-1.7505349857383452
2018-11-28,-1.7913585484152081
2018-11-29,-1.9015313271359153
2018-11-30,-1.6436461984370787
2018-12-01,-1.3466563378345753
2018-12-02,-1.2891801881073988
2018-12-03,-1.279931539522522
2018-12-04,-1.4197348353725339
2018-12-05,-2.4679931558513664
2018-12-06,-2.2968616962889308
2018-12-07,-1.9241204688185598
2018-12-08,-1.7707591714299855
2018-12-09,-2.3185660315585657
2018-12-10,-2.823248882341589
2018-12-11,-2.0694530636355624
2018-12-12,-1.6177097214832237
2018-12-13,-2.9620099506167965
2018-12-14,-2.773512453506369
2018-12-15,-2.117011089042609
2018-12-16,-2.8847813154485733
2018-12-17,-2.744106771215396
2018-12-18,-2.702954976409247
2018-12-19,-2.207438031042352
2018-12-20,-2.1024793682298264
2018-12-21,-2.165109458467445
2018-12-22,-2.2595269518298218
2018-12-23,-2.6594446353774814
2018-12-24,-2.1818540047838866
2018-12-25,-1.6560353514373518
2018-12-26,-1.830227010606354
2018-12-27,-1.8547289237071836
2018-12-28,-1.9619901670483642
2018-12-29,-2.049534264980379
2018-12-30,-2.055060182494528
2018-12-31,-2.1317935676860116
2019-01-01,-1.6718408735228958
2019-01-02,-2.2958976037174486
2019-01-03,-3.1938484202710855
2019-01-04,-2.1586214389012754
2019-01-05,-1.5077171071932987
2019-01-06,-1.8918548742031212
2019-01-07,-2.3426721110897444
2019-01-08,-2.7869503095085593
2019-01-09,-2.5223552373631835
2019-01-10,-2.1397054032459955
2019-01-11,-2.1105299820736443
2019-01-12,-2.1842824949229986
2019-01-13,-1.7879310960815233
2019-01-14,-2.978224563246038
2019-01-15,-2.521932059042267
2019-01-16,-2.1555873465878754
2019-01-17,-2.172712514917236
2019-01-18,-1.8080635129556415
2019-01-19,-2.27630950510141
2019-01-20,-2.768639913476352
2019-01-21,-2.0833022147115923
2019-01-22,-2.0267428016253324
2019-01-23,-1.7927265057561586
2019-01-24,-1.2355510480188177
2019-01-25,-1.8333047713935549
2019-01-26,-2.2190122323255945
2019-01-27,-3.1647474211213473
2019-01-28,-2.2132351143911713
2019-01-29,-1.9783335612884867
2019-01-30,-2.056106697681616
2019-01-31,-1.5576244770191014
2019-02-01,-1.623130564182083
2019-02-02,-1.9996226189536208
2019-02-03,-2.001027260395561
2019-02-04,-1.803011555576033
2019-02-05,-1.5214710303594179
2019-02-06,-1.7129637777316107
2019-02-07,-1.9209276633963732
2019-02-08,-2.344485315182925
2019-02-09,-1.969561435646696
2019-02-10,-2.118512383642993
2019-02-11,-1.919825595737747
2019-02-12,-2.6383048531767708
2019-02-13,-1.790425247196408
2019-02-14,-1.9049342066676123
2019-02-15,-2.082543920730368
2019-02-16,-1.7046999778812344
2019-02-17,-1.7231177854996644
2019-02-18,-1.759786743389394
2019-02-19,-2.201614530428741
2019-02-20,-1.8459297140133424
2019-02-21,-2.0793222785327803
2019-02-22,-1.9108590007290143
2019-02-23,-1.4821032354143389
2019-02-24,-1.5098863287268538
2019-02-25,-1.4772335836793622
2019-02-26,-1.6785784360581708
2019-02-27,-1.4291596773671442
2019-02-28,-1.3217401467595729
2019-03-01,-1.1625824464957253
2019-03-02,-1.5939634758195973
2019-03-03,-1.464336027595223
2019-03-04,-1.172343462122899
2019-03-05,-0.9035139408013779
2019-03-06,-1.2643794224912888
2019-03-07,-1.39388279908065
2019-03-08,-1.7045527342685243
2019-03-09,-1.9030279420869758
2019-03-10,-2.112767599080194
2019-03-11,-1.76098310247754
2019-03-12,-1.4352434721677647
2019-03-13,-2.284858431176705
2019-03-14,-2.0196130762056526
2019-03-15,-3.3348544863003915
2019-03-16,-3.1972439391066274
2019-03-17,-2.862605078325187
2019-03-18,-3.3125143210756103
2019-03-19,-3.5720167065607558
2019-03-20,-3.594961846629186
2019-03-21,-2.301457551044231
2019-03-22,-2.7945224669009696
2019-03-23,-1.733898498710905
2019-03-24,-2.08304703896589
2019-03-25,-1.9327985113329378
2019-03-26,-2.372002785280119
2019-03-27,-1.2991064610790641
2019-03-28,-1.9078914139812064
2019-03-29,-1.2004735710305723
2019-03-30,-1.1126167448633226
2019-03-31,-0.9414864006907006
2019-04-01,-0.6566923254256951
2019-04-02,-1.1799431783656378
2019-04-03,-1.1718482831146166
2019-04-04,-1.7902788179507547
2019-04-05,-1.2854333134764833
2019-04-06,-1.3309920641780724
2019-04-07,-1.506860437233304
2019-04-08,-1.042616930981527
2019-04-09,-1.3962264711787418
2019-04-10,-1.4540912711888219
2019-04-11,-1.2787797189382009
2019-04-12,-1.4044016718463836
2019-04-13,-1.036053299906893
2019-04-14,-1.3027965384672258
2019-04-15,-0.9195642494460238
2019-04-16,-0.7515895940054542
2019-04-17,-1.197803220040757
2019-04-18,-1.2235613284365776
2019-04-19,-1.9143592893955697
2019-04-20,-2.1754225561312297
2019-04-21,-2.653289380224858
2019-04-22,-2.529063032182022
2019-04-23,-1.9974281747765061
2019-04-24,-2.7468030369437266
2019-04-25,-2.3632586208954067
2019-04-26,-2.4134701462724615
2019-04-27,-2.105172903055714
2019-04-28,-1.3558487849825664
2019-04-29,-2.77124185178093
2019-04-30,-2.400888757680915
2019-05-01,-1.543573133231525
2019-05-02,-1.637564902467539
2019-05-03,-1.5815478106942167
2019-05-04,-2.0651510248414264
2019-05-05,-2.903825846659895
2019-05-06,-2.205170806599937
2019-05-07,-1.9323005316953477
2019-05-08,-1.873631734460408
2019-05-09,-1.471200522518736
2019-05-10,-2.261452140203312
2019-05-11,-2.1614244618726497
2019-05-12,-2.37573440258973
2019-05-13,-2.237530411758395
2019-05-14,-2.281651264759983
2019-05-15,-2.3050098862332566
2019-05-16,-1.9374454338384
2019-05-17,-1.9896056401542734
2019-05-18,-2.155910660893629
2019-05-19,-1.5938759840426324
2019-05-20,-2.266675705678547
2019-05-21,-2.494419552100823
2019-05-22,-2.7300470724076753
2019-05-23,-1.8845096780826542
2019-05-24,-1.6734295841192381
2019-05-25,-1.6244183925182325
2019-05-26,-2.510869840582791
2019-05-27,-1.9620896909989574
2019-05-28,-1.8746235359520564
2019-05-29,-1.9752699165921799
2019-05-30,-2.041830078071741
2019-05-31,-1.699562921568515
2019-06-01,-2.240798009088827
2019-06-02,-1.9425283188643134
2019-06-03,-2.0940975092169425
2019-06-04,-1.5193507528167154
2019-06-05,-1.4951269075448885
2019-06-06,-1.7329309565207152
2019-06-07,-1.6481124537686869
2019-06-08,-1.4824461746859476
2019-06-09,-2.2593718756180547
2019-06-10,-1.5911492507526228
2019-06-11,-2.1125639910329634
2019-06-12,-2.0444640889850207
2019-06-13,-2.10999230340482
2019-06-14,-1.696346403670901
2019-06-15,-1.6298035888823512
2019-06-16,-2.214539479664688
2019-06-17,-2.272697359934946
2019-06-18,-2.8677622927230697
2019-06-19,-2.5289562805573644
2019-06-20,-2.8601212013770643
2019-06-21,-1.9342593095751126
2019-06-22,-1.5998339847350158
2019-06-23,-1.3527071401065565
2019-06-24,-1.9254929490482877
2019-06-25,-1.5415266675954256
2019-06-26,-2.138340734387689
2019-06-27,-1.5714153825281914
2019-06-28,-2.224441871536555
2019-06-29,-1.9943837249900804
2019-06-30,-2.2782634041346266
2019-07-01,-2.074908876635263
2019-07-02,-2.4064919959456805
2019-07-03,-1.9986003843179165
2019-07-04,-2.3022200045566747
2019-07-05,-2.570147769114289
2019-07-06,-2.655378675955975
2019-07-07,-1.9448325933910136
2019-07-08,-1.5624701851051699
2019-07-09,-2.505681266806556
2019-07-10,-2.1925255438726206
2019-07-11,-2.1923250796516554
2019-07-12,-2.1398041064046924
2019-07-13,-2.188536768149488
2019-07-14,-2.43228696977737
2019-07-15,-2.199649160933236
2019-07-16,-2.0973249583456886
2019-07-17,-3.3049873275064905
2019-07-18,-2.9519891100769917
2019-07-19,-3.114327873482997
2019-07-20,-2.657938253678589
2019-07-21,-2.2386599240521092
2019-07-22,-2.5159362745771046
2019-07-23,-2.304492041886279
2019-07-24,-1.9547869180111972
2019-07-25,-1.7450671024639868
2019-07-26,-1.8532426784020897
2019-07-27,-2.161378663668234
2019-07-28,-2.388573074602397
2019-07-29,-1.7356355921849873
2019-07-30,-1.914972632579189
2019-07-31,-1.2905474267193089
2019-08-01,-1.8508955652792127
2019-08-02,-1.4912110154776215
2019-08-03,-1.3296336671096594
2019-08-04,-1.2480582300494665
2019-08-05,-1.5519623662826818
2019-08-06,-2.0708301407525314
2019-08-07,-1.6008785034545592
2019-08-08,-1.1627984427561575
2019-08-09,-1.1713886539685623
2019-08-10,-1.1692014938704474
2019-08-11,-1.5327708904332722
2019-08-12,-1.3011427685850723
2019-08-13,-1.6004151199956462
2019-08-14,-1.71972034778413
2019-08-15,-1.4026486936052773
2019-08-16,-1.0124321019146398
2019-08-17,-0.9508662957475117
2019-08-18,-1.7870875217823448
2019-08-19,-3.3684639323144983
2019-08-20,-3.183493183862778
2019-08-21,-2.6430881936351565
2019-08-22,-2.370510156625541
2019-08-23,-2.6083781196510483
2019-08-24,-2.596183182890766
2019-08-25,-2.276327860327903
2019-08-26,-1.7792584532420648
2019-08-27,-1.6455524486953406
2019-08-28,-1.403360442627079
2019-08-29,-1.4563566234062981
2019-08-30,-1.5787189488307067
2019-08-31,-1.8366877549553537
2019-09-01,-1.8608449265871325
2019-09-02,-1.979675952589301
2019-09-03,-1.9304475345092948
2019-09-04,-1.993074774963735
2019-09-05,-1.8363550064443754
2019-09-06,-2.2627103202039494
2019-09-07,-2.0675937553357584
2019-09-08,-1.8666760019579212
2019-09-09,-1.6451044929274428
2019-09-10,-1.9802938991170433
2019-09-11,-2.051426293728106
2019-09-12,-2.191495438732465
2019-09-13,-1.99749985997614
2019-09-14,-2.4067135608509393
2019-09-15,-2.4465867400497148
2019-09-16,-2.28736440505745
2019-09-17,-1.751100359935952
2019-09-18,-1.5771000408570883
2019-09-19,-1.4941853297879264
2019-09-20,-1.5702391437654881
2019-09-21,-1.5363536156566213
2019-09-22,-1.5042504904432907
2019-09-23,-1.4775774377325868
2019-09-24,-1.6018954999657773
2019-09-25,-2.1518096614524733
2019-09-26,-1.7458165457877
2019-09-27,-1.5876370663823534
2019-09-28,-1.6017241952995847
2019-09-29,-1.8899413326993229
2019-09-30,-2.0976293175217773
2019-10-01,-2.2186973800664442
2019-10-02,-1.9098548480519242
2019-10-03,-1.793432531750757
2019-10-04,-2.0912535878446397
2019-10-05,-1.9227325889318825
2019-10-06,-1.8638133593513702
2019-10-07,-2.54916883757777
2019-10-08,-2.885765180934665
2019-10-09,-3.3088348871939113
2019-10-10,-4.028271556328979
2019-10-11,-4.16266741882791
2019-10-12,-4.114402615021432
2019-10-13,-4.057946473412949
2019-10-14,-3.4577486747416115
2019-10-15,-3.6643451598737955
2019-10-16,-3.5262116097844887
2019-10-17,-3.203759398654566
2019-10-18,-2.769131158122523
2019-10-19,-3.23742728871595
2019-10-20,-3.174676479455637
2019-10-21,-2.928090683586962
2019-10-22,-2.535269055422436
2019-10-23,-2.2273040152144827
2019-10-24,-2.6415980422103007
2019-10-25,-2.4537261472463885
2019-10-26,-2.5823693078599725
2019-10-27,-2.9919485002740562
2019-10-28,-2.710743269342399
2019-10-29,-2.437134023785452
2019-10-30,-3.039004245199934
2019-10-31,-2.471911958639344
2019-11-01,-2.1081833091389908
2019-11-02,-2.8824504455399627
2019-11-03,-2.8476958102199235
2019-11-04,-2.79444446983433
2019-11-05,-2.3951702120741545
2019-11-06,-2.12747191629115
2019-11-07,-1.834846681037266
2019-11-08,-2.116286596849276
2019-11-09,-1.932326962184168
2019-11-10,-1.9693688997857726
2019-11-11,-2.571039975875663
2019-11-12,-2.9793228746934224
2019-11-13,-2.9206964634077135
2019-11-14,-2.6599114373106745
2019-11-15,-2.5402861544276822
2019-11-16,-2.881559570841059
2019-11-17,-3.1973417911791153
2019-11-18,-1.910477035514627
2019-11-19,-2.319696214327481
2019-11-20,-2.180180482606976
2019-11-21,-2.272989641130482
2019-11-22,-2.3062862385837612
2019-11-23,-2.3029519958372253
2019-11-24,-1.7333544832891232
2019-11-25,-1.7893838736270984
2019-11-26,-1.9814340296823583
2019-11-27,-1.8776116636089701
2019-11-28,-1.6257332691119477
2019-11-29,-1.5765173575884042
2019-11-30,-1.0691573004666786
2019-12-01,-1.6585026983433144
2019-12-02,-1.9400805634828548
2019-12-03,-1.918904357289482
2019-12-04,-1.7130790533525664
2019-12-05,-1.8502758731349658
2019-12-06,-1.7851146207722717
2019-12-07,-1.3551822506227131
2019-12-08,-1.658116927548249
2019-12-09,-1.673997988337015
2019-12-10,-1.3949498710910202
2019-12-11,-1.8146890716260975
2019-12-12,-1.9839832130722896
2019-12-13,-2.0826526557105742
2019-12-14,-1.8080607481300783
2019-12-15,-1.614605513441922
2019-12-16,-2.121035987363498
2019-12-17,-2.642429729124883
2019-12-18,-2.156661746942432
2019-12-19,-1.6674473963663252
2019-12-20,-2.510343239149044
2019-12-21,-1.753611909594701
2019-12-22,-1.5873551812574216
2019-12-23,-3.391992266708927
2019-12-24,-2.6637272464043
2019-12-25,-1.535939582648822
2019-12-26,-1.7635018973162053
2019-12-27,-2.1851973839100256
2019-12-28,-2.4643381468111647
2019-12-29,-2.7384995136552934
2019-12-30,-2.5186974156048496
2019-12-31,-2.55173043354583
2020-01-01,-0.9512977051498007
2020-01-02,-3.4232943953068933
2020-01-03,-3.197246568650109
2020-01-04,-3.929388534783199
2020-01-05,-2.7204404510585176
2020-01-06,-2.226783716119362
2020-01-07,-1.998667616671705
2020-01-08,-1.8159826689253107
2020-01-09,-2.221646334286139
2020-01-10,-1.9457268346316925
2020-01-11,-1.889740176689775
2020-01-12,-2.1484767782584364
2020-01-13,-1.5665467260687396
2020-01-14,-1.9812764774282912
2020-01-15,-2.0200749677797885
2020-01-16,-2.241707997798678
2020-01-17,-2.144302230438631
2020-01-18,-2.5668097463199713
2020-01-19,-2.4338391286465315
2020-01-20,-2.0401267429257475
2020-01-21,-2.0167030339165857
2020-01-22,-2.361781553499334
2020-01-23,-2.1605356240749782
2020-01-24,-1.9865899774187115
2020-01-25,-2.716889963986201
2020-01-26,-2.2607490988355106
2020-01-27,-2.354465505505108
2020-01-28,-2.636526554757165
2020-01-29,-2.182355821855591
2020-01-30,-2.0558326222013057
2020-01-31,-2.0957895137950295
2020-02-01,-1.9325905826637289
2020-02-02,-2.0206568438468016
2020-02-03,-2.8455079515879604
2020-02-04,-3.345636734465122
2020-02-05,-3.2323558326059842
2020-02-06,-3.610449906454109
2020-02-07,-3.076427032167534
2020-02-08,-2.7516099532827454
2020-02-09,-2.262933186735926
2020-02-10,-3.469736643511216
2020-02-11,-3.272262631023415
2020-02-12,-3.475756049167547
2020-02-13,-3.2513183958390233
2020-02-14,-2.1349902651273687
2020-02-15,-2.837995736015986
2020-02-16,-2.7263529270187385
2020-02-17,-2.766754861061245
2020-02-18,-3.5293937814115415
2020-02-19,-3.115404899219171
2020-02-20,-3.722462141933336
2020-02-21,-3.4533038187881493
2020-02-22,-3.502521142528664
2020-02-23,-3.206220757387545
2020-02-24,-2.78689878010507
2020-02-25,-2.8091647401278923
2020-02-26,-2.7124649161827623
2020-02-27,-3.5149552372252306
2020-02-28,-4.6308052844139596
2020-02-29,-4.371781298628567
2020-03-01,-4.333013045693008
2020-03-02,-4.153756233713525
2020-03-03,-3.9372384716842035
2020-03-04,-4.011790231278305
2020-03-05,-3.7521504743921668
2020-03-06,-3.523277991612714
2020-03-07,-3.6991227435061584
2020-03-08,-3.5192147820188104
2020-03-09,-2.9547271694259223
2020-03-10,-2.4296607709456093
2020-03-11,-2.6615485134536914
2020-03-12,-2.8879765185974513
2020-03-13,-2.2710306000688494
2020-03-14,-2.673138531648768
2020-03-15,-3.0706557789495585
2020-03-16,-3.1192800149279436
2020-03-17,-3.149567980930925
2020-03-18,-3.0972367321315097
2020-03-19,-2.562652314559404
2020-03-20,-2.71912277054312
2020-03-21,-2.3137953257120416
2020-03-22,-3.3728422130572873
2020-03-23,-2.6878401406244774
2020-03-24,-2.681673780384969
2020-03-25,-3.771529612140456
2020-03-26,-3.3073771081235233
2020-03-27,-3.018081821936755
2020-03-28,-2.6186483638816407
2020-03-29,-2.798724261526399
2020-03-30,-2.6944965595937993
2020-03-31,-2.6034032789783503
2020-04-01,-1.966292342598623
2020-04-02,-2.325123798758536
2020-04-03,-2.6764668079448604
2020-04-04,-2.303044589893392
2020-04-05,-2.555656781830442
2020-04-06,-2.118255086988537
2020-04-07,-2.503046575509009
2020-04-08,-1.7946657641797816
2020-04-09,-1.7267097666003204
2020-04-10,-1.5418163393888293
2020-04-11,-2.3573706483723504
2020-04-12,-2.527511913463239
2020-04-13,-2.355369386774308
2020-04-14,-3.434400269258949
2020-04-15,-2.757471514530189
2020-04-16,-2.4199001793120556
2020-04-17,-2.2285132173278646
2020-04-18,-2.3131893883270793
2020-04-19,-2.324500358587987
2020-04-20,-2.1468554161602618
2020-04-21,-2.02341152746978
2020-04-22,-1.602086031241358
2020-04-23,-0.6825241796117089
2020-04-24,-2.251962710286695
2020-04-25,-2.2210436595006797
2020-04-26,-2.1083318392229975
2020-04-27,-2.5930246869931035
2020-04-28,-2.6367060136484652
2020-04-29,-2.8269593272624864
2020-04-30,-2.0078301751592598
2020-05-01,-2.3395629599837044
2020-05-02,-2.149056586401946
2020-05-03,-2.078266879054635
2020-05-04,-2.2117233244599763
2020-05-05,-2.1648780397708376
2020-05-06,-2.067406519970402
2020-05-07,-2.2116327971741616
2020-05-08,-2.44075696764561
2020-05-09,-2.00656587857396
2020-05-10,-2.178505356237772
2020-05-11,-2.451901400513326
2020-05-12,-2.1019876863447986
2020-05-13,-1.9939992690774617
2020-05-14,-1.5287957029626067
2020-05-15,-2.518583131149003
2020-05-16,-2.128244667884815
2020-05-17,-1.8750538783699904
2020-05-18,-2.245978403948381
2020-05-19,-2.2661136900213568
2020-05-20,-1.7956953142209688
2020-05-21,-1.7954044412567811
2020-05-22,-2.0774631427525523
2020-05-23,-1.7562244315223237
2020-05-24,-1.7543372736136043
2020-05-25,-1.9029861446752605
2020-05-26,-1.8575185805215741
2020-05-27,-2.3206993381404875
2020-05-28,-1.9300480211654505
2020-05-29,-1.7821113336220424
2020-05-30,-2.267470566384251
2020-05-31,-2.8143697710040434
2020-06-01,-2.028550939252136
2020-06-02,-2.344035194184653
2020-06-03,-2.338538149997351
2020-06-04,-2.1661184407853518
2020-06-05,-2.50424645366545
2020-06-06,-2.2674765105077714
2020-06-07,-1.8024567658598245
2020-06-08,-2.3278933757577773
2020-06-09,-2.4374208601321774
2020-06-10,-1.7452703691509135
2020-06-11,-2.4715055080628425
2020-06-12,-2.2431107734893145
2020-06-13,-1.8055613042194236
2020-06-14,-2.1227629390644447
2020-06-15,-2.482496460075186
2020-06-16,-2.54238576378223
2020-06-17,-2.4776625717886454
2020-06-18,-2.3887405596844147
2020-06-19,-2.356305691386347
2020-06-20,-2.1354406895513622
2020-06-21,-2.2172629276180804
2020-06-22,-2.7534959329350897
2020-06-23,-2.7641297257071797
2020-06-24,-2.283364288789591
2020-06-25,-2.182954261031513
2020-06-26,-2.4446520470273407
2020-06-27,-2.002901807589016
2020-06-28,-2.3512800262005036
2020-06-29,-2.480484746062995
2020-06-30,-2.4450465467151443
2020-07-01,-2.434779271988743
2020-07-02,-2.010957259406228
2020-07-03,-3.5936830345731616
2020-07-04,-2.864594044529744
2020-07-05,-2.047459935244868
2020-07-06,-2.4007518115472437
2020-07-07,-2.551210872737896
2020-07-08,-2.0825131995724004
2020-07-09,-2.4429155638776474
2020-07-10,-1.305546183672136
2020-07-11,-1.3387070107859071
2020-07-12,-1.8067325046876528
2020-07-13,-2.2107200318508693
2020-07-14,-2.2409179956857823
2020-07-15,-2.1495822709509937
2020-07-16,-2.849481730186214
2020-07-17,-2.038225179482731
2020-07-18,-2.0578159510753657
2020-07-19,-2.47728097673973
2020-07-20,-1.825467051569047
2020-07-21,-2.0241565784308775
2020-07-22,-2.1214119502633584
2020-07-23,-1.608934019855314
2020-07-24,-1.1480713604390038
2020-07-25,-1.610047991040183
2020-07-26,-1.8954933185762946
2020-07-27,-2.0170180471773325
2020-07-28,-1.9029548502284204
2020-07-29,-2.0356380311969264
2020-07-30,-1.7943696569841654
2020-07-31,-2.250700954226115
2020-08-01,-1.9977551813781076
2020-08-02,-1.8837899580183122
2020-08-03,-2.246215759113538
2020-08-04,-2.0255176787249276
2020-08-05,-2.418797917026078
2020-08-06,-1.8716110767221739
2020-08-07,-1.711828478644691
2020-08-08,-1.7622000205402744
2020-08-09,-2.1571790500168535
2020-08-10,-1.7182681942356592
2020-08-11,-2.272548844522128
2020-08-12,-2.201547731093502
2020-08-13,-2.152933994144555
2020-08-14,-1.8053630483459278
2020-08-15,-1.9853834163311326
2020-08-16,-1.7877649403571974
2020-08-17,-1.7237332324851933
2020-08-18,-1.597026993108765
2020-08-19,-1.5856237529309398
2020-08-20,-2.201341011254491
2020-08-21,-1.424491078821808
2020-08-22,-1.4454126608229996
2020-08-23,-2.1295424925868707
2020-08-24,-2.0824156254616546
2020-08-25,-2.495915855687245
2020-08-26,-2.5289628493847807
2020-08-27,-2.1649026361018793
2020-08-28,-2.553171100837642
2020-08-29,-2.8040999601736454
2020-08-30,-2.2981786512878593
2020-08-31,-2.185912173447568
2020-09-01,-3.078011578257844
2020-09-02,-2.291137621597353
2020-09-03,-2.060672035633374
2020-09-04,-2.326041957107755
2020-09-05,-2.252652997463611
2020-09-06,-2.3355273845755047
2020-09-07,-2.8936932148491112
2020-09-08,-2.9623546461629515
2020-09-09,-2.484250846120365
2020-09-10,-2.4460576466002992
2020-09-11,-2.3323210871711444
2020-09-12,-2.489794785461354
2020-09-13,-2.2832026720629055
2020-09-14,-1.8730423658012558
2020-09-15,-1.7306192637466529
2020-09-16,-2.1682893155174474
2020-09-17,-2.0669575228650525
2020-09-18,-2.226572034597745
2020-09-19,-2.1487759591124793
2020-09-20,-2.1144499016380838
2020-09-21,-2.160036261678479
2020-09-22,-2.248480691997889
2020-09-23,-1.981492631940031
2020-09-24,-1.8589672234626644
2020-09-25,-2.3578347000475253
2020-09-26,-1.7771872824687587
2020-09-27,-3.556587198236474
2020-09-28,-3.647198078464537
2020-09-29,-3.464477819928607
2020-09-30,-3.3089848033357896
2020-10-01,-3.304550095358831
2020-10-02,-3.37669498900245
2020-10-03,-3.419882996876282
2020-10-04,-2.9212712733062873
2020-10-05,-2.781546987876809
2020-10-06,-3.257942393818083
2020-10-07,-3.101058725724478
2020-10-08,-2.3459802594228596
2020-10-09,-2.772825230325139
2020-10-10,-2.5397863168683883
2020-10-11,-2.7992902363600325
2020-10-12,-2.8435609675847306
2020-10-13,-3.1462031868488527
2020-10-14,-2.752249296645845
2020-10-15,-2.442615040231305
2020-10-16,-2.07415173221852
2020-10-17,-2.3420350651942017
2020-10-18,-2.1389960326590196
2020-10-19,-1.7379492299373636
2020-10-20,-1.954725949436817
2020-10-21,-2.4054506584253263
2020-10-22,-2.500688478977591
2020-10-23,-2.8780675512408767
2020-10-24,-2.475438595158284
2020-10-25,-3.3114407520862206
2020-10-26,-2.904861048391821
2020-10-27,-3.212101287241065
2020-10-28,-3.2556845880779797
2020-10-29,-2.844979212947906
2020-10-30,-3.108607328548864
2020-10-31,-3.155580941463163
2020-11-01,-3.1267778298025206
2020-11-02,-2.7634245269762485
2020-11-03,-2.6533803957479605
2020-11-04,-2.825513952515996
2020-11-05,-2.624534163891515
2020-11-06,-2.062774361170473
2020-11-07,-1.8276794579084241
2020-11-08,-2.185455878202889
2020-11-09,-1.9296863401372149
2020-11-10,-1.3869265855688104
2020-11-11,-0.9081329084045738
2020-11-12,-1.5983296300716072
2020-11-13,-1.3033887075019235
2020-11-14,-2.137947789625834
2020-11-15,-1.8307062502299711
2020-11-16,-1.3116729367058064
2020-11-17,-1.2063102767056189
2020-11-18,-1.6918436948418951
2020-11-19,-1.6967964430950089
2020-11-20,-1.8395306944540388
2020-11-21,-1.603292486138351
2020-11-22,-1.7240386943494241
2020-11-23,-1.8474024354557639
2020-11-24,-2.2124400712336296
2020-11-25,-1.784816939644173
2020-11-26,-3.086926978414425
2020-11-27,-2.6915975175532134
2020-11-28,-2.241246782463421
2020-11-29,-2.4635322884669115
2020-11-30,-2.179677216695523
2020-12-01,-1.99217799712762
2020-12-02,-2.2608823213581792
2020-12-03,-2.0543104317328758
2020-12-04,-2.6012786035466533
2020-12-05,-2.1861270378330935
2020-12-06,-1.8548661102641535
2020-12-07,-2.599596248481402
2020-12-08,-2.4769609608128262
2020-12-09,-2.161946879490095
2020-12-10,-2.0118991651829847
2020-12-11,-2.260689769370851
2020-12-12,-1.53559588005011
2020-12-13,-1.7142772514014648
2020-12-14,-2.5841744229628953
2020-12-15,-2.7129482549258337
2020-12-16,-2.528289289378659
2020-12-17,-2.1286432674002502
2020-12-18,-2.142123765886768
2020-12-19,-2.358937878486412
2020-12-20,-2.10180439909014
2020-12-21,-2.4717242867840428
2020-12-22,-2.3811823396109713
2020-12-23,-2.740481710714979
2020-12-24,-1.589499776967367
2020-12-25,-1.4885594951336694
2020-12-26,-1.7967735364911512
2020-12-27,-2.15289619337193
2020-12-28,-1.6166019430508536
2020-12-29,-1.567678311615548
2020-12-30,-1.4505129102757772
2020-12-31,-1.6831802845743775
2021-01-01,-2.0598370586505346
2021-01-02,-2.7995723951000384
2021-01-03,-2.3651047674137664
2021-01-04,-1.8330427306897714
2021-01-05,-1.8008174659464045
2021-01-06,-1.620095413832984
2021-01-07,-2.1949444708988137
2021-01-08,-1.475421954132784
2021-01-09,-1.60333316476564
2021-01-10,-1.53403012216406
2021-01-11,-1.5210676744076188
2021-01-12,-1.8821547917721044
2021-01-13,-0.8208203249172593
2021-01-14,-1.341693818298471
2021-01-15,-1.2611346098894392
2021-01-16,-1.3202029457920195
2021-01-17,-1.4799134470965676
2021-01-18,-1.7129011027547008
2021-01-19,-2.1878588452044783
2021-01-20,-1.688766474463977
2021-01-21,-1.6314422108610167
2021-01-22,-1.645953242404004
2021-01-23,-1.3733497385848321
2021-01-24,-2.575883298046372
2021-01-25,-2.0275614605069574
2021-01-26,-1.9716198139864147
2021-01-27,-1.1902396913738442
2021-01-28,-1.4476480257319655
2021-01-29,-1.5989047516544659
2021-01-30,-1.9017444961921544
2021-01-31,-2.158353188587501
2021-02-01,-2.0871757113870935
2021-02-02,-2.793968236748882
2021-02-03,-2.3859214892458334
2021-02-04,-2.5409682382744796
2021-02-05,-2.934364124311582
2021-02-06,-2.564815006337942
2021-02-07,-1.6931723271161259
2021-02-08,-1.193603772757646
2021-02-09,-1.5666906112276058
2021-02-10,-1.5210181132200231
2021-02-11,-2.186068676816664
2021-02-12,-1.466909346725082
2021-02-13,-1.9978255124343538
2021-02-14,-3.4972480183721126
2021-02-15,-3.6209806301744796
2021-02-16,-2.9947242240588388
2021-02-17,-2.4937216128472612
2021-02-18,-1.94539891816695
2021-02-19,-2.0639131125735317
2021-02-20,-1.5853704985342
2021-02-21,-2.2359939137744234
2021-02-22,-1.4261098641773484
2021-02-23,-1.7920004831352017
2021-02-24,-2.3238857432136744
2021-02-25,-2.1740896071721707
2021-02-26,-1.6172751421305773
2021-02-27,-1.7584970669919386
2021-02-28,-1.8941621246904252
2021-03-01,-1.9864877325120553
2021-03-02,-1.8836720485186962
2021-03-03,-1.5665157782109362
2021-03-04,-2.3680392413162843
2021-03-05,-2.295238240461597
2021-03-06,-2.0799691091228922
2021-03-07,-2.1990623263329234
2021-03-08,-1.982987885754117
2021-03-09,-2.7424608847492618
2021-03-10,-1.4895986316482672
2021-03-11,-2.0333784294286055
2021-03-12,-0.9884775960768012
2021-03-13,-1.0886070858566501
2021-03-14,-1.2101198691721098
2021-03-15,-1.7929245471750472
2021-03-16,-1.6111944225977366
2021-03-17,-1.8293551499458056
2021-03-18,-2.0065679062809822
2021-03-19,-2.08517082831972
2021-03-20,-2.431568652876931
2021-03-21,-3.0373820290361047
2021-03-22,-2.947708700743782
2021-03-23,-2.9068017365030245
2021-03-24,-1.7820534766634049
2021-03-25,-2.0770388164158815
2021-03-26,-2.8571204272263055
2021-03-27,-2.109244767314107
2021-03-28,-1.5706573328084554
2021-03-29,-1.0816895848835049
2021-03-30,-1.5054164769283394
2021-03-31,-1.8522933336425762
2021-04-01,-1.2832138058357858
2021-04-02,-2.002223231942526
2021-04-03,-2.1630683041072967
2021-04-04,-1.4451441539888792
2021-04-05,-2.4698372317423454
2021-04-06,-1.837301874517536
2021-04-07,-2.489165609149622
2021-04-08,-2.1019445734424242
2021-04-09,-1.7863045485215896
2021-04-10,-1.3412359764713506
2021-04-11,-1.3247548445249209
2021-04-12,-1.1863970377898778
2021-04-13,-2.0719355405575044
2021-04-14,-1.8998266116306108
2021-04-15,-1.952570524690684
2021-04-16,-1.9191209565195757
2021-04-17,-1.9598137053255722
2021-04-18,-1.3888237014402023
2021-04-19,-1.6837393206892206
2021-04-20,-1.7897461649862756
2021-04-21,-1.5640820870972687
2021-04-22,-1.767279510127178
2021-04-23,-2.070317349250732
2021-04-24,-3.601508559916047
2021-04-25,-3.7418475186687923
2021-04-26,-3.087500671802264
2021-04-27,-2.8904257241003157
2021-04-28,-2.185968083547795
2021-04-29,-1.9024131078890816
2021-04-30,-1.9194501872926502
2021-05-01,-3.4487648094906276
2021-05-02,-2.729761281918042
2021-05-03,-2.3636269198420976
2021-05-04,-1.9044261744321331
2021-05-05,-1.7541928267568234
2021-05-06,-1.758692122395763
2021-05-07,-1.322266576068926
2021-05-08,-1.9062233753870803
2021-05-09,-2.0068406956579836
2021-05-10,-2.2363422259624053
2021-05-11,-2.780741207482934
2021-05-12,-2.53592781145108
2021-05-13,-2.0532483905375556
2021-05-14,-2.25828021471274
2021-05-15,-2.388692680891359
2021-05-16,-2.3919496984451993
2021-05-17,-2.812871207116937
2021-05-18,-2.220554395575905
2021-05-19,-2.823218663006535
2021-05-20,-2.423529962267144
2021-05-21,-2.5034684268086425
2021-05-22,-1.9200666500324535
2021-05-23,-2.478181674776958
2021-05-24,-1.9228885859414024
2021-05-25,-2.1186630490122735
2021-05-26,-1.6851671562389596
2021-05-27,-1.8021506220964594
2021-05-28,-1.7085299374264855
2021-05-29,-1.7732839527866062
2021-05-30,-1.7111613652516715
2021-05-31,-1.6361378029141767
2021-06-01,-1.8979837887324265
2021-06-02,-1.875317382556879
2021-06-03,-1.5336406504457711
2021-06-04,-1.0842569608735524
2021-06-05,-2.076807101447794
2021-06-06,-2.3276591897194754
2021-06-07,-1.7338962324343197
2021-06-08,-1.8979797467599158
2021-06-09,-1.506781962684809
2021-06-10,-1.3053608037773963
2021-06-11,-0.8411188684896262
2021-06-12,-1.4127069790235796
2021-06-13,-1.7826934128638823
2021-06-14,-1.5863568206205647
2021-06-15,-0.9045475336810405
2021-06-16,-0.6750404869947776
2021-06-17,-1.1566328276718756
2021-06-18,-1.2608448543192254
2021-06-19,-0.6938646056449483
2021-06-20,-1.1451135019591154
2021-06-21,-1.3710329948440516
2021-06-22,-1.0455297505638106
2021-06-23,-1.478054915610004
2021-06-24,-1.431549427430976
2021-06-25,-1.2987279822613764
2021-06-26,-1.590320801834715
2021-06-27,-1.8055943831674695
2021-06-28,-1.862282631337712
2021-06-29,-1.5737017552731491
2021-06-30,-1.1567753553669862
2021-07-01,-2.2977472105787347
2021-07-02,-2.0923700253523614
2021-07-03,-1.661831393502082
2021-07-04,-1.659093280745842
2021-07-05,-1.4398268670637524
2021-07-06,-1.2861506466803208
2021-07-07,-0.7941799592668874
2021-07-08,-1.6151280274066075
2021-07-09,-1.4665898730730047
2021-07-10,-0.8494878768700366
2021-07-11,-1.4835289177018702
2021-07-12,-1.3441318738157442
2021-07-13,-1.49058767434644
2021-07-14,-1.5615735838154146
2021-07-15,-2.133405332165662
2021-07-16,-1.836143157511563
2021-07-17,-0.6123190135682579
2021-07-18,-2.008257335036536
2021-07-19,-2.1016042509136206
2021-07-20,-1.7240006668948629
2021-07-21,-2.146556778054334
2021-07-22,-2.4287633663079724
2021-07-23,-2.2447838144448404
2021-07-24,-2.0456632115134874
2021-07-25,-2.5013364290202156
2021-07-26,-1.6524466390827022
2021-07-27,-1.6141411992610952
2021-07-28,-2.239414276187106
2021-07-29,-2.2903571379597754
2021-07-30,-2.863176429076842
2021-07-31,-3.927037335451185
2021-08-01,-4.424851692039663
2021-08-02,-3.5299891523287497
2021-08-03,-3.2049882044112867
2021-08-04,-2.6439737400032666
2021-08-05,-3.030635062051869
2021-08-06,-2.607751298409475
2021-08-07,-2.528988101829156
2021-08-08,-2.6576512339678544
2021-08-09,-2.2805856473346573
2021-08-10,-1.677007413378235
2021-08-11,-2.517584237213417
2021-08-12,-2.941556978275877
2021-08-13,-3.0756227354626464
2021-08-14,-3.6828695626784893
2021-08-15,-2.5103902609681725
2021-08-16,-1.7017267110474223
2021-08-17,-1.6302210235854162
2021-08-18,-1.2556770310265928
2021-08-19,-1.1775158609270602
2021-08-20,-1.959223908917176
2021-08-21,-1.4490271022997245
2021-08-22,-1.9014446203017066
2021-08-23,-1.8341633905449166
2021-08-24,-1.7626468159426028
2021-08-25,-1.5182664424730303
2021-08-26,-1.9611966084077217
2021-08-27,-1.490475079556483
2021-08-28,-1.4801796320227922
2021-08-29,-1.5098105168459153
2021-08-30,-0.7107655643724963
2021-08-31,-1.2253051170478995
2021-09-01,-1.114154271168898
2021-09-02,-1.301804597941619
2021-09-03,-1.623337662280031
2021-09-04,-1.3356653855393108
2021-09-05,-1.1880988445350695
2021-09-06,-1.0458787862203427
2021-09-07,-1.4461558132256676
2021-09-08,-1.4267825327319874
2021-09-09,-1.4432392602574164
2021-09-10,-1.232307157297759
2021-09-11,-1.6416100925695811
2021-09-12,-1.7780305888346626
2021-09-13,-0.7605598631806596
2021-09-14,-0.9938961923138853
2021-09-15,-1.0224097718727554
2021-09-16,-1.3863339075223016
2021-09-17,-1.6991126447969294
2021-09-18,-1.0427260605012518
2021-09-19,-0.7675372983687687
2021-09-20,-1.1317158832489518
2021-09-21,-1.060507747342437
2021-09-22,-1.1327026800588014
2021-09-23,-1.3684768351106853
2021-09-24,-1.6666686842874903
2021-09-25,-1.419167020298603
2021-09-26,-1.551001149220528
2021-09-27,-1.566346483791537
2021-09-28,-1.4384052331939396
2021-09-29,-1.2459229263756457
2021-09-30,-1.2883334473064922
2021-10-01,-1.3621538778242255
2021-10-02,-1.3088248073025215
2021-10-03,-1.6406363399537234
2021-10-04,-0.9788018093200767
2021-10-05,-1.3784887565721318
2021-10-06,-1.3073732307406807
2021-10-07,-1.8291850729482302
2021-10-08,-1.3551468892209766
2021-10-09,-1.1722584500356434
2021-10-10,-1.248576851922709
2021-10-11,-1.7320201401035331
2021-10-12,-1.4059931107639123
2021-10-13,-1.318575354963582
2021-10-14,-0.7013529295927862
2021-10-15,-1.1837632783328103
2021-10-16,-1.3357313059650568
2021-10-17,-1.2849716532416902
2021-10-18,-0.7808360022543789
2021-10-19,-1.335852160725337
2021-10-20,-1.1969572902271968
2021-10-21,-1.4701731675637228
2021-10-22,-1.6075019641237216
2021-10-23,-1.8735382093940471
2021-10-24,-1.3040306475325856
2021-10-25,-1.5262101548916098
2021-10-26,-1.1487003087202643
2021-10-27,-1.1408553592806951
2021-10-28,-1.1600358042627683
2021-10-29,-0.26486980012130473
2021-10-30,-1.3383952943682496
2021-10-31,-1.4832566626479233
2021-11-01,-1.011175351335379
2021-11-02,-1.6165252097974474
2021-11-03,-1.2503920937331625
2021-11-04,-1.355041575648198
2021-11-05,-1.0861499172489424
2021-11-06,-1.3110702823778044
2021-11-07,-0.9805529403190888
2021-11-08,-1.3637251523128686
2021-11-09,-1.1864160256990703
2021-11-10,-1.6272010536157138
2021-11-11,-1.659575984424749
2021-11-12,-1.8090011106980293
2021-11-13,-2.1454708496198722
2021-11-14,-2.113272256038732
2021-11-15,-1.799368200501604
2021-11-16,-1.9632977439618209
2021-11-17,-1.5091139554824073
2021-11-18,-1.141451245263843
2021-11-19,-1.3058130379766137
2021-11-20,-1.0303782931748138
2021-11-21,-0.8942363015491911
2021-11-22,-1.1121126182519783
2021-11-23,-1.3872197513533135
2021-11-24,-0.1417618435223871
2021-11-25,-0.9666888123388304
2021-11-26,-2.4064389786902405
2021-11-27,-1.2134730749922273
2021-11-28,-1.3828063012642506
2021-11-29,-1.5445295571782678
2021-11-30,-1.49352364221225
2021-12-01,-0.9534958446778339
2021-12-02,-0.9363407756250985
2021-12-03,-1.9353306905030645
2021-12-04,-1.7212779203768775
2021-12-05,-0.8096885823230963
2021-12-06,-1.1372794539421252
2021-12-07,-1.6289372491182172
2021-12-08,-1.8843561389612475
2021-12-09,-1.7249771903328979
2021-12-10,-1.7605941684241126
2021-12-11,-1.3364210487040609
2021-12-12,-1.3985043709296228
2021-12-13,-1.1545229250746094
2021-12-14,-0.8789280458615251
2021-12-15,-1.1951010505532638
2021-12-16,-0.9484935411741808
2021-12-17,-0.794696482369375
2021-12-18,-0.33631162065572723
2021-12-19,-0.8610709117395462
2021-12-20,-1.4337815259890758
2021-12-21,-1.0051776490211546
2021-12-22,-0.9270801756039928
2021-12-23,-1.0400159881226434
2021-12-24,-0.9016458461874796
2021-12-25,-1.145878103211284
2021-12-26,-1.0358475280144321
2021-12-27,-1.0093833970555963
2021-12-28,-1.6459005589486015
2021-12-29,-2.0877125300067525
2021-12-30,-1.5124486274022129
2021-12-31,-0.8198292118436498
2022-01-01,-1.1629376960086601
2022-01-02,-1.6208311947833987
2022-01-03,-2.0080196512077415
2022-01-04,-1.7615558352280134
2022-01-05,-1.9008657949762335
2022-01-06,-1.8200205048844187
2022-01-07,-1.4480628714294268
2022-01-08,-1.730613235941164
2022-01-09,-1.5200578955811717
2022-01-10,-2.00356968055089
2022-01-11,-1.1848117590122549
2022-01-12,-2.0573455345030345
2022-01-13,-1.600062443633469
2022-01-14,-0.489764565824387
2022-01-15,-1.0501397367321714
2022-01-16,-0.9471949486379047
2022-01-17,-1.6954410425610704
2022-01-18,-1.8552610555372662
2022-01-19,-1.3493147835328796
2022-01-20,-0.8375760202004467
2022-01-21,-0.8003746860788005
2022-01-22,-2.149234610527449
2022-01-23,-2.2394130574798785
2022-01-24,-2.118415191749291
2022-01-25,-1.9193615327408458
2022-01-26,-1.5653993842596075
2022-01-27,-0.993147456417328
2022-01-28,-1.07968196193992
2022-01-29,-1.184707699667003
2022-01-30,-0.7556310731195826
2022-01-31,-1.227346346009636
2022-02-01,-1.0799926583028436
2022-02-02,-2.3952914166674257
2022-02-03,-1.2689711544585056
2022-02-04,-1.1709876927287581
2022-02-05,-1.3856548468568333
2022-02-06,-1.54499720832071
2022-02-07,-1.6704857439596859
2022-02-08,-1.5907948520835693
2022-02-09,-1.572539715305231
2022-02-10,-1.7964249569904476
2022-02-11,-2.02999250181823
2022-02-12,-1.312933980040303
2022-02-13,-0.9076845720205733
2022-02-14,-0.53005753253752
2022-02-15,-0.864387599854527
2022-02-16,-1.0546791189315827
2022-02-17,-1.2163472107523143
2022-02-18,-1.388012052190041
2022-02-19,-1.754106399277879
2022-02-20,-1.162973273562288
2022-02-21,-1.8130659218431313
2022-02-22,-1.8938415998137799
2022-02-23,-1.7682306460287502
2022-02-24,-2.1528813008978225
2022-02-25,-1.4180601874138168
2022-02-26,-1.5716485024679532
2022-02-27,-1.7951047345494768
2022-02-28,-1.5118659251589004
2022-03-01,-1.6027217256845014
2022-03-02,-1.687509267325307
2022-03-03,-1.9207340311514742
2022-03-04,-1.727317846953405
2022-03-05,-1.5317180285183531
2022-03-06,-1.9860025203939384
2022-03-07,-1.3619091155409035
2022-03-08,-1.581617204443979
2022-03-09,-1.2832102388589903
2022-03-10,-1.7604068357776619
2022-03-11,-1.521190554514194
2022-03-12,-1.099584335625906
2022-03-13,-1.0297944569466204
2022-03-14,-0.8462233864442448
2022-03-15,-1.3812049106687474
2022-03-16,-1.1156266899671163
2022-03-17,-0.8199280505902574
2022-03-18,-1.1436851566293766
2022-03-19,-1.5666756900459606
2022-03-20,-1.1389606644697674
2022-03-21,-1.4768683561285691
2022-03-22,-1.907750141237474
2022-03-23,-1.6493967551711135
2022-03-24,-1.0167780344952007
2022-03-25,-1.184350305249766
2022-03-26,-1.3185653646379945
2022-03-27,-1.5576458086233895
2022-03-28,-1.4824355685873873
2022-03-29,-1.5285749394652186
2022-03-30,-1.5822176742639307
2022-03-31,-1.654173657420894
2022-04-01,-0.819885695398315
2022-04-02,-1.6696992069651413
2022-04-03,-1.326137439119922
2022-04-04,-1.2575757780277412
2022-04-05,-1.4805343715439043
2022-04-06,-1.759605566395787
2022-04-07,-2.541541932403921
2022-04-08,-1.5936490238645762
2022-04-09,-0.9190379266408858
2022-04-10,-0.4493903889497879
2022-04-11,-0.7004470659998137
2022-04-12,-1.4798465028520444
2022-04-13,-2.053024112295186
2022-04-14,-1.802791593219496
2022-04-15,-1.7672539984258144
2022-04-16,-2.1010650366932864
2022-04-17,-2.5280627659653097
2022-04-18,-2.2422704030729705
2022-04-19,-2.169190141298974
2022-04-20,-2.1682429830977616
2022-04-21,-1.6656177496174505
2022-04-22,-2.0717291436073793
2022-04-23,-1.1423692666259624
2022-04-24,-2.26245311228305
2022-04-25,-2.9252180784007136
2022-04-26,-2.691751814145668
2022-04-27,-2.543440383649205
2022-04-28,-2.1452544697883744
2022-04-29,-1.7798182603999027
2022-04-30,-1.3459436910885467
2022-05-01,-2.2068146639359276
2022-05-02,-0.9257095384151823
2022-05-03,-1.1048094855531372
2022-05-04,-2.089600218859861
2022-05-05,-1.5333953531875393
2022-05-06,-2.2572863868262076
2022-05-07,-1.9398198490046716
2022-05-08,-1.8529326594482713
2022-05-09,-1.5128040498947946
2022-05-10,-1.4667570602560882
2022-05-11,-1.0132296845026725
2022-05-12,-1.4103540383497681
2022-05-13,-1.7629425554235312
2022-05-14,-1.138267121749686
2022-05-15,-0.6706448971079012
2022-05-16,-1.3352383956347986
2022-05-17,-1.4625428728751844
2022-05-18,-1.3769681770770366
2022-05-19,-1.4144653786105426
2022-05-20,-1.516013785870483
2022-05-21,-1.4623531123747684
2022-05-22,-2.074655274538935
2022-05-23,-1.4273981664323487
2022-05-24,-1.5230669969652184
2022-05-25,-1.5321469010747042
2022-05-26,-1.7749097422613096
2022-05-27,-1.5443179067958444
2022-05-28,-1.1143002628452003
2022-05-29,-1.3577741002428199
2022-05-30,-1.506256025550711
2022-05-31,-1.5824295839565072
2022-06-01,-1.5384281597596536
2022-06-02,-1.3398284655659625
2022-06-03,-1.5589180425828577
2022-06-04,-1.606706867644899
2022-06-05,-1.6079435939580817
2022-06-06,-1.6678747864122656
2022-06-07,-1.6026286911449499
2022-06-08,-1.472688508981149
2022-06-09,-1.7084042477740256
2022-06-10,-1.7579064336323704
2022-06-11,-1.5159324588733536
2022-06-12,-2.294746639332508
2022-06-13,-2.32307726086219
2022-06-14,-1.9568359263003605
2022-06-15,-1.767234068803284
2022-06-16,-1.931360863897544
2022-06-17,-1.450670234741238
2022-06-18,-0.6649545044436108
2022-06-19,-1.9435547735487828
2022-06-20,-2.1489744837427422
2022-06-21,-1.5949221402946692
2022-06-22,-1.0262534492045101
2022-06-23,-1.3332756465584827
2022-06-24,-1.9207381986945842
2022-06-25,-1.7359683770529872
2022-06-26,-1.829623127444156
2022-06-27,-1.5507894587003221
2022-06-28,-1.2145979837130416
2022-06-29,-0.8170490373008377
2022-06-30,-0.8440953039507713
2022-07-01,-1.4060064780905772
2022-07-02,-1.2262010752112575
2022-07-03,-1.5571983495391546
2022-07-04,-1.4954223029109264
2022-07-05,-1.292385783330424
2022-07-06,-1.5376440786129446
2022-07-07,-1.9641805440745395
2022-07-08,-1.797929593828119
2022-07-09,-1.1215250031607187
2022-07-10,-1.0217942166229188
2022-07-11,-1.527418349912292
2022-07-12,-1.3467739600227566
2022-07-13,-1.6852745491392431
2022-07-14,-1.4031383662802273
2022-07-15,-1.7551298804317228
2022-07-16,-1.8106632438241883
2022-07-17,-1.9860732106384125
2022-07-18,-1.9033861710689772
2022-07-19,-1.7009756472738675
2022-07-20,-2.48258222878373
2022-07-21,-2.96268371972789
2022-07-22,-1.3766725953500751
2022-07-23,-1.7368024928209407
2022-07-24,-1.9491893096064379
2022-07-25,-1.8337856522062785
2022-07-26,-1.4421864938863174
2022-07-27,-2.221278342621009
2022-07-28,-1.492294095912531
2022-07-29,-1.9413216088212084
2022-07-30,-2.539437307513853
2022-07-31,-1.8095669122193523
2022-08-01,-1.117218842440403
2022-08-02,-1.255130334821809
2022-08-03,-1.7368395169102637
2022-08-04,-0.889352669318255
2022-08-05,-0.9556294874933114
2022-08-06,-1.6250640713345015
2022-08-07,-1.3785954747267686
2022-08-08,-1.628928552725763
2022-08-09,-1.588466227766532
2022-08-10,-1.6274215412226358
2022-08-11,-1.9987374997321974
2022-08-12,-1.7701980432252635
2022-08-13,-1.5496059668644204
2022-08-14,-1.9870875522423386
2022-08-15,-1.5152404857770192
2022-08-16,-2.1320772073816774
2022-08-17,-1.1788911567599318
2022-08-18,-1.140127899365102
2022-08-19,-1.8354318080302938
2022-08-20,-2.1441673589029375
2022-08-21,-2.2633210077197945
2022-08-22,-1.6053378593423067
2022-08-23,-1.2180663167298191
2022-08-24,-1.029310407035703
2022-08-25,-1.5769704647150544
2022-08-26,-1.4453466508225499
2022-08-27,-1.6929721676463754
2022-08-28,-2.505591366141243
2022-08-29,-1.6676480356372465
2022-08-30,-1.1746461390146705
2022-08-31,-1.6656608658173608
2022-09-01,-1.5245245404125796
2022-09-02,-1.2035557581674081
2022-09-03,-1.6554328227922157
2022-09-04,-1.8969931545966245
2022-09-05,-1.7349919258428195
2022-09-06,-1.6031720986652656
2022-09-07,-1.4559955992869162
2022-09-08,-1.1201910410540992
2022-09-09,-1.488046906138899
2022-09-10,-1.4585697499184784
2022-09-11,-2.3084954251698813
2022-09-12,-2.059218877150535
2022-09-13,-2.43545852496587
2022-09-14,-2.249647407594034
2022-09-15,-2.2738180915645945
2022-09-16,-1.06565224001729
2022-09-17,-1.140854889161839
2022-09-18,-1.7731766048461128
2022-09-19,-1.5163277444819971
2022-09-20,-1.3542811992074275
2022-09-21,-2.162443948797391
2022-09-22,-2.1609501873567423
2022-09-23,-2.114735761891576
2022-09-24,-1.861212680652388
2022-09-25,-1.6704688450420921
2022-09-26,-1.5190755533108549
2022-09-27,-2.5055035924831888
2022-09-28,-1.7934549295100506
2022-09-29,-1.332873175687216
2022-09-30,-1.7700618171812614
2022-10-01,-1.6118095382437818
2022-10-02,-1.6074314066172908
2022-10-03,-1.3741798353734498
2022-10-04,-1.111241968625942
2022-10-05,-1.6354245122862932
2022-10-06,-1.456133523694228
2022-10-07,-1.5532038124265244
2022-10-08,-1.3948814537846248
2022-10-09,-1.5833823423855755
2022-10-10,-1.7376813720489115
2022-10-11,-1.5062941204022697
2022-10-12,-1.062537120536665
2022-10-13,-1.0889682705758428
2022-10-14,-1.7956270202327163
2022-10-15,-3.227406773233658
2022-10-16,-3.7185741324394264
2022-10-17,-2.9661431245529744
2022-10-18,-2.2613107345995944
2022-10-19,-1.3330994302622083
2022-10-20,-1.1567128754824187
2022-10-21,-1.3470973828817965
2022-10-22,-1.6814341146558311
2022-10-23,-2.063223385435679
2022-10-24,-2.1823492542582574
2022-10-25,-1.1961819923861303
2022-10-26,-1.397380033751447
2022-10-27,-1.1026094332764385
2022-10-28,-0.6682233880210673
2022-10-29,-0.664766737799342
2022-10-30,-1.7445198324178222
2022-10-31,-1.4110319086848284
2022-11-01,-1.3342129694550011
2022-11-02,-0.9933500470145766
2022-11-03,-0.8338148933086127
2022-11-04,-0.7753126094329058
2022-11-05,-0.8890132813465736
2022-11-06,-1.6040461565808022
2022-11-07,-1.2178796822542326
2022-11-08,-1.7352164777093473
2022-11-09,-1.5727892893169517
2022-11-10,-0.7612265938205967
2022-11-11,-1.4523457971152869
2022-11-12,-0.47345162530157475
2022-11-13,-5.146456334150028
2022-11-14,-5.1115385746735855
2022-11-15,-2.9146977108834307
2022-11-16,-2.1452901212806483
2022-11-17,-2.0586318368333285
2022-11-18,-2.0491759036185546
2022-11-19,-2.526653515211437
2022-11-20,-4.123816862986964
2022-11-21,-3.6303835339919526
2022-11-22,-3.2886374344161977
2022-11-23,-2.6021741726038763
2022-11-24,-2.116386542675016
2022-11-25,-1.8297813928000486
2022-11-26,-2.0664196201280367
2022-11-27,-2.3382851276881174
2022-11-28,-1.8873102211804171
2022-11-29,-1.8802535965433111
2022-11-30,-2.040343016332138
2022-12-01,-1.9095716404040308
2022-12-02,-1.9106698287687642
2022-12-03,-2.442372090293712
2022-12-04,-2.1603540368586436
2022-12-05,-1.583554996506674
2022-12-06,-1.442589727011038
2022-12-07,-1.9027322134094744
2022-12-08,-1.860371251562992
2022-12-09,-1.462772836675013
2022-12-10,-1.1488620207548752
2022-12-11,-1.2123554641134104
2022-12-12,-1.5944187212892238
2022-12-13,-1.6817416311505138
2022-12-14,-1.8701883071654182
2022-12-15,-2.1487967532385293
2022-12-16,-2.5330475508014225
2022-12-17,-1.9548085151782424
2022-12-18,-1.7941106360247552
2022-12-19,-2.384952850118379
2022-12-20,-1.7723446466890918
2022-12-21,-1.1584038560581291
2022-12-22,-1.5134227535954032
2022-12-23,-2.884137798624358
2022-12-24,-2.825958755918483
2022-12-25,-3.1773703958626367
2022-12-26,-2.5879198389774873
2022-12-27,-1.7576022975827161
2022-12-28,-1.5397288045311168
2022-12-29,-2.0065335579407666
2022-12-30,-1.9289586500719527
2022-12-31,-1.7399289195273406
2023-01-01,-0.8764276097469421
2023-01-02,-1.5501100455393064
2023-01-03,-1.5727610284985996
2023-01-04,-2.040230989890315
2023-01-05,-1.919873994254523
2023-01-06,-1.4081537270224975
2023-01-07,-2.647493968131802
2023-01-08,-1.755321718036908
2023-01-09,-1.537832321810701
2023-01-10,-1.4346602694186266
2023-01-11,-2.1110154420722607
2023-01-12,-1.404450343945483
2023-01-13,-1.8189498812906566
2023-01-14,-1.7057428611445191
2023-01-15,-1.9159639642115636
2023-01-16,-1.7220661655745646
2023-01-17,-1.6554960054871128
2023-01-18,-1.3439625547113385
2023-01-19,-1.5464754454829
2023-01-20,-1.4713190324648093
2023-01-21,-2.643596610815837
2023-01-22,-2.7923883751217184
2023-01-23,-2.1624420162596714
2023-01-24,-1.9733044434951899
2023-01-25,-1.8924182548229747
2023-01-26,-2.0834429358404334
2023-01-27,-2.3756007607802023
2023-01-28,-2.163047407454229
2023-01-29,-2.689128397017931
2023-01-30,-2.264290335576704
2023-01-31,-1.7534863636856666
2023-02-01,-1.844282435123817
2023-02-02,-2.29404991255238
2023-02-03,-1.4698572974837263
2023-02-04,-1.7656186865026542
2023-02-05,-2.609477057627049
2023-02-06,-2.6986620022008636
2023-02-07,-2.1002016358229736
2023-02-08,-1.9268829039091566
2023-02-09,-1.8233035007519665
2023-02-10,-1.4971071994546108
2023-02-11,-2.019961008454856
2023-02-12,-2.0779773316696923
2023-02-13,-1.5382755796069287
2023-02-14,-1.1281542562065434
2023-02-15,-0.8853885234039122
2023-02-16,-1.0647962490604939
2023-02-17,-0.8454944951812368
2023-02-18,-1.308949958738369
2023-02-19,-1.6815123109742487
2023-02-20,-1.1476456296983122
2023-02-21,-1.6815943681166312
2023-02-22,-1.765192505262969
2023-02-23,-1.89365941147575
2023-02-24,-1.188640777237437
2023-02-25,-1.6841653150656404
2023-02-26,-1.672724118439031
2023-02-27,-1.7523287613245917
2023-02-28,-1.883286075725321
2023-03-01,-2.2589394815287025
2023-03-02,-1.7259033567163198
2023-03-03,-1.0717717757941951
2023-03-04,-1.379857459014346
2023-03-05,-1.6398479162289996
2023-03-06,-1.1534711044153676
2023-03-07,-0.8362935555657056
2023-03-08,-1.5321522086773263
2023-03-09,-1.2184741423945133
2023-03-10,-1.3019908794905761
2023-03-11,-1.3542872350201358
2023-03-12,-1.4458345968192279
2023-03-13,-1.2710043054778524
2023-03-14,-0.9337431154839194
2023-03-15,-1.5374918892549503
2023-03-16,-0.9632117187185727
2023-03-17,-0.5394332801874777
2023-03-18,-0.41591087091732337
2023-03-19,-0.6888601537503232
2023-03-20,-0.7089388130390472
2023-03-21,-1.1217896625276733
2023-03-22,-0.9582191967068477
2023-03-23,-1.0428002928775801
2023-03-24,-1.473728429773329
2023-03-25,-0.667806172389317
2023-03-26,-1.4153639242935627
2023-03-27,-1.0662008367132958
2023-03-28,-1.2423917235626605
2023-03-29,-1.0226710010717317
2023-03-30,-0.6188693070231036
2023-03-31,-0.8271531360243166
2023-04-01,-1.214869020198595
2023-04-02,-1.001828356341197
2023-04-03,-0.5902603294004357
2023-04-04,-0.9966154305221417
2023-04-05,-1.4587480328286404
2023-04-06,-1.3407490360952456
2023-04-07,-0.9845409275771929
2023-04-08,-1.7615651785376696
2023-04-09,-1.6693722512651674
2023-04-10,-0.8114248252118742
2023-04-11,-1.3167096587015388
2023-04-12,-1.1530037331761538
2023-04-13,-0.6733671881899324
2023-04-14,-0.53950169152322
2023-04-15,-0.4784421109157737
2023-04-16,-1.0452398739439548
2023-04-17,-0.8668241461158591
2023-04-18,-0.49878017377119593
2023-04-19,-0.8799321519027594
2023-04-20,-0.9769400694921722
2023-04-21,-0.735213202331536
2023-04-22,-0.5275908383624593
2023-04-23,-0.5425880407648783
2023-04-24,-1.4320498889203463
2023-04-25,-1.2068117453080458
2023-04-26,-1.073789176720322
2023-04-27,-1.1897572744592086
2023-04-28,-1.223935504970385
2023-04-29,-0.39530312441154075
2023-04-30,-0.5486772198016429
2023-05-01,-1.1750198849139988
2023-05-02,-0.6966993753418758
2023-05-03,-1.0214569473081139
2023-05-04,-1.2509474156205882
2023-05-05,-0.6152635670919754
2023-05-06,-0.5160535799846077
2023-05-07,-1.4506897960306848
2023-05-08,-1.6871915476213262
2023-05-09,-1.4010910847210805
2023-05-10,-1.1704796541883435
2023-05-11,-0.9918160343769212
2023-05-12,-1.3226499498065218
2023-05-13,-1.1968033387108068
2023-05-14,-0.8792882635768198
2023-05-15,-0.20065342087391208
2023-05-16,-0.8233553965115602
2023-05-17,-0.9069485015431035
2023-05-18,-0.8538679399522205
2023-05-19,-1.136656904275038
2023-05-20,-0.6534690732509173
2023-05-21,-0.7453810307610891
2023-05-22,-0.5230873988988483
2023-05-23,-0.5848775115166407
2023-05-24,-0.8194922186934481
2023-05-25,-1.2548194830241723
2023-05-26,-1.5670990907441484
2023-05-27,-0.8447341323783354
2023-05-28,1.5188399095104226
2023-05-29,1.5294417629383459
2023-05-30,0.48508595983191966
2023-05-31,-0.17339017283820699
2023-06-01,-0.10384926448199995
2023-06-02,-0.0621793456747625
2023-06-03,1.2029145048068963
2023-06-04,0.8351249395434517
2023-06-05,-0.3278237184197476
2023-06-06,-0.3100047452021918
2023-06-07,-1.3571581761172045
2023-06-08,-1.1430967362774203
2023-06-09,-1.1768787258378537
2023-06-10,-1.4468247591778682
2023-06-11,-0.46644703413770977
2023-06-12,-0.9270062086964501
2023-06-13,-0.8432580117225907
2023-06-14,-1.0885879376270347
2023-06-15,-1.2534911793655485
2023-06-16,-0.7523691634154968
2023-06-17,-0.6433527268318635
2023-06-18,-0.8274228201423298
2023-06-19,-0.8973228426147298
2023-06-20,-1.2749911966021756
2023-06-21,-0.6722637378341934
2023-06-22,-0.909790824875393
2023-06-23,-1.5058022251330925
2023-06-24,-1.163560639798381
2023-06-25,-1.7191491772372252
2023-06-26,-0.951982568434487
2023-06-27,-1.2863893534854283
2023-06-28,-1.562256463176974
2023-06-29,-1.693847807966233
2023-06-30,-1.803644738008411
2023-07-01,-1.4209595705528049
2023-07-02,-1.6107156294762237
2023-07-03,-1.8895776348997138
2023-07-04,-1.1846614842287326
2023-07-05,-0.7482230882036727
2023-07-06,-1.039388587521137
2023-07-07,-0.7255421657033524
2023-07-08,-0.6235660937682301
2023-07-09,-1.059170821585837
2023-07-10,-0.30809558380234303
2023-07-11,0.0946993150442916
2023-07-12,-0.25421878368062717
2023-07-13,-0.8955721532356266
2023-07-14,-0.4016742995000993
2023-07-15,-1.0841518196015278
2023-07-16,-0.6956184725648207
2023-07-17,-0.7327757725274813
2023-07-18,-0.4126495845931846
2023-07-19,-0.5462344994883753
2023-07-20,-0.8600675845468256
2023-07-21,-1.0409302646232566
2023-07-22,-0.9186511116783006
2023-07-23,-1.0901550203486179
2023-07-24,-1.0742374322908677
2023-07-25,-1.0758445337212406
2023-07-26,-1.2091849346164065
2023-07-27,-1.0323388324675973
2023-07-28,-0.9141743909964237
2023-07-29,-1.0943292657599453
2023-07-30,-1.6157334134545998
2023-07-31,-1.2719813293172595
2023-08-01,-1.630784276334601
2023-08-02,-0.6066455162493857
2023-08-03,-1.2490119212432627
2023-08-04,-1.2226698935432292
2023-08-05,-0.8073597472976952
2023-08-06,-1.3783299409417173
2023-08-07,-0.9447719838663516
2023-08-08,-1.5501679791075942
2023-08-09,-1.3570826480090903
2023-08-10,-1.7713381488229056
2023-08-11,-1.4538632498959239
2023-08-12,-0.9691290772024572
2023-08-13,-1.2124298788314782
2023-08-14,-1.0679786511584906
2023-08-15,-1.938684823494827
2023-08-16,-0.8740820519452428
2023-08-17,-1.6479242370689282
2023-08-18,-1.6762705700338383
2023-08-19,-1.3502172849530256
2023-08-20,-0.8595896495827922
2023-08-21,-0.9864522687760167
2023-08-22,-1.3828111213674479
2023-08-23,-1.6357101048069196
2023-08-24,-0.9405482707647063
2023-08-25,-1.3748150083969082
2023-08-26,-1.233284708942486
2023-08-27,-1.1701009889168157
2023-08-28,-0.8793247188813887
2023-08-29,-0.714377074472811
2023-08-30,0.3333110358652164
2023-08-31,-0.8390254664551411
2023-09-01,-0.8270504059749113
2023-09-02,-0.635506932799909
2023-09-03,-0.9661346954625605
2023-09-04,-0.6282362200266403
2023-09-05,-0.8165168744584306
2023-09-06,-1.5128674143054988
2023-09-07,-0.9394652700564964
2023-09-08,-1.1863112927404218
2023-09-09,-0.8993631455031785
2023-09-10,-0.8924920677041387
2023-09-11,-0.789660584984517
2023-09-12,-1.1900778142598267
2023-09-13,-1.7972024687187087
2023-09-14,-1.4831162748594195
2023-09-15,-1.0505531296877753
2023-09-16,-1.3561195939910227
2023-09-17,-1.5009918739473644
2023-09-18,-0.8973341836083573
2023-09-19,-1.4071355581013654
2023-09-20,-1.0330234484116085
2023-09-21,-1.109456994912714
2023-09-22,-1.1288089874519107
2023-09-23,-0.853883902595542
2023-09-24,-1.3103246242783138
2023-09-25,-0.7849077763246884
2023-09-26,-0.8212318204212555
2023-09-27,-1.0555276911333298
2023-09-28,-1.5581499058856993
2023-09-29,-1.22556243771759
2023-09-30,-1.8010939184186765
2023-10-01,-5.476559090477092
2023-10-02,-3.8868253670171535
2023-10-03,-3.123824240550217
2023-10-04,-2.758352589989791
2023-10-05,-2.2232685927382367
2023-10-06,-2.5230488155350392
2023-10-07,-2.894169549857338
2023-10-08,-2.3515276986401346
2023-10-09,-2.6506168606875824
2023-10-10,-2.6581718407639072
2023-10-11,-2.3817412151625565
2023-10-12,-2.133527151156455
2023-10-13,-2.2214862486221687
2023-10-14,-1.523821481492339
2023-10-15,-2.0736934777825335
2023-10-16,-2.4342549045044635
2023-10-17,-2.6037104953977113
2023-10-18,-4.054759292237021
2023-10-19,-2.864355753177694
2023-10-20,-2.109255614146889
2023-10-21,-1.9453127713227474
2023-10-22,-1.579451638975404
2023-10-23,-0.7911763464721258
2023-10-24,-1.0686397682198931
2023-10-25,-2.5144720937077913
2023-10-26,-2.091022930085614
2023-10-27,-0.9810139648994038
2023-10-28,-2.1504256408678257
2023-10-29,-0.33840681477357704
2023-10-30,-0.46413176078898577
2023-10-31,-1.2138125420267059
2023-11-01,-2.0237725869731475
2023-11-02,-1.8042372125633175
2023-11-03,-1.2300173548916837
2023-11-04,-2.0423805098571606
2023-11-05,-2.8588467285617325
2023-11-06,-2.6650355352506465
2023-11-07,-1.9605918527244581
2023-11-08,-1.3025024163624237
2023-11-09,-1.7419669894934309
2023-11-10,-1.6306277329777845
2023-11-11,-1.9889046368428938
2023-11-12,-1.4348761991138461
2023-11-13,-1.399520561983018
2023-11-14,-1.3914313467889223
2023-11-15,-1.3912748625033389
2023-11-16,-1.853609342958443
2023-11-17,-1.605774046902525
2023-11-18,-1.496221378505556
2023-11-19,-2.3244589770514352
2023-11-20,-1.4404147261590128
2023-11-21,-0.897869434824291
2023-11-22,-1.1061233400712895
2023-11-23,-1.114530193751419
2023-11-24,-0.8964886092523663
2023-11-25,-1.3409223418861873
2023-11-26,-1.6000947593511126
2023-11-27,-1.5815849993592705
2023-11-28,-1.647891931263384
2023-11-29,-1.040099345199475
2023-11-30,-0.9049896616287934
2023-12-01,-1.4125608564721244
2023-12-02,-1.6369046691069837
2023-12-03,-1.6771137940950183
2023-12-04,-1.547403680925907
2023-12-05,-1.1449138067730278
2023-12-06,-1.6555773160471887
2023-12-07,-0.7136565790986434
2023-12-08,-0.45274340431117543
2023-12-09,-1.7911801295032361
2023-12-10,-1.9161354522365188
2023-12-11,-1.260284746700133
2023-12-12,-1.257445386399965
2023-12-13,-1.3875326172911933
2023-12-14,-1.2375985361921629
2023-12-15,-0.7360240022968308
2023-12-16,-0.19361031284277214
2023-12-17,-1.1392950697504107
2023-12-18,-0.46413532590012174
2023-12-19,-0.13410859576447196
2023-12-20,-0.8432301030673959
2023-12-21,-1.0996544108570083
2023-12-22,-1.3922344457230154
2023-12-23,-2.339068613349673
2023-12-24,-2.289452977880959
2023-12-25,-2.3653481372178344
2023-12-26,-1.706277555274842
2023-12-27,-1.9385373212421062
2023-12-28,-2.104218538793128
2023-12-29,-2.049082874829059
2023-12-30,-2.1010006273544644
2023-12-31,-1.1183106342449478
2024-01-01,-1.619602405074273
2024-01-02,-3.0770560599347405
2024-01-03,-3.052055182930399
2024-01-04,-2.706583651709693
2024-01-05,-1.7612263732076798
2024-01-06,-2.554520751517622
2024-01-07,-2.5065459099264453
2024-01-08,-1.6955961016351724
2024-01-09,-1.4936470930978203
2024-01-10,-1.3116590937207409
2024-01-11,-1.5355788708997324
2024-01-12,-2.3285431175895486
2024-01-13,-3.984525926710915
2024-01-14,-2.648994541467112
2024-01-15,-2.173011833884534
2024-01-16,-2.7747489730904467
2024-01-17,-1.2677366902109501
2024-01-18,-0.734030817388925
2024-01-19,-0.6840574420004469
2024-01-20,-0.9288588311481589
2024-01-21,-1.7349297189131667
2024-01-22,-1.0729983070724063
2024-01-23,-0.9181919489876775
2024-01-24,-0.5811063881545259
2024-01-25,-0.466255842839844
2024-01-26,-0.5513404490224781
2024-01-27,-0.11705741797102684
2024-01-28,-3.56821108946171
2024-01-29,-2.755172456514602
2024-01-30,-1.2633139869456949
2024-01-31,-1.431272429983309
2024-02-01,-1.871864724056323
2024-02-02,-2.4039341466781923
2024-02-03,-1.9730211888002507
2024-02-04,-1.4530147767979518
2024-02-05,-1.0355329798545696
2024-02-06,-2.9556124645992137
2024-02-07,-1.7314452795317643
2024-02-08,-1.160511903921457
2024-02-09,-0.6454224539798502
2024-02-10,-0.9379318269692561
2024-02-11,-0.803320305620176
2024-02-12,-1.062040245025726
2024-02-13,-1.3265542005586903
2024-02-14,-0.7960050962804328
2024-02-15,-0.43548208739263417
2024-02-16,-0.5964560351207634
2024-02-17,-1.0373439264524003
2024-02-18,-1.103549481517008
2024-02-19,-0.6114438948742272
2024-02-20,-0.8343265656649775
2024-02-21,-0.7291058121157858
2024-02-22,-0.307836642674331
2024-02-23,-0.5927488594313034
2024-02-24,-0.6189234980765748
2024-02-25,-0.6987933339852109
2024-02-26,0.12250232398764428
2024-02-27,-0.531883392278506
2024-02-28,-1.053947573394242
2024-02-29,-0.7715405185605714
2024-03-01,-0.6992410929246536
2024-03-02,-0.4128179580823283
2024-03-03,-0.7383579194941655
2024-03-04,-0.8314669324113008
2024-03-05,-1.1293430200262096
2024-03-06,-0.6192324154420344
2024-03-07,-0.42778470456664497
2024-03-08,-0.10844175082207186
2024-03-09,-0.6561202703487898
2024-03-10,-1.0077617234970415
2024-03-11,-0.5835361717759837
2024-03-12,-0.6477776691999575
2024-03-13,-0.7504817027903619
2024-03-14,-0.4586844847062471
2024-03-15,-1.0147319023461199
2024-03-16,-0.6452620992228146
2024-03-17,-0.4502114773341715
2024-03-18,-0.4075114928587644
2024-03-19,-1.1714315861439124
2024-03-20,-1.0677106918336385
2024-03-21,-0.15134856322706708
2024-03-22,-0.7904970807866293
2024-03-23,-2.2528706394478726
2024-03-24,-0.7049937157448611
2024-03-25,-1.265039561710115
2024-03-26,-1.8611769498976902
2024-03-27,-1.099423775595604
2024-03-28,-1.1892735103502459
2024-03-29,-0.6639612725301813
2024-03-30,-0.5639339327935504
2024-03-31,-0.48761178258431637
2024-04-01,0.06995518870163367
2024-04-02,-1.2277461744951512
2024-04-03,-1.247478779554083
2024-04-04,-0.24924626333914063
2024-04-05,-0.5723589480884936
2024-04-06,-1.0053946106004306
2024-04-07,-0.8304093520939249
2024-04-08,-0.5935474529065683
2024-04-09,-1.5516036374933093
2024-04-10,-1.2219044134172996
2024-04-11,-1.4996427667937082
2024-04-12,-1.5192679234540925
2024-04-13,-2.1631003312438124
2024-04-14,-2.543034744954566
2024-04-15,-1.28219960822428
2024-04-16,-1.265178212566968
2024-04-17,-1.3792953900318707
2024-04-18,-1.0788928895603693
2024-04-19,-0.8504179591816495
2024-04-20,-1.4798083328241325
2024-04-21,-1.9419475201078467
2024-04-22,-0.831316926377979
2024-04-23,-0.8520009242700398
2024-04-24,-1.3410748758293414
2024-04-25,-1.1987841448428784
2024-04-26,-1.366966500570387
2024-04-27,-1.0550020705726977
2024-04-28,-1.1635507287519264
2024-04-29,-0.5524215745337633
2024-04-30,-0.7824641474701989
2024-05-01,-1.8832230932615655
2024-05-02,-1.795013232760178
2024-05-03,-2.015582719134431
2024-05-04,-1.8884323510805632
2024-05-05,-1.2969779144828577
2024-05-06,-1.001755895418419
2024-05-07,-0.8573544183839561
2024-05-08,-0.9780151668818757
2024-05-09,-1.0249283039147274
2024-05-10,-1.0128372115148978
2024-05-11,-0.8456130819652098
2024-05-12,-0.9486144777182525
2024-05-13,-0.9090512664942865
2024-05-14,-1.6008236876584208
2024-05-15,-2.0944966918777426
2024-05-16,-1.9441481190306875
2024-05-17,-1.5456732064737537
2024-05-18,-1.1296662559434003
2024-05-19,-1.247704513961299
2024-05-20,-1.460642409384302
2024-05-21,-0.9391356235783488
2024-05-22,-1.0429183696192459
2024-05-23,-0.8011826218302699
2024-05-24,-1.0112538881420399
2024-05-25,-0.9003358439346211
2024-05-26,-1.4541215405520325
2024-05-27,-1.9484439542415228
2024-05-28,-1.517412545648536
2024-05-29,-1.3293861505657045
2024-05-30,-1.4464301000328321
2024-05-31,-0.8939232960398358
2024-06-01,-0.7894784263247506
2024-06-02,-1.6420060602892064
2024-06-03,-1.2764628575656307
2024-06-04,-0.6373815379438896
2024-06-05,-0.6192173237582347
2024-06-06,-0.3559270491978652
2024-06-07,-0.29160228642459896
2024-06-08,-0.35726775804755406
2024-06-09,-0.6104843104455047
2024-06-10,-0.37308453411121073
2024-06-11,-0.350150370974898
2024-06-12,-0.9929686280329798
2024-06-13,-0.4672418972339934
2024-06-14,-0.9311595068456121
2024-06-15,-1.346048995641602
2024-06-16,-1.7064475102891439
2024-06-17,-2.201317095637861
2024-06-18,-2.542589448724854
2024-06-19,-1.6122311506777363
2024-06-20,-1.7557757971320833
2024-06-21,-1.9116452412898128
2024-06-22,-1.9636143272040392
2024-06-23,-1.4724596683854982
2024-06-24,-1.2698252478408176
2024-06-25,-1.7162417268564991
2024-06-26,-1.2733751098436321
2024-06-27,-1.5085681362535894
2024-06-28,-1.1427157615974575
2024-06-29,-0.9132743793989461
2024-06-30,-1.7853082992868463
2024-07-01,-2.5817005592387763
2024-07-02,-2.892457375937014
2024-07-03,-1.8372596069894216
2024-07-04,-1.170853180118514
2024-07-05,-1.0473641546648824
2024-07-06,-0.3225826016351996
2024-07-07,-0.9506245883650015
2024-07-08,-0.346403487495856
2024-07-09,-0.873189392681179
2024-07-10,-1.197726646573445
2024-07-11,-1.164408549897451
2024-07-12,-1.1128464882761604
2024-07-13,-1.143232809119246
2024-07-14,-1.6940032353448093
2024-07-15,-1.302008203480157
2024-07-16,-1.1378122468620266
2024-07-17,-1.3374164656149676
2024-07-18,-1.1584489966912037
2024-07-19,-1.2303594200093046
2024-07-20,-1.2418010715053671
2024-07-21,-1.7576850497952385
2024-07-22,-1.1701364369066927
2024-07-23,-1.3370876435195644
2024-07-24,-1.5297253360632286
2024-07-25,-1.9577039774405138
2024-07-26,-1.8742764065974293
2024-07-27,-1.0828725374172405
2024-07-28,-1.158411172226765
2024-07-29,-1.9571899479849633
2024-07-30,-1.5388175776706918
2024-07-31,-3.0603353733810397
2024-08-01,-2.237326701399148
2024-08-02,-2.679005940152884
2024-08-03,-2.3628907555450813
2024-08-04,-1.6177651012808523
2024-08-05,-2.2770872217067804
2024-08-06,-2.2243716139118694
2024-08-07,-2.2930732951490223
2024-08-08,-1.8419157321575705
2024-08-09,-1.9175122960523252
2024-08-10,-1.815969321131704
2024-08-11,-1.7342002739266504
2024-08-12,-1.3981190064598512
2024-08-13,-1.4959810405211198
2024-08-14,-0.9196489311658301
2024-08-15,-1.4628851184225489
2024-08-16,-2.366899686530676
2024-08-17,-2.3165861721403376
2024-08-18,-1.6151338963894166
2024-08-19,-1.8443158419259462
2024-08-20,-1.111628244439794
2024-08-21,-1.165587722843534
2024-08-22,-1.0009796329266465
2024-08-23,-1.375827405208168
2024-08-24,-1.2672557040927366
2024-08-25,-1.4455209504731976
2024-08-26,-1.409517943955066
2024-08-27,-1.2473635383632138
2024-08-28,-0.7596102373244055
2024-08-29,-0.6803422810059322
2024-08-30,-0.323082187962748
2024-08-31,-0.6588996649588347
2024-09-01,-1.0940499356787239
2024-09-02,-0.9407896882517616
2024-09-03,-1.4884748825129201
2024-09-04,-0.3198287855662903
2024-09-05,-0.7231262104437477
2024-09-06,-1.847459663662113
2024-09-07,-2.7914184278690386
2024-09-08,-1.9778505429785662
2024-09-09,-1.6326401062337736
2024-09-10,-2.0609149777959486
2024-09-11,-1.4323233428157014
2024-09-12,-1.5880979081078288
2024-09-13,-1.8054046180377972
2024-09-14,-2.1181832423269253
2024-09-15,-1.5906726714242028
2024-09-16,-1.08560853683227
2024-09-17,-1.0161653506661465
2024-09-18,-1.7187200901275868
2024-09-19,-1.6707129372861897
2024-09-20,-0.9782548432056143
2024-09-21,-1.6710066602302809
2024-09-22,-1.3244878345293807
2024-09-23,-0.9621891158288629
2024-09-24,-1.493237132560317
2024-09-25,-0.6936965198940775
2024-09-26,-1.6269269065156922
2024-09-27,-1.0502381555304017
2024-09-28,-2.028295519498702
2024-09-29,-1.134090251995135
2024-09-30,-1.1581699104798995
2024-10-01,-1.0500411023781626
2024-10-02,-1.8635757042669345
2024-10-03,-1.3822364527644317
2024-10-04,-1.0589138430438811
2024-10-05,-1.0701633859004058
2024-10-06,-1.3240901962269331
2024-10-07,-1.4645677011945417
2024-10-08,-2.106495330811388
2024-10-09,-1.7199408286381288
2024-10-10,-1.1964114615277182
2024-10-11,-0.6606022558922756
2024-10-12,-1.1255766565143577
2024-10-13,-1.0547479219467344
2024-10-14,-0.7610354233718921
2024-10-15,-1.3833020758335766
2024-10-16,-1.3573420540844139
2024-10-17,-1.112366070703006
2024-10-18,-1.2172097618648856
2024-10-19,-1.762535427330848
2024-10-20,-1.094875092744773
2024-10-21,-2.42333219237007
2024-10-22,-1.3004953810172395
2024-10-23,-4.769398452565788
2024-10-24,-4.505466105396723
2024-10-25,-2.835371992937484
2024-10-26,-1.4032984956123236
2024-10-27,-2.010496008609676
2024-10-28,-0.8362445305832157
2024-10-29,-0.09110764290479384
2024-10-30,-1.0193305495639413
2024-10-31,-0.9642155279619679
2024-11-01,-1.1154781411768653
2024-11-02,-1.5175697465412465
2024-11-03,-1.3479288795733724
2024-11-04,-0.9976249519207718
2024-11-05,-0.36156975862891594
2024-11-06,0.18415062450681433
2024-11-07,-0.38056790190331236
2024-11-08,-0.6397158349135816
2024-11-09,-0.7068276934818616
2024-11-10,-0.8017502532538056
2024-11-11,-0.9691117104218661
2024-11-12,-1.0552743956358261
2024-11-13,-0.7630965801449293
2024-11-14,-0.4288095804542041
2024-11-15,-0.4775063414940242
2024-11-16,-0.8445588543306168
2024-11-17,-1.253252094907392
2024-11-18,-1.7530137698245938
2024-11-19,-1.6063837764434956
2024-11-20,-1.709750511352804
2024-11-21,-1.4487528238629952
2024-11-22,-0.9343765856270622
2024-11-23,-0.7545066991964033
2024-11-24,-0.7631176511292349
2024-11-25,-1.4714097924388894
2024-11-26,-1.2226069781997793
2024-11-27,-1.0375801229026849
2024-11-28,-1.2482380027442241
2024-11-29,-1.919361288485749
2024-11-30,-2.80993605072923
2024-12-01,-2.729293788306272
2024-12-02,-2.723002899397681
2024-12-03,-2.355917532408857
2024-12-04,-1.9628916680319928
2024-12-05,-1.558554958237893
2024-12-06,-1.8859002960997446
2024-12-07,-2.708918889393954
2024-12-08,-2.7519269925856187
2024-12-09,-2.8357073949123084
2024-12-10,-2.3491695686175276
2024-12-11,-2.0628285487008426
2024-12-12,-1.5616515355026275
2024-12-13,-1.510851473221137
2024-12-14,-1.5486945243208075
2024-12-15,-1.6969045622549845
2024-12-16,-1.6399450649365035
2024-12-17,-1.6236484273395217
2024-12-18,-1.2756545400431774
2024-12-19,-1.4237210241210452
2024-12-20,-1.903508772511418
2024-12-21,-1.5867189677625386
2024-12-22,-1.6224101117496983
2024-12-23,-1.6910732729997118
2024-12-24,-1.652303168872117
2024-12-25,-1.381337894562217
2024-12-26,-1.3101464314035391
2024-12-27,-1.4070354321924516
2024-12-28,-1.4780225037185275
2024-12-29,-1.50312824706564
2024-12-30,-1.3241308147275057
2024-12-31,-0.6366025138722538
2025-01-01,-1.0663323300403693
2025-01-02,-1.6046971104933687
2025-01-03,-1.4313634249668816
2025-01-04,-1.6558571451553137
2025-01-05,-1.6303014542269159
2025-01-06,-1.218850511448906
2025-01-07,-1.4422142793981478
2025-01-08,-1.5840492736196579
2025-01-09,-1.4425566132072956
2025-01-10,-1.62383530078024
2025-01-11,-1.2561373504681779
2025-01-12,-1.190614388875464
2025-01-13,-1.9056842108724954
2025-01-14,-1.4774573652359164
2025-01-15,-0.9916151944500381
2025-01-16,-1.0640329155708006
2025-01-17,-1.5585397368030558
2025-01-18,-0.9538716562495156
2025-01-19,-1.4953068780586074
2025-01-20,-0.3043296449317375
2025-01-21,-2.352124105712654
2025-01-22,-2.5554081454984945
2025-01-23,-1.2206026544866615
2025-01-24,-1.1030216913832143
2025-01-25,-1.8224359158212966
2025-01-26,-1.6206635839985473
2025-01-27,-1.3616940505287192
2025-01-28,-1.753195864341441
2025-01-29,-1.530441746291556
2025-01-30,-1.4433898684193007
2025-01-31,-1.4202746590643769
2025-02-01,-1.579965681177793
2025-02-02,-1.3962774352732121
2025-02-03,-1.8444637291763821
2025-02-04,-1.2501131556633769
2025-02-05,-1.5714222940424032
2025-02-06,-1.5180767646704159
2025-02-07,-2.24697431390781
2025-02-08,-1.5368970890483848
2025-02-09,-1.219489731116754
2025-02-10,-1.3167160167858607
2025-02-11,-1.4585192849010133
2025-02-12,0.09320893683742071
2025-02-13,0.440712020131999
2025-02-14,-0.8868663710872365
2025-02-15,-1.2673757765432294
2025-02-16,-1.0224333294372294
2025-02-17,-0.8142597024372784
2025-02-18,-0.7704246705971213
2025-02-19,-1.1552161999661081
2025-02-20,-1.281013163535794
2025-02-21,-1.337810831143637
2025-02-22,-1.3570500160030083
2025-02-23,-0.7223325733053474
2025-02-24,-0.9964422251888685
2025-02-25,-0.5738080216482115
2025-02-26,-0.6824569313252712
2025-02-27,-0.9423618977497327
2025-02-28,-0.9652094724745436
2025-03-01,-1.3661085448457229
2025-03-02,-1.5166318546987339
2025-03-03,-1.1221949469291577
2025-03-04,-1.3068389934206288
2025-03-05,-1.1112428114939066
2025-03-06,-0.3007303972937202
2025-03-07,-0.5489778489377313
2025-03-08,-1.3581728486857105
2025-03-09,-2.3054726174445808
2025-03-10,-1.6121658146076883
2025-03-11,-1.02407148713836
2025-03-12,-0.2747672152304321
2025-03-13,-0.45410443539998796
2025-03-14,-0.6841799167898345
2025-03-15,-0.7841674702387846
2025-03-16,-1.0886433311555996
2025-03-17,-1.1375863686858432
2025-03-18,-1.4838225347988112
2025-03-19,-3.5929418708554284
2025-03-20,-3.777110111340851
2025-03-21,-3.660752706305002
2025-03-22,-4.802743519494888
2025-03-23,-5.141962242296847
2025-03-24,-4.752188502860611
2025-03-25,-4.638043739062058
2025-03-26,-3.205621236003911
2025-03-27,-3.5836480540611553
2025-03-28,-3.242651990980078
2025-03-29,-3.594843826545096
2025-03-30,-3.58576799095321
2025-03-31,-2.7492724180271715
2025-04-01,-2.904841222947307
2025-04-02,-2.8515252946050067
2025-04-03,-2.7911904039399813
2025-04-04,-2.1643928046687915
2025-04-05,-1.740346818286767
2025-04-06,-1.5252967184306776
2025-04-07,-1.9408533417994613
2025-04-08,-1.8336428481561176
2025-04-09,-1.2861782023822772
2025-04-10,-1.2619959543295598
2025-04-11,-1.0416330560222236
2025-04-12,-0.6149831888672554
2025-04-13,-0.5633667370577586
2025-04-14,-1.320381408998856
2025-04-15,-1.08490210489257
2025-04-16,-1.1915767352110365
2025-04-17,-1.276445997201345
2025-04-18,-1.5067499454254303
2025-04-19,-1.7307516829791438
2025-04-20,-1.677856542648774
2025-04-21,-0.7833854405041498
2025-04-22,-0.19648727117399337
2025-04-23,-1.405998423181931
2025-04-24,-1.879356016153936
2025-04-25,-1.2694245801234298
2025-04-26,-1.034707929351898
2025-04-27,-1.2770417970408752
2025-04-28,-1.1591074927430904
2025-04-29,-1.115155464031124
2025-04-30,-1.9900437332579308
2025-05-01,-2.316674342902607
2025-05-02,-1.6973608643583127
2025-05-03,-1.0115822853129315
2025-05-04,-1.658581023063951
2025-05-05,-1.3812181361421338
2025-05-06,-0.9691302321228643
2025-05-07,-1.6474872599369976
2025-05-08,-1.6845289095690348
2025-05-09,-1.7575231730448386
2025-05-10,-1.5603430961566602
2025-05-11,-0.788001673744435
2025-05-12,-1.2191096112901347
2025-05-13,-1.107572546125033
2025-05-14,-0.9263475063906087
2025-05-15,-0.7618495843101184
2025-05-16,-1.0528946754188646
2025-05-17,-1.597312756124168
2025-05-18,-1.5388598988553925
2025-05-19,-1.4233065639851892
2025-05-20,-1.2617684865988041
2025-05-21,-0.9358488833902481
2025-05-22,-1.1295407756793965
2025-05-23,-1.726497735171415
2025-05-24,-1.4117940461025487
2025-05-25,-1.1807160481223826
2025-05-26,-0.9302539726588106
2025-05-27,-1.4774504204202383
2025-05-28,-1.0329471826038177
2025-05-29,-1.1717109824692273
2025-05-30,-0.8651558586825795
2025-05-31,-1.5937199973005711
2025-06-01,-2.1248238147143828
2025-06-02,-1.4891811061253295
2025-06-03,-2.230756244892414
2025-06-04,-1.8691481678489366
2025-06-05,-1.9138022567804645
2025-06-06,-1.6761586259575885
2025-06-07,-1.908256094843828
2025-06-08,-1.3891569018256245
2025-06-09,-2.186840770556333
2025-06-10,-1.7517595915535253
2025-06-11,-1.3966318781626899
2025-06-12,-1.1067937684122575
2025-06-13,-2.17580939123997
2025-06-14,-1.8600832061429602
2025-06-15,-1.6319451552432138
2025-06-16,-4.629637342028397
2025-06-17,-5.4409022493200165
2025-06-18,-6.5162533495100785
2025-06-19,
2025-06-20,-1.17378917378917
2025-06-21,-4.341736694677875
2025-06-22,-3.15126050420168
2025-06-23,-1.292506782488181
2025-06-24,-6.61204091120409
2025-06-25,-3.7986577604196565
2025-06-26,-0.31435367294041516
2025-06-27,-2.8954488724856793
2025-06-28,1.7584091832994353
2025-06-29,1.2496042427521656
2025-06-30,-3.2237071588173656
2025-07-01,-2.3757700158696027
2025-07-02,-2.080076202173802
2025-07-03,-1.7882341155435912
2025-07-04,-2.4606544915619
2025-07-05,-2.636892194140194
2025-07-06,-2.263633701774034
2025-07-07,-2.2598761700165007
2025-07-08,-2.229075323771992
2025-07-09,-1.1652605296838188
2025-07-10,-1.508900913908976
2025-07-11,-0.9435856157637105
2025-07-12,-0.9644877946821323
2025-07-13,-1.1559223325327102
2025-07-14,-1.3702024630588086
2025-07-15,-1.3797913327601077
2025-07-16,-2.595779081403014
2025-07-17,-1.7896278982889484
2025-07-18,-1.3857813111744317
2025-07-19,-1.5412527983566575
2025-07-20,-1.5419881596363076
2025-07-21,-1.5224504728751098
2025-07-22,-1.4516057447555906
2025-07-23,-1.2189241232341712
2025-07-24,-1.6719918129555538
2025-07-25,-1.4359134244482954
2025-07-26,-1.5650335760451244
2025-07-27,-2.645329261077555
2025-07-28,-2.1264764117867374
2025-07-29,-1.4952841893870412
2025-07-30,-1.0049850083921437
2025-07-31,-1.3046004349627236
2025-08-01,-1.3914162007110593
2025-08-02,-0.43609196155998897
2025-08-03,-0.9692571742991338
2025-08-04,-0.8215484282466698
2025-08-05,-0.8245241955748165
2025-08-06,-1.7457810522035957
2025-08-07,-1.3095379946792545
2025-08-08,-1.6020790328650116
2025-08-09,-0.8244648589583892
2025-08-10,-1.8738503564528863
2025-08-11,-1.5340521498518467
2025-08-12,-1.3281661714146897
2025-08-13,-1.2141739457766207
2025-08-14,-1.2478031383249153
2025-08-15,-2.1406926761661444
2025-08-16,-0.4812108379372565
2025-08-17,-1.0257052619648686
2025-08-18,-1.9883756416641774
2025-08-19,-1.0898477223812038
2025-08-20,-0.6157160726293446
2025-08-21,-0.7403782166172703
2025-08-22,-0.963450741838083
2025-08-23,-0.9159416910006122
2025-08-24,-0.8493635389246993
2025-08-25,-0.6716473061827912
2025-08-26,-1.3372835710929831
2025-08-27,-1.5065351715097897
2025-08-28,-1.1893600614657733
2025-08-29,-1.7154297786126602
2025-08-30,-0.8094295472504003
2025-08-31,-0.4360925297482343
2025-09-01,-0.17248804390074077
2025-09-02,-1.1029308163369411
2025-09-03,-1.7476755117926954
2025-09-04,-2.2442961286169405
2025-09-05,-1.6770556110556099
2025-09-06,-1.1564609171486273
2025-09-07,-1.0085031100845618
2025-09-08,-3.2843192506693093
2025-09-09,-2.323918790454568
2025-09-10,-1.8370072214474251
2025-09-11,-1.131921842545056
2025-09-12,-2.0437285169687964
2025-09-13,-1.9607023806238704
2025-09-14,-1.9213575183886131
2025-09-15,-1.6862303422297278
2025-09-16,-1.0844418582930768
2025-09-17,-0.7508400433021399
2025-09-18,-0.7370091833579596
2025-09-19,-0.5828943586484069
2025-09-20,-0.892839150139717
2025-09-21,-0.7608680926302183
2025-09-22,-0.8741979666828812
2025-09-23,-1.258098321856335
2025-09-24,-1.1382678958857588
2025-09-25,-0.913512404602242
2025-09-26,-0.37115017527547023
2025-09-27,-0.5419441524335865
2025-09-28,-0.8234836883401055
2025-09-29,-0.9057353111221305
2025-09-30,-0.9655586048755559
2025-10-01,-1.2752513396006047
2025-10-02,-2.285915679956536
2025-10-03,-1.174339834892652
2025-10-04,-1.201080593536921
2025-10-05,-1.5772253514554833
2025-10-06,-1.2398042134477336
2025-10-07,-1.2702987829061365
2025-10-08,-1.3778396320722939
2025-10-09,-0.23400855794477293
2025-10-10,-1.0480651688601526
2025-10-11,-1.129969576586313
2025-10-12,-0.384545552786738
2025-10-13,-0.6744536109863178
2025-10-14,-0.31483068735207753
2025-10-15,-0.9744659899617851
2025-10-16,-1.1061120221432612
2025-10-17,-0.988294580234203
2025-10-18,-0.9576194572229761
2025-10-19,-0.7220711195301472
2025-10-20,-0.8950411408334159
2025-10-21,-1.0748755245647548
2025-10-22,-0.7158687677670414
2025-10-23,-0.6197574091453366
2025-10-24,-1.2903026580129373
2025-10-25,-1.540794255864579
2025-10-26,-1.389019775954442
2025-10-27,-1.2914917973449722
2025-10-28,-0.9253835997065049
2025-10-29,-0.9373446650980644
2025-10-30,-0.8711587811196383
2025-10-31,-1.478047974274781
2025-11-01,-1.231517790573275
2025-11-02,-0.8916790701318684
2025-11-03,-1.1257933941851626
2025-11-04,-0.7903065281392465
2025-11-05,-0.5747247688215054
2025-11-06,-1.312471924616585
2025-11-07,-1.8261554209860256
2025-11-08,-2.305632041398392
2025-11-09,-0.974174236340017
2025-11-10,-1.101456921611274
2025-11-11,-3.1556030875127776
2025-11-12,-2.409376074382922
2025-11-13,-1.8885284845191848
2025-11-14,-1.7011583302001225
2025-11-15,-1.0668995122895892
2025-11-16,-1.774002009343554
2025-11-17,-1.3523710776049196
2025-11-18,-1.1936315097312786
2025-11-19,-1.3441423468954576
2025-11-20,-1.33879344311797
2025-11-21,-0.8910534732298467
2025-11-22,-0.8818707015542909
2025-11-23,-0.10420091096352926
2025-11-24,0.2932816276259899
2025-11-25,-0.615203824544713
2025-11-26,-0.7664283888623638
2025-11-27,-0.35516989864100135
2025-11-28,-0.18157257845669572
2025-11-29,-0.19198902702245993
2025-11-30,-0.5618582025170376
2025-12-01,-1.1057633628013215
2025-12-02,-1.5830769241926843
2025-12-03,-0.8653721817520779
2025-12-04,-1.258008618017674
2025-12-05,-0.7076533168817043
2025-12-06,-1.2961090392044274
2025-12-07,-1.3377548196097482
2025-12-08,-0.43853327266146014
2025-12-09,-0.9817613804786409
2025-12-10,-0.7268218360921813
2025-12-11,-0.7189277529717026
2025-12-12,-0.7289995856753556
2025-12-13,-0.6108060940972557
2025-12-14,-1.2284927516992825
2025-12-15,-1.066512880887908
2025-12-16,-1.3679477134283669
2025-12-17,-1.2479751759194615
2025-12-18,-1.294720700018234
2025-12-19,-1.1901114397990442
2025-12-20,-1.0074037353814522
2025-12-21,-1.0969517809430762
2025-12-22,-1.1268841593936088
2025-12-23,-2.010967990113309
2025-12-24,-2.6769534275396953
2025-12-25,-2.5062727531464386
2025-12-26,-1.611282508666093
2025-12-27,-1.8227399940673008
2025-12-28,-1.9902826074708595
2025-12-29,-3.801655013329234
2025-12-30,-2.8179789134703785
2025-12-31,-1.9524090977618502
