date,value
2015-02-18,3.505499371685426
2015-02-19,3.596970827395017
2015-02-20,3.5619775725184186
2015-02-21,3.4642185235429275
2015-02-22,3.5686834178843405
2015-02-23,3.559806474992676
2015-02-24,3.5435550074667233
2015-02-25,3.5680070349495185
2015-02-26,3.5956888489566268
2015-02-27,3.574148545067473
2015-02-28,3.434866806506338
2015-03-01,3.4249915452800157
2015-03-02,3.5229160195564773
2015-03-03,3.520817123513021
2015-03-04,3.39437807730941
2015-03-05,3.5510739880226714
2015-03-06,3.558490135403727
2015-03-07,3.5104446068822814
2015-03-08,3.4920648166352413
2015-03-09,3.476261756687788
2015-03-10,3.490242042386396
2015-03-11,3.530080271867903
2015-03-12,3.537879342960175
2015-03-13,3.539855892152836
2015-03-14,3.4780953749686554
2015-03-15,3.488734094682016
2015-03-16,3.4976439872889475
2015-03-17,3.473235106039796
2015-03-18,3.4349652614812456
2015-03-19,3.5489726204190606
2015-03-20,3.5602488741425278
2015-03-21,3.4690406461899745
2015-03-22,3.2670815282125787
2015-03-23,3.480104768021064
2015-03-24,3.490665855008755
2015-03-25,3.6075097277817574
2015-03-26,3.507230790558794
2015-03-27,3.504516531583201
2015-03-28,3.5259901460093754
2015-03-29,3.5671468710151
2015-03-30,3.510691031999909
2015-03-31,3.6022172395004746
2015-04-01,3.5898933078833184
2015-04-02,3.557902670472086
2015-04-03,3.451691122301638
2015-04-04,3.4053122699939373
2015-04-05,3.58826982268471
2015-04-06,3.5546772354088847
2015-04-07,3.4460073532460767
2015-04-08,3.4347549556638985
2015-04-09,3.4246599760354903
2015-04-10,3.4923580071216884
2015-04-11,3.5257254475026576
2015-04-12,3.4895281235498183
2015-04-13,3.554533409970323
2015-04-14,3.5768254853885355
2015-04-15,3.5756358658714698
2015-04-16,3.506127035412051
2015-04-17,3.5069520003956387
2015-04-18,3.578430606433716
2015-04-19,3.5494612129028984
2015-04-20,3.533288801811916
2015-04-21,3.512551909205939
2015-04-22,3.5158392984426268
2015-04-23,3.4790435271584554
2015-04-24,3.4877893601053467
2015-04-25,3.487897647319872
2015-04-26,3.5685860074344404
2015-04-27,3.5815716249925016
2015-04-28,3.5259175388093853
2015-04-29,3.6496194626577214
2015-04-30,3.6047318591177504
2015-05-01,3.6679772911308435
2015-05-02,3.6756762228644724
2015-05-03,3.634001686284382
2015-05-04,3.487992853956622
2015-05-05,3.5122074580270457
2015-05-06,3.4816325213620276
2015-05-07,3.5834008434469404
2015-05-08,3.5042632923541897
2015-05-09,3.4981411403982916
2015-05-10,3.526830799886545
2015-05-11,3.513694386093524
2015-05-12,3.4776789966618415
2015-05-13,3.3071244193133826
2015-05-14,3.384304503912641
2015-05-15,3.4276648168595
2015-05-16,3.54895047487097
2015-05-17,3.559418638695468
2015-05-18,3.592472026578162
2015-05-19,3.5221583759178294
2015-05-20,3.5060772220758967
2015-05-21,3.5607649565417203
2015-05-22,3.484765242303121
2015-05-23,3.4816588510725968
2015-05-24,3.4589303762338828
2015-05-25,3.4642887917840404
2015-05-26,3.5401050398960594
2015-05-27,3.519958484703849
2015-05-28,3.560211153514617
2015-05-29,3.5843165049100096
2015-05-30,3.5060668440729006
2015-05-31,3.6975396238645484
2015-06-01,3.666344103898974
2015-06-02,3.6121210199859295
2015-06-03,3.655245657393975
2015-06-04,3.655141958076388
2015-06-05,3.610270571627354
2015-06-06,3.612109185676437
2015-06-07,3.6771858112032723
2015-06-08,3.6229579138475327
2015-06-09,3.633064561152141
2015-06-10,3.570891431622478
2015-06-11,3.584171310698216
2015-06-12,3.5070894681358897
2015-06-13,3.4868490696691614
2015-06-14,3.526447358603244
2015-06-15,3.551233645565811
2015-06-16,3.588412735859233
2015-06-17,3.5926761227735082
2015-06-18,3.5523619973828287
2015-06-19,3.478483266123352
2015-06-20,3.369305046802299
2015-06-21,3.3688087028702554
2015-06-22,3.498722711700852
2015-06-23,3.548463532110002
2015-06-24,3.527833777341408
2015-06-25,3.5946061080790424
2015-06-26,3.6283822181549836
2015-06-27,3.6646118658310893
2015-06-28,3.57279292440231
2015-06-29,3.5808926607932
2015-06-30,3.646054490923096
2015-07-01,3.577221668340232
2015-07-02,3.59048381995384
2015-07-03,3.6965196175512647
2015-07-04,3.6428536721749993
2015-07-05,3.6843115528586505
2015-07-06,3.707307607663516
2015-07-07,3.568090092259033
2015-07-08,3.64010648654594
2015-07-09,3.67930561950878
2015-07-10,3.720339641878217
2015-07-11,3.6648045236992495
2015-07-12,3.6373882792890413
2015-07-13,3.582022026093547
2015-07-14,3.5597879120150973
2015-07-15,3.6063769963061167
2015-07-16,3.5979718661669096
2015-07-17,3.5196681477972738
2015-07-18,3.6217307868066926
2015-07-19,3.5753271610405397
2015-07-20,3.574326380698701
2015-07-21,3.6548713070831624
2015-07-22,3.5842694104234267
2015-07-23,3.5566646914786424
2015-07-24,3.455677709361579
2015-07-25,3.4664292621354815
2015-07-26,3.523869075159465
2015-07-27,3.5551634783108734
2015-07-28,3.550929004504602
2015-07-29,3.5657297468671754
2015-07-30,3.589621771356682
2015-07-31,3.5844994982477525
2015-08-01,3.565770146847014
2015-08-02,3.5191265639663882
2015-08-03,3.610602038682468
2015-08-04,3.6609303672199243
2015-08-05,3.6012392154922908
2015-08-06,3.550090468873253
2015-08-07,3.561204621616076
2015-08-08,3.5204627319862363
2015-08-09,3.5821183436363753
2015-08-10,3.4842368761732803
2015-08-11,3.5326145870944705
2015-08-12,3.573406784007795
2015-08-13,3.5325257367830454
2015-08-14,3.558095437708884
2015-08-15,3.5814349610455007
2015-08-16,3.5727593127374497
2015-08-17,3.6273391387986473
2015-08-18,3.6357796509262643
2015-08-19,3.622606866341813
2015-08-20,3.6309388933116957
2015-08-21,3.6141176965946795
2015-08-22,3.6166562023609905
2015-08-23,3.5525807322198273
2015-08-24,3.62348062435344
2015-08-25,3.6228034515521976
2015-08-26,3.624484334168982
2015-08-27,3.580325172479657
2015-08-28,3.5568181343602596
2015-08-29,3.594579405697684
2015-08-30,3.561113067322486
2015-08-31,3.6263411246563724
2015-09-01,3.6263935705277297
2015-09-02,3.632096237941674
2015-09-03,3.626494652634916
2015-09-04,3.50657940472476
2015-09-05,3.5550805443200115
2015-09-06,3.5846795469941757
2015-09-07,3.6175958436305216
2015-09-08,3.5008224136927955
2015-09-09,3.6656176522478705
2015-09-10,3.644586030343234
2015-09-11,3.635743349466064
2015-09-12,3.584387356808001
2015-09-13,3.541039784939021
2015-09-14,3.5798275176888983
2015-09-15,3.5720046112454757
2015-09-16,3.575989044545165
2015-09-17,3.6220379033361847
2015-09-18,3.529409258335437
2015-09-19,3.5732609402593427
2015-09-20,3.5860621128776518
2015-09-21,3.508575084979781
2015-09-22,3.5066905990798993
2015-09-23,3.5497462522671985
2015-09-24,3.498528957397397
2015-09-25,3.49901032829878
2015-09-26,3.484087626028975
2015-09-27,3.407516096376344
2015-09-28,3.5244285949167278
2015-09-29,3.488692059657178
2015-09-30,3.525658162098165
2015-10-01,3.6178294581444224
2015-10-02,3.587133806311677
2015-10-03,3.508188399528452
2015-10-04,3.4873920731074697
2015-10-05,3.556336732961796
2015-10-06,3.641932426905169
2015-10-07,3.628147949273616
2015-10-08,3.6057691660862816
2015-10-09,3.5747899618245436
2015-10-10,3.676610637366437
2015-10-11,3.6382507664166783
2015-10-12,3.6740838869027037
2015-10-13,3.706003320489665
2015-10-14,3.6712300131298066
2015-10-15,3.5608414896519793
2015-10-16,3.6128594524786237
2015-10-17,3.558072439665737
2015-10-18,3.5266348656955886
2015-10-19,3.5298237356153166
2015-10-20,3.595767662300331
2015-10-21,3.248812143146007
2015-10-22,3.337652256285379
2015-10-23,3.4248620027389127
2015-10-24,3.54358504293812
2015-10-25,3.4534637352795756
2015-10-26,3.5200819289425174
2015-10-27,3.5572808565090464
2015-10-28,3.5890287027363756
2015-10-29,3.56844939570079
2015-10-30,3.583343259591134
2015-10-31,3.6785328631995498
2015-11-01,3.6843572695263602
2015-11-02,3.5744740166604094
2015-11-03,3.5972007422422543
2015-11-04,3.563854807178619
2015-11-05,3.638319980663543
2015-11-06,3.666696835235875
2015-11-07,3.620587359955508
2015-11-08,3.596569058776116
2015-11-09,3.5183650204074923
2015-11-10,3.566820784590603
2015-11-11,3.4802899693612694
2015-11-12,3.4603189348257213
2015-11-13,3.3966786773673507
2015-11-14,3.4230912712648367
2015-11-15,3.432567188537451
2015-11-16,3.452798147668245
2015-11-17,3.4379606752327785
2015-11-18,3.388532414594664
2015-11-19,3.505839952846616
2015-11-20,3.5054975522673297
2015-11-21,3.5789666021937236
2015-11-22,3.505927785486856
2015-11-23,3.4997413490166718
2015-11-24,3.61232309280527
2015-11-25,3.677821687371507
2015-11-26,3.756769233726482
2015-11-27,3.7682014036590563
2015-11-28,3.766994352112259
2015-11-29,3.7766373082677474
2015-11-30,3.7161438392416892
2015-12-01,3.7526917070231813
2015-12-02,3.751115219056508
2015-12-03,3.6810669121742836
2015-12-04,3.6881029363521782
2015-12-05,3.773194262338777
2015-12-06,3.7851580474989217
2015-12-07,3.766451704667188
2015-12-08,3.7655660433032025
2015-12-09,3.7272557268714674
2015-12-10,3.705055351057653
2015-12-11,3.7578331550474826
2015-12-12,3.8041296046665036
2015-12-13,3.7076462252650075
2015-12-14,3.6760130217833855
2015-12-15,3.64507348751268
2015-12-16,3.694854835881549
2015-12-17,3.651154601079577
2015-12-18,3.6688079948494776
2015-12-19,3.659012643663679
2015-12-20,3.732580765235792
2015-12-21,3.733349619983029
2015-12-22,3.7040775077526162
2015-12-23,3.670306149550852
2015-12-24,3.6361071390422333
2015-12-25,3.655964355631237
2015-12-26,3.665543035882149
2015-12-27,3.724433003257593
2015-12-28,3.7157080821020774
2015-12-29,3.7083592992384014
2015-12-30,3.758719750156312
2015-12-31,3.703246267832773
2016-01-01,3.774431730106054
2016-01-02,3.6756112703063493
2016-01-03,3.7131199434478814
2016-01-04,3.6896410438116627
2016-01-05,3.7328956661333157
2016-01-06,3.685275716279929
2016-01-07,3.6435099277907312
2016-01-08,3.6404272329693987
2016-01-09,3.671072020180181
2016-01-10,3.6432289110136624
2016-01-11,3.607092215149133
2016-01-12,3.5126003981236305
2016-01-13,3.600449882954428
2016-01-14,3.6405858915436045
2016-01-15,3.712702429145892
2016-01-16,3.687279058692563
2016-01-17,3.646089303433701
2016-01-18,3.6121500829471658
2016-01-19,3.5964771132434525
2016-01-20,3.6087995162031112
2016-01-21,3.58796346194072
2016-01-22,3.5387002075449243
2016-01-23,3.5332362575899703
2016-01-24,3.595726008055889
2016-01-25,3.571169741626721
2016-01-26,3.6106503976623463
2016-01-27,3.7071524199368047
2016-01-28,3.644379895841459
2016-01-29,3.671876113999713
2016-01-30,3.6741927298103594
2016-01-31,3.6300854352842866
2016-02-01,3.6983175429673345
2016-02-02,3.6298670376921742
2016-02-03,3.7016209938524636
2016-02-04,3.7008954806257632
2016-02-05,3.6665170243208065
2016-02-06,3.692746881046563
2016-02-07,3.667037453248195
2016-02-08,3.6241266361940525
2016-02-09,3.660470964388702
2016-02-10,3.694280300908634
2016-02-11,3.716715636607918
2016-02-12,3.614427138450057
2016-02-13,3.668414402101558
2016-02-14,3.637796465729735
2016-02-15,3.6914003777587965
2016-02-16,3.6637762993307357
2016-02-17,3.708411851437669
2016-02-18,3.6312755861482344
2016-02-19,3.642251354642119
2016-02-20,3.6223666724682917
2016-02-21,3.7087271565118365
2016-02-22,3.6654992078079816
2016-02-23,3.607061199365152
2016-02-24,3.6050589873748553
2016-02-25,3.679352192682906
2016-02-26,3.6774204908066563
2016-02-27,3.6284214281985214
2016-02-28,3.6767858646505687
2016-02-29,3.6515660967708636
2016-03-01,3.644068453975616
2016-03-02,3.6305323081828287
2016-03-03,3.596126760326939
2016-03-04,3.649066804008947
2016-03-05,3.6279764767131195
2016-03-06,3.6219779760862565
2016-03-07,3.589034425609336
2016-03-08,3.592754774871278
2016-03-09,3.5515858680367667
2016-03-10,3.5425372847572425
2016-03-11,3.6076137567524706
2016-03-12,3.598912813400501
2016-03-13,3.666098097192988
2016-03-14,3.6770877012317547
2016-03-15,3.656558292791522
2016-03-16,3.678385945373395
2016-03-17,3.76436850763023
2016-03-18,3.6180647756102617
2016-03-19,3.619679487037331
2016-03-20,3.6545344733150884
2016-03-21,3.6369385514379027
2016-03-22,3.7279639810655034
2016-03-23,3.759747786538953
2016-03-24,3.735833087531734
2016-03-25,3.6858957361160587
2016-03-26,3.7019429605684024
2016-03-27,3.558395831549922
2016-03-28,3.6236372592941497
2016-03-29,3.620562377986465
2016-03-30,3.5993181251154893
2016-03-31,3.6433305969928105
2016-04-01,3.632385538248706
2016-04-02,3.6487306367743395
2016-04-03,3.5961648417688856
2016-04-04,3.5472012741022168
2016-04-05,3.5591402297688113
2016-04-06,3.561166408345724
2016-04-07,3.598860013493989
2016-04-08,3.529266194224951
2016-04-09,3.5912016352909353
2016-04-10,3.537879796323916
2016-04-11,3.448469989010297
2016-04-12,3.4664588958418596
2016-04-13,3.4344145976876708
2016-04-14,3.4340999024111296
2016-04-15,3.487155161225343
2016-04-16,3.3987906261815812
2016-04-17,3.378384682863643
2016-04-18,3.6122177346850046
2016-04-19,3.634068980917383
2016-04-20,3.6130269766902807
2016-04-21,3.656169389762362
2016-04-22,3.591882771312802
2016-04-23,3.388732461591903
2016-04-24,3.5462659843845397
2016-04-25,3.625111057791097
2016-04-26,3.6226105521554963
2016-04-27,3.6387005220646027
2016-04-28,3.6609912887488716
2016-04-29,3.555498701244612
2016-04-30,3.5737067249785435
2016-05-01,3.725837631112314
2016-05-02,3.636621267182535
2016-05-03,3.7461144449973554
2016-05-04,3.6523740908551496
2016-05-05,3.623320880534585
2016-05-06,3.676603812088765
2016-05-07,3.6471462662527463
2016-05-08,3.5597249252405962
2016-05-09,3.6540021426083857
2016-05-10,3.6918695399260715
2016-05-11,3.6394706211097603
2016-05-12,3.689211202986032
2016-05-13,3.6056062970498703
2016-05-14,3.508455313944586
2016-05-15,3.540123244195642
2016-05-16,3.6272028889736436
2016-05-17,3.65906863879
2016-05-18,3.634115241726591
2016-05-19,3.5700439302102347
2016-05-20,3.553618838912156
2016-05-21,3.5215272450163084
2016-05-22,3.5003993111766065
2016-05-23,3.4278418476986916
2016-05-24,3.4767765334581973
2016-05-25,3.5916588445830513
2016-05-26,3.612368879823108
2016-05-27,3.5933271105212516
2016-05-28,3.556248839216269
2016-05-29,3.5709516722969568
2016-05-30,3.6259206484432287
2016-05-31,3.7039562591870916
2016-06-01,3.6867107753637285
2016-06-02,3.7314793093151613
2016-06-03,3.613290784476147
2016-06-04,3.624966105945078
2016-06-05,3.631529231985776
2016-06-06,3.6815122448529842
2016-06-07,3.6702860182463684
2016-06-08,3.605511869839472
2016-06-09,3.6128225772662588
2016-06-10,3.6766546712084147
2016-06-11,3.6289776723050604
2016-06-12,3.6140359936329687
2016-06-13,3.650247805128417
2016-06-14,3.54268109470392
2016-06-15,3.582467756453224
2016-06-16,3.510445445416636
2016-06-17,3.612176122332747
2016-06-18,3.6175957875592646
2016-06-19,3.6556970817799384
2016-06-20,3.6333384436297824
2016-06-21,3.6862519207370084
2016-06-22,3.6458980932455196
2016-06-23,3.5939427407570776
2016-06-24,3.5671584723329475
2016-06-25,3.539192125670114
2016-06-26,3.604885745975342
2016-06-27,3.5136190003780103
2016-06-28,3.5791539296869166
2016-06-29,3.5945123870863642
2016-06-30,3.63745915942383
2016-07-01,3.620853520570903
2016-07-02,3.6463741485309744
2016-07-03,3.6402024702095654
2016-07-04,3.67933757819453
2016-07-05,3.6138206362672887
2016-07-06,3.684721308177582
2016-07-07,3.6717915322515084
2016-07-08,3.5924022409448653
2016-07-09,3.464704380213746
2016-07-10,3.515179191361066
2016-07-11,3.6880322229696265
2016-07-12,3.5807759631333718
2016-07-13,3.6543131138683767
2016-07-14,3.653967195839524
2016-07-15,3.695620820712247
2016-07-16,3.7310574496669466
2016-07-17,3.7356667215593
2016-07-18,3.772699425585328
2016-07-19,3.7530019781351727
2016-07-20,3.7355556783271333
2016-07-21,3.7475880338715926
2016-07-22,3.7546609723677573
2016-07-23,3.7664883147178614
2016-07-24,3.7554931002721603
2016-07-25,3.73194290095328
2016-07-26,3.699042831951174
2016-07-27,3.7095785999932067
2016-07-28,3.716825765693097
2016-07-29,3.68196900181773
2016-07-30,3.723964170218744
2016-07-31,3.825249132102149
2016-08-01,3.7860720830886927
2016-08-02,3.734049420383967
2016-08-03,3.681451351745122
2016-08-04,3.7123886361116525
2016-08-05,3.683104338136687
2016-08-06,3.6983516862552226
2016-08-07,3.614665529184709
2016-08-08,3.623344477966378
2016-08-09,3.534916214654036
2016-08-10,3.611286313777862
2016-08-11,3.657056464987332
2016-08-12,3.619925253120636
2016-08-13,3.6090322807508066
2016-08-14,3.57517465787477
2016-08-15,3.722252767221855
2016-08-16,3.7007927617195184
2016-08-17,3.7291638580486723
2016-08-18,3.7292702770238106
2016-08-19,3.671980487477106
2016-08-20,3.6677457740983224
2016-08-21,3.548075451764195
2016-08-22,3.6592086625910216
2016-08-23,3.634408608368519
2016-08-24,3.6425692229085254
2016-08-25,3.689740300033725
2016-08-26,3.614218025109872
2016-08-27,3.578224290824479
2016-08-28,3.497822391684763
2016-08-29,3.631248833389382
2016-08-30,3.651732588304425
2016-08-31,3.6616866756142814
2016-09-01,3.664209381962813
2016-09-02,3.661042912994329
2016-09-03,3.529019044127107
2016-09-04,3.481349593533286
2016-09-05,3.553118453669108
2016-09-06,3.606703478302369
2016-09-07,3.612329248062861
2016-09-08,3.6494128584483527
2016-09-09,3.553646196616701
2016-09-10,3.613649117878163
2016-09-11,3.6649715003891497
2016-09-12,3.709181164074738
2016-09-13,3.66920631217135
2016-09-14,3.7155003076453554
2016-09-15,3.5889270211367563
2016-09-16,3.715165442919373
2016-09-17,3.609404953187623
2016-09-18,3.5492724142147387
2016-09-19,3.606677479985018
2016-09-20,3.6035658106966704
2016-09-21,3.619879881951027
2016-09-22,3.5850276174609093
2016-09-23,3.612719565290435
2016-09-24,3.49432866576005
2016-09-25,3.5189517427698345
2016-09-26,3.5390555280442286
2016-09-27,3.505087655515785
2016-09-28,3.5487438151341344
2016-09-29,3.5197560228598137
2016-09-30,3.5883934431531586
2016-10-01,3.6541735905094055
2016-10-02,3.6754059502785648
2016-10-03,3.6177682395324915
2016-10-04,3.60996294044103
2016-10-05,3.6989587565933837
2016-10-06,3.6836451391702725
2016-10-07,3.64382101463256
2016-10-08,3.6072291467417124
2016-10-09,3.60117495808649
2016-10-10,3.4842048037696314
2016-10-11,3.60661773280409
2016-10-12,3.691614236469867
2016-10-13,3.526141489130613
2016-10-14,3.618996157193447
2016-10-15,3.378258751096746
2016-10-16,3.4865904358697284
2016-10-17,3.6581241046154362
2016-10-18,3.6502370113242275
2016-10-19,3.605731973882384
2016-10-20,3.5485408959485745
2016-10-21,3.601337932488812
2016-10-22,3.572522741896456
2016-10-23,3.55442114746577
2016-10-24,3.636209599062111
2016-10-25,3.724787104283236
2016-10-26,3.7270925231125056
2016-10-27,3.655535719387357
2016-10-28,3.6218731580883365
2016-10-29,3.672523770947194
2016-10-30,3.7893264901140693
2016-10-31,3.744881158573737
2016-11-01,3.7180048823015297
2016-11-02,3.707999005485628
2016-11-03,3.7184675585611577
2016-11-04,3.7078966821905794
2016-11-05,3.727565034512317
2016-11-06,3.7268571117279286
2016-11-07,3.6730536095100565
2016-11-08,3.7282032782336274
2016-11-09,3.612489052495982
2016-11-10,3.639325080624352
2016-11-11,3.587873917173016
2016-11-12,3.6696277200824685
2016-11-13,3.6606384443379327
2016-11-14,3.634404428918408
2016-11-15,3.5035416394038412
2016-11-16,3.578884868763031
2016-11-17,3.6441409020408884
2016-11-18,3.6614987665068575
2016-11-19,3.6219234234356548
2016-11-20,3.6560383282455975
2016-11-21,3.597539938302904
2016-11-22,3.726101460740406
2016-11-23,3.619167629979212
2016-11-24,3.702908343606009
2016-11-25,3.6774864445983573
2016-11-26,3.6509249443237275
2016-11-27,3.6674352911970263
2016-11-28,3.6182697778877007
2016-11-29,3.5433783279274973
2016-11-30,3.5017444703648284
2016-12-01,3.4889400002694044
2016-12-02,3.5357990981791683
2016-12-03,3.502552842917008
2016-12-04,3.5379353034183048
2016-12-05,3.6092147671929102
2016-12-06,3.5677691528378217
2016-12-07,3.5134887446138334
2016-12-08,3.554315221348201
2016-12-09,3.6916699278050036
2016-12-10,3.6481258901536537
2016-12-11,3.5975699541633652
2016-12-12,3.590600379482933
2016-12-13,3.657406637394933
2016-12-14,3.5993912414256144
2016-12-15,3.5017053091746257
2016-12-16,3.5408099951970002
2016-12-17,3.597039693029375
2016-12-18,3.616304099111462
2016-12-19,3.513552462032182
2016-12-20,3.6229546372208126
2016-12-21,3.5898346861015074
2016-12-22,3.6190727250530315
2016-12-23,3.572523892765442
2016-12-24,3.641513414626868
2016-12-25,3.5854414078437395
2016-12-26,3.6595471259996217
2016-12-27,3.529844862324546
2016-12-28,3.4959574315113917
2016-12-29,3.535396630011748
2016-12-30,3.558864281151291
2016-12-31,3.493092046918579
2017-01-01,3.6104284210721502
2017-01-02,3.6183758558509487
2017-01-03,3.6498554274963513
2017-01-04,3.6367047680420717
2017-01-05,3.670275261057611
2017-01-06,3.659682990805196
2017-01-07,3.623580426417373
2017-01-08,3.581650033564895
2017-01-09,3.574971653935792
2017-01-10,3.6330645046069487
2017-01-11,3.5754832477308556
2017-01-12,3.5197475548249937
2017-01-13,3.5970636977366337
2017-01-14,3.626715200736732
2017-01-15,3.549889975577733
2017-01-16,3.6513642813506544
2017-01-17,3.6021369029507007
2017-01-18,3.5923654373023974
2017-01-19,3.5844250516716727
2017-01-20,3.618042295087989
2017-01-21,3.603728215848241
2017-01-22,3.4172029056934887
2017-01-23,3.4441539019769203
2017-01-24,3.394314159162991
2017-01-25,3.5605342067751695
2017-01-26,3.6923223253358546
2017-01-27,3.6832860002562486
2017-01-28,3.388445346585621
2017-01-29,3.4789223695021594
2017-01-30,3.590161933522781
2017-01-31,3.6375285535168946
2017-02-01,3.6176670930011547
2017-02-02,3.4515580795282665
2017-02-03,3.4873517004737637
2017-02-04,3.5409728733254244
2017-02-05,3.5223515351285153
2017-02-06,3.583097134907164
2017-02-07,3.53957998500713
2017-02-08,3.525061207122541
2017-02-09,3.465981956276557
2017-02-10,3.5444826140866605
2017-02-11,3.6424788655360123
2017-02-12,3.482660858675369
2017-02-13,3.567906167000723
2017-02-14,3.5465032465731903
2017-02-15,3.55363217592874
2017-02-16,3.559007711534361
2017-02-17,3.6105498993317697
2017-02-18,3.5882359584316665
2017-02-19,3.5502053270533107
2017-02-20,3.5733633185592324
2017-02-21,3.5680769588020964
2017-02-22,3.5824372597778074
2017-02-23,3.5283854027635386
2017-02-24,3.6321924166145103
2017-02-25,3.5762730580592277
2017-02-26,3.5356168573272413
2017-02-27,3.5684771871591083
2017-02-28,3.639002615594736
2017-03-01,3.60900307750238
2017-03-02,3.6553454874609086
2017-03-03,3.6894743370943486
2017-03-04,3.5485159408993527
2017-03-05,3.6784147487785606
2017-03-06,3.671578198598862
2017-03-07,3.4487833049984866
2017-03-08,3.512818956268449
2017-03-09,3.5576564820580643
2017-03-10,3.5765267699332446
2017-03-11,3.6087892045952654
2017-03-12,3.6517160922296665
2017-03-13,3.6852145844980035
2017-03-14,3.6973941242923107
2017-03-15,3.662591766202393
2017-03-16,3.646022932784756
2017-03-17,3.654428636938559
2017-03-18,3.64724448153308
2017-03-19,3.6145410948790984
2017-03-20,3.613740817340031
2017-03-21,3.600034352635475
2017-03-22,3.6636916446239747
2017-03-23,3.5829529087646392
2017-03-24,3.63775120109138
2017-03-25,3.5600242020464563
2017-03-26,3.626923874278767
2017-03-27,3.6320212153750155
2017-03-28,3.581245577008688
2017-03-29,3.5990495468522203
2017-03-30,3.505526464626336
2017-03-31,3.571242141939057
2017-04-01,3.628514682477831
2017-04-02,3.516763013326782
2017-04-03,3.592287655990547
2017-04-04,3.5838001497360965
2017-04-05,3.5862357123182353
2017-04-06,3.6834599387460614
2017-04-07,3.6146383822243187
2017-04-08,3.6056330930046343
2017-04-09,3.5811288117069657
2017-04-10,3.5862843861501266
2017-04-11,3.5985872754215484
2017-04-12,3.5989060869563443
2017-04-13,3.6284531701279317
2017-04-14,3.6494210573055756
2017-04-15,3.738783297563534
2017-04-16,3.6820305177453005
2017-04-17,3.671265302765272
2017-04-18,3.639837868457019
2017-04-19,3.619399098582424
2017-04-20,3.642951781124129
2017-04-21,3.632234896264045
2017-04-22,3.661734225144465
2017-04-23,3.6187362222770103
2017-04-24,3.6692699459355027
2017-04-25,3.6248431078164245
2017-04-26,3.629996223263192
2017-04-27,3.67983797289775
2017-04-28,3.6077683968839676
2017-04-29,3.6332831156715204
2017-04-30,3.710801525309924
2017-05-01,3.702707714730761
2017-05-02,3.5733365714164567
2017-05-03,3.544626409637702
2017-05-04,3.539061139401027
2017-05-05,3.5977918567794167
2017-05-06,3.530341117265086
2017-05-07,3.472390141089868
2017-05-08,3.577459431527937
2017-05-09,3.5100958445253303
2017-05-10,3.5427071876332366
2017-05-11,3.5280762385582722
2017-05-12,3.573747307350512
2017-05-13,3.367420350626208
2017-05-14,3.4011540031319143
2017-05-15,3.5907010090028497
2017-05-16,3.612168789959082
2017-05-17,3.607231080705126
2017-05-18,3.635321357792622
2017-05-19,3.684302616101389
2017-05-20,3.6360613853025274
2017-05-21,3.5605170940632433
2017-05-22,3.591522792648634
2017-05-23,3.5437206582297156
2017-05-24,3.6107938145246337
2017-05-25,3.4776683816355103
2017-05-26,3.5146054431389393
2017-05-27,3.563630669560304
2017-05-28,3.6015144449745273
2017-05-29,3.6563552725535517
2017-05-30,3.620931078645454
2017-05-31,3.6592778281133183
2017-06-01,3.6051590089670316
2017-06-02,3.6376147937489685
2017-06-03,3.615060507771914
2017-06-04,3.6600909408181566
2017-06-05,3.545037264057503
2017-06-06,3.504604162237445
2017-06-07,3.626295475536608
2017-06-08,3.6335842099293174
2017-06-09,3.6853280018474615
2017-06-10,3.701004485612316
2017-06-11,3.606798617768491
2017-06-12,3.5863914202071965
2017-06-13,3.5871841477377426
2017-06-14,3.5711010040071383
2017-06-15,3.6335693338084223
2017-06-16,3.6576325157725487
2017-06-17,3.6274874180395913
2017-06-18,3.6051849661018176
2017-06-19,3.5833155915015564
2017-06-20,3.4834193963918874
2017-06-21,3.6213087003895073
2017-06-22,3.615584289318097
2017-06-23,3.7155294964261674
2017-06-24,3.7522021247274875
2017-06-25,3.788117453195324
2017-06-26,3.763835155318194
2017-06-27,3.728505101674018
2017-06-28,3.6779710909234384
2017-06-29,3.570853441209266
2017-06-30,3.555420599656368
2017-07-01,3.5875827839188963
2017-07-02,3.5874135125968576
2017-07-03,3.6202839892220164
2017-07-04,3.660515057497316
2017-07-05,3.6351251255176047
2017-07-06,3.650993954069007
2017-07-07,3.621627923222704
2017-07-08,3.5103538344845826
2017-07-09,3.5729220823334806
2017-07-10,3.4997508392005603
2017-07-11,3.5180853683868443
2017-07-12,3.6338842699181537
2017-07-13,3.657777338803562
2017-07-14,3.6921271697461284
2017-07-15,3.6406792807407298
2017-07-16,3.656290514648256
2017-07-17,3.684366405290148
2017-07-18,3.7118917164341654
2017-07-19,3.656067989341535
2017-07-20,3.718776165983312
2017-07-21,3.731507932574249
2017-07-22,3.681790820966405
2017-07-23,3.5373918404110714
2017-07-24,3.5901793829376336
2017-07-25,3.5981780769187592
2017-07-26,3.6317236882781305
2017-07-27,3.5840908470702004
2017-07-28,3.589448133554652
2017-07-29,3.6971248543029893
2017-07-30,3.624167870985279
2017-07-31,3.6996495664678317
2017-08-01,3.622309337055494
2017-08-02,3.536711996506574
2017-08-03,3.5519917066709725
2017-08-04,3.6660777727139755
2017-08-05,3.679614226630075
2017-08-06,3.673946663776931
2017-08-07,3.6984325073673103
2017-08-08,3.6339739938759053
2017-08-09,3.6432113994972957
2017-08-10,3.7600971184541576
2017-08-11,3.685289181912621
2017-08-12,3.6208762387743936
2017-08-13,3.6152172182458706
2017-08-14,3.578848155515599
2017-08-15,3.5187339132055446
2017-08-16,3.43624813554115
2017-08-17,3.453408460089914
2017-08-18,3.5315505996129186
2017-08-19,3.582751863038378
2017-08-20,3.6124193882611837
2017-08-21,3.5611208106866585
2017-08-22,3.593108103325647
2017-08-23,3.386492153876219
2017-08-24,3.457583323629239
2017-08-25,3.6237327444492795
2017-08-26,3.6117795512281425
2017-08-27,3.5249460897120697
2017-08-28,3.4635968140254563
2017-08-29,3.1366739387991087
2017-08-30,3.586825465399814
2017-08-31,3.650171737702213
2017-09-01,3.593988340022729
2017-09-02,3.6118083904356397
2017-09-03,3.6543120490541265
2017-09-04,3.666360573312143
2017-09-05,3.635616353321251
2017-09-06,3.6291394411976565
2017-09-07,3.659762309429904
2017-09-08,3.5684371719146104
2017-09-09,3.5898335761160185
2017-09-10,3.5053148620653825
2017-09-11,3.6191038939302986
2017-09-12,3.6890727376674524
2017-09-13,3.5594034146779157
2017-09-14,3.555267170967249
2017-09-15,3.5937064435338693
2017-09-16,3.677585727412692
2017-09-17,3.6344473030145763
2017-09-18,3.6401397467017125
2017-09-19,3.627445914298295
2017-09-20,3.533937915980808
2017-09-21,3.537324052522558
2017-09-22,3.6134813047551506
2017-09-23,3.6452404373870593
2017-09-24,3.61818415497747
2017-09-25,3.7634957200590997
2017-09-26,3.8004538459897685
2017-09-27,3.7372641264409086
2017-09-28,3.5869570339750334
2017-09-29,3.6425669940535843
2017-09-30,3.6247469787625994
2017-10-01,3.6341606210859627
2017-10-02,3.6023195041577125
2017-10-03,3.5671678041217203
2017-10-04,3.656246155980648
2017-10-05,3.6317870021894354
2017-10-06,3.5707191551528177
2017-10-07,3.6661487779656943
2017-10-08,3.7108760460363173
2017-10-09,3.6640653228119584
2017-10-10,3.5817048751703795
2017-10-11,3.5425112072149765
2017-10-12,3.579422024606063
2017-10-13,3.6222489596455842
2017-10-14,3.662938234563735
2017-10-15,3.7360488285396225
2017-10-16,3.6503909870555153
2017-10-17,3.633582727692043
2017-10-18,3.5667249130194953
2017-10-19,3.496870014387026
2017-10-20,3.548499810363873
2017-10-21,3.5485293737526145
2017-10-22,3.4395576289949497
2017-10-23,3.447982994591325
2017-10-24,3.4888895711332815
2017-10-25,3.5756628196653097
2017-10-26,3.552443689377191
2017-10-27,3.5583757709950015
2017-10-28,3.6268303634810084
2017-10-29,3.5226868552797517
2017-10-30,3.503889042591036
2017-10-31,3.5957486071856404
2017-11-01,3.5722060717885022
2017-11-02,3.5092656885613636
2017-11-03,3.6065507589757595
2017-11-04,3.494044673969712
2017-11-05,3.4890476226497653
2017-11-06,3.470579232586749
2017-11-07,3.474680095669795
2017-11-08,3.4362030987949694
2017-11-09,3.503070581697799
2017-11-10,3.463616745422386
2017-11-11,3.4655578742749142
2017-11-12,3.4771063409687923
2017-11-13,3.4583644901582984
2017-11-14,3.45439226615078
2017-11-15,3.58838567795225
2017-11-16,3.4853674080469306
2017-11-17,3.5362526660630835
2017-11-18,3.6491429046342247
2017-11-19,3.41919668953892
2017-11-20,3.4928752333192885
2017-11-21,3.4644554077133933
2017-11-22,3.4114592266096793
2017-11-23,3.421709081389278
2017-11-24,3.457545031337317
2017-11-25,3.5025664274090826
2017-11-26,3.460491890182899
2017-11-27,3.432356621137704
2017-11-28,3.527662564722946
2017-11-29,3.557395491096798
2017-11-30,3.5234357136136354
2017-12-01,3.501847180189742
2017-12-02,3.4527509735427784
2017-12-03,3.5143616444390293
2017-12-04,3.524483333811745
2017-12-05,3.605768192654022
2017-12-06,3.4789468189213912
2017-12-07,3.379093328609209
2017-12-08,3.3530644151444733
2017-12-09,3.382779916831626
2017-12-10,3.4196638047400207
2017-12-11,3.353770624678916
2017-12-12,3.3097621306664466
2017-12-13,3.3227335035163588
2017-12-14,3.422498903418504
2017-12-15,3.4213455440176292
2017-12-16,3.3449871389887234
2017-12-17,3.546598350175062
2017-12-18,3.6802916332387086
2017-12-19,3.5555116154798028
2017-12-20,3.5082549314927167
2017-12-21,3.5688696247229776
2017-12-22,3.546249791934105
2017-12-23,3.4833739932314596
2017-12-24,3.506696768020505
2017-12-25,3.5572029721176746
2017-12-26,3.4685577856896237
2017-12-27,3.495744496181433
2017-12-28,3.6380368784665946
2017-12-29,3.6501419627323495
2017-12-30,3.5981839788352943
2017-12-31,3.6084429555606974
2018-01-01,3.512376438948804
2018-01-02,3.634518901138301
2018-01-03,3.547918956586075
2018-01-04,3.63540932208968
2018-01-05,3.543449112233887
2018-01-06,3.46518548187257
2018-01-07,3.4763452686868535
2018-01-08,3.5586190080346136
2018-01-09,3.535220636900453
2018-01-10,3.4940292546705396
2018-01-11,3.5114714420033883
2018-01-12,3.6349816546295255
2018-01-13,3.6519062143319103
2018-01-14,3.612665899942828
2018-01-15,3.661837583428287
2018-01-16,3.5962738849662066
2018-01-17,3.616712042984714
2018-01-18,3.6935052835809046
2018-01-19,3.7014613942479393
2018-01-20,3.4948815123307346
2018-01-21,3.593619601505296
2018-01-22,3.665532999225304
2018-01-23,3.6592563208999507
2018-01-24,3.62550069827599
2018-01-25,3.6053296661599394
2018-01-26,3.650718082434674
2018-01-27,3.77576784165771
2018-01-28,3.6833368109255082
2018-01-29,3.7062426507539055
2018-01-30,3.652412792482478
2018-01-31,3.650536337630764
2018-02-01,3.677349748426827
2018-02-02,3.657187878073715
2018-02-03,3.6096863204294456
2018-02-04,3.6287899331932154
2018-02-05,3.5613906261095316
2018-02-06,3.5935528181748433
2018-02-07,3.5461491934085694
2018-02-08,3.4438666775764113
2018-02-09,3.6198537793629297
2018-02-10,3.5790333842885516
2018-02-11,3.6032870307480827
2018-02-12,3.584597828386411
2018-02-13,3.6813138515736807
2018-02-14,3.6127819707506807
2018-02-15,3.495684702975417
2018-02-16,3.6133895038949704
2018-02-17,3.688362345344755
2018-02-18,3.6474812420464247
2018-02-19,3.60070384577648
2018-02-20,3.6658929992339733
2018-02-21,3.5791053681776903
2018-02-22,3.696174506160792
2018-02-23,3.6203377547033906
2018-02-24,3.5457334171696
2018-02-25,3.59739711904352
2018-02-26,3.6052009622189516
2018-02-27,3.6414236102063535
2018-02-28,3.6300188830918714
2018-03-01,3.6580342659500307
2018-03-02,3.692811436260231
2018-03-03,3.668868173773781
2018-03-04,3.7025574677167445
2018-03-05,3.811698677091177
2018-03-06,3.630188567431026
2018-03-07,3.665201983050397
2018-03-08,3.6586911272771148
2018-03-09,3.7112438570588644
2018-03-10,3.679277390826684
2018-03-11,3.7685153400761013
2018-03-12,3.6685918906589934
2018-03-13,3.6614323344322557
2018-03-14,3.6766593040744056
2018-03-15,3.604067554130784
2018-03-16,3.6364194736899655
2018-03-17,3.7892553136282716
2018-03-18,3.6843438579084973
2018-03-19,3.8012770372281395
2018-03-20,3.8019975912707946
2018-03-21,3.6820880160657135
2018-03-22,3.685318267559896
2018-03-23,3.5759510782813555
2018-03-24,3.621395735902873
2018-03-25,3.7243873661890405
2018-03-26,3.5875966048013455
2018-03-27,3.5941072213185397
2018-03-28,3.5125264037749426
2018-03-29,3.663413151231118
2018-03-30,3.656206373666026
2018-03-31,3.5314151757707406
2018-04-01,3.66701024732667
2018-04-02,3.6240940265294075
2018-04-03,3.448498984841223
2018-04-04,3.3653743597714216
2018-04-05,3.5220129666311224
2018-04-06,3.480310233834457
2018-04-07,3.644654974513532
2018-04-08,3.5542067912256194
2018-04-09,3.499148801652424
2018-04-10,3.5351413748566265
2018-04-11,3.6048435772795004
2018-04-12,3.443648639468555
2018-04-13,3.499496499074808
2018-04-14,3.389758823307235
2018-04-15,3.3689833061791195
2018-04-16,3.5176015139305044
2018-04-17,3.427745711556855
2018-04-18,3.4936271578683655
2018-04-19,3.547806635855223
2018-04-20,3.5306892354676123
2018-04-21,3.624563148451366
2018-04-22,3.622642253595396
2018-04-23,3.596986382322442
2018-04-24,3.4299313692211384
2018-04-25,3.4690663575908127
2018-04-26,3.519003558986116
2018-04-27,3.503018638149874
2018-04-28,3.354899536524631
2018-04-29,3.404200545922679
2018-04-30,3.435402689698088
2018-05-01,3.5626768955542807
2018-05-02,3.5544717434761797
2018-05-03,3.5398133629083404
2018-05-04,3.514546126936483
2018-05-05,3.4789675558440925
2018-05-06,3.531440533718139
2018-05-07,3.615465876443223
2018-05-08,3.5685355174585895
2018-05-09,3.496485011302448
2018-05-10,3.42123974601575
2018-05-11,3.492901230261225
2018-05-12,3.472376976634349
2018-05-13,3.260001071663652
2018-05-14,3.5456733802197933
2018-05-15,3.5421230866300943
2018-05-16,3.548260377924987
2018-05-17,3.6397562100428353
2018-05-18,3.544601218620334
2018-05-19,3.4761080475232524
2018-05-20,3.5460131948225024
2018-05-21,3.6660201435731286
2018-05-22,3.651929344883088
2018-05-23,3.6004511715390906
2018-05-24,3.605714996247739
2018-05-25,3.559834181227812
2018-05-26,3.5718598218862008
2018-05-27,3.5093892230920445
2018-05-28,3.595699405438978
2018-05-29,3.4555597805102516
2018-05-30,3.588597867308609
2018-05-31,3.532458445515655
2018-06-01,3.5526240875411705
2018-06-02,3.490740418198984
2018-06-03,3.594339137364583
2018-06-04,3.6075922523923993
2018-06-05,3.65208370170629
2018-06-06,3.634377332818528
2018-06-07,3.6459742056227795
2018-06-08,3.6396481441695987
2018-06-09,3.6025640735513935
2018-06-10,3.544650107018867
2018-06-11,3.621956572904255
2018-06-12,3.4470781562795585
2018-06-13,3.5071313751942617
2018-06-14,3.5824237339790854
2018-06-15,3.467764194868458
2018-06-16,3.4597681503675823
2018-06-17,3.4940621457369825
2018-06-18,3.584711382699707
2018-06-19,3.68206464552678
2018-06-20,3.6451334633490937
2018-06-21,3.6692214151075633
2018-06-22,3.6205279708274962
2018-06-23,3.6519574200655947
2018-06-24,3.6170275025888574
2018-06-25,3.4460090472191998
2018-06-26,3.467567755476918
2018-06-27,3.645434349319164
2018-06-28,3.674349782477526
2018-06-29,3.655031760955556
2018-06-30,3.6619998512015353
2018-07-01,3.592543420308378
2018-07-02,3.6559916823089815
2018-07-03,3.634817724376556
2018-07-04,3.626535446776655
2018-07-05,3.693652846213933
2018-07-06,3.72305356761934
2018-07-07,3.51427924149695
2018-07-08,3.564273693182099
2018-07-09,3.5108920111451116
2018-07-10,3.357382913859031
2018-07-11,3.3897413904974707
2018-07-12,3.496687055913065
2018-07-13,3.6314134273157093
2018-07-14,3.4889816524534245
2018-07-15,3.5738994106839246
2018-07-16,3.552455748505591
2018-07-17,3.6264464103880023
2018-07-18,3.6963292187918015
2018-07-19,3.751160995840229
2018-07-20,3.617674045611101
2018-07-21,3.6329375573823652
2018-07-22,3.6261206592379986
2018-07-23,3.5643310683199823
2018-07-24,3.631664686936157
2018-07-25,3.6052377150813237
2018-07-26,3.7432456645528527
2018-07-27,3.6822013503443634
2018-07-28,3.6262543852308013
2018-07-29,3.5412449219482776
2018-07-30,3.5581863267601364
2018-07-31,3.661212608871155
2018-08-01,3.716057458636492
2018-08-02,3.7428594701489417
2018-08-03,3.604973920211042
2018-08-04,3.7642830926674336
2018-08-05,3.684135590076619
2018-08-06,3.6951232721522755
2018-08-07,3.5812277367329064
2018-08-08,3.588728184524926
2018-08-09,3.581196546217004
2018-08-10,3.6272045523011394
2018-08-11,3.7396233654317164
2018-08-12,3.7246702042311055
2018-08-13,3.6992853194747894
2018-08-14,3.707568201344365
2018-08-15,3.694012571877359
2018-08-16,3.642981442410225
2018-08-17,3.714364916801545
2018-08-18,3.6191788696851335
2018-08-19,3.5833418214567594
2018-08-20,3.7867873659624633
2018-08-21,3.636349754750823
2018-08-22,3.747304183672109
2018-08-23,3.713447780751751
2018-08-24,3.4564063824859073
2018-08-25,3.5928782970621733
2018-08-26,3.6083532097699127
2018-08-27,3.5398444117252192
2018-08-28,3.5315488961573434
2018-08-29,3.498582850067229
2018-08-30,3.4790947257726574
2018-08-31,3.5942607005111675
2018-09-01,3.6043060204591493
2018-09-02,3.585202276380809
2018-09-03,3.3686224047702376
2018-09-04,3.403313986759048
2018-09-05,3.3764748949345327
2018-09-06,3.391130480842648
2018-09-07,3.3563942213564113
2018-09-08,3.5175737058795344
2018-09-09,3.5100522417175566
2018-09-10,3.5832376643329753
2018-09-11,3.5621968397087302
2018-09-12,3.693534042008432
2018-09-13,3.644473327954031
2018-09-14,3.4804639982911847
2018-09-15,3.489529077612154
2018-09-16,3.5754396086707074
2018-09-17,3.5625411433617913
2018-09-18,3.5904384808233067
2018-09-19,3.570491496449426
2018-09-20,3.5980184550684924
2018-09-21,3.5592303772871494
2018-09-22,3.4368487017283362
2018-09-23,3.4961827822270255
2018-09-24,3.5214856573848943
2018-09-25,3.35774783606932
2018-09-26,3.4669931061979056
2018-09-27,3.5098632014097015
2018-09-28,3.45999127627031
2018-09-29,3.467878088175784
2018-09-30,3.517825609154682
2018-10-01,3.566798762094444
2018-10-02,3.624849521080168
2018-10-03,3.645812013993115
2018-10-04,3.6373648776513843
2018-10-05,3.620138878057094
2018-10-06,3.648091688336591
2018-10-07,3.605980186476059
2018-10-08,3.619568031441209
2018-10-09,3.646597979438955
2018-10-10,3.6215350043990187
2018-10-11,3.658236645197275
2018-10-12,3.675591577509327
2018-10-13,3.598574379390939
2018-10-14,3.6622247206215386
2018-10-15,3.6497460258736076
2018-10-16,3.5267340001306775
2018-10-17,3.4570517159455267
2018-10-18,3.5607404733910077
2018-10-19,3.538975202169633
2018-10-20,3.5895711292174886
2018-10-21,3.661879751637207
2018-10-22,3.576710556861669
2018-10-23,3.567921201015394
2018-10-24,3.6028141662129105
2018-10-25,3.4929696879420793
2018-10-26,3.494840644245449
2018-10-27,3.4526053014890112
2018-10-28,3.50167440451565
2018-10-29,3.300495806357195
2018-10-30,3.5094180154436283
2018-10-31,3.523220297476699
2018-11-01,3.5586520598749374
2018-11-02,3.70064520529831
2018-11-03,3.5446840648936666
2018-11-04,3.6224015694554463
2018-11-05,3.6607948393875023
2018-11-06,3.649359309982006
2018-11-07,3.602724435227075
2018-11-08,3.564114694593898
2018-11-09,3.556720125147099
2018-11-10,3.596318864938369
2018-11-11,3.2863789958382696
2018-11-12,3.5318450559670906
2018-11-13,3.456755235266493
2018-11-14,3.562301714628372
2018-11-15,3.725830589898183
2018-11-16,3.7047558977712414
2018-11-17,3.66603651552564
2018-11-18,3.640739151271318
2018-11-19,3.5446235726166826
2018-11-20,3.679437762211177
2018-11-21,3.619015614785288
2018-11-22,3.5553236391709624
2018-11-23,3.5514340253659418
2018-11-24,3.4607850642336064
2018-11-25,3.562452441346104
2018-11-26,3.5938071521056676
2018-11-27,3.541294529609182
2018-11-28,3.3981832729986943
2018-11-29,3.4043535753071783
2018-11-30,3.4834305996793486
2018-12-01,3.394115871760696
2018-12-02,3.5127872676017327
2018-12-03,3.492383319627025
2018-12-04,3.506710591795014
2018-12-05,3.6101041298529024
2018-12-06,3.6359654375353343
2018-12-07,3.5116415004781807
2018-12-08,3.367073383110076
2018-12-09,3.6353144885725004
2018-12-10,3.710228848993372
2018-12-11,3.567797166486313
2018-12-12,3.6499251694974726
2018-12-13,3.679468215987674
2018-12-14,3.7118838480360155
2018-12-15,3.625511130118977
2018-12-16,3.7592152587631666
2018-12-17,3.6880069924643295
2018-12-18,3.6185469450153382
2018-12-19,3.6966504751314946
2018-12-20,3.6601729545894197
2018-12-21,3.682158591486255
2018-12-22,3.6578503898968027
2018-12-23,3.694120523768913
2018-12-24,3.6984882173349978
2018-12-25,3.578906269446583
2018-12-26,3.6695882780089777
2018-12-27,3.65539210542161
2018-12-28,3.7293434190449264
2018-12-29,3.566205496395368
2018-12-30,3.538768288117909
2018-12-31,3.5787490498371635
2019-01-01,3.5105907107620635
2019-01-02,3.6410209622206664
2019-01-03,3.593904296929948
2019-01-04,3.5777193249888026
2019-01-05,3.380911293742186
2019-01-06,3.5705389434471733
2019-01-07,3.60981133244979
2019-01-08,3.6622547844233755
2019-01-09,3.6501800987027218
2019-01-10,3.6283680645272294
2019-01-11,3.6939847773911185
2019-01-12,3.5293381227935128
2019-01-13,3.6950056044264064
2019-01-14,3.6090038971634666
2019-01-15,3.6019949704865795
2019-01-16,3.6098829788546825
2019-01-17,3.6613839053238943
2019-01-18,3.5637361869506106
2019-01-19,3.5939302082771962
2019-01-20,3.6254054661724435
2019-01-21,3.618595890475856
2019-01-22,3.5986506493388477
2019-01-23,3.5089902119774
2019-01-24,3.5018712957248765
2019-01-25,3.667146125680002
2019-01-26,3.6947131049283826
2019-01-27,3.6331311383755196
2019-01-28,3.4438102571047824
2019-01-29,3.592461485034414
2019-01-30,3.5658733319317486
2019-01-31,3.5023296322061572
2019-02-01,3.4767302500947808
2019-02-02,3.5275553816186496
2019-02-03,3.436218569178428
2019-02-04,3.435395885261257
2019-02-05,3.376842736081964
2019-02-06,3.4422970875943633
2019-02-07,3.558971151194113
2019-02-08,3.5893322885460814
2019-02-09,3.5570610736854897
2019-02-10,3.554613948766054
2019-02-11,3.495726280313425
2019-02-12,3.6390903450311294
2019-02-13,3.5856575533341406
2019-02-14,3.4171252910344236
2019-02-15,3.5366038468252623
2019-02-16,3.592403328159013
2019-02-17,3.610898877067937
2019-02-18,3.6101894954121576
2019-02-19,3.5945822906600196
2019-02-20,3.561535469998925
2019-02-21,3.650039231673346
2019-02-22,3.419098264133756
2019-02-23,3.509367110568203
2019-02-24,3.5305829187031574
2019-02-25,3.6248627936151063
2019-02-26,3.50307084556936
2019-02-27,3.540653316686474
2019-02-28,3.4723738426017734
2019-03-01,3.5240863352416736
2019-03-02,3.553550128050279
2019-03-03,3.551381322023191
2019-03-04,3.5211200575645747
2019-03-05,3.577851624391054
2019-03-06,3.6222052842178716
2019-03-07,3.5617377668023757
2019-03-08,3.6038897748220533
2019-03-09,3.6488120695370987
2019-03-10,3.606458067305873
2019-03-11,3.5853358682981957
2019-03-12,3.5545296918789457
2019-03-13,3.64816631714509
2019-03-14,3.5874680800978807
2019-03-15,3.644992365170246
2019-03-16,3.555679043063676
2019-03-17,3.5060326857095516
2019-03-18,3.607776932641888
2019-03-19,3.6074977215918524
2019-03-20,3.596974639566868
2019-03-21,3.5888066765534563
2019-03-22,3.4571727596314115
2019-03-23,3.452031308102793
2019-03-24,3.473495805764205
2019-03-25,3.5052748357559462
2019-03-26,3.6570467908382063
2019-03-27,3.5013958163342953
2019-03-28,3.57581317569759
2019-03-29,3.4533081548540223
2019-03-30,3.4718114495025136
2019-03-31,3.4565739318439475
2019-04-01,3.58503739136465
2019-04-02,3.608671882900407
2019-04-03,3.5435051244668188
2019-04-04,3.6201563186499905
2019-04-05,3.5940822507247567
2019-04-06,3.577270254417637
2019-04-07,3.5961990262068997
2019-04-08,3.4466846539466967
2019-04-09,3.524436815440691
2019-04-10,3.6538229287519783
2019-04-11,3.5618206183560095
2019-04-12,3.5741021315032797
2019-04-13,3.560301894695408
2019-04-14,3.492028347179571
2019-04-15,3.4523663151528523
2019-04-16,3.329743403223942
2019-04-17,3.44077676458211
2019-04-18,3.323502760573876
2019-04-19,3.5328627994493935
2019-04-20,3.5268638382552226
2019-04-21,3.4960645671321164
2019-04-22,3.7253009049869954
2019-04-23,3.6517266577842977
2019-04-24,3.6694478728447506
2019-04-25,3.4767268556660564
2019-04-26,3.5456418889413697
2019-04-27,3.6745676847250617
2019-04-28,3.4410333697303246
2019-04-29,3.639234429499486
2019-04-30,3.5967458051375787
2019-05-01,3.639248746557542
2019-05-02,3.560835939147334
2019-05-03,3.5831358576113392
2019-05-04,3.5871267781268914
2019-05-05,3.5870859977156826
2019-05-06,3.613026404995127
2019-05-07,3.669433997750403
2019-05-08,3.563249984161989
2019-05-09,3.6056144782884836
2019-05-10,3.6898460114077074
2019-05-11,3.659286983634454
2019-05-12,3.6534180894642976
2019-05-13,3.695727669159575
2019-05-14,3.573665471125093
2019-05-15,3.6001658943902743
2019-05-16,3.5603799220776455
2019-05-17,3.6289072709470034
2019-05-18,3.5812954391167553
2019-05-19,3.572330794397486
2019-05-20,3.5601435954743317
2019-05-21,3.575026739224763
2019-05-22,3.6396336994014677
2019-05-23,3.5761273521713948
2019-05-24,3.585704030032931
2019-05-25,3.554948499596328
2019-05-26,3.7150634267167195
2019-05-27,3.6389628752730387
2019-05-28,3.6195258027789263
2019-05-29,3.597152458954638
2019-05-30,3.572930120307594
2019-05-31,3.6042521893977315
2019-06-01,3.5834571532791615
2019-06-02,3.5659722076222735
2019-06-03,3.590422988887779
2019-06-04,3.5105041363184895
2019-06-05,3.4479781843159314
2019-06-06,3.645077536655111
2019-06-07,3.66620752453935
2019-06-08,3.6845535164489327
2019-06-09,3.6554331074428124
2019-06-10,3.4883438478028603
2019-06-11,3.738884368545675
2019-06-12,3.5794173691574573
2019-06-13,3.6152577812871627
2019-06-14,3.5575151864606407
2019-06-15,3.63360102749714
2019-06-16,3.590211001294627
2019-06-17,3.610169504751777
2019-06-18,3.5763415130997203
2019-06-19,3.5136330634743143
2019-06-20,3.5281890235984474
2019-06-21,3.5831447365836406
2019-06-22,3.5737367045651025
2019-06-23,3.6269039689166562
2019-06-24,3.6928559477089977
2019-06-25,3.593545753299654
2019-06-26,3.6027495343990776
2019-06-27,3.5300292621714346
2019-06-28,3.6206330086224727
2019-06-29,3.5170753727971142
2019-06-30,3.781806678750367
2019-07-01,3.708861414607722
2019-07-02,3.688411575607571
2019-07-03,3.567132998711569
2019-07-04,3.6049177993938497
2019-07-05,3.5067152732490774
2019-07-06,3.54834719313331
2019-07-07,3.570586633970021
2019-07-08,3.552466417679062
2019-07-09,3.6965058672057705
2019-07-10,3.643780182723128
2019-07-11,3.6508412773983534
2019-07-12,3.6428447857686823
2019-07-13,3.6424773922020073
2019-07-14,3.681430591319669
2019-07-15,3.6079502458630364
2019-07-16,3.657470506864966
2019-07-17,3.7250580498082364
2019-07-18,3.7244018787973716
2019-07-19,3.7382888672558185
2019-07-20,3.5891988243402895
2019-07-21,3.587778422413075
2019-07-22,3.69134514140307
2019-07-23,3.64509094028373
2019-07-24,3.6040251211404875
2019-07-25,3.574108504289314
2019-07-26,3.5484239195723304
2019-07-27,3.4487256220566853
2019-07-28,3.591390369723748
2019-07-29,3.5328333075127962
2019-07-30,3.5265043559659994
2019-07-31,3.533413005972519
2019-08-01,3.4677202915464997
2019-08-02,3.490231192063301
2019-08-03,3.4814237380457342
2019-08-04,3.6328569779066147
2019-08-05,3.500768548944457
2019-08-06,3.61127864467315
2019-08-07,3.5695795886753725
2019-08-08,3.5692976788227275
2019-08-09,3.572596800830036
2019-08-10,3.5397950277952908
2019-08-11,3.48077860566538
2019-08-12,3.555612057569698
2019-08-13,3.6008208597552063
2019-08-14,3.5495912393078486
2019-08-15,3.5106261242110044
2019-08-16,3.590415699522865
2019-08-17,3.503957642424248
2019-08-18,3.534366724176876
2019-08-19,3.6557222884860363
2019-08-20,3.715749071300642
2019-08-21,3.6930058903133993
2019-08-22,3.5735928419058096
2019-08-23,3.4854753069675874
2019-08-24,3.5544602734028214
2019-08-25,3.5319671794845804
2019-08-26,3.5620980830911106
2019-08-27,3.5226678342186855
2019-08-28,3.4700021172526525
2019-08-29,3.447356669346281
2019-08-30,3.418567387123839
2019-08-31,3.4810974442847558
2019-09-01,3.494610841335486
2019-09-02,3.5927950934866018
2019-09-03,3.5434015015666116
2019-09-04,3.504754236287771
2019-09-05,3.6856547284355385
2019-09-06,3.62477716080211
2019-09-07,3.582356390215309
2019-09-08,3.5119666898395328
2019-09-09,3.525406427508651
2019-09-10,3.5774912066509263
2019-09-11,3.491700768406139
2019-09-12,3.507284821797679
2019-09-13,3.5050499198991214
2019-09-14,3.459277390931385
2019-09-15,3.524188899034594
2019-09-16,3.1987410869773854
2019-09-17,3.350338556313463
2019-09-18,3.512620018193893
2019-09-19,3.5375834651177964
2019-09-20,3.4959172388537265
2019-09-21,3.424940958291463
2019-09-22,3.402855065335865
2019-09-23,3.499271716309215
2019-09-24,3.4562216930634935
2019-09-25,3.3924783628716826
2019-09-26,3.4714931877168413
2019-09-27,3.430036467466485
2019-09-28,3.4569913294867916
2019-09-29,3.4028265679201435
2019-09-30,3.46569095609231
2019-10-01,3.5195539251337995
2019-10-02,3.477848763881766
2019-10-03,3.516894604252745
2019-10-04,3.46838420985297
2019-10-05,3.576829721495196
2019-10-06,3.6672561896946823
2019-10-07,3.7265597969335005
2019-10-08,3.751816870129822
2019-10-09,3.7275479718430593
2019-10-10,3.765534713266562
2019-10-11,3.7583937606369764
2019-10-12,3.8055616648262003
2019-10-13,3.8644270263813927
2019-10-14,3.87331266083755
2019-10-15,3.8751288981038217
2019-10-16,3.796951117134591
2019-10-17,3.7223780220407336
2019-10-18,3.675520294506043
2019-10-19,3.7369696589849686
2019-10-20,3.7232295695304876
2019-10-21,3.7176050788127486
2019-10-22,3.700150735539236
2019-10-23,3.7814045439911372
2019-10-24,3.8209126310766517
2019-10-25,3.763532833891179
2019-10-26,3.7439965089009135
2019-10-27,3.6213924471551038
2019-10-28,3.712553888266627
2019-10-29,3.652072075297854
2019-10-30,3.718796566385613
2019-10-31,3.712911477918189
2019-11-01,3.6962686066388293
2019-11-02,3.684288225267313
2019-11-03,3.755556562553561
2019-11-04,3.733970716226655
2019-11-05,3.7666222043349533
2019-11-06,3.6783856289959775
2019-11-07,3.5630175481592716
2019-11-08,3.6419108729603957
2019-11-09,3.5385415721839624
2019-11-10,3.48031617939392
2019-11-11,3.635334876213343
2019-11-12,3.6944809420440423
2019-11-13,3.6386550082248474
2019-11-14,3.604835923036755
2019-11-15,3.6373234304010205
2019-11-16,3.6740963131512188
2019-11-17,3.739888409318106
2019-11-18,3.601533388624366
2019-11-19,3.6665310397918245
2019-11-20,3.6149957410966174
2019-11-21,3.605512012394068
2019-11-22,3.6236657294254813
2019-11-23,3.6012878774776476
2019-11-24,3.481951223291843
2019-11-25,3.595954058466871
2019-11-26,3.6926279757516918
2019-11-27,3.6994082382731035
2019-11-28,3.595994359797356
2019-11-29,3.462918601867422
2019-11-30,3.4279651205331
2019-12-01,3.4877420117642126
2019-12-02,3.5692933061942
2019-12-03,3.5361383927914005
2019-12-04,3.4461261104568863
2019-12-05,3.54430990110236
2019-12-06,3.5681366063312265
2019-12-07,3.548083620501678
2019-12-08,3.5314981769171108
2019-12-09,3.5710943424787494
2019-12-10,3.692802265841678
2019-12-11,3.717061226589603
2019-12-12,3.642339116884083
2019-12-13,3.626745233505103
2019-12-14,3.630400398620895
2019-12-15,3.62209505177511
2019-12-16,3.6850207495940226
2019-12-17,3.6147684054313634
2019-12-18,3.58407589894457
2019-12-19,3.5670850520554573
2019-12-20,3.681504384340509
2019-12-21,3.6614173262292815
2019-12-22,3.5475372556208407
2019-12-23,3.5852990856113984
2019-12-24,3.591283617235876
2019-12-25,3.4551062171764175
2019-12-26,3.6655912775293173
2019-12-27,3.688768219498475
2019-12-28,3.62999011629603
2019-12-29,3.6771605763985606
2019-12-30,3.751353909268074
2019-12-31,3.6739862772267884
2020-01-01,2.7846832368601535
2020-01-02,3.0077889254307415
2020-01-03,2.996222929742579
2020-01-04,3.4362321300025975
2020-01-05,3.7056348840659994
2020-01-06,3.630053903084394
2020-01-07,3.5528634931533234
2020-01-08,3.4265418333026494
2020-01-09,3.556388352615758
2020-01-10,3.546964194041385
2020-01-11,3.4305213026877306
2020-01-12,3.4649097333164716
2020-01-13,3.32742123152094
2020-01-14,3.5352686433272247
2020-01-15,3.5805785654378983
2020-01-16,3.6773403500440716
2020-01-17,3.691814887782854
2020-01-18,3.68536988723079
2020-01-19,3.508520844206009
2020-01-20,3.616538786185293
2020-01-21,3.532075265702565
2020-01-22,3.5868995798269454
2020-01-23,3.6011162581662424
2020-01-24,3.5455529592138455
2020-01-25,3.6207669185991764
2020-01-26,3.4011576347958195
2020-01-27,3.5348193965757084
2020-01-28,3.5057055271636477
2020-01-29,3.59454306492652
2020-01-30,3.6033966238992745
2020-01-31,3.6514186704531792
2020-02-01,3.6131245141952957
2020-02-02,3.548189032275874
2020-02-03,3.624758008814706
2020-02-04,3.6818795753393063
2020-02-05,3.751372430729036
2020-02-06,3.669505411134537
2020-02-07,3.6206489013561947
2020-02-08,3.5766729360071303
2020-02-09,3.618502467145683
2020-02-10,3.6203354445660914
2020-02-11,3.6007355808258117
2020-02-12,3.6608902196705144
2020-02-13,3.6347671302496587
2020-02-14,3.5977195092491003
2020-02-15,3.5670258072598324
2020-02-16,3.575375854038218
2020-02-17,3.633304822134111
2020-02-18,3.767085895731209
2020-02-19,3.777260555508754
2020-02-20,3.6970165187856097
2020-02-21,3.551442201761933
2020-02-22,3.471684505857839
2020-02-23,3.663874314546722
2020-02-24,3.658687273794297
2020-02-25,3.6162731222276276
2020-02-26,3.6607322646065565
2020-02-27,3.619629965266611
2020-02-28,3.576551949604921
2020-02-29,3.5858639789860853
2020-03-01,3.5935696905725405
2020-03-02,3.62908513232165
2020-03-03,3.6219820178000415
2020-03-04,3.630268132713478
2020-03-05,3.623125413657846
2020-03-06,3.6061213819504725
2020-03-07,3.602526733574566
2020-03-08,3.5818747279668526
2020-03-09,3.4762306723340166
2020-03-10,3.5103477970683175
2020-03-11,3.484711163446329
2020-03-12,3.5272159842683046
2020-03-13,3.5464056260266186
2020-03-14,3.5977496709459587
2020-03-15,3.5754703198447286
2020-03-16,3.5968443508431114
2020-03-17,3.5546703192303997
2020-03-18,3.5104756318937733
2020-03-19,3.61249701855909
2020-03-20,3.6407207755885618
2020-03-21,3.6145136568330054
2020-03-22,3.525717197027646
2020-03-23,3.7188833243013106
2020-03-24,3.684747796216191
2020-03-25,3.6018691243190677
2020-03-26,3.584467293780148
2020-03-27,3.6416844655060703
2020-03-28,3.5934168694199733
2020-03-29,3.651117475146968
2020-03-30,3.6583796930967862
2020-03-31,3.6663943145315816
2020-04-01,3.567026377745716
2020-04-02,3.6048045181079975
2020-04-03,3.632213167956381
2020-04-04,3.673740822263935
2020-04-05,3.659522394203896
2020-04-06,3.56737010538554
2020-04-07,3.568195705253179
2020-04-08,3.5638787780101957
2020-04-09,3.5948350123835007
2020-04-10,3.538577772352381
2020-04-11,3.635587607433281
2020-04-12,3.6395287580442943
2020-04-13,3.680766158005467
2020-04-14,3.7041238971017396
2020-04-15,3.644189907979495
2020-04-16,3.6485206838208866
2020-04-17,3.6559814208226986
2020-04-18,3.6950846014347483
2020-04-19,3.589081390003124
2020-04-20,3.5928839718484116
2020-04-21,3.5198589302227044
2020-04-22,3.512623019433498
2020-04-23,3.4622857526378423
2020-04-24,3.6447725507921147
2020-04-25,3.628763210413454
2020-04-26,3.5962303433822576
2020-04-27,3.6594510598360186
2020-04-28,3.599398347177633
2020-04-29,3.564506480676294
2020-04-30,3.7175343169369572
2020-05-01,3.696157514082119
2020-05-02,3.6402310612773383
2020-05-03,3.6044359686882963
2020-05-04,3.6495251078162823
2020-05-05,3.648414224953273
2020-05-06,3.659306079484468
2020-05-07,3.642417344761138
2020-05-08,3.6321363359891414
2020-05-09,3.596240408758855
2020-05-10,3.559122987989341
2020-05-11,3.701446299298624
2020-05-12,3.7513295371962796
2020-05-13,3.674206755211957
2020-05-14,3.5133233299772524
2020-05-15,3.6835683672959014
2020-05-16,3.73276083402745
2020-05-17,3.5632655151868287
2020-05-18,3.5426521409667577
2020-05-19,3.621954676295689
2020-05-20,3.649891297218478
2020-05-21,3.563407745387254
2020-05-22,3.6020081592924087
2020-05-23,3.5013542306422463
2020-05-24,3.4732196647209763
2020-05-25,3.569518729826554
2020-05-26,3.565697930189932
2020-05-27,3.5938237675384115
2020-05-28,3.632894539942428
2020-05-29,3.5814002263951985
2020-05-30,3.629395828641364
2020-05-31,3.612554897068291
2020-06-01,3.6196525983302856
2020-06-02,3.7617750455449195
2020-06-03,3.6840857843081296
2020-06-04,3.6373848089001943
2020-06-05,3.7310410960563876
2020-06-06,3.651793801797888
2020-06-07,3.6628683575846983
2020-06-08,3.7132810589790837
2020-06-09,3.7033496975232807
2020-06-10,3.6819664338367493
2020-06-11,3.6080739725774222
2020-06-12,3.679488448193511
2020-06-13,3.4670595438397367
2020-06-14,3.5574826537813427
2020-06-15,3.6602988259305556
2020-06-16,3.6593518426101768
2020-06-17,3.638854243254591
2020-06-18,3.6912870620070515
2020-06-19,3.5293471670592433
2020-06-20,3.5798664193908905
2020-06-21,3.6817071792180043
2020-06-22,3.702465015709843
2020-06-23,3.7104616316970294
2020-06-24,3.5781178279144332
2020-06-25,3.62348788317119
2020-06-26,3.5487882525751067
2020-06-27,3.5122948799561495
2020-06-28,3.6775366737162964
2020-06-29,3.5917753376935986
2020-06-30,3.6698522705352437
2020-07-01,3.578083466635122
2020-07-02,3.661094937007767
2020-07-03,3.598450422204878
2020-07-04,3.6413732474035405
2020-07-05,3.5495267232894645
2020-07-06,3.6516398611989356
2020-07-07,3.645466646662434
2020-07-08,3.6609569879715527
2020-07-09,3.688544103725125
2020-07-10,3.6427425398131406
2020-07-11,3.5922579303535582
2020-07-12,3.6970377730333057
2020-07-13,3.6213653818824354
2020-07-14,3.65513355805492
2020-07-15,3.566529081093588
2020-07-16,3.647938262108138
2020-07-17,3.62045396724701
2020-07-18,3.5726485623751305
2020-07-19,3.6617756533494497
2020-07-20,3.6011635340591672
2020-07-21,3.5649840089463436
2020-07-22,3.541871327741832
2020-07-23,3.58502318492292
2020-07-24,3.557330241260007
2020-07-25,3.5177641942544455
2020-07-26,3.630330415459325
2020-07-27,3.639835174455606
2020-07-28,3.6547789756657036
2020-07-29,3.6719192188411522
2020-07-30,3.672346536303378
2020-07-31,3.70264564220985
2020-08-01,3.5854044522501396
2020-08-02,3.69159183502367
2020-08-03,3.6953560410584125
2020-08-04,3.683534904216743
2020-08-05,3.7408753128178422
2020-08-06,3.6059624733084346
2020-08-07,3.657962020646605
2020-08-08,3.5762418461858987
2020-08-09,3.6363080710376847
2020-08-10,3.5909617494901482
2020-08-11,3.5491312913368147
2020-08-12,3.5366982832440583
2020-08-13,3.4747453465373708
2020-08-14,3.618265749364636
2020-08-15,3.589581004758159
2020-08-16,3.5856730355182616
2020-08-17,3.4230803367433476
2020-08-18,3.5762022211258526
2020-08-19,3.5311905385929196
2020-08-20,3.571726786829263
2020-08-21,3.6250100953371307
2020-08-22,3.5651383815494664
2020-08-23,3.7151454669818085
2020-08-24,3.576053434362862
2020-08-25,3.5593966742393324
2020-08-26,3.597336945469086
2020-08-27,3.553452125629852
2020-08-28,3.6676135168257282
2020-08-29,3.7109138059028437
2020-08-30,3.638529007007374
2020-08-31,3.6595845305485852
2020-09-01,3.717478369389174
2020-09-02,3.6645452458668535
2020-09-03,3.601773968708258
2020-09-04,3.5406749395863395
2020-09-05,3.565610092352791
2020-09-06,3.5765152518216055
2020-09-07,3.6190029181634578
2020-09-08,3.607310050950917
2020-09-09,3.698472678456924
2020-09-10,3.5915028054507347
2020-09-11,3.6059819284189647
2020-09-12,3.6510245212557417
2020-09-13,3.554424225748548
2020-09-14,3.520424393985865
2020-09-15,3.522418527103196
2020-09-16,3.574705489768502
2020-09-17,3.536900581305222
2020-09-18,3.594964262886814
2020-09-19,3.5691024503188524
2020-09-20,3.4818739893243014
2020-09-21,3.4652911340021015
2020-09-22,3.494689908423684
2020-09-23,3.4564527279925663
2020-09-24,3.4345097284048647
2020-09-25,3.6672673946178147
2020-09-26,3.53311811236599
2020-09-27,3.5575888482618714
2020-09-28,3.6469104297050965
2020-09-29,3.5798078860313334
2020-09-30,3.622856449822456
2020-10-01,3.594599677593146
2020-10-02,3.7002068226067633
2020-10-03,3.591921697904973
2020-10-04,3.5839074084735767
2020-10-05,3.5729820881958685
2020-10-06,3.5808369280778423
2020-10-07,3.6786924288151126
2020-10-08,3.5330236814982365
2020-10-09,3.6628847334021692
2020-10-10,3.688123123634578
2020-10-11,3.6626464267753227
2020-10-12,3.6735554530773116
2020-10-13,3.6419720343477566
2020-10-14,3.608331822712227
2020-10-15,3.6907489442501427
2020-10-16,3.583856764933056
2020-10-17,3.6080391465776116
2020-10-18,3.5522733885885263
2020-10-19,3.606749380061434
2020-10-20,3.629074575346043
2020-10-21,3.596363235026644
2020-10-22,3.65510904821011
2020-10-23,3.618092864253562
2020-10-24,3.695705270645181
2020-10-25,3.7170319380894736
2020-10-26,3.7364194068210876
2020-10-27,3.769029352601258
2020-10-28,3.7159275982279762
2020-10-29,3.697312077531548
2020-10-30,3.7674636294897206
2020-10-31,3.7105345594391257
2020-11-01,3.6702435439586623
2020-11-02,3.7170214273954247
2020-11-03,3.6786498342717526
2020-11-04,3.6768560553630665
2020-11-05,3.67780364873566
2020-11-06,3.497184770042752
2020-11-07,3.593228294266231
2020-11-08,3.4735123763310876
2020-11-09,3.622253714576113
2020-11-10,3.569938529338959
2020-11-11,3.47849160483988
2020-11-12,3.6093210591042224
2020-11-13,3.468420400359353
2020-11-14,3.523811576324787
2020-11-15,3.417944693231366
2020-11-16,3.687555641054904
2020-11-17,3.467802895602017
2020-11-18,3.730349197604272
2020-11-19,3.5169561383795127
2020-11-20,3.676395769113727
2020-11-21,3.578099050996156
2020-11-22,3.52218492940057
2020-11-23,3.73319944001204
2020-11-24,3.677156754002963
2020-11-25,3.645570660065665
2020-11-26,3.6526825308302153
2020-11-27,3.677922670145987
2020-11-28,3.663409511739542
2020-11-29,3.528934573681946
2020-11-30,3.5626282261359385
2020-12-01,3.65083693956271
2020-12-02,3.53365423087818
2020-12-03,3.455631418534909
2020-12-04,3.6309564376726797
2020-12-05,3.6513452957728982
2020-12-06,3.54201800192975
2020-12-07,3.6131836571419713
2020-12-08,3.645726622464068
2020-12-09,3.5465955668311313
2020-12-10,3.610489361483434
2020-12-11,3.671107041828917
2020-12-12,3.609389842912835
2020-12-13,3.5111956774344373
2020-12-14,3.706321729216967
2020-12-15,3.7151478583685216
2020-12-16,3.718920967418013
2020-12-17,3.6102639569841166
2020-12-18,3.6272166403512616
2020-12-19,3.629629880686531
2020-12-20,3.6378970348118442
2020-12-21,3.693094356499822
2020-12-22,3.723251965992685
2020-12-23,3.742642986097796
2020-12-24,3.650057937962836
2020-12-25,3.589656855972659
2020-12-26,3.5147752748438688
2020-12-27,3.6303596318262206
2020-12-28,3.515702475071338
2020-12-29,3.671388018908655
2020-12-30,3.65401426165168
2020-12-31,3.5705924888031992
2021-01-01,3.528017687113731
2021-01-02,3.698767229054638
2021-01-03,3.6769676702926914
2021-01-04,3.764275257623901
2021-01-05,3.6592983965757706
2021-01-06,3.6256016516585694
2021-01-07,3.6292739393019495
2021-01-08,3.5441081547561035
2021-01-09,3.531361611285293
2021-01-10,3.5309894110546685
2021-01-11,3.533253674756311
2021-01-12,3.542248756318981
2021-01-13,3.4471724380059117
2021-01-14,3.5279218896008975
2021-01-15,3.4463936098070436
2021-01-16,3.4421911891136903
2021-01-17,3.5893156272614184
2021-01-18,3.523671474635548
2021-01-19,3.6124353915560574
2021-01-20,3.552119574865781
2021-01-21,3.543698177746706
2021-01-22,3.5085847877932697
2021-01-23,3.505209689936498
2021-01-24,3.570082224178375
2021-01-25,3.59106419879678
2021-01-26,3.599687715588745
2021-01-27,3.496986911706346
2021-01-28,3.514720003621935
2021-01-29,3.5654695037826896
2021-01-30,3.594142075201189
2021-01-31,3.648435904086595
2021-02-01,3.646548178390313
2021-02-02,3.671104107788552
2021-02-03,3.6072593950722083
2021-02-04,3.6749781269954656
2021-02-05,3.7389048893063093
2021-02-06,3.7281771571407134
2021-02-07,3.633573484614567
2021-02-08,3.613621323180391
2021-02-09,3.5137105390556878
2021-02-10,3.6876388269811056
2021-02-11,3.698459103307447
2021-02-12,3.614107308585612
2021-02-13,3.6536563163240707
2021-02-14,3.6431624921874697
2021-02-15,3.5463316462082513
2021-02-16,3.656303804751677
2021-02-17,3.614932712612287
2021-02-18,3.561903536706061
2021-02-19,3.5606163447074337
2021-02-20,3.459019277930675
2021-02-21,3.6431666809448173
2021-02-22,3.559235900281753
2021-02-23,3.6293847799364722
2021-02-24,3.558447546791089
2021-02-25,3.639632493287192
2021-02-26,3.6151254508219823
2021-02-27,3.668597728015528
2021-02-28,3.614267152315157
2021-03-01,3.623752355542977
2021-03-02,3.6132921450872386
2021-03-03,3.5753868492976593
2021-03-04,3.611936336588091
2021-03-05,3.544180746518489
2021-03-06,3.512915493696035
2021-03-07,3.5220870236428112
2021-03-08,3.6289167195032026
2021-03-09,3.5994515032685457
2021-03-10,3.493638628966796
2021-03-11,3.5547073733359693
2021-03-12,3.463697278093032
2021-03-13,3.35811885459152
2021-03-14,3.6017381951243164
2021-03-15,3.5621805885688675
2021-03-16,3.610961911446837
2021-03-17,3.5439704226738105
2021-03-18,3.568874265777969
2021-03-19,3.5538533439253848
2021-03-20,3.699037538710181
2021-03-21,3.7190370401194546
2021-03-22,3.681444847638384
2021-03-23,3.6138877776333973
2021-03-24,3.4289395694891667
2021-03-25,3.5621458042712906
2021-03-26,3.592718803893122
2021-03-27,3.533932567226416
2021-03-28,3.529883657123369
2021-03-29,3.370817119550204
2021-03-30,3.492911165277289
2021-03-31,3.5527279630690516
2021-04-01,3.5604931425635065
2021-04-02,3.5285942323266104
2021-04-03,3.534264024471636
2021-04-04,3.569601634065026
2021-04-05,3.6233041610508785
2021-04-06,3.488121570009335
2021-04-07,3.472384741547857
2021-04-08,3.4527951598362456
2021-04-09,3.3892838181638236
2021-04-10,3.1985877809982806
2021-04-11,3.2372423067192693
2021-04-12,3.3682564394544268
2021-04-13,3.5602142710572924
2021-04-14,3.5680853568032074
2021-04-15,3.4821904657379745
2021-04-16,3.4165580439487133
2021-04-17,3.3845565092198613
2021-04-18,3.4825409217242886
2021-04-19,3.470170573498816
2021-04-20,3.529134389759778
2021-04-21,3.6405051705186726
2021-04-22,3.4871464135112986
2021-04-23,3.408223007652736
2021-04-24,3.6054509980900877
2021-04-25,3.633206192141043
2021-04-26,3.637761881446588
2021-04-27,3.5820668231114823
2021-04-28,3.587883108364416
2021-04-29,3.59612900005247
2021-04-30,3.6501151123359072
2021-05-01,3.6207491977693365
2021-05-02,3.6315388885516744
2021-05-03,3.6089580046132137
2021-05-04,3.5087227903981706
2021-05-05,3.4115178489658238
2021-05-06,3.4256457892897196
2021-05-07,3.527567986512985
2021-05-08,3.482458400522107
2021-05-09,3.60016414613443
2021-05-10,3.411563361012754
2021-05-11,3.4924606197977655
2021-05-12,3.510116063069669
2021-05-13,3.482382541027185
2021-05-14,3.6337624682057603
2021-05-15,3.6788427550853537
2021-05-16,3.552923912330366
2021-05-17,3.542741271527988
2021-05-18,3.5344398625497253
2021-05-19,3.4242221618441246
2021-05-20,3.582244995248009
2021-05-21,3.691101443276348
2021-05-22,3.551339504182048
2021-05-23,3.6629983722103816
2021-05-24,3.63490430103483
2021-05-25,3.61272415856903
2021-05-26,3.47934089350326
2021-05-27,3.5769111857225835
2021-05-28,3.4767018926032027
2021-05-29,3.45292571632941
2021-05-30,3.157591945788444
2021-05-31,3.3153178975209343
2021-06-01,3.5525344783587176
2021-06-02,3.5796845662066623
2021-06-03,3.383122092238607
2021-06-04,3.4368107202220872
2021-06-05,3.5817475996519383
2021-06-06,3.6243532373994847
2021-06-07,3.530959642362525
2021-06-08,3.532832563600765
2021-06-09,3.4361863630077574
2021-06-10,3.4578492123197364
2021-06-11,3.444970180623038
2021-06-12,3.5774468235912917
2021-06-13,3.4595817691627055
2021-06-14,3.2195292819249746
2021-06-15,3.274927867790236
2021-06-16,3.4126309447104197
2021-06-17,3.4280286944021086
2021-06-18,3.4326885294037686
2021-06-19,3.3344949228480325
2021-06-20,3.291120144205071
2021-06-21,3.457321446774314
2021-06-22,3.508715507604474
2021-06-23,3.386184372779517
2021-06-24,3.3879913278062372
2021-06-25,3.4549703002193133
2021-06-26,3.4615784911575616
2021-06-27,3.476921133899177
2021-06-28,3.5442448099964388
2021-06-29,3.5240057086815897
2021-06-30,3.462746558992718
2021-07-01,3.665462184306194
2021-07-02,3.6766226552095826
2021-07-03,3.580908035314493
2021-07-04,3.4906069256338648
2021-07-05,3.485613500903579
2021-07-06,3.6601661877510305
2021-07-07,3.534131151948926
2021-07-08,3.5553437357345294
2021-07-09,3.49245050740674
2021-07-10,3.348319705008344
2021-07-11,3.3384450599519044
2021-07-12,3.5013095055789925
2021-07-13,3.55841745229152
2021-07-14,3.50702090052229
2021-07-15,3.666984276450993
2021-07-16,3.554058927404107
2021-07-17,3.4317759230141975
2021-07-18,3.5585074817198707
2021-07-19,3.5806617548013397
2021-07-20,3.544837143268073
2021-07-21,3.559247087709422
2021-07-22,3.685968158633583
2021-07-23,3.6451400555206392
2021-07-24,3.675112525297553
2021-07-25,3.6524751271580294
2021-07-26,3.4783396887751272
2021-07-27,3.58580677647442
2021-07-28,3.6405331741466562
2021-07-29,3.6700420868185692
2021-07-30,3.6543438993540294
2021-07-31,3.6689378748310424
2021-08-01,3.694418708686074
2021-08-02,3.6711066836755237
2021-08-03,3.645583720344836
2021-08-04,3.463496901159066
2021-08-05,3.6313809436699938
2021-08-06,3.632463780806873
2021-08-07,3.6457963776282236
2021-08-08,3.5297334209920805
2021-08-09,3.5433527246039738
2021-08-10,3.459164449881801
2021-08-11,3.480269347386488
2021-08-12,3.5230319992639147
2021-08-13,3.542278910929039
2021-08-14,3.4076385855925224
2021-08-15,3.431866390434371
2021-08-16,3.5497535021709994
2021-08-17,3.4326643691195446
2021-08-18,3.3688878888153497
2021-08-19,3.283647557431124
2021-08-20,3.4112440103437773
2021-08-21,3.302520463300661
2021-08-22,3.3795294346354163
2021-08-23,3.5095928734541717
2021-08-24,3.4263704162983184
2021-08-25,3.5389735162662803
2021-08-26,3.589068015311931
2021-08-27,3.420689505765528
2021-08-28,3.4536413500551046
2021-08-29,3.4267728467544516
2021-08-30,3.4082781157957567
2021-08-31,3.405525344752398
2021-09-01,3.428816335142743
2021-09-02,3.520798740051564
2021-09-03,3.462866657567521
2021-09-04,3.3901395497803573
2021-09-05,3.4562464289925847
2021-09-06,3.382343821855461
2021-09-07,3.5784076542761203
2021-09-08,3.452636756951142
2021-09-09,3.437547056256126
2021-09-10,3.3706238568353775
2021-09-11,3.5359247713619153
2021-09-12,3.484447920042042
2021-09-13,3.3072051239460114
2021-09-14,3.5467520760645757
2021-09-15,3.481479413534913
2021-09-16,3.568277810087601
2021-09-17,3.5034733715005717
2021-09-18,3.471646453838078
2021-09-19,3.1835936973626437
2021-09-20,3.3716624211281654
2021-09-21,3.295330453128298
2021-09-22,3.3662331498510154
2021-09-23,3.4473677333857604
2021-09-24,3.4214213596082654
2021-09-25,3.4506543336424276
2021-09-26,3.4491290534277255
2021-09-27,3.5618494517860735
2021-09-28,3.5324936262284736
2021-09-29,3.3386740122541885
2021-09-30,3.384503015698177
2021-10-01,3.439520888007776
2021-10-02,3.4425468663515097
2021-10-03,3.4595702599963665
2021-10-04,3.4420924897643927
2021-10-05,3.4261984849195213
2021-10-06,3.5382987710196723
2021-10-07,3.5380929698386456
2021-10-08,3.5564617833309695
2021-10-09,3.4900432218863684
2021-10-10,3.4295180390160147
2021-10-11,3.609020474037144
2021-10-12,3.5393869811777225
2021-10-13,3.5749625019639284
2021-10-14,3.3939517046619656
2021-10-15,3.4086269717038324
2021-10-16,3.2809279586937574
2021-10-17,3.457305267321474
2021-10-18,3.4558890151467017
2021-10-19,3.4586026730703847
2021-10-20,3.420500951785066
2021-10-21,3.505126064053017
2021-10-22,3.4918789234245518
2021-10-23,3.6301768034586264
2021-10-24,3.6001067781321683
2021-10-25,3.710989982578536
2021-10-26,3.5905410161951803
2021-10-27,3.5367026125258842
2021-10-28,3.519962680841165
2021-10-29,3.451680600353062
2021-10-30,3.4682895719408227
2021-10-31,3.370029770568489
2021-11-01,3.428464752370677
2021-11-02,3.4815616422939843
2021-11-03,3.476230327976544
2021-11-04,3.5600126554620553
2021-11-05,3.4403162179407647
2021-11-06,3.3868715717617266
2021-11-07,3.4364616942208106
2021-11-08,3.457362732794656
2021-11-09,3.5131991437298633
2021-11-10,3.6175920484881354
2021-11-11,3.5441840521749506
2021-11-12,3.576471019040522
2021-11-13,3.5586733408650106
2021-11-14,3.582363852707893
2021-11-15,3.5815954246538704
2021-11-16,3.445775952166369
2021-11-17,3.456426237241352
2021-11-18,3.4993281589814282
2021-11-19,3.494251223025368
2021-11-20,3.42709146266302
2021-11-21,3.47691180265845
2021-11-22,3.45854891390047
2021-11-23,3.424517289489874
2021-11-24,3.365262365411467
2021-11-25,3.482073941498621
2021-11-26,3.7115118777044804
2021-11-27,3.491568265614469
2021-11-28,3.395448149881646
2021-11-29,3.5020984614313475
2021-11-30,3.4183179374746757
2021-12-01,3.3864646525103104
2021-12-02,3.439804034454836
2021-12-03,3.5286150513267693
2021-12-04,3.5987411538841507
2021-12-05,3.4664482964283025
2021-12-06,3.457343983542744
2021-12-07,3.534918773204399
2021-12-08,3.456918061640341
2021-12-09,3.5394282072076457
2021-12-10,3.4785950025055823
2021-12-11,3.538149836194311
2021-12-12,3.5460676495741965
2021-12-13,3.349436818216408
2021-12-14,3.369865304165581
2021-12-15,3.4572271399673857
2021-12-16,3.3639118066901608
2021-12-17,3.35033608683286
2021-12-18,3.242290236306918
2021-12-19,3.2648564977782093
2021-12-20,3.4186950472858713
2021-12-21,3.489224005573224
2021-12-22,3.500565313864697
2021-12-23,3.5384128580458354
2021-12-24,3.445854379876356
2021-12-25,3.278571274113649
2021-12-26,3.41963744226395
2021-12-27,3.390986859053543
2021-12-28,3.5489551675889737
2021-12-29,3.5399732798314107
2021-12-30,3.4171176555937737
2021-12-31,3.3654872296848293
2022-01-01,3.449175445549404
2022-01-02,3.569720742373981
2022-01-03,3.4866327293110535
2022-01-04,3.4277251512055185
2022-01-05,3.5726610253026343
2022-01-06,3.4730558492737726
2022-01-07,3.5575692702707733
2022-01-08,3.498154236373224
2022-01-09,3.508293932088084
2022-01-10,3.488398647300588
2022-01-11,3.5143634707809857
2022-01-12,3.3654260298309957
2022-01-13,3.438789203236521
2022-01-14,3.202965832673796
2022-01-15,3.437844004152965
2022-01-16,3.4908363277121413
2022-01-17,3.5046196852348386
2022-01-18,3.3948560016067115
2022-01-19,3.3815699814234295
2022-01-20,3.3489336357809503
2022-01-21,3.2892613418550196
2022-01-22,3.489546870796526
2022-01-23,3.5524332788979787
2022-01-24,3.67152677439035
2022-01-25,3.6044187680289967
2022-01-26,3.4745655612176325
2022-01-27,3.277846275956973
2022-01-28,3.5263134982272595
2022-01-29,3.5340140044992756
2022-01-30,3.4093016302743235
2022-01-31,3.41862687986059
2022-02-01,3.4992279882129766
2022-02-02,3.4309614503532657
2022-02-03,3.4375664157932557
2022-02-04,3.2788045486978294
2022-02-05,3.436563909404204
2022-02-06,3.4458248015863786
2022-02-07,3.6198681331211726
2022-02-08,3.4666329180147004
2022-02-09,3.504324310473206
2022-02-10,3.435674430243306
2022-02-11,3.4971624010690068
2022-02-12,3.3745206391708744
2022-02-13,3.379493770491004
2022-02-14,3.464107030222236
2022-02-15,3.3653046810780163
2022-02-16,3.2592172135845763
2022-02-17,3.288382288501786
2022-02-18,3.4656273885159594
2022-02-19,3.423714894975208
2022-02-20,3.284479804385856
2022-02-21,3.451798924041028
2022-02-22,3.4234250035594975
2022-02-23,3.4507338361603552
2022-02-24,3.5435065859036747
2022-02-25,3.528828513915433
2022-02-26,3.426857573821343
2022-02-27,3.407026529328563
2022-02-28,3.5394549863819913
2022-03-01,3.532814210822745
2022-03-02,3.4684145873355092
2022-03-03,3.538313323959781
2022-03-04,3.4682206817687087
2022-03-05,3.215673645096338
2022-03-06,3.292841321029636
2022-03-07,3.0099719882146614
2022-03-08,3.204399728232708
2022-03-09,3.030204352374167
2022-03-10,2.8066856651657424
2022-03-11,3.139059753822676
2022-03-12,3.1444487833289534
2022-03-13,3.0920612609645453
2022-03-14,3.0725743028467227
2022-03-15,3.102385258868049
2022-03-16,3.199165142967607
2022-03-17,3.2306794697404055
2022-03-18,3.354077775170013
2022-03-19,3.4674914114893602
2022-03-20,3.02549247403928
2022-03-21,3.2624227964481602
2022-03-22,3.281213198821551
2022-03-23,3.413768948455981
2022-03-24,3.250958628518263
2022-03-25,3.330311778220992
2022-03-26,3.3603024728731454
2022-03-27,3.037112887738247
2022-03-28,3.049579015326378
2022-03-29,3.026579699785653
2022-03-30,3.3382656795762746
2022-03-31,3.174236363160824
2022-04-01,3.1775588544011497
2022-04-02,3.410904353675887
2022-04-03,3.288992846276875
2022-04-04,3.3808712613146206
2022-04-05,3.3482606895987015
2022-04-06,3.5251580548868473
2022-04-07,3.483400138947925
2022-04-08,3.3560656654186096
2022-04-09,3.3833552443557346
2022-04-10,3.276878630068421
2022-04-11,3.4113780076507982
2022-04-12,3.44000473361167
2022-04-13,3.5140564246672965
2022-04-14,3.429015838475017
2022-04-15,3.545297182170433
2022-04-16,3.407618173596863
2022-04-17,3.528912060410881
2022-04-18,3.5203088333378934
2022-04-19,3.4174495217576695
2022-04-20,3.5084572563530583
2022-04-21,3.4957846861968376
2022-04-22,3.520745000099637
2022-04-23,3.403967148256387
2022-04-24,3.2982858936270065
2022-04-25,3.519875206070317
2022-04-26,3.523394650167477
2022-04-27,3.543118901335745
2022-04-28,3.4643998624672845
2022-04-29,3.5859579821596013
2022-04-30,3.470929947684092
2022-05-01,3.4410633731758598
2022-05-02,3.2905712988713254
2022-05-03,3.347378263738293
2022-05-04,3.5748830067019535
2022-05-05,3.336780160876272
2022-05-06,3.573024630077269
2022-05-07,3.365624790518699
2022-05-08,3.2504565780971637
2022-05-09,3.4228076755088037
2022-05-10,3.513121796835127
2022-05-11,3.4667547362332227
2022-05-12,3.5104963518874914
2022-05-13,3.486479081610702
2022-05-14,3.3443569302492797
2022-05-15,3.295052333636357
2022-05-16,3.445884584457532
2022-05-17,3.4365104240492466
2022-05-18,3.4555782242731308
2022-05-19,3.3782012952610283
2022-05-20,3.404489960971384
2022-05-21,3.4462177017018587
2022-05-22,3.4489024024521493
2022-05-23,3.3984119265794925
2022-05-24,3.3775974936785373
2022-05-25,3.3754050275529917
2022-05-26,3.4643793099224687
2022-05-27,3.44001028391098
2022-05-28,3.2487529065898926
2022-05-29,3.396333653189264
2022-05-30,3.174533030679266
2022-05-31,3.4096462711997706
2022-06-01,3.527848953320727
2022-06-02,3.549669838585983
2022-06-03,3.4758058553304316
2022-06-04,3.5209164321470428
2022-06-05,3.3827479837492875
2022-06-06,3.549248414331486
2022-06-07,3.360405744256533
2022-06-08,3.325591381138734
2022-06-09,3.490813557599219
2022-06-10,3.571365209017468
2022-06-11,3.5238593008033248
2022-06-12,3.4997062000663184
2022-06-13,3.491014404628534
2022-06-14,3.5094287397092394
2022-06-15,3.498611103920687
2022-06-16,3.426551587459252
2022-06-17,3.3468477862128236
2022-06-18,3.316557761390915
2022-06-19,3.4080248779451265
2022-06-20,3.335734703195346
2022-06-21,3.30774587925005
2022-06-22,3.2558613524684836
2022-06-23,3.3633078813138706
2022-06-24,3.488283953634198
2022-06-25,3.3876474707968804
2022-06-26,3.4280160605760974
2022-06-27,3.388986914948394
2022-06-28,3.456484003779525
2022-06-29,3.534375811555285
2022-06-30,3.5661454822825625
2022-07-01,3.52233471404902
2022-07-02,3.534211557830546
2022-07-03,3.5955042867189655
2022-07-04,3.62007848674962
2022-07-05,3.5650333421893916
2022-07-06,3.491396600430526
2022-07-07,3.6026282491515063
2022-07-08,3.474720321754349
2022-07-09,3.2833102299361414
2022-07-10,3.328515933603085
2022-07-11,3.4291451034260225
2022-07-12,3.1263900934468287
2022-07-13,3.0667011283337615
2022-07-14,3.3222950627037857
2022-07-15,3.545311011888131
2022-07-16,3.351770219204136
2022-07-17,3.4220670622723275
2022-07-18,3.364965215056806
2022-07-19,3.2151608305343995
2022-07-20,3.393995496630013
2022-07-21,3.571691716382772
2022-07-22,3.3963456246348516
2022-07-23,3.4718259910886644
2022-07-24,3.591167314342226
2022-07-25,3.5298009377093256
2022-07-26,3.3684841499088827
2022-07-27,3.5432570486707617
2022-07-28,3.3879864317337294
2022-07-29,3.4762691239944905
2022-07-30,3.4284632504687833
2022-07-31,3.4082271561408675
2022-08-01,3.319494219147818
2022-08-02,3.5230410179112317
2022-08-03,3.5544726841216985
2022-08-04,3.4078551591993715
2022-08-05,3.201225560314875
2022-08-06,3.152829887622617
2022-08-07,3.2750089899408925
2022-08-08,3.4449591572322937
2022-08-09,3.4756553584734564
2022-08-10,3.355821983252128
2022-08-11,3.4797765574547777
2022-08-12,3.550731001487209
2022-08-13,3.494352329033885
2022-08-14,3.511145854925127
2022-08-15,3.5191863737351654
2022-08-16,3.519687633788664
2022-08-17,3.4185895672708217
2022-08-18,3.1379315876751614
2022-08-19,3.208986301685746
2022-08-20,3.3646249291501786
2022-08-21,3.5341307707670375
2022-08-22,3.3032520592586225
2022-08-23,3.4217149120938077
2022-08-24,3.44626329212542
2022-08-25,3.4959053527793813
2022-08-26,3.4181098703453383
2022-08-27,3.489263171862081
2022-08-28,3.459341574592088
2022-08-29,3.546810643700356
2022-08-30,3.4917301502377907
2022-08-31,3.4604466429815246
2022-09-01,3.5997582002844486
2022-09-02,3.49532034203484
2022-09-03,3.3415004127140167
2022-09-04,3.4426072174793747
2022-09-05,3.3756826141755303
2022-09-06,3.4001199719976345
2022-09-07,3.4811426336768307
2022-09-08,3.3995639273698837
2022-09-09,3.5131762246715725
2022-09-10,3.375651704366713
2022-09-11,3.449030823438742
2022-09-12,3.6154849230696664
2022-09-13,3.5718557035183807
2022-09-14,3.4609388078702352
2022-09-15,3.4351532864119485
2022-09-16,3.2710679062842094
2022-09-17,3.2820470088965146
2022-09-18,3.426944423087331
2022-09-19,3.4739552398122595
2022-09-20,3.3290411961102873
2022-09-21,3.3326265495284275
2022-09-22,3.2972581353310937
2022-09-23,3.4856757734564
2022-09-24,3.46232904838648
2022-09-25,3.4473362712847857
2022-09-26,3.4655792776855323
2022-09-27,3.564543152544894
2022-09-28,3.47098415786713
2022-09-29,3.4657426794454818
2022-09-30,3.5223120187960486
2022-10-01,3.591487654897239
2022-10-02,3.506364026498175
2022-10-03,3.258600847876269
2022-10-04,3.3856682540744845
2022-10-05,3.3958088211718254
2022-10-06,3.303369928261006
2022-10-07,3.3533918820706115
2022-10-08,3.363965216538054
2022-10-09,3.4164188946351386
2022-10-10,3.3234310473521926
2022-10-11,3.3231091597200084
2022-10-12,3.37006781115747
2022-10-13,3.2288080777114043
2022-10-14,3.4628974614146326
2022-10-15,3.582064741213066
2022-10-16,3.5949546671860064
2022-10-17,3.5774769890260725
2022-10-18,3.5136904804284943
2022-10-19,3.4522766981131876
2022-10-20,3.4179656006980648
2022-10-21,3.316023714741071
2022-10-22,3.3109978387602346
2022-10-23,3.217725913220269
2022-10-24,3.2656852813630497
2022-10-25,3.3094121218073553
2022-10-26,3.4838130715486475
2022-10-27,3.3208058020847173
2022-10-28,3.213450969593506
2022-10-29,3.317260807346965
2022-10-30,3.458732559992998
2022-10-31,3.435138131369141
2022-11-01,3.3624463030310765
2022-11-02,3.2572592642511413
2022-11-03,3.207285253970734
2022-11-04,3.252768174416392
2022-11-05,3.2615355431254325
2022-11-06,3.3250701577898827
2022-11-07,3.4675456881630606
2022-11-08,3.4902580435132804
2022-11-09,3.5003821102691783
2022-11-10,3.3982771519569317
2022-11-11,3.511141082336631
2022-11-12,3.3108110592901077
2022-11-13,3.605562461987127
2022-11-14,3.512789677885488
2022-11-15,3.4594631645267535
2022-11-16,3.3717253316278653
2022-11-17,3.455721259371067
2022-11-18,3.4366497589611757
2022-11-19,3.507784816671182
2022-11-20,3.3535583609406734
2022-11-21,3.442428439636815
2022-11-22,3.562052073996598
2022-11-23,3.551138072237522
2022-11-24,3.544233200123727
2022-11-25,3.6274991191346513
2022-11-26,3.6188444441517658
2022-11-27,3.6167754892748367
2022-11-28,3.482317711665581
2022-11-29,3.5107064061423086
2022-11-30,3.5099484799470124
2022-12-01,3.422429424946805
2022-12-02,3.4709504642569695
2022-12-03,3.4799831880511083
2022-12-04,3.5585822938900398
2022-12-05,3.5161149531069085
2022-12-06,3.4823529400285427
2022-12-07,3.549936621241737
2022-12-08,3.5759762290049886
2022-12-09,3.3736738345620534
2022-12-10,3.3666299106974478
2022-12-11,3.157684482026575
2022-12-12,3.4282136089445725
2022-12-13,3.4624155686333937
2022-12-14,3.536743222778381
2022-12-15,3.5377960857567965
2022-12-16,3.6085112745887917
2022-12-17,3.5425554731984357
2022-12-18,3.470718227401437
2022-12-19,3.577520058005079
2022-12-20,3.57853241846334
2022-12-21,3.4438503158832425
2022-12-22,3.472343225791745
2022-12-23,3.610681958823999
2022-12-24,3.4808479105094587
2022-12-25,3.442978536510645
2022-12-26,3.413624921020569
2022-12-27,3.4538209691891137
2022-12-28,3.277275949188281
2022-12-29,3.3082744656753054
2022-12-30,3.469497812633553
2022-12-31,3.392493319880089
2023-01-01,3.3988491435787243
2023-01-02,3.5430789433318015
2023-01-03,3.3391500196051447
2023-01-04,3.3383244011042925
2023-01-05,3.285718332312352
2023-01-06,3.5002183706322367
2023-01-07,3.5097665208945843
2023-01-08,3.536387703082653
2023-01-09,3.4199884585524556
2023-01-10,3.366654174939589
2023-01-11,3.4654380284374575
2023-01-12,3.3610902043978754
2023-01-13,3.4686843757310104
2023-01-14,3.495971643033367
2023-01-15,3.6584513051485033
2023-01-16,3.368472541449549
2023-01-17,3.410033922761537
2023-01-18,3.439305327354976
2023-01-19,3.510394051004647
2023-01-20,3.476302403488957
2023-01-21,3.5399497244283595
2023-01-22,3.6098738201018152
2023-01-23,3.607037880640261
2023-01-24,3.6166620126486313
2023-01-25,3.642787738459097
2023-01-26,3.5710193289500842
2023-01-27,3.6634624776744
2023-01-28,3.5633977492483324
2023-01-29,3.5636796592762043
2023-01-30,3.581041232707729
2023-01-31,3.6936089633141473
2023-02-01,3.6323260486191673
2023-02-02,3.5734362798565056
2023-02-03,3.6144511174578207
2023-02-04,3.5120033984237597
2023-02-05,3.5687127940712644
2023-02-06,3.538032471787504
2023-02-07,3.504373643261996
2023-02-08,3.5117557691737042
2023-02-09,3.513480804327096
2023-02-10,3.5633915626944423
2023-02-11,3.6168931018808523
2023-02-12,3.6256332958983846
2023-02-13,3.602151206447344
2023-02-14,3.545186031502858
2023-02-15,3.5222619442043306
2023-02-16,3.48046401931654
2023-02-17,3.483907860027074
2023-02-18,3.4942226046306684
2023-02-19,3.261534667340112
2023-02-20,3.3667961027121702
2023-02-21,3.473225540856162
2023-02-22,3.5095171446128397
2023-02-23,3.4314018003659106
2023-02-24,3.4689734223500412
2023-02-25,3.381188960150175
2023-02-26,3.429954627307279
2023-02-27,3.3993608548444114
2023-02-28,3.399104124705741
2023-03-01,3.4086981290085707
2023-03-02,3.5240922767591476
2023-03-03,3.564162772640622
2023-03-04,3.390592562911879
2023-03-05,3.4061289534114962
2023-03-06,3.480911061602393
2023-03-07,3.352181936490746
2023-03-08,3.4382001122113284
2023-03-09,3.387471946904431
2023-03-10,3.4681909496670964
2023-03-11,3.4252770238792865
2023-03-12,3.5812714249620416
2023-03-13,3.5552526836288285
2023-03-14,3.5020002610080305
2023-03-15,3.4223122468184504
2023-03-16,3.249153800373933
2023-03-17,3.382146370782891
2023-03-18,3.3705016632862694
2023-03-19,3.4265666822182586
2023-03-20,3.329887098158
2023-03-21,3.4794193604682158
2023-03-22,3.3288514569698058
2023-03-23,3.5849718269983537
2023-03-24,3.608136916592532
2023-03-25,3.336574518159662
2023-03-26,3.5236231640323803
2023-03-27,3.3739494468540867
2023-03-28,3.5466618198428463
2023-03-29,3.433283287291724
2023-03-30,3.391691090241574
2023-03-31,3.5539620856407437
2023-04-01,3.5527496837397745
2023-04-02,3.540649760219897
2023-04-03,3.396741019470017
2023-04-04,3.517918700145204
2023-04-05,3.4896350524067374
2023-04-06,3.4537944508545357
2023-04-07,3.3138493150462707
2023-04-08,3.4706241826085673
2023-04-09,3.578759327464856
2023-04-10,3.5127424338712236
2023-04-11,3.5667340032405277
2023-04-12,3.543880450579192
2023-04-13,3.40916068884919
2023-04-14,3.363715287803002
2023-04-15,3.3575827640302554
2023-04-16,3.4247288408339003
2023-04-17,3.436891858738898
2023-04-18,3.413759428340504
2023-04-19,3.526590205243497
2023-04-20,3.462246142816721
2023-04-21,3.377948757703192
2023-04-22,3.437715543322452
2023-04-23,3.478840977133097
2023-04-24,3.5135872042279366
2023-04-25,3.416334415993694
2023-04-26,3.427601402334467
2023-04-27,3.37707577620896
2023-04-28,3.3325157394570297
2023-04-29,3.3813102544063676
2023-04-30,3.3810941752859582
2023-05-01,3.490415230883538
2023-05-02,3.507135982254416
2023-05-03,3.456522068565127
2023-05-04,3.40869133668007
2023-05-05,3.3484218795011684
2023-05-06,3.390653840130383
2023-05-07,3.516006505059425
2023-05-08,3.628938955466252
2023-05-09,3.421110268923585
2023-05-10,3.299378149312722
2023-05-11,3.3546060452722153
2023-05-12,3.4368812613378608
2023-05-13,3.5026686952122414
2023-05-14,3.451442177744883
2023-05-15,3.4824498185666335
2023-05-16,3.4591503623684767
2023-05-17,3.521335025600865
2023-05-18,3.486424070950344
2023-05-19,3.4813937112516617
2023-05-20,3.3136399784506363
2023-05-21,3.3379276466705066
2023-05-22,3.489796058230983
2023-05-23,3.4742330980666796
2023-05-24,3.5291970100189323
2023-05-25,3.4467585094889284
2023-05-26,3.5108980438860904
2023-05-27,3.4031192900525293
2023-05-28,3.251474220704539
2023-05-29,3.1408429187140476
2023-05-30,3.241602157705878
2023-05-31,3.3121431852837833
2023-06-01,3.356263166695052
2023-06-02,3.343318161268478
2023-06-03,3.1530639803341747
2023-06-04,3.2183423627793157
2023-06-05,3.4370138595043422
2023-06-06,3.41202073313839
2023-06-07,3.2444592001050316
2023-06-08,3.4263541504426773
2023-06-09,3.4788141722702797
2023-06-10,3.396482346962647
2023-06-11,3.244073843661065
2023-06-12,3.3460348256301877
2023-06-13,3.448495659706001
2023-06-14,3.281568427385224
2023-06-15,3.3931550777835566
2023-06-16,3.3599574172523394
2023-06-17,3.3307882969371736
2023-06-18,3.3246806010026124
2023-06-19,3.481604444874757
2023-06-20,3.3488386925568423
2023-06-21,3.4372832434259726
2023-06-22,3.4622194982697625
2023-06-23,3.5158186987203206
2023-06-24,3.2678847272220186
2023-06-25,3.373295527285653
2023-06-26,3.437510881784665
2023-06-27,3.4264719234203196
2023-06-28,3.4092058946778576
2023-06-29,3.55599714993534
2023-06-30,3.546976419776533
2023-07-01,3.3640956737879453
2023-07-02,3.4388483857228422
2023-07-03,3.5542074893152678
2023-07-04,3.4282592241596945
2023-07-05,3.4112045983896615
2023-07-06,3.2437896112447424
2023-07-07,3.004281817906744
2023-07-08,3.0991825232830976
2023-07-09,3.043622382722335
2023-07-10,3.2134805129305395
2023-07-11,3.2543513354674727
2023-07-12,3.2045526792813748
2023-07-13,3.4271492391643
2023-07-14,3.368919172896356
2023-07-15,3.411533849679071
2023-07-16,3.416742048930748
2023-07-17,3.398548703875905
2023-07-18,3.354654227614712
2023-07-19,3.3761093208578403
2023-07-20,3.386180765101885
2023-07-21,3.3845819817338136
2023-07-22,3.302117881369235
2023-07-23,3.3123475083424805
2023-07-24,3.483625401424456
2023-07-25,3.3519677851602934
2023-07-26,3.2962214311491085
2023-07-27,3.314030993127421
2023-07-28,3.4124576814443555
2023-07-29,3.3604983533692456
2023-07-30,3.3316082186470055
2023-07-31,3.3670793867737245
2023-08-01,3.549767167814917
2023-08-02,3.4586231917883934
2023-08-03,3.4569967821413305
2023-08-04,3.4727563543363935
2023-08-05,3.1710365838377284
2023-08-06,3.258454523337343
2023-08-07,3.329929859359517
2023-08-08,3.507196106766029
2023-08-09,3.460575309166874
2023-08-10,3.682597726054416
2023-08-11,3.509046229133574
2023-08-12,3.3916905162038806
2023-08-13,3.424874130327445
2023-08-14,3.4161079212223795
2023-08-15,3.6269152605821975
2023-08-16,3.4750678138122124
2023-08-17,3.5366914534056066
2023-08-18,3.504163478769085
2023-08-19,3.4473433301451126
2023-08-20,3.4214244017549302
2023-08-21,3.3068320963283298
2023-08-22,3.4489993935157197
2023-08-23,3.4446887723324244
2023-08-24,3.369551617675529
2023-08-25,3.330939215645568
2023-08-26,3.3708222094816165
2023-08-27,3.4800009035699397
2023-08-28,3.2819169126988563
2023-08-29,3.4118570157097965
2023-08-30,3.313896285375343
2023-08-31,3.3791848114314695
2023-09-01,3.3779896741201
2023-09-02,3.380810567067574
2023-09-03,3.190997595226529
2023-09-04,3.241469012494964
2023-09-05,3.282097257722152
2023-09-06,3.4448014501448916
2023-09-07,3.4374192827644836
2023-09-08,3.500650005831231
2023-09-09,3.421468520855869
2023-09-10,3.3735202565358753
2023-09-11,3.473002820826288
2023-09-12,3.453361298389776
2023-09-13,3.4699553896967927
2023-09-14,3.478548486323068
2023-09-15,3.4080814021963945
2023-09-16,3.393957492184676
2023-09-17,3.3496400984343735
2023-09-18,3.1909880878155996
2023-09-19,3.3789511033414796
2023-09-20,3.247826354089975
2023-09-21,3.252209901345715
2023-09-22,3.351528966636322
2023-09-23,3.301690072480829
2023-09-24,3.301312897438904
2023-09-25,3.2403708836193403
2023-09-26,3.3764922301153533
2023-09-27,3.468708828723323
2023-09-28,3.515014705207312
2023-09-29,3.555988801379792
2023-09-30,3.539841420233553
2023-10-01,3.5075057487445918
2023-10-02,3.524919968077745
2023-10-03,3.6061149223595446
2023-10-04,3.578368437156226
2023-10-05,3.5430993849911796
2023-10-06,3.5287611261814797
2023-10-07,3.3854935544229674
2023-10-08,3.516714833882771
2023-10-09,3.5281544239809115
2023-10-10,3.3808502864513024
2023-10-11,3.519683995401522
2023-10-12,3.307570358375123
2023-10-13,3.4412360363936623
2023-10-14,3.2914403444798173
2023-10-15,3.3119151738083676
2023-10-16,3.283971688626589
2023-10-17,3.492050577270582
2023-10-18,3.633298646802353
2023-10-19,3.4476545408786694
2023-10-20,3.4287591937757003
2023-10-21,3.353872394459456
2023-10-22,3.4040403364624208
2023-10-23,3.416750273005509
2023-10-24,3.3645443524082443
2023-10-25,3.6053455058355794
2023-10-26,3.4608545782351245
2023-10-27,3.460768176091676
2023-10-28,3.5512968548200696
2023-10-29,3.4580480891822134
2023-10-30,3.4152399920287975
2023-10-31,3.4800902014668718
2023-11-01,3.5475244395325736
2023-11-02,3.5005023940349473
2023-11-03,3.466006634839521
2023-11-04,3.5483901591659066
2023-11-05,3.4316705086138075
2023-11-06,3.306699850089972
2023-11-07,3.4448934316973863
2023-11-08,3.574318045191547
2023-11-09,3.4445886431060173
2023-11-10,3.5099229438718305
2023-11-11,3.4241534958148607
2023-11-12,3.5393889981759097
2023-11-13,3.4012702087690148
2023-11-14,3.3876121306990368
2023-11-15,3.3944372072795583
2023-11-16,3.496489007399436
2023-11-17,3.3395375644708176
2023-11-18,3.504994939741285
2023-11-19,3.62318390755136
2023-11-20,3.52691478686918
2023-11-21,3.378544776575508
2023-11-22,3.426498312573355
2023-11-23,3.4740088536823324
2023-11-24,3.475559828093639
2023-11-25,3.3636848876503596
2023-11-26,3.3682245427723125
2023-11-27,3.419330114844117
2023-11-28,3.415884351976168
2023-11-29,3.4549419297369113
2023-11-30,3.382727369650486
2023-12-01,3.4974103008078203
2023-12-02,3.4769419776695223
2023-12-03,3.5501391485718363
2023-12-04,3.4227130218883386
2023-12-05,3.4661693178646638
2023-12-06,3.4755607287873937
2023-12-07,3.2596800260991197
2023-12-08,3.199390291268319
2023-12-09,3.4815465173706945
2023-12-10,3.419520084298038
2023-12-11,3.4602996614915233
2023-12-12,3.491561941887567
2023-12-13,3.598114727785415
2023-12-14,3.4325123752631077
2023-12-15,3.320202549127743
2023-12-16,3.30276326516064
2023-12-17,3.483907735339765
2023-12-18,3.368150278671978
2023-12-19,3.406163505699109
2023-12-20,3.4201164167129368
2023-12-21,3.520334707130348
2023-12-22,3.531584503768901
2023-12-23,3.5221053353826717
2023-12-24,3.3990644208096823
2023-12-25,3.611210271736971
2023-12-26,3.565132048913847
2023-12-27,3.5430374983471733
2023-12-28,3.5691405518588812
2023-12-29,3.7175644540783828
2023-12-30,3.5673861278032564
2023-12-31,3.5236717477642854
2024-01-01,3.616371144668759
2024-01-02,3.729597400611106
2024-01-03,3.5786296847714567
2024-01-04,3.420813579739562
2024-01-05,3.2182752835438837
2024-01-06,2.9118403491613507
2024-01-07,3.013626812330509
2024-01-08,3.35296080466799
2024-01-09,3.444487938147592
2024-01-10,3.4367814355757464
2024-01-11,3.5113778810874607
2024-01-12,3.6191388517210465
2024-01-13,3.4247935159314293
2024-01-14,3.5047382759802383
2024-01-15,3.5924615697157116
2024-01-16,3.6326113581906725
2024-01-17,3.5740187900362494
2024-01-18,3.5408113890890873
2024-01-19,3.404458599655686
2024-01-20,3.3727574509604565
2024-01-21,3.2445228562760065
2024-01-22,3.3611036882766077
2024-01-23,3.369895614008619
2024-01-24,3.378848328063111
2024-01-25,3.3768653119861147
2024-01-26,3.333913730062197
2024-01-27,3.4417265473270637
2024-01-28,3.4560678150842463
2024-01-29,3.4873400878151877
2024-01-30,3.539279333851187
2024-01-31,3.432320530525518
2024-02-01,3.38657070341882
2024-02-02,3.4696670770509397
2024-02-03,3.396825170551626
2024-02-04,3.2498581421410986
2024-02-05,3.302683827240576
2024-02-06,3.518641942108476
2024-02-07,3.43242338945111
2024-02-08,3.5195664134539095
2024-02-09,3.4068908996820824
2024-02-10,3.3091888387395376
2024-02-11,3.4841333847396347
2024-02-12,3.4656893112423446
2024-02-13,3.5068864139988745
2024-02-14,3.3157604164072914
2024-02-15,3.277368484992637
2024-02-16,3.420904602703446
2024-02-17,3.507909102872068
2024-02-18,3.4124018773261406
2024-02-19,3.374465428296185
2024-02-20,3.4457876959535336
2024-02-21,3.468241251855329
2024-02-22,3.3601362891524857
2024-02-23,3.5047996080856607
2024-02-24,3.4218426005832256
2024-02-25,3.3334773229578927
2024-02-26,3.3399460542013655
2024-02-27,3.4134467921558445
2024-02-28,3.4387205479796297
2024-02-29,3.4353112227393083
2024-03-01,3.3365701775989396
2024-03-02,3.316653551840145
2024-03-03,3.2413921931331933
2024-03-04,3.2864763408798776
2024-03-05,3.4700390247177464
2024-03-06,3.3869587417805085
2024-03-07,3.3971473190120203
2024-03-08,3.0654039946161906
2024-03-09,3.088200022808928
2024-03-10,3.205002022134778
2024-03-11,3.2906125640775334
2024-03-12,3.331780863351478
2024-03-13,3.350417763751447
2024-03-14,3.4049780935539458
2024-03-15,3.3892140343515966
2024-03-16,3.4497588337529024
2024-03-17,3.5294770556320687
2024-03-18,3.450835326157814
2024-03-19,3.3690923895121894
2024-03-20,3.329783711557407
2024-03-21,3.2884159194149043
2024-03-22,3.374430070188687
2024-03-23,3.4231801126905017
2024-03-24,3.4502912525025926
2024-03-25,3.3290517825892767
2024-03-26,3.4065889690365325
2024-03-27,3.465368164619858
2024-03-28,3.582774545573196
2024-03-29,3.345442253799602
2024-03-30,3.4020469284266674
2024-03-31,3.361005805342223
2024-04-01,3.34233236345005
2024-04-02,3.519074045170686
2024-04-03,3.6587531779855773
2024-04-04,3.4322887351783606
2024-04-05,3.521218910833471
2024-04-06,3.7161974901605737
2024-04-07,3.6173896812379303
2024-04-08,3.574836958984252
2024-04-09,3.693966812432631
2024-04-10,3.5007614535568057
2024-04-11,3.5402620563292353
2024-04-12,3.403759945070644
2024-04-13,3.5608993052012954
2024-04-14,3.50424474180776
2024-04-15,3.4557974134416503
2024-04-16,3.438317341579096
2024-04-17,3.2647524183874244
2024-04-18,3.28138750826088
2024-04-19,3.2499059465411944
2024-04-20,3.0583947483552447
2024-04-21,3.212799019691057
2024-04-22,3.081552765708576
2024-04-23,3.324688089143781
2024-04-24,3.4057157649244654
2024-04-25,3.477423523519353
2024-04-26,3.449074316330289
2024-04-27,3.2826657964835606
2024-04-28,3.3803742755189727
2024-04-29,3.428813383738968
2024-04-30,3.3880847881429084
2024-05-01,3.5235143548277184
2024-05-02,3.555891730516377
2024-05-03,3.590393818686935
2024-05-04,3.3583881077003235
2024-05-05,3.5197597348060197
2024-05-06,3.4531312480819234
2024-05-07,3.47414351943266
2024-05-08,3.4565202449409136
2024-05-09,3.462356129857443
2024-05-10,3.428186344962479
2024-05-11,3.3625669997600096
2024-05-12,3.156526616646194
2024-05-13,3.18958070274823
2024-05-14,3.347124042139618
2024-05-15,3.4538019030787894
2024-05-16,3.5285938902877914
2024-05-17,3.5667637554084464
2024-05-18,3.4295772580032127
2024-05-19,3.4762228356160794
2024-05-20,3.4277273043692986
2024-05-21,3.3766763828958366
2024-05-22,3.358441342132958
2024-05-23,3.4634844151552597
2024-05-24,3.3380674363225276
2024-05-25,3.3828416568248505
2024-05-26,3.440022773157243
2024-05-27,3.5900862814329817
2024-05-28,3.5110961549175443
2024-05-29,3.3895693855371767
2024-05-30,3.400739649842789
2024-05-31,3.281808572677681
2024-06-01,3.401256892392449
2024-06-02,3.4491341171185903
2024-06-03,3.475552752172033
2024-06-04,3.3898759567775567
2024-06-05,3.4753895615726313
2024-06-06,3.322515743843
2024-06-07,3.336060756516481
2024-06-08,3.2028159755076864
2024-06-09,3.2765522869718655
2024-06-10,3.208637175744911
2024-06-11,3.3479127940443605
2024-06-12,3.362023914265596
2024-06-13,3.3235032174144723
2024-06-14,3.472154787743444
2024-06-15,3.4726196710078105
2024-06-16,3.41254215408612
2024-06-17,3.4941944257233146
2024-06-18,3.469906644377173
2024-06-19,3.4164647776679846
2024-06-20,3.4579042737873844
2024-06-21,3.540507929894467
2024-06-22,3.5273193796015163
2024-06-23,3.446012485531247
2024-06-24,3.4336767631874383
2024-06-25,3.491450064003557
2024-06-26,3.5493701239399567
2024-06-27,3.4775781504278083
2024-06-28,3.347944184516262
2024-06-29,3.348659510049225
2024-06-30,3.459461474186382
2024-07-01,3.504683026653565
2024-07-02,3.6038511226166494
2024-07-03,3.2940285520515866
2024-07-04,3.2870085393207757
2024-07-05,3.301291059160436
2024-07-06,3.272553796423113
2024-07-07,3.39841630670385
2024-07-08,3.376575055434717
2024-07-09,3.4525326126268436
2024-07-10,3.4280075712953573
2024-07-11,3.388737297151961
2024-07-12,3.337710542585091
2024-07-13,3.5356264761414016
2024-07-14,3.541917486053604
2024-07-15,3.4677671291279606
2024-07-16,3.499970911446092
2024-07-17,3.5305747771177463
2024-07-18,3.4384938100047915
2024-07-19,3.492345536534976
2024-07-20,3.4769646248714827
2024-07-21,3.5967074817940503
2024-07-22,3.513449498403559
2024-07-23,3.4675834194573545
2024-07-24,3.4050326061284353
2024-07-25,3.374430042498019
2024-07-26,3.501011127389005
2024-07-27,3.458328016912832
2024-07-28,3.5376288545913033
2024-07-29,3.7438465910476304
2024-07-30,3.5886640839433515
2024-07-31,3.3805737539472376
2024-08-01,3.5129881555950284
2024-08-02,3.511063470109407
2024-08-03,3.5437962214339875
2024-08-04,3.492643276313436
2024-08-05,3.5287459099805405
2024-08-06,3.5465118244518585
2024-08-07,3.6075987068258426
2024-08-08,3.541776605624052
2024-08-09,3.4927220064010225
2024-08-10,3.5645717005215634
2024-08-11,3.3985521345827263
2024-08-12,3.4476972783002067
2024-08-13,3.41679235512498
2024-08-14,3.358629320788556
2024-08-15,3.2847377473316666
2024-08-16,3.598209567969937
2024-08-17,3.5721382797028975
2024-08-18,3.520727536133895
2024-08-19,3.5473242462006156
2024-08-20,3.467007533110241
2024-08-21,3.370618440262658
2024-08-22,3.3092741423771725
2024-08-23,3.490290025763125
2024-08-24,3.610553260316375
2024-08-25,3.4075115262193973
2024-08-26,3.548414813199016
2024-08-27,3.383445638526339
2024-08-28,3.4508535175678547
2024-08-29,3.3633971385090904
2024-08-30,3.470309133015589
2024-08-31,3.367103564132528
2024-09-01,3.427005466330153
2024-09-02,3.4761767810257282
2024-09-03,3.4697225841373163
2024-09-04,3.3375347768011543
2024-09-05,3.415224446724566
2024-09-06,3.512075417704767
2024-09-07,3.447336424761219
2024-09-08,3.410768715119426
2024-09-09,3.4738983566675596
2024-09-10,3.4655029052289312
2024-09-11,3.4612022134636717
2024-09-12,3.4677930188555606
2024-09-13,3.424129811462096
2024-09-14,3.381721259921538
2024-09-15,3.48992885576258
2024-09-16,3.5735010715220907
2024-09-17,3.442914150006399
2024-09-18,3.521972942988255
2024-09-19,3.4901930020405345
2024-09-20,3.420454936750829
2024-09-21,3.354514751582164
2024-09-22,3.2554748610607995
2024-09-23,3.458426945021103
2024-09-24,3.3228693383306505
2024-09-25,3.2820035955855626
2024-09-26,3.5209122672289253
2024-09-27,3.4333736668634973
2024-09-28,3.3320020803228765
2024-09-29,3.476052447084173
2024-09-30,3.52667853509203
2024-10-01,3.487788142879031
2024-10-02,3.607108015716066
2024-10-03,3.475722410375368
2024-10-04,3.387526845820602
2024-10-05,3.3651201052098605
2024-10-06,3.539396628728573
2024-10-07,3.471537517890842
2024-10-08,3.5051692871141187
2024-10-09,3.440025424823288
2024-10-10,3.392940636669711
2024-10-11,3.3344742350665357
2024-10-12,3.4871249279520593
2024-10-13,3.4617517852571957
2024-10-14,3.356712537073686
2024-10-15,3.461132229012421
2024-10-16,3.3935899127396207
2024-10-17,3.45094927363104
2024-10-18,3.1934100788998636
2024-10-19,3.290747096320581
2024-10-20,3.2774674367833705
2024-10-21,3.452082705010732
2024-10-22,3.339872173103657
2024-10-23,3.511046136683178
2024-10-24,3.515573545137522
2024-10-25,3.44438311346188
2024-10-26,3.4882319690049792
2024-10-27,3.6002249435952955
2024-10-28,3.4449369421628235
2024-10-29,3.420935819761469
2024-10-30,3.5410154950906283
2024-10-31,3.55169316569775
2024-11-01,3.4438273488760225
2024-11-02,3.449705243519413
2024-11-03,3.499746217853052
2024-11-04,3.4700711269861935
2024-11-05,3.334842565540873
2024-11-06,3.3389300964625126
2024-11-07,3.409374780462819
2024-11-08,3.214950076747121
2024-11-09,3.4094395952749887
2024-11-10,3.2624473053291125
2024-11-11,3.2759999101771395
2024-11-12,3.3458247963250694
2024-11-13,3.4339953363756104
2024-11-14,3.406989583009994
2024-11-15,3.491884669114355
2024-11-16,3.4988852604593577
2024-11-17,3.491822028788598
2024-11-18,3.4762129132237622
2024-11-19,3.42568775392354
2024-11-20,3.5394773426424306
2024-11-21,3.5163492720397387
2024-11-22,3.436095480248979
2024-11-23,3.431366609721666
2024-11-24,3.247834938588163
2024-11-25,3.3867855607298623
2024-11-26,3.424286786926667
2024-11-27,3.556367444832799
2024-11-28,3.537411121562259
2024-11-29,3.6095461798303208
2024-11-30,3.5043080945277447
2024-12-01,3.4802262577144485
2024-12-02,3.3810731213521525
2024-12-03,3.294992290706407
2024-12-04,3.4316584417214573
2024-12-05,3.4682400210252067
2024-12-06,3.442501833835831
2024-12-07,3.293258123005805
2024-12-08,3.4342372796268843
2024-12-09,3.542190648710458
2024-12-10,3.5459632651280524
2024-12-11,3.44352241366377
2024-12-12,3.309957482705163
2024-12-13,3.2993249845611166
2024-12-14,3.2399920431079057
2024-12-15,3.3278986704690006
2024-12-16,3.4901891770759876
2024-12-17,3.4363604840934943
2024-12-18,3.461965445609861
2024-12-19,3.477124080748334
2024-12-20,3.5639824523051433
2024-12-21,3.5541201907166107
2024-12-22,3.4324538220660408
2024-12-23,3.514652982268202
2024-12-24,3.4758988007392024
2024-12-25,3.44862515950412
2024-12-26,3.4973953614585103
2024-12-27,3.50694428720458
2024-12-28,3.344795141854923
2024-12-29,3.2777713979945498
2024-12-30,3.41482180366488
2024-12-31,3.477436251192051
2025-01-01,3.518600417310406
2025-01-02,3.576247073063871
2025-01-03,3.5128507389846084
2025-01-04,3.460888883684168
2025-01-05,3.4780453725086398
2025-01-06,3.509115983842131
2025-01-07,3.559230308167436
2025-01-08,3.5919888795574204
2025-01-09,3.501710589520621
2025-01-10,3.5461651537166197
2025-01-11,3.456669748332005
2025-01-12,3.3897782004207686
2025-01-13,3.5014386127864228
2025-01-14,3.344539976193511
2025-01-15,3.458507867399334
2025-01-16,3.5046841650283276
2025-01-17,3.528642671214267
2025-01-18,3.3709004931611677
2025-01-19,3.5160552055738314
2025-01-20,3.4064958555692266
2025-01-21,3.482385176196926
2025-01-22,3.4871278744760104
2025-01-23,3.4693885924669794
2025-01-24,3.472646413273238
2025-01-25,3.3975429518920963
2025-01-26,3.394636621046175
2025-01-27,3.436105116709165
2025-01-28,3.5003771412821294
2025-01-29,3.396078911407524
2025-01-30,3.5354301650386075
2025-01-31,3.4896198315315976
2025-02-01,3.501764922842163
2025-02-02,3.476545844705069
2025-02-03,3.470156910509578
2025-02-04,3.2737315049546893
2025-02-05,3.433794981410904
2025-02-06,3.4273214551599116
2025-02-07,3.602406149598971
2025-02-08,3.6002225299163704
2025-02-09,3.3929522613545027
2025-02-10,3.3754003135392985
2025-02-11,3.600704203634428
2025-02-12,3.2830337962594163
2025-02-13,3.278286254119995
2025-02-14,3.515654463476415
2025-02-15,3.420364576185729
2025-02-16,3.3774612583888546
2025-02-17,3.253823904168077
2025-02-18,3.2449005166761062
2025-02-19,3.3467231176835748
2025-02-20,3.574587353164676
2025-02-21,3.5931349991704464
2025-02-22,3.5026671676042276
2025-02-23,3.1770939956175375
2025-02-24,3.2916793456187583
2025-02-25,3.467244779725948
2025-02-26,3.3460344236752
2025-02-27,3.3753384092645193
2025-02-28,3.3960722244929364
2025-03-01,3.5031260285039623
2025-03-02,3.4796696701682857
2025-03-03,3.5592169085113423
2025-03-04,3.589771959764166
2025-03-05,3.5210099858686057
2025-03-06,3.4982702186830306
2025-03-07,3.5248043183763618
2025-03-08,3.5532607259495523
2025-03-09,3.665302540556101
2025-03-10,3.4957812137338893
2025-03-11,3.4555230571366735
2025-03-12,3.3081342140212935
2025-03-13,3.436315999175138
2025-03-14,3.4394841397921665
2025-03-15,3.4949741857097854
2025-03-16,3.3344483412051473
2025-03-17,3.4894753730243417
2025-03-18,3.534329239274494
2025-03-19,3.7427589159628574
2025-03-20,3.6893992018059496
2025-03-21,3.7735868064352656
2025-03-22,3.6914088275885337
2025-03-23,3.732354113875256
2025-03-24,3.7381308964248765
2025-03-25,3.750227432795015
2025-03-26,3.7151412963601387
2025-03-27,3.7078711512415525
2025-03-28,3.592106364975302
2025-03-29,3.666705409027402
2025-03-30,3.6054284806616583
2025-03-31,3.5880939531036504
2025-04-01,3.7638732199148808
2025-04-02,3.7440243755755804
2025-04-03,3.6833746226983974
2025-04-04,3.6069596277524374
2025-04-05,3.6163994137421924
2025-04-06,3.663185336964936
2025-04-07,3.6511378521409887
2025-04-08,3.5760771871636625
2025-04-09,3.544256392331737
2025-04-10,3.3657927818954674
2025-04-11,3.2463426540831524
2025-04-12,3.238144247726814
2025-04-13,3.180205174347313
2025-04-14,3.4646629354291534
2025-04-15,3.3631600893978417
2025-04-16,3.306584890657314
2025-04-17,3.3637745249184654
2025-04-18,3.5043536597360196
2025-04-19,3.440341795294393
2025-04-20,3.4504134821425554
2025-04-21,3.3059401081345654
2025-04-22,3.226831026355681
2025-04-23,3.4926956175765245
2025-04-24,3.522857808581539
2025-04-25,3.4794726547819237
2025-04-26,3.411868548203704
2025-04-27,3.263328316620658
2025-04-28,3.344437552723689
2025-04-29,3.4582055045983977
2025-04-30,3.5638128453984974
2025-05-01,3.6108338619388043
2025-05-02,3.5905501857760593
2025-05-03,3.5518738040593694
2025-05-04,3.5861180856100985
2025-05-05,3.4355510940323617
2025-05-06,3.374069309646374
2025-05-07,3.4744117946011674
2025-05-08,3.507316596457817
2025-05-09,3.561272875677068
2025-05-10,3.5044854870075413
2025-05-11,3.0533888503964253
2025-05-12,3.262564640956114
2025-05-13,3.220784742266358
2025-05-14,3.132472738217237
2025-05-15,2.9541845469520034
2025-05-16,2.940558550804656
2025-05-17,3.2074003975997254
2025-05-18,3.31416953465407
2025-05-19,3.216498603240903
2025-05-20,3.366897721986809
2025-05-21,3.3954593630017342
2025-05-22,3.358910658130318
2025-05-23,3.482852811041282
2025-05-24,3.2146327618648085
2025-05-25,3.2328664382496415
2025-05-26,3.2107660220391225
2025-05-27,3.284113667358224
2025-05-28,3.3631252098506943
2025-05-29,3.3913130438683687
2025-05-30,3.1177556318439112
2025-05-31,3.317026831334319
2025-06-01,3.402664320175555
2025-06-02,3.187655316308853
2025-06-03,3.376025869039878
2025-06-04,3.4034246527770873
2025-06-05,3.4309585909165707
2025-06-06,3.4643796955492534
2025-06-07,3.5239662087542465
2025-06-08,3.4922572317683405
2025-06-09,3.4418014862463315
2025-06-10,3.5398148233833817
2025-06-11,3.548645638679065
2025-06-12,3.5063325339604905
2025-06-13,3.523518936409385
2025-06-14,3.3328592173664844
2025-06-15,1.2516291673878228
2025-06-16,1.7381493331928661
2025-06-17,2.1219280948873624
2025-06-18,0.6500224216483541
2025-06-19,
2025-06-20,1.0
2025-06-21,0.0
2025-06-22,0.0
2025-06-23,1.9219280948873623
2025-06-24,0.0
2025-06-25,1.2319817814011405
2025-06-26,1.7332062193464952
2025-06-27,1.614318069829045
2025-06-28,2.08219365237394
2025-06-29,1.3787834934861758
2025-06-30,1.4355205042826666
2025-07-01,2.355388542207534
2025-07-02,3.584528453896845
2025-07-03,3.4540115986137137
2025-07-04,3.496390584437826
2025-07-05,3.666008432233062
2025-07-06,3.5203099020996524
2025-07-07,3.44720227797733
2025-07-08,3.5084490636249273
2025-07-09,3.4853225944326782
2025-07-10,3.5304054492519676
2025-07-11,3.5449754170029792
2025-07-12,3.513552999601657
2025-07-13,3.5200833647067586
2025-07-14,3.6006597023445113
2025-07-15,3.5062452849093564
2025-07-16,3.5195946992874867
2025-07-17,3.4890174150490614
2025-07-18,3.3903294554654773
2025-07-19,3.4841451405337933
2025-07-20,3.4887665227869493
2025-07-21,3.4052547332437944
2025-07-22,3.3521317566054383
2025-07-23,3.2921331857733453
2025-07-24,3.4573070780587
2025-07-25,3.2518006787459224
2025-07-26,3.3045478753016075
2025-07-27,3.5640141572742583
2025-07-28,3.5556325656390486
2025-07-29,3.4414051047346845
2025-07-30,3.472654095911662
2025-07-31,3.459062359286207
2025-08-01,3.363953050513445
2025-08-02,3.219965980942924
2025-08-03,3.46186423126512
2025-08-04,3.433920818136237
2025-08-05,3.3576845293321047
2025-08-06,3.621526996762266
2025-08-07,3.366175032111356
2025-08-08,3.4306837843463587
2025-08-09,3.3869690309352634
2025-08-10,3.522917926246268
2025-08-11,3.4216817177520316
2025-08-12,3.4048190401017964
2025-08-13,3.3397879139544875
2025-08-14,3.4630152486688943
2025-08-15,3.543048812017444
2025-08-16,3.2855859323436567
2025-08-17,3.3883859047663125
2025-08-18,3.489674734082285
2025-08-19,3.330531098438773
2025-08-20,3.1056001141469998
2025-08-21,3.2912474840472505
2025-08-22,3.4551300827790272
2025-08-23,3.446744137664306
2025-08-24,3.4633267253040056
2025-08-25,3.341074621295777
2025-08-26,3.4468834098188603
2025-08-27,3.468688047714632
2025-08-28,3.3016131861083937
2025-08-29,3.5192691505198304
2025-08-30,3.3639715378787733
2025-08-31,3.323878693809044
2025-09-01,3.187343486705463
2025-09-02,3.349539118308552
2025-09-03,3.622924560303351
2025-09-04,3.565123410351231
2025-09-05,3.5114554335193
2025-09-06,3.5365662999463594
2025-09-07,3.435351872565871
2025-09-08,3.672875889781396
2025-09-09,3.5962945949454332
2025-09-10,3.5797559274773674
2025-09-11,3.453677555433454
2025-09-12,3.5602893781218286
2025-09-13,3.550508877936999
2025-09-14,3.5984353971780374
2025-09-15,3.5070758906844306
2025-09-16,3.4442704367703483
2025-09-17,3.472674722765653
2025-09-18,3.358586973980523
2025-09-19,3.356825499360556
2025-09-20,3.3248301621784333
2025-09-21,3.4686589721649628
2025-09-22,3.3794149913419504
2025-09-23,3.4093911910984476
2025-09-24,3.445410350225474
2025-09-25,3.2699479516144727
2025-09-26,3.3337557901242167
2025-09-27,3.3426033756180336
2025-09-28,3.3800727547595337
2025-09-29,3.414248053393423
2025-09-30,3.370454119152486
2025-10-01,3.4483000414460805
2025-10-02,3.7864469681541673
2025-10-03,3.4947795953075644
2025-10-04,3.5610089112392074
2025-10-05,3.4135717952524303
2025-10-06,3.438124071263679
2025-10-07,3.3516643879276757
2025-10-08,3.4752677589513126
2025-10-09,3.4766522059554528
2025-10-10,3.5649930521566495
2025-10-11,3.453880319037951
2025-10-12,3.3072966994502666
2025-10-13,3.2486914515074656
2025-10-14,3.3432964748687515
2025-10-15,3.428470712407675
2025-10-16,3.6334018271940316
2025-10-17,3.4445229473397436
2025-10-18,3.541732123987571
2025-10-19,3.390203368433054
2025-10-20,3.3412176277780308
2025-10-21,3.3292042438072382
2025-10-22,3.4925956410328416
2025-10-23,3.3767202466300263
2025-10-24,3.4977322781777733
2025-10-25,3.468183911592463
2025-10-26,3.5285864275716294
2025-10-27,3.4288534827226886
2025-10-28,3.474377153989355
2025-10-29,3.4641271933144617
2025-10-30,3.432257193550151
2025-10-31,3.382524518687896
2025-11-01,3.449985543982955
2025-11-02,3.317861599760059
2025-11-03,3.331701115326084
2025-11-04,3.1486655024506693
2025-11-05,3.3676822630155008
2025-11-06,3.3550930903987877
2025-11-07,3.600552210267036
2025-11-08,3.5319890248597816
2025-11-09,3.4915570875425477
2025-11-10,3.4747872979060044
2025-11-11,3.5477030726712298
2025-11-12,3.49614180565736
2025-11-13,3.415864957707715
2025-11-14,3.4298171099469594
2025-11-15,3.387357220340082
2025-11-16,3.4661706614002794
2025-11-17,3.4763430126268275
2025-11-18,3.3577642223975537
2025-11-19,3.1201560733451497
2025-11-20,3.229840662278794
2025-11-21,3.456503205672809
2025-11-22,3.3017257765211885
2025-11-23,3.1190247548786862
2025-11-24,2.983101192135387
2025-11-25,3.2574873996106266
2025-11-26,3.2533439378830296
2025-11-27,2.937060688086657
2025-11-28,3.007117621143808
2025-11-29,3.086648329644105
2025-11-30,3.0626961435294717
2025-12-01,3.113029524186437
2025-12-02,3.383258976533847
2025-12-03,3.354019830716415
2025-12-04,3.4559435540465437
2025-12-05,3.3546512736930123
2025-12-06,3.438158315369068
2025-12-07,3.3427939648785734
2025-12-08,3.2007251889051487
2025-12-09,3.5038592497384338
2025-12-10,3.473576388606479
2025-12-11,3.534488266740718
2025-12-12,3.313646526156546
2025-12-13,3.3715415817054937
2025-12-14,3.4220084456696
2025-12-15,3.4625355372938635
2025-12-16,3.6336005075800117
2025-12-17,3.4861721118926954
2025-12-18,3.5166738920223755
2025-12-19,3.3912569077812407
2025-12-20,3.317471919502587
2025-12-21,3.3566096370908856
2025-12-22,3.362017883822851
2025-12-23,3.4387690151388615
2025-12-24,3.2162078389027267
2025-12-25,3.4768551694950545
2025-12-26,3.3825871918001815
2025-12-27,3.447227856777128
2025-12-28,3.460431894700414
2025-12-29,3.628006026367336
2025-12-30,3.6234922396588765
2025-12-31,3.477376825316538
