date,value
2015-02-18,3.595807132295595
2015-02-19,3.5975494673791175
2015-02-20,3.5921617116311415
2015-02-21,3.600296259032412
2015-02-22,3.5878607233353597
2015-02-23,3.6110544874376416
2015-02-24,3.636765662755446
2015-02-25,3.6434445766276466
2015-02-26,3.640630155021974
2015-02-27,3.6048743623405572
2015-02-28,3.60978648611827
2015-03-01,3.5828097536420853
2015-03-02,3.6126308283457162
2015-03-03,3.6181980567838092
2015-03-04,3.636387826252332
2015-03-05,3.6366538664075003
2015-03-06,3.6255344465675674
2015-03-07,3.5849255381710905
2015-03-08,3.5935481366399897
2015-03-09,3.6395525917056872
2015-03-10,3.640000403956022
2015-03-11,3.634954304912058
2015-03-12,3.6159973144814037
2015-03-13,3.6252264017446567
2015-03-14,3.604368786126626
2015-03-15,3.604186275877336
2015-03-16,3.6010085346807186
2015-03-17,3.599856482294271
2015-03-18,3.5997096961184325
2015-03-19,3.6056077493727186
2015-03-20,3.628189794845197
2015-03-21,3.6160916243173498
2015-03-22,3.5839859281341435
2015-03-23,3.6003204184827107
2015-03-24,3.605882092577101
2015-03-25,3.6222499484474335
2015-03-26,3.616571665598843
2015-03-27,3.6088457135289196
2015-03-28,3.6168052296846196
2015-03-29,3.560442000572305
2015-03-30,3.5934812765239412
2015-03-31,3.619475273668593
2015-04-01,3.6197130518790446
2015-04-02,3.6292799692923046
2015-04-03,3.6206218669500925
2015-04-04,3.6241233303652396
2015-04-05,3.5653002608596682
2015-04-06,3.607722813305079
2015-04-07,3.598951729594174
2015-04-08,3.6215250767178104
2015-04-09,3.6068962914207847
2015-04-10,3.609068302092199
2015-04-11,3.5751591610293745
2015-04-12,3.5682966528597677
2015-04-13,3.6082849374216384
2015-04-14,3.6160988102136806
2015-04-15,3.639271793812622
2015-04-16,3.588714400552388
2015-04-17,3.586821033179541
2015-04-18,3.5816666110394535
2015-04-19,3.5386149706726964
2015-04-20,3.5868124465083135
2015-04-21,3.5866288521957284
2015-04-22,3.599269208115204
2015-04-23,3.5829850030047057
2015-04-24,3.5963331777306475
2015-04-25,3.5743233849706355
2015-04-26,3.5482469744436953
2015-04-27,3.6000035473093486
2015-04-28,3.6229975690804004
2015-04-29,3.617035411329179
2015-04-30,3.6340361611404566
2015-05-01,3.6072869195591495
2015-05-02,3.631487423053061
2015-05-03,3.600894266850715
2015-05-04,3.592832189917848
2015-05-05,3.594827085395904
2015-05-06,3.6121361541317847
2015-05-07,3.602487182538341
2015-05-08,3.6121948129463313
2015-05-09,3.568175056685745
2015-05-10,3.543329248741783
2015-05-11,3.6004268310061818
2015-05-12,3.6052912023823813
2015-05-13,3.5898900134397724
2015-05-14,3.5893459413989586
2015-05-15,3.592841747766606
2015-05-16,3.572180201028459
2015-05-17,3.530813953539728
2015-05-18,3.602939695177362
2015-05-19,3.617813403667842
2015-05-20,3.608677498382039
2015-05-21,3.6271140310743477
2015-05-22,3.6265094988073496
2015-05-23,3.612731582463664
2015-05-24,3.627946007986
2015-05-25,3.5989507010506174
2015-05-26,3.608610638808983
2015-05-27,3.616915767654246
2015-05-28,3.603018608081092
2015-05-29,3.6136788731093947
2015-05-30,3.6427762740184804
2015-05-31,3.5666630460096753
2015-06-01,3.6113508581857054
2015-06-02,3.6092806953184033
2015-06-03,3.609563212526007
2015-06-04,3.6040570630228608
2015-06-05,3.59060207717601
2015-06-06,3.5864163110939042
2015-06-07,3.547323032842484
2015-06-08,3.5944797481830024
2015-06-09,3.6407733178286623
2015-06-10,3.6223341198602355
2015-06-11,3.6284059576147722
2015-06-12,3.6314871120965653
2015-06-13,3.5945530670298194
2015-06-14,3.5875397480474
2015-06-15,3.639783160420881
2015-06-16,3.6332782945228708
2015-06-17,3.6335305654816605
2015-06-18,3.6092367048308347
2015-06-19,3.607367300686792
2015-06-20,3.5834265386938813
2015-06-21,3.5577313508548256
2015-06-22,3.6104937340506478
2015-06-23,3.633635718263207
2015-06-24,3.6456563882651403
2015-06-25,3.64296274469248
2015-06-26,3.650590549360432
2015-06-27,3.633191003322812
2015-06-28,3.591608458636873
2015-06-29,3.62348307900932
2015-06-30,3.630983500677101
2015-07-01,3.6229928189037146
2015-07-02,3.635627623827447
2015-07-03,3.6327567393844045
2015-07-04,3.58337228182286
2015-07-05,3.550737654474326
2015-07-06,3.5945882164762195
2015-07-07,3.6002529019257232
2015-07-08,3.6003117695007862
2015-07-09,3.6024975022165737
2015-07-10,3.613146457619565
2015-07-11,3.595100690052052
2015-07-12,3.5523016839077104
2015-07-13,3.611438975379353
2015-07-14,3.6362379826924696
2015-07-15,3.6174235192598996
2015-07-16,3.6112223896993103
2015-07-17,3.622194403015902
2015-07-18,3.617152338663357
2015-07-19,3.589667950843378
2015-07-20,3.5912468028824436
2015-07-21,3.6226124054404663
2015-07-22,3.616238360263281
2015-07-23,3.6063560902745286
2015-07-24,3.600295964801528
2015-07-25,3.582979494060989
2015-07-26,3.553782246874868
2015-07-27,3.601466759991935
2015-07-28,3.626212234847402
2015-07-29,3.6282595514652454
2015-07-30,3.6327403271816388
2015-07-31,3.6275551447348087
2015-08-01,3.61699284271068
2015-08-02,3.576678787966301
2015-08-03,3.609147509599579
2015-08-04,3.624604848539055
2015-08-05,3.615875427938003
2015-08-06,3.623558617665509
2015-08-07,3.625117036238963
2015-08-08,3.6218056345094287
2015-08-09,3.5922422743523583
2015-08-10,3.61669345923928
2015-08-11,3.647495943757126
2015-08-12,3.599616064256203
2015-08-13,3.610155350828312
2015-08-14,3.623165541258004
2015-08-15,3.6163265313757926
2015-08-16,3.586401362785237
2015-08-17,3.612554848766133
2015-08-18,3.6147868254503033
2015-08-19,3.611344550849327
2015-08-20,3.6232528720910295
2015-08-21,3.6322621983337315
2015-08-22,3.6105414073609374
2015-08-23,3.543750001554831
2015-08-24,3.573783023739287
2015-08-25,3.604855931315056
2015-08-26,3.5938971480298627
2015-08-27,3.601517476256242
2015-08-28,3.6015087115417606
2015-08-29,3.592778511266454
2015-08-30,3.5665113882461537
2015-08-31,3.6081301164500466
2015-09-01,3.6135381185424937
2015-09-02,3.610693772261647
2015-09-03,3.6265220417335264
2015-09-04,3.6223544211232
2015-09-05,3.5946208188382225
2015-09-06,3.571011100724037
2015-09-07,3.6135816605484163
2015-09-08,3.6062230502044708
2015-09-09,3.589638804019163
2015-09-10,3.601458965485804
2015-09-11,3.5877636238340496
2015-09-12,3.571212369600171
2015-09-13,3.5591625454172227
2015-09-14,3.6064511186589705
2015-09-15,3.5932482715688607
2015-09-16,3.566927381190507
2015-09-17,3.566605875762383
2015-09-18,3.547126910149304
2015-09-19,3.539424858743271
2015-09-20,3.4872171542654145
2015-09-21,3.5347533367679222
2015-09-22,3.5067874781868453
2015-09-23,3.4679972823906886
2015-09-24,3.4715667945242736
2015-09-25,3.484109997486373
2015-09-26,3.4516192216873347
2015-09-27,3.3376499761869387
2015-09-28,3.4598384071489194
2015-09-29,3.52532938510338
2015-09-30,3.5599527145631633
2015-10-01,3.580741724474672
2015-10-02,3.567730483302415
2015-10-03,3.5541088247461423
2015-10-04,3.5473608352419
2015-10-05,3.5973205209856602
2015-10-06,3.6071281559494173
2015-10-07,3.591710745105338
2015-10-08,3.6067672838443126
2015-10-09,3.60196809827345
2015-10-10,3.583336047491658
2015-10-11,3.5907296463286693
2015-10-12,3.5949981775624944
2015-10-13,3.5857632874319822
2015-10-14,3.586732905421257
2015-10-15,3.581860387412956
2015-10-16,3.5818598627962066
2015-10-17,3.577366256222489
2015-10-18,3.530658595338673
2015-10-19,3.572234296569234
2015-10-20,3.599485852797387
2015-10-21,3.5587722166495652
2015-10-22,3.618724430149461
2015-10-23,3.6001152566015038
2015-10-24,3.5833837657869507
2015-10-25,3.544167098614597
2015-10-26,3.5745523262740933
2015-10-27,3.5951783831035167
2015-10-28,3.5946281148410972
2015-10-29,3.584464108007122
2015-10-30,3.6317328911623727
2015-10-31,3.616130764181426
2015-11-01,3.5901379958079787
2015-11-02,3.5903592001560796
2015-11-03,3.6121132710564785
2015-11-04,3.6298382739412567
2015-11-05,3.6130613200579904
2015-11-06,3.6089472063761745
2015-11-07,3.611925618960973
2015-11-08,3.5641559991947425
2015-11-09,3.5903248514082042
2015-11-10,3.5826842346034398
2015-11-11,3.5674880100493414
2015-11-12,3.575048267730664
2015-11-13,3.6044432553207324
2015-11-14,3.5973736462112424
2015-11-15,3.5476038298476715
2015-11-16,3.6305625445330003
2015-11-17,3.6452371898141878
2015-11-18,3.633078837644587
2015-11-19,3.643537867689334
2015-11-20,3.6467764197039867
2015-11-21,3.6293685298539
2015-11-22,3.594799694820119
2015-11-23,3.609873104417961
2015-11-24,3.628612080347393
2015-11-25,3.6400513307045546
2015-11-26,3.6363337170108387
2015-11-27,3.636104976479587
2015-11-28,3.6430789550602465
2015-11-29,3.5922471095244974
2015-11-30,3.5989159971018454
2015-12-01,3.6392250514290176
2015-12-02,3.649497708418087
2015-12-03,3.629437979373069
2015-12-04,3.6258295372141247
2015-12-05,3.620113769440092
2015-12-06,3.5827184827388114
2015-12-07,3.6488827790124705
2015-12-08,3.6430425076675097
2015-12-09,3.6464759365495376
2015-12-10,3.6313809235235235
2015-12-11,3.6254503778897536
2015-12-12,3.625913350822429
2015-12-13,3.584257266130847
2015-12-14,3.6222998608304424
2015-12-15,3.65043964677642
2015-12-16,3.64673648832676
2015-12-17,3.6589412703944886
2015-12-18,3.6439490038003934
2015-12-19,3.631895088213703
2015-12-20,3.5785114515895016
2015-12-21,3.6427030334384045
2015-12-22,3.6458103646032343
2015-12-23,3.6687584776260267
2015-12-24,3.65531196909079
2015-12-25,3.627347306622806
2015-12-26,3.6333377832554175
2015-12-27,3.6178628422902124
2015-12-28,3.654332685059098
2015-12-29,3.670979291271357
2015-12-30,3.6550400632684568
2015-12-31,3.6707939883825897
2016-01-01,3.65903572327212
2016-01-02,3.6556830326906096
2016-01-03,3.628631421342379
2016-01-04,3.6485963199770306
2016-01-05,3.654281854172791
2016-01-06,3.6592418508349787
2016-01-07,3.647073060886546
2016-01-08,3.631085767370322
2016-01-09,3.6182832170996067
2016-01-10,3.6102133930017613
2016-01-11,3.5940626358545043
2016-01-12,3.612493954022851
2016-01-13,3.5974379241863024
2016-01-14,3.580142164081492
2016-01-15,3.603070621534546
2016-01-16,3.6079509167156716
2016-01-17,3.6223996973705157
2016-01-18,3.6074367314829705
2016-01-19,3.6123707487276517
2016-01-20,3.6015929825907658
2016-01-21,3.6011786194246636
2016-01-22,3.603419777795498
2016-01-23,3.5991133940125546
2016-01-24,3.571295934863018
2016-01-25,3.604942952357665
2016-01-26,3.6101550129034337
2016-01-27,3.5866508880654773
2016-01-28,3.5887082474166867
2016-01-29,3.589483457257999
2016-01-30,3.5754972247143026
2016-01-31,3.5505070158931424
2016-02-01,3.584580467866641
2016-02-02,3.607177480797869
2016-02-03,3.5913873808977073
2016-02-04,3.59424272489473
2016-02-05,3.6018887410535267
2016-02-06,3.595212026653468
2016-02-07,3.551585997083979
2016-02-08,3.564808963707535
2016-02-09,3.5864989586874763
2016-02-10,3.599359987849882
2016-02-11,3.591632211032856
2016-02-12,3.581605363607691
2016-02-13,3.568466487272162
2016-02-14,3.544784016599706
2016-02-15,3.5907460932339736
2016-02-16,3.58788578914775
2016-02-17,3.5994960443757127
2016-02-18,3.6034729179886953
2016-02-19,3.5849776810602116
2016-02-20,3.589440514635661
2016-02-21,3.581499226955829
2016-02-22,3.5885848794981148
2016-02-23,3.6181683404113367
2016-02-24,3.621984023160993
2016-02-25,3.6248489807345052
2016-02-26,3.6118250242631547
2016-02-27,3.59060836364843
2016-02-28,3.56509924850488
2016-02-29,3.6065552988257585
2016-03-01,3.612373110705824
2016-03-02,3.5955900639455787
2016-03-03,3.611682495380318
2016-03-04,3.625945064453885
2016-03-05,3.6006463622694618
2016-03-06,3.566005933056631
2016-03-07,3.600091446761875
2016-03-08,3.61657768969217
2016-03-09,3.6189884119768796
2016-03-10,3.6158705874431134
2016-03-11,3.6222545466049145
2016-03-12,3.6404014167653096
2016-03-13,3.6266404661093468
2016-03-14,3.639875833972769
2016-03-15,3.6449687177644714
2016-03-16,3.6425884826373274
2016-03-17,3.6334578325114193
2016-03-18,3.6162206023160213
2016-03-19,3.6091047325527326
2016-03-20,3.6075468553799377
2016-03-21,3.6071932124470765
2016-03-22,3.624821602656973
2016-03-23,3.6204685071285865
2016-03-24,3.625738754809906
2016-03-25,3.618531702468184
2016-03-26,3.609642846471747
2016-03-27,3.590574254377229
2016-03-28,3.633022098121697
2016-03-29,3.6295744028922656
2016-03-30,3.6218258691231764
2016-03-31,3.608140594423933
2016-04-01,3.6024675933364576
2016-04-02,3.6270192339580407
2016-04-03,3.5809181156539918
2016-04-04,3.5916910128402617
2016-04-05,3.6128720344130545
2016-04-06,3.6273829825303876
2016-04-07,3.602659054495094
2016-04-08,3.6285417769087043
2016-04-09,3.6307189281271754
2016-04-10,3.5798148406171384
2016-04-11,3.6076852301644697
2016-04-12,3.6098700207086454
2016-04-13,3.6181127494790637
2016-04-14,3.625728192864324
2016-04-15,3.619767040591709
2016-04-16,3.580431075438768
2016-04-17,3.5570597223159033
2016-04-18,3.605186475678952
2016-04-19,3.6176207915012335
2016-04-20,3.616623889737409
2016-04-21,3.6087893203609385
2016-04-22,3.601495816457687
2016-04-23,3.589872528071128
2016-04-24,3.5598459689826067
2016-04-25,3.59903689004959
2016-04-26,3.611218600819547
2016-04-27,3.61746880343113
2016-04-28,3.622493517340106
2016-04-29,3.6236693879820208
2016-04-30,3.5996615969292294
2016-05-01,3.572013921904967
2016-05-02,3.61806530797768
2016-05-03,3.6221311044310593
2016-05-04,3.6152262146686764
2016-05-05,3.6109059592830404
2016-05-06,3.621979047853752
2016-05-07,3.6299743231786032
2016-05-08,3.5921709780277347
2016-05-09,3.6170062042425917
2016-05-10,3.630285741123847
2016-05-11,3.6165706625357164
2016-05-12,3.612235477286322
2016-05-13,3.6174127503538114
2016-05-14,3.6009878518354212
2016-05-15,3.5642706620588447
2016-05-16,3.6135058958466897
2016-05-17,3.623868821423504
2016-05-18,3.6261244402421413
2016-05-19,3.6188375631518417
2016-05-20,3.6304921048444374
2016-05-21,3.6243243538642753
2016-05-22,3.5667290896728234
2016-05-23,3.6319302500619544
2016-05-24,3.6419791062657425
2016-05-25,3.65626188183049
2016-05-26,3.6307165105431793
2016-05-27,3.6089061413869548
2016-05-28,3.604325098355575
2016-05-29,3.6011804899444626
2016-05-30,3.6066687179510555
2016-05-31,3.611691348979072
2016-06-01,3.629517325548803
2016-06-02,3.623214237939293
2016-06-03,3.6281236020827734
2016-06-04,3.581974244426868
2016-06-05,3.577653952144263
2016-06-06,3.622543178698666
2016-06-07,3.617990709893415
2016-06-08,3.6151713678071897
2016-06-09,3.6184635105535747
2016-06-10,3.6228560801671126
2016-06-11,3.591709038051207
2016-06-12,3.596779377315342
2016-06-13,3.609551248763469
2016-06-14,3.6287174422051676
2016-06-15,3.645563843468517
2016-06-16,3.6293146704209147
2016-06-17,3.6431805327848825
2016-06-18,3.5986742170159047
2016-06-19,3.6025302102892716
2016-06-20,3.6422241639612194
2016-06-21,3.6572494904364756
2016-06-22,3.6411705804610297
2016-06-23,3.652760926046048
2016-06-24,3.626999086331961
2016-06-25,3.614990655229335
2016-06-26,3.593962643087803
2016-06-27,3.6137053020898278
2016-06-28,3.646265040200287
2016-06-29,3.6301790419515485
2016-06-30,3.61808422486579
2016-07-01,3.6386698432561637
2016-07-02,3.60589202634011
2016-07-03,3.5665098827175057
2016-07-04,3.597203651089975
2016-07-05,3.6113550684336357
2016-07-06,3.63127060177491
2016-07-07,3.631705289545541
2016-07-08,3.6520884074148086
2016-07-09,3.651151350682332
2016-07-10,3.6651675109288613
2016-07-11,3.6592624501551403
2016-07-12,3.643162469316138
2016-07-13,3.6231451346075034
2016-07-14,3.606191017915182
2016-07-15,3.592308072973094
2016-07-16,3.6110500559436836
2016-07-17,3.6090991505231713
2016-07-18,3.6368402050276933
2016-07-19,3.6141462125687847
2016-07-20,3.6180825032164226
2016-07-21,3.6393589764047714
2016-07-22,3.6376335418325056
2016-07-23,3.606010888198802
2016-07-24,3.5778693983258885
2016-07-25,3.614267703429785
2016-07-26,3.6045195074825283
2016-07-27,3.613268583712485
2016-07-28,3.6139388830136925
2016-07-29,3.6127886992039064
2016-07-30,3.6150913887606793
2016-07-31,3.584762573749699
2016-08-01,3.6146343785617745
2016-08-02,3.6218402855684113
2016-08-03,3.6254470624114425
2016-08-04,3.6210446602722066
2016-08-05,3.615599467309369
2016-08-06,3.5968069749155145
2016-08-07,3.581281343612435
2016-08-08,3.6494278376723996
2016-08-09,3.6537218544208443
2016-08-10,3.637545914662808
2016-08-11,3.630602017223893
2016-08-12,3.6329090992576223
2016-08-13,3.6248936197749586
2016-08-14,3.623185646884182
2016-08-15,3.6552290648950647
2016-08-16,3.648817784883586
2016-08-17,3.6346133505794556
2016-08-18,3.610796679442997
2016-08-19,3.620819020122657
2016-08-20,3.6046265623655964
2016-08-21,3.584691703980236
2016-08-22,3.6264772457428984
2016-08-23,3.629723421942954
2016-08-24,3.610785576184251
2016-08-25,3.6137305226953416
2016-08-26,3.626843979309381
2016-08-27,3.6117285261667607
2016-08-28,3.5950081044632474
2016-08-29,3.624270083543444
2016-08-30,3.622065797196026
2016-08-31,3.600754849935149
2016-09-01,3.596374275008305
2016-09-02,3.6288512404574367
2016-09-03,3.6071944372471383
2016-09-04,3.588579208587872
2016-09-05,3.585620188738553
2016-09-06,3.6006844072606032
2016-09-07,3.602743310317627
2016-09-08,3.606786167595841
2016-09-09,3.6198921101284567
2016-09-10,3.623883622453927
2016-09-11,3.5747463381789344
2016-09-12,3.5992637216261554
2016-09-13,3.6267708399624468
2016-09-14,3.619420753839511
2016-09-15,3.6022153461547415
2016-09-16,3.6238215452563116
2016-09-17,3.6062566568514485
2016-09-18,3.592074417804982
2016-09-19,3.581913909901628
2016-09-20,3.5678308094347506
2016-09-21,3.6070423487062024
2016-09-22,3.6288199805116443
2016-09-23,3.633184175923261
2016-09-24,3.6498694217780563
2016-09-25,3.5725646097693784
2016-09-26,3.589021955725399
2016-09-27,3.5956665170696165
2016-09-28,3.615921275769948
2016-09-29,3.6244181000198314
2016-09-30,3.611762718358377
2016-10-01,3.6312810858251847
2016-10-02,3.599194053359603
2016-10-03,3.6223262926818482
2016-10-04,3.6357745141403064
2016-10-05,3.6220530867107774
2016-10-06,3.6338179800717585
2016-10-07,3.6286762943693467
2016-10-08,3.6337024936596674
2016-10-09,3.6400064244192825
2016-10-10,3.6384776220615023
2016-10-11,3.629928637554175
2016-10-12,3.6394104188790397
2016-10-13,3.621783235777906
2016-10-14,3.609390651288643
2016-10-15,3.6280586048849046
2016-10-16,3.6081329777380917
2016-10-17,3.6394729693622194
2016-10-18,3.6068700798190445
2016-10-19,3.6110993039289645
2016-10-20,3.611542564072568
2016-10-21,3.593821038077131
2016-10-22,3.6013785695312803
2016-10-23,3.603587092222237
2016-10-24,3.594098477610036
2016-10-25,3.5761567221450736
2016-10-26,3.6027413089563076
2016-10-27,3.6154440518404396
2016-10-28,3.623363720056654
2016-10-29,3.640838139674477
2016-10-30,3.627013745830539
2016-10-31,3.6283181797236232
2016-11-01,3.6265527654614957
2016-11-02,3.649354010867056
2016-11-03,3.635627133174393
2016-11-04,3.6438456118791525
2016-11-05,3.630546313221262
2016-11-06,3.6165922264604293
2016-11-07,3.6153782076366605
2016-11-08,3.5859773481714976
2016-11-09,3.60136978835337
2016-11-10,3.6316603282356046
2016-11-11,3.617783304032392
2016-11-12,3.638364233408719
2016-11-13,3.6484281745587586
2016-11-14,3.6454543378383937
2016-11-15,3.6387662226704123
2016-11-16,3.640064421887704
2016-11-17,3.63651989857599
2016-11-18,3.5924129224878625
2016-11-19,3.6001757151807063
2016-11-20,3.543428417506077
2016-11-21,3.6096393760889587
2016-11-22,3.636963373935943
2016-11-23,3.6317457182736144
2016-11-24,3.609723860550549
2016-11-25,3.611278276796349
2016-11-26,3.610388644135885
2016-11-27,3.605692656298932
2016-11-28,3.6207156633219304
2016-11-29,3.6418065274854925
2016-11-30,3.6235850770858984
2016-12-01,3.624501244914424
2016-12-02,3.6357585965264043
2016-12-03,3.6129124514701023
2016-12-04,3.581459432776682
2016-12-05,3.610871678797132
2016-12-06,3.6240185361882293
2016-12-07,3.603720685579412
2016-12-08,3.5998667223073553
2016-12-09,3.601438375096505
2016-12-10,3.6342272418896937
2016-12-11,3.5950663701600263
2016-12-12,3.6039376112020207
2016-12-13,3.619788898444826
2016-12-14,3.6142860937169594
2016-12-15,3.608456488042159
2016-12-16,3.623909374370688
2016-12-17,3.633875747092467
2016-12-18,3.5790601376391136
2016-12-19,3.6162383996467113
2016-12-20,3.6636987548740834
2016-12-21,3.644401277247103
2016-12-22,3.6497961497466647
2016-12-23,3.648393577383435
2016-12-24,3.6440578716230188
2016-12-25,3.560819525017987
2016-12-26,3.6070950676075464
2016-12-27,3.5764503488124895
2016-12-28,3.6008671040892204
2016-12-29,3.6329696308296535
2016-12-30,3.673767312212731
2016-12-31,3.64159204341568
2017-01-01,3.6268711522520696
2017-01-02,3.631527139222611
2017-01-03,3.615496275143454
2017-01-04,3.6331429595968703
2017-01-05,3.6230678270191703
2017-01-06,3.6223240044477496
2017-01-07,3.585273772166203
2017-01-08,3.5675298658914434
2017-01-09,3.5882980325946
2017-01-10,3.6249241295992727
2017-01-11,3.6043374552552563
2017-01-12,3.6209135785392683
2017-01-13,3.610658813031773
2017-01-14,3.645378593090993
2017-01-15,3.6236386162230922
2017-01-16,3.582092836303533
2017-01-17,3.6014304758642006
2017-01-18,3.636295943039534
2017-01-19,3.6189996859261906
2017-01-20,3.6119873671805784
2017-01-21,3.5824482928468018
2017-01-22,3.545491052509515
2017-01-23,3.6116619272405814
2017-01-24,3.6365668288632484
2017-01-25,3.649255665225988
2017-01-26,3.674678154364643
2017-01-27,3.6498026744681833
2017-01-28,3.6503945929542305
2017-01-29,3.6628829390835147
2017-01-30,3.683232449924509
2017-01-31,3.6811527024365676
2017-02-01,3.6589200377148656
2017-02-02,3.6661803618734097
2017-02-03,3.6771265238055766
2017-02-04,3.6913586242374703
2017-02-05,3.6795232402791855
2017-02-06,3.652651689405417
2017-02-07,3.66387453521066
2017-02-08,3.651093781801874
2017-02-09,3.6304461639095766
2017-02-10,3.628110714495229
2017-02-11,3.6153550032159085
2017-02-12,3.627640715679962
2017-02-13,3.642427406392532
2017-02-14,3.626651480753703
2017-02-15,3.6035503150570456
2017-02-16,3.616514475015377
2017-02-17,3.630589028820361
2017-02-18,3.610976032499167
2017-02-19,3.5918963412076153
2017-02-20,3.58175923133089
2017-02-21,3.6243234339953756
2017-02-22,3.615228708513044
2017-02-23,3.6018736732379293
2017-02-24,3.6076179640533694
2017-02-25,3.6060511091086123
2017-02-26,3.576499327046694
2017-02-27,3.6120221915953805
2017-02-28,3.6208788918012207
2017-03-01,3.5944440487523903
2017-03-02,3.5739566505356035
2017-03-03,3.5851000726427946
2017-03-04,3.609716886903647
2017-03-05,3.6188882524023227
2017-03-06,3.6354906733493273
2017-03-07,3.6686174333750254
2017-03-08,3.6550640671658026
2017-03-09,3.652590383630273
2017-03-10,3.6155201604121867
2017-03-11,3.6146171284337307
2017-03-12,3.582007848393262
2017-03-13,3.6004796084144215
2017-03-14,3.6191957069373926
2017-03-15,3.5954705602721555
2017-03-16,3.6324858066717227
2017-03-17,3.6190202187498826
2017-03-18,3.6151740659811873
2017-03-19,3.545376416654066
2017-03-20,3.5955139588181995
2017-03-21,3.6094250055380694
2017-03-22,3.6056010312705866
2017-03-23,3.6120160305179385
2017-03-24,3.62049347392286
2017-03-25,3.607653920769303
2017-03-26,3.5960128446404127
2017-03-27,3.5906863695301623
2017-03-28,3.6257549222235705
2017-03-29,3.6156937017846915
2017-03-30,3.6131094264046104
2017-03-31,3.6129864789775903
2017-04-01,3.604827956908146
2017-04-02,3.586776354902348
2017-04-03,3.6205063545177776
2017-04-04,3.6123206214665426
2017-04-05,3.6069305696652645
2017-04-06,3.5969401618187384
2017-04-07,3.6331288148725
2017-04-08,3.6414873709240183
2017-04-09,3.6181701295302604
2017-04-10,3.6337705941692775
2017-04-11,3.641581548944704
2017-04-12,3.617803066140653
2017-04-13,3.6239060512169674
2017-04-14,3.6373803515182264
2017-04-15,3.6756844105828237
2017-04-16,3.6022325030738425
2017-04-17,3.619594410718254
2017-04-18,3.621232161415895
2017-04-19,3.6180531504745623
2017-04-20,3.6098816894814534
2017-04-21,3.586138593675961
2017-04-22,3.5991408133276286
2017-04-23,3.5672244895001364
2017-04-24,3.5853133936505315
2017-04-25,3.61737459874884
2017-04-26,3.6177737715573026
2017-04-27,3.6112160648152885
2017-04-28,3.618499942403345
2017-04-29,3.64295709122999
2017-04-30,3.5890836159725943
2017-05-01,3.638162032655926
2017-05-02,3.652155256184297
2017-05-03,3.6167741658140593
2017-05-04,3.60706604500049
2017-05-05,3.6136069785829856
2017-05-06,3.611306279900331
2017-05-07,3.569632056960278
2017-05-08,3.585218367435939
2017-05-09,3.6104284204934323
2017-05-10,3.5831248783196177
2017-05-11,3.5818981743928244
2017-05-12,3.601192792592138
2017-05-13,3.561896544779408
2017-05-14,3.558137533940831
2017-05-15,3.5908708760782306
2017-05-16,3.590183385444217
2017-05-17,3.596490273241223
2017-05-18,3.609075287044225
2017-05-19,3.567134528727132
2017-05-20,3.542331696398618
2017-05-21,3.493941174461035
2017-05-22,3.5373429549329587
2017-05-23,3.582885631385186
2017-05-24,3.5789331742515915
2017-05-25,3.6021516732509236
2017-05-26,3.5838877465852907
2017-05-27,3.5617790441068564
2017-05-28,3.5391604190216026
2017-05-29,3.557951435751299
2017-05-30,3.603961606667127
2017-05-31,3.612979637633715
2017-06-01,3.6109982004667196
2017-06-02,3.6221781028941415
2017-06-03,3.636575035778688
2017-06-04,3.6108566872423493
2017-06-05,3.638105787413359
2017-06-06,3.635499934110676
2017-06-07,3.611115786553267
2017-06-08,3.592138264645211
2017-06-09,3.5901824246952656
2017-06-10,3.6135791965585518
2017-06-11,3.608251454471979
2017-06-12,3.6320307624898254
2017-06-13,3.635572738646706
2017-06-14,3.6236841674040017
2017-06-15,3.6242092934793884
2017-06-16,3.6319889194974273
2017-06-17,3.64676958503942
2017-06-18,3.6286180419592373
2017-06-19,3.6210740515050954
2017-06-20,3.618093212902563
2017-06-21,3.614631941483589
2017-06-22,3.637876367796725
2017-06-23,3.6305426551105997
2017-06-24,3.633904696035598
2017-06-25,3.575749994302785
2017-06-26,3.6498263787591414
2017-06-27,3.654926538717776
2017-06-28,3.635985188668325
2017-06-29,3.6210428580215717
2017-06-30,3.637870726802236
2017-07-01,3.6465838318214767
2017-07-02,3.622005460511256
2017-07-03,3.597287892864712
2017-07-04,3.6232948522111226
2017-07-05,3.6170541007644412
2017-07-06,3.631217821342556
2017-07-07,3.627124322554426
2017-07-08,3.6156007765821063
2017-07-09,3.5696882045869143
2017-07-10,3.5971719630299495
2017-07-11,3.6015627104536674
2017-07-12,3.6059842995658338
2017-07-13,3.5877272397183244
2017-07-14,3.594603187719425
2017-07-15,3.573751524457832
2017-07-16,3.560059562464543
2017-07-17,3.592770044225086
2017-07-18,3.619197849606714
2017-07-19,3.613977600760582
2017-07-20,3.6089925325544927
2017-07-21,3.625654817093445
2017-07-22,3.6255322675463173
2017-07-23,3.608425785939171
2017-07-24,3.5980322384512293
2017-07-25,3.592932792223003
2017-07-26,3.6385686643207262
2017-07-27,3.663000622582588
2017-07-28,3.641374576125345
2017-07-29,3.645629908464405
2017-07-30,3.6433562423733434
2017-07-31,3.665572444545409
2017-08-01,3.644184107853513
2017-08-02,3.6456390966599574
2017-08-03,3.6507679383231717
2017-08-04,3.6302313224890517
2017-08-05,3.633297590807893
2017-08-06,3.5937157025300253
2017-08-07,3.6070224068845933
2017-08-08,3.617215728028295
2017-08-09,3.6208926396396492
2017-08-10,3.6370547738521166
2017-08-11,3.647440694270185
2017-08-12,3.6287425497535137
2017-08-13,3.6583004781249175
2017-08-14,3.648179185280678
2017-08-15,3.6559423461058427
2017-08-16,3.656952150058263
2017-08-17,3.652898098728022
2017-08-18,3.6599640683888155
2017-08-19,3.6482348788235877
2017-08-20,3.6424078781813907
2017-08-21,3.6360714011209985
2017-08-22,3.6469785152680867
2017-08-23,3.6534140586258546
2017-08-24,3.6269725147750487
2017-08-25,3.6430345872594794
2017-08-26,3.695174280465929
2017-08-27,3.667081679126278
2017-08-28,3.65308248685762
2017-08-29,3.621214135087953
2017-08-30,3.652105398781927
2017-08-31,3.6690475406884278
2017-09-01,3.6397886972867877
2017-09-02,3.6162329219141025
2017-09-03,3.5798120939968334
2017-09-04,3.628111290781577
2017-09-05,3.653233693822259
2017-09-06,3.638600225170095
2017-09-07,3.6372659337209305
2017-09-08,3.6354462225000006
2017-09-09,3.6236489619827923
2017-09-10,3.595240128349313
2017-09-11,3.6216832233859653
2017-09-12,3.6103321900306207
2017-09-13,3.61729161303357
2017-09-14,3.599585357302882
2017-09-15,3.610830676544338
2017-09-16,3.6074373460146574
2017-09-17,3.567115401236502
2017-09-18,3.565905211651463
2017-09-19,3.586587089457109
2017-09-20,3.570609020935623
2017-09-21,3.5700279404324546
2017-09-22,3.594951813925126
2017-09-23,3.61142099571042
2017-09-24,3.5666422711072827
2017-09-25,3.6108658355647423
2017-09-26,3.6173698715474294
2017-09-27,3.6024015679177825
2017-09-28,3.6044565758783245
2017-09-29,3.591367781656576
2017-09-30,3.586085915509764
2017-10-01,3.5401237408145034
2017-10-02,3.5705774969400346
2017-10-03,3.585057856464313
2017-10-04,3.569706077015238
2017-10-05,3.595311012287134
2017-10-06,3.604275185459551
2017-10-07,3.6244812520895255
2017-10-08,3.6245288916756686
2017-10-09,3.61201817663426
2017-10-10,3.618085557846493
2017-10-11,3.644337173203774
2017-10-12,3.661909626156333
2017-10-13,3.6216216531030727
2017-10-14,3.6250565585542778
2017-10-15,3.5834415885702207
2017-10-16,3.623341999631873
2017-10-17,3.63238654195036
2017-10-18,3.6444834163940647
2017-10-19,3.623602019004032
2017-10-20,3.6242074799657638
2017-10-21,3.6289020457535646
2017-10-22,3.5681534965778905
2017-10-23,3.617408815879164
2017-10-24,3.6418437993741706
2017-10-25,3.619407717378918
2017-10-26,3.6219462525358432
2017-10-27,3.614249912376105
2017-10-28,3.597531859542744
2017-10-29,3.5843672902571306
2017-10-30,3.6159720006260403
2017-10-31,3.625448249796734
2017-11-01,3.641508199072654
2017-11-02,3.6230691932236923
2017-11-03,3.6118430321455444
2017-11-04,3.605433767622478
2017-11-05,3.5950041155756844
2017-11-06,3.586507815754417
2017-11-07,3.617965572741219
2017-11-08,3.6205350413455566
2017-11-09,3.630429975192621
2017-11-10,3.5913322054321752
2017-11-11,3.5576963360654776
2017-11-12,3.575359492937567
2017-11-13,3.582632092320695
2017-11-14,3.609456861689263
2017-11-15,3.6154472675585145
2017-11-16,3.6193722344877286
2017-11-17,3.6346013592260653
2017-11-18,3.639364191112731
2017-11-19,3.6016204310199
2017-11-20,3.609714730137133
2017-11-21,3.639442126768677
2017-11-22,3.6441673654607825
2017-11-23,3.64847840397005
2017-11-24,3.614913941811953
2017-11-25,3.616503076915545
2017-11-26,3.600695294308746
2017-11-27,3.598468985603881
2017-11-28,3.609583724772493
2017-11-29,3.6106883689774643
2017-11-30,3.5999151531798126
2017-12-01,3.5970076069151444
2017-12-02,3.6015468667604504
2017-12-03,3.60418314873408
2017-12-04,3.6016138866776948
2017-12-05,3.652640116669506
2017-12-06,3.651932726815544
2017-12-07,3.665230236905433
2017-12-08,3.6636646570448597
2017-12-09,3.664365986175491
2017-12-10,3.677349615746773
2017-12-11,3.6656691884501376
2017-12-12,3.6632219437386118
2017-12-13,3.644466907716181
2017-12-14,3.6534708290575026
2017-12-15,3.6506001017897067
2017-12-16,3.642689879412554
2017-12-17,3.6363373690706124
2017-12-18,3.661714298128241
2017-12-19,3.674454960884284
2017-12-20,3.676470790722964
2017-12-21,3.670841928984508
2017-12-22,3.665061490902123
2017-12-23,3.6770063980903562
2017-12-24,3.6567406629588817
2017-12-25,3.602300503121424
2017-12-26,3.628514120011696
2017-12-27,3.6403485145999226
2017-12-28,3.652885858464171
2017-12-29,3.6869642956596165
2017-12-30,3.6905730822616487
2017-12-31,3.6680562590601586
2018-01-01,3.651450848091326
2018-01-02,3.6443922602520122
2018-01-03,3.666972098766682
2018-01-04,3.6755009582620866
2018-01-05,3.676449326102658
2018-01-06,3.6517468694959283
2018-01-07,3.593477586697202
2018-01-08,3.630010923581701
2018-01-09,3.653828832417323
2018-01-10,3.6418726599541715
2018-01-11,3.638950812759443
2018-01-12,3.628603896951477
2018-01-13,3.6238782009563035
2018-01-14,3.6429973212703297
2018-01-15,3.6060864790440927
2018-01-16,3.6106616505987756
2018-01-17,3.648331864703922
2018-01-18,3.619063265700786
2018-01-19,3.622581728418602
2018-01-20,3.633408364243832
2018-01-21,3.628355940576969
2018-01-22,3.626033060290563
2018-01-23,3.636126734802818
2018-01-24,3.6306079658730654
2018-01-25,3.6205502725528333
2018-01-26,3.6171525422251816
2018-01-27,3.6071676755964543
2018-01-28,3.581153058349518
2018-01-29,3.6243735735372895
2018-01-30,3.647675678300391
2018-01-31,3.6119667845760923
2018-02-01,3.6143703654305352
2018-02-02,3.6144599026722237
2018-02-03,3.630355939029384
2018-02-04,3.5780309485836965
2018-02-05,3.5987148038282912
2018-02-06,3.632665986542887
2018-02-07,3.6191757682060843
2018-02-08,3.6093398471776648
2018-02-09,3.6312154091189157
2018-02-10,3.6031462684228917
2018-02-11,3.5720253263315525
2018-02-12,3.603605634367876
2018-02-13,3.629906477324096
2018-02-14,3.631199398252981
2018-02-15,3.6307315417934682
2018-02-16,3.629098055203301
2018-02-17,3.6002065084519024
2018-02-18,3.594229147077139
2018-02-19,3.610810659979897
2018-02-20,3.6476173630361766
2018-02-21,3.6341875506114483
2018-02-22,3.650056603178551
2018-02-23,3.6630004096530944
2018-02-24,3.6463877027900358
2018-02-25,3.6111269022925447
2018-02-26,3.6502990661328463
2018-02-27,3.642335467841652
2018-02-28,3.628791749503219
2018-03-01,3.633022288182302
2018-03-02,3.639540772233611
2018-03-03,3.64396831758681
2018-03-04,3.5999004227797893
2018-03-05,3.609938224654366
2018-03-06,3.6346001459825903
2018-03-07,3.6344143469478296
2018-03-08,3.62241594821906
2018-03-09,3.607988730305283
2018-03-10,3.5654141767279284
2018-03-11,3.5654096663089723
2018-03-12,3.595373233929969
2018-03-13,3.6232205671258306
2018-03-14,3.655112649737752
2018-03-15,3.6370217397885254
2018-03-16,3.6436298169248755
2018-03-17,3.638611586189471
2018-03-18,3.607313306145947
2018-03-19,3.6419283141697667
2018-03-20,3.6621007558410956
2018-03-21,3.645364750651593
2018-03-22,3.6537666108340066
2018-03-23,3.661691150970766
2018-03-24,3.633821347946304
2018-03-25,3.605422096035014
2018-03-26,3.668838182832964
2018-03-27,3.649053666154507
2018-03-28,3.644788297710004
2018-03-29,3.6338320721387887
2018-03-30,3.6602530571342187
2018-03-31,3.6575687380969932
2018-04-01,3.6438787732147655
2018-04-02,3.6345247863324914
2018-04-03,3.62302950888574
2018-04-04,3.6403094938533958
2018-04-05,3.659865168906532
2018-04-06,3.6621048822313758
2018-04-07,3.6542318202328032
2018-04-08,3.6221858002208505
2018-04-09,3.641589773927629
2018-04-10,3.6551912880015074
2018-04-11,3.6731996501877866
2018-04-12,3.658951030183398
2018-04-13,3.634316562322095
2018-04-14,3.6486912301197716
2018-04-15,3.640665820079257
2018-04-16,3.6540860329783804
2018-04-17,3.651445598731749
2018-04-18,3.580566691582791
2018-04-19,3.615531620987719
2018-04-20,3.638115823545555
2018-04-21,3.586521652416031
2018-04-22,3.5634606427303797
2018-04-23,3.604404241339858
2018-04-24,3.610517472540551
2018-04-25,3.625119827966248
2018-04-26,3.628248638969785
2018-04-27,3.61971059949557
2018-04-28,3.586843989967041
2018-04-29,3.5503104325255044
2018-04-30,3.596296824114763
2018-05-01,3.6312375806539743
2018-05-02,3.622313649166422
2018-05-03,3.6411522190491983
2018-05-04,3.6064265211350945
2018-05-05,3.578349874018065
2018-05-06,3.555291092254094
2018-05-07,3.6185430180763483
2018-05-08,3.642670311819864
2018-05-09,3.6506541477306804
2018-05-10,3.612561824827287
2018-05-11,3.608905895767926
2018-05-12,3.609393456854345
2018-05-13,3.6034806805769133
2018-05-14,3.643449253248755
2018-05-15,3.6434338457169915
2018-05-16,3.6346928572589667
2018-05-17,3.599799523601524
2018-05-18,3.6092200313474185
2018-05-19,3.5869640977057675
2018-05-20,3.5361897714354003
2018-05-21,3.626517536033134
2018-05-22,3.6168013733393227
2018-05-23,3.6294562465806903
2018-05-24,3.6283458107700213
2018-05-25,3.6401056482137295
2018-05-26,3.5843022093646884
2018-05-27,3.537838778896062
2018-05-28,3.5603047631617186
2018-05-29,3.5682126893709074
2018-05-30,3.5940474561832283
2018-05-31,3.582350401234437
2018-06-01,3.6052606941456573
2018-06-02,3.624496277197282
2018-06-03,3.5894247013523684
2018-06-04,3.624610712376595
2018-06-05,3.6317721935841765
2018-06-06,3.6152608996812345
2018-06-07,3.617475788502462
2018-06-08,3.5864095196551147
2018-06-09,3.593643248722153
2018-06-10,3.552503773761883
2018-06-11,3.5869015356169474
2018-06-12,3.613896409652201
2018-06-13,3.612199387076909
2018-06-14,3.598861703096959
2018-06-15,3.6130906206279176
2018-06-16,3.5922568744050207
2018-06-17,3.556857255590819
2018-06-18,3.640098042401681
2018-06-19,3.6703700038525593
2018-06-20,3.6366750017010276
2018-06-21,3.6408400592810435
2018-06-22,3.614448131214592
2018-06-23,3.6057939072655687
2018-06-24,3.5859398625483236
2018-06-25,3.6257257481764382
2018-06-26,3.655660056832517
2018-06-27,3.669050221514324
2018-06-28,3.64043993538008
2018-06-29,3.6597670566256593
2018-06-30,3.680459710312229
2018-07-01,3.6556096677557828
2018-07-02,3.6519836833307266
2018-07-03,3.630851865593811
2018-07-04,3.6284122459863366
2018-07-05,3.628248151750609
2018-07-06,3.6475387664424916
2018-07-07,3.638886496980778
2018-07-08,3.610222826527663
2018-07-09,3.623180593812566
2018-07-10,3.640899672112338
2018-07-11,3.608511152298796
2018-07-12,3.6085020690036913
2018-07-13,3.6069947459273037
2018-07-14,3.625916931476389
2018-07-15,3.59619541445446
2018-07-16,3.61210269140552
2018-07-17,3.623830960979204
2018-07-18,3.614723312633372
2018-07-19,3.6381389478120267
2018-07-20,3.602644474239362
2018-07-21,3.5834664042095703
2018-07-22,3.59985289894809
2018-07-23,3.6183741113819274
2018-07-24,3.6339330581720266
2018-07-25,3.6360596165853143
2018-07-26,3.640832030258826
2018-07-27,3.6256701959559408
2018-07-28,3.5964339629819353
2018-07-29,3.617591706618561
2018-07-30,3.6216918077426716
2018-07-31,3.6452599082829784
2018-08-01,3.66331168723303
2018-08-02,3.644305790032656
2018-08-03,3.6696487990349884
2018-08-04,3.659510335263258
2018-08-05,3.659291222083079
2018-08-06,3.678275947355082
2018-08-07,3.6693197966509694
2018-08-08,3.6435439722140086
2018-08-09,3.6501418349471186
2018-08-10,3.623957372109685
2018-08-11,3.6421001654326917
2018-08-12,3.5914385184991975
2018-08-13,3.627138904076971
2018-08-14,3.6355870470707043
2018-08-15,3.6266447505895454
2018-08-16,3.61545907850156
2018-08-17,3.6252845534476
2018-08-18,3.6092283013338355
2018-08-19,3.580750549483139
2018-08-20,3.625457516276655
2018-08-21,3.6135506311024237
2018-08-22,3.618466422341809
2018-08-23,3.630081588747812
2018-08-24,3.626113735777074
2018-08-25,3.589856461341405
2018-08-26,3.549211760474566
2018-08-27,3.6053419776466864
2018-08-28,3.6153530289484586
2018-08-29,3.6190013315174507
2018-08-30,3.6314124448319274
2018-08-31,3.624276894672056
2018-09-01,3.610895529246511
2018-09-02,3.603898591421091
2018-09-03,3.632649156801897
2018-09-04,3.656088332990639
2018-09-05,3.619356294879461
2018-09-06,3.628486988199184
2018-09-07,3.6050141356923824
2018-09-08,3.5775430022469483
2018-09-09,3.5664424609139527
2018-09-10,3.6222309676158746
2018-09-11,3.644245489243911
2018-09-12,3.605074571087269
2018-09-13,3.599467874059069
2018-09-14,3.599727537501454
2018-09-15,3.6059367762237713
2018-09-16,3.60648684924307
2018-09-17,3.643457587057826
2018-09-18,3.62133929524305
2018-09-19,3.6204935892404446
2018-09-20,3.624564056458271
2018-09-21,3.6203832502165025
2018-09-22,3.6280228328133495
2018-09-23,3.6019773436381555
2018-09-24,3.6001278968026815
2018-09-25,3.61548227073264
2018-09-26,3.6153728656426956
2018-09-27,3.604992295805292
2018-09-28,3.632675919382438
2018-09-29,3.64208448132382
2018-09-30,3.6213166050717125
2018-10-01,3.6376315676339632
2018-10-02,3.619264282530837
2018-10-03,3.611377502542184
2018-10-04,3.6495618618212786
2018-10-05,3.6624003766069606
2018-10-06,3.653841922862663
2018-10-07,3.6216555767689638
2018-10-08,3.6015697873160555
2018-10-09,3.6149317733854436
2018-10-10,3.6082598256365626
2018-10-11,3.598401901503829
2018-10-12,3.616233463836772
2018-10-13,3.5959829035934314
2018-10-14,3.59417358497862
2018-10-15,3.602658576695605
2018-10-16,3.6063787480091882
2018-10-17,3.6029727401067526
2018-10-18,3.617957103020654
2018-10-19,3.621409722201304
2018-10-20,3.6148919856807313
2018-10-21,3.607138968664775
2018-10-22,3.603594130931921
2018-10-23,3.6119289785967394
2018-10-24,3.619059931594292
2018-10-25,3.620393484495879
2018-10-26,3.610715931779442
2018-10-27,3.6172716265262936
2018-10-28,3.582764310126299
2018-10-29,3.6068326170129574
2018-10-30,3.6363371186510243
2018-10-31,3.617400490526652
2018-11-01,3.6192171309695866
2018-11-02,3.6329803427444918
2018-11-03,3.6158532206018
2018-11-04,3.599649053202172
2018-11-05,3.60760303119965
2018-11-06,3.591815359417971
2018-11-07,3.5644686103650587
2018-11-08,3.6156417362932762
2018-11-09,3.639739306043899
2018-11-10,3.6287418091095356
2018-11-11,3.5627209346886617
2018-11-12,3.574622782823601
2018-11-13,3.599149471043266
2018-11-14,3.6082299388590533
2018-11-15,3.6312070492642974
2018-11-16,3.6252734340351287
2018-11-17,3.6171920681496825
2018-11-18,3.570490664697222
2018-11-19,3.6343026813288115
2018-11-20,3.6569280773925357
2018-11-21,3.6515896273977084
2018-11-22,3.6395396760761844
2018-11-23,3.584745343255851
2018-11-24,3.621529689232834
2018-11-25,3.62903840003038
2018-11-26,3.658199638682949
2018-11-27,3.6417313677409644
2018-11-28,3.6102647972524124
2018-11-29,3.6205182352741274
2018-11-30,3.6259122318617365
2018-12-01,3.5640081368450254
2018-12-02,3.5377500516610296
2018-12-03,3.5486975808608014
2018-12-04,3.5539905680886683
2018-12-05,3.5602276290975463
2018-12-06,3.5973737174198703
2018-12-07,3.603393957868135
2018-12-08,3.5984742751435017
2018-12-09,3.6293577213675396
2018-12-10,3.6514504424477385
2018-12-11,3.65670365247301
2018-12-12,3.6346772007784653
2018-12-13,3.637965835491987
2018-12-14,3.6673142643512033
2018-12-15,3.6398178182337366
2018-12-16,3.6065796285536997
2018-12-17,3.6432787399661617
2018-12-18,3.650311686918387
2018-12-19,3.6520364049105147
2018-12-20,3.6768128460922513
2018-12-21,3.692035764493443
2018-12-22,3.698790682154966
2018-12-23,3.6646164493779496
2018-12-24,3.6798087965479533
2018-12-25,3.635635039976217
2018-12-26,3.6110172889374685
2018-12-27,3.626832967025658
2018-12-28,3.657679714226047
2018-12-29,3.688202742963266
2018-12-30,3.640382540563021
2018-12-31,3.667989356493087
2019-01-01,3.6497878185270753
2019-01-02,3.6353165913795307
2019-01-03,3.629650661656303
2019-01-04,3.6203678771259615
2019-01-05,3.6381018363342257
2019-01-06,3.6136712353660405
2019-01-07,3.635804801419775
2019-01-08,3.6417757151936225
2019-01-09,3.627817467459072
2019-01-10,3.6136956995391856
2019-01-11,3.648625088045696
2019-01-12,3.602801456871051
2019-01-13,3.5864065389728412
2019-01-14,3.617500155487854
2019-01-15,3.618830534723945
2019-01-16,3.6201768390847047
2019-01-17,3.617496052232853
2019-01-18,3.6091151933903713
2019-01-19,3.6115305057013347
2019-01-20,3.5914876725157634
2019-01-21,3.5860441621308348
2019-01-22,3.594375073645564
2019-01-23,3.631415482723558
2019-01-24,3.661206980340449
2019-01-25,3.6456392401284186
2019-01-26,3.6318777067473675
2019-01-27,3.6247143613231856
2019-01-28,3.628372869153041
2019-01-29,3.6528855811061773
2019-01-30,3.6331866475996812
2019-01-31,3.6342783853106715
2019-02-01,3.631231688167114
2019-02-02,3.613105584922691
2019-02-03,3.600737467326932
2019-02-04,3.6134557633571402
2019-02-05,3.62302097911953
2019-02-06,3.6214776451532384
2019-02-07,3.6332013444402116
2019-02-08,3.623584955874449
2019-02-09,3.6265042813498027
2019-02-10,3.596339802214411
2019-02-11,3.6215999702914683
2019-02-12,3.6281923528526945
2019-02-13,3.6298272882972897
2019-02-14,3.6254089481947513
2019-02-15,3.6342244115670193
2019-02-16,3.6398017798443614
2019-02-17,3.59437910420118
2019-02-18,3.6155601364270655
2019-02-19,3.6244559471759157
2019-02-20,3.6217142771878237
2019-02-21,3.6144282249404496
2019-02-22,3.6185336205730465
2019-02-23,3.6313726101221397
2019-02-24,3.586118641223878
2019-02-25,3.5888929490569885
2019-02-26,3.618771894251271
2019-02-27,3.5977762705400598
2019-02-28,3.585330807646257
2019-03-01,3.598398511438818
2019-03-02,3.6031959637998017
2019-03-03,3.5970456144024334
2019-03-04,3.601057202964677
2019-03-05,3.609036894695625
2019-03-06,3.6109800305612008
2019-03-07,3.6126166363003382
2019-03-08,3.597342868477501
2019-03-09,3.582213144036655
2019-03-10,3.5489524633987624
2019-03-11,3.583592733959782
2019-03-12,3.6277976180898275
2019-03-13,3.6290201045287813
2019-03-14,3.6393555613751314
2019-03-15,3.643891747332406
2019-03-16,3.6515419625079355
2019-03-17,3.5842052379832037
2019-03-18,3.61754927749822
2019-03-19,3.6169128574116645
2019-03-20,3.5951492808911754
2019-03-21,3.612838833065101
2019-03-22,3.6207578926935207
2019-03-23,3.622500340353051
2019-03-24,3.599599870954902
2019-03-25,3.630662451360928
2019-03-26,3.6388060402629097
2019-03-27,3.6146227255437937
2019-03-28,3.6271541735339716
2019-03-29,3.608384640836584
2019-03-30,3.649972085858234
2019-03-31,3.6267461781786454
2019-04-01,3.632924898187078
2019-04-02,3.636705111161154
2019-04-03,3.5970084488076988
2019-04-04,3.61640579683643
2019-04-05,3.6021356826041173
2019-04-06,3.609748290733657
2019-04-07,3.589255811900128
2019-04-08,3.60658928616223
2019-04-09,3.6024494869900385
2019-04-10,3.5935808087829573
2019-04-11,3.621076581914938
2019-04-12,3.6241834002047604
2019-04-13,3.6128817750535593
2019-04-14,3.5936685464691513
2019-04-15,3.594355599343823
2019-04-16,3.595154646867731
2019-04-17,3.6203897396717184
2019-04-18,3.6053350783221094
2019-04-19,3.5884169295820882
2019-04-20,3.608313514729272
2019-04-21,3.5580061126322944
2019-04-22,3.6208514656994573
2019-04-23,3.6196514348892728
2019-04-24,3.607450446532936
2019-04-25,3.615131008664072
2019-04-26,3.5967848752256946
2019-04-27,3.5940955432748
2019-04-28,3.580298076561105
2019-04-29,3.5840507874894265
2019-04-30,3.627357146714893
2019-05-01,3.6314687081506962
2019-05-02,3.6229408139652306
2019-05-03,3.604593542855599
2019-05-04,3.577546688982138
2019-05-05,3.5652099859517055
2019-05-06,3.5766673183371247
2019-05-07,3.6087993240831
2019-05-08,3.6307305945247217
2019-05-09,3.6062824310388164
2019-05-10,3.624063925494671
2019-05-11,3.6390278831012015
2019-05-12,3.588327048573394
2019-05-13,3.638538532142666
2019-05-14,3.622570666672043
2019-05-15,3.618885456715496
2019-05-16,3.663097452418526
2019-05-17,3.625567385838501
2019-05-18,3.627323842374548
2019-05-19,3.602403207747497
2019-05-20,3.632440943465704
2019-05-21,3.6601005634103116
2019-05-22,3.641008443920932
2019-05-23,3.6531840014464296
2019-05-24,3.639163577095214
2019-05-25,3.6399884338098993
2019-05-26,3.6012997546593293
2019-05-27,3.585641557575501
2019-05-28,3.6028757733553682
2019-05-29,3.6325623947231938
2019-05-30,3.614898403891479
2019-05-31,3.6439100522857366
2019-06-01,3.6609918674864175
2019-06-02,3.609037274349365
2019-06-03,3.6023552953888562
2019-06-04,3.6249805492867977
2019-06-05,3.615693382261637
2019-06-06,3.614320359228609
2019-06-07,3.6178206379315783
2019-06-08,3.612604824964036
2019-06-09,3.570619580713241
2019-06-10,3.645797721249205
2019-06-11,3.6118912312493268
2019-06-12,3.6098224072800797
2019-06-13,3.6208953895874947
2019-06-14,3.6153871746202624
2019-06-15,3.6174980809953174
2019-06-16,3.586211201496212
2019-06-17,3.6229046649599908
2019-06-18,3.6250300549041152
2019-06-19,3.5872788510156086
2019-06-20,3.6262122348406387
2019-06-21,3.663052203509901
2019-06-22,3.6612364849573993
2019-06-23,3.6108775734379033
2019-06-24,3.6324173030106404
2019-06-25,3.6396684832452766
2019-06-26,3.634699348111717
2019-06-27,3.595941637573908
2019-06-28,3.596181290085573
2019-06-29,3.5981347098659935
2019-06-30,3.5472781394081085
2019-07-01,3.5883537880813208
2019-07-02,3.6023704798077563
2019-07-03,3.632585632473487
2019-07-04,3.644747897330763
2019-07-05,3.603210344499647
2019-07-06,3.5887093297324424
2019-07-07,3.563893204735001
2019-07-08,3.591086020916161
2019-07-09,3.603689119832776
2019-07-10,3.616810184899462
2019-07-11,3.616050607194926
2019-07-12,3.595558143944542
2019-07-13,3.6298783638796834
2019-07-14,3.614754881816526
2019-07-15,3.6166192323132407
2019-07-16,3.6086509311490222
2019-07-17,3.621688833080705
2019-07-18,3.6415373131466033
2019-07-19,3.6012997214503786
2019-07-20,3.5607727679900334
2019-07-21,3.5629484809680574
2019-07-22,3.6071964653108224
2019-07-23,3.6339555458499704
2019-07-24,3.6170510095896016
2019-07-25,3.6289554690000245
2019-07-26,3.615918324161476
2019-07-27,3.600475569518465
2019-07-28,3.590255400986073
2019-07-29,3.603328822420436
2019-07-30,3.611062463543589
2019-07-31,3.6109868500613858
2019-08-01,3.604876692339159
2019-08-02,3.6151874209308956
2019-08-03,3.609845775177361
2019-08-04,3.5759476434569395
2019-08-05,3.5942535634931625
2019-08-06,3.634656407249915
2019-08-07,3.625210484318467
2019-08-08,3.613977369401218
2019-08-09,3.6185963200310853
2019-08-10,3.624025373531158
2019-08-11,3.6281250050539535
2019-08-12,3.6436624267823783
2019-08-13,3.6306103954185382
2019-08-14,3.6349644451554166
2019-08-15,3.627284551225556
2019-08-16,3.62968576904165
2019-08-17,3.606449615134692
2019-08-18,3.5886835714603844
2019-08-19,3.6102779917905217
2019-08-20,3.5936568734983645
2019-08-21,3.6217540372623076
2019-08-22,3.6181653664429194
2019-08-23,3.611381786612942
2019-08-24,3.5571568963613194
2019-08-25,3.535191869464692
2019-08-26,3.5647402748449983
2019-08-27,3.6080190816671966
2019-08-28,3.5933056226746816
2019-08-29,3.594387394215587
2019-08-30,3.6263278259188794
2019-08-31,3.608686383217392
2019-09-01,3.6078529048530648
2019-09-02,3.6517752795131213
2019-09-03,3.619153338589627
2019-09-04,3.622382335202036
2019-09-05,3.617075002418547
2019-09-06,3.607794114015871
2019-09-07,3.6010633703776813
2019-09-08,3.588584625327322
2019-09-09,3.5982084370318588
2019-09-10,3.6152111218580845
2019-09-11,3.57212373469352
2019-09-12,3.6027392534396365
2019-09-13,3.604432972853793
2019-09-14,3.5898328659403274
2019-09-15,3.5980647937530055
2019-09-16,3.6195065561004487
2019-09-17,3.6058398944047605
2019-09-18,3.6034651753678806
2019-09-19,3.584988344788977
2019-09-20,3.595952598968486
2019-09-21,3.563529666849641
2019-09-22,3.5140476838163366
2019-09-23,3.4967363343066387
2019-09-24,3.553244648391089
2019-09-25,3.5903643511292533
2019-09-26,3.5808120471154767
2019-09-27,3.5920926345355184
2019-09-28,3.5794488638248367
2019-09-29,3.561846543271307
2019-09-30,3.593012157957702
2019-10-01,3.6045414608853976
2019-10-02,3.5890497567298145
2019-10-03,3.5887749436259617
2019-10-04,3.585530481153302
2019-10-05,3.576572970148269
2019-10-06,3.5758766560515554
2019-10-07,3.62840547188379
2019-10-08,3.6350371141950584
2019-10-09,3.643934042067529
2019-10-10,3.6541424333802515
2019-10-11,3.6485586983426463
2019-10-12,3.6629581259712123
2019-10-13,3.6266734957993063
2019-10-14,3.6376045131036836
2019-10-15,3.6350663375045573
2019-10-16,3.6310636495392514
2019-10-17,3.604482830788428
2019-10-18,3.598561372082662
2019-10-19,3.620312615772364
2019-10-20,3.562055312024997
2019-10-21,3.607748935887224
2019-10-22,3.598667553787431
2019-10-23,3.602235506880688
2019-10-24,3.623699783105461
2019-10-25,3.635074709641121
2019-10-26,3.6349422367927144
2019-10-27,3.629962691423033
2019-10-28,3.623521277033427
2019-10-29,3.6133833896042953
2019-10-30,3.6137884474137003
2019-10-31,3.6319158036244903
2019-11-01,3.6229072351980722
2019-11-02,3.58620916043053
2019-11-03,3.59166231497842
2019-11-04,3.6117603221010888
2019-11-05,3.6198403372576657
2019-11-06,3.6112829870349943
2019-11-07,3.5932031547583656
2019-11-08,3.60274582158441
2019-11-09,3.5624093740173293
2019-11-10,3.557585385679718
2019-11-11,3.564205482806446
2019-11-12,3.5687296463872356
2019-11-13,3.6016335146288445
2019-11-14,3.6067382493271847
2019-11-15,3.615688580363186
2019-11-16,3.61694902634642
2019-11-17,3.584731515421622
2019-11-18,3.6278731050120467
2019-11-19,3.626513595733988
2019-11-20,3.616592515924778
2019-11-21,3.607579074979737
2019-11-22,3.599553401176265
2019-11-23,3.6190756188243203
2019-11-24,3.5927242318412844
2019-11-25,3.613052666734584
2019-11-26,3.6427010717626818
2019-11-27,3.6275607488100854
2019-11-28,3.61135050193416
2019-11-29,3.561027118449002
2019-11-30,3.576690548376679
2019-12-01,3.5580202276508146
2019-12-02,3.593659839235636
2019-12-03,3.6124352576318906
2019-12-04,3.601732865505384
2019-12-05,3.6269105878213685
2019-12-06,3.6173612870108895
2019-12-07,3.609852025312843
2019-12-08,3.5660387884692817
2019-12-09,3.588856796263778
2019-12-10,3.616384674806059
2019-12-11,3.6311761847227326
2019-12-12,3.638090861094139
2019-12-13,3.6221754442951104
2019-12-14,3.6205614446056233
2019-12-15,3.58586713970674
2019-12-16,3.639745199848843
2019-12-17,3.663671690023854
2019-12-18,3.6633820914821356
2019-12-19,3.6509072285562976
2019-12-20,3.6356485478923517
2019-12-21,3.6287218671227026
2019-12-22,3.6134261167677124
2019-12-23,3.6481771911631866
2019-12-24,3.645840218287569
2019-12-25,3.6081499383386983
2019-12-26,3.6365492062625595
2019-12-27,3.6460244869959966
2019-12-28,3.6254562298221376
2019-12-29,3.606467261073575
2019-12-30,3.6404037117638857
2019-12-31,3.662478130513525
2020-01-01,3.56962457293627
2020-01-02,3.480360551473011
2020-01-03,3.350898016554016
2020-01-04,3.5090220772243237
2020-01-05,3.7173029214324913
2020-01-06,3.6859776745957356
2020-01-07,3.665913055584563
2020-01-08,3.674417639052408
2020-01-09,3.6589621420462657
2020-01-10,3.668410354107715
2020-01-11,3.6400042530417913
2020-01-12,3.6332486271339737
2020-01-13,3.632736139276621
2020-01-14,3.62782366384408
2020-01-15,3.618046921228891
2020-01-16,3.6303239606201356
2020-01-17,3.6335660675607193
2020-01-18,3.6198951721711627
2020-01-19,3.581214761866002
2020-01-20,3.56712587291286
2020-01-21,3.5659634934698454
2020-01-22,3.606163145200542
2020-01-23,3.6132566492412916
2020-01-24,3.5953152896484983
2020-01-25,3.580363723456359
2020-01-26,3.536970565704732
2020-01-27,3.596747773812991
2020-01-28,3.6016466562581635
2020-01-29,3.616830480335554
2020-01-30,3.6325995978690115
2020-01-31,3.6307916667738613
2020-02-01,3.5980868443561245
2020-02-02,3.5736283014699644
2020-02-03,3.569494519285218
2020-02-04,3.5837266359420816
2020-02-05,3.6302388584507517
2020-02-06,3.6258107348992556
2020-02-07,3.609456672306057
2020-02-08,3.577056226979717
2020-02-09,3.595983594796116
2020-02-10,3.601947017348106
2020-02-11,3.6203713398540804
2020-02-12,3.6106279128452012
2020-02-13,3.606590184433041
2020-02-14,3.6222417459299434
2020-02-15,3.61922391566011
2020-02-16,3.576376368864836
2020-02-17,3.5736855247344455
2020-02-18,3.607937899549233
2020-02-19,3.6013972831807153
2020-02-20,3.5989727562541916
2020-02-21,3.601377324478071
2020-02-22,3.603754205881849
2020-02-23,3.5640670513140815
2020-02-24,3.612726917665803
2020-02-25,3.6248060822326442
2020-02-26,3.6001663384083145
2020-02-27,3.6083663688296452
2020-02-28,3.5982590307858167
2020-02-29,3.5487457009214483
2020-03-01,3.535104061038224
2020-03-02,3.5630558187468333
2020-03-03,3.5332681455981123
2020-03-04,3.5272028131444504
2020-03-05,3.5570348081080034
2020-03-06,3.5302654022216573
2020-03-07,3.509179636316188
2020-03-08,3.456382836010782
2020-03-09,3.4802967535462725
2020-03-10,3.513869465000456
2020-03-11,3.564002810748523
2020-03-12,3.51255032432174
2020-03-13,3.4877645757324824
2020-03-14,3.488206244609069
2020-03-15,3.500503526902084
2020-03-16,3.5471718848674985
2020-03-17,3.5807559513035185
2020-03-18,3.5755742129202988
2020-03-19,3.580132484305732
2020-03-20,3.5788974220445153
2020-03-21,3.573505415481744
2020-03-22,3.5620110332350654
2020-03-23,3.6024265188095943
2020-03-24,3.612337190310945
2020-03-25,3.6139817862822534
2020-03-26,3.623562947471962
2020-03-27,3.6163211067828187
2020-03-28,3.551201615010286
2020-03-29,3.5565604466409146
2020-03-30,3.616326513541565
2020-03-31,3.618889432063889
2020-04-01,3.6200907373681055
2020-04-02,3.6206083685851413
2020-04-03,3.6196943955917784
2020-04-04,3.59505962435855
2020-04-05,3.598328667021506
2020-04-06,3.6204511745383448
2020-04-07,3.6282511548102283
2020-04-08,3.6162920946285113
2020-04-09,3.6227510350724446
2020-04-10,3.615369357758994
2020-04-11,3.611450325802336
2020-04-12,3.616916005652329
2020-04-13,3.6235181144840567
2020-04-14,3.636081708066554
2020-04-15,3.6429114380088863
2020-04-16,3.6369848491062475
2020-04-17,3.634742166928232
2020-04-18,3.644513063653007
2020-04-19,3.657533363534126
2020-04-20,3.6575776210128383
2020-04-21,3.662380551396488
2020-04-22,3.6416886476024373
2020-04-23,3.65040669615248
2020-04-24,3.6449556135474364
2020-04-25,3.6409526677262556
2020-04-26,3.6215805503330163
2020-04-27,3.633994334252819
2020-04-28,3.6335015294386217
2020-04-29,3.633405302777295
2020-04-30,3.6397358814711764
2020-05-01,3.6644011219807795
2020-05-02,3.6652546981431056
2020-05-03,3.6229871889882403
2020-05-04,3.6635458603674067
2020-05-05,3.644018355636007
2020-05-06,3.6422591274134075
2020-05-07,3.6719350991792568
2020-05-08,3.63591154872599
2020-05-09,3.627573284113392
2020-05-10,3.614054132101225
2020-05-11,3.6467643505516194
2020-05-12,3.647593023402452
2020-05-13,3.640101895895838
2020-05-14,3.6518194441963328
2020-05-15,3.651894328716252
2020-05-16,3.630932601609559
2020-05-17,3.631433067799651
2020-05-18,3.6499963430771287
2020-05-19,3.6498705677907495
2020-05-20,3.6393332422140725
2020-05-21,3.6326841129244576
2020-05-22,3.6545084140209143
2020-05-23,3.6453080509726825
2020-05-24,3.608378643887939
2020-05-25,3.657461532025398
2020-05-26,3.6465514513702475
2020-05-27,3.6638147648013257
2020-05-28,3.6922458197623165
2020-05-29,3.7462196116171502
2020-05-30,3.7778000766784285
2020-05-31,3.751786612235809
2020-06-01,3.7524237981969346
2020-06-02,3.7875142575435277
2020-06-03,3.768202357232822
2020-06-04,3.7741823327823827
2020-06-05,3.756565791303343
2020-06-06,3.742103423585275
2020-06-07,3.7249394836131744
2020-06-08,3.7481902305806907
2020-06-09,3.7258010927270435
2020-06-10,3.732676646142682
2020-06-11,3.717834316665906
2020-06-12,3.7258320150387396
2020-06-13,3.7384180987191864
2020-06-14,3.7324833891774096
2020-06-15,3.746226139305554
2020-06-16,3.729726140991216
2020-06-17,3.7194658344597546
2020-06-18,3.7090741560583136
2020-06-19,3.6851005906304164
2020-06-20,3.6957623024069655
2020-06-21,3.6646402993375577
2020-06-22,3.6791336604435694
2020-06-23,3.687639451973485
2020-06-24,3.6810853235378653
2020-06-25,3.67779900548396
2020-06-26,3.6775493848862966
2020-06-27,3.7064084523822767
2020-06-28,3.665678375009249
2020-06-29,3.704568597922444
2020-06-30,3.6867312647515127
2020-07-01,3.68566004765353
2020-07-02,3.6835910785685315
2020-07-03,3.6763718884392715
2020-07-04,3.6510142757900232
2020-07-05,3.6465577040167805
2020-07-06,3.6713465467487785
2020-07-07,3.663630316495359
2020-07-08,3.6452785657070437
2020-07-09,3.662955201086058
2020-07-10,3.658891333688582
2020-07-11,3.6402133549916686
2020-07-12,3.660100272386998
2020-07-13,3.66729991088925
2020-07-14,3.666566757654185
2020-07-15,3.6582026923101836
2020-07-16,3.677944879669328
2020-07-17,3.670666665192795
2020-07-18,3.6747664813065812
2020-07-19,3.6724840814753206
2020-07-20,3.69273414229102
2020-07-21,3.704013275252762
2020-07-22,3.7155494046203335
2020-07-23,3.698736214465338
2020-07-24,3.6886404736724074
2020-07-25,3.6970070180180956
2020-07-26,3.704267086126706
2020-07-27,3.6782230650443797
2020-07-28,3.6671690316118584
2020-07-29,3.673097811905751
2020-07-30,3.652061772587106
2020-07-31,3.6792729378985953
2020-08-01,3.653058893557773
2020-08-02,3.6443455353106047
2020-08-03,3.667093569027469
2020-08-04,3.6758963798933113
2020-08-05,3.6321891954168724
2020-08-06,3.6321038164900625
2020-08-07,3.666542783462055
2020-08-08,3.6646341172189985
2020-08-09,3.65271226560716
2020-08-10,3.6778081634667394
2020-08-11,3.6450247639848548
2020-08-12,3.635317328613958
2020-08-13,3.6271230414588405
2020-08-14,3.6231424806913006
2020-08-15,3.642582841582509
2020-08-16,3.629460261412041
2020-08-17,3.627482313920898
2020-08-18,3.620391636002219
2020-08-19,3.635198666157024
2020-08-20,3.6485370833186903
2020-08-21,3.6700387030015724
2020-08-22,3.6856509120303014
2020-08-23,3.6491818656694957
2020-08-24,3.6832799381527446
2020-08-25,3.69047493496135
2020-08-26,3.6859591327121612
2020-08-27,3.700774318447132
2020-08-28,3.6725136350150778
2020-08-29,3.677333998567605
2020-08-30,3.6530670972096844
2020-08-31,3.678737757235283
2020-09-01,3.6695900760248645
2020-09-02,3.6513374704058186
2020-09-03,3.6504228479960283
2020-09-04,3.6350558627614733
2020-09-05,3.633225076483094
2020-09-06,3.660013259870269
2020-09-07,3.6726711378036367
2020-09-08,3.6484889320233536
2020-09-09,3.6653932406631435
2020-09-10,3.6569554444938057
2020-09-11,3.6165182626863865
2020-09-12,3.6086929136135333
2020-09-13,3.633052215604829
2020-09-14,3.662708615421026
2020-09-15,3.6455840076859145
2020-09-16,3.6275139716929483
2020-09-17,3.6523000422110847
2020-09-18,3.629745559122505
2020-09-19,3.5968039280745447
2020-09-20,3.6329284933197648
2020-09-21,3.6475678847734767
2020-09-22,3.6303949617046554
2020-09-23,3.649343888070721
2020-09-24,3.6833569838638613
2020-09-25,3.6553287594602404
2020-09-26,3.6589010678718137
2020-09-27,3.630165045831085
2020-09-28,3.653119056825771
2020-09-29,3.6019379653103485
2020-09-30,3.5976965460336134
2020-10-01,3.6212357668339634
2020-10-02,3.5796100810885783
2020-10-03,3.523608015345203
2020-10-04,3.5464088536014344
2020-10-05,3.58871334580503
2020-10-06,3.595979503366068
2020-10-07,3.617172176130577
2020-10-08,3.5906314356945366
2020-10-09,3.6254052738082
2020-10-10,3.6065975553217546
2020-10-11,3.5906056034011895
2020-10-12,3.619781938571233
2020-10-13,3.596035800382033
2020-10-14,3.599520087159595
2020-10-15,3.600873611087061
2020-10-16,3.5911664746262675
2020-10-17,3.6037032747266164
2020-10-18,3.610514093311937
2020-10-19,3.606054068635767
2020-10-20,3.6373272135152273
2020-10-21,3.608178703142342
2020-10-22,3.6004020412644433
2020-10-23,3.581768564413725
2020-10-24,3.594582967266579
2020-10-25,3.574897198091213
2020-10-26,3.6057377633072782
2020-10-27,3.644499498106744
2020-10-28,3.6454000555446915
2020-10-29,3.6338054314925974
2020-10-30,3.618683912127949
2020-10-31,3.6247113752205316
2020-11-01,3.5966397084742985
2020-11-02,3.648234240464025
2020-11-03,3.60903432907995
2020-11-04,3.553461299016627
2020-11-05,3.6408844135412743
2020-11-06,3.655277345025669
2020-11-07,3.63055442474275
2020-11-08,3.5541452383725605
2020-11-09,3.594016405607748
2020-11-10,3.630159849832126
2020-11-11,3.600964611631656
2020-11-12,3.5935287130466342
2020-11-13,3.5986979748263663
2020-11-14,3.561695854471559
2020-11-15,3.5897028545810272
2020-11-16,3.629620025172015
2020-11-17,3.596045122288818
2020-11-18,3.622458051932937
2020-11-19,3.62354057121937
2020-11-20,3.611942300990799
2020-11-21,3.631288152926559
2020-11-22,3.637093622972227
2020-11-23,3.620242315607843
2020-11-24,3.6333050608484343
2020-11-25,3.620129807520366
2020-11-26,3.6203412720864625
2020-11-27,3.6264517534883574
2020-11-28,3.633455322934344
2020-11-29,3.628567583027295
2020-11-30,3.6160608725079757
2020-12-01,3.629476584554696
2020-12-02,3.63379256501163
2020-12-03,3.6475085313362747
2020-12-04,3.65585257299123
2020-12-05,3.6448941285945957
2020-12-06,3.633735798315534
2020-12-07,3.6210109477288057
2020-12-08,3.6649463203767243
2020-12-09,3.6600105329751433
2020-12-10,3.6469310037609914
2020-12-11,3.6488084926830457
2020-12-12,3.656050413844731
2020-12-13,3.641037323903251
2020-12-14,3.5873385340244637
2020-12-15,3.6062561062389578
2020-12-16,3.6385823702189892
2020-12-17,3.6369170853831507
2020-12-18,3.6401334874038933
2020-12-19,3.6494458863449544
2020-12-20,3.6136252944432083
2020-12-21,3.637829930763827
2020-12-22,3.6766236789486038
2020-12-23,3.6783024529264785
2020-12-24,3.6791237447513745
2020-12-25,3.6514040109948014
2020-12-26,3.650182044281242
2020-12-27,3.6490732980757308
2020-12-28,3.691389741729674
2020-12-29,3.6952057131632308
2020-12-30,3.688528058263749
2020-12-31,3.6712979905616265
2021-01-01,3.6794061014493815
2021-01-02,3.687190780957533
2021-01-03,3.6574377217736727
2021-01-04,3.6923877071030664
2021-01-05,3.68557798159085
2021-01-06,3.7244560458135623
2021-01-07,3.778441366855892
2021-01-08,3.767933487736923
2021-01-09,3.7414356203621404
2021-01-10,3.7386786394882865
2021-01-11,3.723273461326829
2021-01-12,3.7210844217366716
2021-01-13,3.7235098092978873
2021-01-14,3.721827983967853
2021-01-15,3.711137399646131
2021-01-16,3.718413350394541
2021-01-17,3.7209605877807745
2021-01-18,3.666744966880767
2021-01-19,3.664695970826073
2021-01-20,3.6116084343122026
2021-01-21,3.624785564572649
2021-01-22,3.6572848165746543
2021-01-23,3.6149794092851724
2021-01-24,3.6293592322544477
2021-01-25,3.64755247181881
2021-01-26,3.665255830451446
2021-01-27,3.63703329185043
2021-01-28,3.6435348580532185
2021-01-29,3.6511986279892295
2021-01-30,3.634781311122111
2021-01-31,3.6184461369477745
2021-02-01,3.6352157156516
2021-02-02,3.645936596018152
2021-02-03,3.657495093782659
2021-02-04,3.6434648128489835
2021-02-05,3.654954325800156
2021-02-06,3.636259293974997
2021-02-07,3.6226107259214952
2021-02-08,3.641473941881199
2021-02-09,3.645386022181671
2021-02-10,3.644491619827589
2021-02-11,3.6585071174898354
2021-02-12,3.658589455910368
2021-02-13,3.659667152593092
2021-02-14,3.6891511241051003
2021-02-15,3.673228001627776
2021-02-16,3.6497601847886605
2021-02-17,3.647799868637331
2021-02-18,3.618390610395852
2021-02-19,3.6102630437573673
2021-02-20,3.593520185986431
2021-02-21,3.6014567065400307
2021-02-22,3.648495108771019
2021-02-23,3.6588749224623536
2021-02-24,3.638680858018532
2021-02-25,3.648894684127939
2021-02-26,3.645422714431484
2021-02-27,3.6240243829547247
2021-02-28,3.638374092942416
2021-03-01,3.636495162347823
2021-03-02,3.6450058017073017
2021-03-03,3.6644648779933235
2021-03-04,3.6730016292796583
2021-03-05,3.6624569612039335
2021-03-06,3.648193451298968
2021-03-07,3.6376858360854345
2021-03-08,3.652167058651362
2021-03-09,3.656181969966197
2021-03-10,3.6277265122032354
2021-03-11,3.6354276578839144
2021-03-12,3.64400905625164
2021-03-13,3.6565974913118042
2021-03-14,3.625178272814943
2021-03-15,3.6296771463169994
2021-03-16,3.61409407331298
2021-03-17,3.638141383448221
2021-03-18,3.622923106625053
2021-03-19,3.6202041666023352
2021-03-20,3.5717202400139034
2021-03-21,3.6035962522833267
2021-03-22,3.634321298450059
2021-03-23,3.6500671921245442
2021-03-24,3.6279707935488394
2021-03-25,3.634454950023174
2021-03-26,3.6529476233177114
2021-03-27,3.61889238225545
2021-03-28,3.624709261085991
2021-03-29,3.6518966068805874
2021-03-30,3.6545033615193434
2021-03-31,3.657474487426949
2021-04-01,3.6356999007445623
2021-04-02,3.604659648710814
2021-04-03,3.6118319372666905
2021-04-04,3.592096998696554
2021-04-05,3.6549944072700233
2021-04-06,3.6353123831732685
2021-04-07,3.614648782379001
2021-04-08,3.6596072781941964
2021-04-09,3.6319323867884554
2021-04-10,3.6424957802779576
2021-04-11,3.605507258654042
2021-04-12,3.6484449990717285
2021-04-13,3.668650551011283
2021-04-14,3.6761635444173955
2021-04-15,3.6777055608709133
2021-04-16,3.6563017520709677
2021-04-17,3.6704719721610655
2021-04-18,3.673910290564549
2021-04-19,3.667825002431245
2021-04-20,3.681452050968079
2021-04-21,3.6549113251562635
2021-04-22,3.6404814727894945
2021-04-23,3.6293185559944012
2021-04-24,3.598234328590105
2021-04-25,3.622163159023329
2021-04-26,3.642453172325159
2021-04-27,3.680659340083361
2021-04-28,3.645133999864161
2021-04-29,3.636783343176796
2021-04-30,3.607545547641073
2021-05-01,3.635076876999696
2021-05-02,3.6200269068828077
2021-05-03,3.6280774214019114
2021-05-04,3.6353781325939587
2021-05-05,3.6189511953399727
2021-05-06,3.6073369036296867
2021-05-07,3.6213196702931034
2021-05-08,3.6155327507109702
2021-05-09,3.6064337061406113
2021-05-10,3.616391530866821
2021-05-11,3.6395410201273624
2021-05-12,3.6372920806771303
2021-05-13,3.622044601709375
2021-05-14,3.6388247135195027
2021-05-15,3.605890535222361
2021-05-16,3.6474859249520555
2021-05-17,3.62031758124845
2021-05-18,3.6471212813346816
2021-05-19,3.6411399688515735
2021-05-20,3.644270619524294
2021-05-21,3.6352574228708177
2021-05-22,3.633110140992138
2021-05-23,3.615956376730495
2021-05-24,3.649720790490002
2021-05-25,3.647592880008675
2021-05-26,3.628635219202538
2021-05-27,3.6360360724800525
2021-05-28,3.640085705266721
2021-05-29,3.6530082265581365
2021-05-30,3.6263701381559894
2021-05-31,3.615204377027472
2021-06-01,3.618007945386069
2021-06-02,3.636343581789523
2021-06-03,3.6140118492736253
2021-06-04,3.632816640766828
2021-06-05,3.6003932352361994
2021-06-06,3.5641704737627067
2021-06-07,3.588302212546171
2021-06-08,3.6098891200459464
2021-06-09,3.6033681875044286
2021-06-10,3.601332329343693
2021-06-11,3.597632752649196
2021-06-12,3.5663064142369185
2021-06-13,3.508947134787519
2021-06-14,3.6050135238495695
2021-06-15,3.6129290855793386
2021-06-16,3.612478095079953
2021-06-17,3.623655013350945
2021-06-18,3.598829779973448
2021-06-19,3.6185511798697214
2021-06-20,3.5662822727684285
2021-06-21,3.612071604313079
2021-06-22,3.6312631742542276
2021-06-23,3.615842894366115
2021-06-24,3.635446620147396
2021-06-25,3.615456979378872
2021-06-26,3.6447389955271
2021-06-27,3.597927468383186
2021-06-28,3.6266321458509565
2021-06-29,3.6464792984682433
2021-06-30,3.6559376846328395
2021-07-01,3.6580961655895807
2021-07-02,3.654759580895292
2021-07-03,3.6157981211543775
2021-07-04,3.59138207682417
2021-07-05,3.626259450473136
2021-07-06,3.6275322219218045
2021-07-07,3.645883648705221
2021-07-08,3.6532363397013934
2021-07-09,3.6507635586683285
2021-07-10,3.652486982481799
2021-07-11,3.613278447886789
2021-07-12,3.6479734849369954
2021-07-13,3.6340999179720685
2021-07-14,3.627846092070336
2021-07-15,3.6260865461154124
2021-07-16,3.6288164249648656
2021-07-17,3.5963165819434346
2021-07-18,3.605819841644933
2021-07-19,3.6137592600702164
2021-07-20,3.6253939378665474
2021-07-21,3.630915261240117
2021-07-22,3.644565680736771
2021-07-23,3.6272107885711478
2021-07-24,3.6114319012849596
2021-07-25,3.5772140660137044
2021-07-26,3.6173412953390582
2021-07-27,3.657110700644539
2021-07-28,3.614993367600027
2021-07-29,3.60349466106886
2021-07-30,3.6188167840712824
2021-07-31,3.6249306686480662
2021-08-01,3.6258990724632136
2021-08-02,3.600520057281222
2021-08-03,3.612654396443526
2021-08-04,3.6133046607799324
2021-08-05,3.6132461310618513
2021-08-06,3.6181588228315036
2021-08-07,3.607605625191969
2021-08-08,3.5808772103782314
2021-08-09,3.6037777429565723
2021-08-10,3.615973297724778
2021-08-11,3.614751644792861
2021-08-12,3.6302004417414317
2021-08-13,3.63205115249412
2021-08-14,3.626598586899726
2021-08-15,3.643810308951797
2021-08-16,3.661949168785412
2021-08-17,3.6389269480476125
2021-08-18,3.633647474372129
2021-08-19,3.659496742471203
2021-08-20,3.6487096138379016
2021-08-21,3.6221242518469423
2021-08-22,3.5858612168546524
2021-08-23,3.6267571692739673
2021-08-24,3.619786707726527
2021-08-25,3.615583121963071
2021-08-26,3.655387504616363
2021-08-27,3.6664553252510323
2021-08-28,3.6625828234095583
2021-08-29,3.6104426876411733
2021-08-30,3.6314976460800574
2021-08-31,3.634631909419173
2021-09-01,3.634737900382244
2021-09-02,3.6521628190936903
2021-09-03,3.6368002283429006
2021-09-04,3.631066436530106
2021-09-05,3.5926631921860785
2021-09-06,3.6121015279908724
2021-09-07,3.628317857066393
2021-09-08,3.6081352921177086
2021-09-09,3.6130651736030277
2021-09-10,3.6054683385471216
2021-09-11,3.57719650181078
2021-09-12,3.535243986626321
2021-09-13,3.6114215735813393
2021-09-14,3.6243427561889776
2021-09-15,3.608012697544168
2021-09-16,3.6187407520355905
2021-09-17,3.6211091434010134
2021-09-18,3.606748732294597
2021-09-19,3.54717489917737
2021-09-20,3.554909547495842
2021-09-21,3.563826248789196
2021-09-22,3.5768999037898124
2021-09-23,3.5897091446731864
2021-09-24,3.6153525305875105
2021-09-25,3.5854322547660047
2021-09-26,3.6021895397302
2021-09-27,3.594538659770634
2021-09-28,3.6210156703070076
2021-09-29,3.6218399249206272
2021-09-30,3.624136853610079
2021-10-01,3.61309356246845
2021-10-02,3.6184079726612937
2021-10-03,3.5960798458454333
2021-10-04,3.6277757198524716
2021-10-05,3.61840010724669
2021-10-06,3.615913672622533
2021-10-07,3.6184458036986986
2021-10-08,3.6192233205442337
2021-10-09,3.5967551259453847
2021-10-10,3.6032883990303874
2021-10-11,3.620582859667654
2021-10-12,3.6062565949942984
2021-10-13,3.6043761755076034
2021-10-14,3.621715973709078
2021-10-15,3.6250678888565173
2021-10-16,3.6255785136806886
2021-10-17,3.6226285644857383
2021-10-18,3.6407969868789936
2021-10-19,3.6293269988789723
2021-10-20,3.638816154645551
2021-10-21,3.640442264357523
2021-10-22,3.6218980258207725
2021-10-23,3.625059474035347
2021-10-24,3.5498214981953
2021-10-25,3.616373479538022
2021-10-26,3.6568667405564637
2021-10-27,3.632127206668697
2021-10-28,3.6437256733160703
2021-10-29,3.5982790234298316
2021-10-30,3.6241859752437358
2021-10-31,3.591452052853314
2021-11-01,3.6218713432740692
2021-11-02,3.620995812111757
2021-11-03,3.624172336046052
2021-11-04,3.646018831388634
2021-11-05,3.6274959649036216
2021-11-06,3.6315278081226303
2021-11-07,3.6074631011403713
2021-11-08,3.6062217006376613
2021-11-09,3.607246104606439
2021-11-10,3.6142352571194154
2021-11-11,3.5853703327383357
2021-11-12,3.598577632627019
2021-11-13,3.6334877038591467
2021-11-14,3.5961921971273703
2021-11-15,3.627748993477678
2021-11-16,3.627702460380348
2021-11-17,3.6139070795959753
2021-11-18,3.6323941562237465
2021-11-19,3.6417239289322003
2021-11-20,3.6265120835041134
2021-11-21,3.6150589085281055
2021-11-22,3.6412029750418062
2021-11-23,3.6540729515139585
2021-11-24,3.6226641024017026
2021-11-25,3.5885761183062646
2021-11-26,3.5810671521138944
2021-11-27,3.5736066031925757
2021-11-28,3.5996473404903746
2021-11-29,3.6274869598978143
2021-11-30,3.640356349201697
2021-12-01,3.601510262935685
2021-12-02,3.6076869663680338
2021-12-03,3.6175070745619466
2021-12-04,3.6025227686548824
2021-12-05,3.5692675254825312
2021-12-06,3.606599135897413
2021-12-07,3.6077377731932576
2021-12-08,3.646086502384353
2021-12-09,3.6408322940838884
2021-12-10,3.6526522287093917
2021-12-11,3.608185700989921
2021-12-12,3.628788915466048
2021-12-13,3.6258347147555323
2021-12-14,3.636103115729433
2021-12-15,3.632280771103092
2021-12-16,3.642022946646755
2021-12-17,3.663921947873867
2021-12-18,3.6132201282629692
2021-12-19,3.61420251223297
2021-12-20,3.621816325903427
2021-12-21,3.646860007262768
2021-12-22,3.6467038566283443
2021-12-23,3.6628702066044014
2021-12-24,3.654135183924556
2021-12-25,3.5681503053746466
2021-12-26,3.5878120975752785
2021-12-27,3.6322370889169893
2021-12-28,3.6387310359455496
2021-12-29,3.647694591395961
2021-12-30,3.6539746425170647
2021-12-31,3.6365682287735663
2022-01-01,3.6188183585479923
2022-01-02,3.630528503745746
2022-01-03,3.6199492788767076
2022-01-04,3.631574535100884
2022-01-05,3.6156533051073434
2022-01-06,3.648788001126612
2022-01-07,3.6390977896632752
2022-01-08,3.6103026629844566
2022-01-09,3.6226516678363385
2022-01-10,3.621745125102466
2022-01-11,3.619259248263948
2022-01-12,3.6181526783827063
2022-01-13,3.6475598852897617
2022-01-14,3.6554170166035735
2022-01-15,3.668984374136604
2022-01-16,3.61511329434781
2022-01-17,3.593152717749021
2022-01-18,3.5929806061710323
2022-01-19,3.6313621897146713
2022-01-20,3.628516578835797
2022-01-21,3.6233135176328966
2022-01-22,3.6384511746982926
2022-01-23,3.6238713449508566
2022-01-24,3.6589173390823406
2022-01-25,3.659467601247211
2022-01-26,3.6622782770680242
2022-01-27,3.6203004315412946
2022-01-28,3.6359052416975794
2022-01-29,3.675129267484038
2022-01-30,3.635495968141126
2022-01-31,3.654572434550971
2022-02-01,3.6741560608231185
2022-02-02,3.6626155984964095
2022-02-03,3.6522172933218675
2022-02-04,3.661037684246641
2022-02-05,3.655037085143605
2022-02-06,3.615737302259133
2022-02-07,3.6390625958517284
2022-02-08,3.6588245184690065
2022-02-09,3.6529487370584377
2022-02-10,3.6570902986747877
2022-02-11,3.6601008149913348
2022-02-12,3.664242076199204
2022-02-13,3.632853529155438
2022-02-14,3.640267128524599
2022-02-15,3.6652969367275943
2022-02-16,3.6524281936360636
2022-02-17,3.6571988746759425
2022-02-18,3.662684296999908
2022-02-19,3.6673185908504307
2022-02-20,3.603660929571366
2022-02-21,3.6208065475212705
2022-02-22,3.6525815703140276
2022-02-23,3.664841643151779
2022-02-24,3.670451298532692
2022-02-25,3.654518720720083
2022-02-26,3.657493125984516
2022-02-27,3.606699785656479
2022-02-28,3.621130855230338
2022-03-01,3.6432846929170597
2022-03-02,3.6286712755150385
2022-03-03,3.6538770028786103
2022-03-04,3.645739004357246
2022-03-05,3.6384426529259377
2022-03-06,3.590030145278881
2022-03-07,3.647604464997465
2022-03-08,3.677702137622488
2022-03-09,3.658673802881634
2022-03-10,3.647180316384495
2022-03-11,3.637340728985991
2022-03-12,3.629857743419472
2022-03-13,3.605155896962623
2022-03-14,3.6152128307014486
2022-03-15,3.6459533361926555
2022-03-16,3.628459611504196
2022-03-17,3.638226565969465
2022-03-18,3.633442459617483
2022-03-19,3.60144047646967
2022-03-20,3.585931202161973
2022-03-21,3.6265192789555845
2022-03-22,3.6415068446217167
2022-03-23,3.641322311644691
2022-03-24,3.639892538667114
2022-03-25,3.621757603413329
2022-03-26,3.5847797967535815
2022-03-27,3.5892221375817384
2022-03-28,3.602461799958993
2022-03-29,3.6261075260768196
2022-03-30,3.622670197581807
2022-03-31,3.6197372847143456
2022-04-01,3.62673728464603
2022-04-02,3.6305747973359384
2022-04-03,3.588408057445947
2022-04-04,3.62772339749527
2022-04-05,3.6033451279093534
2022-04-06,3.653388827989956
2022-04-07,3.638340908295259
2022-04-08,3.6305370359205287
2022-04-09,3.591967096042538
2022-04-10,3.604864975261306
2022-04-11,3.6109888271740016
2022-04-12,3.6440535969323253
2022-04-13,3.6699556440533767
2022-04-14,3.647654215386418
2022-04-15,3.6291342839604086
2022-04-16,3.6278018675364483
2022-04-17,3.5878447901976425
2022-04-18,3.611619248028751
2022-04-19,3.6336079733336097
2022-04-20,3.628448164632502
2022-04-21,3.6437535626177064
2022-04-22,3.6300884938003612
2022-04-23,3.6152181176357856
2022-04-24,3.563846877054198
2022-04-25,3.60420211043029
2022-04-26,3.6159485467074437
2022-04-27,3.6020416747316784
2022-04-28,3.624658843287781
2022-04-29,3.619553176601576
2022-04-30,3.5831114322310063
2022-05-01,3.5653557963788476
2022-05-02,3.597501807638235
2022-05-03,3.647581188224522
2022-05-04,3.658589356258637
2022-05-05,3.623035351510331
2022-05-06,3.6176339737690926
2022-05-07,3.6167192286955547
2022-05-08,3.5756874413524904
2022-05-09,3.6159455308836064
2022-05-10,3.642514266057742
2022-05-11,3.629747013260483
2022-05-12,3.621381335992312
2022-05-13,3.6007348462358797
2022-05-14,3.5779439236999173
2022-05-15,3.562096957244449
2022-05-16,3.617506015633334
2022-05-17,3.618112228037453
2022-05-18,3.5853995497021516
2022-05-19,3.5973469960247195
2022-05-20,3.580492443058957
2022-05-21,3.583405401908054
2022-05-22,3.546022955565018
2022-05-23,3.5627783476725576
2022-05-24,3.609655404883707
2022-05-25,3.5763749518214327
2022-05-26,3.629347614251258
2022-05-27,3.6005172863313972
2022-05-28,3.5978831883783933
2022-05-29,3.488403344755446
2022-05-30,3.4865681074570842
2022-05-31,3.550853691369282
2022-06-01,3.604966554085429
2022-06-02,3.631167340288709
2022-06-03,3.620554981927813
2022-06-04,3.61232609986951
2022-06-05,3.57305006099697
2022-06-06,3.626039893978716
2022-06-07,3.6158148733129147
2022-06-08,3.617445682809675
2022-06-09,3.646603236529014
2022-06-10,3.6141846762158982
2022-06-11,3.6213982172668784
2022-06-12,3.617426653577853
2022-06-13,3.6168814303266466
2022-06-14,3.6244161925014478
2022-06-15,3.6133197028692097
2022-06-16,3.6289268634734175
2022-06-17,3.612146837859642
2022-06-18,3.584592892933258
2022-06-19,3.555168209061929
2022-06-20,3.6067977438294894
2022-06-21,3.614909236835677
2022-06-22,3.6260888718580935
2022-06-23,3.639861233007992
2022-06-24,3.666064979682714
2022-06-25,3.654642636362637
2022-06-26,3.646457601485866
2022-06-27,3.6477302634460793
2022-06-28,3.638767894581355
2022-06-29,3.633455954244743
2022-06-30,3.6491825128117292
2022-07-01,3.650140467897024
2022-07-02,3.658023002423793
2022-07-03,3.6297197171897975
2022-07-04,3.6654535790418934
2022-07-05,3.65243751976357
2022-07-06,3.636315613827317
2022-07-07,3.644673537163629
2022-07-08,3.6540112327685486
2022-07-09,3.6417061063959175
2022-07-10,3.6022493743462025
2022-07-11,3.6320851636159865
2022-07-12,3.6367788442605944
2022-07-13,3.590858960592674
2022-07-14,3.6059752282099287
2022-07-15,3.613068601456629
2022-07-16,3.601272471447095
2022-07-17,3.5764419103211824
2022-07-18,3.6046435854936774
2022-07-19,3.6246186804314773
2022-07-20,3.619771949956063
2022-07-21,3.6149451934141634
2022-07-22,3.6107162868910843
2022-07-23,3.619094922670822
2022-07-24,3.5646073785285055
2022-07-25,3.6148602217844057
2022-07-26,3.6294587935632734
2022-07-27,3.613057979650522
2022-07-28,3.6128272762955933
2022-07-29,3.6268236219459684
2022-07-30,3.620973074573416
2022-07-31,3.6227410414225463
2022-08-01,3.633150485127829
2022-08-02,3.63089247931086
2022-08-03,3.625362491076157
2022-08-04,3.6260990530962673
2022-08-05,3.633316539498737
2022-08-06,3.616254720558929
2022-08-07,3.575708372307428
2022-08-08,3.6088171644241345
2022-08-09,3.6482434132422834
2022-08-10,3.6251398604730065
2022-08-11,3.635575652511929
2022-08-12,3.652228349984071
2022-08-13,3.6345335218769237
2022-08-14,3.603265690974418
2022-08-15,3.6064399035466765
2022-08-16,3.628867607020436
2022-08-17,3.633702415257301
2022-08-18,3.623494405450493
2022-08-19,3.616469400363894
2022-08-20,3.5840658002948387
2022-08-21,3.588544053921322
2022-08-22,3.589433720768352
2022-08-23,3.625772160942433
2022-08-24,3.629878842853051
2022-08-25,3.6281480082950965
2022-08-26,3.627863099093453
2022-08-27,3.602785347388612
2022-08-28,3.61469352811415
2022-08-29,3.601113335659101
2022-08-30,3.62927354063062
2022-08-31,3.599212717399233
2022-09-01,3.616275812576061
2022-09-02,3.6259681103019346
2022-09-03,3.6265845574022904
2022-09-04,3.603528135048936
2022-09-05,3.6126235087544187
2022-09-06,3.614644270714379
2022-09-07,3.607804972862999
2022-09-08,3.604342803008842
2022-09-09,3.58350656434445
2022-09-10,3.5542798062003618
2022-09-11,3.504318831105147
2022-09-12,3.559511029281977
2022-09-13,3.584703737253026
2022-09-14,3.6023181494347045
2022-09-15,3.592070533211798
2022-09-16,3.575557623238189
2022-09-17,3.5572737780711505
2022-09-18,3.5055458374719333
2022-09-19,3.5413175605911675
2022-09-20,3.5723943709426047
2022-09-21,3.570697251901069
2022-09-22,3.558559893915878
2022-09-23,3.55684278781995
2022-09-24,3.57017847159987
2022-09-25,3.541774881985456
2022-09-26,3.61484978554748
2022-09-27,3.635880051723137
2022-09-28,3.6081104988274326
2022-09-29,3.605444883014906
2022-09-30,3.586691745929108
2022-10-01,3.5909968388270306
2022-10-02,3.5841990098460794
2022-10-03,3.6358818786226954
2022-10-04,3.6295452239275483
2022-10-05,3.605698876291255
2022-10-06,3.62726638071858
2022-10-07,3.6125189129774276
2022-10-08,3.6141168032734603
2022-10-09,3.572152935546874
2022-10-10,3.622124456502795
2022-10-11,3.619788656411788
2022-10-12,3.605351342963563
2022-10-13,3.607001313660617
2022-10-14,3.5992834370760303
2022-10-15,3.5760694613831445
2022-10-16,3.584099679264606
2022-10-17,3.591164370622631
2022-10-18,3.6101414764060538
2022-10-19,3.603888598880737
2022-10-20,3.5983357716928075
2022-10-21,3.6104707986456237
2022-10-22,3.5840480088726956
2022-10-23,3.5686269212837214
2022-10-24,3.599808136121926
2022-10-25,3.6005276475997494
2022-10-26,3.5991942176268563
2022-10-27,3.6149958863786864
2022-10-28,3.6327028171183118
2022-10-29,3.6276288053946275
2022-10-30,3.5730377868442704
2022-10-31,3.5999827256053694
2022-11-01,3.62638188817066
2022-11-02,3.635272004877553
2022-11-03,3.6284180311287098
2022-11-04,3.6191842386952433
2022-11-05,3.611492948851216
2022-11-06,3.591999775687188
2022-11-07,3.596001131163805
2022-11-08,3.5939454396102923
2022-11-09,3.58596661394722
2022-11-10,3.5956300275901305
2022-11-11,3.572631721184802
2022-11-12,3.5342719264493625
2022-11-13,3.5472449885239112
2022-11-14,3.5670095693239636
2022-11-15,3.6061478236328877
2022-11-16,3.605431145788415
2022-11-17,3.6240735470696124
2022-11-18,3.635748551459935
2022-11-19,3.6320672100177487
2022-11-20,3.60470979317062
2022-11-21,3.6029914024905985
2022-11-22,3.6002922949034253
2022-11-23,3.6323096537402293
2022-11-24,3.596076997319138
2022-11-25,3.5970724987167415
2022-11-26,3.592413477865355
2022-11-27,3.5957653574595887
2022-11-28,3.6108253582135306
2022-11-29,3.6451191311465148
2022-11-30,3.621520097356725
2022-12-01,3.6077123466043277
2022-12-02,3.609421783776625
2022-12-03,3.578547917750948
2022-12-04,3.5822032710673595
2022-12-05,3.5954351059968994
2022-12-06,3.608228697422455
2022-12-07,3.616564608665966
2022-12-08,3.6425687130552453
2022-12-09,3.6430931468334635
2022-12-10,3.6413594113860848
2022-12-11,3.5846524108414934
2022-12-12,3.609278763843227
2022-12-13,3.6231355680489994
2022-12-14,3.6306411974296506
2022-12-15,3.6431276216401787
2022-12-16,3.644135245265798
2022-12-17,3.623280018100711
2022-12-18,3.563728225633168
2022-12-19,3.6286598354060535
2022-12-20,3.654446330827251
2022-12-21,3.6215963968047307
2022-12-22,3.6254231165443414
2022-12-23,3.646457116468553
2022-12-24,3.6436008279550314
2022-12-25,3.6105931732064707
2022-12-26,3.6472035488474384
2022-12-27,3.6469931914819904
2022-12-28,3.636115898790079
2022-12-29,3.6542168043160155
2022-12-30,3.662036403072459
2022-12-31,3.6053431432552965
2023-01-01,3.568793614527822
2023-01-02,3.608639227218463
2023-01-03,3.6272510071778905
2023-01-04,3.6205346073921545
2023-01-05,3.6326215467708924
2023-01-06,3.6308191372996204
2023-01-07,3.6340695392821307
2023-01-08,3.5475920870513895
2023-01-09,3.596996420162997
2023-01-10,3.591916232072803
2023-01-11,3.590267158456707
2023-01-12,3.6051513890414815
2023-01-13,3.595683604348934
2023-01-14,3.627860834248699
2023-01-15,3.5681948194883293
2023-01-16,3.5848964721575194
2023-01-17,3.581245238009832
2023-01-18,3.614315929912031
2023-01-19,3.607563253669637
2023-01-20,3.6009709084262145
2023-01-21,3.627506661073321
2023-01-22,3.627562849192992
2023-01-23,3.6279188704228016
2023-01-24,3.627221940277998
2023-01-25,3.6374188104547587
2023-01-26,3.6246911880179606
2023-01-27,3.623309803396601
2023-01-28,3.6647199586329626
2023-01-29,3.6099488850773893
2023-01-30,3.655721750944977
2023-01-31,3.623015610965741
2023-02-01,3.636998349137445
2023-02-02,3.619177778167869
2023-02-03,3.61927893511518
2023-02-04,3.610995172744373
2023-02-05,3.612286111435453
2023-02-06,3.6275075899085762
2023-02-07,3.633039950306369
2023-02-08,3.5845094564860824
2023-02-09,3.6002728638242067
2023-02-10,3.6346302223312903
2023-02-11,3.619152494649431
2023-02-12,3.607165636735943
2023-02-13,3.639738452415321
2023-02-14,3.638470939199034
2023-02-15,3.6253977189474256
2023-02-16,3.626080885347123
2023-02-17,3.610685839261853
2023-02-18,3.6008638278771548
2023-02-19,3.589303963867997
2023-02-20,3.5470337864655463
2023-02-21,3.5650641420324076
2023-02-22,3.581210384538969
2023-02-23,3.603097616358469
2023-02-24,3.631089394311333
2023-02-25,3.5641287536219854
2023-02-26,3.5421798930293718
2023-02-27,3.589431080472285
2023-02-28,3.6122418052053167
2023-03-01,3.6230946325599898
2023-03-02,3.6291731213383978
2023-03-03,3.6149702680766675
2023-03-04,3.6110156707571015
2023-03-05,3.5753209927380145
2023-03-06,3.5908857957251756
2023-03-07,3.6402766429619735
2023-03-08,3.6446614253988403
2023-03-09,3.627348710701387
2023-03-10,3.618406262909982
2023-03-11,3.596568627668289
2023-03-12,3.582084355927519
2023-03-13,3.605968091206538
2023-03-14,3.602893424660612
2023-03-15,3.619596561595789
2023-03-16,3.613120064303876
2023-03-17,3.6238697247213216
2023-03-18,3.6286994784117534
2023-03-19,3.6041264341712327
2023-03-20,3.6421787486645982
2023-03-21,3.644142202655421
2023-03-22,3.596168190774752
2023-03-23,3.6328216026834146
2023-03-24,3.627988353332837
2023-03-25,3.576416596075827
2023-03-26,3.5993360672405306
2023-03-27,3.627095218582073
2023-03-28,3.6272025361868168
2023-03-29,3.611974535133748
2023-03-30,3.6098592758460564
2023-03-31,3.6367639293322958
2023-04-01,3.5796279147558456
2023-04-02,3.5703616564039877
2023-04-03,3.5974101948785866
2023-04-04,3.6298805727154457
2023-04-05,3.606327025957501
2023-04-06,3.6043359653117184
2023-04-07,3.612733642463743
2023-04-08,3.590915446673492
2023-04-09,3.5791122286056796
2023-04-10,3.598749143832761
2023-04-11,3.615470815675131
2023-04-12,3.592081111915515
2023-04-13,3.5979520268680103
2023-04-14,3.595743669669929
2023-04-15,3.5747213876423785
2023-04-16,3.5819260998517786
2023-04-17,3.609333413247459
2023-04-18,3.6236705580331243
2023-04-19,3.6079913970824027
2023-04-20,3.5991784885752205
2023-04-21,3.594452020833396
2023-04-22,3.6117916248013455
2023-04-23,3.591850902916782
2023-04-24,3.5877751572337457
2023-04-25,3.602817223822844
2023-04-26,3.5971939993222297
2023-04-27,3.5855885369619864
2023-04-28,3.580718620917265
2023-04-29,3.549057614235471
2023-04-30,3.519348950513381
2023-05-01,3.5906785322663026
2023-05-02,3.637867725339003
2023-05-03,3.6209683651214375
2023-05-04,3.6363530479372184
2023-05-05,3.6003157981701555
2023-05-06,3.5505905898125576
2023-05-07,3.600075128601653
2023-05-08,3.616261854849401
2023-05-09,3.621076833524013
2023-05-10,3.639548983904773
2023-05-11,3.6314387070185576
2023-05-12,3.625803694298956
2023-05-13,3.583118252051167
2023-05-14,3.5710910811050867
2023-05-15,3.609866544992603
2023-05-16,3.6321790834997865
2023-05-17,3.619181510928013
2023-05-18,3.622404273615823
2023-05-19,3.598401725644389
2023-05-20,3.5826387611966375
2023-05-21,3.5327914045096778
2023-05-22,3.5991893243330346
2023-05-23,3.6056249266295173
2023-05-24,3.6024005388949853
2023-05-25,3.5907649416533256
2023-05-26,3.6036098777015106
2023-05-27,3.5807420202641542
2023-05-28,3.554991209759498
2023-05-29,3.5556387711397046
2023-05-30,3.563953014674581
2023-05-31,3.622464511891566
2023-06-01,3.6242115407538305
2023-06-02,3.605477729685455
2023-06-03,3.6159521005714854
2023-06-04,3.5733610840169354
2023-06-05,3.580357683804636
2023-06-06,3.5981043865605793
2023-06-07,3.593828543114049
2023-06-08,3.583258182986842
2023-06-09,3.5911151403260777
2023-06-10,3.58917713975269
2023-06-11,3.565454439622654
2023-06-12,3.6024826049194254
2023-06-13,3.579679084403107
2023-06-14,3.578288980706018
2023-06-15,3.612345527422745
2023-06-16,3.5817310222836505
2023-06-17,3.5802353822561974
2023-06-18,3.528096230170953
2023-06-19,3.55610366437955
2023-06-20,3.554887327512832
2023-06-21,3.5626117062599656
2023-06-22,3.5692719410037
2023-06-23,3.5763197320128524
2023-06-24,3.5568102770078784
2023-06-25,3.5292669960425487
2023-06-26,3.574019866945448
2023-06-27,3.6032662318671176
2023-06-28,3.615305061570248
2023-06-29,3.599907695270523
2023-06-30,3.631765999966984
2023-07-01,3.625948678384185
2023-07-02,3.580854252202416
2023-07-03,3.6008098626042706
2023-07-04,3.6275135988407383
2023-07-05,3.6012822001965277
2023-07-06,3.6298587545130387
2023-07-07,3.606860950157608
2023-07-08,3.608387082466253
2023-07-09,3.557839983588831
2023-07-10,3.581346610795485
2023-07-11,3.6261319498019287
2023-07-12,3.6091104697312226
2023-07-13,3.611373674352936
2023-07-14,3.6416100373380016
2023-07-15,3.598795737409932
2023-07-16,3.5844153728113137
2023-07-17,3.5723911496627156
2023-07-18,3.5978294050532127
2023-07-19,3.5978690923579313
2023-07-20,3.591824808923324
2023-07-21,3.6026263877027422
2023-07-22,3.601810725761209
2023-07-23,3.6015637351240044
2023-07-24,3.6209325699746335
2023-07-25,3.6244170888076432
2023-07-26,3.6327363564122988
2023-07-27,3.6125577329661924
2023-07-28,3.6029339574591543
2023-07-29,3.6069503026090026
2023-07-30,3.598108123046664
2023-07-31,3.5931102032125612
2023-08-01,3.5901171972427735
2023-08-02,3.6172690200090427
2023-08-03,3.6121919032295864
2023-08-04,3.61461874540455
2023-08-05,3.5866541164766486
2023-08-06,3.593223530160135
2023-08-07,3.5967413571605467
2023-08-08,3.618407920032147
2023-08-09,3.6243101245749414
2023-08-10,3.614597038040628
2023-08-11,3.6245172820996374
2023-08-12,3.59533426627208
2023-08-13,3.5685876489432613
2023-08-14,3.613592301955601
2023-08-15,3.6387867208925484
2023-08-16,3.62034897404724
2023-08-17,3.6127517453544686
2023-08-18,3.5980384414421724
2023-08-19,3.5726293850693374
2023-08-20,3.582777436928105
2023-08-21,3.5926920819630794
2023-08-22,3.609193997489784
2023-08-23,3.5947066415693936
2023-08-24,3.6085711766499227
2023-08-25,3.6014411693492923
2023-08-26,3.585531605665944
2023-08-27,3.582199060776894
2023-08-28,3.6095573541992354
2023-08-29,3.6358173236089724
2023-08-30,3.656033285273599
2023-08-31,3.629943602261699
2023-09-01,3.617052244290493
2023-09-02,3.6093907056429773
2023-09-03,3.5464885333642036
2023-09-04,3.5922430939139764
2023-09-05,3.598453218691035
2023-09-06,3.586785086238152
2023-09-07,3.6052400810807703
2023-09-08,3.587922635157978
2023-09-09,3.57859312889936
2023-09-10,3.5788102322880424
2023-09-11,3.557964571888406
2023-09-12,3.6036351313248804
2023-09-13,3.606492089532169
2023-09-14,3.599210520611015
2023-09-15,3.5994078387095145
2023-09-16,3.593227492647528
2023-09-17,3.5368641083466033
2023-09-18,3.55600924709053
2023-09-19,3.5620970421614984
2023-09-20,3.555568589352841
2023-09-21,3.559103039385046
2023-09-22,3.5488080892118443
2023-09-23,3.529335382221249
2023-09-24,3.500798195308079
2023-09-25,3.5529257742902236
2023-09-26,3.5946310841269438
2023-09-27,3.6293145576672794
2023-09-28,3.5933383634454565
2023-09-29,3.6147914248479385
2023-09-30,3.572135921083656
2023-10-01,3.5998886737367117
2023-10-02,3.625647520164833
2023-10-03,3.6360298913365368
2023-10-04,3.620034383407132
2023-10-05,3.590496522810545
2023-10-06,3.5995449949982907
2023-10-07,3.565253473972237
2023-10-08,3.5838089329688847
2023-10-09,3.6023763352463334
2023-10-10,3.6102548662213363
2023-10-11,3.5871152696636823
2023-10-12,3.5971201715637324
2023-10-13,3.6203376625576653
2023-10-14,3.606201727084301
2023-10-15,3.565215175822899
2023-10-16,3.6026279582609115
2023-10-17,3.6415962573689824
2023-10-18,3.639924332569149
2023-10-19,3.631082962789769
2023-10-20,3.6281981229751343
2023-10-21,3.614273549341173
2023-10-22,3.6295218162162537
2023-10-23,3.6186545143979747
2023-10-24,3.6032119969046983
2023-10-25,3.609580524770452
2023-10-26,3.6460268380250316
2023-10-27,3.6317241522201718
2023-10-28,3.604475899025017
2023-10-29,3.5827845988933182
2023-10-30,3.620262729847655
2023-10-31,3.6167049345754947
2023-11-01,3.621329090112398
2023-11-02,3.5813327838861526
2023-11-03,3.6151396104553855
2023-11-04,3.582331201044588
2023-11-05,3.583498461503978
2023-11-06,3.5889007942682176
2023-11-07,3.6177263558780774
2023-11-08,3.620736551144494
2023-11-09,3.5968449745952675
2023-11-10,3.5889218689000004
2023-11-11,3.5539319193120864
2023-11-12,3.547214761535934
2023-11-13,3.577992734658162
2023-11-14,3.593708936363027
2023-11-15,3.6006379709448195
2023-11-16,3.6063944769129304
2023-11-17,3.6040638505520786
2023-11-18,3.573841590041367
2023-11-19,3.533734030965938
2023-11-20,3.5599752672209064
2023-11-21,3.6012584999830257
2023-11-22,3.6142266862034393
2023-11-23,3.5939031004584794
2023-11-24,3.582647021515161
2023-11-25,3.629013359077499
2023-11-26,3.559538985696399
2023-11-27,3.5764557628278606
2023-11-28,3.577967118785487
2023-11-29,3.5969889808849627
2023-11-30,3.6116136145913535
2023-12-01,3.6076313478751194
2023-12-02,3.6089717845645213
2023-12-03,3.6032225815478784
2023-12-04,3.616996157826807
2023-12-05,3.618042625923574
2023-12-06,3.634011839499955
2023-12-07,3.6172188773380327
2023-12-08,3.610049110496924
2023-12-09,3.6355710825018814
2023-12-10,3.6136080414551635
2023-12-11,3.633984880830263
2023-12-12,3.635329676023125
2023-12-13,3.6351622883338868
2023-12-14,3.6340895690153
2023-12-15,3.630753016657198
2023-12-16,3.6103385398957517
2023-12-17,3.601977232759891
2023-12-18,3.6471792839065005
2023-12-19,3.6577473903492996
2023-12-20,3.6809897638977738
2023-12-21,3.6607481210757378
2023-12-22,3.6657743088710726
2023-12-23,3.6442986374132778
2023-12-24,3.622137729580376
2023-12-25,3.5871742102076674
2023-12-26,3.6139796133118685
2023-12-27,3.6291263742165847
2023-12-28,3.6795589125930355
2023-12-29,3.669204126260304
2023-12-30,3.661081067294712
2023-12-31,3.626673558690138
2024-01-01,3.6236556044719697
2024-01-02,3.6077178839312194
2024-01-03,3.6400282004752
2024-01-04,3.6477082850090206
2024-01-05,3.6377225190074873
2024-01-06,3.620030973582167
2024-01-07,3.589817987535287
2024-01-08,3.633870281608444
2024-01-09,3.631414827452147
2024-01-10,3.619150191495704
2024-01-11,3.6098678523404484
2024-01-12,3.638958129169098
2024-01-13,3.618250417068152
2024-01-14,3.61926668797859
2024-01-15,3.6040524952936055
2024-01-16,3.6035299938506054
2024-01-17,3.6119897674061816
2024-01-18,3.629390400011953
2024-01-19,3.6362779572897495
2024-01-20,3.6119481430073663
2024-01-21,3.597667062041638
2024-01-22,3.6318994382365792
2024-01-23,3.6403391771653353
2024-01-24,3.624829207647142
2024-01-25,3.63319606207052
2024-01-26,3.6393228387532544
2024-01-27,3.633177439759964
2024-01-28,3.6349342550686616
2024-01-29,3.650612989737892
2024-01-30,3.6642359430162723
2024-01-31,3.6490567450145317
2024-02-01,3.6421182199662514
2024-02-02,3.633802576188962
2024-02-03,3.646408655507448
2024-02-04,3.626788822166449
2024-02-05,3.616962745056578
2024-02-06,3.6395501113091457
2024-02-07,3.621768311607477
2024-02-08,3.6176016741799524
2024-02-09,3.601564985466699
2024-02-10,3.5907280158838386
2024-02-11,3.591630148585799
2024-02-12,3.6003960133753417
2024-02-13,3.6001789821815273
2024-02-14,3.6178703271446997
2024-02-15,3.6188060000860682
2024-02-16,3.5933202957492463
2024-02-17,3.60700175903591
2024-02-18,3.574787437811623
2024-02-19,3.5947719834483842
2024-02-20,3.6150493341567396
2024-02-21,3.6201243959195795
2024-02-22,3.605610352970508
2024-02-23,3.594564729224073
2024-02-24,3.5685909396606537
2024-02-25,3.552991202237603
2024-02-26,3.62108474913561
2024-02-27,3.6227567971886216
2024-02-28,3.6296461935481146
2024-02-29,3.609353320144868
2024-03-01,3.6059567323549433
2024-03-02,3.6133856675204523
2024-03-03,3.587533485642402
2024-03-04,3.6317253011173074
2024-03-05,3.619476329074608
2024-03-06,3.621837981257777
2024-03-07,3.6084328658955154
2024-03-08,3.61790398900758
2024-03-09,3.583087939573127
2024-03-10,3.5746753847668793
2024-03-11,3.598080881346406
2024-03-12,3.636047756744058
2024-03-13,3.618427878619288
2024-03-14,3.61390069824843
2024-03-15,3.626070606496088
2024-03-16,3.618190569413943
2024-03-17,3.6084237926639684
2024-03-18,3.617464136879267
2024-03-19,3.6322256271606888
2024-03-20,3.6239275755817313
2024-03-21,3.6442231746718217
2024-03-22,3.618087920744118
2024-03-23,3.609842132671748
2024-03-24,3.585410990028869
2024-03-25,3.646236709358049
2024-03-26,3.64223346916225
2024-03-27,3.625182252020885
2024-03-28,3.620123207568959
2024-03-29,3.595890079328052
2024-03-30,3.577150083526962
2024-03-31,3.582828256600304
2024-04-01,3.6124732983205803
2024-04-02,3.62008820290148
2024-04-03,3.650802258563926
2024-04-04,3.6038277571680317
2024-04-05,3.583074999235859
2024-04-06,3.601787176597853
2024-04-07,3.5791276841016497
2024-04-08,3.5644094924561243
2024-04-09,3.5928584680031626
2024-04-10,3.614815412274012
2024-04-11,3.5974018032603743
2024-04-12,3.6129070063429216
2024-04-13,3.6043314708282517
2024-04-14,3.569721077087526
2024-04-15,3.629112500063324
2024-04-16,3.627836200440847
2024-04-17,3.609887903773435
2024-04-18,3.6318238502094036
2024-04-19,3.6217128132141636
2024-04-20,3.638535082915676
2024-04-21,3.627250222171312
2024-04-22,3.645403920473479
2024-04-23,3.6592798484138274
2024-04-24,3.6763945114738954
2024-04-25,3.681007221460538
2024-04-26,3.679177404498852
2024-04-27,3.6812692611751423
2024-04-28,3.667287999843437
2024-04-29,3.6779122376780142
2024-04-30,3.699498703027313
2024-05-01,3.7095411797390057
2024-05-02,3.7085318132221152
2024-05-03,3.665145136607521
2024-05-04,3.6479991506068616
2024-05-05,3.650526318660977
2024-05-06,3.6487960078973467
2024-05-07,3.637395225195155
2024-05-08,3.6385980363339727
2024-05-09,3.643728917717613
2024-05-10,3.6466346029521186
2024-05-11,3.624951142155626
2024-05-12,3.6185555407772534
2024-05-13,3.6100219926194943
2024-05-14,3.6025861656118856
2024-05-15,3.589120273624295
2024-05-16,3.6185940158084717
2024-05-17,3.592976340597395
2024-05-18,3.575843887861594
2024-05-19,3.613799935503353
2024-05-20,3.6178506028516493
2024-05-21,3.6158019218692226
2024-05-22,3.6436591508228324
2024-05-23,3.628262749319494
2024-05-24,3.630682354365537
2024-05-25,3.579935049255429
2024-05-26,3.5951515560044043
2024-05-27,3.601101640795134
2024-05-28,3.5890057653340817
2024-05-29,3.6119773291674755
2024-05-30,3.6048652722945254
2024-05-31,3.614975960408657
2024-06-01,3.6163349533051545
2024-06-02,3.593512830022517
2024-06-03,3.6095643647718005
2024-06-04,3.60123241751832
2024-06-05,3.6019861242119697
2024-06-06,3.5931740426798537
2024-06-07,3.5734928898342173
2024-06-08,3.562341493673624
2024-06-09,3.5891244732470073
2024-06-10,3.612098164127451
2024-06-11,3.6197555118193794
2024-06-12,3.626168776324588
2024-06-13,3.603376975925768
2024-06-14,3.607441617105035
2024-06-15,3.5914486848611267
2024-06-16,3.5881957484119296
2024-06-17,3.6044050475404252
2024-06-18,3.630270325412992
2024-06-19,3.6025354745712383
2024-06-20,3.604079558811515
2024-06-21,3.6375106606161127
2024-06-22,3.615873055579459
2024-06-23,3.575118073872445
2024-06-24,3.6148339779781202
2024-06-25,3.6118315781328385
2024-06-26,3.6217965259311766
2024-06-27,3.623499184476745
2024-06-28,3.583654619100847
2024-06-29,3.5922616603700788
2024-06-30,3.569057417681778
2024-07-01,3.6370046490220083
2024-07-02,3.6399627471561486
2024-07-03,3.59989958682599
2024-07-04,3.5661881260266015
2024-07-05,3.59170863183555
2024-07-06,3.581800951917718
2024-07-07,3.51976467250755
2024-07-08,3.5484860254317714
2024-07-09,3.5651507630975496
2024-07-10,3.5723094335830483
2024-07-11,3.5615936777900923
2024-07-12,3.57966126031171
2024-07-13,3.5785669223573664
2024-07-14,3.5660329410269713
2024-07-15,3.6414910510421783
2024-07-16,3.6229802747139823
2024-07-17,3.6432636319321623
2024-07-18,3.6040094058118135
2024-07-19,3.6098504146299835
2024-07-20,3.6009744099568657
2024-07-21,3.596331061723443
2024-07-22,3.5778122573854563
2024-07-23,3.5929355784101498
2024-07-24,3.6412059332012525
2024-07-25,3.6269595467534574
2024-07-26,3.6031966942494944
2024-07-27,3.5976145969989055
2024-07-28,3.5454942928811697
2024-07-29,3.6209741855436697
2024-07-30,3.6336074793822166
2024-07-31,3.6275906265142255
2024-08-01,3.623549750562306
2024-08-02,3.6132209728483926
2024-08-03,3.626196076011141
2024-08-04,3.577333586073674
2024-08-05,3.6119835322144693
2024-08-06,3.648410896556126
2024-08-07,3.624875647796216
2024-08-08,3.6215949776186123
2024-08-09,3.605855421087695
2024-08-10,3.590744277535956
2024-08-11,3.5728694928694136
2024-08-12,3.603389363621452
2024-08-13,3.6189002700975688
2024-08-14,3.6131387105357655
2024-08-15,3.623867189454461
2024-08-16,3.632316896175299
2024-08-17,3.5986381854025082
2024-08-18,3.5616881338536106
2024-08-19,3.595704623372158
2024-08-20,3.578185290318676
2024-08-21,3.5869216175643586
2024-08-22,3.5930420218461934
2024-08-23,3.6201727882107995
2024-08-24,3.604592110300908
2024-08-25,3.5692936399358173
2024-08-26,3.597451174443794
2024-08-27,3.6079955867711906
2024-08-28,3.601420374793632
2024-08-29,3.588400576188835
2024-08-30,3.601172546679992
2024-08-31,3.5722349764291446
2024-09-01,3.547885013407475
2024-09-02,3.5472512232820668
2024-09-03,3.582428711531786
2024-09-04,3.6040565852368114
2024-09-05,3.6014452777025463
2024-09-06,3.6122925777783124
2024-09-07,3.57658120155783
2024-09-08,3.583680404495974
2024-09-09,3.619507725917
2024-09-10,3.6002031396211707
2024-09-11,3.567862130420042
2024-09-12,3.6149406109023237
2024-09-13,3.626192313911688
2024-09-14,3.558103008190779
2024-09-15,3.5789948228904436
2024-09-16,3.5996148902093577
2024-09-17,3.6350737444031402
2024-09-18,3.6108556260219458
2024-09-19,3.603744830192794
2024-09-20,3.5963010491104663
2024-09-21,3.546408696335799
2024-09-22,3.4327859056240504
2024-09-23,3.5223633914197223
2024-09-24,3.551651111982332
2024-09-25,3.587034799567761
2024-09-26,3.5776027178549574
2024-09-27,3.5594092437864844
2024-09-28,3.5693822580645804
2024-09-29,3.5598612519713897
2024-09-30,3.5781839656350205
2024-10-01,3.610346598274674
2024-10-02,3.6015388603659497
2024-10-03,3.5934715858218804
2024-10-04,3.6171118068739
2024-10-05,3.585955232933593
2024-10-06,3.5727609371280886
2024-10-07,3.6245148559113947
2024-10-08,3.605228030919743
2024-10-09,3.605741274329788
2024-10-10,3.5931428735865163
2024-10-11,3.5840186517192865
2024-10-12,3.583714329529016
2024-10-13,3.5435551707981636
2024-10-14,3.6023309212732038
2024-10-15,3.610065925239807
2024-10-16,3.6120074297374503
2024-10-17,3.6179563931815903
2024-10-18,3.5918835973192675
2024-10-19,3.5972071570063946
2024-10-20,3.5432568847389163
2024-10-21,3.5552275804275824
2024-10-22,3.5811166699523818
2024-10-23,3.58990536102118
2024-10-24,3.5842026021265347
2024-10-25,3.5883675706446336
2024-10-26,3.5987189902880306
2024-10-27,3.5465809407333975
2024-10-28,3.602421687827129
2024-10-29,3.6051739626616772
2024-10-30,3.6127905638374087
2024-10-31,3.594695133439023
2024-11-01,3.602854013005387
2024-11-02,3.610321528912178
2024-11-03,3.5613821607691185
2024-11-04,3.6048503929148916
2024-11-05,3.5894767986576404
2024-11-06,3.538318494059457
2024-11-07,3.5675652442044763
2024-11-08,3.607471932375803
2024-11-09,3.6113939676020004
2024-11-10,3.5730888711085838
2024-11-11,3.5731656114815267
2024-11-12,3.581558843956716
2024-11-13,3.5989809005756
2024-11-14,3.591010784585819
2024-11-15,3.5894329713246655
2024-11-16,3.565987704991999
2024-11-17,3.584688216392501
2024-11-18,3.6120973414695885
2024-11-19,3.6338071162265972
2024-11-20,3.6268921645616445
2024-11-21,3.6510695836967697
2024-11-22,3.636473193318151
2024-11-23,3.5841651883504753
2024-11-24,3.595411905107995
2024-11-25,3.646944717102345
2024-11-26,3.6407972659841668
2024-11-27,3.642708008852897
2024-11-28,3.6216485360515485
2024-11-29,3.618427202122946
2024-11-30,3.5906167328902576
2024-12-01,3.595525804871197
2024-12-02,3.641005463221366
2024-12-03,3.6610003848398893
2024-12-04,3.637319442396348
2024-12-05,3.6228732651140856
2024-12-06,3.643122698296999
2024-12-07,3.5903097271327047
2024-12-08,3.614593912360063
2024-12-09,3.625000725390832
2024-12-10,3.624017430673651
2024-12-11,3.637231673766219
2024-12-12,3.6211216636176737
2024-12-13,3.6466689628186004
2024-12-14,3.6293160612580895
2024-12-15,3.599084292904239
2024-12-16,3.6523057840064763
2024-12-17,3.6514054459162217
2024-12-18,3.631333895194909
2024-12-19,3.665884130433298
2024-12-20,3.6606004457453065
2024-12-21,3.633636354963977
2024-12-22,3.600281582547912
2024-12-23,3.618722880369225
2024-12-24,3.6421472296740367
2024-12-25,3.5742792244193127
2024-12-26,3.622671231906929
2024-12-27,3.652870874776461
2024-12-28,3.6310516079960773
2024-12-29,3.5592142427023337
2024-12-30,3.527794655526346
2024-12-31,3.596375840481819
2025-01-01,3.6271995859519053
2025-01-02,3.6414673362907632
2025-01-03,3.6364127492574236
2025-01-04,3.59919478253332
2025-01-05,3.5764502389924133
2025-01-06,3.6371629965507424
2025-01-07,3.60710129321536
2025-01-08,3.635956326491319
2025-01-09,3.6041476709387705
2025-01-10,3.6539192721100733
2025-01-11,3.6343940958674343
2025-01-12,3.63245481271902
2025-01-13,3.639024489274644
2025-01-14,3.6622722728058656
2025-01-15,3.633729949296437
2025-01-16,3.6330636828407328
2025-01-17,3.64191627744329
2025-01-18,3.6180890030913986
2025-01-19,3.6194208008294826
2025-01-20,3.5869677666338484
2025-01-21,3.6452345559234978
2025-01-22,3.664972253625826
2025-01-23,3.6975818327224963
2025-01-24,3.676889801891264
2025-01-25,3.6451699916441935
2025-01-26,3.658723759220691
2025-01-27,3.6824121624171613
2025-01-28,3.679595384498417
2025-01-29,3.6955158398058696
2025-01-30,3.6613461538359178
2025-01-31,3.635436840505803
2025-02-01,3.61230380227547
2025-02-02,3.6208991243621664
2025-02-03,3.6669563662842943
2025-02-04,3.6747800604940024
2025-02-05,3.699296179396072
2025-02-06,3.7008850481361875
2025-02-07,3.6936754061084938
2025-02-08,3.6677310733430257
2025-02-09,3.617871689027866
2025-02-10,3.659507901907899
2025-02-11,3.670264012079763
2025-02-12,3.6329952468895295
2025-02-13,3.6154221824372526
2025-02-14,3.632106190635282
2025-02-15,3.627633223687813
2025-02-16,3.593554270686762
2025-02-17,3.6135418490017273
2025-02-18,3.63866194760514
2025-02-19,3.6462171313962455
2025-02-20,3.6519528522002513
2025-02-21,3.635819977690356
2025-02-22,3.6265643157545924
2025-02-23,3.5846647909532425
2025-02-24,3.612018735755691
2025-02-25,3.6441710957333378
2025-02-26,3.637058559426734
2025-02-27,3.6269157783319
2025-02-28,3.625062653964326
2025-03-01,3.603915001272083
2025-03-02,3.604825185202512
2025-03-03,3.622894773647376
2025-03-04,3.667501618006271
2025-03-05,3.644595248926593
2025-03-06,3.6502307952350845
2025-03-07,3.6596554493496805
2025-03-08,3.6511492877304077
2025-03-09,3.625001066919744
2025-03-10,3.6533037413799603
2025-03-11,3.668246881992116
2025-03-12,3.655601760207729
2025-03-13,3.643593972572812
2025-03-14,3.673804542450552
2025-03-15,3.6568403193358794
2025-03-16,3.676727282783013
2025-03-17,3.678657460894712
2025-03-18,3.6531472229740367
2025-03-19,3.6743487216462376
2025-03-20,3.6661216763889994
2025-03-21,3.6646222768714494
2025-03-22,3.6442012784265967
2025-03-23,3.6328284159198363
2025-03-24,3.6434965519210305
2025-03-25,3.6337156447180474
2025-03-26,3.6747859915244905
2025-03-27,3.664680245688448
2025-03-28,3.6633705868459363
2025-03-29,3.654475220894476
2025-03-30,3.6437913971001707
2025-03-31,3.664335975140632
2025-04-01,3.671457086968126
2025-04-02,3.661039902990617
2025-04-03,3.665596957441824
2025-04-04,3.665669196475779
2025-04-05,3.6801414631371974
2025-04-06,3.627657008428639
2025-04-07,3.644253549379602
2025-04-08,3.6228102652749556
2025-04-09,3.659172203052807
2025-04-10,3.6661940775132416
2025-04-11,3.630808208757021
2025-04-12,3.615928493406457
2025-04-13,3.620958164807995
2025-04-14,3.625462088365101
2025-04-15,3.650424059299931
2025-04-16,3.6411127881252505
2025-04-17,3.629042199192529
2025-04-18,3.623855004012248
2025-04-19,3.6429309573649187
2025-04-20,3.6376547923290716
2025-04-21,3.511875148600453
2025-04-22,3.567512021417673
2025-04-23,3.5981652365725267
2025-04-24,3.6074559396003942
2025-04-25,3.5761959319591354
2025-04-26,3.5224193872072793
2025-04-27,3.5632826244797404
2025-04-28,3.632749617547672
2025-04-29,3.639653435713513
2025-04-30,3.6458132231067695
2025-05-01,3.6677812300635315
2025-05-02,3.658419517668868
2025-05-03,3.626602199177877
2025-05-04,3.625253809652429
2025-05-05,3.6205516241468203
2025-05-06,3.6327866820338652
2025-05-07,3.6216587003568783
2025-05-08,3.6075322505102525
2025-05-09,3.5752386744357345
2025-05-10,3.6074969789078595
2025-05-11,3.5076334972421725
2025-05-12,3.575829627392887
2025-05-13,3.609206312738354
2025-05-14,3.6235317880872815
2025-05-15,3.5985644690815253
2025-05-16,3.6225077742646286
2025-05-17,3.6109983618085373
2025-05-18,3.5014461329862265
2025-05-19,3.564975659727099
2025-05-20,3.625136544788465
2025-05-21,3.630087881145627
2025-05-22,3.6172065781699914
2025-05-23,3.6412601526144064
2025-05-24,3.6194129582102974
2025-05-25,3.606562298403304
2025-05-26,3.589116764532151
2025-05-27,3.6346887262637213
2025-05-28,3.666580157178133
2025-05-29,3.6636986663445397
2025-05-30,3.6504550987569178
2025-05-31,3.605837564767128
2025-06-01,3.6160057833806882
2025-06-02,3.636227937799986
2025-06-03,3.665696686858622
2025-06-04,3.6549600590047873
2025-06-05,3.6515091653025737
2025-06-06,3.6381159713832543
2025-06-07,3.6360457509846826
2025-06-08,3.7744157379399943
2025-06-09,3.7817699591503935
2025-06-10,3.775730521212161
2025-06-11,3.7925486610845427
2025-06-12,3.7629048146113364
2025-06-13,3.7596217678142185
2025-06-14,3.7305324442583037
2025-06-15,3.7482361958627877
2025-06-16,3.673546433335238
2025-06-17,3.5712381684762713
2025-06-18,3.566060572029915
2025-06-19,3.2408663532580895
2025-06-20,3.2309097219139313
2025-06-21,3.232348608575143
2025-06-22,3.198506512236677
2025-06-23,3.6354150212840737
2025-06-24,3.459183895832802
2025-06-25,3.133688453526279
2025-06-26,3.0327169505078766
2025-06-27,2.795907619139382
2025-06-28,3.0107507925293704
2025-06-29,3.5721267327687305
2025-06-30,3.4563741826766465
2025-07-01,3.559430186611184
2025-07-02,3.6430169710533793
2025-07-03,3.6556098746830106
2025-07-04,3.626653076126131
2025-07-05,3.617768741273448
2025-07-06,3.6036652960684132
2025-07-07,3.6500895150170374
2025-07-08,3.662889648601652
2025-07-09,3.632433619832779
2025-07-10,3.6582016906132093
2025-07-11,3.633816855050737
2025-07-12,3.64958966021224
2025-07-13,3.644651944536237
2025-07-14,3.6363151210830886
2025-07-15,3.6612916032986482
2025-07-16,3.659394180313878
2025-07-17,3.677010400226548
2025-07-18,3.670905911661228
2025-07-19,3.644194722033504
2025-07-20,3.6338059978998745
2025-07-21,3.663142696198838
2025-07-22,3.691957806951047
2025-07-23,3.654578619532299
2025-07-24,3.6484434409411106
2025-07-25,3.643251422736739
2025-07-26,3.6182441798972476
2025-07-27,3.606773290689748
2025-07-28,3.6333678339012105
2025-07-29,3.636257258540112
2025-07-30,3.6360136289343568
2025-07-31,3.652214278855407
2025-08-01,3.642925354216753
2025-08-02,3.6525269381382035
2025-08-03,3.6012105130432652
2025-08-04,3.6639067636263416
2025-08-05,3.6520932342674626
2025-08-06,3.638341769096192
2025-08-07,3.627127876612489
2025-08-08,3.624867370868719
2025-08-09,3.5459993482408625
2025-08-10,3.5452991935207434
2025-08-11,3.64330381953975
2025-08-12,3.6587492772026287
2025-08-13,3.636305491442403
2025-08-14,3.630689964889619
2025-08-15,3.560202451544664
2025-08-16,3.4857419226899196
2025-08-17,3.4911560849794183
2025-08-18,3.530737419011968
2025-08-19,3.5730499037756247
2025-08-20,3.6309176384809745
2025-08-21,3.6426701775800536
2025-08-22,3.633534027668779
2025-08-23,3.648617889793052
2025-08-24,3.6490731706212185
2025-08-25,3.6682965079077485
2025-08-26,3.6682505122429294
2025-08-27,3.6309156071197983
2025-08-28,3.6333199487868457
2025-08-29,3.66192907757185
2025-08-30,3.645904038349985
2025-08-31,3.6431783667782285
2025-09-01,3.6540594181509585
2025-09-02,3.675861013632286
2025-09-03,3.6685381599752156
2025-09-04,3.65640980955395
2025-09-05,3.6841015101148398
2025-09-06,3.6720521347058375
2025-09-07,3.660607057557275
2025-09-08,3.665657239040729
2025-09-09,3.6621987951638624
2025-09-10,3.616555609658956
2025-09-11,3.576201489114685
2025-09-12,3.618182707604609
2025-09-13,3.6296424912027283
2025-09-14,3.6001530669275974
2025-09-15,3.6266141538092977
2025-09-16,3.646043449096049
2025-09-17,3.63294904312139
2025-09-18,3.6328441940192837
2025-09-19,3.6347690487030384
2025-09-20,3.645733145010591
2025-09-21,3.5827004643529388
2025-09-22,3.5754875068891927
2025-09-23,3.566676296110135
2025-09-24,3.563796426988257
2025-09-25,3.563823935448328
2025-09-26,3.5958932127687024
2025-09-27,3.665081295348014
2025-09-28,3.642348296976559
2025-09-29,3.6629712404476993
2025-09-30,3.672082687021746
2025-10-01,3.6749301415373665
2025-10-02,3.6536831423259244
2025-10-03,3.68136182681112
2025-10-04,3.659553193217893
2025-10-05,3.7409212159895753
2025-10-06,3.7621643061928447
2025-10-07,3.7210708058104696
2025-10-08,3.6916140216988196
2025-10-09,3.66125522615598
2025-10-10,3.697324416913746
2025-10-11,3.6421065633565646
2025-10-12,3.650051682075103
2025-10-13,3.616366071841057
2025-10-14,3.6305643137596677
2025-10-15,3.640152764230045
2025-10-16,3.6511438927592055
2025-10-17,3.6395168639745226
2025-10-18,3.671497467560025
2025-10-19,3.637642807326596
2025-10-20,3.6615788994610563
2025-10-21,3.6819717490768595
2025-10-22,3.641960457545623
2025-10-23,3.668459351800053
2025-10-24,3.6657868214866633
2025-10-25,3.6342331974134936
2025-10-26,3.57721741828809
2025-10-27,3.618415228473465
2025-10-28,3.65183026822426
2025-10-29,3.6627132151770176
2025-10-30,3.6553473352666
2025-10-31,3.6781939517232933
2025-11-01,3.6767124286524133
2025-11-02,3.6152659860652916
2025-11-03,3.666735086301926
2025-11-04,3.6575935807386877
2025-11-05,3.6201777776343067
2025-11-06,3.62478503306312
2025-11-07,3.616123077346964
2025-11-08,3.6561890653410742
2025-11-09,3.6151634511115
2025-11-10,3.62779817208318
2025-11-11,3.6330382604555727
2025-11-12,3.6227175719229607
2025-11-13,3.6489987346701884
2025-11-14,3.63424300103513
2025-11-15,3.6393811378980323
2025-11-16,3.5969207499857436
2025-11-17,3.645938524856097
2025-11-18,3.653890909216718
2025-11-19,3.619444619223984
2025-11-20,3.6261075710007593
2025-11-21,3.623596303267854
2025-11-22,3.620715661674514
2025-11-23,3.621063624699489
2025-11-24,3.615681551370194
2025-11-25,3.6338289060145015
2025-11-26,3.6531856722079676
2025-11-27,3.676779129514399
2025-11-28,3.6443616012320525
2025-11-29,3.6315302911514564
2025-11-30,3.627345869821296
2025-12-01,3.6230661397228676
2025-12-02,3.6398503862037135
2025-12-03,3.651140608995079
2025-12-04,3.6412316834531535
2025-12-05,3.6493339916380694
2025-12-06,3.6225432605163186
2025-12-07,3.612458742271036
2025-12-08,3.6247507883918892
2025-12-09,3.652972689752747
2025-12-10,3.651271684071643
2025-12-11,3.6752577755671996
2025-12-12,3.6755003659794325
2025-12-13,3.663360635700463
2025-12-14,3.632736239839341
2025-12-15,3.6435428334686564
2025-12-16,3.6563057055094528
2025-12-17,3.652227078400034
2025-12-18,3.645394143977891
2025-12-19,3.6670186995589775
2025-12-20,3.662473176658936
2025-12-21,3.5625998606250127
2025-12-22,3.6347617344153718
2025-12-23,3.667634489850498
2025-12-24,3.6949272122066357
2025-12-25,3.641048614193348
2025-12-26,3.63904199784981
2025-12-27,3.589262105208145
2025-12-28,3.5095282760610216
2025-12-29,3.5955258709069082
2025-12-30,3.660930392124849
2025-12-31,3.692685046709005
