date,value
2015-02-18,-1.9652546389361707
2015-02-19,-1.9028447915752738
2015-02-20,-1.9314844576558488
2015-02-21,-2.0957185250137784
2015-02-22,-1.6972233621268378
2015-02-23,-1.6284560337487877
2015-02-24,-1.9356419080275333
2015-02-25,-2.1248654648732894
2015-02-26,-1.951929156103785
2015-02-27,-1.9081173606873023
2015-02-28,-2.078329817726657
2015-03-01,-1.7863449171611452
2015-03-02,-1.7927708923706291
2015-03-03,-1.9489788150359142
2015-03-04,-1.8682701559728312
2015-03-05,-1.839219969981898
2015-03-06,-1.900152797787057
2015-03-07,-2.043017565037452
2015-03-08,-1.7855279587914585
2015-03-09,-1.8094743381063079
2015-03-10,-1.8672535204274205
2015-03-11,-1.9660077206484556
2015-03-12,-1.9484774901650024
2015-03-13,-2.0069637779240503
2015-03-14,-1.8802686160825064
2015-03-15,-1.8021878614002365
2015-03-16,-1.8493109232982197
2015-03-17,-1.9144726774933858
2015-03-18,-1.8305938910040989
2015-03-19,-1.8884735522809382
2015-03-20,-1.9117299134114485
2015-03-21,-2.077004593996408
2015-03-22,-1.6473906930643416
2015-03-23,-1.6410656008478848
2015-03-24,-1.8329430506701443
2015-03-25,-1.8435588163860326
2015-03-26,-1.8748434345853915
2015-03-27,-1.8861238816026362
2015-03-28,-1.9130037421230317
2015-03-29,-1.5159278698863061
2015-03-30,-1.6006807254376838
2015-03-31,-1.8419443861720475
2015-04-01,-1.827468502519363
2015-04-02,-1.865858967272243
2015-04-03,-1.8446451633487
2015-04-04,-2.0090207658208206
2015-04-05,-1.5837304882088399
2015-04-06,-1.6533210374176512
2015-04-07,-1.687243106841078
2015-04-08,-2.013736956440684
2015-04-09,-1.9662608975339537
2015-04-10,-1.9949222599295875
2015-04-11,-1.983075436580478
2015-04-12,-1.656982554089507
2015-04-13,-1.761374091569149
2015-04-14,-1.9744901204166942
2015-04-15,-2.044611079215418
2015-04-16,-1.8529211518488016
2015-04-17,-1.9142761926264602
2015-04-18,-1.9567268216087919
2015-04-19,-1.6690935193684089
2015-04-20,-1.7953819778464166
2015-04-21,-1.8389613035380465
2015-04-22,-1.8137595061223075
2015-04-23,-1.9411716311975855
2015-04-24,-1.9328800732426334
2015-04-25,-1.8553524954644207
2015-04-26,-1.54873545430277
2015-04-27,-1.699548914205527
2015-04-28,-2.0092811303818725
2015-04-29,-1.8289248133311917
2015-04-30,-1.8935751956281794
2015-05-01,-2.009899146868045
2015-05-02,-2.2859754706977435
2015-05-03,-1.8322571124722853
2015-05-04,-1.8736459074437208
2015-05-05,-1.9835983563291864
2015-05-06,-1.8678300933137326
2015-05-07,-1.8410295731416995
2015-05-08,-1.83901496559263
2015-05-09,-1.8382818422052822
2015-05-10,-1.6785579857998494
2015-05-11,-1.8515674772910913
2015-05-12,-1.9563437280018239
2015-05-13,-1.9888360200177588
2015-05-14,-1.8662318067923154
2015-05-15,-1.8119864021273102
2015-05-16,-1.8290377395427866
2015-05-17,-1.6046984932058004
2015-05-18,-1.863744832436309
2015-05-19,-1.913843038388303
2015-05-20,-1.7451921579602703
2015-05-21,-1.909061181947933
2015-05-22,-2.0013128089003187
2015-05-23,-2.243979193192902
2015-05-24,-1.9894216167435348
2015-05-25,-1.7801972784147997
2015-05-26,-1.7637403470275699
2015-05-27,-1.8788526608079146
2015-05-28,-1.9175098226626222
2015-05-29,-1.9107497690263129
2015-05-30,-2.2347443512636262
2015-05-31,-1.7221217788806105
2015-06-01,-1.7153751800546415
2015-06-02,-1.7348783199108126
2015-06-03,-1.8965159488437058
2015-06-04,-1.89666882200843
2015-06-05,-1.8881888019809263
2015-06-06,-1.9771881886841802
2015-06-07,-1.6283084080134815
2015-06-08,-1.9472746610431741
2015-06-09,-2.021716626421343
2015-06-10,-1.9069337104004838
2015-06-11,-1.9214275402472927
2015-06-12,-1.9797536313013222
2015-06-13,-1.9751888662026442
2015-06-14,-1.7297098247648999
2015-06-15,-1.936960741388038
2015-06-16,-2.0251309799894783
2015-06-17,-1.977986321354346
2015-06-18,-2.348313081310195
2015-06-19,-2.3541871567092167
2015-06-20,-2.2927033969434047
2015-06-21,-1.7642841320810825
2015-06-22,-1.9043563379139028
2015-06-23,-1.998087104525044
2015-06-24,-1.9418427853142
2015-06-25,-1.8838871764912855
2015-06-26,-1.1747326324882055
2015-06-27,-0.9634912164893813
2015-06-28,-1.3502400197718996
2015-06-29,-1.6474984478698116
2015-06-30,-1.6817854747523384
2015-07-01,-1.5490125597927944
2015-07-02,-1.7751411943849207
2015-07-03,-1.6770838834791006
2015-07-04,-1.3699756305149011
2015-07-05,-1.3056712260936578
2015-07-06,-1.5054808628983667
2015-07-07,-1.6811120954097794
2015-07-08,-1.7291083911656757
2015-07-09,-1.755084769395127
2015-07-10,-1.7857388581014928
2015-07-11,-1.891058081827181
2015-07-12,-1.6035782678404684
2015-07-13,-1.6880397371611668
2015-07-14,-1.7886335604848256
2015-07-15,-1.7990312411750136
2015-07-16,-1.9192821612908761
2015-07-17,-2.199014666596092
2015-07-18,-2.2222034835635287
2015-07-19,-1.8660848430844403
2015-07-20,-1.725496098531242
2015-07-21,-1.851540700331184
2015-07-22,-1.9607702896747308
2015-07-23,-1.9869166537684926
2015-07-24,-2.3224163137434157
2015-07-25,-2.1389992665128905
2015-07-26,-1.8547677201252075
2015-07-27,-1.9005464557323375
2015-07-28,-2.0306866903088574
2015-07-29,-2.113286640984902
2015-07-30,-2.166234550213817
2015-07-31,-2.1544446161696365
2015-08-01,-2.0336655513917257
2015-08-02,-1.834024850373065
2015-08-03,-1.9321295246139334
2015-08-04,-2.0540186202538737
2015-08-05,-1.9240166279916484
2015-08-06,-2.0080058278553787
2015-08-07,-2.0533534922047227
2015-08-08,-2.317197096002566
2015-08-09,-2.112464247977437
2015-08-10,-2.1179088402305033
2015-08-11,-2.2665591041068307
2015-08-12,-1.951622352392351
2015-08-13,-1.9650314133757871
2015-08-14,-1.8644923979781192
2015-08-15,-2.0598046390613507
2015-08-16,-1.8968781457287038
2015-08-17,-1.8341212396158324
2015-08-18,-1.8849241894985689
2015-08-19,-1.8686370967540085
2015-08-20,-1.9586902770740235
2015-08-21,-1.944228175073573
2015-08-22,-2.052756426782216
2015-08-23,-1.7007865383005603
2015-08-24,-1.7833974589855097
2015-08-25,-1.8827217640363578
2015-08-26,-1.9032539413710108
2015-08-27,-1.992805224303319
2015-08-28,-2.017255755415917
2015-08-29,-2.194901222186611
2015-08-30,-1.8472944655507955
2015-08-31,-1.7619760149601913
2015-09-01,-1.9662653614515064
2015-09-02,-1.9258514187309514
2015-09-03,-1.9438508751578294
2015-09-04,-1.9580550369361485
2015-09-05,-1.9545412687899741
2015-09-06,-1.6384880257807102
2015-09-07,-1.7040847708818503
2015-09-08,-1.7028707630524385
2015-09-09,-1.7153059979195409
2015-09-10,-1.7456521035290131
2015-09-11,-1.9004504897043173
2015-09-12,-1.8420731134632888
2015-09-13,-1.6574660162518817
2015-09-14,-1.728819137698167
2015-09-15,-1.8752224309799765
2015-09-16,-1.7697341744703552
2015-09-17,-1.763766953785578
2015-09-18,-1.6677528339375116
2015-09-19,-1.7306762130213245
2015-09-20,-1.4235822069463344
2015-09-21,-1.4613090739618373
2015-09-22,-1.5173361704821424
2015-09-23,-1.3138264402370692
2015-09-24,-1.307595875035653
2015-09-25,-1.370215215576231
2015-09-26,-1.3620988275904389
2015-09-27,-1.213200923005033
2015-09-28,-1.401954204075397
2015-09-29,-1.5691210218662297
2015-09-30,-1.5718401399954984
2015-10-01,-1.912459821446464
2015-10-02,-2.2823022218587172
2015-10-03,-2.080640234595594
2015-10-04,-1.8339590218198139
2015-10-05,-1.7387483338903222
2015-10-06,-1.8195850479995992
2015-10-07,-1.7860213728223624
2015-10-08,-1.7012806133119642
2015-10-09,-1.8792141641445814
2015-10-10,-2.1067727274620784
2015-10-11,-1.8652516939469759
2015-10-12,-1.719337970084439
2015-10-13,-1.7938105356979488
2015-10-14,-1.8244032923443954
2015-10-15,-1.6846482086932095
2015-10-16,-1.7742981143767238
2015-10-17,-1.9645656484543481
2015-10-18,-1.6689230531166857
2015-10-19,-1.5898706656332346
2015-10-20,-1.7894699936577443
2015-10-21,-1.7712023509354244
2015-10-22,-2.4159876413053465
2015-10-23,-1.9387238393122808
2015-10-24,-1.961148894926282
2015-10-25,-1.7413190546160362
2015-10-26,-1.7293477999796245
2015-10-27,-1.7731414362102422
2015-10-28,-1.7477937004384563
2015-10-29,-1.7733657754018077
2015-10-30,-1.9308794053493257
2015-10-31,-2.006897609774254
2015-11-01,-1.7310961952953803
2015-11-02,-1.5692996349414936
2015-11-03,-1.7842073410005093
2015-11-04,-1.7426687552590654
2015-11-05,-1.749841089597671
2015-11-06,-1.74130512768548
2015-11-07,-2.002917522019097
2015-11-08,-1.6823275039188732
2015-11-09,-1.5866450843008288
2015-11-10,-1.6797174245284598
2015-11-11,-1.5427776427131565
2015-11-12,-1.444699178330282
2015-11-13,-1.7960519334063136
2015-11-14,-2.2548427590112605
2015-11-15,-2.151461986150087
2015-11-16,-2.296562196537804
2015-11-17,-2.3845158665545587
2015-11-18,-2.2554428246278295
2015-11-19,-2.2086794962799314
2015-11-20,-2.21796518974788
2015-11-21,-2.3459665401031926
2015-11-22,-2.1443417959502433
2015-11-23,-1.9698512790281937
2015-11-24,-2.129258543040821
2015-11-25,-2.181794322935205
2015-11-26,-2.057526750126991
2015-11-27,-1.9183954428247583
2015-11-28,-2.257219306386359
2015-11-29,-2.0639203923689844
2015-11-30,-1.9718432802840837
2015-12-01,-2.1392887217423238
2015-12-02,-2.021139436123397
2015-12-03,-2.4784799283381784
2015-12-04,-2.404752523375898
2015-12-05,-2.416646539765615
2015-12-06,-2.2541281622634655
2015-12-07,-2.2744440442137956
2015-12-08,-2.374560133271733
2015-12-09,-2.1540411488409412
2015-12-10,-2.0414722851583873
2015-12-11,-2.136729551998361
2015-12-12,-2.21011003059527
2015-12-13,-1.8544786532887563
2015-12-14,-2.0082605509046534
2015-12-15,-2.267418325085641
2015-12-16,-2.3613088884318127
2015-12-17,-2.186940059157586
2015-12-18,-2.187035191535874
2015-12-19,-2.212262719429767
2015-12-20,-1.8963731421838774
2015-12-21,-1.9116166813484319
2015-12-22,-2.1898979575067274
2015-12-23,-2.219249710041366
2015-12-24,-2.1879814368648924
2015-12-25,-2.063532913753245
2015-12-26,-2.149567604061851
2015-12-27,-2.2361371172045508
2015-12-28,-2.2664209461750398
2015-12-29,-2.409049116350598
2015-12-30,-2.3135702349993497
2015-12-31,-2.4518031299872507
2016-01-01,-2.3582678395791543
2016-01-02,-2.1721535785009856
2016-01-03,-2.284685105127015
2016-01-04,-2.292551283353795
2016-01-05,-2.447770850758338
2016-01-06,-2.2236848373758713
2016-01-07,-2.2220695996213142
2016-01-08,-2.3326139833406234
2016-01-09,-2.53890476644066
2016-01-10,-2.119882085252027
2016-01-11,-1.7126142137758844
2016-01-12,-1.8950614072301948
2016-01-13,-1.779536292470681
2016-01-14,-1.7789058875231907
2016-01-15,-1.8801567516372253
2016-01-16,-1.9741844198489649
2016-01-17,-1.8377287120702772
2016-01-18,-1.6585970087817188
2016-01-19,-1.570947774576221
2016-01-20,-1.8016459231511173
2016-01-21,-1.9271512991131334
2016-01-22,-2.0199139980820626
2016-01-23,-2.026363075121244
2016-01-24,-1.676606409720298
2016-01-25,-1.8631810319640287
2016-01-26,-1.9410394338818524
2016-01-27,-2.229559430300533
2016-01-28,-2.105263303532321
2016-01-29,-2.004952201629723
2016-01-30,-1.9562431602152335
2016-01-31,-1.7352305483578792
2016-02-01,-1.7341555184377389
2016-02-02,-1.7163470427806213
2016-02-03,-1.9196921684565869
2016-02-04,-1.9531763445819332
2016-02-05,-1.8723757858302397
2016-02-06,-2.076970823466688
2016-02-07,-1.9012529295723946
2016-02-08,-1.8182768924640822
2016-02-09,-1.8570810009749497
2016-02-10,-1.7034793971149023
2016-02-11,-1.988135094392809
2016-02-12,-2.0281357587200706
2016-02-13,-1.9720704830516873
2016-02-14,-1.4399130992132114
2016-02-15,-1.5576218060905032
2016-02-16,-1.5613049070059097
2016-02-17,-1.6601166697318597
2016-02-18,-1.7753518353841475
2016-02-19,-1.6983094769710618
2016-02-20,-1.8805443937380617
2016-02-21,-1.6218472827520813
2016-02-22,-1.5616652513922529
2016-02-23,-1.8507282880829896
2016-02-24,-1.791654200852252
2016-02-25,-1.8094944016290058
2016-02-26,-1.9484762781890383
2016-02-27,-1.8756698828346146
2016-02-28,-1.4701559629969214
2016-02-29,-1.504761462499126
2016-03-01,-1.5756920050108016
2016-03-02,-1.359441220715594
2016-03-03,-1.6906656351965472
2016-03-04,-1.8113526260448036
2016-03-05,-1.8781938386775066
2016-03-06,-1.3572399470827634
2016-03-07,-1.330359704807281
2016-03-08,-1.7443430116134058
2016-03-09,-1.6558215228397861
2016-03-10,-1.8193608960983016
2016-03-11,-1.872277371295388
2016-03-12,-2.029584808793934
2016-03-13,-1.93386432599609
2016-03-14,-1.9855914630003628
2016-03-15,-1.9445907740932349
2016-03-16,-1.6131368429564896
2016-03-17,-1.8593120149871476
2016-03-18,-1.8590054444878068
2016-03-19,-1.9529495329277777
2016-03-20,-1.7719625572222688
2016-03-21,-1.6317851094239066
2016-03-22,-1.8585685256642208
2016-03-23,-1.9651609762718991
2016-03-24,-1.9929535696368277
2016-03-25,-2.070152716139554
2016-03-26,-2.0562452898666734
2016-03-27,-1.5520113721379039
2016-03-28,-1.8896310910184206
2016-03-29,-1.962818035772965
2016-03-30,-1.919620295675229
2016-03-31,-1.9711721810502802
2016-04-01,-1.9332393581278113
2016-04-02,-2.1366467702605783
2016-04-03,-1.9657852878037072
2016-04-04,-1.719057352242283
2016-04-05,-1.855543159313148
2016-04-06,-1.834191501651082
2016-04-07,-1.7403076535979514
2016-04-08,-1.8105479987500341
2016-04-09,-1.7989566105359063
2016-04-10,-1.5013507728921616
2016-04-11,-1.6840101706081492
2016-04-12,-1.7575113261464776
2016-04-13,-1.692292922258396
2016-04-14,-1.7404269896003821
2016-04-15,-1.8751078617611008
2016-04-16,-1.8702640177901133
2016-04-17,-1.5508416782673315
2016-04-18,-1.6389392479536218
2016-04-19,-1.7839768156374276
2016-04-20,-1.6727780476494076
2016-04-21,-1.5682255603833335
2016-04-22,-1.4102931355998014
2016-04-23,-1.7920914253044118
2016-04-24,-1.4687676727968946
2016-04-25,-1.4195065787279244
2016-04-26,-1.5467435064594945
2016-04-27,-1.4738098179522163
2016-04-28,-1.688339680306418
2016-04-29,-1.740253107781712
2016-04-30,-1.7892527643810823
2016-05-01,-1.2899358271618109
2016-05-02,-1.4996111960335103
2016-05-03,-1.6452137349749671
2016-05-04,-1.5738703786692538
2016-05-05,-1.537831445073924
2016-05-06,-1.556816788716301
2016-05-07,-1.7288098524288633
2016-05-08,-1.5965121230491601
2016-05-09,-1.670329340919472
2016-05-10,-1.853596843426023
2016-05-11,-1.6527823240725705
2016-05-12,-1.7649517341131813
2016-05-13,-1.7587451332793025
2016-05-14,-1.7155039205239329
2016-05-15,-1.4050647344889933
2016-05-16,-1.5730918353174184
2016-05-17,-1.793901660308968
2016-05-18,-1.7534957430538605
2016-05-19,-1.6304406851375923
2016-05-20,-1.8388779332056502
2016-05-21,-1.8635476192537888
2016-05-22,-1.6432760551472323
2016-05-23,-1.763939954683895
2016-05-24,-2.0018585463731324
2016-05-25,-1.9413399619848295
2016-05-26,-1.8045744378967763
2016-05-27,-1.8326057141769077
2016-05-28,-1.8931889082626339
2016-05-29,-1.7281584615430192
2016-05-30,-1.5626017094699347
2016-05-31,-1.701834305395146
2016-06-01,-1.8348885574810598
2016-06-02,-1.770267827789137
2016-06-03,-1.947885671559948
2016-06-04,-1.6955262684519952
2016-06-05,-1.6678252266888483
2016-06-06,-1.8340561397338062
2016-06-07,-1.7976059787903997
2016-06-08,-1.4926064159390755
2016-06-09,-1.5915742584499457
2016-06-10,-1.725336517719936
2016-06-11,-1.7455848677303967
2016-06-12,-2.700872800309587
2016-06-13,-2.926077301926362
2016-06-14,-2.672545981321562
2016-06-15,-2.364164857518524
2016-06-16,-2.2786961380433457
2016-06-17,-2.113754581588936
2016-06-18,-2.099449910248101
2016-06-19,-1.7911533249742566
2016-06-20,-1.9566885447590705
2016-06-21,-2.160595840599565
2016-06-22,-1.9748517904996148
2016-06-23,-2.028489358081355
2016-06-24,-1.8391866962434789
2016-06-25,-2.0324641488548414
2016-06-26,-1.6943410831242425
2016-06-27,-1.7242799415132295
2016-06-28,-1.9979375333785472
2016-06-29,-2.0380811749988825
2016-06-30,-1.8523099473553417
2016-07-01,-1.8962879337983707
2016-07-02,-2.1693321537852266
2016-07-03,-1.979628537657706
2016-07-04,-1.7728042202926773
2016-07-05,-1.72463404775985
2016-07-06,-2.012983431268562
2016-07-07,-2.1271140001380173
2016-07-08,-3.0467352269300036
2016-07-09,-3.012818301635643
2016-07-10,-2.733296498635552
2016-07-11,-2.5363085707772166
2016-07-12,-2.2975020836999187
2016-07-13,-1.9200964953960469
2016-07-14,-1.8596621876329054
2016-07-15,-1.9184425086127916
2016-07-16,-2.023432479618062
2016-07-17,-2.502182309880716
2016-07-18,-2.3613326598979785
2016-07-19,-2.0687780785934544
2016-07-20,-1.806801956052372
2016-07-21,-1.6842266001839516
2016-07-22,-1.7921336911341
2016-07-23,-1.81655647084726
2016-07-24,-1.6546972640701005
2016-07-25,-1.6874066205635212
2016-07-26,-1.6912194636090323
2016-07-27,-1.6937570015737995
2016-07-28,-1.7406238921502288
2016-07-29,-1.8370601192766716
2016-07-30,-2.1620280771872755
2016-07-31,-1.8590030126055543
2016-08-01,-1.7303227547647653
2016-08-02,-1.9536596072409131
2016-08-03,-1.9419939720055064
2016-08-04,-1.924599046579768
2016-08-05,-2.072445684077088
2016-08-06,-1.9264942732470591
2016-08-07,-1.666483460764119
2016-08-08,-1.8539081703542115
2016-08-09,-2.123339902708446
2016-08-10,-2.0864296449045554
2016-08-11,-2.029324519019948
2016-08-12,-2.093099465823926
2016-08-13,-2.3379507699654
2016-08-14,-2.289666519248401
2016-08-15,-2.2969124849151172
2016-08-16,-2.3562520115632357
2016-08-17,-2.0759402218984295
2016-08-18,-1.9213526038537947
2016-08-19,-2.0591470921243036
2016-08-20,-2.200996872398132
2016-08-21,-1.922399998905676
2016-08-22,-1.8617608388211233
2016-08-23,-2.039971787255133
2016-08-24,-1.9083182944217798
2016-08-25,-1.815269802744143
2016-08-26,-1.9759912065532454
2016-08-27,-2.102087591065597
2016-08-28,-1.8233165218460787
2016-08-29,-1.8486411914824972
2016-08-30,-1.9994031435519555
2016-08-31,-1.8503035819905156
2016-09-01,-1.8153409202679156
2016-09-02,-2.119445332800847
2016-09-03,-2.0435548357490636
2016-09-04,-1.7716731677902393
2016-09-05,-1.7048226960383348
2016-09-06,-1.7223964869254027
2016-09-07,-1.8063010428800788
2016-09-08,-1.8286106107381164
2016-09-09,-1.9402553919335466
2016-09-10,-2.092655254722509
2016-09-11,-2.0227177236521774
2016-09-12,-1.7412975912313284
2016-09-13,-1.872436714223621
2016-09-14,-1.7678005719047334
2016-09-15,-1.8086506757477558
2016-09-16,-1.7959093585082722
2016-09-17,-1.942110273472361
2016-09-18,-2.2228531149443373
2016-09-19,-2.06165307551081
2016-09-20,-2.1428401930353487
2016-09-21,-2.0625112790319307
2016-09-22,-2.1943291795488857
2016-09-23,-2.201651080253456
2016-09-24,-2.452761058297033
2016-09-25,-2.16422605864511
2016-09-26,-1.9899834941309102
2016-09-27,-2.2716309828757004
2016-09-28,-2.0952595197408326
2016-09-29,-2.1337169121614847
2016-09-30,-2.107858889034624
2016-10-01,-2.1964782455616763
2016-10-02,-2.00524853489736
2016-10-03,-1.9152097430411132
2016-10-04,-2.0976196137757372
2016-10-05,-2.1267033308302397
2016-10-06,-2.1542731177172736
2016-10-07,-2.0866390067949663
2016-10-08,-2.1743907524025183
2016-10-09,-2.1556105299927606
2016-10-10,-2.188850401927063
2016-10-11,-1.955914760829049
2016-10-12,-2.066451813551935
2016-10-13,-2.036017012810787
2016-10-14,-2.043817629150156
2016-10-15,-2.116823672208878
2016-10-16,-1.885254898981942
2016-10-17,-1.9657231928275762
2016-10-18,-1.9304525390365228
2016-10-19,-1.9544042183272345
2016-10-20,-1.9544323166740578
2016-10-21,-1.8607308200682964
2016-10-22,-1.9758898480356883
2016-10-23,-1.7629728983071817
2016-10-24,-1.7636393728927071
2016-10-25,-1.7522396334589514
2016-10-26,-1.6856733421542838
2016-10-27,-1.6462550244386251
2016-10-28,-1.859085390403699
2016-10-29,-1.9291551395257003
2016-10-30,-1.7303332728248246
2016-10-31,-1.807064321331251
2016-11-01,-1.7425436210434246
2016-11-02,-1.9055329253269488
2016-11-03,-1.7711943897771412
2016-11-04,-1.8731260272631876
2016-11-05,-1.964247580008947
2016-11-06,-1.6810234244958846
2016-11-07,-1.6231702926652438
2016-11-08,-1.4532411063156574
2016-11-09,-0.8824826698863755
2016-11-10,-1.3543736983110077
2016-11-11,-1.4617049379391016
2016-11-12,-1.7644292455402226
2016-11-13,-1.8150377870033791
2016-11-14,-1.6863109657892479
2016-11-15,-1.718357141918173
2016-11-16,-1.7714559486810688
2016-11-17,-1.7872215060390888
2016-11-18,-1.6682363278668764
2016-11-19,-1.8198537060391606
2016-11-20,-1.4125720099446477
2016-11-21,-1.6532920605924988
2016-11-22,-1.8858009785273673
2016-11-23,-1.758588548295053
2016-11-24,-1.502611063043885
2016-11-25,-1.4695144619519338
2016-11-26,-1.780864833640367
2016-11-27,-1.569477361867165
2016-11-28,-1.873412685716886
2016-11-29,-2.0477674409063558
2016-11-30,-1.7387171453065526
2016-12-01,-1.6928464387241193
2016-12-02,-1.7299336193755823
2016-12-03,-1.8016759702631167
2016-12-04,-1.5401775999396188
2016-12-05,-1.6863505783125816
2016-12-06,-1.8236084409620241
2016-12-07,-1.76358689154736
2016-12-08,-1.7066199906690378
2016-12-09,-1.6575703425148358
2016-12-10,-1.7073218972775115
2016-12-11,-1.4230301062818438
2016-12-12,-1.5006852793513104
2016-12-13,-1.6945837988731145
2016-12-14,-1.6505897875196562
2016-12-15,-1.7717425255046022
2016-12-16,-1.7767108655030297
2016-12-17,-1.7932300225059346
2016-12-18,-1.5967522539938939
2016-12-19,-1.6498200066261974
2016-12-20,-1.897370477089348
2016-12-21,-1.870668195004635
2016-12-22,-1.9691431239373902
2016-12-23,-1.947901849859752
2016-12-24,-1.848299809705471
2016-12-25,-1.4330171438583583
2016-12-26,-1.730086534668496
2016-12-27,-1.8910511974059856
2016-12-28,-1.9164947431571062
2016-12-29,-1.935761004573306
2016-12-30,-2.0955281039217613
2016-12-31,-2.019324405157564
2017-01-01,-1.9764852114035296
2017-01-02,-1.92164273571146
2017-01-03,-1.8011132437992778
2017-01-04,-1.83483148282718
2017-01-05,-1.78522924907629
2017-01-06,-1.8859623157938668
2017-01-07,-2.1775076442772416
2017-01-08,-1.9754770002537894
2017-01-09,-1.6761469425927613
2017-01-10,-1.8623118234373297
2017-01-11,-1.7756025796866504
2017-01-12,-1.6520473672382419
2017-01-13,-1.6439849061055387
2017-01-14,-1.6924364010353374
2017-01-15,-1.511679622688254
2017-01-16,-1.2870999197158006
2017-01-17,-1.4245824754843108
2017-01-18,-1.7039435242717522
2017-01-19,-1.5251229763905438
2017-01-20,-1.3431992631881478
2017-01-21,-1.4824390938381649
2017-01-22,-1.3715004958658876
2017-01-23,-1.5399232182186176
2017-01-24,-1.5244732038467594
2017-01-25,-1.5984027747724316
2017-01-26,-1.8029653592890804
2017-01-27,-1.8488958887605607
2017-01-28,-2.121574102805074
2017-01-29,-2.613059360462563
2017-01-30,-2.4489306685692385
2017-01-31,-2.25796211239643
2017-02-01,-1.860052826809288
2017-02-02,-1.9611482330831478
2017-02-03,-2.117794018414428
2017-02-04,-2.376560506290729
2017-02-05,-2.236658669085923
2017-02-06,-1.94231253589765
2017-02-07,-2.141054367879329
2017-02-08,-2.057339473818249
2017-02-09,-1.9676675241651957
2017-02-10,-1.9801576772051286
2017-02-11,-2.1352899770611784
2017-02-12,-1.7933151235071694
2017-02-13,-1.810671017938353
2017-02-14,-1.9547716347148267
2017-02-15,-1.7716785245774878
2017-02-16,-1.745200125304244
2017-02-17,-1.8598783751362449
2017-02-18,-1.9266770761119913
2017-02-19,-1.904601269123337
2017-02-20,-1.6654345823165768
2017-02-21,-1.8331111245619078
2017-02-22,-1.879191181559264
2017-02-23,-1.8000759562566897
2017-02-24,-1.8824904441041044
2017-02-25,-1.9234881658115426
2017-02-26,-1.484570041564756
2017-02-27,-1.610925219544889
2017-02-28,-1.88119317482959
2017-03-01,-1.6927615945701493
2017-03-02,-1.6328368527605908
2017-03-03,-1.7714719916004067
2017-03-04,-1.927233864250115
2017-03-05,-1.9004420905826742
2017-03-06,-1.9391004557392648
2017-03-07,-2.0414783585441594
2017-03-08,-1.8410636256397195
2017-03-09,-1.7843526157033294
2017-03-10,-1.7880369647579644
2017-03-11,-1.9134729972184088
2017-03-12,-1.6846854651809802
2017-03-13,-1.6088799796384006
2017-03-14,-1.7496717673507056
2017-03-15,-1.7004861157591085
2017-03-16,-1.8604457414624567
2017-03-17,-1.8112830604425036
2017-03-18,-1.7651404485355873
2017-03-19,-1.4901862171254452
2017-03-20,-1.54889125345628
2017-03-21,-1.7439391326784204
2017-03-22,-1.8028704278375474
2017-03-23,-1.738661920206818
2017-03-24,-1.8702115734879188
2017-03-25,-1.8588092134900318
2017-03-26,-1.8571108600198072
2017-03-27,-1.7503872384407875
2017-03-28,-1.7868203200919945
2017-03-29,-1.7589735021112873
2017-03-30,-1.8411342368306547
2017-03-31,-1.9416376563403988
2017-04-01,-1.8571548371828144
2017-04-02,-1.6318891916938028
2017-04-03,-1.756644689754569
2017-04-04,-1.8498244749118324
2017-04-05,-1.8412265481978551
2017-04-06,-1.9080959016624632
2017-04-07,-2.4117717043873754
2017-04-08,-2.346323566577811
2017-04-09,-2.0769433910531556
2017-04-10,-2.104355173947971
2017-04-11,-2.2690005121547854
2017-04-12,-1.9883978300606182
2017-04-13,-1.9523323627746407
2017-04-14,-2.1175478213108936
2017-04-15,-2.274533062943403
2017-04-16,-2.139269112043892
2017-04-17,-1.991890332050352
2017-04-18,-1.9809241550759393
2017-04-19,-1.8228039028308778
2017-04-20,-1.7304118588254236
2017-04-21,-1.7693813685779896
2017-04-22,-1.806768782243781
2017-04-23,-1.569246975754433
2017-04-24,-1.7418105563666324
2017-04-25,-1.8662528040923099
2017-04-26,-1.8595682078770375
2017-04-27,-1.8579692336367324
2017-04-28,-1.8843486121591544
2017-04-29,-1.9048897824421833
2017-04-30,-1.5435988619392245
2017-05-01,-1.7496412287440788
2017-05-02,-1.9159865749165672
2017-05-03,-1.8491291578383073
2017-05-04,-1.6995820630826344
2017-05-05,-1.7511683527665427
2017-05-06,-1.8431545206374937
2017-05-07,-1.527167110755914
2017-05-08,-1.6542652007737495
2017-05-09,-1.7862683778507233
2017-05-10,-1.7816486802876736
2017-05-11,-1.8178347371221935
2017-05-12,-1.9182289351476653
2017-05-13,-1.8128960847466717
2017-05-14,-1.5367580160424432
2017-05-15,-1.7405099594377478
2017-05-16,-1.9379923354104136
2017-05-17,-1.9470942214365834
2017-05-18,-1.8759097420593833
2017-05-19,-1.9302147952471924
2017-05-20,-1.8608260131300736
2017-05-21,-1.5814583121917045
2017-05-22,-1.6480565034638144
2017-05-23,-1.794393276354991
2017-05-24,-1.6515846662253413
2017-05-25,-1.8351020651279946
2017-05-26,-1.9476230329393809
2017-05-27,-2.0819987747957085
2017-05-28,-1.9449443955591594
2017-05-29,-1.7904713466708218
2017-05-30,-1.9171829061561216
2017-05-31,-1.9620621502640971
2017-06-01,-1.778321017693911
2017-06-02,-1.577465074933723
2017-06-03,-1.7212607049930781
2017-06-04,-1.7669175777473416
2017-06-05,-1.922448877623332
2017-06-06,-1.9364440848582833
2017-06-07,-1.8874411268754308
2017-06-08,-1.7655153857717127
2017-06-09,-1.8671013671724959
2017-06-10,-1.9865430589814945
2017-06-11,-1.7551458926651393
2017-06-12,-1.7275513578548578
2017-06-13,-2.027496427523317
2017-06-14,-2.0046592616184546
2017-06-15,-2.041306630771321
2017-06-16,-2.119661290743985
2017-06-17,-2.216620518470625
2017-06-18,-1.8775615829762577
2017-06-19,-1.9435473837627364
2017-06-20,-2.1056269701202375
2017-06-21,-1.9488583650005236
2017-06-22,-2.0603909177272968
2017-06-23,-2.079516770702792
2017-06-24,-2.070123740460919
2017-06-25,-1.546733547354838
2017-06-26,-1.7352487854674539
2017-06-27,-2.1426714793446555
2017-06-28,-2.016500301824848
2017-06-29,-2.1226613002120844
2017-06-30,-2.1904241416879477
2017-07-01,-2.189027013202501
2017-07-02,-2.0665876879194305
2017-07-03,-1.9982738642934694
2017-07-04,-1.8541950795416302
2017-07-05,-1.808124422971401
2017-07-06,-2.0894028996640515
2017-07-07,-2.2270870342745477
2017-07-08,-2.2366498090382056
2017-07-09,-1.8950694323536237
2017-07-10,-2.058371840013857
2017-07-11,-2.0523233607408455
2017-07-12,-2.06274014067147
2017-07-13,-1.9865458079875435
2017-07-14,-2.1646568058880704
2017-07-15,-2.1872074533873707
2017-07-16,-1.7931875840573506
2017-07-17,-1.9968367191428598
2017-07-18,-2.1094754247487586
2017-07-19,-2.027144477523598
2017-07-20,-2.005522093594039
2017-07-21,-2.061504773196829
2017-07-22,-2.1511469769017255
2017-07-23,-1.9253960305641262
2017-07-24,-2.0494108698681917
2017-07-25,-2.10108354956466
2017-07-26,-2.13977488673565
2017-07-27,-2.0854615660176448
2017-07-28,-2.073586545646601
2017-07-29,-2.001296365566346
2017-07-30,-1.7662384161615947
2017-07-31,-1.9859266109989437
2017-08-01,-2.0399209125261177
2017-08-02,-1.9976616924286035
2017-08-03,-2.0389054227474532
2017-08-04,-2.087011652323488
2017-08-05,-2.283433839585508
2017-08-06,-2.0734599468513615
2017-08-07,-2.0988564407242674
2017-08-08,-2.1241963498446923
2017-08-09,-2.0097241541896866
2017-08-10,-2.124716068253136
2017-08-11,-2.136710425797995
2017-08-12,-2.4019124146238213
2017-08-13,-2.876559791904418
2017-08-14,-2.87902423601744
2017-08-15,-2.645999635633349
2017-08-16,-2.577954336230392
2017-08-17,-2.530728088832705
2017-08-18,-2.542436165110289
2017-08-19,-2.5983115215815635
2017-08-20,-2.28031260674786
2017-08-21,-2.109148928760686
2017-08-22,-2.167109481848259
2017-08-23,-2.3484296478266735
2017-08-24,-2.1583475525186238
2017-08-25,-2.384832295732507
2017-08-26,-2.5412017299861973
2017-08-27,-2.317189791929664
2017-08-28,-2.1812398414803527
2017-08-29,-2.3765062217345765
2017-08-30,-2.1250755353592323
2017-08-31,-2.1102017921239775
2017-09-01,-2.0301606590638954
2017-09-02,-2.1006956674660735
2017-09-03,-1.9711225904041572
2017-09-04,-1.8809011787721603
2017-09-05,-1.755811875300248
2017-09-06,-1.8168985074785593
2017-09-07,-1.9853570182461682
2017-09-08,-2.0532947092461518
2017-09-09,-2.25414059101811
2017-09-10,-2.247137522778324
2017-09-11,-2.2611830570804146
2017-09-12,-2.1006913035146977
2017-09-13,-1.9552988978872154
2017-09-14,-1.8467214247833847
2017-09-15,-2.144794131672975
2017-09-16,-2.2154654519603985
2017-09-17,-1.8465327631896147
2017-09-18,-1.6779710607234837
2017-09-19,-1.92272581191184
2017-09-20,-1.8301568048756691
2017-09-21,-1.772004087976071
2017-09-22,-1.939339154861886
2017-09-23,-2.0463735901791313
2017-09-24,-1.7921435246470099
2017-09-25,-2.0284966908133324
2017-09-26,-2.0242138287163174
2017-09-27,-1.8967655051443317
2017-09-28,-1.9067377371146426
2017-09-29,-1.8585586144768467
2017-09-30,-2.110098071526422
2017-10-01,-1.6739533082065032
2017-10-02,-2.6228865990680106
2017-10-03,-2.3749797168946163
2017-10-04,-2.205605229179579
2017-10-05,-2.0807996160148985
2017-10-06,-1.9676701398822491
2017-10-07,-2.2221333765991953
2017-10-08,-2.0678109808248375
2017-10-09,-1.8485582147107564
2017-10-10,-2.1138673509054136
2017-10-11,-2.1159239567264407
2017-10-12,-2.0803778820496523
2017-10-13,-2.008427945240336
2017-10-14,-2.111175726431142
2017-10-15,-1.8373629080068636
2017-10-16,-2.1506614814177145
2017-10-17,-2.1377994418578172
2017-10-18,-2.151609957493259
2017-10-19,-2.0480905807107783
2017-10-20,-2.1286167692565297
2017-10-21,-2.368329889754294
2017-10-22,-1.7818588419176111
2017-10-23,-2.042734841742924
2017-10-24,-2.133124242949306
2017-10-25,-2.05621218053949
2017-10-26,-1.9706674326520888
2017-10-27,-2.0357623261871347
2017-10-28,-2.0389756838480455
2017-10-29,-1.858961923398434
2017-10-30,-2.0750746512050875
2017-10-31,-2.222054464028907
2017-11-01,-2.5602045589712934
2017-11-02,-2.3988308076232636
2017-11-03,-2.301749367978274
2017-11-04,-2.2854187148282175
2017-11-05,-2.3713767530230654
2017-11-06,-2.7330520725177845
2017-11-07,-2.3564047132650985
2017-11-08,-1.8825170481488565
2017-11-09,-1.9064732193837621
2017-11-10,-1.8694798541730402
2017-11-11,-1.763368022947968
2017-11-12,-1.7512532603680717
2017-11-13,-1.6863357694065488
2017-11-14,-2.070925162224271
2017-11-15,-2.2603675820722744
2017-11-16,-2.1857420057862336
2017-11-17,-2.129098311668181
2017-11-18,-2.2328879527829533
2017-11-19,-1.8211734894840943
2017-11-20,-1.9644931635327485
2017-11-21,-2.0156520944009286
2017-11-22,-2.1187260243907615
2017-11-23,-1.9372512122918601
2017-11-24,-1.9273902415734865
2017-11-25,-2.0848661135612354
2017-11-26,-1.9255917804069707
2017-11-27,-1.8843701247107174
2017-11-28,-2.025929712564178
2017-11-29,-2.1531232433683423
2017-11-30,-2.193838217600846
2017-12-01,-2.3523344421542145
2017-12-02,-2.386212693289195
2017-12-03,-2.152001747871486
2017-12-04,-1.9684462027304706
2017-12-05,-2.0501523762712988
2017-12-06,-2.0251882487176336
2017-12-07,-2.2145321367647965
2017-12-08,-2.2421567476730018
2017-12-09,-2.2816131280217538
2017-12-10,-2.145678389571286
2017-12-11,-2.2766769356391956
2017-12-12,-2.236264746198854
2017-12-13,-1.922019676077593
2017-12-14,-2.084321665828114
2017-12-15,-2.183149183562315
2017-12-16,-2.243791118860903
2017-12-17,-1.864383709690795
2017-12-18,-2.0379660335240746
2017-12-19,-2.242374687409512
2017-12-20,-2.282174122306063
2017-12-21,-2.138941163461645
2017-12-22,-1.997952504014952
2017-12-23,-2.1455480712155306
2017-12-24,-1.9340373290364867
2017-12-25,-1.5171058503735868
2017-12-26,-1.747263000539558
2017-12-27,-1.9959519328954747
2017-12-28,-2.2704077522987642
2017-12-29,-2.2580949390183536
2017-12-30,-2.356179980099622
2017-12-31,-2.413673223807053
2018-01-01,-2.31008433395725
2018-01-02,-1.9264533630562213
2018-01-03,-2.0848345994984276
2018-01-04,-2.1961865375634337
2018-01-05,-2.336292581293828
2018-01-06,-2.2493624211008343
2018-01-07,-1.8528090737127871
2018-01-08,-1.7442472322232851
2018-01-09,-1.9275217829763176
2018-01-10,-1.8706497413025935
2018-01-11,-1.9073112238271936
2018-01-12,-2.02504770670457
2018-01-13,-2.263410567562265
2018-01-14,-2.0242529807215903
2018-01-15,-1.7343539091325941
2018-01-16,-1.7907463766991008
2018-01-17,-2.087373871526291
2018-01-18,-2.017244783367907
2018-01-19,-1.99721409543791
2018-01-20,-2.1091948726256593
2018-01-21,-1.8264704279419577
2018-01-22,-1.7116532414369847
2018-01-23,-2.0038324803211967
2018-01-24,-2.0117198655507282
2018-01-25,-1.9250453253797808
2018-01-26,-1.9159683872411337
2018-01-27,-2.0121537652275245
2018-01-28,-1.7344230300121704
2018-01-29,-1.9282621573181964
2018-01-30,-2.0199506535206577
2018-01-31,-1.8685912812823637
2018-02-01,-1.9662205196834255
2018-02-02,-2.103639119231123
2018-02-03,-2.2573854657486034
2018-02-04,-2.0048167517753
2018-02-05,-1.8662726817224773
2018-02-06,-1.9733044828295425
2018-02-07,-1.8367022185935051
2018-02-08,-1.8986288616590166
2018-02-09,-2.0890198678755514
2018-02-10,-2.1687364039288264
2018-02-11,-1.9113652128355356
2018-02-12,-1.9344185394781446
2018-02-13,-1.9236414644158604
2018-02-14,-2.0212529863999507
2018-02-15,-2.5217037023263313
2018-02-16,-2.4863429663400214
2018-02-17,-2.5095538994692466
2018-02-18,-2.1575365210012567
2018-02-19,-2.0059183471830417
2018-02-20,-1.9880241604835742
2018-02-21,-2.169694765878206
2018-02-22,-2.190376403154169
2018-02-23,-2.3523469059053337
2018-02-24,-2.3292570119291938
2018-02-25,-1.8961691533492293
2018-02-26,-1.9542838566553804
2018-02-27,-1.9894919750692652
2018-02-28,-1.9425367551969595
2018-03-01,-2.0379052021233908
2018-03-02,-2.162579909045328
2018-03-03,-2.2530115473829224
2018-03-04,-1.8176990376034736
2018-03-05,-1.6371768930193786
2018-03-06,-1.8427579319648126
2018-03-07,-1.910028736645363
2018-03-08,-1.931366635542412
2018-03-09,-1.9025016853406491
2018-03-10,-2.0122689967493708
2018-03-11,-1.597809890976089
2018-03-12,-1.666430946057291
2018-03-13,-1.94000580853733
2018-03-14,-1.890688670313318
2018-03-15,-2.080617959139981
2018-03-16,-2.066054151169043
2018-03-17,-2.1084044556783677
2018-03-18,-1.7732873636428106
2018-03-19,-1.8550654857668651
2018-03-20,-2.0947257782061786
2018-03-21,-2.0607636349599017
2018-03-22,-1.9434198623185464
2018-03-23,-1.9090398644979083
2018-03-24,-1.916286468938044
2018-03-25,-1.7381772908149644
2018-03-26,-1.8269272684836941
2018-03-27,-1.8847739716335103
2018-03-28,-1.8645627460914294
2018-03-29,-1.9170319312805069
2018-03-30,-2.0748839676478954
2018-03-31,-2.0850620787458856
2018-04-01,-1.7906164471013435
2018-04-02,-1.748981572055901
2018-04-03,-1.930333697849538
2018-04-04,-2.0533495861505773
2018-04-05,-1.9414360155263863
2018-04-06,-1.9772198780210835
2018-04-07,-2.027926295125163
2018-04-08,-1.886251644723045
2018-04-09,-2.022457369597511
2018-04-10,-2.1089439424013414
2018-04-11,-1.9937590342210956
2018-04-12,-2.038447901226675
2018-04-13,-2.1324091439159134
2018-04-14,-2.3842508429470866
2018-04-15,-1.9973294574337779
2018-04-16,-2.0685545797655287
2018-04-17,-2.140069906390562
2018-04-18,-1.8118849255945144
2018-04-19,-1.7908789818275976
2018-04-20,-2.0220818604032837
2018-04-21,-1.9718290828341756
2018-04-22,-1.7689075510133392
2018-04-23,-1.911499144917381
2018-04-24,-1.9933173644363602
2018-04-25,-2.0183512186481427
2018-04-26,-2.103998331612209
2018-04-27,-2.0264423788463297
2018-04-28,-1.9517905816604428
2018-04-29,-1.7002729751052277
2018-04-30,-1.7495242533938622
2018-05-01,-1.9489225658163503
2018-05-02,-1.8345253043692038
2018-05-03,-1.9164200233684152
2018-05-04,-1.9221301370612052
2018-05-05,-1.9623345214965568
2018-05-06,-1.691561729949052
2018-05-07,-1.8000246076326742
2018-05-08,-1.9218343173090238
2018-05-09,-1.774496156857651
2018-05-10,-1.5855571453835553
2018-05-11,-1.833717097829003
2018-05-12,-1.7766134431077945
2018-05-13,-1.6462491043858705
2018-05-14,-1.8150857666815925
2018-05-15,-2.0764869380684514
2018-05-16,-1.8870272091059659
2018-05-17,-1.8323547985730975
2018-05-18,-2.0265669004296756
2018-05-19,-1.8681989562738972
2018-05-20,-1.5922252532234957
2018-05-21,-1.7791355419481103
2018-05-22,-1.9013962911361943
2018-05-23,-1.9518822552356454
2018-05-24,-1.8482463506599414
2018-05-25,-2.1719736141902293
2018-05-26,-1.934779734256321
2018-05-27,-1.6360409488178709
2018-05-28,-1.736609149059948
2018-05-29,-1.6851739543829742
2018-05-30,-1.9566669763431637
2018-05-31,-1.938347901825828
2018-06-01,-1.860374615152341
2018-06-02,-2.0257234954363676
2018-06-03,-1.7262978496402834
2018-06-04,-1.7061126922440493
2018-06-05,-1.8249317306940254
2018-06-06,-1.7528038513838586
2018-06-07,-1.7618268156083396
2018-06-08,-1.789885590386761
2018-06-09,-1.8445902066838713
2018-06-10,-1.442891788766626
2018-06-11,-1.611988043603773
2018-06-12,-1.8034136404580197
2018-06-13,-1.779240008199094
2018-06-14,-1.757609432160077
2018-06-15,-1.9131179721760831
2018-06-16,-1.9303602037395735
2018-06-17,-1.6798453615463307
2018-06-18,-1.9405910420886907
2018-06-19,-2.2358742978509976
2018-06-20,-2.168050896898528
2018-06-21,-2.137626060038458
2018-06-22,-2.1072729442386287
2018-06-23,-2.3226392098877415
2018-06-24,-1.9554965363243477
2018-06-25,-1.9445310171324743
2018-06-26,-2.0964769633010873
2018-06-27,-2.117079041494042
2018-06-28,-1.9562661563854065
2018-06-29,-2.3329223680683455
2018-06-30,-2.2630205390739224
2018-07-01,-2.018360429581582
2018-07-02,-1.9755622149817522
2018-07-03,-2.061465995041672
2018-07-04,-1.8481889189942238
2018-07-05,-1.6383963615872006
2018-07-06,-1.927443991021749
2018-07-07,-1.9735013539073603
2018-07-08,-1.8658628817328289
2018-07-09,-1.8223097947109483
2018-07-10,-1.6966250594149643
2018-07-11,-1.8665905961686315
2018-07-12,-1.8735861914644314
2018-07-13,-1.9150014440514491
2018-07-14,-2.0371832648956496
2018-07-15,-1.801816525655719
2018-07-16,-2.100060696395959
2018-07-17,-2.2754963516328703
2018-07-18,-2.2462895899485043
2018-07-19,-2.1828400528537473
2018-07-20,-2.167049945980116
2018-07-21,-2.2883304276558936
2018-07-22,-2.251042911921405
2018-07-23,-2.1799669773969756
2018-07-24,-2.143105918261461
2018-07-25,-2.160520274580584
2018-07-26,-2.1473751671229424
2018-07-27,-2.357280129807583
2018-07-28,-2.4557380619655427
2018-07-29,-2.2246426456307695
2018-07-30,-2.2024154103765627
2018-07-31,-2.198128709317452
2018-08-01,-2.1749351013516076
2018-08-02,-2.1589860970462054
2018-08-03,-2.3223740743680827
2018-08-04,-2.3591022015366585
2018-08-05,-2.1645777652078744
2018-08-06,-2.4079373027111797
2018-08-07,-2.3729975023248318
2018-08-08,-2.091245800492165
2018-08-09,-2.3539034654832287
2018-08-10,-2.4245152607754714
2018-08-11,-2.61460373699091
2018-08-12,-2.202547084462323
2018-08-13,-2.2572858329917285
2018-08-14,-2.4162122077362422
2018-08-15,-2.1543322226287427
2018-08-16,-2.214652817823747
2018-08-17,-2.3008982022535176
2018-08-18,-2.409813067069496
2018-08-19,-2.024709747484367
2018-08-20,-2.1955910326016017
2018-08-21,-2.4814674716460625
2018-08-22,-2.685022171117139
2018-08-23,-2.509962039426936
2018-08-24,-2.3726458173495324
2018-08-25,-2.3615766608951954
2018-08-26,-1.9340741736001577
2018-08-27,-1.9786326231254359
2018-08-28,-2.0714500935056854
2018-08-29,-2.021251616854888
2018-08-30,-2.212351418331983
2018-08-31,-2.2051396373141414
2018-09-01,-2.1030439940916352
2018-09-02,-1.9095584974374835
2018-09-03,-1.9348796716734518
2018-09-04,-1.9425203345677722
2018-09-05,-2.1320683318313876
2018-09-06,-2.18381707244285
2018-09-07,-2.1937429334246272
2018-09-08,-2.2734792624955196
2018-09-09,-1.978620579265091
2018-09-10,-2.059187508289619
2018-09-11,-2.3767885467478336
2018-09-12,-2.1880118384848406
2018-09-13,-2.3307003809814666
2018-09-14,-2.407531737857263
2018-09-15,-2.672489461076989
2018-09-16,-2.46960206327958
2018-09-17,-2.321553016282799
2018-09-18,-1.9939250036460279
2018-09-19,-2.1691297847736375
2018-09-20,-2.147663312520524
2018-09-21,-2.211105887816725
2018-09-22,-2.2919851331348755
2018-09-23,-2.119089967964289
2018-09-24,-2.145348931612074
2018-09-25,-2.1380530790111494
2018-09-26,-2.0932126647417806
2018-09-27,-2.092542262327535
2018-09-28,-2.04570719772085
2018-09-29,-2.1397633196962973
2018-09-30,-1.9588855979791278
2018-10-01,-1.810351585080743
2018-10-02,-1.7790271559067694
2018-10-03,-1.9872256365654843
2018-10-04,-2.0756980789088795
2018-10-05,-2.097165656892997
2018-10-06,-2.102961191224062
2018-10-07,-1.9382891758586807
2018-10-08,-1.6741376133035422
2018-10-09,-1.716681653528662
2018-10-10,-1.8519773385475196
2018-10-11,-2.120962585579966
2018-10-12,-2.2303973036546747
2018-10-13,-2.1011603153054796
2018-10-14,-1.7971072639541972
2018-10-15,-1.900100670321634
2018-10-16,-2.006227878069448
2018-10-17,-1.9900804031978656
2018-10-18,-2.076735219936921
2018-10-19,-2.151855288047006
2018-10-20,-2.191777678181827
2018-10-21,-2.049594437727243
2018-10-22,-1.9812714757513359
2018-10-23,-2.0451898147448864
2018-10-24,-1.924391411013482
2018-10-25,-2.0407326686387997
2018-10-26,-2.119656220431856
2018-10-27,-2.445151509924606
2018-10-28,-2.728624233362384
2018-10-29,-2.34309272154423
2018-10-30,-2.4310981240917773
2018-10-31,-2.238609339396247
2018-11-01,-2.082931539260921
2018-11-02,-2.1482052731488146
2018-11-03,-2.2122424356308352
2018-11-04,-1.9332539451089545
2018-11-05,-1.783378202637411
2018-11-06,-1.8027443767385603
2018-11-07,-1.2015799220611338
2018-11-08,-1.8062535907584505
2018-11-09,-2.04096364100991
2018-11-10,-2.126477600510165
2018-11-11,-1.8661714776114604
2018-11-12,-1.7692040827641884
2018-11-13,-1.6918088299517327
2018-11-14,-1.9415118326709775
2018-11-15,-2.0258760583043993
2018-11-16,-2.121496574607846
2018-11-17,-2.0491218197389847
2018-11-18,-1.7652028976448892
2018-11-19,-2.046358438074079
2018-11-20,-2.3665273601204646
2018-11-21,-2.0901279173397502
2018-11-22,-2.0281301351358993
2018-11-23,-1.8600308302378
2018-11-24,-1.967805979232483
2018-11-25,-1.9984679128401828
2018-11-26,-2.177430353662175
2018-11-27,-2.326568102059415
2018-11-28,-2.0940452617283176
2018-11-29,-2.2637474517754947
2018-11-30,-2.1816333494287465
2018-12-01,-1.800522501467359
2018-12-02,-1.5726935618229867
2018-12-03,-1.6055250640118652
2018-12-04,-1.7465369589657205
2018-12-05,-1.8056471787879032
2018-12-06,-1.8899625822998045
2018-12-07,-2.0881651181773093
2018-12-08,-2.3829596968330398
2018-12-09,-2.064623766489702
2018-12-10,-2.096215056523602
2018-12-11,-2.2190818133877186
2018-12-12,-2.1916340939554444
2018-12-13,-2.1450998806687216
2018-12-14,-2.2501826173765354
2018-12-15,-2.1762662814820053
2018-12-16,-1.7928949778741734
2018-12-17,-1.9663397859839238
2018-12-18,-2.2455252156446734
2018-12-19,-2.2369854432678506
2018-12-20,-2.2893188694784268
2018-12-21,-2.2347789142432064
2018-12-22,-2.224659415957088
2018-12-23,-2.0041258011433043
2018-12-24,-2.0022821135723565
2018-12-25,-2.0285708596705185
2018-12-26,-2.049498140198773
2018-12-27,-2.1750074576335003
2018-12-28,-2.366946471977674
2018-12-29,-2.5492048839070756
2018-12-30,-2.386189909070373
2018-12-31,-2.2800861145766342
2019-01-01,-2.074906394673991
2019-01-02,-1.8845754015256
2019-01-03,-2.139172071461272
2019-01-04,-2.105197205265203
2019-01-05,-2.350572381053286
2019-01-06,-2.0461048939319952
2019-01-07,-2.0299811953221703
2019-01-08,-2.2322831181086635
2019-01-09,-2.2434760535453746
2019-01-10,-1.9933474352822402
2019-01-11,-2.1688670212579053
2019-01-12,-2.1557216143798748
2019-01-13,-1.8901720988466622
2019-01-14,-1.9556808160064016
2019-01-15,-2.0442086759119955
2019-01-16,-1.954172419276249
2019-01-17,-1.9846346445642327
2019-01-18,-2.007695829896457
2019-01-19,-2.077112723811888
2019-01-20,-1.6446884938768895
2019-01-21,-1.5279526908726164
2019-01-22,-1.6172017989931766
2019-01-23,-2.0112540562729504
2019-01-24,-2.111642053088519
2019-01-25,-2.290028556947627
2019-01-26,-2.276295766990076
2019-01-27,-2.145302783791001
2019-01-28,-1.8322889993751796
2019-01-29,-2.2741394796647714
2019-01-30,-2.089048671388214
2019-01-31,-2.1005537331859814
2019-02-01,-2.012776826321771
2019-02-02,-2.1087805959594945
2019-02-03,-1.9070866492949328
2019-02-04,-1.8973627170491636
2019-02-05,-2.014041209818979
2019-02-06,-1.91223914298395
2019-02-07,-1.9807205561870345
2019-02-08,-2.066314710911132
2019-02-09,-2.1287212005909706
2019-02-10,-1.8519286991644588
2019-02-11,-1.7673239033141424
2019-02-12,-2.071862229107736
2019-02-13,-2.060431544279224
2019-02-14,-2.0506652448729037
2019-02-15,-2.113144447288026
2019-02-16,-2.4886821304088445
2019-02-17,-2.1035805998049684
2019-02-18,-1.9085738347798749
2019-02-19,-1.9991717987446134
2019-02-20,-2.029896119000283
2019-02-21,-2.211712940209978
2019-02-22,-2.2264678437598997
2019-02-23,-2.139636897443081
2019-02-24,-1.8070374033477055
2019-02-25,-1.6504583560994948
2019-02-26,-2.008977546739654
2019-02-27,-2.0883976355909653
2019-02-28,-1.9788192218693614
2019-03-01,-1.9101672459770298
2019-03-02,-2.0080358940247067
2019-03-03,-1.732983862133361
2019-03-04,-1.732393446732406
2019-03-05,-1.9074929593615757
2019-03-06,-1.9230786711870707
2019-03-07,-1.9357890163688358
2019-03-08,-2.154460442022334
2019-03-09,-2.1978491007072254
2019-03-10,-1.6710863659724613
2019-03-11,-1.7301770819395077
2019-03-12,-1.937054427822327
2019-03-13,-2.104332557262733
2019-03-14,-2.1871129627961485
2019-03-15,-2.1825329608199526
2019-03-16,-2.355133717760109
2019-03-17,-2.021847324380168
2019-03-18,-2.0398973652052206
2019-03-19,-2.0794641194647747
2019-03-20,-1.9845819647113407
2019-03-21,-1.9914504094227938
2019-03-22,-2.160078652073482
2019-03-23,-2.141420402207974
2019-03-24,-1.9208888583735901
2019-03-25,-2.1014438774448707
2019-03-26,-2.2576994467563276
2019-03-27,-2.1717386172267488
2019-03-28,-2.094425158446204
2019-03-29,-2.0587766935565956
2019-03-30,-2.271397733613371
2019-03-31,-1.8654678809101464
2019-04-01,-1.8825428145943879
2019-04-02,-2.0216029117433605
2019-04-03,-1.9007273011555612
2019-04-04,-1.9577575733499746
2019-04-05,-2.1409064807964207
2019-04-06,-2.2935627223965787
2019-04-07,-1.940759442150071
2019-04-08,-1.9345126290455705
2019-04-09,-2.081493733831886
2019-04-10,-1.8575270995091886
2019-04-11,-2.2281481200235698
2019-04-12,-2.2379173880116703
2019-04-13,-2.400632724477956
2019-04-14,-1.9707106517713964
2019-04-15,-1.9434295187100037
2019-04-16,-1.9417229002998253
2019-04-17,-2.113746421090285
2019-04-18,-1.9673083359198493
2019-04-19,-2.103014500487992
2019-04-20,-2.2747922498723585
2019-04-21,-2.1345975906971075
2019-04-22,-1.9602807171137768
2019-04-23,-2.1066065413246413
2019-04-24,-2.0572485897718806
2019-04-25,-1.9857953693830461
2019-04-26,-1.9264334862972878
2019-04-27,-2.2149661020550853
2019-04-28,-2.314604006492911
2019-04-29,-2.1448703130788243
2019-04-30,-2.1312797207918464
2019-05-01,-2.1992814424041716
2019-05-02,-2.1001576193027756
2019-05-03,-2.051761775093449
2019-05-04,-1.960680122191566
2019-05-05,-1.7333095927268924
2019-05-06,-1.7992180040779862
2019-05-07,-1.995510411064425
2019-05-08,-2.014543365548523
2019-05-09,-1.9256810521809054
2019-05-10,-2.032528157111835
2019-05-11,-2.0986358895200277
2019-05-12,-1.9546267614609123
2019-05-13,-2.121567656810731
2019-05-14,-2.0917560156856325
2019-05-15,-2.1821315133282697
2019-05-16,-2.205389331120519
2019-05-17,-2.1302417350662908
2019-05-18,-2.1286536616040483
2019-05-19,-1.9388719201690594
2019-05-20,-1.930788892399965
2019-05-21,-2.14920971867092
2019-05-22,-2.2230521771961063
2019-05-23,-2.2739924726392164
2019-05-24,-2.250116203675209
2019-05-25,-2.1449016712640274
2019-05-26,-1.9437216743635055
2019-05-27,-1.744645970860054
2019-05-28,-1.8743322542484944
2019-05-29,-1.9465898912459532
2019-05-30,-1.9612334979002746
2019-05-31,-2.2318065927304436
2019-06-01,-2.2664403292428097
2019-06-02,-1.8104362841583315
2019-06-03,-1.924815175971024
2019-06-04,-2.162141668152851
2019-06-05,-2.1653344595349253
2019-06-06,-1.9854211817334222
2019-06-07,-2.186757740242403
2019-06-08,-2.0735760293553205
2019-06-09,-1.7348144729125665
2019-06-10,-1.8256874838077828
2019-06-11,-1.9290059390481518
2019-06-12,-1.922960379969797
2019-06-13,-2.179236283986235
2019-06-14,-2.0398875332966027
2019-06-15,-2.106201757096715
2019-06-16,-1.81860704199109
2019-06-17,-1.9749401203264716
2019-06-18,-2.184216709966063
2019-06-19,-1.5812738534798272
2019-06-20,-2.0787144669174182
2019-06-21,-2.331845316376269
2019-06-22,-2.414814398731551
2019-06-23,-2.164895134540128
2019-06-24,-2.29173607545337
2019-06-25,-2.2051374870080585
2019-06-26,-2.1608459044761195
2019-06-27,-2.2383910384694885
2019-06-28,-2.261918098197998
2019-06-29,-2.1618412351593985
2019-06-30,-1.7353899671683386
2019-07-01,-1.9199869825405627
2019-07-02,-2.138722652491244
2019-07-03,-2.1796099952604164
2019-07-04,-1.9720016966344232
2019-07-05,-1.8705479973095067
2019-07-06,-2.2049063259972717
2019-07-07,-2.041341352730684
2019-07-08,-2.1692928798733515
2019-07-09,-2.129409658881351
2019-07-10,-2.1477653556000815
2019-07-11,-2.2178292287453996
2019-07-12,-2.310981530266954
2019-07-13,-2.595688535736812
2019-07-14,-2.3171153822300394
2019-07-15,-2.1780380872520824
2019-07-16,-2.3144795218450964
2019-07-17,-2.3450427976847883
2019-07-18,-2.388495179394739
2019-07-19,-2.231257812962986
2019-07-20,-2.057378748666603
2019-07-21,-1.753734791989055
2019-07-22,-1.9924275274987517
2019-07-23,-2.1593156877730735
2019-07-24,-2.093518003596421
2019-07-25,-2.286307909947027
2019-07-26,-2.1268013890091995
2019-07-27,-2.1382654329424144
2019-07-28,-2.1225333882831183
2019-07-29,-2.1035567409162392
2019-07-30,-2.300046146638204
2019-07-31,-2.1834721052339257
2019-08-01,-2.2177931947238383
2019-08-02,-2.264411408660663
2019-08-03,-2.520592324049967
2019-08-04,-3.525346593995025
2019-08-05,-3.3111426437226834
2019-08-06,-3.025739860843822
2019-08-07,-2.819751483772396
2019-08-08,-2.6003160079841066
2019-08-09,-2.4419595124799227
2019-08-10,-2.9281300605702993
2019-08-11,-2.8400780056939734
2019-08-12,-2.508194076410401
2019-08-13,-2.3477294745441863
2019-08-14,-2.3612722699442736
2019-08-15,-2.4680724991937493
2019-08-16,-2.3917844157017187
2019-08-17,-2.2412504592942404
2019-08-18,-2.2354828695034823
2019-08-19,-2.1214251243053566
2019-08-20,-2.2668846651388828
2019-08-21,-2.1482310374418763
2019-08-22,-2.2032179160307135
2019-08-23,-2.204377767641256
2019-08-24,-2.2101455292813643
2019-08-25,-2.0597930811129377
2019-08-26,-2.0505400533842995
2019-08-27,-2.2564916924597918
2019-08-28,-2.15417663209403
2019-08-29,-2.101641654758764
2019-08-30,-2.2896617818466396
2019-08-31,-2.49619482909543
2019-09-01,-2.6781837026439264
2019-09-02,-2.415456881379506
2019-09-03,-2.136521270615791
2019-09-04,-2.1926237959914503
2019-09-05,-2.204780757265903
2019-09-06,-2.2155484177271627
2019-09-07,-2.3005928393907817
2019-09-08,-2.0156534353731885
2019-09-09,-1.9484190841385145
2019-09-10,-2.0576200289274094
2019-09-11,-2.078465174815174
2019-09-12,-2.084004426787464
2019-09-13,-2.1894808826479952
2019-09-14,-2.2067751988692237
2019-09-15,-2.0571152965805606
2019-09-16,-2.0363351136262597
2019-09-17,-1.9999942118650764
2019-09-18,-1.9243545969721845
2019-09-19,-1.977277920028853
2019-09-20,-2.068033396028238
2019-09-21,-2.0622873954531116
2019-09-22,-1.6277120016850166
2019-09-23,-1.6691562771356583
2019-09-24,-1.9605042368924521
2019-09-25,-2.04438213998651
2019-09-26,-2.0266603692381726
2019-09-27,-2.248738235189318
2019-09-28,-2.2633904796214104
2019-09-29,-2.071564125111522
2019-09-30,-2.087260949328463
2019-10-01,-2.1859576040455986
2019-10-02,-2.1820990501684507
2019-10-03,-2.014386204041728
2019-10-04,-1.9620126387137662
2019-10-05,-2.193005515346318
2019-10-06,-2.146732157121063
2019-10-07,-2.0772610413914516
2019-10-08,-2.064727987903337
2019-10-09,-2.234330874181991
2019-10-10,-2.265308589404908
2019-10-11,-2.2409195849001873
2019-10-12,-2.3278387457579472
2019-10-13,-2.1253045134007147
2019-10-14,-1.9272023483646696
2019-10-15,-2.0765628352292107
2019-10-16,-2.152526224573258
2019-10-17,-1.9891706441257353
2019-10-18,-2.0057135188593502
2019-10-19,-2.196390014060823
2019-10-20,-1.8689422098394524
2019-10-21,-1.950456131244417
2019-10-22,-1.9460211968759988
2019-10-23,-1.984853084276235
2019-10-24,-2.0653077327447247
2019-10-25,-1.9072291680236164
2019-10-26,-2.0964340959635615
2019-10-27,-2.169990721414364
2019-10-28,-2.156614809302855
2019-10-29,-2.2314034910453264
2019-10-30,-2.0024739291168174
2019-10-31,-1.964219549258048
2019-11-01,-1.9507232437037247
2019-11-02,-1.9068560579742193
2019-11-03,-1.7866592004309296
2019-11-04,-1.8409479819103334
2019-11-05,-1.9653352488608409
2019-11-06,-1.7984158116467739
2019-11-07,-1.702373569870097
2019-11-08,-1.8105082910643757
2019-11-09,-1.8241070270472395
2019-11-10,-1.7462907441057198
2019-11-11,-1.5765015379289655
2019-11-12,-1.7180831955390443
2019-11-13,-1.8881027796150378
2019-11-14,-2.0721224824612494
2019-11-15,-2.1875096345784213
2019-11-16,-2.2901681287962115
2019-11-17,-1.7702869760644464
2019-11-18,-1.8943392566957964
2019-11-19,-2.2413580901688115
2019-11-20,-2.0910282467441195
2019-11-21,-2.0919853890530926
2019-11-22,-2.2814575549346015
2019-11-23,-2.312236131028978
2019-11-24,-1.9454778256940206
2019-11-25,-1.8553278563337665
2019-11-26,-2.1014606062067887
2019-11-27,-1.9146819089367622
2019-11-28,-1.8630686950904427
2019-11-29,-1.6500065632982277
2019-11-30,-1.7774462608040105
2019-12-01,-1.963444140935474
2019-12-02,-1.7477627176747779
2019-12-03,-1.9761070631068551
2019-12-04,-2.0051001293286896
2019-12-05,-2.1691409390731953
2019-12-06,-2.2979486436309915
2019-12-07,-2.445861533140511
2019-12-08,-2.04958737254707
2019-12-09,-1.856537175871015
2019-12-10,-2.0606824638411285
2019-12-11,-2.255404113370751
2019-12-12,-2.3094174376700654
2019-12-13,-2.1362787870948092
2019-12-14,-2.3200931481675906
2019-12-15,-1.9298800431994847
2019-12-16,-2.0058811003105825
2019-12-17,-2.3613565258472993
2019-12-18,-2.417531657091798
2019-12-19,-2.5328737858889157
2019-12-20,-2.250871360180191
2019-12-21,-2.3539587097316446
2019-12-22,-2.1289178186006095
2019-12-23,-2.1174489539613144
2019-12-24,-2.1203451553076076
2019-12-25,-1.7068121705917818
2019-12-26,-1.9887192151209647
2019-12-27,-2.3810424125108938
2019-12-28,-2.6201038662716645
2019-12-29,-2.7362506083222806
2019-12-30,-2.730682633135439
2019-12-31,-2.775850052367612
2020-01-01,-3.255023652129804
2020-01-02,-2.4426591258294263
2020-01-03,-2.4336352099529504
2020-01-04,-2.192964955441328
2020-01-05,-3.219115635502809
2020-01-06,-2.7182775715996255
2020-01-07,-2.6613309839558634
2020-01-08,-2.6938906245611696
2020-01-09,-2.407505821905937
2020-01-10,-2.4202106959519685
2020-01-11,-2.4939067516605644
2020-01-12,-2.3323630761011924
2020-01-13,-2.027094536591513
2020-01-14,-2.142045130229385
2020-01-15,-2.2369294137984883
2020-01-16,-2.080755278756439
2020-01-17,-2.0869749241437283
2020-01-18,-2.1520272982108977
2020-01-19,-1.8339394793387436
2020-01-20,-1.644841076709614
2020-01-21,-1.7766726825917611
2020-01-22,-2.118591683354573
2020-01-23,-2.2236447422048027
2020-01-24,-2.1605267448010324
2020-01-25,-2.229238196094012
2020-01-26,-1.8671624009643166
2020-01-27,-1.8386582457232883
2020-01-28,-2.0161247382473686
2020-01-29,-1.9355395956643966
2020-01-30,-1.9367854626198922
2020-01-31,-2.1245273549494614
2020-02-01,-2.1694835339132053
2020-02-02,-1.6456182630265035
2020-02-03,-1.6215784902839698
2020-02-04,-1.7633448837276338
2020-02-05,-1.9071706109042874
2020-02-06,-2.0859769297925843
2020-02-07,-2.0398292226850225
2020-02-08,-2.010340446995506
2020-02-09,-1.616199338832412
2020-02-10,-1.6078138447019847
2020-02-11,-1.8864853877651848
2020-02-12,-1.7571858043697133
2020-02-13,-1.8007775358378237
2020-02-14,-1.9388333389427037
2020-02-15,-2.1089923368347914
2020-02-16,-1.800461361798654
2020-02-17,-1.76271311119118
2020-02-18,-1.8870117103625226
2020-02-19,-1.9823714105956973
2020-02-20,-2.0179905985326463
2020-02-21,-1.9181751580850903
2020-02-22,-1.9515622206172896
2020-02-23,-1.3977566329487896
2020-02-24,-1.9846364172930882
2020-02-25,-2.181558909889725
2020-02-26,-2.045619833050449
2020-02-27,-2.1164545770217615
2020-02-28,-1.9006049720200808
2020-02-29,-1.8356421666769895
2020-03-01,-1.4072219951510676
2020-03-02,-1.476601642944779
2020-03-03,-1.6236341538916053
2020-03-04,-1.4164600077026996
2020-03-05,-1.816599912512432
2020-03-06,-1.9572543193505059
2020-03-07,-1.8927886972591672
2020-03-08,-1.5530543108091794
2020-03-09,-1.613928534568515
2020-03-10,-1.8502915649943321
2020-03-11,-1.942193125174463
2020-03-12,-2.1263805343457154
2020-03-13,-2.043089324139683
2020-03-14,-1.9166374710423069
2020-03-15,-1.7759402988359168
2020-03-16,-1.8066058850933664
2020-03-17,-1.953331852727917
2020-03-18,-1.894458061886199
2020-03-19,-1.9438432750751458
2020-03-20,-1.9994360342896806
2020-03-21,-1.9843079781142743
2020-03-22,-2.0604872258136684
2020-03-23,-2.1055280400254883
2020-03-24,-1.972225043248649
2020-03-25,-1.8959591366181172
2020-03-26,-1.9311065329012207
2020-03-27,-2.0212093467871064
2020-03-28,-1.9776752981645107
2020-03-29,-2.1735237870559625
2020-03-30,-1.9536874782857185
2020-03-31,-1.8936469938997724
2020-04-01,-1.942776841186603
2020-04-02,-1.9882963841200856
2020-04-03,-1.9225364443401414
2020-04-04,-1.9546560346203763
2020-04-05,-2.0471046914391264
2020-04-06,-1.991278164018468
2020-04-07,-1.8973475717210084
2020-04-08,-1.8963110273030475
2020-04-09,-1.7491532765442284
2020-04-10,-1.8255337437304124
2020-04-11,-2.019075552622163
2020-04-12,-2.0427622495404325
2020-04-13,-2.039302725407226
2020-04-14,-1.8696623221757867
2020-04-15,-1.8020508290790316
2020-04-16,-1.7990902171764602
2020-04-17,-1.8604979263703645
2020-04-18,-1.9247676392990545
2020-04-19,-2.136981644918254
2020-04-20,-1.9856523339898862
2020-04-21,-1.8679512798155498
2020-04-22,-1.7476854933966561
2020-04-23,-1.7173803842869724
2020-04-24,-1.6881211077899982
2020-04-25,-1.8534713112458308
2020-04-26,-1.774551460646586
2020-04-27,-1.6649562517675252
2020-04-28,-1.6601187251584677
2020-04-29,-1.6622288316697205
2020-04-30,-1.7564970555970474
2020-05-01,-1.8135610243217155
2020-05-02,-2.017824378765358
2020-05-03,-1.9586379886034622
2020-05-04,-1.8221916445556163
2020-05-05,-1.8111208818031566
2020-05-06,-1.7899215222165905
2020-05-07,-1.9577783720938722
2020-05-08,-1.9483210501357622
2020-05-09,-1.9640346743142925
2020-05-10,-2.1048070358095394
2020-05-11,-1.9530553451791608
2020-05-12,-1.9296604157783217
2020-05-13,-1.9111417217178621
2020-05-14,-1.8303961303920684
2020-05-15,-1.8006871651087106
2020-05-16,-1.8672221451388522
2020-05-17,-2.1662593209869088
2020-05-18,-1.9396761840466583
2020-05-19,-1.757898293904046
2020-05-20,-1.8116502259823717
2020-05-21,-1.9452867630232582
2020-05-22,-1.8161075241707938
2020-05-23,-1.7916567817089837
2020-05-24,-1.8344503381882273
2020-05-25,-2.0213061244923693
2020-05-26,-1.8995117529338506
2020-05-27,-2.1115922594264376
2020-05-28,-2.3111961891257042
2020-05-29,-3.14761906019585
2020-05-30,-4.107919293253019
2020-05-31,-4.822270323448966
2020-06-01,-4.440843581881443
2020-06-02,-3.9785321396515223
2020-06-03,-3.595693610823737
2020-06-04,-3.4351492087491877
2020-06-05,-3.1803717403284923
2020-06-06,-3.269135176512952
2020-06-07,-3.417356502812809
2020-06-08,-3.078559024981536
2020-06-09,-2.8693963689253814
2020-06-10,-2.7251251707100868
2020-06-11,-2.681488825837832
2020-06-12,-2.5882924481717247
2020-06-13,-2.711384459273123
2020-06-14,-2.7853137702607285
2020-06-15,-2.6012956179496376
2020-06-16,-2.502358420783683
2020-06-17,-2.431926794971907
2020-06-18,-2.2598396476611855
2020-06-19,-2.000460024841438
2020-06-20,-2.356917063767091
2020-06-21,-2.416117926983146
2020-06-22,-2.2256015282464086
2020-06-23,-2.4013989621446847
2020-06-24,-2.2928950405618402
2020-06-25,-2.264412975888123
2020-06-26,-2.2156745203113113
2020-06-27,-2.371410441889807
2020-06-28,-2.52330655885182
2020-06-29,-2.486427201876031
2020-06-30,-2.1267493776275868
2020-07-01,-2.03090370610619
2020-07-02,-2.1822373152192673
2020-07-03,-2.2945135251762823
2020-07-04,-2.3546394665984827
2020-07-05,-2.377492456868563
2020-07-06,-2.348698395648343
2020-07-07,-2.2747388431171
2020-07-08,-2.1573607695792423
2020-07-09,-2.1722820501866207
2020-07-10,-2.2409624961942645
2020-07-11,-2.4157574235337838
2020-07-12,-2.3175730604563305
2020-07-13,-2.330620782432492
2020-07-14,-2.4527967144742506
2020-07-15,-2.255309879606128
2020-07-16,-2.2469232929218306
2020-07-17,-2.378306383241979
2020-07-18,-2.306551138233665
2020-07-19,-2.4368040494634577
2020-07-20,-2.359599046863529
2020-07-21,-2.4492747443873655
2020-07-22,-2.467235259911677
2020-07-23,-2.4956694072987418
2020-07-24,-2.2805263252877
2020-07-25,-2.5114903189726747
2020-07-26,-2.6215588267209253
2020-07-27,-2.3908893106509876
2020-07-28,-2.219509018761713
2020-07-29,-2.1786793339681836
2020-07-30,-2.180614984055461
2020-07-31,-2.291707958475077
2020-08-01,-2.278597913126036
2020-08-02,-2.183524095598058
2020-08-03,-2.077195766484503
2020-08-04,-2.0231586558459185
2020-08-05,-2.0427277960808694
2020-08-06,-2.119578668719428
2020-08-07,-2.237897748314113
2020-08-08,-2.425019890800764
2020-08-09,-2.32688343260854
2020-08-10,-2.2586210078510556
2020-08-11,-2.119335768898862
2020-08-12,-1.877145987669643
2020-08-13,-1.9565855422108909
2020-08-14,-2.0307616755253077
2020-08-15,-2.0679209760568393
2020-08-16,-1.9910349340157287
2020-08-17,-2.0485459319166446
2020-08-18,-1.9598151359293492
2020-08-19,-1.8706330257630313
2020-08-20,-2.093770511059251
2020-08-21,-2.2989429773088053
2020-08-22,-2.484383814063375
2020-08-23,-2.404480318827924
2020-08-24,-2.2955956597037783
2020-08-25,-2.396919145497079
2020-08-26,-2.542637905941458
2020-08-27,-2.5675514676831983
2020-08-28,-2.5812669172327745
2020-08-29,-2.6108727031112093
2020-08-30,-2.809701031945679
2020-08-31,-2.6052001527968702
2020-09-01,-2.6607332219943114
2020-09-02,-2.379759364784307
2020-09-03,-2.401608629194859
2020-09-04,-2.4905709470836475
2020-09-05,-2.615959052842257
2020-09-06,-2.652635893076546
2020-09-07,-2.3654626156653347
2020-09-08,-2.159494274952398
2020-09-09,-2.1629676185812072
2020-09-10,-2.203024760600749
2020-09-11,-2.2917961136244274
2020-09-12,-2.356298632650545
2020-09-13,-2.37639350923074
2020-09-14,-2.227919851865826
2020-09-15,-2.1019005511375988
2020-09-16,-2.1013212554562393
2020-09-17,-2.174246987102262
2020-09-18,-2.1040466993499005
2020-09-19,-1.4673338608416702
2020-09-20,-1.640433547479703
2020-09-21,-1.868215560212013
2020-09-22,-1.8531752217640112
2020-09-23,-2.013016383025872
2020-09-24,-2.3369323020248163
2020-09-25,-2.249276703107499
2020-09-26,-2.1807222607402164
2020-09-27,-2.154366598012514
2020-09-28,-2.1623862775289284
2020-09-29,-2.0592347195801253
2020-09-30,-2.2435300647044936
2020-10-01,-2.2070021470016306
2020-10-02,-2.1961775792019647
2020-10-03,-2.217681423011924
2020-10-04,-2.0110328649984077
2020-10-05,-1.976206168371593
2020-10-06,-2.053232819710944
2020-10-07,-2.227094996009481
2020-10-08,-2.3524652039687366
2020-10-09,-2.5607040674711183
2020-10-10,-2.383664165640587
2020-10-11,-2.2276064167934915
2020-10-12,-1.8589653565937734
2020-10-13,-1.8399648041312366
2020-10-14,-1.963469391512916
2020-10-15,-1.8701581642476448
2020-10-16,-2.2806872715403164
2020-10-17,-2.1404713186728554
2020-10-18,-1.9750486638866276
2020-10-19,-1.8801157796326944
2020-10-20,-1.8928740208153223
2020-10-21,-1.9275849619610512
2020-10-22,-1.9158588386962065
2020-10-23,-2.3619471909826286
2020-10-24,-2.230959888302659
2020-10-25,-1.9667541513717415
2020-10-26,-1.806254503542056
2020-10-27,-1.7978972308956715
2020-10-28,-2.1008686820959404
2020-10-29,-2.0896154632835464
2020-10-30,-1.8566254128769044
2020-10-31,-1.8971596861139073
2020-11-01,-1.8731278246919048
2020-11-02,-1.9075391420060188
2020-11-03,-1.9045072835309032
2020-11-04,-0.9510760411994409
2020-11-05,-1.477210873322874
2020-11-06,-1.848146117529305
2020-11-07,-1.732807260971865
2020-11-08,-0.7651830782993769
2020-11-09,-1.3159574604737487
2020-11-10,-1.8381518144510394
2020-11-11,-1.7825405771880276
2020-11-12,-1.6781673937581467
2020-11-13,-1.6708059396909227
2020-11-14,-2.1056527685831465
2020-11-15,-1.8011116160792042
2020-11-16,-1.7590212700728152
2020-11-17,-1.8083948820157785
2020-11-18,-1.8625249210445332
2020-11-19,-1.8680020386647609
2020-11-20,-1.9929334165811776
2020-11-21,-2.123183456705142
2020-11-22,-2.0998981663068386
2020-11-23,-1.6954730893298349
2020-11-24,-1.7087779998743116
2020-11-25,-1.7630692814104558
2020-11-26,-1.690151705350664
2020-11-27,-1.683998029367294
2020-11-28,-1.8498802053436154
2020-11-29,-1.9385204456261211
2020-11-30,-1.6518463016478473
2020-12-01,-1.6796543367336614
2020-12-02,-1.8304870796790527
2020-12-03,-1.7947625118147217
2020-12-04,-1.9027044300138145
2020-12-05,-1.914328354357697
2020-12-06,-1.9998221234039741
2020-12-07,-1.8300220207509468
2020-12-08,-1.7293804950195966
2020-12-09,-1.6436737047262542
2020-12-10,-1.7519512936409354
2020-12-11,-1.8144150966088044
2020-12-12,-1.9052143803974333
2020-12-13,-1.947508972494582
2020-12-14,-1.4451159099512705
2020-12-15,-1.4536863134616513
2020-12-16,-1.5873117205632665
2020-12-17,-1.7266907149910904
2020-12-18,-1.7210301411480062
2020-12-19,-1.7933291557723106
2020-12-20,-1.8197131650243854
2020-12-21,-1.695737470977751
2020-12-22,-1.7160742188495375
2020-12-23,-1.769318915927359
2020-12-24,-1.8966429672321885
2020-12-25,-1.8240571744227871
2020-12-26,-2.0487944361742
2020-12-27,-2.148561206774948
2020-12-28,-2.040170984924991
2020-12-29,-2.0568374540627494
2020-12-30,-2.0791530437479016
2020-12-31,-2.077141898660509
2021-01-01,-2.161898357401075
2021-01-02,-2.3321102601504418
2021-01-03,-2.527317784774999
2021-01-04,-2.3128006794023195
2021-01-05,-2.174139834320687
2021-01-06,-2.349356633430719
2021-01-07,-3.2456877560003172
2021-01-08,-3.1281183277103612
2021-01-09,-3.0614229394360213
2021-01-10,-3.1381096926829035
2021-01-11,-2.69200347687464
2021-01-12,-2.560521470543185
2021-01-13,-2.818502430520381
2021-01-14,-2.7220160239331643
2021-01-15,-2.3879246629077584
2021-01-16,-2.4102834179347905
2021-01-17,-2.5012644583984365
2021-01-18,-2.110855659095343
2021-01-19,-1.8975274808909235
2021-01-20,-1.5323996208266286
2021-01-21,-1.4205662645478097
2021-01-22,-1.9433405005402573
2021-01-23,-2.0401042592946115
2021-01-24,-2.0505586359949275
2021-01-25,-1.9655570445786026
2021-01-26,-1.9683381438454282
2021-01-27,-1.97236500594466
2021-01-28,-1.9409296721414044
2021-01-29,-1.951388479559759
2021-01-30,-1.9277714637644237
2021-01-31,-2.1154290738383223
2021-02-01,-1.7535626493840155
2021-02-02,-1.9697333101322803
2021-02-03,-1.8960790982834397
2021-02-04,-2.015788507652045
2021-02-05,-2.0353419536417356
2021-02-06,-1.9888451378178706
2021-02-07,-1.9712298152224852
2021-02-08,-1.9815028867053253
2021-02-09,-2.2693518980916463
2021-02-10,-2.207395504092363
2021-02-11,-2.2436883707363333
2021-02-12,-2.237780057992527
2021-02-13,-2.6652601114477354
2021-02-14,-2.64593754898397
2021-02-15,-2.1093031136171083
2021-02-16,-2.035819182921309
2021-02-17,-1.9515766174874145
2021-02-18,-1.9879821363033032
2021-02-19,-1.87007571598157
2021-02-20,-2.088711329480965
2021-02-21,-2.1892168910997247
2021-02-22,-2.060250739643425
2021-02-23,-2.1268867157858127
2021-02-24,-1.9950859710471252
2021-02-25,-1.890544079286907
2021-02-26,-1.828155452941371
2021-02-27,-2.07325811695904
2021-02-28,-1.9675833466160846
2021-03-01,-1.7373695888908047
2021-03-02,-1.909338634483496
2021-03-03,-1.8908475770698094
2021-03-04,-2.0195783192460186
2021-03-05,-2.0356267946322797
2021-03-06,-1.965958223736964
2021-03-07,-2.159776083626785
2021-03-08,-1.916939837536759
2021-03-09,-2.015109542962433
2021-03-10,-1.9212462630236338
2021-03-11,-1.8745029890093483
2021-03-12,-1.9661550906266347
2021-03-13,-2.081442497964978
2021-03-14,-2.053026400440588
2021-03-15,-1.8860128944453103
2021-03-16,-1.7690874599403008
2021-03-17,-2.072471899430999
2021-03-18,-2.284191863390987
2021-03-19,-2.3517601357575733
2021-03-20,-2.380741262639023
2021-03-21,-2.4674929161481467
2021-03-22,-2.014028546063224
2021-03-23,-2.4027327114192154
2021-03-24,-2.2078435426932153
2021-03-25,-2.049656697541047
2021-03-26,-2.0975274566207833
2021-03-27,-2.21342498368949
2021-03-28,-2.3020952272699633
2021-03-29,-2.171023837551256
2021-03-30,-2.0639861569020264
2021-03-31,-2.1808388807315735
2021-04-01,-1.959200116108521
2021-04-02,-2.076679038986085
2021-04-03,-2.290369968677402
2021-04-04,-2.0390904434032797
2021-04-05,-2.078718921983304
2021-04-06,-2.085364640089652
2021-04-07,-1.8861382080002174
2021-04-08,-2.1096368962947034
2021-04-09,-2.163043043124953
2021-04-10,-2.3078828840433667
2021-04-11,-2.107835372274995
2021-04-12,-2.3515805710896354
2021-04-13,-2.3050158254029447
2021-04-14,-2.435477157805475
2021-04-15,-2.2894652514964595
2021-04-16,-2.376148577775612
2021-04-17,-2.726155661960903
2021-04-18,-2.795050181132849
2021-04-19,-2.5792420715060906
2021-04-20,-2.7407640122747763
2021-04-21,-2.674139736465832
2021-04-22,-2.2825960624637522
2021-04-23,-2.141868057114943
2021-04-24,-2.2206423027405076
2021-04-25,-2.312619324347082
2021-04-26,-1.8244592229619085
2021-04-27,-2.1667363810909728
2021-04-28,-2.072078175630391
2021-04-29,-1.9798431061936392
2021-04-30,-1.994701691151629
2021-05-01,-2.0679977609464104
2021-05-02,-1.9825672847937528
2021-05-03,-1.89331424101311
2021-05-04,-1.9272184813094988
2021-05-05,-1.9499668436134854
2021-05-06,-1.7741742514227268
2021-05-07,-1.9354090335689396
2021-05-08,-2.0312685782736333
2021-05-09,-2.02862258523417
2021-05-10,-1.9094953906516234
2021-05-11,-1.977067872075556
2021-05-12,-2.0861721110371594
2021-05-13,-1.9060405944296714
2021-05-14,-2.0260830433359556
2021-05-15,-2.0582642240702715
2021-05-16,-2.226311053294439
2021-05-17,-2.0353166717257003
2021-05-18,-2.148070598156801
2021-05-19,-2.1531868343003713
2021-05-20,-2.0444799197039027
2021-05-21,-1.9582994377951524
2021-05-22,-2.130836058356896
2021-05-23,-2.166725316264113
2021-05-24,-2.0084715511380895
2021-05-25,-2.1876929403283785
2021-05-26,-2.129614549824692
2021-05-27,-2.2148567892827193
2021-05-28,-2.1953284541765554
2021-05-29,-2.356365992263076
2021-05-30,-2.190097665175812
2021-05-31,-2.036402915580913
2021-06-01,-1.8800259856504637
2021-06-02,-1.99604359070989
2021-06-03,-1.9334148747276878
2021-06-04,-1.988224330522572
2021-06-05,-2.0728519935531344
2021-06-06,-1.776420434254603
2021-06-07,-1.7418156928499424
2021-06-08,-1.829525664359688
2021-06-09,-1.8171556055871656
2021-06-10,-1.8952569555052334
2021-06-11,-1.868367693154527
2021-06-12,-1.9229323214919964
2021-06-13,-1.6809098538067657
2021-06-14,-1.8025240065862977
2021-06-15,-1.9158853446519915
2021-06-16,-1.9205913652695923
2021-06-17,-1.7183616472621344
2021-06-18,-1.5814299027296175
2021-06-19,-1.8123647209612694
2021-06-20,-1.745632518711262
2021-06-21,-1.7962504643497685
2021-06-22,-1.9339955112138671
2021-06-23,-2.0047172972994836
2021-06-24,-2.118595796262916
2021-06-25,-2.3019623427107163
2021-06-26,-2.3767696600747974
2021-06-27,-2.062476017572364
2021-06-28,-1.9298102492367615
2021-06-29,-1.9722442816012045
2021-06-30,-2.150537946128493
2021-07-01,-2.0842008143482422
2021-07-02,-2.035647892830125
2021-07-03,-1.9643451000333156
2021-07-04,-1.7574837890605675
2021-07-05,-1.8120546354004106
2021-07-06,-1.9144102104830227
2021-07-07,-2.0726901335299304
2021-07-08,-2.1932677728981353
2021-07-09,-2.175658888738912
2021-07-10,-2.20109347445448
2021-07-11,-2.0799632682244003
2021-07-12,-2.1512761661259345
2021-07-13,-2.134681076076264
2021-07-14,-2.1381873980032076
2021-07-15,-2.08227737948618
2021-07-16,-2.1817420460912307
2021-07-17,-2.2495015354497285
2021-07-18,-2.1872957794517838
2021-07-19,-2.077617106351392
2021-07-20,-2.0601274996208843
2021-07-21,-2.137384487625438
2021-07-22,-2.1000918394569936
2021-07-23,-2.118216497019599
2021-07-24,-2.157408698072629
2021-07-25,-1.9801038032432383
2021-07-26,-1.85452217972471
2021-07-27,-2.214220315985411
2021-07-28,-2.0289044082486747
2021-07-29,-1.906163283953508
2021-07-30,-1.9994226565195423
2021-07-31,-2.1187161070529474
2021-08-01,-2.0592389614545934
2021-08-02,-1.7998172703100674
2021-08-03,-2.026889708256853
2021-08-04,-1.8829619387200205
2021-08-05,-1.9229193055712006
2021-08-06,-2.2462108304293924
2021-08-07,-2.1750479679168016
2021-08-08,-2.0138755125495673
2021-08-09,-2.0521208007932006
2021-08-10,-2.178549222846093
2021-08-11,-1.916674322481185
2021-08-12,-2.0685778331510623
2021-08-13,-2.0968742657240367
2021-08-14,-2.3757952510677307
2021-08-15,-2.044841388315629
2021-08-16,-2.108210539579224
2021-08-17,-2.09514150852484
2021-08-18,-2.139477122756572
2021-08-19,-2.148590483803356
2021-08-20,-2.1999350970901057
2021-08-21,-2.253725061083862
2021-08-22,-2.2859067996734654
2021-08-23,-2.064667355196213
2021-08-24,-2.0793382560810443
2021-08-25,-2.090836504947418
2021-08-26,-2.427522737247917
2021-08-27,-2.605880706816638
2021-08-28,-2.4711841429981827
2021-08-29,-2.5890050925807255
2021-08-30,-2.3236388124636815
2021-08-31,-2.2265959173790546
2021-09-01,-2.1570887515646953
2021-09-02,-2.384372481819366
2021-09-03,-2.599904873032813
2021-09-04,-2.45293412104671
2021-09-05,-2.240146447142323
2021-09-06,-2.1335473525168465
2021-09-07,-2.1551861275541384
2021-09-08,-2.169840154532126
2021-09-09,-2.070902488841944
2021-09-10,-2.3233076183337817
2021-09-11,-2.5759849503804544
2021-09-12,-2.1336184851020072
2021-09-13,-1.922091762369284
2021-09-14,-2.053675604325181
2021-09-15,-2.0673861688642794
2021-09-16,-2.030910181575035
2021-09-17,-2.12374502659155
2021-09-18,-2.4809186811825783
2021-09-19,-2.057299420671059
2021-09-20,-1.859870506371327
2021-09-21,-1.9825083906660377
2021-09-22,-1.9584442515312572
2021-09-23,-1.8562867953969138
2021-09-24,-2.034833432285624
2021-09-25,-2.084970155069759
2021-09-26,-1.9429601261135392
2021-09-27,-1.9155961606605685
2021-09-28,-2.0803646791187607
2021-09-29,-2.0620005794492546
2021-09-30,-2.0377313084542577
2021-10-01,-2.0132435712799457
2021-10-02,-2.1887146621586
2021-10-03,-2.153710121789752
2021-10-04,-1.9663500957241422
2021-10-05,-2.02948343084382
2021-10-06,-2.061900763167446
2021-10-07,-2.120361040725626
2021-10-08,-2.0464845457062175
2021-10-09,-2.1590588864621614
2021-10-10,-2.1478800703727474
2021-10-11,-1.8510202420133235
2021-10-12,-1.8697358700934683
2021-10-13,-1.9412505398178785
2021-10-14,-2.0865461714502236
2021-10-15,-2.2122163656767366
2021-10-16,-2.348307513522388
2021-10-17,-2.1527288271141227
2021-10-18,-1.938205431238403
2021-10-19,-1.9790586000774206
2021-10-20,-2.1542580823308213
2021-10-21,-2.1250599132472288
2021-10-22,-2.252773170008135
2021-10-23,-2.3137569601447807
2021-10-24,-1.962406119867328
2021-10-25,-1.9712247508232044
2021-10-26,-2.1873333368638
2021-10-27,-2.1460997563090394
2021-10-28,-2.05065017155605
2021-10-29,-2.1403796571090234
2021-10-30,-2.248422188829644
2021-10-31,-2.1290238015744563
2021-11-01,-1.9947471462905721
2021-11-02,-2.0325077839098378
2021-11-03,-1.6506692793442241
2021-11-04,-1.9002125361228266
2021-11-05,-2.091739104208209
2021-11-06,-2.00800021580403
2021-11-07,-1.927108594901865
2021-11-08,-1.713443038733864
2021-11-09,-1.8958700519976328
2021-11-10,-1.8843080613561538
2021-11-11,-1.8759777453321187
2021-11-12,-1.8809257236600565
2021-11-13,-2.178518857420399
2021-11-14,-1.927004256392677
2021-11-15,-1.9988058319774356
2021-11-16,-2.031379744352587
2021-11-17,-1.9995561478120134
2021-11-18,-2.03627104627994
2021-11-19,-2.240329798565756
2021-11-20,-2.6288078425256143
2021-11-21,-2.235030453548906
2021-11-22,-2.0849954254304834
2021-11-23,-2.3990212724897084
2021-11-24,-2.293425276875772
2021-11-25,-2.0659268710237852
2021-11-26,-1.813116332588154
2021-11-27,-1.830644103435517
2021-11-28,-1.9733970571434147
2021-11-29,-2.0437277933027587
2021-11-30,-2.208508214795993
2021-12-01,-2.25495489246351
2021-12-02,-2.156262150082068
2021-12-03,-2.2671499681014806
2021-12-04,-2.6900346665738883
2021-12-05,-2.182626528030223
2021-12-06,-1.8717414838444721
2021-12-07,-2.0088343364722774
2021-12-08,-2.081335338071923
2021-12-09,-2.0863309969335466
2021-12-10,-2.2759119380655553
2021-12-11,-2.371171256365787
2021-12-12,-2.270233471519772
2021-12-13,-2.1144914087521465
2021-12-14,-2.140889978841827
2021-12-15,-2.1537361162677775
2021-12-16,-2.1546615549520447
2021-12-17,-2.094643233736382
2021-12-18,-2.2652027230740104
2021-12-19,-1.9481401530077593
2021-12-20,-1.9033162879300165
2021-12-21,-2.074761495146919
2021-12-22,-1.9760675282967661
2021-12-23,-2.1708611013319654
2021-12-24,-2.2824892900118456
2021-12-25,-1.8230233381227248
2021-12-26,-1.928464255666307
2021-12-27,-2.12978783356676
2021-12-28,-2.528222452150256
2021-12-29,-2.398601903408825
2021-12-30,-2.377241307992227
2021-12-31,-2.2611137361350737
2022-01-01,-2.06586112223219
2022-01-02,-2.4470722930959985
2022-01-03,-1.9662379066935178
2022-01-04,-2.2982225983819036
2022-01-05,-2.31886235141216
2022-01-06,-2.5547720550280557
2022-01-07,-2.4633985043195423
2022-01-08,-2.507403866141048
2022-01-09,-2.21567693227429
2022-01-10,-1.9749429859754708
2022-01-11,-2.12043270802513
2022-01-12,-1.9688817521238458
2022-01-13,-2.0960518416798952
2022-01-14,-2.193767516342437
2022-01-15,-2.2859810556320768
2022-01-16,-2.4474314171351184
2022-01-17,-1.9827188551376274
2022-01-18,-1.8250106477202765
2022-01-19,-1.9837405557212215
2022-01-20,-2.1052776218977907
2022-01-21,-2.1930155471153805
2022-01-22,-2.4422620577860514
2022-01-23,-2.2475411933720637
2022-01-24,-2.064761908667156
2022-01-25,-2.164213166910456
2022-01-26,-2.072480409670866
2022-01-27,-1.9233162265096513
2022-01-28,-2.2673276037762515
2022-01-29,-2.2894789795867982
2022-01-30,-2.1985989919372053
2022-01-31,-2.116977034627418
2022-02-01,-2.2138843985197263
2022-02-02,-1.9874886026650957
2022-02-03,-2.0905825363024104
2022-02-04,-2.2919724104623245
2022-02-05,-2.404348532526282
2022-02-06,-2.091537420658783
2022-02-07,-2.0819529312012137
2022-02-08,-2.173614100242467
2022-02-09,-2.0988784113064676
2022-02-10,-2.0340914852440743
2022-02-11,-2.0965944592407806
2022-02-12,-2.3540337885120666
2022-02-13,-2.187586254925318
2022-02-14,-1.9206697018635073
2022-02-15,-2.1393974803819966
2022-02-16,-2.0486940626245342
2022-02-17,-2.107267287118447
2022-02-18,-2.3785453832015353
2022-02-19,-2.535780766403922
2022-02-20,-2.315804414984798
2022-02-21,-2.167249323806372
2022-02-22,-2.1625590064671734
2022-02-23,-2.27102470517473
2022-02-24,-2.3447856964255123
2022-02-25,-2.0673307992025474
2022-02-26,-2.0209473913948677
2022-02-27,-1.8004485045330254
2022-02-28,-1.702928770117782
2022-03-01,-1.8541881436934189
2022-03-02,-1.7998763644381905
2022-03-03,-2.02169145831504
2022-03-04,-2.2260825880604362
2022-03-05,-2.384309394410148
2022-03-06,-2.0711403849638153
2022-03-07,-2.059205354281894
2022-03-08,-2.18263580779649
2022-03-09,-2.1362043313612213
2022-03-10,-2.0665311560382627
2022-03-11,-2.2444096222407066
2022-03-12,-2.2468080205567276
2022-03-13,-2.0328771474536356
2022-03-14,-1.9661720493210193
2022-03-15,-2.0863207306408484
2022-03-16,-1.9580256006123191
2022-03-17,-2.1774850116565214
2022-03-18,-2.12729702682589
2022-03-19,-2.1956555495007737
2022-03-20,-1.9266403559977328
2022-03-21,-1.9675902768392357
2022-03-22,-1.9256207858332495
2022-03-23,-1.9411230867464981
2022-03-24,-1.9565801372456724
2022-03-25,-1.8973855793522205
2022-03-26,-2.0919546785327348
2022-03-27,-1.8850430128404971
2022-03-28,-1.7090060827694713
2022-03-29,-1.8036136501990507
2022-03-30,-1.9570469949997087
2022-03-31,-1.7695305006051145
2022-04-01,-1.9533707611183027
2022-04-02,-2.0384404568736914
2022-04-03,-1.9852160401323897
2022-04-04,-2.0244847297507627
2022-04-05,-2.076860937754163
2022-04-06,-2.069725023274802
2022-04-07,-1.9479766092127007
2022-04-08,-1.9626748082977277
2022-04-09,-2.223206904943902
2022-04-10,-2.000050264224462
2022-04-11,-2.013036435343367
2022-04-12,-2.2594960481201523
2022-04-13,-2.4708621023864445
2022-04-14,-2.337555449894887
2022-04-15,-2.170555711948097
2022-04-16,-2.292836914301358
2022-04-17,-2.1177992289763674
2022-04-18,-2.002044531517205
2022-04-19,-2.1103880775403865
2022-04-20,-2.1168727594400467
2022-04-21,-1.9673034036849006
2022-04-22,-2.1200592325807435
2022-04-23,-2.1071191850687394
2022-04-24,-1.865998660091612
2022-04-25,-1.7640338432807003
2022-04-26,-1.896626800477039
2022-04-27,-1.9690212511646121
2022-04-28,-2.0386991252039213
2022-04-29,-2.0329303310128743
2022-04-30,-2.0688401198662705
2022-05-01,-1.6888763161802873
2022-05-02,-1.822470617612801
2022-05-03,-2.1228568740514757
2022-05-04,-2.1607266837356036
2022-05-05,-2.029446164759347
2022-05-06,-1.989256264676714
2022-05-07,-2.1090646530023
2022-05-08,-1.8852975562203675
2022-05-09,-1.9757081484081023
2022-05-10,-2.0587867685733747
2022-05-11,-2.0970864711241237
2022-05-12,-1.9890041218920795
2022-05-13,-2.0781072285162425
2022-05-14,-2.165340506468914
2022-05-15,-2.547830549458998
2022-05-16,-2.3000384637973763
2022-05-17,-2.233312009121696
2022-05-18,-1.9025971384071154
2022-05-19,-1.965074234761515
2022-05-20,-1.9579023485857239
2022-05-21,-1.796771392787388
2022-05-22,-1.7385469233206956
2022-05-23,-1.8544633860063315
2022-05-24,-2.1622717273228416
2022-05-25,-2.7465227808902792
2022-05-26,-2.4850972291330655
2022-05-27,-2.4609523451876716
2022-05-28,-2.571568619083795
2022-05-29,-2.32720674874948
2022-05-30,-2.1644774536767786
2022-05-31,-1.8785266011342656
2022-06-01,-2.0556315564757623
2022-06-02,-2.300685144674761
2022-06-03,-2.369217714346586
2022-06-04,-2.540830436359102
2022-06-05,-2.2160930729616015
2022-06-06,-2.0229735507425657
2022-06-07,-2.175641864422938
2022-06-08,-2.2201940799169697
2022-06-09,-2.222268858292706
2022-06-10,-2.1944450637326423
2022-06-11,-2.277806593152861
2022-06-12,-1.9601099096808472
2022-06-13,-1.9791146764788354
2022-06-14,-1.928535440522019
2022-06-15,-1.78443875946472
2022-06-16,-1.939429549091408
2022-06-17,-2.077064494984158
2022-06-18,-1.930258440329597
2022-06-19,-1.5987987262652978
2022-06-20,-1.7259181030667279
2022-06-21,-1.8685995418602728
2022-06-22,-2.106171102284479
2022-06-23,-2.0217229892480764
2022-06-24,-2.248891526437173
2022-06-25,-2.4133104681104527
2022-06-26,-2.2880741304866494
2022-06-27,-2.1900202440512624
2022-06-28,-2.418114030213795
2022-06-29,-2.194300149738689
2022-06-30,-2.076867261143943
2022-07-01,-2.1632580410590094
2022-07-02,-2.395504259420004
2022-07-03,-2.1254836148395913
2022-07-04,-2.293246142598335
2022-07-05,-2.447136368526288
2022-07-06,-2.5036740413900476
2022-07-07,-2.383429627024709
2022-07-08,-2.426498457938898
2022-07-09,-2.3639988389425537
2022-07-10,-1.9871694501967383
2022-07-11,-2.1019580880497237
2022-07-12,-2.192751342266648
2022-07-13,-2.0950935869666796
2022-07-14,-2.205734700170029
2022-07-15,-2.1489532134944116
2022-07-16,-2.180859453667514
2022-07-17,-2.058653552498954
2022-07-18,-2.2822364423200465
2022-07-19,-2.2332340558427055
2022-07-20,-2.0395095032620696
2022-07-21,-2.216319799382672
2022-07-22,-2.3733398844953832
2022-07-23,-2.5180399957346236
2022-07-24,-2.2493168258986245
2022-07-25,-2.1303585517173547
2022-07-26,-2.280838992781027
2022-07-27,-2.2286315169890405
2022-07-28,-2.0911008439522174
2022-07-29,-2.223706334818305
2022-07-30,-2.314494729492681
2022-07-31,-2.0348383319029755
2022-08-01,-2.102112869852085
2022-08-02,-2.3223650314567927
2022-08-03,-2.1393912671440862
2022-08-04,-2.364676524178965
2022-08-05,-2.511027403105166
2022-08-06,-2.560687544553018
2022-08-07,-2.3566162907556363
2022-08-08,-2.318520302578042
2022-08-09,-2.3261112073877723
2022-08-10,-2.240547676513857
2022-08-11,-2.2290875742682066
2022-08-12,-2.2226521696891517
2022-08-13,-2.372508122857202
2022-08-14,-2.3138072453894583
2022-08-15,-2.0050242606820126
2022-08-16,-2.1431069926145536
2022-08-17,-2.134351721716774
2022-08-18,-2.2497246367293973
2022-08-19,-2.3128650637268
2022-08-20,-2.2571849386034732
2022-08-21,-2.0142973727708795
2022-08-22,-2.14370116875549
2022-08-23,-2.320954058651859
2022-08-24,-2.1393637802521703
2022-08-25,-2.0993920533090087
2022-08-26,-2.0823287362413443
2022-08-27,-2.070658812893296
2022-08-28,-1.9277585091439233
2022-08-29,-1.918926606958839
2022-08-30,-2.119145522321393
2022-08-31,-2.0555212165436623
2022-09-01,-2.0130643614650934
2022-09-02,-2.114616265846764
2022-09-03,-2.139785927054149
2022-09-04,-2.0758546831552227
2022-09-05,-1.8633328276436358
2022-09-06,-1.8332584312819311
2022-09-07,-1.8257715683852067
2022-09-08,-1.9194986945297714
2022-09-09,-1.8709564565728367
2022-09-10,-1.878411549131827
2022-09-11,-2.0246337112414245
2022-09-12,-1.7374019873454873
2022-09-13,-1.87829318052473
2022-09-14,-1.8854225778285079
2022-09-15,-2.010471489270526
2022-09-16,-2.003891851604726
2022-09-17,-2.0176135678830622
2022-09-18,-1.808175583184191
2022-09-19,-1.8239725250162897
2022-09-20,-2.0801090601970085
2022-09-21,-1.9478272866299682
2022-09-22,-2.004093470507928
2022-09-23,-2.100026004787799
2022-09-24,-2.1319047757092204
2022-09-25,-1.8511108433631143
2022-09-26,-2.008401039351684
2022-09-27,-2.258999545530852
2022-09-28,-2.2125600722132415
2022-09-29,-2.230787624617658
2022-09-30,-2.1248600117820264
2022-10-01,-2.159682398005885
2022-10-02,-2.1547171633760724
2022-10-03,-2.0458982223134554
2022-10-04,-2.1670959783467785
2022-10-05,-2.067535390131853
2022-10-06,-2.247353782657527
2022-10-07,-2.1661648782707488
2022-10-08,-2.2263797452050764
2022-10-09,-1.8940272593778826
2022-10-10,-1.849321789892001
2022-10-11,-1.870840660516041
2022-10-12,-1.9206906087529043
2022-10-13,-2.1574605279710983
2022-10-14,-2.1368187032592085
2022-10-15,-2.037996584670114
2022-10-16,-1.8871938987075978
2022-10-17,-1.7700934318373822
2022-10-18,-2.0342075900963668
2022-10-19,-1.9805291932763494
2022-10-20,-1.8654315282103127
2022-10-21,-2.1255903860731933
2022-10-22,-2.2261296140830984
2022-10-23,-2.0932319145216436
2022-10-24,-2.2593910324220947
2022-10-25,-2.1069506349636082
2022-10-26,-2.0261257379910003
2022-10-27,-2.1052400613934674
2022-10-28,-2.117821142840244
2022-10-29,-2.4012210853908775
2022-10-30,-2.246952993063537
2022-10-31,-2.0829379116490565
2022-11-01,-2.0944381092247144
2022-11-02,-1.970973888060846
2022-11-03,-1.9834859955497346
2022-11-04,-1.8921434532095915
2022-11-05,-2.1253790138023008
2022-11-06,-1.6414018118063278
2022-11-07,-1.612849350179472
2022-11-08,-1.601592258649942
2022-11-09,-1.0847309424849174
2022-11-10,-1.4118887387120198
2022-11-11,-1.4189282286535023
2022-11-12,-1.2260138075165377
2022-11-13,-1.3363393661980687
2022-11-14,-1.418633855705212
2022-11-15,-1.7108824876913795
2022-11-16,-1.63849180975081
2022-11-17,-1.6191721717482759
2022-11-18,-1.9135992334008267
2022-11-19,-1.9102785149248431
2022-11-20,-2.0561462864520377
2022-11-21,-1.8820363770420772
2022-11-22,-2.018517537214542
2022-11-23,-2.1939995292726313
2022-11-24,-1.922976283422819
2022-11-25,-1.694921787678778
2022-11-26,-1.840876975373551
2022-11-27,-1.9019739254748071
2022-11-28,-1.9939580852713066
2022-11-29,-2.252593444894404
2022-11-30,-2.02460137616623
2022-12-01,-1.8952186078723958
2022-12-02,-1.923900862020531
2022-12-03,-2.0298022427357707
2022-12-04,-1.7324960752392622
2022-12-05,-1.792203314560143
2022-12-06,-2.067422990206222
2022-12-07,-1.9088492839602786
2022-12-08,-1.9586257531560753
2022-12-09,-1.9285403843940692
2022-12-10,-2.2397102111293097
2022-12-11,-1.7637557743754684
2022-12-12,-1.7132686308530831
2022-12-13,-1.9047393286884973
2022-12-14,-2.0607318998452304
2022-12-15,-2.1096057998543705
2022-12-16,-2.244383147575363
2022-12-17,-2.3404177622280704
2022-12-18,-1.9633556355624124
2022-12-19,-2.076100762965535
2022-12-20,-2.457227251571051
2022-12-21,-2.0243885661431165
2022-12-22,-1.9437433033964602
2022-12-23,-2.107561677537475
2022-12-24,-1.98229347308982
2022-12-25,-1.840378580281732
2022-12-26,-2.147202270762588
2022-12-27,-2.3456251353460513
2022-12-28,-2.434688017377095
2022-12-29,-2.3223611833436646
2022-12-30,-2.3959211975054746
2022-12-31,-2.504458590259032
2023-01-01,-2.124597842454737
2023-01-02,-2.18078094856479
2023-01-03,-2.2735977564783174
2023-01-04,-2.20717012804924
2023-01-05,-2.229585136008912
2023-01-06,-2.3991782209525554
2023-01-07,-2.4740006190660297
2023-01-08,-2.187282213202807
2023-01-09,-2.129334539469192
2023-01-10,-1.9966047218359027
2023-01-11,-1.8684318964036741
2023-01-12,-1.9191149043064761
2023-01-13,-1.951008689353606
2023-01-14,-2.2300349753606645
2023-01-15,-1.8081621877106897
2023-01-16,-1.5096648757441153
2023-01-17,-1.7982561834739617
2023-01-18,-2.1774905233921245
2023-01-19,-2.142931428079591
2023-01-20,-2.2277042046735103
2023-01-21,-2.4241202392711685
2023-01-22,-2.3099138000690465
2023-01-23,-2.373174188521534
2023-01-24,-2.4715398452700654
2023-01-25,-2.284694442766846
2023-01-26,-2.351780373502397
2023-01-27,-2.5479009533920314
2023-01-28,-2.9538097126289204
2023-01-29,-2.4449038201427067
2023-01-30,-2.3251488336336177
2023-01-31,-2.2627069652680207
2023-02-01,-2.124076839770584
2023-02-02,-2.0560481933929156
2023-02-03,-2.216307771554487
2023-02-04,-2.24803268078198
2023-02-05,-1.9450257799248254
2023-02-06,-2.0165220448984957
2023-02-07,-2.2108996503731837
2023-02-08,-1.9353322802751127
2023-02-09,-2.12005232585255
2023-02-10,-2.190260896647017
2023-02-11,-2.013467590154234
2023-02-12,-1.741378854335802
2023-02-13,-1.84840934291593
2023-02-14,-2.1116429243435744
2023-02-15,-2.0385631562955617
2023-02-16,-2.2172747319249493
2023-02-17,-2.227375501846741
2023-02-18,-2.3308571605956026
2023-02-19,-2.040285412726387
2023-02-20,-1.7601398915369701
2023-02-21,-1.9384445089716817
2023-02-22,-1.953743269965361
2023-02-23,-2.4157868604753645
2023-02-24,-2.3122405553073175
2023-02-25,-2.2157697158904006
2023-02-26,-1.8854119364209276
2023-02-27,-1.75804042275529
2023-02-28,-2.0247431807698026
2023-03-01,-1.9779039965948075
2023-03-02,-2.1105003613750393
2023-03-03,-2.3431471237684116
2023-03-04,-2.2861191684302593
2023-03-05,-1.965517551732464
2023-03-06,-1.9681833276693055
2023-03-07,-2.2164752025805203
2023-03-08,-2.157034395740988
2023-03-09,-2.082317154346265
2023-03-10,-2.2437466280114515
2023-03-11,-2.215099618612516
2023-03-12,-2.0995073341301773
2023-03-13,-1.8732629554081317
2023-03-14,-2.019483974042385
2023-03-15,-1.996322444200866
2023-03-16,-2.1504531305772296
2023-03-17,-2.1043538023304866
2023-03-18,-2.451470089314149
2023-03-19,-2.2528339713163463
2023-03-20,-2.257291651067322
2023-03-21,-2.356819806690421
2023-03-22,-1.892172151357669
2023-03-23,-2.1168299672267628
2023-03-24,-2.1340151242997982
2023-03-25,-2.195512906654701
2023-03-26,-2.1588968331871436
2023-03-27,-2.130510698437676
2023-03-28,-2.3342620229932707
2023-03-29,-2.237611264851087
2023-03-30,-2.2661095652587773
2023-03-31,-2.6373753740466874
2023-04-01,-2.2568414912675543
2023-04-02,-2.428578504363231
2023-04-03,-2.133090726017236
2023-04-04,-2.5424008132910134
2023-04-05,-2.3242171950214474
2023-04-06,-2.1445139393636183
2023-04-07,-2.2745527429464
2023-04-08,-2.2046749710605376
2023-04-09,-2.138689980255312
2023-04-10,-2.205490346615394
2023-04-11,-2.2738742414080315
2023-04-12,-2.010732884472164
2023-04-13,-2.057345050671257
2023-04-14,-2.23515640328056
2023-04-15,-2.0182484267746155
2023-04-16,-2.172349869864509
2023-04-17,-2.201990505099424
2023-04-18,-2.244562783197872
2023-04-19,-2.1719340091956507
2023-04-20,-2.104571940811268
2023-04-21,-2.0907894677969536
2023-04-22,-2.0937160543680333
2023-04-23,-1.878543467466842
2023-04-24,-1.9078553840361088
2023-04-25,-1.9777083501024848
2023-04-26,-1.955282121360876
2023-04-27,-1.9831307993220961
2023-04-28,-1.89867099212375
2023-04-29,-1.980942454125834
2023-04-30,-1.7959915651685403
2023-05-01,-1.7349836290906833
2023-05-02,-1.9215432857988748
2023-05-03,-1.8971003220664346
2023-05-04,-2.1248002559502153
2023-05-05,-2.003473064521034
2023-05-06,-1.7808896879755451
2023-05-07,-2.041208918498471
2023-05-08,-2.112146320436578
2023-05-09,-2.0996913936903656
2023-05-10,-2.245167214933802
2023-05-11,-2.143924167658738
2023-05-12,-2.222301817361157
2023-05-13,-2.197063609409062
2023-05-14,-1.821242462995389
2023-05-15,-1.8387441442629089
2023-05-16,-2.0430568239401365
2023-05-17,-2.0358333287888573
2023-05-18,-2.0932834634981945
2023-05-19,-1.9697636934521068
2023-05-20,-1.9917543692137043
2023-05-21,-1.7279763822007037
2023-05-22,-1.8884588487783038
2023-05-23,-2.018693653851612
2023-05-24,-2.100206730389574
2023-05-25,-2.133401107648987
2023-05-26,-2.114069477533873
2023-05-27,-1.9095419425027635
2023-05-28,-1.845386489745628
2023-05-29,-1.6448311253265342
2023-05-30,-1.8844006389449413
2023-05-31,-2.117918134000826
2023-06-01,-1.8851028734796724
2023-06-02,-1.8843234553254165
2023-06-03,-2.009545409925969
2023-06-04,-1.9596310838890965
2023-06-05,-1.8375090926609539
2023-06-06,-1.9898516074120756
2023-06-07,-2.030778812980379
2023-06-08,-1.877254789150413
2023-06-09,-2.1393330943793516
2023-06-10,-2.131374391825594
2023-06-11,-1.8315713337205162
2023-06-12,-1.8252217346467647
2023-06-13,-1.9114592386964673
2023-06-14,-1.8916946248963096
2023-06-15,-2.0162501309308802
2023-06-16,-1.9388194188771772
2023-06-17,-1.8480981635390283
2023-06-18,-1.6994762649759672
2023-06-19,-1.5062580393215868
2023-06-20,-1.7527917526228645
2023-06-21,-1.8336195264875605
2023-06-22,-1.7189147757033203
2023-06-23,-1.855724962346268
2023-06-24,-1.9109101052940363
2023-06-25,-1.742663244699955
2023-06-26,-1.8853762225847328
2023-06-27,-2.1356292971404196
2023-06-28,-2.0097377037203517
2023-06-29,-1.7621136178239327
2023-06-30,-1.775133875845096
2023-07-01,-1.7471445279360243
2023-07-02,-1.7184029140341006
2023-07-03,-1.8034925072098817
2023-07-04,-1.96063918076065
2023-07-05,-1.953049503620139
2023-07-06,-2.0187259128954365
2023-07-07,-2.1977366991534644
2023-07-08,-2.176121456933129
2023-07-09,-1.9503653132035326
2023-07-10,-1.9502051793374757
2023-07-11,-2.02323324147683
2023-07-12,-1.8630715165733551
2023-07-13,-2.152666014502221
2023-07-14,-2.2523674559099445
2023-07-15,-2.145853421301981
2023-07-16,-1.9902673373227864
2023-07-17,-1.8957361696419415
2023-07-18,-2.131769460771621
2023-07-19,-2.1617082078628003
2023-07-20,-1.7811330567061303
2023-07-21,-2.189432163198554
2023-07-22,-2.1260605807995723
2023-07-23,-1.859900081890605
2023-07-24,-1.9241258062889475
2023-07-25,-2.10090309309466
2023-07-26,-2.293327561430211
2023-07-27,-2.162471736765753
2023-07-28,-2.1426605076714886
2023-07-29,-2.1305512799392687
2023-07-30,-1.9873844543519468
2023-07-31,-1.9939185160898636
2023-08-01,-2.1232569973019233
2023-08-02,-2.6248253859064468
2023-08-03,-2.465580442193192
2023-08-04,-2.477095063811366
2023-08-05,-2.4449486506701184
2023-08-06,-2.4025129162135848
2023-08-07,-2.257707212269693
2023-08-08,-2.1521079233180123
2023-08-09,-2.1576567848683554
2023-08-10,-2.2212941018703036
2023-08-11,-2.3289253888607737
2023-08-12,-2.3419335740069482
2023-08-13,-2.141201933805299
2023-08-14,-2.1022037963015423
2023-08-15,-2.6588279589340726
2023-08-16,-2.4038273739702323
2023-08-17,-2.3090037736596525
2023-08-18,-2.375074308337613
2023-08-19,-2.2527883783131557
2023-08-20,-2.1182729432761978
2023-08-21,-2.1697767798331316
2023-08-22,-2.2523812585078713
2023-08-23,-2.2925147969843005
2023-08-24,-2.552915968564234
2023-08-25,-2.7612335005956536
2023-08-26,-2.429745756228566
2023-08-27,-2.293476411672998
2023-08-28,-2.2548280794524325
2023-08-29,-2.416171453802411
2023-08-30,-2.385620308890002
2023-08-31,-2.4102898230166603
2023-09-01,-2.2456621321056196
2023-09-02,-2.2939888638572534
2023-09-03,-2.0108352383463735
2023-09-04,-1.8034436943410068
2023-09-05,-2.0709011788006495
2023-09-06,-2.103201748658417
2023-09-07,-2.128982577777941
2023-09-08,-2.103971372709597
2023-09-09,-2.0521992260857096
2023-09-10,-1.8787087033079755
2023-09-11,-1.9075034779070958
2023-09-12,-1.9852857903262269
2023-09-13,-2.0635205789836344
2023-09-14,-2.1053564072402664
2023-09-15,-2.102388652715071
2023-09-16,-2.162284383817079
2023-09-17,-1.7789345408047368
2023-09-18,-1.779301034896718
2023-09-19,-1.9461935729884665
2023-09-20,-1.8835185991173764
2023-09-21,-1.848520148734397
2023-09-22,-1.7578369168641788
2023-09-23,-1.8114780726347894
2023-09-24,-1.64547476783896
2023-09-25,-1.6985551249976203
2023-09-26,-1.8685136016866732
2023-09-27,-2.0567926022237546
2023-09-28,-2.0191108746496766
2023-09-29,-2.135137170918144
2023-09-30,-2.1203033153649065
2023-10-01,-1.8773265615728802
2023-10-02,-1.7719134125290519
2023-10-03,-2.0115812143496963
2023-10-04,-2.0127184412748393
2023-10-05,-2.046226941645447
2023-10-06,-1.9750756572267991
2023-10-07,-2.2322088163576055
2023-10-08,-2.2130280334370656
2023-10-09,-1.9570403413664144
2023-10-10,-2.0583645062423526
2023-10-11,-2.0583169246765687
2023-10-12,-2.1268514292708183
2023-10-13,-2.2410970860715898
2023-10-14,-2.164366633640428
2023-10-15,-2.146440838869213
2023-10-16,-2.215848558389335
2023-10-17,-2.3431003342825454
2023-10-18,-2.3733480960284568
2023-10-19,-2.2951899016063075
2023-10-20,-2.384685342947473
2023-10-21,-2.313710252901581
2023-10-22,-2.319603875645372
2023-10-23,-2.1471830621009165
2023-10-24,-2.287661517978078
2023-10-25,-2.1191809552364553
2023-10-26,-2.358617006883136
2023-10-27,-2.283985036231529
2023-10-28,-2.247357970410389
2023-10-29,-1.909232910807195
2023-10-30,-2.1100683300059715
2023-10-31,-2.216004565808246
2023-11-01,-2.1202535426285913
2023-11-02,-2.1306294981772336
2023-11-03,-2.2841392376738634
2023-11-04,-2.219363941880904
2023-11-05,-2.092521366020154
2023-11-06,-2.0753405490922643
2023-11-07,-2.168766110649206
2023-11-08,-1.8255211839826504
2023-11-09,-2.020169262349482
2023-11-10,-1.8695410533439096
2023-11-11,-1.83425157900793
2023-11-12,-1.9204256057861107
2023-11-13,-1.7453402134493983
2023-11-14,-1.8974327713279053
2023-11-15,-1.9396032648441108
2023-11-16,-2.104846001025495
2023-11-17,-2.1257827667356115
2023-11-18,-2.154581798062839
2023-11-19,-1.8803987591066063
2023-11-20,-1.6005949288980903
2023-11-21,-1.9525934327106103
2023-11-22,-1.8995862856280437
2023-11-23,-1.954901707012536
2023-11-24,-1.6733267783554306
2023-11-25,-2.2794624217438213
2023-11-26,-2.170304650905357
2023-11-27,-2.1741471971687996
2023-11-28,-2.0146441609080123
2023-11-29,-2.018796580792411
2023-11-30,-2.1487250812525533
2023-12-01,-2.334101464220745
2023-12-02,-2.4757034805715286
2023-12-03,-2.2745548394415778
2023-12-04,-2.0487122210644237
2023-12-05,-2.193614957933712
2023-12-06,-2.2385341870300195
2023-12-07,-2.4244148532012515
2023-12-08,-2.5057852727264907
2023-12-09,-2.4299237405764833
2023-12-10,-2.480229145759586
2023-12-11,-2.2065651834613575
2023-12-12,-2.226757495846378
2023-12-13,-1.9792694782902942
2023-12-14,-2.0814080955390724
2023-12-15,-2.1674604191914715
2023-12-16,-2.3460974993087067
2023-12-17,-2.079291672125383
2023-12-18,-2.0121719964256237
2023-12-19,-2.2119320401562996
2023-12-20,-2.214986571720815
2023-12-21,-2.3601114747480194
2023-12-22,-2.40152121813867
2023-12-23,-2.390090550845498
2023-12-24,-2.2279099657346975
2023-12-25,-1.6784216134158003
2023-12-26,-1.9718382719824983
2023-12-27,-2.239763441915365
2023-12-28,-2.39104849011665
2023-12-29,-2.4419318043551623
2023-12-30,-2.4562917732088994
2023-12-31,-2.1976003311671475
2024-01-01,-2.2207266843867557
2024-01-02,-2.133172161614557
2024-01-03,-2.569463737773277
2024-01-04,-2.6319963059235643
2024-01-05,-2.6332705693576353
2024-01-06,-2.497852693761253
2024-01-07,-2.351196998602634
2024-01-08,-2.0969859351888935
2024-01-09,-2.181840974303222
2024-01-10,-2.3085027634104818
2024-01-11,-2.3290044172878535
2024-01-12,-2.4344109996631755
2024-01-13,-2.2456612685462547
2024-01-14,-1.9607376412386135
2024-01-15,-1.5390289380328268
2024-01-16,-1.5601648577438578
2024-01-17,-1.978391210938492
2024-01-18,-2.1444856821978955
2024-01-19,-2.25493212851848
2024-01-20,-2.3448120434302733
2024-01-21,-1.9603903739435897
2024-01-22,-1.8929673889659746
2024-01-23,-2.0688663368455855
2024-01-24,-1.9152485784301405
2024-01-25,-2.055750597531437
2024-01-26,-2.29941840797743
2024-01-27,-2.287444734212656
2024-01-28,-2.217396048123319
2024-01-29,-2.286838798700906
2024-01-30,-2.263066942322909
2024-01-31,-2.3229027026626237
2024-02-01,-2.247403990437839
2024-02-02,-2.370179829843369
2024-02-03,-2.4473851528865556
2024-02-04,-2.212960244033295
2024-02-05,-1.9151225772788996
2024-02-06,-2.2299134624880015
2024-02-07,-2.107130640552839
2024-02-08,-2.085492705667362
2024-02-09,-2.03722173452176
2024-02-10,-2.1485892429567457
2024-02-11,-2.050001371075712
2024-02-12,-1.9511686499756897
2024-02-13,-1.8441691174646144
2024-02-14,-1.9930711506254948
2024-02-15,-1.9767814713194893
2024-02-16,-2.257807630566971
2024-02-17,-2.122606695152874
2024-02-18,-1.9956626073757584
2024-02-19,-1.927362547314951
2024-02-20,-2.1384728388140317
2024-02-21,-2.1939504618695134
2024-02-22,-2.1555464604896977
2024-02-23,-2.174815025721247
2024-02-24,-1.9734535349598434
2024-02-25,-1.7398268719995678
2024-02-26,-1.9788641335511339
2024-02-27,-2.120659213342886
2024-02-28,-1.9829237806486926
2024-02-29,-1.9644597325090143
2024-03-01,-2.0790257387113567
2024-03-02,-2.007287924355701
2024-03-03,-1.9108723302237673
2024-03-04,-1.9195769365465172
2024-03-05,-1.9345118890713706
2024-03-06,-1.643665165376354
2024-03-07,-1.958227141463068
2024-03-08,-2.022211065933043
2024-03-09,-1.9441764600726386
2024-03-10,-1.8352346016867145
2024-03-11,-1.6988162373031706
2024-03-12,-2.0554405659972637
2024-03-13,-1.9515627101439905
2024-03-14,-2.0518162406369296
2024-03-15,-2.27984486599585
2024-03-16,-2.4471938466044167
2024-03-17,-2.2056388219818213
2024-03-18,-2.0612337861924828
2024-03-19,-2.1889957100463167
2024-03-20,-2.0456921885046566
2024-03-21,-2.1911469220639233
2024-03-22,-2.1515774205319786
2024-03-23,-2.3991947044928588
2024-03-24,-2.1550970981202022
2024-03-25,-2.2336845706596753
2024-03-26,-2.2018414380110785
2024-03-27,-2.102323278375152
2024-03-28,-2.1200687880573312
2024-03-29,-2.0829353538671227
2024-03-30,-1.9173516347092334
2024-03-31,-1.9761519713497882
2024-04-01,-2.0636356522476973
2024-04-02,-2.1371761791914197
2024-04-03,-2.074201659897625
2024-04-04,-1.9516566047582484
2024-04-05,-1.989770416142188
2024-04-06,-2.131679356464597
2024-04-07,-2.076574154410712
2024-04-08,-1.7229876603603274
2024-04-09,-2.1787773199039364
2024-04-10,-2.16308316494164
2024-04-11,-2.035316318515357
2024-04-12,-2.157580955461141
2024-04-13,-2.4565991561018192
2024-04-14,-2.595773163835642
2024-04-15,-2.5896791124249345
2024-04-16,-2.475957751186869
2024-04-17,-2.227171564176099
2024-04-18,-2.0802689787551802
2024-04-19,-2.1493946804559774
2024-04-20,-2.1547311727556338
2024-04-21,-1.9107778871255001
2024-04-22,-2.2594656889690206
2024-04-23,-2.355012377812276
2024-04-24,-2.2282071884161714
2024-04-25,-2.7886989160229705
2024-04-26,-2.488031988954581
2024-04-27,-2.5252986331130876
2024-04-28,-2.511749048098496
2024-04-29,-2.3469927813544778
2024-04-30,-2.5561488079047656
2024-05-01,-2.6470268452848225
2024-05-02,-2.693558124716421
2024-05-03,-2.3526028917103243
2024-05-04,-2.4014002078860948
2024-05-05,-2.341629905666201
2024-05-06,-2.174002866275256
2024-05-07,-2.1120977348342924
2024-05-08,-2.103001960848147
2024-05-09,-2.2163468380660225
2024-05-10,-2.0596391890854924
2024-05-11,-1.892340369714265
2024-05-12,-1.878141726420326
2024-05-13,-1.9427597302309645
2024-05-14,-2.1319293794624374
2024-05-15,-1.9883181959446297
2024-05-16,-2.085075165790598
2024-05-17,-2.106264426998227
2024-05-18,-2.097051042817081
2024-05-19,-1.9652148748624856
2024-05-20,-2.0079801659553644
2024-05-21,-2.116372387141225
2024-05-22,-2.0692945546046793
2024-05-23,-1.9873426056455377
2024-05-24,-1.9037068437176536
2024-05-25,-1.9845018457506096
2024-05-26,-2.0167312368726376
2024-05-27,-1.8788460658651809
2024-05-28,-1.9704649225132524
2024-05-29,-2.0532256096193957
2024-05-30,-2.2299575170550994
2024-05-31,-2.891277114210277
2024-06-01,-2.449201481961455
2024-06-02,-2.193336223276538
2024-06-03,-2.287460216226414
2024-06-04,-2.171050590693709
2024-06-05,-2.135682892232421
2024-06-06,-2.1614354065194106
2024-06-07,-2.100779643087007
2024-06-08,-1.9493813718838946
2024-06-09,-1.925128413929063
2024-06-10,-2.0401176528171305
2024-06-11,-2.151037519966384
2024-06-12,-2.1328627561274947
2024-06-13,-1.9293156227987531
2024-06-14,-1.9272648597158881
2024-06-15,-2.136345880607013
2024-06-16,-2.2262417822759644
2024-06-17,-2.127865275804168
2024-06-18,-2.1112969822379526
2024-06-19,-1.8305299400512423
2024-06-20,-1.8752919112852844
2024-06-21,-2.3114945786863625
2024-06-22,-2.4190627993487563
2024-06-23,-2.2215556955833446
2024-06-24,-2.2584216269456365
2024-06-25,-2.3873062052549754
2024-06-26,-2.3359333561880904
2024-06-27,-2.290784874704724
2024-06-28,-2.4940334193844165
2024-06-29,-2.354201436581776
2024-06-30,-2.067672072742557
2024-07-01,-2.163146076798414
2024-07-02,-2.2671871832745376
2024-07-03,-2.0773925522489396
2024-07-04,-1.794358957537571
2024-07-05,-1.6879676445378686
2024-07-06,-2.0619152247453907
2024-07-07,-2.0297371437811194
2024-07-08,-1.9163574097405904
2024-07-09,-1.9620278446290664
2024-07-10,-1.851752066682712
2024-07-11,-1.8582725055387412
2024-07-12,-2.0234911920895726
2024-07-13,-2.142250732530938
2024-07-14,-3.3270076933035426
2024-07-15,-2.3889580643489987
2024-07-16,-2.092575350758146
2024-07-17,-2.094761745847139
2024-07-18,-2.008557459394162
2024-07-19,-2.1415098634634107
2024-07-20,-2.1163444598933845
2024-07-21,-1.3287117656794045
2024-07-22,-0.9366479485401569
2024-07-23,-1.453420885910483
2024-07-24,-2.021745601698957
2024-07-25,-2.1319963834484468
2024-07-26,-2.222390284897763
2024-07-27,-1.9973701325277675
2024-07-28,-1.6599120708682717
2024-07-29,-1.8978163146810325
2024-07-30,-2.08543436940695
2024-07-31,-2.123864787139513
2024-08-01,-2.3115385830396127
2024-08-02,-2.227885428639547
2024-08-03,-2.303048182328713
2024-08-04,-2.083710723053222
2024-08-05,-2.0241984504873005
2024-08-06,-2.0694928910639607
2024-08-07,-1.929928944423946
2024-08-08,-2.085469167180081
2024-08-09,-2.1261552844273286
2024-08-10,-2.145384172437451
2024-08-11,-1.9262077142027894
2024-08-12,-1.9937648642037813
2024-08-13,-2.2276434573443806
2024-08-14,-1.975549390511998
2024-08-15,-2.1454845807653533
2024-08-16,-2.231195451762076
2024-08-17,-2.1475281329617792
2024-08-18,-1.830342073624814
2024-08-19,-1.8732710985528278
2024-08-20,-1.822954821125171
2024-08-21,-1.68836008570497
2024-08-22,-1.83082293104464
2024-08-23,-2.018856989364232
2024-08-24,-1.9868079453335485
2024-08-25,-2.0426778516386337
2024-08-26,-2.026311941802502
2024-08-27,-2.1193088332969023
2024-08-28,-2.0840928967936585
2024-08-29,-2.1632790357440412
2024-08-30,-2.173892004584042
2024-08-31,-2.0420106884176223
2024-09-01,-1.9518600688278958
2024-09-02,-2.12709003189288
2024-09-03,-1.9231279825583725
2024-09-04,-2.325374837276681
2024-09-05,-2.424561576945065
2024-09-06,-2.7063001873876913
2024-09-07,-2.5407679448576603
2024-09-08,-2.356778344471672
2024-09-09,-2.357338534931746
2024-09-10,-2.2423799446106303
2024-09-11,-2.353837342815944
2024-09-12,-2.4778270573828745
2024-09-13,-2.4766995582067275
2024-09-14,-2.3233694759335166
2024-09-15,-2.0681597657943818
2024-09-16,-1.837422030937558
2024-09-17,-2.0799443038133067
2024-09-18,-2.1598313920676926
2024-09-19,-2.0738456929465423
2024-09-20,-2.208442090634344
2024-09-21,-2.113641325065354
2024-09-22,-1.6875555229666952
2024-09-23,-1.7064043853165995
2024-09-24,-1.9109602983792504
2024-09-25,-2.1072176563575686
2024-09-26,-2.15777292697348
2024-09-27,-2.1586961233636695
2024-09-28,-2.4130158171312734
2024-09-29,-2.1036689970652893
2024-09-30,-2.0988322417915235
2024-10-01,-2.0227137672367452
2024-10-02,-2.2440308062945724
2024-10-03,-2.289617439000087
2024-10-04,-2.0063053367611468
2024-10-05,-2.1647378789383644
2024-10-06,-2.0916902487444324
2024-10-07,-2.2001406897610805
2024-10-08,-2.245172862364639
2024-10-09,-2.2087706149737234
2024-10-10,-2.1416383458045325
2024-10-11,-1.919984726227588
2024-10-12,-2.115836784488264
2024-10-13,-1.9063479967034729
2024-10-14,-1.782028422876238
2024-10-15,-1.8336545886940037
2024-10-16,-1.952483490421139
2024-10-17,-2.004629870910125
2024-10-18,-2.0587479172132612
2024-10-19,-2.159055460889011
2024-10-20,-1.771819337098717
2024-10-21,-1.7848663622844556
2024-10-22,-1.90904073148805
2024-10-23,-1.9979687643510184
2024-10-24,-1.9709991634128379
2024-10-25,-1.988955140876712
2024-10-26,-2.000451414908423
2024-10-27,-1.7437461071868612
2024-10-28,-1.7557326082884817
2024-10-29,-1.873122563838062
2024-10-30,-1.7624871133945181
2024-10-31,-1.7109152042829976
2024-11-01,-1.8637695929508258
2024-11-02,-1.840935369845422
2024-11-03,-1.4661008790590397
2024-11-04,-1.5119972546391027
2024-11-05,-1.3778182805811077
2024-11-06,-0.5945237000725125
2024-11-07,-1.194710380861238
2024-11-08,-1.6913620035429824
2024-11-09,-1.896096564405463
2024-11-10,-1.3757291102714955
2024-11-11,-1.1966747678984788
2024-11-12,-1.351024308401566
2024-11-13,-1.4631137615937226
2024-11-14,-1.6488262592637017
2024-11-15,-1.796532672478564
2024-11-16,-1.7818801339149672
2024-11-17,-1.644452862913817
2024-11-18,-1.7488586485013318
2024-11-19,-2.020777401617059
2024-11-20,-1.968599132158552
2024-11-21,-2.309222198658193
2024-11-22,-2.1115598747031186
2024-11-23,-2.0175842094585916
2024-11-24,-1.921203409426365
2024-11-25,-1.7902637680418758
2024-11-26,-2.018511161322332
2024-11-27,-1.9310483720495903
2024-11-28,-1.6243841942120951
2024-11-29,-1.522163683938098
2024-11-30,-1.6308039446774354
2024-12-01,-1.5808912961049546
2024-12-02,-2.1232483119709586
2024-12-03,-2.2372157592657382
2024-12-04,-2.030836609143325
2024-12-05,-1.9566693936144348
2024-12-06,-2.0252465861748155
2024-12-07,-1.8547967299239443
2024-12-08,-1.831018625078403
2024-12-09,-2.035356950535362
2024-12-10,-2.2863911395716596
2024-12-11,-2.1705947644471384
2024-12-12,-1.9744920063280922
2024-12-13,-2.1358629376708023
2024-12-14,-2.172268599878032
2024-12-15,-2.04663313248517
2024-12-16,-2.087604354342721
2024-12-17,-2.410339304999012
2024-12-18,-2.1860735503073623
2024-12-19,-2.460820729593943
2024-12-20,-2.3068522611261937
2024-12-21,-2.1284599881133706
2024-12-22,-1.8589607739289742
2024-12-23,-2.0571486666211745
2024-12-24,-2.1730391732194296
2024-12-25,-1.6244152709816984
2024-12-26,-1.9199652289596223
2024-12-27,-2.246557236467494
2024-12-28,-2.1938248115557544
2024-12-29,-1.6083033502701878
2024-12-30,-1.2775056486689131
2024-12-31,-2.081027320098478
2025-01-01,-2.2961614546389266
2025-01-02,-2.2423797204422597
2025-01-03,-2.277888698083671
2025-01-04,-2.2466512486201258
2025-01-05,-2.074371159440957
2025-01-06,-1.947155884131484
2025-01-07,-2.0045175277456995
2025-01-08,-2.1094093721888703
2025-01-09,-2.026170610440656
2025-01-10,-2.391797427156937
2025-01-11,-2.275415004524841
2025-01-12,-2.0861351015483613
2025-01-13,-1.867667096410311
2025-01-14,-2.0150203573987984
2025-01-15,-1.9288387668426437
2025-01-16,-1.792304245404323
2025-01-17,-1.901208567615917
2025-01-18,-1.9779769230104665
2025-01-19,-1.4836185940327642
2025-01-20,-1.0185670956413369
2025-01-21,-1.5282706119282599
2025-01-22,-2.08076538839877
2025-01-23,-2.1403274468414
2025-01-24,-2.3039804835339543
2025-01-25,-2.2573140559279654
2025-01-26,-2.1864321869905177
2025-01-27,-2.1277402649334376
2025-01-28,-2.0569391698833432
2025-01-29,-2.1711766328047535
2025-01-30,-2.2732983340285178
2025-01-31,-2.271620543996425
2025-02-01,-2.284775956002051
2025-02-02,-2.0094674975637776
2025-02-03,-1.8606606976398574
2025-02-04,-2.1629511972547806
2025-02-05,-2.0912294404655407
2025-02-06,-2.111930546905121
2025-02-07,-2.1365284258077772
2025-02-08,-2.1212984174270697
2025-02-09,-2.00528801293184
2025-02-10,-1.948575815934247
2025-02-11,-2.1430497079699427
2025-02-12,-1.917530693173679
2025-02-13,-1.8542884678897225
2025-02-14,-1.9849286232708032
2025-02-15,-2.1797704881220987
2025-02-16,-1.7945323696384021
2025-02-17,-1.8012677949491271
2025-02-18,-2.004357333300739
2025-02-19,-2.1604597266767787
2025-02-20,-2.039698328916285
2025-02-21,-2.199758739131401
2025-02-22,-2.1812877482182054
2025-02-23,-1.9106293073811447
2025-02-24,-1.7927428797466076
2025-02-25,-2.016279808334035
2025-02-26,-1.8954892059549509
2025-02-27,-1.8707646101807
2025-02-28,-1.982678773657332
2025-03-01,-1.972607537046344
2025-03-02,-1.6174972012356312
2025-03-03,-1.564354106237169
2025-03-04,-1.8017347321094286
2025-03-05,-1.9341294449443243
2025-03-06,-2.0943609523451476
2025-03-07,-2.115175536482558
2025-03-08,-2.300497553693181
2025-03-09,-2.260264444030676
2025-03-10,-2.0408592752247015
2025-03-11,-2.1570986410424022
2025-03-12,-2.10010034787569
2025-03-13,-2.1752763517146274
2025-03-14,-2.350340115080918
2025-03-15,-2.3671757908931816
2025-03-16,-2.5234757158279404
2025-03-17,-2.250353068871782
2025-03-18,-2.306085877824439
2025-03-19,-2.2621659723654206
2025-03-20,-2.244359345493899
2025-03-21,-2.313617860928548
2025-03-22,-2.3166874946398073
2025-03-23,-2.401627045776504
2025-03-24,-2.103539860595913
2025-03-25,-2.1196804529714632
2025-03-26,-2.154679221139713
2025-03-27,-2.226557495853842
2025-03-28,-2.126901226947374
2025-03-29,-2.1094138720692364
2025-03-30,-1.99543480721001
2025-03-31,-1.9890741716261466
2025-04-01,-2.2812388748029035
2025-04-02,-2.0147398788257065
2025-04-03,-2.039158007877354
2025-04-04,-2.1564295276601055
2025-04-05,-2.435138411357316
2025-04-06,-2.3914761883106537
2025-04-07,-2.168719988788152
2025-04-08,-2.123932750361387
2025-04-09,-2.1333976011452123
2025-04-10,-2.0502930885133184
2025-04-11,-2.171607085790283
2025-04-12,-2.210068314758922
2025-04-13,-1.9211240573437738
2025-04-14,-2.1340372181153935
2025-04-15,-2.3967199632404874
2025-04-16,-2.2288067412053105
2025-04-17,-2.282467739838508
2025-04-18,-2.409255016837276
2025-04-19,-2.4940735116963184
2025-04-20,-2.2890853707287864
2025-04-21,-1.8632996687342143
2025-04-22,-2.0160173360840346
2025-04-23,-2.186522891607278
2025-04-24,-2.040572789577457
2025-04-25,-2.3515885972459145
2025-04-26,-2.294229049828447
2025-04-27,-2.0719720504652694
2025-04-28,-2.131938775042892
2025-04-29,-2.101626128938915
2025-04-30,-1.8973495836297372
2025-05-01,-1.8998137686744334
2025-05-02,-2.092935526513302
2025-05-03,-2.0004034573813585
2025-05-04,-1.8785544800626606
2025-05-05,-1.916786185523417
2025-05-06,-2.052777446480145
2025-05-07,-2.152458719520534
2025-05-08,-1.92539657435481
2025-05-09,-1.6791056304753853
2025-05-10,-1.9302412192791203
2025-05-11,-1.5063238279417404
2025-05-12,-1.695647917633214
2025-05-13,-1.8677190282531337
2025-05-14,-1.975155413996491
2025-05-15,-1.966960793069274
2025-05-16,-2.092036922099318
2025-05-17,-2.215551327605039
2025-05-18,-1.7597441404425402
2025-05-19,-1.8830396667458933
2025-05-20,-2.116028754843168
2025-05-21,-2.051689171915668
2025-05-22,-2.290996244801277
2025-05-23,-2.291793616015609
2025-05-24,-2.186536539756432
2025-05-25,-2.2763670850772697
2025-05-26,-1.9475083205280572
2025-05-27,-1.9099236742667947
2025-05-28,-2.1504196884485656
2025-05-29,-2.155426555413315
2025-05-30,-2.1121756222731896
2025-05-31,-2.0688743062431723
2025-06-01,-1.9716066780628445
2025-06-02,-2.5289883970645484
2025-06-03,-2.4176584015553106
2025-06-04,-2.2741194986622872
2025-06-05,-2.283117971441585
2025-06-06,-2.3311879540498506
2025-06-07,-2.5137117070122565
2025-06-08,-3.152066942104751
2025-06-09,-3.164177584472683
2025-06-10,-2.9335985079651135
2025-06-11,-2.8914110536636883
2025-06-12,-2.730625600306467
2025-06-13,-2.6999450379807146
2025-06-14,-2.661586257046834
2025-06-15,-2.8255498094346643
2025-06-16,-2.504339154217393
2025-06-17,-3.0565551277615164
2025-06-18,-3.191360394952671
2025-06-19,-1.6576097192257848
2025-06-20,-2.260645544943426
2025-06-21,-3.1189727633862416
2025-06-22,-2.8955449305300345
2025-06-23,-3.048292443661772
2025-06-24,-2.391178129309662
2025-06-25,-2.0609827117309796
2025-06-26,-1.5611330888478634
2025-06-27,-1.8653515216835015
2025-06-28,-1.515646226636368
2025-06-29,-2.554348787165381
2025-06-30,-2.3789597256457964
2025-07-01,-2.865299735311802
2025-07-02,-2.2795026333002015
2025-07-03,-2.1718309524944215
2025-07-04,-1.963231068598277
2025-07-05,-1.7150695799156865
2025-07-06,-1.984251841052507
2025-07-07,-2.283911838146169
2025-07-08,-2.1308623406035103
2025-07-09,-2.124458539119852
2025-07-10,-2.164140548014395
2025-07-11,-2.3524957146913867
2025-07-12,-2.5187748557817997
2025-07-13,-2.38255068447694
2025-07-14,-2.041760264553874
2025-07-15,-2.0727894029814764
2025-07-16,-2.159377362764671
2025-07-17,-2.243558331270717
2025-07-18,-2.4217847093986222
2025-07-19,-2.303874603558606
2025-07-20,-2.1331330707815748
2025-07-21,-2.4840659723132545
2025-07-22,-2.4869209507692416
2025-07-23,-2.4108941194348024
2025-07-24,-2.266433936003316
2025-07-25,-2.211660212393938
2025-07-26,-2.2955144653071007
2025-07-27,-2.129431388682451
2025-07-28,-1.990281381810885
2025-07-29,-2.1982333144100186
2025-07-30,-2.152646050510515
2025-07-31,-2.1075007258952465
2025-08-01,-2.1865908277669
2025-08-02,-2.2724703342490233
2025-08-03,-1.9773107305942774
2025-08-04,-2.0651322737809097
2025-08-05,-2.275200145471938
2025-08-06,-2.286324074800365
2025-08-07,-2.1509516776161313
2025-08-08,-2.153087741134031
2025-08-09,-2.0155630095313963
2025-08-10,-1.8850201323613782
2025-08-11,-2.1047454477961867
2025-08-12,-2.314430109037325
2025-08-13,-2.2289136042948368
2025-08-14,-2.256764180190478
2025-08-15,-2.0260155044159163
2025-08-16,-1.472184939070366
2025-08-17,-1.6469814799866418
2025-08-18,-1.8769313807928067
2025-08-19,-1.962625097841729
2025-08-20,-2.118021084261461
2025-08-21,-2.1328032158952497
2025-08-22,-2.272173946581482
2025-08-23,-2.4439462545312916
2025-08-24,-2.2384437876385683
2025-08-25,-2.364581747733499
2025-08-26,-2.290565128747405
2025-08-27,-2.410529708130447
2025-08-28,-2.514632742463426
2025-08-29,-2.454456264137916
2025-08-30,-2.2257200545500564
2025-08-31,-2.3046304078676867
2025-09-01,-1.9714360932084387
2025-09-02,-2.118435395873148
2025-09-03,-2.250871078493674
2025-09-04,-2.1493826775139935
2025-09-05,-2.3090501236570424
2025-09-06,-2.3168173993105805
2025-09-07,-2.17083612109691
2025-09-08,-2.2799379107154323
2025-09-09,-2.4351033182716755
2025-09-10,-2.395240197021502
2025-09-11,-2.6849504753774007
2025-09-12,-2.7358744555132626
2025-09-13,-2.8097831981903654
2025-09-14,-2.5497551854311338
2025-09-15,-2.139373758843221
2025-09-16,-2.5261866491919123
2025-09-17,-2.412578653533147
2025-09-18,-2.3194571412593614
2025-09-19,-2.277890560224251
2025-09-20,-2.313748072822479
2025-09-21,-2.0299623341056043
2025-09-22,-1.8705845806262082
2025-09-23,-2.0482138063846955
2025-09-24,-2.1111132690773178
2025-09-25,-2.0705467142996943
2025-09-26,-2.1041579723144914
2025-09-27,-2.473532717400085
2025-09-28,-2.5218792021030003
2025-09-29,-2.2409905214791226
2025-09-30,-2.272521606350008
2025-10-01,-2.0784054012387596
2025-10-02,-2.0530959835466733
2025-10-03,-2.3009684301655766
2025-10-04,-2.402170653399497
2025-10-05,-2.617489669410924
2025-10-06,-2.42067242907938
2025-10-07,-2.335320083928492
2025-10-08,-2.287706592179706
2025-10-09,-2.055678005064834
2025-10-10,-2.1260712033434457
2025-10-11,-2.129731285577967
2025-10-12,-2.042259402997441
2025-10-13,-1.675538371809899
2025-10-14,-1.8648692528733584
2025-10-15,-2.0365231985392414
2025-10-16,-2.0482247722811637
2025-10-17,-2.212239443251692
2025-10-18,-2.4371895177772087
2025-10-19,-2.4315144864486262
2025-10-20,-2.080127870187195
2025-10-21,-2.173541112287771
2025-10-22,-2.057792126662475
2025-10-23,-2.107532338423993
2025-10-24,-2.1643545433969607
2025-10-25,-2.1150938878851995
2025-10-26,-1.6213791677135818
2025-10-27,-1.7501405829394776
2025-10-28,-2.015206263925315
2025-10-29,-1.9435745702785625
2025-10-30,-1.9545700024704111
2025-10-31,-2.10934885190814
2025-11-01,-2.0378118890955754
2025-11-02,-1.894967042784616
2025-11-03,-1.9697050026338847
2025-11-04,-1.8213084513461713
2025-11-05,-1.388441759726734
2025-11-06,-1.6664781905133546
2025-11-07,-1.7401230156263874
2025-11-08,-1.9114576833601753
2025-11-09,-1.7879315557562303
2025-11-10,-1.522997676787649
2025-11-11,-1.5745962457761773
2025-11-12,-1.581433720513245
2025-11-13,-1.9113914500902673
2025-11-14,-1.8926596315395776
2025-11-15,-2.2083856732118687
2025-11-16,-1.848448703362828
2025-11-17,-1.8447106743699306
2025-11-18,-1.907406598385365
2025-11-19,-1.8398021382874958
2025-11-20,-1.993749473297139
2025-11-21,-2.0462411645142096
2025-11-22,-2.0017663739207623
2025-11-23,-1.971081858549592
2025-11-24,-1.9298789114871393
2025-11-25,-2.0853647176218235
2025-11-26,-2.086742160419625
2025-11-27,-2.2966873991379964
2025-11-28,-2.08400556216904
2025-11-29,-2.09028266338136
2025-11-30,-2.433989661054247
2025-12-01,-2.2185071313785074
2025-12-02,-2.103982396040879
2025-12-03,-2.057139432130356
2025-12-04,-2.137016817377817
2025-12-05,-2.0056819424779273
2025-12-06,-2.0289938701429047
2025-12-07,-1.9202833912021584
2025-12-08,-1.8812455626240254
2025-12-09,-2.088637658808294
2025-12-10,-2.0141813050624444
2025-12-11,-2.0952695632813803
2025-12-12,-2.202608731451324
2025-12-13,-2.2956496899553636
2025-12-14,-2.6511448732693337
2025-12-15,-2.313907456674808
2025-12-16,-2.3464180559753673
2025-12-17,-2.274480124366328
2025-12-18,-2.297140351899557
2025-12-19,-2.3578725987239015
2025-12-20,-2.319258114236789
2025-12-21,-1.881156174796695
2025-12-22,-2.0678214179539025
2025-12-23,-2.243349274459968
2025-12-24,-2.3339545033772056
2025-12-25,-1.8583646920543453
2025-12-26,-2.021409025779329
2025-12-27,-2.16979913742499
2025-12-28,-1.9018382152594766
2025-12-29,-2.0598131763781753
2025-12-30,-2.2748460816549874
2025-12-31,-2.34105701059513
