date,value
2015-02-18,3.5123648957929356
2015-02-19,3.61164901217216
2015-02-20,3.674597544037109
2015-02-21,3.63526745981476
2015-02-22,3.604538044687166
2015-02-23,3.5848702635551595
2015-02-24,3.5741531785681473
2015-02-25,3.7375904383452463
2015-02-26,3.638760782899031
2015-02-27,3.687376747571779
2015-02-28,3.6367518949350486
2015-03-01,3.676295245106506
2015-03-02,3.663638704006361
2015-03-03,3.553538296825156
2015-03-04,3.633378108312701
2015-03-05,3.615704412407636
2015-03-06,3.5486812891534374
2015-03-07,3.4166916475154907
2015-03-08,3.4550580130973634
2015-03-09,3.6190675207329983
2015-03-10,3.7522116022535035
2015-03-11,3.7389642220516923
2015-03-12,3.6950137429260312
2015-03-13,3.698385621087168
2015-03-14,3.7130124691783446
2015-03-15,3.73154295263626
2015-03-16,3.644146560906071
2015-03-17,3.5368015740473737
2015-03-18,3.6477067338090023
2015-03-19,3.6436339718327124
2015-03-20,3.6386820295029567
2015-03-21,3.6086158156786
2015-03-22,3.567967736522669
2015-03-23,3.594056225032553
2015-03-24,3.6656743382761476
2015-03-25,3.667119121250762
2015-03-26,3.6669817807847545
2015-03-27,3.649263922893665
2015-03-28,3.583686847837617
2015-03-29,3.6417496643091662
2015-03-30,3.661967320710349
2015-03-31,3.598741427989973
2015-04-01,3.624155362257983
2015-04-02,3.5702035971916666
2015-04-03,3.4891193262931024
2015-04-04,3.5077303519681857
2015-04-05,3.540156402376059
2015-04-06,3.5888678533813403
2015-04-07,3.601776383979676
2015-04-08,3.6280766347665794
2015-04-09,3.4370485478650754
2015-04-10,3.4316167015100314
2015-04-11,3.4379181570505417
2015-04-12,3.3717041508049075
2015-04-13,3.373839271610757
2015-04-14,3.449736567653637
2015-04-15,3.589467779022737
2015-04-16,3.566788578241462
2015-04-17,3.4418677092771564
2015-04-18,3.4838712592678145
2015-04-19,3.3916289922092724
2015-04-20,3.4686614841442105
2015-04-21,3.3317911138072867
2015-04-22,3.3951174426384148
2015-04-23,3.420621696517036
2015-04-24,3.5623284429842075
2015-04-25,3.56372297228109
2015-04-26,3.544416449062154
2015-04-27,3.53940043201815
2015-04-28,3.5460754745219
2015-04-29,3.609235092530667
2015-04-30,3.6726615339526405
2015-05-01,3.594313936285241
2015-05-02,3.5500214045566088
2015-05-03,3.5775419060856604
2015-05-04,3.5337342856523586
2015-05-05,3.4585671830528386
2015-05-06,3.528764613610036
2015-05-07,3.5306568576178425
2015-05-08,3.592886297141739
2015-05-09,3.6054756581843077
2015-05-10,3.5379347025987355
2015-05-11,3.566074222344101
2015-05-12,3.4208467614730975
2015-05-13,3.4766175618072324
2015-05-14,3.5845666775467215
2015-05-15,3.5363698673951163
2015-05-16,3.565930153087301
2015-05-17,3.607020593362784
2015-05-18,3.5078379452830135
2015-05-19,3.533897836948966
2015-05-20,3.662127455808307
2015-05-21,3.531578031340263
2015-05-22,3.514543164259141
2015-05-23,3.5614768258672247
2015-05-24,3.668044864394609
2015-05-25,3.526587390039899
2015-05-26,3.540122338390928
2015-05-27,3.525700549389091
2015-05-28,3.5406230625693857
2015-05-29,3.5691978319375606
2015-05-30,3.6071079511238033
2015-05-31,3.6483203310022567
2015-06-01,3.495939125127133
2015-06-02,3.7212031428762007
2015-06-03,3.722029329530238
2015-06-04,3.639499636184104
2015-06-05,3.575550371964937
2015-06-06,3.457928683860336
2015-06-07,3.3833682387638806
2015-06-08,3.4999675088126274
2015-06-09,3.549959328060938
2015-06-10,3.5923554364954153
2015-06-11,3.5673759491461925
2015-06-12,3.6486776192460297
2015-06-13,3.534471237471844
2015-06-14,3.411497817674323
2015-06-15,3.2530258938236076
2015-06-16,3.577780364795195
2015-06-17,3.5753064625524593
2015-06-18,3.500954928236743
2015-06-19,3.4619628679159353
2015-06-20,3.5062560069867237
2015-06-21,3.5453776343150665
2015-06-22,3.5301976655088563
2015-06-23,3.6461212438761312
2015-06-24,3.5563284649641087
2015-06-25,3.5404005461489563
2015-06-26,3.5398069435312673
2015-06-27,3.57809292969184
2015-06-28,3.497066063762012
2015-06-29,3.534870373750757
2015-06-30,3.5759118742478746
2015-07-01,3.510003993819144
2015-07-02,3.5009854990523945
2015-07-03,3.468150053009431
2015-07-04,3.460406230614008
2015-07-05,3.3912834208340974
2015-07-06,3.492738066605189
2015-07-07,3.5658211795682786
2015-07-08,3.5405553993250547
2015-07-09,3.5222098510973354
2015-07-10,3.5727981631782177
2015-07-11,3.4989318039628667
2015-07-12,3.54642522919646
2015-07-13,3.5878202474948044
2015-07-14,3.578813264270397
2015-07-15,3.5795899951548273
2015-07-16,3.558279752693611
2015-07-17,3.467594756847509
2015-07-18,3.5092302591740743
2015-07-19,3.6953493663105417
2015-07-20,3.622259428777372
2015-07-21,3.5753216717258254
2015-07-22,3.467174777049323
2015-07-23,3.453116857239145
2015-07-24,3.3945482226440635
2015-07-25,3.47478436168416
2015-07-26,3.5209440957374003
2015-07-27,3.4448869094566876
2015-07-28,3.4082289632619216
2015-07-29,3.4781921515352776
2015-07-30,3.6014934227159063
2015-07-31,3.628186306360597
2015-08-01,3.564125501373902
2015-08-02,3.504452227839143
2015-08-03,3.533678206130805
2015-08-04,3.643300635285754
2015-08-05,3.600012565025857
2015-08-06,3.566583721294722
2015-08-07,3.48476870389525
2015-08-08,3.550379751121164
2015-08-09,3.4885508357365937
2015-08-10,3.491153072101052
2015-08-11,3.6779227321577026
2015-08-12,3.650578681718464
2015-08-13,3.6466075491869545
2015-08-14,3.599807840371994
2015-08-15,3.562645713199664
2015-08-16,3.7323391557056116
2015-08-17,3.5963689478705683
2015-08-18,3.6467920420348467
2015-08-19,3.677071198076642
2015-08-20,3.7632938518689647
2015-08-21,3.6668966401350778
2015-08-22,3.6777064432134874
2015-08-23,3.667337570820077
2015-08-24,3.672526448878089
2015-08-25,3.6352106217212765
2015-08-26,3.6263084674385464
2015-08-27,3.608461735897131
2015-08-28,3.641756820469755
2015-08-29,3.7189901832275356
2015-08-30,3.593326976936028
2015-08-31,3.6139227537097525
2015-09-01,3.594137372287678
2015-09-02,3.5499887574585096
2015-09-03,3.5147214271799325
2015-09-04,3.4770089028193834
2015-09-05,3.382330293756132
2015-09-06,3.384520295426227
2015-09-07,3.5498625343803303
2015-09-08,3.540515625787778
2015-09-09,3.515058494859812
2015-09-10,3.5564913527407143
2015-09-11,3.6091397803911627
2015-09-12,3.6292325590133228
2015-09-13,3.6422239054450585
2015-09-14,3.7297334443199146
2015-09-15,3.68162512956471
2015-09-16,3.581900173668062
2015-09-17,3.5218395815429693
2015-09-18,3.682094998962671
2015-09-19,3.7220899050429552
2015-09-20,3.578285380781374
2015-09-21,3.478845572802338
2015-09-22,3.54791418410223
2015-09-23,3.513428769877745
2015-09-24,3.4217195725724214
2015-09-25,3.4580910580543818
2015-09-26,3.5013453231339287
2015-09-27,3.422704927464298
2015-09-28,3.4225723895017137
2015-09-29,3.5403836049277664
2015-09-30,3.518593379776256
2015-10-01,3.518660664256488
2015-10-02,3.461366841714082
2015-10-03,3.423614539627607
2015-10-04,3.499612694808219
2015-10-05,3.603616181095796
2015-10-06,3.5908423451638747
2015-10-07,3.6720860782564273
2015-10-08,3.5425765831389793
2015-10-09,3.5114896716029773
2015-10-10,3.4865342858560657
2015-10-11,3.522541757844747
2015-10-12,3.383368853949223
2015-10-13,3.459747405693749
2015-10-14,3.5006582947689813
2015-10-15,3.447142661376212
2015-10-16,3.517075380384662
2015-10-17,3.5257980827840103
2015-10-18,3.519165451150127
2015-10-19,3.5988263047248523
2015-10-20,3.62214579324107
2015-10-21,3.4573576406573894
2015-10-22,3.462746331821915
2015-10-23,3.547309101720012
2015-10-24,3.622385381095917
2015-10-25,3.6441557208457365
2015-10-26,3.5273201367125333
2015-10-27,3.6875234971416924
2015-10-28,3.6643561700088436
2015-10-29,3.747006214244496
2015-10-30,3.6444404533824732
2015-10-31,3.595795709596585
2015-11-01,3.5402103149131086
2015-11-02,3.551194198765992
2015-11-03,3.5338205934396334
2015-11-04,3.6220742125571013
2015-11-05,3.531804319709692
2015-11-06,3.5253809526721844
2015-11-07,3.460493081885482
2015-11-08,3.592488745075395
2015-11-09,3.5774876160831566
2015-11-10,3.58557700246293
2015-11-11,3.551872736565376
2015-11-12,3.520985413423774
2015-11-13,3.4345190517809256
2015-11-14,3.5630147130693386
2015-11-15,3.562919366616509
2015-11-16,3.5485000765162384
2015-11-17,3.565982041787779
2015-11-18,3.474774920400283
2015-11-19,3.647995618837781
2015-11-20,3.5344199814445645
2015-11-21,3.5810324629594366
2015-11-22,3.4944347353876637
2015-11-23,3.2984992566157234
2015-11-24,3.5138923731615415
2015-11-25,3.6044372412786054
2015-11-26,3.645470372819452
2015-11-27,3.634972239142289
2015-11-28,3.593333228165093
2015-11-29,3.5923599397909705
2015-11-30,3.637476002128028
2015-12-01,3.715033473412662
2015-12-02,3.5943248213791947
2015-12-03,3.5623112884391244
2015-12-04,3.5516385077710115
2015-12-05,3.49814940095839
2015-12-06,3.555318876233421
2015-12-07,3.6117422395357823
2015-12-08,3.5927287451027334
2015-12-09,3.65422201128577
2015-12-10,3.6828916254880086
2015-12-11,3.6764032757001397
2015-12-12,3.6398816133637233
2015-12-13,3.6027066557114966
2015-12-14,3.5652449240308934
2015-12-15,3.5981128027380374
2015-12-16,3.663448977625312
2015-12-17,3.6437030859664636
2015-12-18,3.6148942308881127
2015-12-19,3.613209972635625
2015-12-20,3.633998150800861
2015-12-21,3.6022354711269657
2015-12-22,3.6972246579317147
2015-12-23,3.6619634452762524
2015-12-24,3.6363782910883904
2015-12-25,3.5740826804630355
2015-12-26,3.672703190563454
2015-12-27,3.617096410176596
2015-12-28,3.666114957903753
2015-12-29,3.6093830688503656
2015-12-30,3.6284455261940707
2015-12-31,3.767090476633068
2016-01-01,3.7426158505808402
2016-01-02,3.6406152530291602
2016-01-03,3.67409706099937
2016-01-04,3.6087433411595846
2016-01-05,3.6426732209753863
2016-01-06,3.6733327530749293
2016-01-07,3.6959930280493007
2016-01-08,3.663743014907181
2016-01-09,3.683236441169866
2016-01-10,3.5575597040185127
2016-01-11,3.490872012350787
2016-01-12,3.7058793236106045
2016-01-13,3.5632358326791094
2016-01-14,3.5737733748203047
2016-01-15,3.6122966694491803
2016-01-16,3.5998816980021395
2016-01-17,3.649850566990961
2016-01-18,3.568874062912241
2016-01-19,3.6296923469797893
2016-01-20,3.5266370952779758
2016-01-21,3.529639896039293
2016-01-22,3.491493077366162
2016-01-23,3.5051619223522423
2016-01-24,3.5110875956782794
2016-01-25,3.5727834772210447
2016-01-26,3.450531101658662
2016-01-27,3.516493587151576
2016-01-28,3.4544212761563333
2016-01-29,3.463350356018488
2016-01-30,3.3968007301368797
2016-01-31,3.5492394502091704
2016-02-01,3.54995688887806
2016-02-02,3.375487881591841
2016-02-03,3.3593931965771806
2016-02-04,3.369723246803363
2016-02-05,3.5235372258920528
2016-02-06,3.4464724861100677
2016-02-07,3.426222935229623
2016-02-08,3.3883536125788196
2016-02-09,3.377784195460753
2016-02-10,3.413203121982006
2016-02-11,3.411015765498271
2016-02-12,3.6241607736849875
2016-02-13,3.5424958066831618
2016-02-14,3.581581035191748
2016-02-15,3.525447899995911
2016-02-16,3.2843622723284676
2016-02-17,3.3238841154663428
2016-02-18,3.318357897773372
2016-02-19,3.3715411579240624
2016-02-20,3.3739714714533102
2016-02-21,3.441491574384443
2016-02-22,3.4674342733530628
2016-02-23,3.568508630814991
2016-02-24,3.481134032303415
2016-02-25,3.45695529985705
2016-02-26,3.3782538748696087
2016-02-27,3.570769822416518
2016-02-28,3.5629581453119408
2016-02-29,3.479177318839524
2016-03-01,3.517922457737134
2016-03-02,3.5441751955940175
2016-03-03,3.6458481328020054
2016-03-04,3.714516587719119
2016-03-05,3.6041574353147556
2016-03-06,3.5627853930556923
2016-03-07,3.5322020559191927
2016-03-08,3.6795052974544733
2016-03-09,3.696734135551052
2016-03-10,3.6543320420329017
2016-03-11,3.689358275237568
2016-03-12,3.66083537878093
2016-03-13,3.7037696803155713
2016-03-14,3.6371093895245945
2016-03-15,3.603680717513657
2016-03-16,3.6253625264314295
2016-03-17,3.6750777003645405
2016-03-18,3.5537870615800298
2016-03-19,3.498673547513767
2016-03-20,3.3918413449540914
2016-03-21,3.4738307550895455
2016-03-22,3.464791195966366
2016-03-23,3.510830448138054
2016-03-24,3.5316623817845936
2016-03-25,3.5174640689348444
2016-03-26,3.5934400897189738
2016-03-27,3.50855698787286
2016-03-28,3.6620749750293378
2016-03-29,3.6565007348003773
2016-03-30,3.5928312506439464
2016-03-31,3.6016451789889663
2016-04-01,3.619236536175877
2016-04-02,3.5654715702278
2016-04-03,3.5627927093343827
2016-04-04,3.567043910131766
2016-04-05,3.5179854743940946
2016-04-06,3.5559945161889432
2016-04-07,3.5633453756773954
2016-04-08,3.6446010329367855
2016-04-09,3.5739986829348056
2016-04-10,3.691525392595139
2016-04-11,3.594598245905715
2016-04-12,3.629988316776082
2016-04-13,3.712796932196287
2016-04-14,3.641219436693747
2016-04-15,3.603261220406539
2016-04-16,3.5387954290208143
2016-04-17,3.390860120834361
2016-04-18,3.5391124605333557
2016-04-19,3.5668323250207448
2016-04-20,3.598950273314829
2016-04-21,3.635202495746525
2016-04-22,3.6498467010809286
2016-04-23,3.5961887921720943
2016-04-24,3.6297431271845806
2016-04-25,3.61971059304715
2016-04-26,3.6599123585521
2016-04-27,3.6580980051382923
2016-04-28,3.7068216093690487
2016-04-29,3.717028351673493
2016-04-30,3.712995720326125
2016-05-01,3.6739839454733096
2016-05-02,3.6549949628489005
2016-05-03,3.659848670664642
2016-05-04,3.6678654759073765
2016-05-05,3.619388559365057
2016-05-06,3.6333191634811417
2016-05-07,3.6928657099558007
2016-05-08,3.57967087087822
2016-05-09,3.507720468039294
2016-05-10,3.5578379072916295
2016-05-11,3.6828510713911506
2016-05-12,3.711048792915217
2016-05-13,3.634595847579807
2016-05-14,3.706611404612926
2016-05-15,3.836911776353311
2016-05-16,3.6457506821598176
2016-05-17,3.596685591721976
2016-05-18,3.7381289183962494
2016-05-19,3.69722830754249
2016-05-20,3.6716526292886162
2016-05-21,3.7169522701985267
2016-05-22,3.545404236102982
2016-05-23,3.558964702302011
2016-05-24,3.5226604362610145
2016-05-25,3.533402203665069
2016-05-26,3.547045110614933
2016-05-27,3.464773330720719
2016-05-28,3.331009429019084
2016-05-29,3.522375900668143
2016-05-30,3.6587168746377983
2016-05-31,3.5511833389472494
2016-06-01,3.5371186022110224
2016-06-02,3.606492390056084
2016-06-03,3.7359252847984084
2016-06-04,3.5063978033430296
2016-06-05,3.4466983575708494
2016-06-06,3.5129307355608237
2016-06-07,3.634964983484138
2016-06-08,3.67489428448386
2016-06-09,3.7360827338875335
2016-06-10,3.7442095448876636
2016-06-11,3.665454484892396
2016-06-12,3.617414732297078
2016-06-13,3.591661516121569
2016-06-14,3.541490273720854
2016-06-15,3.5238013969749535
2016-06-16,3.6183342428412315
2016-06-17,3.657830967375093
2016-06-18,3.659229143398455
2016-06-19,3.683786853060278
2016-06-20,3.577544303412209
2016-06-21,3.512672190135589
2016-06-22,3.2797450987735215
2016-06-23,3.37703276419506
2016-06-24,3.4003990244516977
2016-06-25,3.433332969813572
2016-06-26,3.5596008247000994
2016-06-27,3.4870875122247056
2016-06-28,3.467157170188954
2016-06-29,3.5472781566779554
2016-06-30,3.521587959250366
2016-07-01,3.5889892342068714
2016-07-02,3.575196165060004
2016-07-03,3.6464756704584405
2016-07-04,3.5962418295488825
2016-07-05,3.587492557971221
2016-07-06,3.6286220669393234
2016-07-07,3.614703833964609
2016-07-08,3.5004873153047944
2016-07-09,3.6079063493099723
2016-07-10,3.6378914636137267
2016-07-11,3.399878852039488
2016-07-12,3.489540870535247
2016-07-13,3.532099376744816
2016-07-14,3.5944135310706438
2016-07-15,3.6546939327268215
2016-07-16,3.6182014587401903
2016-07-17,3.5834409179638684
2016-07-18,3.5921704615588186
2016-07-19,3.649810365044372
2016-07-20,3.5586768754080627
2016-07-21,3.536396205387248
2016-07-22,3.421725919241468
2016-07-23,3.529225964582242
2016-07-24,3.5666475179787356
2016-07-25,3.673943544378395
2016-07-26,3.5947036327081068
2016-07-27,3.659973672500226
2016-07-28,3.5982381215918338
2016-07-29,3.653904722856161
2016-07-30,3.7195981701582213
2016-07-31,3.5665111013833273
2016-08-01,3.6134880503130193
2016-08-02,3.597233585479565
2016-08-03,3.6920001462026684
2016-08-04,3.551927112917993
2016-08-05,3.4986768834662008
2016-08-06,3.6246836688249444
2016-08-07,3.6262380814815405
2016-08-08,3.5065658521855134
2016-08-09,3.558366809870442
2016-08-10,3.4849619391244735
2016-08-11,3.4126484609355074
2016-08-12,3.4344754413131
2016-08-13,3.5430841996085323
2016-08-14,3.5674041735183595
2016-08-15,3.646212304000419
2016-08-16,3.573954371542048
2016-08-17,3.5683945283179703
2016-08-18,3.5947647053248137
2016-08-19,3.615358983251844
2016-08-20,3.534280112353768
2016-08-21,3.603116280456466
2016-08-22,3.625641187747178
2016-08-23,3.5959029249527594
2016-08-24,3.5097918011694125
2016-08-25,3.4918330524456396
2016-08-26,3.6088074158527457
2016-08-27,3.576796855182051
2016-08-28,3.326994880875896
2016-08-29,3.6007569310652827
2016-08-30,3.6725085533863076
2016-08-31,3.764749864177904
2016-09-01,3.7217571275540906
2016-09-02,3.80265909894562
2016-09-03,3.6562886905675525
2016-09-04,3.710444937156863
2016-09-05,3.689122130882563
2016-09-06,3.709129113010191
2016-09-07,3.668139071366546
2016-09-08,3.6631577686672974
2016-09-09,3.601851424638679
2016-09-10,3.6023299085428286
2016-09-11,3.4548556083018247
2016-09-12,3.4936759673246085
2016-09-13,3.538529898208122
2016-09-14,3.546566066278925
2016-09-15,3.4618092345263376
2016-09-16,3.469224978306475
2016-09-17,3.357286809434669
2016-09-18,3.3740338995183663
2016-09-19,3.3396632175560197
2016-09-20,3.467845490417386
2016-09-21,3.5802289045818427
2016-09-22,3.57202079495547
2016-09-23,3.5602502958959246
2016-09-24,3.5499543932585897
2016-09-25,3.6504125540078287
2016-09-26,3.3522071816296903
2016-09-27,3.3527878607802157
2016-09-28,3.4994752594436123
2016-09-29,3.591919524006907
2016-09-30,3.711256523543449
2016-10-01,3.6055360303835124
2016-10-02,3.5395921247709525
2016-10-03,3.5323647021092315
2016-10-04,3.4803650375828523
2016-10-05,3.494333968010977
2016-10-06,3.5067944548920793
2016-10-07,3.581461202199151
2016-10-08,3.5924756215333327
2016-10-09,3.500823886116628
2016-10-10,3.3485645619269606
2016-10-11,3.4523713043803377
2016-10-12,3.522462274405991
2016-10-13,3.5344202184103444
2016-10-14,3.5848380521571457
2016-10-15,3.6277495260043158
2016-10-16,3.5136695286577506
2016-10-17,3.64503282181208
2016-10-18,3.6050858632098963
2016-10-19,3.587281713729988
2016-10-20,3.521564431625053
2016-10-21,3.6196023568711224
2016-10-22,3.5747457949497092
2016-10-23,3.626988376413523
2016-10-24,3.484925551664297
2016-10-25,3.423556275792762
2016-10-26,3.638984219727003
2016-10-27,3.7337247914753773
2016-10-28,3.6161015975132953
2016-10-29,3.565806097271369
2016-10-30,3.530399139791866
2016-10-31,3.43325550682914
2016-11-01,3.5093741026275787
2016-11-02,3.5790843570388433
2016-11-03,3.7268175462110262
2016-11-04,3.6284251301155015
2016-11-05,3.616217898854334
2016-11-06,3.584604078341536
2016-11-07,3.65215481854886
2016-11-08,3.465322939551922
2016-11-09,3.557031667651535
2016-11-10,3.560707124729964
2016-11-11,3.5243530723986853
2016-11-12,3.4113874417587824
2016-11-13,3.6540615440119457
2016-11-14,3.5959531777959497
2016-11-15,3.5848647283202135
2016-11-16,3.5201763652989704
2016-11-17,3.439790909988738
2016-11-18,3.5362880337409806
2016-11-19,3.619048165693645
2016-11-20,3.644216283591996
2016-11-21,3.5574119416562473
2016-11-22,3.622831208794104
2016-11-23,3.5030842522332217
2016-11-24,3.47531561192382
2016-11-25,3.612840778002166
2016-11-26,3.4845498209553574
2016-11-27,3.532473508740297
2016-11-28,3.4568997378834245
2016-11-29,3.4520669896271485
2016-11-30,3.579638004660312
2016-12-01,3.641908181119477
2016-12-02,3.67709768807555
2016-12-03,3.564558966445311
2016-12-04,3.4760809883054185
2016-12-05,3.6069307078902466
2016-12-06,3.515063008173958
2016-12-07,3.512277160492678
2016-12-08,3.5182564504929323
2016-12-09,3.557615242133123
2016-12-10,3.594139316754827
2016-12-11,3.5656755563166302
2016-12-12,3.5887327450644886
2016-12-13,3.677625954645982
2016-12-14,3.4812534481204667
2016-12-15,3.562949585854363
2016-12-16,3.666102812695155
2016-12-17,3.646701304426406
2016-12-18,3.735946182574689
2016-12-19,3.7540681273690537
2016-12-20,3.7156751323657455
2016-12-21,3.6914682013279774
2016-12-22,3.809518744923701
2016-12-23,3.685611057213321
2016-12-24,3.6444300575690325
2016-12-25,3.640708097393801
2016-12-26,3.679806255470642
2016-12-27,3.5259402795417447
2016-12-28,3.6812706834760025
2016-12-29,3.696298269468875
2016-12-30,3.6114529468547762
2016-12-31,3.6772356060062257
2017-01-01,3.7102644728001586
2017-01-02,3.576935921739026
2017-01-03,3.62151570259424
2017-01-04,3.564342732661403
2017-01-05,3.6431538350277406
2017-01-06,3.604462076790645
2017-01-07,3.6427150814156537
2017-01-08,3.5838124143717436
2017-01-09,3.5289060363841456
2017-01-10,3.5308767390723377
2017-01-11,3.5729365110705245
2017-01-12,3.5627701780941097
2017-01-13,3.6263099305171425
2017-01-14,3.7272498189776457
2017-01-15,3.716635760393836
2017-01-16,3.6006054952878728
2017-01-17,3.5617876181195327
2017-01-18,3.5817709869183667
2017-01-19,3.5940544400895442
2017-01-20,3.4800796958019298
2017-01-21,3.622784566588758
2017-01-22,3.569981950883803
2017-01-23,3.70336390642669
2017-01-24,3.5939007226860245
2017-01-25,3.5888416080957235
2017-01-26,3.6036716493203595
2017-01-27,3.571524835170917
2017-01-28,3.6527397325575017
2017-01-29,3.6846929170330927
2017-01-30,3.6022117548513704
2017-01-31,3.6873687677161673
2017-02-01,3.6922351233110757
2017-02-02,3.684794697140557
2017-02-03,3.625274192932818
2017-02-04,3.585439409378504
2017-02-05,3.452851225690749
2017-02-06,3.4181381419690027
2017-02-07,3.435393461362207
2017-02-08,3.494654498221059
2017-02-09,3.442757005777388
2017-02-10,3.535872888526278
2017-02-11,3.568184018355697
2017-02-12,3.68719782380428
2017-02-13,3.5143952065652138
2017-02-14,3.6235513183657377
2017-02-15,3.751534382278643
2017-02-16,3.7060677498425214
2017-02-17,3.61891531098801
2017-02-18,3.699131368918052
2017-02-19,3.6048379375482287
2017-02-20,3.546393379928747
2017-02-21,3.400887502672585
2017-02-22,3.600107876849561
2017-02-23,3.461086239933711
2017-02-24,3.45332434013914
2017-02-25,3.5371740875613957
2017-02-26,3.6683902343795833
2017-02-27,3.658853975756497
2017-02-28,3.4933988992205425
2017-03-01,3.518562226498304
2017-03-02,3.6103584390842896
2017-03-03,3.6851431135372796
2017-03-04,3.5555823505877076
2017-03-05,3.5207945621563153
2017-03-06,3.504462746134755
2017-03-07,3.573805937569396
2017-03-08,3.560905082782531
2017-03-09,3.616766169563929
2017-03-10,3.594505174604261
2017-03-11,3.602426102784163
2017-03-12,3.6367711270001437
2017-03-13,3.6532400747408507
2017-03-14,3.6199723879218255
2017-03-15,3.663919044699419
2017-03-16,3.6190852726559735
2017-03-17,3.6623467125952143
2017-03-18,3.5927295283964744
2017-03-19,3.7118529041152275
2017-03-20,3.5640716039025957
2017-03-21,3.647872558102784
2017-03-22,3.661706296024222
2017-03-23,3.58414311337452
2017-03-24,3.6945353862977863
2017-03-25,3.6744558703854446
2017-03-26,3.5451680215190233
2017-03-27,3.6007943945374175
2017-03-28,3.621319378173122
2017-03-29,3.6088969057409983
2017-03-30,3.6338617863688754
2017-03-31,3.644567749343507
2017-04-01,3.705510575704624
2017-04-02,3.5524400835552736
2017-04-03,3.6238251080834045
2017-04-04,3.702217269084882
2017-04-05,3.76420548254676
2017-04-06,3.7417506054199956
2017-04-07,3.7334998934060666
2017-04-08,3.786990466092312
2017-04-09,3.7829443838818952
2017-04-10,3.722546477215264
2017-04-11,3.8287922770107703
2017-04-12,3.801610449914335
2017-04-13,3.7781414608745907
2017-04-14,3.7412295320575564
2017-04-15,3.813898201917576
2017-04-16,3.753507869399666
2017-04-17,3.788710331454742
2017-04-18,3.713524317983415
2017-04-19,3.798771318679747
2017-04-20,3.8095496311138066
2017-04-21,3.7873880901290247
2017-04-22,3.785135810633998
2017-04-23,3.7505787388068184
2017-04-24,3.69667415821105
2017-04-25,3.7596562281322656
2017-04-26,3.7355367201065515
2017-04-27,3.746480515873876
2017-04-28,3.762382276261382
2017-04-29,3.6972586409875343
2017-04-30,3.685155454981179
2017-05-01,3.7055586186415765
2017-05-02,3.6644684083009595
2017-05-03,3.719913035855661
2017-05-04,3.680973761374688
2017-05-05,3.7188130220774687
2017-05-06,3.6996446624552326
2017-05-07,3.6722534389147707
2017-05-08,3.5741975011595586
2017-05-09,3.6683184559783264
2017-05-10,3.71826070142052
2017-05-11,3.715416351149038
2017-05-12,3.696863049707561
2017-05-13,3.699160817124693
2017-05-14,3.6883770258087276
2017-05-15,3.7320705377468024
2017-05-16,3.765341971496213
2017-05-17,3.771562109324783
2017-05-18,3.721153452402276
2017-05-19,3.6650662992274494
2017-05-20,3.6457930928222777
2017-05-21,3.8100057725724357
2017-05-22,3.7979704765218107
2017-05-23,3.7427279971314116
2017-05-24,3.7413018018311064
2017-05-25,3.812700229211126
2017-05-26,3.7839151420602137
2017-05-27,3.795168837813934
2017-05-28,3.7674658725524086
2017-05-29,3.7435377970817743
2017-05-30,3.7677613429666184
2017-05-31,3.637898636708933
2017-06-01,3.703330377257448
2017-06-02,3.6953652687146983
2017-06-03,3.745896166415182
2017-06-04,3.740318300874115
2017-06-05,3.74931384619096
2017-06-06,3.7535798060251833
2017-06-07,3.7710793442762207
2017-06-08,3.6135090214669616
2017-06-09,3.6364720031002387
2017-06-10,3.686248174238027
2017-06-11,3.6679633531998945
2017-06-12,3.620434476692237
2017-06-13,3.738055311318199
2017-06-14,3.693555332564648
2017-06-15,3.7483133695382294
2017-06-16,3.782393946396219
2017-06-17,3.6887056277364376
2017-06-18,3.7048787885812238
2017-06-19,3.650505369876578
2017-06-20,3.713830997190985
2017-06-21,3.7903103284650546
2017-06-22,3.70438845077767
2017-06-23,3.7180652834316352
2017-06-24,3.7541104121552267
2017-06-25,3.745672455498531
2017-06-26,3.807925761092244
2017-06-27,3.7331170039082293
2017-06-28,3.7380016267444067
2017-06-29,3.7970332609100477
2017-06-30,3.8411832144089635
2017-07-01,3.7950090129776024
2017-07-02,3.7546993082381492
2017-07-03,3.664831895872114
2017-07-04,3.7660958533061
2017-07-05,3.825073752945006
2017-07-06,3.743138805079773
2017-07-07,3.722098442366481
2017-07-08,3.64139095538337
2017-07-09,3.7022239529198373
2017-07-10,3.726892651409416
2017-07-11,3.707697347768867
2017-07-12,3.7032813651918635
2017-07-13,3.608800332696784
2017-07-14,3.7242486918372135
2017-07-15,3.619313675927675
2017-07-16,3.536755669084756
2017-07-17,3.591513603339732
2017-07-18,3.7341110527139603
2017-07-19,3.7874529867728035
2017-07-20,3.8270741000300688
2017-07-21,3.803697028286219
2017-07-22,3.8217707308773385
2017-07-23,3.858036514716788
2017-07-24,3.8046726512242808
2017-07-25,3.7754379374254
2017-07-26,3.832378371676127
2017-07-27,3.868272736891466
2017-07-28,3.9084069887607233
2017-07-29,3.871354811164464
2017-07-30,3.8701019305956876
2017-07-31,3.850051058881222
2017-08-01,3.8196943834290153
2017-08-02,3.7982711343810713
2017-08-03,3.7700347072061593
2017-08-04,3.7548958402942705
2017-08-05,3.776949499473983
2017-08-06,3.793591433908119
2017-08-07,3.822605922589255
2017-08-08,3.8182952518182076
2017-08-09,3.7923537254787054
2017-08-10,3.8005999222811604
2017-08-11,3.7178341721080526
2017-08-12,3.7656646039905453
2017-08-13,3.646253847423432
2017-08-14,3.6869740062481617
2017-08-15,3.699668698301956
2017-08-16,3.719339544127255
2017-08-17,3.7878905719623606
2017-08-18,3.775396563553279
2017-08-19,3.6632638211003963
2017-08-20,3.7438053812836496
2017-08-21,3.756252828585549
2017-08-22,3.624823922324333
2017-08-23,3.5639634428364304
2017-08-24,3.4549215365999295
2017-08-25,3.748353035191965
2017-08-26,3.912727060494022
2017-08-27,3.920076576710019
2017-08-28,3.7603852643269358
2017-08-29,2.978630073533262
2017-08-30,3.685630590296717
2017-08-31,3.689200016159567
2017-09-01,3.5247782853634173
2017-09-02,3.499912962428935
2017-09-03,3.5176358602778857
2017-09-04,3.5310050428703463
2017-09-05,3.5223783643578876
2017-09-06,3.3303820166974827
2017-09-07,3.507926443828398
2017-09-08,3.5238494494915797
2017-09-09,3.4142753181773497
2017-09-10,3.4366782036735155
2017-09-11,3.439327506198083
2017-09-12,3.4905121703799136
2017-09-13,3.3189842081089203
2017-09-14,3.421891801345137
2017-09-15,3.3275475084328163
2017-09-16,3.2205387002401604
2017-09-17,3.4751604186583416
2017-09-18,3.466189472625788
2017-09-19,3.43364941687016
2017-09-20,3.5346333597904867
2017-09-21,3.6248691036035803
2017-09-22,3.5693282215128073
2017-09-23,3.5886061591923863
2017-09-24,3.617033247319653
2017-09-25,3.678154795592805
2017-09-26,3.6444621583852768
2017-09-27,3.6588299767809547
2017-09-28,3.500411648621451
2017-09-29,3.545629121489046
2017-09-30,3.622233164224392
2017-10-01,3.566059690389601
2017-10-02,3.588351396557385
2017-10-03,3.60837110550296
2017-10-04,3.621352490883056
2017-10-05,3.6012569987171243
2017-10-06,3.4106362279028968
2017-10-07,3.556585187950452
2017-10-08,3.513718379527075
2017-10-09,3.617341906114221
2017-10-10,3.562511900055702
2017-10-11,3.6486936551690654
2017-10-12,3.611450571128771
2017-10-13,3.719602819602282
2017-10-14,3.660295651434586
2017-10-15,3.6915855986047026
2017-10-16,3.6176675075914657
2017-10-17,3.6691985775825966
2017-10-18,3.6838890682195387
2017-10-19,3.6828587722906025
2017-10-20,3.718587510475929
2017-10-21,3.640118207513199
2017-10-22,3.6085617827231884
2017-10-23,3.6046038852425117
2017-10-24,3.5966198916195133
2017-10-25,3.5132559167315986
2017-10-26,3.5998941914472526
2017-10-27,3.5524661830771036
2017-10-28,3.559682170602116
2017-10-29,3.540853864934509
2017-10-30,3.6280197598730193
2017-10-31,3.5442859430946294
2017-11-01,3.5519968396811876
2017-11-02,3.5611924733793416
2017-11-03,3.7656504024489585
2017-11-04,3.827029930853946
2017-11-05,3.628757092947877
2017-11-06,3.7074308453527762
2017-11-07,3.703976878294337
2017-11-08,3.6512137050793103
2017-11-09,3.6761393656890347
2017-11-10,3.5705948457783268
2017-11-11,3.6342383501002855
2017-11-12,3.5877287797097286
2017-11-13,3.5989145398630145
2017-11-14,3.5798155709168435
2017-11-15,3.602049033449709
2017-11-16,3.558883198585511
2017-11-17,3.604017227663919
2017-11-18,3.4700213821906134
2017-11-19,3.5012120762788834
2017-11-20,3.6251575265163205
2017-11-21,3.540259521812637
2017-11-22,3.7018611497162857
2017-11-23,3.616060954434152
2017-11-24,3.5124091008182354
2017-11-25,3.5941209466976716
2017-11-26,3.5798553317500152
2017-11-27,3.4972275705519245
2017-11-28,3.5245281062831264
2017-11-29,3.651497989304019
2017-11-30,3.539322146850624
2017-12-01,3.593074005493389
2017-12-02,3.438707529344422
2017-12-03,3.414562773250049
2017-12-04,3.5554730002394836
2017-12-05,3.648522660144002
2017-12-06,3.588241137058644
2017-12-07,3.746875349943647
2017-12-08,3.6949579176274536
2017-12-09,3.701993203578596
2017-12-10,3.7438757787459207
2017-12-11,3.6122839091868615
2017-12-12,3.653062892078686
2017-12-13,3.6468517826978495
2017-12-14,3.6225319519242687
2017-12-15,3.540211331651331
2017-12-16,3.5732378004501704
2017-12-17,3.4857088527669173
2017-12-18,3.589397940498149
2017-12-19,3.642595212948429
2017-12-20,3.6534562492198566
2017-12-21,3.721069819188315
2017-12-22,3.6889684772644857
2017-12-23,3.683200346402379
2017-12-24,3.6274515902348328
2017-12-25,3.656570738941782
2017-12-26,3.722106047387177
2017-12-27,3.774094578584831
2017-12-28,3.863531973048806
2017-12-29,3.739716367772323
2017-12-30,3.6795184480522725
2017-12-31,3.7023814293715
2018-01-01,3.6800299026244376
2018-01-02,3.6665960091512897
2018-01-03,3.6609038964263556
2018-01-04,3.662592308374062
2018-01-05,3.6496232922118796
2018-01-06,3.731277089914662
2018-01-07,3.6915207409640316
2018-01-08,3.4870081959913892
2018-01-09,3.5200648596963675
2018-01-10,3.63069534044884
2018-01-11,3.6597740180017344
2018-01-12,3.618827911753956
2018-01-13,3.513151252450522
2018-01-14,3.613859486210813
2018-01-15,3.6899189182281718
2018-01-16,3.7498454456608044
2018-01-17,3.683485367788776
2018-01-18,3.709490996608696
2018-01-19,3.638902592993334
2018-01-20,3.6386301326097583
2018-01-21,3.603102241014958
2018-01-22,3.7658079777222175
2018-01-23,3.700750191446147
2018-01-24,3.733542906258251
2018-01-25,3.726225976041049
2018-01-26,3.6725124159733036
2018-01-27,3.7290177564163196
2018-01-28,3.6757770572020108
2018-01-29,3.6392336480024934
2018-01-30,3.4937630346720496
2018-01-31,3.569705020993325
2018-02-01,3.4130074861085897
2018-02-02,3.5909619698610746
2018-02-03,3.687172519061099
2018-02-04,3.567675904645738
2018-02-05,3.5482143611908494
2018-02-06,3.5071116825471185
2018-02-07,3.489294572305271
2018-02-08,3.6446540318568452
2018-02-09,3.7637086934611528
2018-02-10,3.6949387658574606
2018-02-11,3.696157149151617
2018-02-12,3.774323549352567
2018-02-13,3.7308595828881033
2018-02-14,3.6342291695145397
2018-02-15,3.6593766000481893
2018-02-16,3.618574071552949
2018-02-17,3.666434131153298
2018-02-18,3.630682368255314
2018-02-19,3.6847361478348732
2018-02-20,3.6948860420468432
2018-02-21,3.613678706878579
2018-02-22,3.6424136067523283
2018-02-23,3.5968725540251087
2018-02-24,3.653183744044998
2018-02-25,3.722365610284076
2018-02-26,3.600056756287037
2018-02-27,3.6427127647894104
2018-02-28,3.749957183099776
2018-03-01,3.681449833039494
2018-03-02,3.717264110181054
2018-03-03,3.7329042974285063
2018-03-04,3.660011400193762
2018-03-05,3.5532817403887984
2018-03-06,3.621037842947296
2018-03-07,3.6029695735181733
2018-03-08,3.5554767245400667
2018-03-09,3.581507978621996
2018-03-10,3.655107473457944
2018-03-11,3.4420139594005397
2018-03-12,3.522071354340076
2018-03-13,3.7054663707426543
2018-03-14,3.6283743042469325
2018-03-15,3.5523411855577964
2018-03-16,3.7481513942540565
2018-03-17,3.6938881013478375
2018-03-18,3.649729573616889
2018-03-19,3.7438563540037992
2018-03-20,3.815857502931843
2018-03-21,3.758231547400878
2018-03-22,3.643718796434754
2018-03-23,3.635474335234029
2018-03-24,3.639249500924087
2018-03-25,3.543491217898019
2018-03-26,3.544106713451818
2018-03-27,3.5766304275962635
2018-03-28,3.614975543917756
2018-03-29,3.725919581914536
2018-03-30,3.755223394740833
2018-03-31,3.832808704825744
2018-04-01,3.6572451485476223
2018-04-02,3.6418148596496134
2018-04-03,3.678240383685102
2018-04-04,3.7258705795008966
2018-04-05,3.63159583144577
2018-04-06,3.6592796795944547
2018-04-07,3.635233171966851
2018-04-08,3.421457559272347
2018-04-09,3.5821856305646382
2018-04-10,3.557647428788914
2018-04-11,3.6169963739896343
2018-04-12,3.6024227157333057
2018-04-13,3.5261123051253485
2018-04-14,3.4123029836159744
2018-04-15,3.5902826507319743
2018-04-16,3.484238656847819
2018-04-17,3.63164334784295
2018-04-18,3.694817399492127
2018-04-19,3.618156963932276
2018-04-20,3.5912987687254345
2018-04-21,3.4851364351227465
2018-04-22,3.50667531344986
2018-04-23,3.4931624884483865
2018-04-24,3.628038603049696
2018-04-25,3.6892171910105134
2018-04-26,3.6004704042268876
2018-04-27,3.6687582070122207
2018-04-28,3.5295674819860454
2018-04-29,3.5116414540860243
2018-04-30,3.6229399530323185
2018-05-01,3.6152313174717037
2018-05-02,3.623519561285433
2018-05-03,3.6193088265763076
2018-05-04,3.6873800798338596
2018-05-05,3.6585260441131813
2018-05-06,3.5418288202851094
2018-05-07,3.6895633531690555
2018-05-08,3.6160622933058866
2018-05-09,3.6296497413069693
2018-05-10,3.7182610548081927
2018-05-11,3.6648837626136705
2018-05-12,3.5799238627542724
2018-05-13,3.5669227228934113
2018-05-14,3.5259095772833327
2018-05-15,3.7655711691181213
2018-05-16,3.719818956866709
2018-05-17,3.6972164070158042
2018-05-18,3.7372193514306202
2018-05-19,3.823503176672072
2018-05-20,3.7701858129153165
2018-05-21,3.7503639317524025
2018-05-22,3.7470889703603985
2018-05-23,3.790157828478224
2018-05-24,3.7802559677036145
2018-05-25,3.7037559087726057
2018-05-26,3.4680987331187563
2018-05-27,3.4226062757528943
2018-05-28,3.555976201817404
2018-05-29,3.5960616945467248
2018-05-30,3.5424721326665853
2018-05-31,3.6133925701889287
2018-06-01,3.6299808483018396
2018-06-02,3.7152949517977243
2018-06-03,3.7436550548694867
2018-06-04,3.6130236515808223
2018-06-05,3.584890758893525
2018-06-06,3.636423794733681
2018-06-07,3.609151750970198
2018-06-08,3.589841821366291
2018-06-09,3.576626113131096
2018-06-10,3.682926016496929
2018-06-11,3.6127598329412542
2018-06-12,3.6727635817136233
2018-06-13,3.5369526405148157
2018-06-14,3.6347946266690623
2018-06-15,3.5742462057470754
2018-06-16,3.608179679441914
2018-06-17,3.4447961231305224
2018-06-18,3.4983679665605307
2018-06-19,3.6040618198477405
2018-06-20,3.6082871792103717
2018-06-21,3.559067872400915
2018-06-22,3.603994210797877
2018-06-23,3.629441334571234
2018-06-24,3.607737102026487
2018-06-25,3.6482480165948976
2018-06-26,3.5724251237634514
2018-06-27,3.586673713347938
2018-06-28,3.4157175902097596
2018-06-29,3.497696594312385
2018-06-30,3.4866375896530974
2018-07-01,3.3842233827582424
2018-07-02,3.6280634970500674
2018-07-03,3.5788123870442416
2018-07-04,3.540248487814779
2018-07-05,3.5766010802160424
2018-07-06,3.593152847548134
2018-07-07,3.6482883393890897
2018-07-08,3.481165310042313
2018-07-09,3.378531126351061
2018-07-10,3.494596790608076
2018-07-11,3.614199359667986
2018-07-12,3.6375114541195877
2018-07-13,3.5357698989130046
2018-07-14,3.609991387786683
2018-07-15,3.6429210505873697
2018-07-16,3.637253789729933
2018-07-17,3.6583356955546624
2018-07-18,3.732215676825996
2018-07-19,3.700820963770727
2018-07-20,3.6363289434708346
2018-07-21,3.671960803370631
2018-07-22,3.668607889487859
2018-07-23,3.7192378813980063
2018-07-24,3.5243642628205687
2018-07-25,3.6278106709674742
2018-07-26,3.6279727293166353
2018-07-27,3.6190789368977168
2018-07-28,3.5569952080840133
2018-07-29,3.553854192261743
2018-07-30,3.7220105393784344
2018-07-31,3.6595556600474755
2018-08-01,3.738951765250489
2018-08-02,3.7771257085675307
2018-08-03,3.6982966855700132
2018-08-04,3.6929502924805484
2018-08-05,3.624268228365151
2018-08-06,3.7792647381215225
2018-08-07,3.771600953555239
2018-08-08,3.7845141658804855
2018-08-09,3.6851833484687626
2018-08-10,3.7436186259638173
2018-08-11,3.745450347832241
2018-08-12,3.7336435962309653
2018-08-13,3.6714814808904515
2018-08-14,3.7574921956548017
2018-08-15,3.702249978340717
2018-08-16,3.703522015539816
2018-08-17,3.6346060777405516
2018-08-18,3.704322044550953
2018-08-19,3.6824502037205464
2018-08-20,3.7534367330693788
2018-08-21,3.708811098880814
2018-08-22,3.6924423288666834
2018-08-23,3.554944379918093
2018-08-24,3.582017317728705
2018-08-25,3.526392572354972
2018-08-26,3.448801554166644
2018-08-27,3.500338252965977
2018-08-28,3.5721983667131396
2018-08-29,3.7218783842549668
2018-08-30,3.612357621575648
2018-08-31,3.5368702842893014
2018-09-01,3.4942388962828708
2018-09-02,3.6326922488263063
2018-09-03,3.5010701823181436
2018-09-04,3.5425153176662603
2018-09-05,3.519951918037381
2018-09-06,3.4645892934362617
2018-09-07,3.5035098405052905
2018-09-08,3.173942378315682
2018-09-09,3.128345079787299
2018-09-10,3.282525767833451
2018-09-11,3.2807841189197955
2018-09-12,3.444962263838019
2018-09-13,3.430892700932866
2018-09-14,3.486468295094779
2018-09-15,3.5677620094689897
2018-09-16,3.5574113464954316
2018-09-17,3.5929654817197725
2018-09-18,3.5719778770769857
2018-09-19,3.4827113443850344
2018-09-20,3.622982329026256
2018-09-21,3.5450253071752034
2018-09-22,3.410774353578806
2018-09-23,3.521961305802388
2018-09-24,3.730234597010147
2018-09-25,3.754807027326021
2018-09-26,3.650271891033723
2018-09-27,3.6054527959485156
2018-09-28,3.4266070115943528
2018-09-29,3.5690967221575187
2018-09-30,3.4955922704068265
2018-10-01,3.5687124373043364
2018-10-02,3.5869670964724767
2018-10-03,3.6344498104584675
2018-10-04,3.5854174606727454
2018-10-05,3.512217742370247
2018-10-06,3.493202553120603
2018-10-07,3.472732995911492
2018-10-08,3.5694056337551685
2018-10-09,3.651578256576351
2018-10-10,3.660449810990244
2018-10-11,3.502207356988677
2018-10-12,3.6372421642691144
2018-10-13,3.5251722289485117
2018-10-14,3.5044979366104374
2018-10-15,3.506467586776025
2018-10-16,3.5647633802465633
2018-10-17,3.542091803226577
2018-10-18,3.7091125526046818
2018-10-19,3.6881101490445594
2018-10-20,3.5943227211491022
2018-10-21,3.6424852212149905
2018-10-22,3.248748056842961
2018-10-23,3.2836161234089007
2018-10-24,3.404431644047597
2018-10-25,3.5045205589836437
2018-10-26,3.667002577415256
2018-10-27,3.5525540340893804
2018-10-28,3.5700514356037374
2018-10-29,3.5954108957143167
2018-10-30,3.595179818141442
2018-10-31,3.6377761413600984
2018-11-01,3.7882154207149594
2018-11-02,3.787483871013017
2018-11-03,3.643207918648567
2018-11-04,3.690794168069369
2018-11-05,3.6964228328786684
2018-11-06,3.7325043475937516
2018-11-07,3.667960279413827
2018-11-08,3.626059349761576
2018-11-09,3.636568325357981
2018-11-10,3.475607505588087
2018-11-11,3.565675526024136
2018-11-12,3.58832844209828
2018-11-13,3.5276623301418937
2018-11-14,3.6443595202489956
2018-11-15,3.590495557392885
2018-11-16,3.4749964477914927
2018-11-17,3.5454305781403903
2018-11-18,3.6482725644611396
2018-11-19,3.6463193745695373
2018-11-20,3.6639624835545543
2018-11-21,3.6498967467255308
2018-11-22,3.6660546368042253
2018-11-23,3.569591161780107
2018-11-24,3.4500504944495525
2018-11-25,3.498370156617794
2018-11-26,3.5165682393331172
2018-11-27,3.5607907320541115
2018-11-28,3.5416226327776
2018-11-29,3.5874890627140363
2018-11-30,3.596030470241282
2018-12-01,3.4414579825333314
2018-12-02,3.4160375603486797
2018-12-03,3.4482311137939963
2018-12-04,3.3025344281612
2018-12-05,3.5587440090581355
2018-12-06,3.5346192150557676
2018-12-07,3.4924238101570007
2018-12-08,3.6155477615582106
2018-12-09,3.690028520343358
2018-12-10,3.660312711044344
2018-12-11,3.685675569742171
2018-12-12,3.830091231335634
2018-12-13,3.7998372791551636
2018-12-14,3.740013514545267
2018-12-15,3.6077305842684715
2018-12-16,3.7044743515209846
2018-12-17,3.573411248378952
2018-12-18,3.676599645208738
2018-12-19,3.750217380880973
2018-12-20,3.743167720902501
2018-12-21,3.6528081648771713
2018-12-22,3.83529839931917
2018-12-23,3.653774545678858
2018-12-24,3.6975270983644988
2018-12-25,3.579923492227172
2018-12-26,3.781785721419073
2018-12-27,3.7578112582226977
2018-12-28,3.601840657010416
2018-12-29,3.6394595569928816
2018-12-30,3.7873130373678747
2018-12-31,3.8248748097127576
2019-01-01,3.576365976561534
2019-01-02,3.436752572616598
2019-01-03,3.671426073850996
2019-01-04,3.6276662178593178
2019-01-05,3.614821988429284
2019-01-06,3.562145402193844
2019-01-07,3.5339425100642066
2019-01-08,3.6767668120933035
2019-01-09,3.745933871691202
2019-01-10,3.700719472757969
2019-01-11,3.6554601729614995
2019-01-12,3.518335797905386
2019-01-13,3.5442336503054244
2019-01-14,3.6760349364473592
2019-01-15,3.761404893901325
2019-01-16,3.6084699436336836
2019-01-17,3.511869580917184
2019-01-18,3.3410118415929433
2019-01-19,3.4935013310200813
2019-01-20,3.5941985317860214
2019-01-21,3.8299169018081978
2019-01-22,3.7781013089541253
2019-01-23,3.7494067655733003
2019-01-24,3.6498523104275695
2019-01-25,3.6895820703033437
2019-01-26,3.6299099477008316
2019-01-27,3.65548467705794
2019-01-28,3.683481208755825
2019-01-29,3.7453384127627185
2019-01-30,3.801322536264731
2019-01-31,3.7316532538081493
2019-02-01,3.684449162488801
2019-02-02,3.6056682322056814
2019-02-03,3.649609408010363
2019-02-04,3.5815498875838117
2019-02-05,3.604464887027813
2019-02-06,3.704342202630863
2019-02-07,3.6973715561882567
2019-02-08,3.7150259550924187
2019-02-09,3.64672097187545
2019-02-10,3.6963429024242864
2019-02-11,3.673681413678346
2019-02-12,3.6595085014766187
2019-02-13,3.602236023900269
2019-02-14,3.664438809323084
2019-02-15,3.7000018054173145
2019-02-16,3.6614158488553645
2019-02-17,3.6215294223339027
2019-02-18,3.660401514482857
2019-02-19,3.711951664544167
2019-02-20,3.7224597604408327
2019-02-21,3.6990200860067874
2019-02-22,3.7671703113636625
2019-02-23,3.841656533016335
2019-02-24,3.8787545481560484
2019-02-25,3.770508869621078
2019-02-26,3.7667483311894303
2019-02-27,3.7217896994438444
2019-02-28,3.609997294333467
2019-03-01,3.669090454527822
2019-03-02,3.6395682244295773
2019-03-03,3.604350896793952
2019-03-04,3.507468715130273
2019-03-05,3.518005070468441
2019-03-06,3.6963811735908108
2019-03-07,3.738689402217678
2019-03-08,3.6643543117024246
2019-03-09,3.682228966255969
2019-03-10,3.6724458922640473
2019-03-11,3.779181494161064
2019-03-12,3.8611960199373967
2019-03-13,3.868551601399888
2019-03-14,3.8233708504943467
2019-03-15,3.7940873586243766
2019-03-16,3.6862146174569617
2019-03-17,3.5041860814401904
2019-03-18,3.6403091088422035
2019-03-19,3.6218626857062213
2019-03-20,3.6456038926276673
2019-03-21,3.7975024190225897
2019-03-22,3.84763601377041
2019-03-23,3.7619840238084263
2019-03-24,3.7454882689365565
2019-03-25,3.572187477060391
2019-03-26,3.6746674961001995
2019-03-27,3.5389855968335375
2019-03-28,3.685530305569501
2019-03-29,3.6650371684994134
2019-03-30,3.76159679237089
2019-03-31,3.7509109539414
2019-04-01,3.7243849574097614
2019-04-02,3.781904047780426
2019-04-03,3.7819848712265167
2019-04-04,3.651983837271875
2019-04-05,3.6182357505008187
2019-04-06,3.829824535951179
2019-04-07,3.7824195229816713
2019-04-08,3.560065088155895
2019-04-09,3.442265050988725
2019-04-10,3.5853276068436135
2019-04-11,3.6209893764333323
2019-04-12,3.5669893103008565
2019-04-13,3.5302472910723712
2019-04-14,3.40587620985747
2019-04-15,3.509806009725359
2019-04-16,3.7274713058168536
2019-04-17,3.740456316101029
2019-04-18,3.6932114207826348
2019-04-19,3.654574624809322
2019-04-20,3.678337790494361
2019-04-21,3.6871248696436565
2019-04-22,3.7801872586371745
2019-04-23,3.6756390631386027
2019-04-24,3.637283356539377
2019-04-25,3.710154303909815
2019-04-26,3.7136881153827033
2019-04-27,3.6836190168315817
2019-04-28,3.635300360092793
2019-04-29,3.58696218975684
2019-04-30,3.733186890709314
2019-05-01,3.7550711693180263
2019-05-02,3.7955645694225675
2019-05-03,3.6861808678121597
2019-05-04,3.636504047806241
2019-05-05,3.653623773920243
2019-05-06,3.565878023098775
2019-05-07,3.6786145894131406
2019-05-08,3.7096903495766496
2019-05-09,3.750895276074845
2019-05-10,3.762044088553589
2019-05-11,3.7647005466498755
2019-05-12,3.6606867095843008
2019-05-13,3.614399983735803
2019-05-14,3.623061203732787
2019-05-15,3.734144203372445
2019-05-16,3.6368278564852172
2019-05-17,3.5965387926456134
2019-05-18,3.529141908520573
2019-05-19,3.5812123749792253
2019-05-20,3.6566712399438046
2019-05-21,3.601478343991423
2019-05-22,3.567388090402716
2019-05-23,3.6720742072201364
2019-05-24,3.745093158590615
2019-05-25,3.6714606671868157
2019-05-26,3.503481719847095
2019-05-27,3.5140840848151824
2019-05-28,3.6334368536825514
2019-05-29,3.5366767397119645
2019-05-30,3.575637621542371
2019-05-31,3.5709160278317458
2019-06-01,3.6658186820408605
2019-06-02,3.517517004908693
2019-06-03,3.7318373063368218
2019-06-04,3.6654743008247452
2019-06-05,3.5810082844434965
2019-06-06,3.67051569962956
2019-06-07,3.4762086867365003
2019-06-08,3.5216900014089596
2019-06-09,3.574112603459476
2019-06-10,3.612452688294173
2019-06-11,3.6852684523643826
2019-06-12,3.505459907448815
2019-06-13,3.4899451527271284
2019-06-14,3.2989099064896603
2019-06-15,3.421226639570621
2019-06-16,3.5873168434295155
2019-06-17,3.5834736858390634
2019-06-18,3.6576207038607853
2019-06-19,3.5232105821176605
2019-06-20,3.402934872809856
2019-06-21,3.4092005301173987
2019-06-22,3.40632248106408
2019-06-23,3.525901178925439
2019-06-24,3.6080302535847544
2019-06-25,3.5501683124080423
2019-06-26,3.4595307364293078
2019-06-27,3.724620034342051
2019-06-28,3.6692563843518324
2019-06-29,3.631244383209849
2019-06-30,3.6829544923408837
2019-07-01,3.6669646658573196
2019-07-02,3.706949077223033
2019-07-03,3.6940853373150184
2019-07-04,3.6199431282949788
2019-07-05,3.7306310115988586
2019-07-06,3.760544378645652
2019-07-07,3.6146869939259267
2019-07-08,3.4830460959664142
2019-07-09,3.4372191226537367
2019-07-10,3.496042331490713
2019-07-11,3.6063993135565893
2019-07-12,3.603756841809775
2019-07-13,3.626737508529068
2019-07-14,3.6439185010305395
2019-07-15,3.4768492222984007
2019-07-16,3.582232948546858
2019-07-17,3.546233880161941
2019-07-18,3.6603101328408343
2019-07-19,3.6955928697844627
2019-07-20,3.491595958419818
2019-07-21,3.286842487997876
2019-07-22,3.5458306475928376
2019-07-23,3.5148804496408577
2019-07-24,3.609840430515384
2019-07-25,3.7218892617692063
2019-07-26,3.71090072807104
2019-07-27,3.4875740503132078
2019-07-28,3.5415854287900146
2019-07-29,3.4983274742260106
2019-07-30,3.563456523274756
2019-07-31,3.6211345525813186
2019-08-01,3.7232144133978036
2019-08-02,3.6472107491444774
2019-08-03,3.627053473136111
2019-08-04,3.6336439723850353
2019-08-05,3.57748884461881
2019-08-06,3.739398987303325
2019-08-07,3.7239849584391536
2019-08-08,3.7415062441940763
2019-08-09,3.810051431881958
2019-08-10,3.8747874871685766
2019-08-11,3.7368993704010993
2019-08-12,3.8130442420452293
2019-08-13,3.79101345819518
2019-08-14,3.6544665387357895
2019-08-15,3.6009111739813773
2019-08-16,3.639222872723262
2019-08-17,3.6704240864107867
2019-08-18,3.7290443326620215
2019-08-19,3.4379642476586234
2019-08-20,3.4681200042350553
2019-08-21,3.4645336877415986
2019-08-22,3.472445664689031
2019-08-23,3.582327052029073
2019-08-24,3.576698598255138
2019-08-25,3.489857552828174
2019-08-26,3.537775590669869
2019-08-27,3.4723959494208447
2019-08-28,3.4973091836566055
2019-08-29,3.485313375696118
2019-08-30,3.5860962003346977
2019-08-31,3.6233552643803186
2019-09-01,3.646384205205077
2019-09-02,3.5183686245662646
2019-09-03,3.6929925101971888
2019-09-04,3.6746289101725846
2019-09-05,3.7411322714117583
2019-09-06,3.7305497843520476
2019-09-07,3.728560322232345
2019-09-08,3.6214640751620095
2019-09-09,3.552460820573225
2019-09-10,3.710437568613778
2019-09-11,3.698330289096398
2019-09-12,3.7330568318401727
2019-09-13,3.680835135737971
2019-09-14,3.7065902914206594
2019-09-15,3.6240618872559573
2019-09-16,3.6143896200990047
2019-09-17,3.555357526008901
2019-09-18,3.6678898818848866
2019-09-19,3.5885719894097443
2019-09-20,3.667232781991328
2019-09-21,3.6624138703788387
2019-09-22,3.694010727360388
2019-09-23,3.4827383776501244
2019-09-24,3.458232241601931
2019-09-25,3.4715350775058234
2019-09-26,3.470870344032813
2019-09-27,3.6907040288388258
2019-09-28,3.533000009638925
2019-09-29,3.591974616555682
2019-09-30,3.5636928998915467
2019-10-01,3.6692482894111254
2019-10-02,3.6502001371641675
2019-10-03,3.6554090806809674
2019-10-04,3.5785721249820326
2019-10-05,3.6101962745204834
2019-10-06,3.296247616852816
2019-10-07,3.542656649021895
2019-10-08,3.7980526043047274
2019-10-09,3.738061482899021
2019-10-10,3.599360891215233
2019-10-11,3.6674690745970997
2019-10-12,3.6950628604019977
2019-10-13,3.577050424011164
2019-10-14,3.6705089438151353
2019-10-15,3.6463385158291044
2019-10-16,3.622070037415634
2019-10-17,3.6539245511278153
2019-10-18,3.6647670589183305
2019-10-19,3.7265277261418173
2019-10-20,3.483601775640871
2019-10-21,3.718913881557236
2019-10-22,3.644408593104553
2019-10-23,3.6534467444124115
2019-10-24,3.6968879232625103
2019-10-25,3.5338974070491194
2019-10-26,3.5747605954902557
2019-10-27,3.5269748621360604
2019-10-28,3.5141986843839343
2019-10-29,3.32175251556769
2019-10-30,3.5122560275359977
2019-10-31,3.514395929085429
2019-11-01,3.6076624223556393
2019-11-02,3.5434829899749642
2019-11-03,3.751736649142466
2019-11-04,3.5835667950549763
2019-11-05,3.548973475091863
2019-11-06,3.684810914371348
2019-11-07,3.643012678911497
2019-11-08,3.611010861498614
2019-11-09,3.567985477291595
2019-11-10,3.6088372675860363
2019-11-11,3.6693182098085013
2019-11-12,3.597790766248439
2019-11-13,3.619482893800963
2019-11-14,3.685023651959908
2019-11-15,3.782119176210853
2019-11-16,3.69783595156628
2019-11-17,3.786886371626162
2019-11-18,3.702661770781976
2019-11-19,3.638304689375838
2019-11-20,3.6395963710524812
2019-11-21,3.7573778672452223
2019-11-22,3.76321771598892
2019-11-23,3.5993871606945613
2019-11-24,3.6786431732126696
2019-11-25,3.612673118457434
2019-11-26,3.5202847455621584
2019-11-27,3.4917160648886023
2019-11-28,3.7417389030462034
2019-11-29,3.602590202562173
2019-11-30,3.5972440549304814
2019-12-01,3.5592571851118384
2019-12-02,3.595615830600385
2019-12-03,3.774659585642315
2019-12-04,3.6740351070696207
2019-12-05,3.624728564516169
2019-12-06,3.5525733454026662
2019-12-07,3.5289486385270603
2019-12-08,3.6140449898102807
2019-12-09,3.656914601005189
2019-12-10,3.546174917519804
2019-12-11,3.547864839265202
2019-12-12,3.5874444840456063
2019-12-13,3.4064466637401383
2019-12-14,3.414259721944334
2019-12-15,3.487587104100652
2019-12-16,3.6281984668777607
2019-12-17,3.661512858636815
2019-12-18,3.6480825017109124
2019-12-19,3.6212612443505927
2019-12-20,3.7159718280578655
2019-12-21,3.7606856736800776
2019-12-22,3.7692605052104313
2019-12-23,3.7011371278645893
2019-12-24,3.7324656245518373
2019-12-25,3.5364239433393596
2019-12-26,3.614410114609788
2019-12-27,3.4801971637649136
2019-12-28,3.6767638907392843
2019-12-29,3.780144328301796
2019-12-30,3.594856197419648
2019-12-31,3.5197635141775496
2020-01-01,1.0
2020-01-02,1.5744602933016414
2020-01-03,0.41381685030363374
2020-01-04,1.9852281360342512
2020-01-05,3.5721125266805784
2020-01-06,3.5830365178813244
2020-01-07,3.6064456176291775
2020-01-08,3.652667123964548
2020-01-09,3.602294605450115
2020-01-10,3.5974421797177816
2020-01-11,3.4970693429777895
2020-01-12,3.5163476557273197
2020-01-13,3.6860141907603365
2020-01-14,3.6117177206537754
2020-01-15,3.7168945587359756
2020-01-16,3.494472584406046
2020-01-17,3.6502315462607315
2020-01-18,3.6011706362318723
2020-01-19,3.242480449234961
2020-01-20,3.2166932121261635
2020-01-21,3.2005672067432407
2020-01-22,3.5020024800045912
2020-01-23,3.406041691874278
2020-01-24,3.2478583250744792
2020-01-25,3.2086863277271096
2020-01-26,3.1439999709020316
2020-01-27,3.2254863803041594
2020-01-28,3.3995012332307635
2020-01-29,3.4906046116631515
2020-01-30,3.5625025117382023
2020-01-31,3.507231949336325
2020-02-01,3.444792154502548
2020-02-02,3.1365536094507176
2020-02-03,3.438392140424856
2020-02-04,3.6898661489692746
2020-02-05,3.3933663449190217
2020-02-06,3.279931613698473
2020-02-07,3.430422080480858
2020-02-08,3.373107236621556
2020-02-09,3.310627818557458
2020-02-10,3.541157089599159
2020-02-11,3.5511787030048896
2020-02-12,3.3297557987776725
2020-02-13,3.297152370934119
2020-02-14,3.58878020280908
2020-02-15,3.6463263621967434
2020-02-16,3.5592494177262917
2020-02-17,3.6439686942715235
2020-02-18,3.698939885227016
2020-02-19,3.6522168558887538
2020-02-20,3.6586516765080703
2020-02-21,3.7301652885959626
2020-02-22,3.6359256875117887
2020-02-23,3.679883737089208
2020-02-24,3.6572408307380977
2020-02-25,3.463557449371746
2020-02-26,3.546910230516361
2020-02-27,3.594987088358354
2020-02-28,3.6761740563150354
2020-02-29,3.6400524597690094
2020-03-01,3.664046489715182
2020-03-02,3.6978386453586856
2020-03-03,3.594902529305649
2020-03-04,3.608805348785892
2020-03-05,3.642657215103515
2020-03-06,3.7630889934449923
2020-03-07,3.7671034084931523
2020-03-08,3.6019951872742215
2020-03-09,3.6366283204712953
2020-03-10,3.633329539483888
2020-03-11,3.74564430768884
2020-03-12,3.798206019926264
2020-03-13,3.694557165937764
2020-03-14,3.604364012292436
2020-03-15,3.6148234925304275
2020-03-16,3.543681267292968
2020-03-17,3.7203594036558854
2020-03-18,3.6257882562684465
2020-03-19,3.7296139308930947
2020-03-20,3.641270383684243
2020-03-21,3.7857716711864384
2020-03-22,3.669296237801912
2020-03-23,3.615094520682149
2020-03-24,3.72553386172538
2020-03-25,3.667624444856223
2020-03-26,3.627833481236312
2020-03-27,3.743385099553575
2020-03-28,3.8001603294993886
2020-03-29,3.823176062208376
2020-03-30,3.7410669385442157
2020-03-31,3.765643086173953
2020-04-01,3.7089268036059977
2020-04-02,3.765343151852809
2020-04-03,3.7704662826110202
2020-04-04,3.662173216902816
2020-04-05,3.677260604035421
2020-04-06,3.530355109388817
2020-04-07,3.6940391070769993
2020-04-08,3.582452253573653
2020-04-09,3.640088282394675
2020-04-10,3.527289247904894
2020-04-11,3.57466108271825
2020-04-12,3.5470855057117463
2020-04-13,3.5657516809924217
2020-04-14,3.608041367547863
2020-04-15,3.581582942912217
2020-04-16,3.6012729145813256
2020-04-17,3.602295533593166
2020-04-18,3.5232625457596543
2020-04-19,3.594450993257307
2020-04-20,3.568887501112607
2020-04-21,3.4599145096258233
2020-04-22,3.4669120347365134
2020-04-23,3.579193532228243
2020-04-24,3.6729385270183443
2020-04-25,3.726255324695567
2020-04-26,3.4963574857668593
2020-04-27,3.4091069253300947
2020-04-28,3.6237487534577153
2020-04-29,3.6860001963155535
2020-04-30,3.597051270090014
2020-05-01,3.6387361883887444
2020-05-02,3.7023105691971745
2020-05-03,3.7810039727744145
2020-05-04,3.7266591957286166
2020-05-05,3.7044811848048416
2020-05-06,3.8118122117429794
2020-05-07,3.776254839469706
2020-05-08,3.768366459209409
2020-05-09,3.830111045387524
2020-05-10,3.7742973889852474
2020-05-11,3.7054290812250503
2020-05-12,3.7051476684070113
2020-05-13,3.7319723578293873
2020-05-14,3.582811800849875
2020-05-15,3.5961383127477813
2020-05-16,3.622070116772002
2020-05-17,3.5722050980285758
2020-05-18,3.685617488719421
2020-05-19,3.669939975013458
2020-05-20,3.703621779154312
2020-05-21,3.6773459648170936
2020-05-22,3.5863381673843495
2020-05-23,3.5962794726733813
2020-05-24,3.6734240032040693
2020-05-25,3.540592223003056
2020-05-26,3.547320352783208
2020-05-27,3.5910949802147565
2020-05-28,3.638718668076221
2020-05-29,3.681976975732635
2020-05-30,3.691137598595893
2020-05-31,3.6601967903359243
2020-06-01,3.6409670361137745
2020-06-02,3.7192983793276317
2020-06-03,3.5559873315206616
2020-06-04,3.7269501335979927
2020-06-05,3.6999814833297124
2020-06-06,3.692976998805597
2020-06-07,3.551924152397204
2020-06-08,3.590333708335012
2020-06-09,3.673532706843808
2020-06-10,3.7127338605925058
2020-06-11,3.620480604959615
2020-06-12,3.681725641073903
2020-06-13,3.686472292899956
2020-06-14,3.585631061839412
2020-06-15,3.6644344740459585
2020-06-16,3.606087356680641
2020-06-17,3.5696177061848515
2020-06-18,3.6202847090033172
2020-06-19,3.628089392081519
2020-06-20,3.571679898528691
2020-06-21,3.617510828402158
2020-06-22,3.4620840370693298
2020-06-23,3.4957332658499563
2020-06-24,3.516182090524082
2020-06-25,3.6408243710588883
2020-06-26,3.6438993920005873
2020-06-27,3.7421422736916363
2020-06-28,3.653842283077285
2020-06-29,3.6825972482699374
2020-06-30,3.7105644684639403
2020-07-01,3.7533354800043446
2020-07-02,3.739455984397012
2020-07-03,3.692141356459743
2020-07-04,3.682133675360789
2020-07-05,3.5603958335267105
2020-07-06,3.622228027286156
2020-07-07,3.5485132593102127
2020-07-08,3.49731144349367
2020-07-09,3.5065977858240927
2020-07-10,3.512635843817618
2020-07-11,3.3475411898981315
2020-07-12,3.462952280283643
2020-07-13,3.4504389839144234
2020-07-14,3.5498769656356393
2020-07-15,3.7598804318630927
2020-07-16,3.5966042027931406
2020-07-17,3.6453556049485707
2020-07-18,3.6644872179831767
2020-07-19,3.599581273029514
2020-07-20,3.600858744728567
2020-07-21,3.6680601206420707
2020-07-22,3.635423420616867
2020-07-23,3.6105730897854755
2020-07-24,3.588471655669336
2020-07-25,3.6062666353598862
2020-07-26,3.5198316555541336
2020-07-27,3.5086608611612773
2020-07-28,3.6641830734703142
2020-07-29,3.5502012798769536
2020-07-30,3.495716810877698
2020-07-31,3.484425668866143
2020-08-01,3.514633189057519
2020-08-02,3.5290422629203753
2020-08-03,3.690804173254438
2020-08-04,3.639799818050345
2020-08-05,3.555483512687775
2020-08-06,3.476421508333157
2020-08-07,3.4811552434567856
2020-08-08,3.60561375127436
2020-08-09,3.7195342981766264
2020-08-10,3.6130779401964603
2020-08-11,3.651817876659994
2020-08-12,3.7367141548715606
2020-08-13,3.5284825176431402
2020-08-14,3.6024063011343297
2020-08-15,3.6931648113790394
2020-08-16,3.653773667472553
2020-08-17,3.5290422527322227
2020-08-18,3.4853279947601865
2020-08-19,3.614416481102714
2020-08-20,3.6882852611754915
2020-08-21,3.418789254097575
2020-08-22,3.7636573447098716
2020-08-23,3.544343135218807
2020-08-24,3.5745864207031905
2020-08-25,3.5850072180346753
2020-08-26,3.5286315349662227
2020-08-27,3.473396707397662
2020-08-28,3.53814894402024
2020-08-29,3.7086985068684277
2020-08-30,3.5916710594510386
2020-08-31,3.6119097063911356
2020-09-01,3.691143302032127
2020-09-02,3.594068959645274
2020-09-03,3.7316833730615464
2020-09-04,3.7264541977550008
2020-09-05,3.7234561865961244
2020-09-06,3.696940740175783
2020-09-07,3.6378555396874726
2020-09-08,3.5597595030497993
2020-09-09,3.5688476195200636
2020-09-10,3.5760127503870605
2020-09-11,3.406465022597601
2020-09-12,3.6439476989965813
2020-09-13,3.721879758731883
2020-09-14,3.5355594128026095
2020-09-15,3.395195758353247
2020-09-16,3.6234316969426925
2020-09-17,3.732600432165385
2020-09-18,3.5622523102581196
2020-09-19,3.379642064512395
2020-09-20,3.6032023961839044
2020-09-21,3.7255628804128236
2020-09-22,3.7551160165053354
2020-09-23,3.76115874553559
2020-09-24,3.5899096824247754
2020-09-25,3.582422959839746
2020-09-26,3.6316150639600293
2020-09-27,3.6815597499723696
2020-09-28,3.5617867353067973
2020-09-29,3.5597776247751325
2020-09-30,3.483455251181947
2020-10-01,3.542343598968476
2020-10-02,3.6237377638655963
2020-10-03,3.412777455404137
2020-10-04,3.4970331604968696
2020-10-05,3.652815414877865
2020-10-06,3.630092998339597
2020-10-07,3.498605447340632
2020-10-08,3.5139372793020107
2020-10-09,3.5666715658344086
2020-10-10,3.588606856980605
2020-10-11,3.5877765193683686
2020-10-12,3.692642952310711
2020-10-13,3.584444091642369
2020-10-14,3.5295980371726934
2020-10-15,3.5795884834092977
2020-10-16,3.4461885570802977
2020-10-17,3.5842314966887994
2020-10-18,3.517398366961262
2020-10-19,3.399865476041432
2020-10-20,3.5097066006917728
2020-10-21,3.609137430902534
2020-10-22,3.439904127585777
2020-10-23,3.478804619308128
2020-10-24,3.116413477251527
2020-10-25,3.3600373263157546
2020-10-26,3.414633414888793
2020-10-27,3.4779915191608506
2020-10-28,3.600683027051912
2020-10-29,3.4293150751460324
2020-10-30,3.4549696395685947
2020-10-31,3.270264123460655
2020-11-01,3.509046906712804
2020-11-02,3.6141817364968998
2020-11-03,3.417140658796089
2020-11-04,3.5308452164215987
2020-11-05,3.0475714060227257
2020-11-06,3.187390628147308
2020-11-07,2.9584300640133554
2020-11-08,3.298556134903293
2020-11-09,3.361078875861355
2020-11-10,2.8489745497289043
2020-11-11,3.2935446328053986
2020-11-12,3.468500932962599
2020-11-13,3.49583276326857
2020-11-14,3.1995357126338297
2020-11-15,3.1747042442069664
2020-11-16,3.172930133213088
2020-11-17,3.4761487157410786
2020-11-18,3.514923657777209
2020-11-19,3.547242076155927
2020-11-20,3.635961904526975
2020-11-21,3.6073703503686816
2020-11-22,3.740113526986231
2020-11-23,3.592047702148454
2020-11-24,3.6189136507468365
2020-11-25,3.5397770137840663
2020-11-26,3.5515992747928635
2020-11-27,3.6001889205330695
2020-11-28,3.52410332666759
2020-11-29,3.614629536584469
2020-11-30,3.686943096294387
2020-12-01,3.6983058017584316
2020-12-02,3.772459117023169
2020-12-03,3.580678570538439
2020-12-04,3.6766122029891553
2020-12-05,3.6669835646770004
2020-12-06,3.762538796112435
2020-12-07,3.7641784278935164
2020-12-08,3.6658993562939246
2020-12-09,3.6458973233515146
2020-12-10,3.4907923897118085
2020-12-11,3.615174860425553
2020-12-12,3.684876969443705
2020-12-13,3.5422507785344592
2020-12-14,3.7038253222919892
2020-12-15,3.6978999048718038
2020-12-16,3.616644198736328
2020-12-17,3.6306425771119035
2020-12-18,3.656785200607395
2020-12-19,3.8057960592295954
2020-12-20,3.6630261842092082
2020-12-21,3.5421005259180838
2020-12-22,3.547210104631466
2020-12-23,3.5964426703512404
2020-12-24,3.587379502849074
2020-12-25,3.5874897250227
2020-12-26,3.6059139460204506
2020-12-27,3.5546461120562114
2020-12-28,3.550299229205638
2020-12-29,3.7167008674187256
2020-12-30,3.6823304032846313
2020-12-31,3.618310255239218
2021-01-01,3.4600760093599368
2021-01-02,3.532695514545144
2021-01-03,3.7352545021376526
2021-01-04,3.7004257875658695
2021-01-05,3.674068032533982
2021-01-06,3.702385024626101
2021-01-07,3.635700684707581
2021-01-08,3.6028498042389936
2021-01-09,3.6463670971995548
2021-01-10,3.563214956781586
2021-01-11,3.718552938759475
2021-01-12,3.7965369143515653
2021-01-13,3.639420494840029
2021-01-14,3.547169018854272
2021-01-15,3.6749970497180082
2021-01-16,3.707202151106829
2021-01-17,3.551212656318639
2021-01-18,3.700367031870184
2021-01-19,3.665201292978234
2021-01-20,3.7362147160971375
2021-01-21,3.6293591639528473
2021-01-22,3.779948737263344
2021-01-23,3.634658017404259
2021-01-24,3.669624292354348
2021-01-25,3.7100507329086287
2021-01-26,3.7154820957269803
2021-01-27,3.640019457403572
2021-01-28,3.6000120474012576
2021-01-29,3.733169328869641
2021-01-30,3.423969662960832
2021-01-31,3.7426094504293905
2021-02-01,3.7182461428730016
2021-02-02,3.548501932681177
2021-02-03,3.632606198467893
2021-02-04,3.612697842980157
2021-02-05,3.679072189419394
2021-02-06,3.625737025219656
2021-02-07,3.6172345050795682
2021-02-08,3.5963971663531824
2021-02-09,3.7247519020834727
2021-02-10,3.631906510512798
2021-02-11,3.619758768729921
2021-02-12,3.5990423780888157
2021-02-13,3.757303942238083
2021-02-14,3.6469333159275443
2021-02-15,3.4862824551571614
2021-02-16,3.476448582268626
2021-02-17,3.6246666043426603
2021-02-18,3.715580193800276
2021-02-19,3.6638984572353617
2021-02-20,3.6136038373165285
2021-02-21,3.6950282639175156
2021-02-22,3.5440373865862433
2021-02-23,3.5218488561909274
2021-02-24,3.7560364250219678
2021-02-25,3.663796499327768
2021-02-26,3.6496681297152027
2021-02-27,3.6298173604024817
2021-02-28,3.5962739719480004
2021-03-01,3.519862193072788
2021-03-02,3.7881759438495974
2021-03-03,3.5339163733621874
2021-03-04,3.686253341460994
2021-03-05,3.626876144945529
2021-03-06,3.632913508793833
2021-03-07,3.6078908934764717
2021-03-08,3.6632329164105406
2021-03-09,3.6608687240702213
2021-03-10,3.7073493760688154
2021-03-11,3.70823911714457
2021-03-12,3.641809729420813
2021-03-13,3.5695434274442723
2021-03-14,3.5806213723874225
2021-03-15,3.5662373558305354
2021-03-16,3.5610937943607928
2021-03-17,3.665639056796173
2021-03-18,3.4683074308497677
2021-03-19,3.6071794413605036
2021-03-20,3.478707093738191
2021-03-21,3.626041022971415
2021-03-22,3.6334990065439605
2021-03-23,3.667397683945872
2021-03-24,3.6027186912269444
2021-03-25,3.702301611151626
2021-03-26,3.7215402047593997
2021-03-27,3.6978015325572713
2021-03-28,3.5563191381567743
2021-03-29,3.599414778445573
2021-03-30,3.4665635809447517
2021-03-31,3.525115437704748
2021-04-01,3.6550145129695952
2021-04-02,3.689767169262254
2021-04-03,3.6001709281260537
2021-04-04,3.63000678422757
2021-04-05,3.649932393893247
2021-04-06,3.665433693370773
2021-04-07,3.660668557715264
2021-04-08,3.709767673141034
2021-04-09,3.6639722452611045
2021-04-10,3.7114379984404504
2021-04-11,3.552859360395162
2021-04-12,3.4809155428712226
2021-04-13,3.529082431703652
2021-04-14,3.6973399198264967
2021-04-15,3.6882060571265143
2021-04-16,3.5815208441906883
2021-04-17,3.586745252961294
2021-04-18,3.639329381961668
2021-04-19,3.5975635145573874
2021-04-20,3.599955049648231
2021-04-21,3.51548739493253
2021-04-22,3.689943635105516
2021-04-23,3.6727234802981914
2021-04-24,3.4900559098387673
2021-04-25,3.6098772876656477
2021-04-26,3.6637484838324506
2021-04-27,3.5762157743512546
2021-04-28,3.5688996326637064
2021-04-29,3.6412495914808254
2021-04-30,3.647452182883875
2021-05-01,3.5538952831634694
2021-05-02,3.748448683591308
2021-05-03,3.66163137349404
2021-05-04,3.8311722342113783
2021-05-05,3.602296971921352
2021-05-06,3.5954563512587634
2021-05-07,3.6802679993142906
2021-05-08,3.6182872039721725
2021-05-09,3.536683385363055
2021-05-10,3.6127529630283335
2021-05-11,3.598560540198614
2021-05-12,3.612983132652414
2021-05-13,3.5152968190102403
2021-05-14,3.6239335913008355
2021-05-15,3.7476185176384913
2021-05-16,3.7545275555540263
2021-05-17,3.490069002882729
2021-05-18,3.586794651450672
2021-05-19,3.6564038284784037
2021-05-20,3.596754342635256
2021-05-21,3.5631063789912027
2021-05-22,3.6381702576157373
2021-05-23,3.5680016050147616
2021-05-24,3.7036658853606648
2021-05-25,3.554103648378783
2021-05-26,3.450396638493025
2021-05-27,3.628274947459386
2021-05-28,3.617227916154806
2021-05-29,3.6320724605130454
2021-05-30,3.5489772286525936
2021-05-31,3.547778046471439
2021-06-01,3.7735382344783677
2021-06-02,3.616037353903559
2021-06-03,3.70089094123281
2021-06-04,3.5830302959106284
2021-06-05,3.612053485385187
2021-06-06,3.577842169864097
2021-06-07,3.596956695727711
2021-06-08,3.525124567043252
2021-06-09,3.5983006227439733
2021-06-10,3.6619958841276663
2021-06-11,3.5610296174431095
2021-06-12,3.64835663541208
2021-06-13,3.558355724875501
2021-06-14,3.59167531152271
2021-06-15,3.603124105742553
2021-06-16,3.575201865021732
2021-06-17,3.518049140224721
2021-06-18,3.3622620921786326
2021-06-19,3.455138999532962
2021-06-20,3.486420132434786
2021-06-21,3.56260279331631
2021-06-22,3.5451598106115414
2021-06-23,3.510400080263896
2021-06-24,3.5547983298728605
2021-06-25,3.4322757281887175
2021-06-26,3.5943461640241368
2021-06-27,3.492022266835783
2021-06-28,3.255305363131876
2021-06-29,3.3618728555351125
2021-06-30,3.3724248174036293
2021-07-01,3.4167760241333887
2021-07-02,3.5091674558606516
2021-07-03,3.7297334140503917
2021-07-04,3.52607184980742
2021-07-05,3.607468919491153
2021-07-06,3.586456370779009
2021-07-07,3.5523225589078007
2021-07-08,3.6487310524637695
2021-07-09,3.663484310057442
2021-07-10,3.6446473956416283
2021-07-11,3.6571344101228043
2021-07-12,3.6818556056141314
2021-07-13,3.7531767991046543
2021-07-14,3.7076539742125156
2021-07-15,3.665729093693633
2021-07-16,3.6641954974301765
2021-07-17,3.7491685996672284
2021-07-18,3.4273441153106408
2021-07-19,3.5574857236758763
2021-07-20,3.6885742119436076
2021-07-21,3.6784987165299894
2021-07-22,3.7177343437012804
2021-07-23,3.6811229981512885
2021-07-24,3.6032124400994503
2021-07-25,3.598946288188874
2021-07-26,3.6362501523703723
2021-07-27,3.5516659509734887
2021-07-28,3.556442694225853
2021-07-29,3.4364104765190198
2021-07-30,3.5790357442723053
2021-07-31,3.5106524102220473
2021-08-01,3.4680912544248477
2021-08-02,3.591189812036926
2021-08-03,3.606529455999836
2021-08-04,3.668119748196113
2021-08-05,3.419148992691519
2021-08-06,3.4745193781391976
2021-08-07,3.390138878068596
2021-08-08,3.310896000841953
2021-08-09,3.322265506059354
2021-08-10,3.6352931277035205
2021-08-11,3.5209244114055136
2021-08-12,3.6269116017268916
2021-08-13,3.6969998641916173
2021-08-14,3.253384262567504
2021-08-15,3.3375338750000383
2021-08-16,3.501672830736004
2021-08-17,3.613900292380176
2021-08-18,3.5102042941509657
2021-08-19,3.4463732230343664
2021-08-20,3.625145667766498
2021-08-21,3.5967699182273734
2021-08-22,3.4848764759691764
2021-08-23,3.3725197465603625
2021-08-24,3.4596956663762337
2021-08-25,3.5474765502211647
2021-08-26,3.4365096257094354
2021-08-27,3.7148175800148744
2021-08-28,3.3767921302322255
2021-08-29,3.4964129763537293
2021-08-30,3.672572646873586
2021-08-31,3.4928105876065114
2021-09-01,3.510893502577501
2021-09-02,3.4385582567555186
2021-09-03,3.3103451545362717
2021-09-04,3.390472153735777
2021-09-05,3.4195165371706446
2021-09-06,3.471885251009035
2021-09-07,3.6335183960673665
2021-09-08,3.6742487325142896
2021-09-09,3.5906802630088825
2021-09-10,3.625039013484616
2021-09-11,3.558092829040117
2021-09-12,3.6652565555101635
2021-09-13,3.749898093042297
2021-09-14,3.594942822051794
2021-09-15,3.602841398256459
2021-09-16,3.62301629880788
2021-09-17,3.4872758121705796
2021-09-18,3.3358216791118482
2021-09-19,3.439152603078962
2021-09-20,3.599566956381381
2021-09-21,3.500901242883474
2021-09-22,3.410981670251092
2021-09-23,3.3578936834587108
2021-09-24,3.5766205809115714
2021-09-25,3.493290043549958
2021-09-26,3.4637956873259927
2021-09-27,3.5256235912655294
2021-09-28,3.6286292401882445
2021-09-29,3.6311383287164034
2021-09-30,3.744493169765834
2021-10-01,3.6261973841744446
2021-10-02,3.4156743271523036
2021-10-03,3.5706575885047944
2021-10-04,3.5761433126333952
2021-10-05,3.721533045483886
2021-10-06,3.5654647088769487
2021-10-07,3.5285880873564603
2021-10-08,3.533863059928233
2021-10-09,3.4294242144524185
2021-10-10,3.4374854617972512
2021-10-11,3.6691481041724
2021-10-12,3.649829937883672
2021-10-13,3.6031062944204963
2021-10-14,3.660102106827242
2021-10-15,3.6550361321701357
2021-10-16,3.643520662069003
2021-10-17,3.6175887458103775
2021-10-18,3.666631485649277
2021-10-19,3.6908461536234873
2021-10-20,3.5294711611482006
2021-10-21,3.594325673404858
2021-10-22,3.600281338068756
2021-10-23,3.716937875854614
2021-10-24,3.785796152238934
2021-10-25,3.41983458538093
2021-10-26,3.4697958523360164
2021-10-27,3.5658821658152817
2021-10-28,3.5248802501664676
2021-10-29,3.615724575760413
2021-10-30,3.5315894639618852
2021-10-31,3.4187118331967636
2021-11-01,3.5712340090497245
2021-11-02,3.613932117247937
2021-11-03,3.624018775981531
2021-11-04,3.667072479509014
2021-11-05,3.6285924806788046
2021-11-06,3.5131364634379287
2021-11-07,3.417385266826792
2021-11-08,3.5509543118143627
2021-11-09,3.548765542570079
2021-11-10,3.5599145567576946
2021-11-11,3.5040782839229228
2021-11-12,3.552467476299054
2021-11-13,3.5557391375624814
2021-11-14,3.5191556659141545
2021-11-15,3.576128185006164
2021-11-16,3.6471071039777683
2021-11-17,3.6857888008432425
2021-11-18,3.695108083098727
2021-11-19,3.5391197573613082
2021-11-20,3.705627109803036
2021-11-21,3.5071231240078107
2021-11-22,3.640089953872068
2021-11-23,3.6226201996965157
2021-11-24,3.5371274746069172
2021-11-25,3.5801082835752287
2021-11-26,3.611631281090612
2021-11-27,3.5665104867332578
2021-11-28,3.622259783496449
2021-11-29,3.4764627433656115
2021-11-30,3.6556907298827648
2021-12-01,3.5711645524241513
2021-12-02,3.4566856984666194
2021-12-03,3.6576903600020185
2021-12-04,3.728262011035674
2021-12-05,3.607348253754359
2021-12-06,3.733920838089959
2021-12-07,3.556853451161637
2021-12-08,3.5576431526204306
2021-12-09,3.509426198319416
2021-12-10,3.578485558942519
2021-12-11,3.46762327833855
2021-12-12,3.196468742691677
2021-12-13,3.497412712926774
2021-12-14,3.5076258516227115
2021-12-15,3.499341234798913
2021-12-16,3.4611501910067477
2021-12-17,3.3042639786851478
2021-12-18,3.4630622109837734
2021-12-19,3.494640017455147
2021-12-20,3.6197314188132874
2021-12-21,3.4597110154532134
2021-12-22,3.5737627138340895
2021-12-23,3.394772820969677
2021-12-24,3.467384561903886
2021-12-25,3.6477044889240013
2021-12-26,3.6207531039361553
2021-12-27,3.4498232051805866
2021-12-28,3.6964144081120374
2021-12-29,3.619038343744738
2021-12-30,3.4668849741100662
2021-12-31,3.606994671096511
2022-01-01,3.3560524379443306
2022-01-02,3.5008003916545265
2022-01-03,3.534160788642257
2022-01-04,3.7247625277406806
2022-01-05,3.8038859410070778
2022-01-06,3.764014554770726
2022-01-07,3.681999530762748
2022-01-08,3.529805922745717
2022-01-09,3.5999866849025146
2022-01-10,3.464907171277733
2022-01-11,3.4869587574998095
2022-01-12,3.6619828568866795
2022-01-13,3.6677967739273947
2022-01-14,3.702585651426754
2022-01-15,3.531205180571137
2022-01-16,3.4116013541236665
2022-01-17,3.648285458224647
2022-01-18,3.506552970738576
2022-01-19,3.520506729568548
2022-01-20,3.536365708984516
2022-01-21,3.515092162097128
2022-01-22,3.6015271567183316
2022-01-23,3.607216266172812
2022-01-24,3.6855958070101114
2022-01-25,3.6514606136887924
2022-01-26,3.551561006322997
2022-01-27,3.5119074683799525
2022-01-28,3.5468401438066635
2022-01-29,3.530043254866576
2022-01-30,3.5982626293263307
2022-01-31,3.4971137452424657
2022-02-01,3.625715795993927
2022-02-02,3.606256316217399
2022-02-03,3.666104383195375
2022-02-04,3.683873822658586
2022-02-05,3.5810300708126697
2022-02-06,3.541442836582308
2022-02-07,3.3803624643735377
2022-02-08,3.5204570064076237
2022-02-09,3.7017707323886393
2022-02-10,3.687749657599243
2022-02-11,3.6378302126304956
2022-02-12,3.556178141164595
2022-02-13,3.616248042890254
2022-02-14,3.844436228584077
2022-02-15,3.716374625043405
2022-02-16,3.6582075955506035
2022-02-17,3.5759354929716554
2022-02-18,3.6510703481734534
2022-02-19,3.5667149592100342
2022-02-20,3.6910174843276615
2022-02-21,3.650600366409507
2022-02-22,3.468032857852568
2022-02-23,3.406750985022674
2022-02-24,3.6607659982585528
2022-02-25,3.8379059526332227
2022-02-26,3.5728349447613272
2022-02-27,3.55500306346097
2022-02-28,3.594785375982072
2022-03-01,3.366177999079254
2022-03-02,3.4654013131719044
2022-03-03,3.7210077264101544
2022-03-04,3.5074789625609073
2022-03-05,3.4150180394310663
2022-03-06,3.1565295389925625
2022-03-07,3.1725959427043744
2022-03-08,3.3799129581159812
2022-03-09,3.4709143465838563
2022-03-10,3.307201092915124
2022-03-11,3.4725344955659248
2022-03-12,3.2973970197909703
2022-03-13,3.281919091358375
2022-03-14,3.4387686266779975
2022-03-15,3.470872372794513
2022-03-16,3.38053654393509
2022-03-17,3.4748321554812005
2022-03-18,3.477865248733905
2022-03-19,3.5113019743096583
2022-03-20,3.3986320741011737
2022-03-21,3.451961514770214
2022-03-22,3.501163095817092
2022-03-23,3.497205342799028
2022-03-24,3.5852656064741524
2022-03-25,3.4181676676384343
2022-03-26,3.544907999751877
2022-03-27,3.501440356151107
2022-03-28,3.6920781592177376
2022-03-29,3.4920420046687743
2022-03-30,3.5563691890886786
2022-03-31,3.4006583477851167
2022-04-01,3.467297707611343
2022-04-02,3.3752674324193133
2022-04-03,3.3517330454788605
2022-04-04,3.2502461079611873
2022-04-05,3.484038656703041
2022-04-06,3.4403080355945654
2022-04-07,3.5911539887496913
2022-04-08,3.4793837949497055
2022-04-09,3.569098621700509
2022-04-10,3.5688603238477516
2022-04-11,3.5437751394901227
2022-04-12,3.4834457431998076
2022-04-13,3.5008129143303752
2022-04-14,3.47919453695374
2022-04-15,3.4768733564407284
2022-04-16,3.5397765913299994
2022-04-17,3.529955889789298
2022-04-18,3.615804630145755
2022-04-19,3.479918092364979
2022-04-20,3.425214465545743
2022-04-21,3.6513784443490427
2022-04-22,3.620395585766174
2022-04-23,3.5694643618512982
2022-04-24,3.3659395483769847
2022-04-25,3.3922538186834426
2022-04-26,3.5667027307710266
2022-04-27,3.526160410195666
2022-04-28,3.3701150283929318
2022-04-29,3.4623980044960136
2022-04-30,3.4572575321309973
2022-05-01,3.382140756779511
2022-05-02,3.571006383474354
2022-05-03,3.4224290201252017
2022-05-04,3.415034380430061
2022-05-05,3.526875437168624
2022-05-06,3.4358957422930616
2022-05-07,3.1574265582167054
2022-05-08,3.283747844498186
2022-05-09,3.282497202938347
2022-05-10,3.4266875379469677
2022-05-11,3.3321932947511046
2022-05-12,3.587669919417811
2022-05-13,3.391920728042992
2022-05-14,3.341307031313893
2022-05-15,3.626630860645841
2022-05-16,3.417679025783273
2022-05-17,3.4522297879994963
2022-05-18,3.319758512216597
2022-05-19,3.407799196286808
2022-05-20,3.5485602028884857
2022-05-21,3.383252423466513
2022-05-22,3.2303330623093345
2022-05-23,3.436038736325052
2022-05-24,3.5342103763081303
2022-05-25,3.4914429913352087
2022-05-26,3.3606923035020992
2022-05-27,3.396669641190703
2022-05-28,3.223877692200297
2022-05-29,3.665523377535565
2022-05-30,3.4925905815679092
2022-05-31,3.4678730165532325
2022-06-01,3.4704150260740634
2022-06-02,3.619039073145579
2022-06-03,3.5281040914400497
2022-06-04,3.3729499251065858
2022-06-05,3.4275112226501063
2022-06-06,3.31476564808249
2022-06-07,3.3148322766183145
2022-06-08,3.233619226132084
2022-06-09,3.240576783086082
2022-06-10,3.3982724870008423
2022-06-11,3.132075867836858
2022-06-12,3.2474577557734126
2022-06-13,3.292749768544678
2022-06-14,2.961658839412563
2022-06-15,3.2689367273954137
2022-06-16,3.463441366470215
2022-06-17,3.388330702354497
2022-06-18,3.3625556119368833
2022-06-19,3.4112538837694286
2022-06-20,3.5928868889275876
2022-06-21,3.541518798671992
2022-06-22,3.5158942084856255
2022-06-23,3.408483834967919
2022-06-24,3.473413177747929
2022-06-25,3.3367044893527438
2022-06-26,3.5197610304240445
2022-06-27,3.5287686921938364
2022-06-28,3.082637283853755
2022-06-29,3.3694346323628057
2022-06-30,3.15114181829851
2022-07-01,3.3975621539849055
2022-07-02,3.493761974473487
2022-07-03,3.506496737431479
2022-07-04,3.5065089364891073
2022-07-05,3.5429435275499825
2022-07-06,3.5117889208122177
2022-07-07,3.5398215283770793
2022-07-08,3.4200543905159666
2022-07-09,3.425029231834651
2022-07-10,3.3858019332832825
2022-07-11,3.3977510960547948
2022-07-12,3.53903653396521
2022-07-13,3.628101766991643
2022-07-14,3.4993538359135123
2022-07-15,3.5906058384451245
2022-07-16,3.509614283446224
2022-07-17,3.280417208696269
2022-07-18,3.469263408609347
2022-07-19,3.5824265147223255
2022-07-20,3.4424756559293397
2022-07-21,3.279301274422951
2022-07-22,3.389654432544159
2022-07-23,3.304149018836133
2022-07-24,3.272056720269182
2022-07-25,3.5473798771807448
2022-07-26,3.376239945192734
2022-07-27,3.4889006877250606
2022-07-28,3.39581459031937
2022-07-29,3.615138020004656
2022-07-30,3.502356458635824
2022-07-31,3.4592137104312037
2022-08-01,3.3611933090180446
2022-08-02,3.397958343513783
2022-08-03,3.354937548236736
2022-08-04,3.7325075515859463
2022-08-05,3.6263576995243416
2022-08-06,3.583451319813053
2022-08-07,3.626730799114932
2022-08-08,3.605734726516151
2022-08-09,3.594678414916525
2022-08-10,3.5683358802237186
2022-08-11,3.4944554690616094
2022-08-12,3.566478695722203
2022-08-13,3.504350984864341
2022-08-14,3.4937242214826933
2022-08-15,3.5563413429020394
2022-08-16,3.567377431805263
2022-08-17,3.5596398481239193
2022-08-18,3.3129085812422745
2022-08-19,3.4690545806959943
2022-08-20,3.465651343171291
2022-08-21,3.5229591755622427
2022-08-22,3.460240737331162
2022-08-23,3.602448032193762
2022-08-24,3.4831531847482053
2022-08-25,3.280152127760308
2022-08-26,3.335895930107806
2022-08-27,3.432327042621841
2022-08-28,3.332173594131738
2022-08-29,3.1274781861066705
2022-08-30,3.2584382924657485
2022-08-31,3.4167328865771207
2022-09-01,3.381073161709236
2022-09-02,3.6581235872097158
2022-09-03,3.5023387406470037
2022-09-04,3.3273157574773045
2022-09-05,3.5105914010580848
2022-09-06,3.6622568974012695
2022-09-07,3.49579679052637
2022-09-08,3.5491829419194367
2022-09-09,3.544655949971126
2022-09-10,3.5827984885417234
2022-09-11,3.595371798765029
2022-09-12,3.4694790533802995
2022-09-13,3.5569134528899435
2022-09-14,3.3892277431094255
2022-09-15,3.462965373539211
2022-09-16,3.4216199299423766
2022-09-17,3.438241462503233
2022-09-18,3.254355061553782
2022-09-19,3.2383482056323345
2022-09-20,3.5389726157728263
2022-09-21,3.5672133691138974
2022-09-22,3.419099996399631
2022-09-23,3.4123592057055436
2022-09-24,3.4401119453728244
2022-09-25,3.5064510884196953
2022-09-26,3.4925955815558467
2022-09-27,3.6258787531609653
2022-09-28,3.4530530938132795
2022-09-29,3.402004085889801
2022-09-30,3.57146303718382
2022-10-01,3.317055218472411
2022-10-02,3.292054800001902
2022-10-03,3.440329958877138
2022-10-04,3.3022682559587357
2022-10-05,3.1452189956709415
2022-10-06,3.36177476488302
2022-10-07,3.5490552478785267
2022-10-08,3.5045382024510507
2022-10-09,3.554389089540101
2022-10-10,3.4805660024693545
2022-10-11,3.477167079503076
2022-10-12,3.4268377948810262
2022-10-13,3.465291763475763
2022-10-14,3.445800618339402
2022-10-15,3.4304134217101048
2022-10-16,3.3331032863652137
2022-10-17,3.402371508533767
2022-10-18,3.3531349053529564
2022-10-19,3.3206587427705125
2022-10-20,3.415385085861188
2022-10-21,3.349937258454573
2022-10-22,3.4838279560130267
2022-10-23,3.3013347658918697
2022-10-24,3.2774205135176144
2022-10-25,3.4079733799868306
2022-10-26,3.409907916790148
2022-10-27,3.464883455906523
2022-10-28,3.601050616183756
2022-10-29,3.414987005537322
2022-10-30,3.4850782064457495
2022-10-31,3.259156635918252
2022-11-01,3.313533206213962
2022-11-02,3.0699911540187195
2022-11-03,3.2315365273740646
2022-11-04,3.3194128148984197
2022-11-05,3.455930523963808
2022-11-06,3.4902053160683453
2022-11-07,3.062102856756478
2022-11-08,3.1856162335667837
2022-11-09,3.3513258865410758
2022-11-10,3.1258949742007514
2022-11-11,3.293880073119442
2022-11-12,3.157492011596262
2022-11-13,3.245619804754104
2022-11-14,3.3286071781244284
2022-11-15,3.404952877893917
2022-11-16,3.5049074248155114
2022-11-17,3.441615852012091
2022-11-18,3.4257863967204845
2022-11-19,3.363231556859712
2022-11-20,3.249072098762328
2022-11-21,3.1779720295289495
2022-11-22,2.9731690868442344
2022-11-23,3.0913918493170716
2022-11-24,3.2148636544294873
2022-11-25,3.1966641270696923
2022-11-26,3.382497677140359
2022-11-27,3.468878495034299
2022-11-28,3.583656546857454
2022-11-29,3.5531653879797203
2022-11-30,3.4013611168021067
2022-12-01,3.4816573215840108
2022-12-02,3.2914302848600743
2022-12-03,3.2653610246486084
2022-12-04,3.4013389518466752
2022-12-05,3.492007963897288
2022-12-06,3.474782342817594
2022-12-07,3.52339653345457
2022-12-08,3.536172404700341
2022-12-09,3.4140564295978866
2022-12-10,3.4438962338661216
2022-12-11,3.5180907539505224
2022-12-12,3.4211277446410886
2022-12-13,3.479542607704098
2022-12-14,3.3949309199671664
2022-12-15,3.5491787970087
2022-12-16,3.318815226141657
2022-12-17,3.1881854912026646
2022-12-18,3.5113608629310984
2022-12-19,3.4096558916200608
2022-12-20,3.434803512087702
2022-12-21,3.518998752562491
2022-12-22,3.459446520821918
2022-12-23,3.6151831819207354
2022-12-24,3.5642258502490893
2022-12-25,3.3453856843574674
2022-12-26,3.4591421182817355
2022-12-27,3.425772154384355
2022-12-28,3.5691310139497543
2022-12-29,3.5521933282213696
2022-12-30,3.6927448398667475
2022-12-31,3.6136795740225747
2023-01-01,3.1781457188212276
2023-01-02,3.3209122376599387
2023-01-03,3.3013180492195566
2023-01-04,3.516648063617393
2023-01-05,3.6405701256112484
2023-01-06,3.617634716982465
2023-01-07,3.213032276315785
2023-01-08,3.289359732663071
2023-01-09,3.5281534393588903
2023-01-10,3.403431981519141
2023-01-11,3.4479494998816693
2023-01-12,3.5090584640740614
2023-01-13,3.4927079490035156
2023-01-14,3.2709358117630583
2023-01-15,3.236817683373551
2023-01-16,3.3507987748909387
2023-01-17,3.5333581474982005
2023-01-18,3.5493634303473742
2023-01-19,3.361716192230838
2023-01-20,3.349065782243709
2023-01-21,3.337977048500228
2023-01-22,3.2834644788815965
2023-01-23,3.446170137499873
2023-01-24,3.4163883210141512
2023-01-25,3.3537532964577386
2023-01-26,3.3304688961544904
2023-01-27,3.2732923070121718
2023-01-28,3.3695535389937046
2023-01-29,3.256890495099398
2023-01-30,3.471231490658849
2023-01-31,3.45916825248735
2023-02-01,3.461380856080769
2023-02-02,3.3397562641113834
2023-02-03,3.4925152266372326
2023-02-04,3.3763130285669885
2023-02-05,3.298057898572867
2023-02-06,3.4844481882284732
2023-02-07,3.372969838969735
2023-02-08,3.4464319730031296
2023-02-09,3.6436533593035714
2023-02-10,3.5153821072707405
2023-02-11,3.3887128389537193
2023-02-12,2.9447503036109977
2023-02-13,3.2829806918124707
2023-02-14,3.3130804377052816
2023-02-15,3.527694091436112
2023-02-16,3.437915705275139
2023-02-17,3.355701098229222
2023-02-18,3.3053684256992266
2023-02-19,3.43726938365504
2023-02-20,3.198642474553446
2023-02-21,3.5758529319584085
2023-02-22,3.4746977699879382
2023-02-23,3.6178557480978726
2023-02-24,3.5582271422388647
2023-02-25,3.4077016895638854
2023-02-26,3.4599784337379593
2023-02-27,3.531844007294123
2023-02-28,3.497963384767571
2023-03-01,3.454978660431342
2023-03-02,3.423752155146339
2023-03-03,3.470631877718851
2023-03-04,3.5676952453978172
2023-03-05,3.271074617762893
2023-03-06,3.0919506709088505
2023-03-07,3.2263671643894236
2023-03-08,3.565654598322012
2023-03-09,3.4271912390491077
2023-03-10,3.4515343703228396
2023-03-11,3.291775354893698
2023-03-12,3.2771444315420712
2023-03-13,3.5312545297972835
2023-03-14,3.243635685816075
2023-03-15,3.517892932436827
2023-03-16,3.477740783336009
2023-03-17,3.352918931082659
2023-03-18,3.478054045381546
2023-03-19,3.4325140403935674
2023-03-20,3.563349119104212
2023-03-21,3.5446076158129087
2023-03-22,3.6231560708282893
2023-03-23,3.512211863640586
2023-03-24,3.413938563329793
2023-03-25,3.5398332287379106
2023-03-26,3.55876333155425
2023-03-27,3.4842693994665015
2023-03-28,3.5655270820358522
2023-03-29,3.5728246979232945
2023-03-30,3.4919510453337024
2023-03-31,3.496665133381758
2023-04-01,3.4994138412447624
2023-04-02,3.4291655355905317
2023-04-03,3.537404953556084
2023-04-04,3.485182022579596
2023-04-05,3.4568367873125947
2023-04-06,3.4115834451502187
2023-04-07,3.516335793099004
2023-04-08,3.4260327174001146
2023-04-09,3.3546986332864415
2023-04-10,3.359161253422436
2023-04-11,3.383692701078417
2023-04-12,3.3551211843158844
2023-04-13,3.4910348413825623
2023-04-14,3.5364754823714777
2023-04-15,3.4821785165033585
2023-04-16,3.368891836045882
2023-04-17,3.2001317775620755
2023-04-18,3.197352893133973
2023-04-19,3.1066831279913223
2023-04-20,3.225218843068669
2023-04-21,3.4692928115477493
2023-04-22,3.3065798406431233
2023-04-23,3.267630384830555
2023-04-24,3.232199377392492
2023-04-25,3.2875955949368088
2023-04-26,3.2225085406356504
2023-04-27,3.365764322670063
2023-04-28,3.4439935982781527
2023-04-29,3.251875732914798
2023-04-30,3.317200017424134
2023-05-01,3.5354562760805432
2023-05-02,3.5378174430948195
2023-05-03,3.4156231602568212
2023-05-04,3.307851304604707
2023-05-05,3.523638102686439
2023-05-06,3.312413092280401
2023-05-07,3.4867058170555194
2023-05-08,3.5229425122684033
2023-05-09,3.4952105095251165
2023-05-10,3.441357505793059
2023-05-11,3.3340853088854034
2023-05-12,3.412391103482101
2023-05-13,3.3267199950976893
2023-05-14,3.483003723742644
2023-05-15,3.4384165228635175
2023-05-16,3.5941082038136463
2023-05-17,3.336281346201102
2023-05-18,3.4787607031119614
2023-05-19,3.4444875156560575
2023-05-20,3.256753790732427
2023-05-21,3.2262909584760004
2023-05-22,3.2683592975126556
2023-05-23,3.407074455689095
2023-05-24,3.380100030259489
2023-05-25,3.2954841092776115
2023-05-26,3.3629434515776353
2023-05-27,3.3557514858925113
2023-05-28,3.2870207614217817
2023-05-29,3.161953743048552
2023-05-30,3.329754703667476
2023-05-31,3.236182539508102
2023-06-01,3.178451431984881
2023-06-02,3.159362830294458
2023-06-03,3.250826958895731
2023-06-04,3.012058387124112
2023-06-05,3.03566152371668
2023-06-06,3.186271608423071
2023-06-07,3.218988554879281
2023-06-08,2.895816178634408
2023-06-09,3.0008703826384955
2023-06-10,3.1839287312084865
2023-06-11,3.217072288240514
2023-06-12,3.169695916810934
2023-06-13,3.1606792773665227
2023-06-14,3.368812154718337
2023-06-15,3.314723385757944
2023-06-16,3.1750979566587807
2023-06-17,3.2608338813981463
2023-06-18,3.316345621957958
2023-06-19,3.257727077268166
2023-06-20,3.3938536438918843
2023-06-21,3.4528859684482494
2023-06-22,3.482939712182099
2023-06-23,3.4841394500828193
2023-06-24,3.4716053192192895
2023-06-25,3.4404153700457667
2023-06-26,3.4892628623477884
2023-06-27,3.473728087833075
2023-06-28,3.4795973040848303
2023-06-29,3.338552626630966
2023-06-30,3.365220415563104
2023-07-01,3.560794530175664
2023-07-02,3.3962821811714647
2023-07-03,3.4350154900395817
2023-07-04,3.354942173430987
2023-07-05,3.4073756731991387
2023-07-06,3.430318639492335
2023-07-07,3.323810685844096
2023-07-08,3.0874480188154863
2023-07-09,3.217365811671596
2023-07-10,3.527176491779041
2023-07-11,3.4392361994215
2023-07-12,3.3819469415166736
2023-07-13,3.4936279499361236
2023-07-14,3.493126761352193
2023-07-15,3.348510817257363
2023-07-16,3.226466948181052
2023-07-17,3.236163873451082
2023-07-18,3.3773372266151362
2023-07-19,3.3746155739615364
2023-07-20,3.418205762754303
2023-07-21,3.4201954211965693
2023-07-22,3.333861172877881
2023-07-23,3.3281607281282746
2023-07-24,3.344088565446632
2023-07-25,3.382924361002987
2023-07-26,3.471971602346033
2023-07-27,3.4593337936255604
2023-07-28,3.3878676733132487
2023-07-29,3.352316270757516
2023-07-30,3.241757899279111
2023-07-31,3.225106834340561
2023-08-01,3.531326724053939
2023-08-02,3.43253815435086
2023-08-03,3.4258427988593985
2023-08-04,3.3935916266745876
2023-08-05,3.5244819842142956
2023-08-06,3.380569815720005
2023-08-07,2.8912055292497785
2023-08-08,3.2085123759146676
2023-08-09,3.1615520018543104
2023-08-10,3.3465041559148623
2023-08-11,3.525618072278479
2023-08-12,3.5476705584525545
2023-08-13,3.2993343454848056
2023-08-14,3.3540033071304025
2023-08-15,3.3882357211547105
2023-08-16,3.5303963708073796
2023-08-17,3.365094891680259
2023-08-18,3.4513096503891267
2023-08-19,3.4040650162636585
2023-08-20,3.3179632351947843
2023-08-21,3.208394406801045
2023-08-22,3.367966415355226
2023-08-23,3.3250860197427023
2023-08-24,3.319223221952211
2023-08-25,3.3165542515347703
2023-08-26,3.179325452173642
2023-08-27,3.147146943024828
2023-08-28,3.310739081857929
2023-08-29,3.4697500206516003
2023-08-30,3.2688816876871734
2023-08-31,3.409532468444554
2023-09-01,3.3269100779099348
2023-09-02,3.2428731660041965
2023-09-03,3.3745285433339505
2023-09-04,3.196366005354905
2023-09-05,3.4379779545575766
2023-09-06,3.354939810228204
2023-09-07,3.317974263634815
2023-09-08,3.199423066948972
2023-09-09,3.247835921631953
2023-09-10,3.211007084636768
2023-09-11,3.321332515435668
2023-09-12,3.240271072714651
2023-09-13,3.3287390919084316
2023-09-14,3.2131660477365225
2023-09-15,3.2742591403392396
2023-09-16,3.4085544062567714
2023-09-17,3.2299752536219466
2023-09-18,3.228964896557078
2023-09-19,3.436000261523609
2023-09-20,3.651770249577516
2023-09-21,3.5254520611045717
2023-09-22,3.596221470662555
2023-09-23,3.4896064815016863
2023-09-24,3.448270631906758
2023-09-25,3.4580392023487585
2023-09-26,3.480555604219622
2023-09-27,3.5552159581339082
2023-09-28,3.3602491576129006
2023-09-29,3.4838853296404197
2023-09-30,3.3478032819109353
2023-10-01,3.408469715592969
2023-10-02,3.392214507791506
2023-10-03,3.561003437016384
2023-10-04,3.199385298970787
2023-10-05,3.4314691274001845
2023-10-06,3.6219933719095416
2023-10-07,3.5715720997285105
2023-10-08,3.4681677137279343
2023-10-09,3.4764411302532117
2023-10-10,3.586963973654761
2023-10-11,3.541435136853912
2023-10-12,3.4694091655658847
2023-10-13,3.277557392450037
2023-10-14,3.485249820291821
2023-10-15,3.35483112273939
2023-10-16,3.2804303679393745
2023-10-17,3.270432185224513
2023-10-18,3.437073790225277
2023-10-19,3.5232632463500657
2023-10-20,3.508828242095204
2023-10-21,3.501907570201606
2023-10-22,3.4134596575372926
2023-10-23,3.3231642980869447
2023-10-24,3.518531060287109
2023-10-25,3.5826882050480386
2023-10-26,3.5872501757814073
2023-10-27,3.492446650238744
2023-10-28,3.425100350267188
2023-10-29,3.5644997070331463
2023-10-30,3.4835057105679397
2023-10-31,3.5253157698138855
2023-11-01,3.492457841783893
2023-11-02,3.6018909813799764
2023-11-03,3.642930752555583
2023-11-04,3.3585171089418084
2023-11-05,3.3626722120738735
2023-11-06,3.463401062996144
2023-11-07,3.4563709005467254
2023-11-08,3.4687661438594772
2023-11-09,3.571281059133547
2023-11-10,3.334471027225041
2023-11-11,3.34707811374576
2023-11-12,3.3569350561036178
2023-11-13,3.558751399442597
2023-11-14,3.375541357154188
2023-11-15,3.5315914465011833
2023-11-16,3.539075034677161
2023-11-17,3.403362207239272
2023-11-18,3.2181469509952696
2023-11-19,3.3123876358440314
2023-11-20,3.5057566512398197
2023-11-21,3.471908519356545
2023-11-22,3.418951905108808
2023-11-23,3.417617162342142
2023-11-24,3.4196280070832326
2023-11-25,3.4564934883754863
2023-11-26,3.33791205863709
2023-11-27,3.3675914429599194
2023-11-28,3.482021501439578
2023-11-29,3.5296547525277067
2023-11-30,3.4421042935009676
2023-12-01,3.5548648610882387
2023-12-02,3.5519881759847425
2023-12-03,3.4235654535619733
2023-12-04,3.649726183920367
2023-12-05,3.5034364228754096
2023-12-06,3.646682458433039
2023-12-07,3.6618564667331888
2023-12-08,3.5962694922374983
2023-12-09,3.556293310369314
2023-12-10,3.371823997405331
2023-12-11,3.3731347767246818
2023-12-12,3.397870314183423
2023-12-13,3.4120274302206224
2023-12-14,3.265685066974256
2023-12-15,3.2993123378655307
2023-12-16,3.3213244293149224
2023-12-17,3.233803431323408
2023-12-18,3.3918855661926344
2023-12-19,3.2978520607577613
2023-12-20,3.408445658279729
2023-12-21,3.3180577455094498
2023-12-22,3.4718734365821944
2023-12-23,3.5328917658751804
2023-12-24,3.5910967966760627
2023-12-25,3.4554061489469534
2023-12-26,3.5496702223482366
2023-12-27,3.409532305718583
2023-12-28,3.5954813472522846
2023-12-29,3.69789304446003
2023-12-30,3.683472454910874
2023-12-31,3.3286600224231715
2024-01-01,3.1523948224817757
2024-01-02,3.192450026440303
2024-01-03,3.5077919118801146
2024-01-04,3.4726705536104836
2024-01-05,3.4140693708973227
2024-01-06,3.3970262102147872
2024-01-07,3.3802234962832167
2024-01-08,3.4277135171676343
2024-01-09,3.501334256076519
2024-01-10,3.6388718612267636
2024-01-11,3.559980749485865
2024-01-12,3.430893749086506
2024-01-13,3.446749159182298
2024-01-14,3.4918114436279706
2024-01-15,3.511850797316272
2024-01-16,3.503362019000299
2024-01-17,3.289002275689847
2024-01-18,3.516945538379235
2024-01-19,3.3513907979349744
2024-01-20,3.1380204804594642
2024-01-21,3.543780697853986
2024-01-22,3.5316813625007115
2024-01-23,3.6134002570997588
2024-01-24,3.712058739776401
2024-01-25,3.410125463238959
2024-01-26,3.4389982065365317
2024-01-27,3.6485906763700013
2024-01-28,3.560446046853469
2024-01-29,3.606534941964686
2024-01-30,3.5854169109391982
2024-01-31,3.523214239152449
2024-02-01,3.4995591309827176
2024-02-02,3.504571750920565
2024-02-03,3.573839090105929
2024-02-04,3.3714888114911985
2024-02-05,3.380514097457218
2024-02-06,3.456015685188097
2024-02-07,3.476566593514682
2024-02-08,3.5381594180495095
2024-02-09,3.6986846746843347
2024-02-10,3.4002137430202506
2024-02-11,3.530515429176787
2024-02-12,3.6272818223997554
2024-02-13,3.6009646368430728
2024-02-14,3.512506396963282
2024-02-15,3.6776229095396293
2024-02-16,3.629249349135187
2024-02-17,3.4436959418680537
2024-02-18,3.4254013433510813
2024-02-19,3.486394924393129
2024-02-20,3.38707196048792
2024-02-21,3.3346697169334973
2024-02-22,3.477712581460315
2024-02-23,3.460415561560815
2024-02-24,3.4985877120869926
2024-02-25,3.5290961643991623
2024-02-26,3.495629551641587
2024-02-27,3.5487740394665854
2024-02-28,3.6043887260800833
2024-02-29,3.515743821053905
2024-03-01,3.4025995416282218
2024-03-02,3.5931415683829835
2024-03-03,3.4175965371128894
2024-03-04,3.465259794740431
2024-03-05,3.5440993286894513
2024-03-06,3.5571381054455666
2024-03-07,3.5405555828130475
2024-03-08,3.5656196416565584
2024-03-09,3.5977898950467995
2024-03-10,3.1832141760201527
2024-03-11,3.3003259383936836
2024-03-12,3.4601538424047877
2024-03-13,3.5518531193834657
2024-03-14,3.6092913386733465
2024-03-15,3.5680232243712386
2024-03-16,3.5007023848790397
2024-03-17,3.522716689519676
2024-03-18,3.4773833326331305
2024-03-19,3.5659377966076273
2024-03-20,3.5793749297519697
2024-03-21,3.482481950868993
2024-03-22,3.523224363207846
2024-03-23,3.6739211540069725
2024-03-24,3.550596133493739
2024-03-25,3.5882960200607847
2024-03-26,3.5471707453843844
2024-03-27,3.6087083957093524
2024-03-28,3.561036916864945
2024-03-29,3.423854932051074
2024-03-30,3.6174667602072996
2024-03-31,3.4124023005686874
2024-04-01,3.469252533601827
2024-04-02,3.5682184522593534
2024-04-03,3.515768158787574
2024-04-04,3.573640292202922
2024-04-05,3.499004615197066
2024-04-06,3.5128002693931393
2024-04-07,3.5878344066984362
2024-04-08,3.4560016763769457
2024-04-09,3.4719366557980447
2024-04-10,3.4670962059937445
2024-04-11,3.5220065706375157
2024-04-12,3.538458361134169
2024-04-13,3.4591975466076925
2024-04-14,3.4179559102063926
2024-04-15,3.493000389746382
2024-04-16,3.610625287452865
2024-04-17,3.5757215130633497
2024-04-18,3.4490613589703303
2024-04-19,3.4358267166152823
2024-04-20,3.2742081706903043
2024-04-21,3.4440374304709476
2024-04-22,3.400723853165201
2024-04-23,3.4343208171182082
2024-04-24,3.443430825817075
2024-04-25,3.3924662394742056
2024-04-26,3.5668089343784133
2024-04-27,3.3504265992035833
2024-04-28,3.2122802173801923
2024-04-29,3.512818992556778
2024-04-30,3.6087161514178243
2024-05-01,3.471040271237798
2024-05-02,3.5063187093418704
2024-05-03,3.556954086716128
2024-05-04,3.4146653835159007
2024-05-05,3.5162230801315535
2024-05-06,3.57390696076437
2024-05-07,3.4865975965851788
2024-05-08,3.4811347740932757
2024-05-09,3.362444893299969
2024-05-10,3.5538816443697154
2024-05-11,3.4599092338944324
2024-05-12,3.4782400112130514
2024-05-13,3.316630779522497
2024-05-14,3.57517832679105
2024-05-15,3.4987477903647806
2024-05-16,3.554392385892054
2024-05-17,3.6164051631965717
2024-05-18,3.5367892455681584
2024-05-19,3.507746755871279
2024-05-20,3.3521485959019404
2024-05-21,3.4025032734836644
2024-05-22,3.3313727116077825
2024-05-23,3.4030183414722246
2024-05-24,3.382239698524916
2024-05-25,3.374456811727378
2024-05-26,3.1241791813523334
2024-05-27,3.347969815956722
2024-05-28,3.5226780686473473
2024-05-29,3.557210041279062
2024-05-30,3.4307875776430476
2024-05-31,3.422930755064917
2024-06-01,3.494793746154056
2024-06-02,3.2270976219724807
2024-06-03,3.4649066404631803
2024-06-04,3.4650479533404726
2024-06-05,3.3319416525223606
2024-06-06,3.4351285496999124
2024-06-07,3.395196860748908
2024-06-08,3.205706675766422
2024-06-09,3.3092966557192676
2024-06-10,3.4202822312651118
2024-06-11,3.4660139478002647
2024-06-12,3.5415616373168253
2024-06-13,3.527808086773461
2024-06-14,3.4619389460539884
2024-06-15,3.470329400992245
2024-06-16,3.4438319221709626
2024-06-17,3.57915984217094
2024-06-18,3.567494611617616
2024-06-19,3.453770915757186
2024-06-20,3.358015112971956
2024-06-21,3.607296527463224
2024-06-22,3.556911090716976
2024-06-23,3.5345975077388654
2024-06-24,3.5336178069305006
2024-06-25,3.490426410563345
2024-06-26,3.4896425056392903
2024-06-27,3.576301206199466
2024-06-28,3.417219420010636
2024-06-29,3.5387434510847826
2024-06-30,3.377322075270307
2024-07-01,3.467686295152077
2024-07-02,3.3880076535623056
2024-07-03,3.2712148021348306
2024-07-04,3.432674712963386
2024-07-05,3.471668851237553
2024-07-06,3.3932302080340047
2024-07-07,3.4036178939266963
2024-07-08,3.5028050217820477
2024-07-09,3.4580671478652794
2024-07-10,3.330327955857181
2024-07-11,3.4456805288745884
2024-07-12,3.4424909508538684
2024-07-13,3.4302171392767433
2024-07-14,3.4183162772487643
2024-07-15,3.3934575973207353
2024-07-16,3.445000275895861
2024-07-17,3.4099744829337064
2024-07-18,3.5792195751256384
2024-07-19,3.4942946313099026
2024-07-20,3.3803975991413386
2024-07-21,3.5212322146345842
2024-07-22,3.549850800823161
2024-07-23,3.5115929191112194
2024-07-24,3.5238440484612763
2024-07-25,3.5523698981757685
2024-07-26,3.5796721990457336
2024-07-27,3.5393507237011415
2024-07-28,3.455301582595047
2024-07-29,3.6259884761052303
2024-07-30,3.8403615832514655
2024-07-31,3.8425706190116693
2024-08-01,3.7618882077056552
2024-08-02,3.7331803254695837
2024-08-03,3.6181037347877525
2024-08-04,3.64963322351606
2024-08-05,3.6549547716844266
2024-08-06,3.7179117349172492
2024-08-07,3.644578814026157
2024-08-08,3.6187350180257116
2024-08-09,3.6603262514764627
2024-08-10,3.6392673153933908
2024-08-11,3.6125610665151866
2024-08-12,3.639611555590071
2024-08-13,3.666866279671108
2024-08-14,3.6761608718575176
2024-08-15,3.612227195875664
2024-08-16,3.613761100718116
2024-08-17,3.59575741282671
2024-08-18,3.5104924050073474
2024-08-19,3.576989855542442
2024-08-20,3.655766625776962
2024-08-21,3.568655901164253
2024-08-22,3.6232909047048962
2024-08-23,3.587890612707595
2024-08-24,3.631621960545886
2024-08-25,3.5679734883921634
2024-08-26,3.6571798743494317
2024-08-27,3.64193045628077
2024-08-28,3.6223099231628995
2024-08-29,3.5646178681734346
2024-08-30,3.5754714808168973
2024-08-31,3.5857965681763897
2024-09-01,3.6299498147995406
2024-09-02,3.5696882666209686
2024-09-03,3.7006571979972622
2024-09-04,3.699256023432609
2024-09-05,3.5856567282798437
2024-09-06,3.653278445429041
2024-09-07,3.6221577757853396
2024-09-08,3.5418528508414355
2024-09-09,3.483027929023132
2024-09-10,3.5076946568366973
2024-09-11,3.6330092134449417
2024-09-12,3.6799674879068562
2024-09-13,3.520607469721273
2024-09-14,3.5960001249190867
2024-09-15,3.5768265972546693
2024-09-16,3.413292923650049
2024-09-17,3.5239406292881608
2024-09-18,3.6794870688994816
2024-09-19,3.6258291555421076
2024-09-20,3.4952051052972175
2024-09-21,3.5702585519365884
2024-09-22,3.435130824189457
2024-09-23,3.5019660340463146
2024-09-24,3.5263768905704302
2024-09-25,3.5208924486062334
2024-09-26,3.5509677441523797
2024-09-27,3.637077772924677
2024-09-28,3.6074671692087645
2024-09-29,3.6622158085798198
2024-09-30,3.5551620885076027
2024-10-01,3.6159828492877297
2024-10-02,3.592359414858076
2024-10-03,3.5542360158826525
2024-10-04,3.4931927365830364
2024-10-05,3.6117481635506747
2024-10-06,3.262962084867267
2024-10-07,3.4364339933746004
2024-10-08,3.3906517050438865
2024-10-09,3.480339735727051
2024-10-10,3.5114194682920568
2024-10-11,3.5340184676974813
2024-10-12,3.4673328560389156
2024-10-13,3.45261519105054
2024-10-14,3.542729978814848
2024-10-15,3.581504107908192
2024-10-16,3.6332651082887137
2024-10-17,3.515861243567819
2024-10-18,3.6142760873099116
2024-10-19,3.496370276951463
2024-10-20,3.579920518843246
2024-10-21,3.592792955055939
2024-10-22,3.616590601233703
2024-10-23,3.454086446588808
2024-10-24,3.5298509656127006
2024-10-25,3.466433534553333
2024-10-26,3.523779075826051
2024-10-27,3.459459218958567
2024-10-28,3.483725901616581
2024-10-29,3.4911516377113836
2024-10-30,3.518728585070361
2024-10-31,3.64229639276819
2024-11-01,3.61543703358538
2024-11-02,3.697667753331211
2024-11-03,3.6884454439103336
2024-11-04,3.6869207624617273
2024-11-05,3.6262535612919047
2024-11-06,3.5621955532135514
2024-11-07,3.4544921149705092
2024-11-08,3.422846804275431
2024-11-09,3.462116968950574
2024-11-10,3.6709461061867334
2024-11-11,3.627805763636485
2024-11-12,3.5513010266857203
2024-11-13,3.6201302361253678
2024-11-14,3.5583535414227696
2024-11-15,3.5589175968736133
2024-11-16,3.6163733882592153
2024-11-17,3.6406848486733177
2024-11-18,3.6820154614987226
2024-11-19,3.498154435670432
2024-11-20,3.521513943826351
2024-11-21,3.5400495415802737
2024-11-22,3.5378041854813604
2024-11-23,3.688632795551289
2024-11-24,3.5791375470375453
2024-11-25,3.5480590557265375
2024-11-26,3.4634645495260292
2024-11-27,3.603208485484799
2024-11-28,3.622698127551595
2024-11-29,3.6250002402659236
2024-11-30,3.527293314213489
2024-12-01,3.5996432602684503
2024-12-02,3.491022664030838
2024-12-03,3.561718810828581
2024-12-04,3.5877052365519195
2024-12-05,3.342531908643183
2024-12-06,3.407293383368537
2024-12-07,3.21107577227531
2024-12-08,3.288434881963582
2024-12-09,3.3887879109990164
2024-12-10,3.4612034399304346
2024-12-11,3.5624482606740377
2024-12-12,3.648672022013141
2024-12-13,3.659903919158026
2024-12-14,3.5584215691702545
2024-12-15,3.648579039737837
2024-12-16,3.472203047027768
2024-12-17,3.700429399583034
2024-12-18,3.5565148453097892
2024-12-19,3.5546006037890514
2024-12-20,3.52854305595703
2024-12-21,3.4834419619288224
2024-12-22,3.3624659474065277
2024-12-23,3.28428159908478
2024-12-24,3.48251980762055
2024-12-25,3.5134799841552846
2024-12-26,3.2294393869505824
2024-12-27,3.4921167544196052
2024-12-28,3.6171376232141395
2024-12-29,3.6795545372295644
2024-12-30,3.63731091750633
2024-12-31,3.6757449595821456
2025-01-01,3.441369640837397
2025-01-02,3.4839205277793894
2025-01-03,3.5314373700394994
2025-01-04,3.3171370610824775
2025-01-05,3.3825953818486534
2025-01-06,3.4367269708778703
2025-01-07,3.5658227219984657
2025-01-08,3.6085122169361465
2025-01-09,3.650520144126138
2025-01-10,3.724069506267371
2025-01-11,3.574103345883584
2025-01-12,3.6740464385042153
2025-01-13,3.6835330185700443
2025-01-14,3.60982637230988
2025-01-15,3.6132176812737686
2025-01-16,3.6170123284445177
2025-01-17,3.536973333847621
2025-01-18,3.4915591831509305
2025-01-19,3.642663713642316
2025-01-20,3.5566306174993945
2025-01-21,3.627016362346367
2025-01-22,3.6609295294437607
2025-01-23,3.545233832016476
2025-01-24,3.584287069850483
2025-01-25,3.466109910964721
2025-01-26,3.526249472493835
2025-01-27,3.604388790560182
2025-01-28,3.454197952396387
2025-01-29,3.547026874844461
2025-01-30,3.4895399376753953
2025-01-31,3.492059120867797
2025-02-01,3.4410664246791085
2025-02-02,3.4960551035468788
2025-02-03,3.357264425288312
2025-02-04,3.5422939028314278
2025-02-05,3.536376760257757
2025-02-06,3.531255994789666
2025-02-07,3.461865933157782
2025-02-08,3.5597355332965086
2025-02-09,3.5910365825115624
2025-02-10,3.549063973022656
2025-02-11,3.4688437204194043
2025-02-12,3.5281016210543004
2025-02-13,3.507541596213983
2025-02-14,3.546376771716223
2025-02-15,3.499144253575724
2025-02-16,3.4830930438743395
2025-02-17,3.459999654872033
2025-02-18,3.5351450515615133
2025-02-19,3.569402287243826
2025-02-20,3.5354011174032456
2025-02-21,3.540339378410747
2025-02-22,3.4894651677778326
2025-02-23,3.487002099527417
2025-02-24,3.4554391086423046
2025-02-25,3.355532137502781
2025-02-26,3.4397378919346124
2025-02-27,3.6288219290860977
2025-02-28,3.5859595939480498
2025-03-01,3.5327490970079913
2025-03-02,3.6466722072625437
2025-03-03,3.604103275084533
2025-03-04,3.709574935797041
2025-03-05,3.760805483488676
2025-03-06,3.5993016373808544
2025-03-07,3.565250820798784
2025-03-08,3.567134796758891
2025-03-09,3.200495250894584
2025-03-10,3.618366168872848
2025-03-11,3.5632015863327764
2025-03-12,3.5102895137457715
2025-03-13,3.4982729381397264
2025-03-14,3.4281802107170427
2025-03-15,3.432039519030694
2025-03-16,3.67943648425603
2025-03-17,3.730808254920504
2025-03-18,3.688438333621931
2025-03-19,3.686328494487015
2025-03-20,3.644496540159654
2025-03-21,3.6025900416196257
2025-03-22,3.697276865097125
2025-03-23,3.7430164500219574
2025-03-24,3.680992772774612
2025-03-25,3.7090942260108926
2025-03-26,3.658621502801213
2025-03-27,3.673981617349803
2025-03-28,3.6790117461384213
2025-03-29,3.628788350976951
2025-03-30,3.5539288634389123
2025-03-31,3.56992341779923
2025-04-01,3.6220964866112304
2025-04-02,3.672364761290375
2025-04-03,3.618473724682905
2025-04-04,3.600363804664083
2025-04-05,3.621170779130255
2025-04-06,3.570471342793658
2025-04-07,3.609262322591565
2025-04-08,3.6771094205641113
2025-04-09,3.5502138455625203
2025-04-10,3.5859887815849465
2025-04-11,3.637711114025601
2025-04-12,3.6460552519725864
2025-04-13,3.611895527664971
2025-04-14,3.5229331304686715
2025-04-15,3.594900764098194
2025-04-16,3.665101370769369
2025-04-17,3.595638985298674
2025-04-18,3.534275647541454
2025-04-19,3.6868400246144684
2025-04-20,3.680070037142512
2025-04-21,3.5560404561229735
2025-04-22,3.5663783860993044
2025-04-23,3.563532521700458
2025-04-24,3.5362238502988053
2025-04-25,3.60765252878181
2025-04-26,3.4306209382479267
2025-04-27,3.4701915044354266
2025-04-28,3.5607616595587044
2025-04-29,3.508891021822402
2025-04-30,3.623808230168283
2025-05-01,3.689294218088037
2025-05-02,3.6021170400565143
2025-05-03,3.5073244617644552
2025-05-04,3.608988160212952
2025-05-05,3.6384438127251695
2025-05-06,3.5821681796563727
2025-05-07,3.5128906801496043
2025-05-08,3.467178142668805
2025-05-09,3.3412285117518046
2025-05-10,3.232743436607158
2025-05-11,3.3398299005448324
2025-05-12,3.4988508307714397
2025-05-13,3.4792276114871967
2025-05-14,3.509278574269687
2025-05-15,3.5769929447188145
2025-05-16,3.565221728198406
2025-05-17,3.5600543856497016
2025-05-18,3.6914905764495174
2025-05-19,3.680090921770724
2025-05-20,3.66816889267076
2025-05-21,3.4619364306751303
2025-05-22,3.614003356491123
2025-05-23,3.579084262366279
2025-05-24,3.5703418458904164
2025-05-25,3.5605037998518805
2025-05-26,3.5726619386512297
2025-05-27,3.639428879619468
2025-05-28,3.4680156502683346
2025-05-29,3.487048153691477
2025-05-30,3.6593678308607975
2025-05-31,3.6252980579300798
2025-06-01,3.661282838780441
2025-06-02,3.657848544422745
2025-06-03,3.4961654125610178
2025-06-04,3.5389598979625196
2025-06-05,3.5290686720799336
2025-06-06,3.5031650650651716
2025-06-07,3.5096841529706126
2025-06-08,3.498368610909292
2025-06-09,3.54464624574484
2025-06-10,3.501646898951725
2025-06-11,3.466160777058483
2025-06-12,3.53377127043852
2025-06-13,3.540591700577256
2025-06-14,3.198046684895573
2025-06-15,1.0
2025-06-16,0.0
2025-06-17,0.9182958340544896
2025-06-18,1.2516291673878228
2025-06-19,1.3787834934861758
2025-06-20,
2025-06-21,
2025-06-22,0.0
2025-06-23,1.0
2025-06-24,
2025-06-25,1.1488348542809168
2025-06-26,
2025-06-27,0.0
2025-06-28,
2025-06-29,0.0
2025-06-30,0.9182958340544896
2025-07-01,2.2359263506290326
2025-07-02,3.564904554947988
2025-07-03,3.5745231217280673
2025-07-04,3.3592171240452475
2025-07-05,3.3775526376529754
2025-07-06,3.332693266910683
2025-07-07,3.4890528741618643
2025-07-08,3.553961124099782
2025-07-09,3.408551963562736
2025-07-10,3.4386808254275425
2025-07-11,3.503177215056088
2025-07-12,3.59594235832487
2025-07-13,3.6721623071979885
2025-07-14,3.6102244057681308
2025-07-15,3.5300905590335314
2025-07-16,3.570384806155745
2025-07-17,3.443279718388064
2025-07-18,3.5371326765551343
2025-07-19,3.395794105004131
2025-07-20,3.437242588151281
2025-07-21,3.5828380208930155
2025-07-22,3.637349921386786
2025-07-23,3.6164814678160115
2025-07-24,3.576542074444588
2025-07-25,3.524725666046755
2025-07-26,3.6009480625951245
2025-07-27,3.5674982024123647
2025-07-28,3.6674393427469494
2025-07-29,3.686817408878418
2025-07-30,3.723007057003906
2025-07-31,3.44028026330461
2025-08-01,3.620693198517985
2025-08-02,3.6093029475823206
2025-08-03,3.5361541747397354
2025-08-04,3.585756802616731
2025-08-05,3.746988327045649
2025-08-06,3.4505930992044136
2025-08-07,3.600678678196919
2025-08-08,3.6578241479376397
2025-08-09,3.6077921150163688
2025-08-10,3.6666510130674306
2025-08-11,3.55663246162459
2025-08-12,3.693045635214337
2025-08-13,3.7759849222871753
2025-08-14,3.6035919226837647
2025-08-15,3.7042497020576044
2025-08-16,3.5014662758406754
2025-08-17,3.643959467865121
2025-08-18,3.587857931233043
2025-08-19,3.717540800283992
2025-08-20,3.7584631046910832
2025-08-21,3.7344467140950144
2025-08-22,3.653812405200771
2025-08-23,3.626697455305371
2025-08-24,3.502174711262941
2025-08-25,3.6310861236050256
2025-08-26,3.680465788671433
2025-08-27,3.6312869095795595
2025-08-28,3.6248825423900803
2025-08-29,3.7181934396513263
2025-08-30,3.6508865794581116
2025-08-31,3.6887697252889877
2025-09-01,3.607169845849751
2025-09-02,3.7602680970217732
2025-09-03,3.6408835782117155
2025-09-04,3.5945735254628333
2025-09-05,3.654995433147795
2025-09-06,3.6513328817602955
2025-09-07,3.6491677397378415
2025-09-08,3.6981303555253473
2025-09-09,3.594936254309283
2025-09-10,3.6464187656627574
2025-09-11,3.7130056066742623
2025-09-12,3.7226288128466254
2025-09-13,3.500505431841855
2025-09-14,3.5623441622141447
2025-09-15,3.569744507255402
2025-09-16,3.6510138135306294
2025-09-17,3.5583499350361603
2025-09-18,3.5228732611761657
2025-09-19,3.704248907791013
2025-09-20,3.8041495959783984
2025-09-21,3.7104485881823197
2025-09-22,3.5964205330658547
2025-09-23,3.6649168486730814
2025-09-24,3.7044755018177895
2025-09-25,3.58053125675685
2025-09-26,3.5816617035489067
2025-09-27,3.7369437162161834
2025-09-28,3.731053387126171
2025-09-29,3.740408130749443
2025-09-30,3.6846260869994074
2025-10-01,3.5488340767253255
2025-10-02,3.6468593372097016
2025-10-03,3.70603749988669
2025-10-04,3.677545678670714
2025-10-05,3.633899059926755
2025-10-06,3.674864106123903
2025-10-07,3.721329395139583
2025-10-08,3.6711750598989528
2025-10-09,3.6900337805551717
2025-10-10,3.6896679115333146
2025-10-11,3.6205567495236117
2025-10-12,3.6268809499399848
2025-10-13,3.6887082538080307
2025-10-14,3.8203740631808345
2025-10-15,3.7637867255582993
2025-10-16,3.727657458021894
2025-10-17,3.7609827149453348
2025-10-18,3.70608108532805
2025-10-19,3.7017792450050426
2025-10-20,3.6649110882465874
2025-10-21,3.6617315215606
2025-10-22,3.7010840454122573
2025-10-23,3.680292507646331
2025-10-24,3.7371614147916334
2025-10-25,3.746720767775492
2025-10-26,3.5962160419176863
2025-10-27,3.638878993390633
2025-10-28,3.6967298272222253
2025-10-29,3.661496763653349
2025-10-30,3.6870179702965067
2025-10-31,3.7314695892316734
2025-11-01,3.655301528694307
2025-11-02,3.6660115021546416
2025-11-03,3.689188565655834
2025-11-04,3.6790871613476512
2025-11-05,3.7125013977263843
2025-11-06,3.6740475357084104
2025-11-07,3.669344316718897
2025-11-08,3.554855435211678
2025-11-09,3.6401129923552356
2025-11-10,3.7180734204018004
2025-11-11,3.8092502048421153
2025-11-12,3.830618886740156
2025-11-13,3.7546118514239164
2025-11-14,3.6309553157220886
2025-11-15,3.608623923046041
2025-11-16,3.737537123069522
2025-11-17,3.7137877136706026
2025-11-18,3.703850690133101
2025-11-19,3.6825673272914705
2025-11-20,3.704863175507086
2025-11-21,3.517136590158975
2025-11-22,3.618674856244291
2025-11-23,3.7704751168862414
2025-11-24,3.745061776511033
2025-11-25,3.77440225243762
2025-11-26,3.727938945789243
2025-11-27,3.6378747386321906
2025-11-28,3.7637667402307216
2025-11-29,3.755959172537649
2025-11-30,3.7721815186868533
2025-12-01,3.722271158043192
2025-12-02,3.7600307271754985
2025-12-03,3.7485102506814907
2025-12-04,3.616480345278518
2025-12-05,3.6269353023274604
2025-12-06,3.6823245949432506
2025-12-07,3.603550127871933
2025-12-08,3.6707840859655425
2025-12-09,3.628141930019964
2025-12-10,3.642547048607904
2025-12-11,3.651106080468843
2025-12-12,3.7671142716491386
2025-12-13,3.71182535218359
2025-12-14,3.676246933937891
2025-12-15,3.7078385218838465
2025-12-16,3.743178938127986
2025-12-17,3.750012276306796
2025-12-18,3.7596400555501
2025-12-19,3.723431669128743
2025-12-20,3.728840734190457
2025-12-21,3.652270091334476
2025-12-22,3.650325392138045
2025-12-23,3.7208028439568572
2025-12-24,3.761698812538184
2025-12-25,3.7803393099547677
2025-12-26,3.646659077460745
2025-12-27,3.8035545229819228
2025-12-28,3.687852689485962
2025-12-29,3.7406552376085522
2025-12-30,3.7000864605313604
2025-12-31,3.8083742284471116
