date,value
2015-02-18,-2.4512264196960984
2015-02-19,-2.370295569247807
2015-02-20,-3.4169127998649014
2015-02-21,-3.247927835490267
2015-02-22,-2.670378131597214
2015-02-23,-2.363774285217137
2015-02-24,-2.6037829103074457
2015-02-25,-3.6867097076125175
2015-02-26,-3.173200100648995
2015-02-27,-2.0906863526520207
2015-02-28,-1.7850353161039234
2015-03-01,-2.8924874467886217
2015-03-02,-2.7085920825634804
2015-03-03,-2.3647164832983663
2015-03-04,-1.885358913462682
2015-03-05,-1.4307836581624798
2015-03-06,-1.2558027923902009
2015-03-07,-1.8986481194345577
2015-03-08,-1.5006784385457785
2015-03-09,-2.8508414800191813
2015-03-10,-2.7814838113654012
2015-03-11,-2.2709522000044955
2015-03-12,-2.4154826519561583
2015-03-13,-2.718295654290755
2015-03-14,-2.3139555633642988
2015-03-15,-2.1601612823546463
2015-03-16,-1.903917604076313
2015-03-17,-1.9468070481150772
2015-03-18,-2.113378210481486
2015-03-19,-1.8268681100641284
2015-03-20,-1.8369526908231006
2015-03-21,-1.5384927186698467
2015-03-22,-1.571502927078133
2015-03-23,-1.8529278670434743
2015-03-24,-1.7946859795700854
2015-03-25,-2.2664142261188593
2015-03-26,-1.9987522890831189
2015-03-27,-1.479326177167014
2015-03-28,-1.6089205353522322
2015-03-29,-1.6442979489442717
2015-03-30,-1.9423992294282835
2015-03-31,-1.242456183440517
2015-04-01,-0.8973093333311835
2015-04-02,-1.0422888322813741
2015-04-03,-1.2199865555880223
2015-04-04,-1.0939248892301252
2015-04-05,-1.436288877347986
2015-04-06,-1.6436911633777482
2015-04-07,-1.7498646196640337
2015-04-08,-1.83622020153596
2015-04-09,-1.6460278905980528
2015-04-10,-1.556578115526571
2015-04-11,-1.6868901536486633
2015-04-12,-1.3813021358807043
2015-04-13,-1.5840753823262608
2015-04-14,-1.124390660478305
2015-04-15,-2.1565255964169627
2015-04-16,-2.1042502352193377
2015-04-17,-1.2911884082088052
2015-04-18,-1.2237154206195735
2015-04-19,-0.7486684419190813
2015-04-20,-1.0787802501505666
2015-04-21,-1.1382375145923382
2015-04-22,-1.4141162935720242
2015-04-23,-1.7202006632874114
2015-04-24,-1.3872147016469012
2015-04-25,-2.286865644222522
2015-04-26,-1.3649225577777686
2015-04-27,-1.8193881874706441
2015-04-28,-1.872472933110185
2015-04-29,-1.5985803766585567
2015-04-30,-1.712170679275753
2015-05-01,-1.3106489053331107
2015-05-02,-0.9905965509484332
2015-05-03,-1.2628859525268301
2015-05-04,-1.0793858529807991
2015-05-05,-1.050823908979633
2015-05-06,-1.7508439697561722
2015-05-07,-1.8069617330053491
2015-05-08,-1.783169658974948
2015-05-09,-2.0986693506532546
2015-05-10,-1.2112688503003288
2015-05-11,-1.7542836485913436
2015-05-12,-1.6353770047212661
2015-05-13,-1.6199119616541655
2015-05-14,-1.9835030131215514
2015-05-15,-1.9709353847910802
2015-05-16,-2.2828120831932273
2015-05-17,-1.9216653282803942
2015-05-18,-1.6166984233541686
2015-05-19,-1.6088852748265758
2015-05-20,-1.7808598501236372
2015-05-21,-1.1205713828795114
2015-05-22,-0.7343044457050598
2015-05-23,-1.9974002728444986
2015-05-24,-3.0895662120412943
2015-05-25,-2.350013609608039
2015-05-26,-1.8047577143913016
2015-05-27,-2.075505433754877
2015-05-28,-1.2973268436985743
2015-05-29,-2.4328696924434876
2015-05-30,-3.003708877041169
2015-05-31,-2.7102401705826846
2015-06-01,-1.7051539681052599
2015-06-02,-2.1748163783509065
2015-06-03,-2.7074284763600174
2015-06-04,-2.626482773164245
2015-06-05,-2.4679424173446773
2015-06-06,-2.2170123307883833
2015-06-07,-2.484185792720161
2015-06-08,-2.538749065722559
2015-06-09,-2.5920420686051755
2015-06-10,-2.1316581505513166
2015-06-11,-2.6180740759985794
2015-06-12,-2.6314311470249936
2015-06-13,-2.244796903492073
2015-06-14,-1.8904176079337458
2015-06-15,-1.7684152135259843
2015-06-16,-1.8552388586113335
2015-06-17,-2.0356444910919795
2015-06-18,-1.9525591724222455
2015-06-19,-2.648811621521066
2015-06-20,-2.558258866967115
2015-06-21,-2.3174093912403726
2015-06-22,-2.0595353667533955
2015-06-23,-2.045214393499597
2015-06-24,-2.0336467264662743
2015-06-25,-1.7656599414348446
2015-06-26,-1.473662922290096
2015-06-27,-1.4016239216259374
2015-06-28,-0.9203068529865116
2015-06-29,-0.7987079712660669
2015-06-30,-1.751569485546303
2015-07-01,-1.4402759452464586
2015-07-02,-1.8470556959074478
2015-07-03,-1.7466497357945667
2015-07-04,-1.3210140327523732
2015-07-05,-0.6637252101380675
2015-07-06,-0.942053858679622
2015-07-07,-1.3798422062372604
2015-07-08,-1.7634033615529652
2015-07-09,-1.3413781482667098
2015-07-10,-1.3692934797261196
2015-07-11,-1.4021657685965794
2015-07-12,-1.5644309662057494
2015-07-13,-1.3967485132837445
2015-07-14,-1.2377062688762441
2015-07-15,-1.4840612755065121
2015-07-16,-1.4982484884559082
2015-07-17,-1.1411697934381548
2015-07-18,-1.4370936229701055
2015-07-19,-1.322569985235074
2015-07-20,-1.0655129769010643
2015-07-21,-1.5623368065544085
2015-07-22,-1.6320411658501257
2015-07-23,-1.485930615295457
2015-07-24,-1.5291475799460446
2015-07-25,-1.5448933943874292
2015-07-26,-1.9093776941873495
2015-07-27,-1.454679532698558
2015-07-28,-1.3726804953808531
2015-07-29,-1.6567727178198843
2015-07-30,-1.8263809630214067
2015-07-31,-2.0671529840460514
2015-08-01,-2.161314375468855
2015-08-02,-1.83656843884192
2015-08-03,-1.2554121131160578
2015-08-04,-1.6843894862871926
2015-08-05,-1.7159391235556358
2015-08-06,-2.0026718265626102
2015-08-07,-1.5931850266987397
2015-08-08,-1.820114957833384
2015-08-09,-1.382242812876795
2015-08-10,-1.0820413092885564
2015-08-11,-1.9579479527880004
2015-08-12,-1.9392610201597773
2015-08-13,-1.6735503320178982
2015-08-14,-1.830461339337679
2015-08-15,-1.597927637051416
2015-08-16,-1.8029874582156082
2015-08-17,-1.4518931031820257
2015-08-18,-1.713655293130207
2015-08-19,-2.195550317754182
2015-08-20,-2.2708536488465687
2015-08-21,-2.0754203680938543
2015-08-22,-2.3207133574113006
2015-08-23,-2.4384343181300068
2015-08-24,-2.6688127241693285
2015-08-25,-2.722238930650057
2015-08-26,-2.5906996071546544
2015-08-27,-2.7240754891826007
2015-08-28,-2.2880989450396814
2015-08-29,-2.237991851558482
2015-08-30,-2.2430763575456094
2015-08-31,-2.506382637262539
2015-09-01,-2.5664631002897864
2015-09-02,-2.389246441660209
2015-09-03,-2.3158784888106205
2015-09-04,-2.214613805751809
2015-09-05,-1.7497098753380556
2015-09-06,-1.5571069924167003
2015-09-07,-1.764833048102004
2015-09-08,-1.8858543920211066
2015-09-09,-1.9009415136361394
2015-09-10,-2.175674578254291
2015-09-11,-3.882831259982782
2015-09-12,-2.8000285152367224
2015-09-13,-1.9341742903337202
2015-09-14,-2.734381838044647
2015-09-15,-2.2301501786182465
2015-09-16,-1.8880479914225468
2015-09-17,-1.6230712845785424
2015-09-18,-1.8456572713526789
2015-09-19,-2.034304622738205
2015-09-20,-1.5544970275948296
2015-09-21,-1.649826045658651
2015-09-22,-0.9493111161442042
2015-09-23,-1.0906365182449964
2015-09-24,-0.7649506059760002
2015-09-25,-0.6795082587457766
2015-09-26,-1.0013662987677885
2015-09-27,-1.040569025984569
2015-09-28,-1.0869792761708157
2015-09-29,-1.618493794945287
2015-09-30,-1.5273522944239188
2015-10-01,-1.3173128112335406
2015-10-02,-1.0901058050152388
2015-10-03,-1.0928782801037493
2015-10-04,-1.437436615953568
2015-10-05,-1.128177055646613
2015-10-06,-1.2921838774600207
2015-10-07,-1.6662512941175744
2015-10-08,-1.434531412348125
2015-10-09,-1.86866114215789
2015-10-10,-1.5918758482970596
2015-10-11,-1.940110712265571
2015-10-12,-1.5415132461355843
2015-10-13,-1.4733690557772496
2015-10-14,-1.3543068824318985
2015-10-15,-1.4003435550163148
2015-10-16,-2.4268358770835947
2015-10-17,-1.8910032494850715
2015-10-18,-1.552129738209901
2015-10-19,-1.505600403281531
2015-10-20,-1.8982065226368436
2015-10-21,-1.129872771706957
2015-10-22,-1.8929086092139065
2015-10-23,-1.47733266356768
2015-10-24,-2.4514540105773417
2015-10-25,-2.628780207197187
2015-10-26,-2.5050938744366347
2015-10-27,-2.5296878889893963
2015-10-28,-2.524474068362835
2015-10-29,-2.5145257083937658
2015-10-30,-2.1307063404408595
2015-10-31,-1.976537408221936
2015-11-01,-1.7748274087630378
2015-11-02,-1.4776153544938424
2015-11-03,-1.6338058416944061
2015-11-04,-1.6374537052158997
2015-11-05,-1.4252698501391377
2015-11-06,-1.4711641410708125
2015-11-07,-1.353873054568619
2015-11-08,-1.4835387773322053
2015-11-09,-1.7355705668013253
2015-11-10,-1.6222530997795754
2015-11-11,-1.749947837419877
2015-11-12,-2.209672380518773
2015-11-13,-2.2332813378210683
2015-11-14,-2.0445858242463073
2015-11-15,-2.0652667269829466
2015-11-16,-1.7185534744877056
2015-11-17,-2.230629233560664
2015-11-18,-1.5728845591735732
2015-11-19,-1.5874131357410954
2015-11-20,-1.7566162798999805
2015-11-21,-1.6626917806265185
2015-11-22,-1.1079349036734196
2015-11-23,-0.9489298287107869
2015-11-24,-1.7241895826858908
2015-11-25,-1.4218783337732208
2015-11-26,-2.988520985838912
2015-11-27,-3.5340815884987618
2015-11-28,-2.821899180907037
2015-11-29,-2.322636024971476
2015-11-30,-2.297456178941216
2015-12-01,-2.5710977082689905
2015-12-02,-2.0107277218834363
2015-12-03,-1.8415671531902678
2015-12-04,-1.5013050438417361
2015-12-05,-1.3885583887498796
2015-12-06,-1.3095115461131466
2015-12-07,-1.4391719567971686
2015-12-08,-1.3977570426910517
2015-12-09,-1.6882308202397838
2015-12-10,-1.786079028705099
2015-12-11,-1.8108798236880452
2015-12-12,-1.538010629935206
2015-12-13,-1.2147554420664421
2015-12-14,-1.5263418637220019
2015-12-15,-1.6200515581136048
2015-12-16,-2.0432418378671655
2015-12-17,-2.435954212175852
2015-12-18,-2.0057687957056087
2015-12-19,-1.79802328411691
2015-12-20,-1.8120137939019836
2015-12-21,-2.003452597123771
2015-12-22,-2.089817782039896
2015-12-23,-2.110531671366383
2015-12-24,-1.6469413006573395
2015-12-25,-1.5619234816295393
2015-12-26,-1.8958693983285302
2015-12-27,-1.8736158538603993
2015-12-28,-2.23352415725662
2015-12-29,-2.3485812204266643
2015-12-30,-2.0059917979981856
2015-12-31,-2.183688368974463
2016-01-01,-2.096684487401555
2016-01-02,-2.0103072379009705
2016-01-03,-1.919472013231892
2016-01-04,-1.8740162014661705
2016-01-05,-1.8540883836065851
2016-01-06,-2.037575745807604
2016-01-07,-2.1194508978773174
2016-01-08,-1.80554896663939
2016-01-09,-1.9308642410454053
2016-01-10,-1.74765099613734
2016-01-11,-1.9852042444005153
2016-01-12,-2.289023897955527
2016-01-13,-1.9068604422396538
2016-01-14,-1.573406130918288
2016-01-15,-1.847091172465914
2016-01-16,-1.7346542958520812
2016-01-17,-2.2058796893642567
2016-01-18,-1.5122961778852937
2016-01-19,-1.9363246827717577
2016-01-20,-2.0826898857128184
2016-01-21,-2.1159899083349143
2016-01-22,-1.717030620949977
2016-01-23,-2.126728958127589
2016-01-24,-1.9983144724846347
2016-01-25,-1.6042015250819428
2016-01-26,-2.173554317599903
2016-01-27,-2.5202026917085214
2016-01-28,-2.0302707483129363
2016-01-29,-1.8411576503369775
2016-01-30,-1.7312404877552636
2016-01-31,-1.795763632026132
2016-02-01,-2.0283914159309226
2016-02-02,-1.8680990000847164
2016-02-03,-2.101932031196524
2016-02-04,-2.10986122852713
2016-02-05,-2.3946094546868366
2016-02-06,-2.159677578651683
2016-02-07,-1.9385019297755166
2016-02-08,-1.777249197746324
2016-02-09,-1.9261700101512098
2016-02-10,-1.9073328921028139
2016-02-11,-1.9089702903448644
2016-02-12,-2.219305372074733
2016-02-13,-2.346058798189747
2016-02-14,-2.399142117918469
2016-02-15,-2.299657948767802
2016-02-16,-1.9914697107766668
2016-02-17,-2.026359709880661
2016-02-18,-1.7656422957448001
2016-02-19,-1.5751744045354314
2016-02-20,-1.2108826256315812
2016-02-21,-2.00139938364201
2016-02-22,-2.0225908998557096
2016-02-23,-1.8740824118005488
2016-02-24,-1.8577924766816707
2016-02-25,-1.5036051433686903
2016-02-26,-1.1500734094646665
2016-02-27,-1.619032589311421
2016-02-28,-1.4151444023508228
2016-02-29,-1.3992100957389884
2016-03-01,-1.651839813956042
2016-03-02,-1.687022984565823
2016-03-03,-1.8685201983507325
2016-03-04,-1.9186415409701763
2016-03-05,-1.5931311313220275
2016-03-06,-1.8497179944656128
2016-03-07,-2.105493143088607
2016-03-08,-2.289912328028682
2016-03-09,-2.2168982916916673
2016-03-10,-2.12005846756461
2016-03-11,-2.1583471078470944
2016-03-12,-2.726760904506742
2016-03-13,-1.9183949075365203
2016-03-14,-2.228096124347596
2016-03-15,-2.2824925592301186
2016-03-16,-1.9108208961268829
2016-03-17,-2.1955122454747817
2016-03-18,-1.3232286743826707
2016-03-19,-0.9718249679118519
2016-03-20,-1.3390118084913303
2016-03-21,-1.9816161179609226
2016-03-22,-2.7297940140116315
2016-03-23,-2.2933645094319846
2016-03-24,-2.028763462878351
2016-03-25,-1.8751945002769863
2016-03-26,-1.8378911682980432
2016-03-27,-1.6517624020185586
2016-03-28,-1.8031884424440192
2016-03-29,-2.266723489932918
2016-03-30,-2.426422271357564
2016-03-31,-1.6728212021541564
2016-04-01,-1.8226885472707668
2016-04-02,-2.0706667919513055
2016-04-03,-2.0777456931893696
2016-04-04,-2.201525924854038
2016-04-05,-1.616355546985693
2016-04-06,-2.078092046562408
2016-04-07,-2.0587700922207848
2016-04-08,-2.229359455933721
2016-04-09,-1.7858276969762958
2016-04-10,-1.9428218631620562
2016-04-11,-2.2552497767305097
2016-04-12,-2.3025138585546103
2016-04-13,-1.9968807240636888
2016-04-14,-2.0080188447019856
2016-04-15,-1.9831803591483115
2016-04-16,-1.5795706362261317
2016-04-17,-1.4803655252563717
2016-04-18,-1.5464793228563607
2016-04-19,-1.598700596757006
2016-04-20,-1.6840342492063678
2016-04-21,-1.718454984804353
2016-04-22,-1.8979506395690238
2016-04-23,-1.722424130183823
2016-04-24,-1.8565821298987428
2016-04-25,-1.8582945847911851
2016-04-26,-1.617043250296128
2016-04-27,-2.4296138714382485
2016-04-28,-2.2347578558072847
2016-04-29,-2.376840541103366
2016-04-30,-2.280250519461976
2016-05-01,-1.6934914794306573
2016-05-02,-1.7925687813346718
2016-05-03,-1.8123659673484198
2016-05-04,-1.9736550094265288
2016-05-05,-1.9821110580133403
2016-05-06,-1.687330726983236
2016-05-07,-1.8770509094515806
2016-05-08,-1.628886123899727
2016-05-09,-1.673610727367016
2016-05-10,-1.3706928053347078
2016-05-11,-2.03413308951032
2016-05-12,-2.202005439185935
2016-05-13,-2.134981320842321
2016-05-14,-2.5677817026772933
2016-05-15,-2.8708705386741142
2016-05-16,-2.398472050397829
2016-05-17,-2.406850039151544
2016-05-18,-3.0648770248982906
2016-05-19,-2.8943790843566743
2016-05-20,-2.1823556640193478
2016-05-21,-2.2062568383939616
2016-05-22,-1.6506850581578396
2016-05-23,-1.7901267614632808
2016-05-24,-1.6622780557602397
2016-05-25,-1.9620548828938849
2016-05-26,-2.202029845114246
2016-05-27,-1.9181052577250237
2016-05-28,-2.0136180554526786
2016-05-29,-2.3642545099994856
2016-05-30,-2.593724114334997
2016-05-31,-2.365333847808387
2016-06-01,-2.233460571880056
2016-06-02,-1.9901862149654592
2016-06-03,-2.3838408715959725
2016-06-04,-2.2453508678234786
2016-06-05,-2.4478054662298865
2016-06-06,-2.1872773264974845
2016-06-07,-2.3702017787762073
2016-06-08,-1.9574009296491333
2016-06-09,-2.563006282527311
2016-06-10,-2.812194852756863
2016-06-11,-2.13652786842321
2016-06-12,-2.2830142933552056
2016-06-13,-2.5676855160315335
2016-06-14,-2.1896708787187897
2016-06-15,-2.375487854237596
2016-06-16,-3.0936878503721217
2016-06-17,-2.876255764108731
2016-06-18,-2.524076077202967
2016-06-19,-2.0609260685854656
2016-06-20,-2.423396083651724
2016-06-21,-1.8347727133696317
2016-06-22,-1.7625872171459034
2016-06-23,-1.295288888373689
2016-06-24,-1.3532024751092997
2016-06-25,-1.3883601910778216
2016-06-26,-1.8081482325334128
2016-06-27,-1.478865152183787
2016-06-28,-1.7672314264567472
2016-06-29,-1.8953379338490504
2016-06-30,-2.289035559969013
2016-07-01,-2.0423630387188907
2016-07-02,-1.9945875707621967
2016-07-03,-1.633319539883416
2016-07-04,-2.116853602055871
2016-07-05,-1.2152518545388855
2016-07-06,-2.198479469703734
2016-07-07,-2.2778847164754
2016-07-08,-2.403320633634063
2016-07-09,-2.5656947609661365
2016-07-10,-1.662271745201093
2016-07-11,-1.1428042686605424
2016-07-12,-1.5857436267354326
2016-07-13,-2.102321008262412
2016-07-14,-1.6996157228917552
2016-07-15,-1.992780528047074
2016-07-16,-1.7057658270008431
2016-07-17,-1.863239335485509
2016-07-18,-1.943759452039699
2016-07-19,-1.555059347703269
2016-07-20,-1.68770972232316
2016-07-21,-1.877007648825487
2016-07-22,-1.5288466587396932
2016-07-23,-2.164370856479926
2016-07-24,-1.949421601640491
2016-07-25,-1.6449289425580655
2016-07-26,-1.6383425438638306
2016-07-27,-2.1267262604825334
2016-07-28,-2.075863233464225
2016-07-29,-1.7070038087624666
2016-07-30,-1.8905431401868336
2016-07-31,-1.9510643820125626
2016-08-01,-2.162098527875381
2016-08-02,-2.2884364065395046
2016-08-03,-2.1219182613328185
2016-08-04,-2.3456344847695
2016-08-05,-1.8165822080710332
2016-08-06,-1.767806744484862
2016-08-07,-1.7067254196462158
2016-08-08,-1.751007887978543
2016-08-09,-1.6012613010625418
2016-08-10,-2.1051170336248917
2016-08-11,-1.5972622362676414
2016-08-12,-1.14487737307852
2016-08-13,-1.722624878418916
2016-08-14,-1.7856565236872277
2016-08-15,-1.8724919949546135
2016-08-16,-2.0968017431661123
2016-08-17,-1.6084358034570638
2016-08-18,-1.941354991800571
2016-08-19,-1.7499851765688095
2016-08-20,-1.7763822556066136
2016-08-21,-2.330928723350776
2016-08-22,-2.8289565471553844
2016-08-23,-2.10184310898697
2016-08-24,-1.9540802743692014
2016-08-25,-1.3336890761199065
2016-08-26,-1.3933448478363815
2016-08-27,-2.389323970626709
2016-08-28,-1.681373363799237
2016-08-29,-2.815116274560989
2016-08-30,-2.368643459318149
2016-08-31,-2.4948459146739124
2016-09-01,-2.509959261306882
2016-09-02,-2.745251543226864
2016-09-03,-2.4659587338537907
2016-09-04,-2.7856946989590803
2016-09-05,-2.623452371842244
2016-09-06,-2.6293137501864936
2016-09-07,-2.179307400293991
2016-09-08,-2.3565910095416296
2016-09-09,-2.1850525219647685
2016-09-10,-2.255361564115984
2016-09-11,-2.242824971884529
2016-09-12,-2.0874205216858424
2016-09-13,-2.5689859539217617
2016-09-14,-2.1330745812446525
2016-09-15,-2.416228809384021
2016-09-16,-1.7701974499537556
2016-09-17,-1.1511750059409565
2016-09-18,-1.2895454730385443
2016-09-19,-1.3537120928420145
2016-09-20,-1.7263245239788196
2016-09-21,-1.7632941818072572
2016-09-22,-1.6874393994485024
2016-09-23,-1.7575900559900237
2016-09-24,-2.049111100476182
2016-09-25,-1.8663655053602233
2016-09-26,-1.3483712989102425
2016-09-27,-1.6073497084488129
2016-09-28,-1.3001961671393465
2016-09-29,-1.953320777449491
2016-09-30,-1.8548335725587815
2016-10-01,-2.036430861595718
2016-10-02,-1.7140328317235787
2016-10-03,-1.715643890329431
2016-10-04,-1.7783473028963717
2016-10-05,-1.5165189602224611
2016-10-06,-1.5961555770793983
2016-10-07,-1.1975541113198165
2016-10-08,-0.9491109105848418
2016-10-09,-1.313497324508019
2016-10-10,-0.9782743251394188
2016-10-11,-1.2311034191517713
2016-10-12,-1.510367979630927
2016-10-13,-1.759932255151362
2016-10-14,-1.558190332006691
2016-10-15,-1.4973224290867841
2016-10-16,-1.4824516426443832
2016-10-17,-2.5885360632874526
2016-10-18,-2.4450308023431058
2016-10-19,-1.8410697492174855
2016-10-20,-2.019553964607929
2016-10-21,-2.3410723695758677
2016-10-22,-2.0843155846894033
2016-10-23,-2.034503440699934
2016-10-24,-2.327633559312356
2016-10-25,-2.0432230198940284
2016-10-26,-2.8532944228394967
2016-10-27,-3.4963509337454712
2016-10-28,-2.6941106320143664
2016-10-29,-2.635728050336033
2016-10-30,-2.424569017410235
2016-10-31,-2.3468646070236914
2016-11-01,-2.3368169105849437
2016-11-02,-2.648108156399671
2016-11-03,-2.3034871188129253
2016-11-04,-1.9286066740554801
2016-11-05,-2.1696698125757012
2016-11-06,-2.245277794052356
2016-11-07,-2.1284105782018363
2016-11-08,-1.4223051944536014
2016-11-09,-1.2601048731220847
2016-11-10,-1.3403703901403519
2016-11-11,-1.511999928732529
2016-11-12,-1.2074382909481236
2016-11-13,-0.9329544901974051
2016-11-14,-1.5836323081831094
2016-11-15,-1.8985457109944899
2016-11-16,-1.759176195198993
2016-11-17,-1.5136614187345903
2016-11-18,-1.497098161288107
2016-11-19,-2.136761446716874
2016-11-20,-1.3973245370729714
2016-11-21,-1.5721194816631474
2016-11-22,-1.9618979860680752
2016-11-23,-1.9158208633928377
2016-11-24,-1.654012311787724
2016-11-25,-1.7019951275587875
2016-11-26,-1.7355402956668728
2016-11-27,-1.6580510919753921
2016-11-28,-1.587439877049417
2016-11-29,-1.422038299245495
2016-11-30,-1.5767711563634255
2016-12-01,-1.505895744160285
2016-12-02,-2.4310639571099393
2016-12-03,-2.456169370625078
2016-12-04,-2.2638520540948672
2016-12-05,-2.0199352657876504
2016-12-06,-2.140018407288885
2016-12-07,-1.7652391361711723
2016-12-08,-1.9934532558279194
2016-12-09,-1.8505444625649317
2016-12-10,-1.985159302163778
2016-12-11,-2.140385959482948
2016-12-12,-1.995975543828997
2016-12-13,-2.094194668234124
2016-12-14,-1.8968348944141096
2016-12-15,-2.0715971447530523
2016-12-16,-2.346499354227649
2016-12-17,-2.415221823628395
2016-12-18,-2.7678271415234055
2016-12-19,-3.2228610400365167
2016-12-20,-2.2375401923588387
2016-12-21,-2.162009378575145
2016-12-22,-2.030647433620003
2016-12-23,-1.9644860723636488
2016-12-24,-1.7573418156020812
2016-12-25,-2.1432955840633516
2016-12-26,-2.148471507244876
2016-12-27,-1.9306970455542616
2016-12-28,-1.8725383860314886
2016-12-29,-2.00573633753418
2016-12-30,-1.9586653934763174
2016-12-31,-2.8900805789295188
2017-01-01,-2.5737653599112944
2017-01-02,-2.4707067364790047
2017-01-03,-2.4942823110552412
2017-01-04,-1.6812705820413831
2017-01-05,-1.6827417452766997
2017-01-06,-2.1288175456603557
2017-01-07,-1.844306514693977
2017-01-08,-1.966788177651971
2017-01-09,-1.8095773876560917
2017-01-10,-2.0771403890792275
2017-01-11,-2.0486254102460464
2017-01-12,-3.294953249026111
2017-01-13,-2.799395583308114
2017-01-14,-2.6063223750265485
2017-01-15,-2.1221658428717967
2017-01-16,-2.1508619269373077
2017-01-17,-1.6488844731772831
2017-01-18,-1.133032288723673
2017-01-19,-1.309908267249301
2017-01-20,-1.12975472788757
2017-01-21,-1.215709326908828
2017-01-22,-1.636492994333495
2017-01-23,-1.8154952815080012
2017-01-24,-1.9670697973756697
2017-01-25,-1.5741100487978636
2017-01-26,-1.7227587920104428
2017-01-27,-2.146184972343544
2017-01-28,-2.044758250190041
2017-01-29,-1.5550316260527106
2017-01-30,-1.8353675222502772
2017-01-31,-1.8091579775252773
2017-02-01,-1.383701418837955
2017-02-02,-1.464558494988564
2017-02-03,-1.4509372948985009
2017-02-04,-1.3106223002995088
2017-02-05,-1.3390892877355336
2017-02-06,-1.0279263599268944
2017-02-07,-1.0395532478912037
2017-02-08,-1.8540410884823606
2017-02-09,-1.654616954899496
2017-02-10,-1.9527015660403113
2017-02-11,-2.036769039895608
2017-02-12,-1.8064013782266313
2017-02-13,-1.9906746407936977
2017-02-14,-2.868452735198168
2017-02-15,-3.0168568157116846
2017-02-16,-3.5638273707703263
2017-02-17,-3.2424070300766323
2017-02-18,-3.3207322333170217
2017-02-19,-2.829733267645123
2017-02-20,-1.8844730936676188
2017-02-21,-1.5108150479823375
2017-02-22,-2.197880080322139
2017-02-23,-1.7286177594205723
2017-02-24,-1.3911274139729464
2017-02-25,-1.7945872774981786
2017-02-26,-2.6127821984652777
2017-02-27,-2.1062563529570277
2017-02-28,-2.064120252500762
2017-03-01,-1.491855001736053
2017-03-02,-1.9867475172526152
2017-03-03,-2.076449239578743
2017-03-04,-1.6666691691459665
2017-03-05,-1.45585164732836
2017-03-06,-1.799951428853993
2017-03-07,-1.841347555484411
2017-03-08,-1.798747981160376
2017-03-09,-1.9031163563426536
2017-03-10,-1.397423852041698
2017-03-11,-1.440965729756663
2017-03-12,-1.3561554213252294
2017-03-13,-2.3288442110241454
2017-03-14,-2.0888612351395164
2017-03-15,-2.40987622748872
2017-03-16,-1.7461731403479854
2017-03-17,-1.6165491717452307
2017-03-18,-1.3369570021613724
2017-03-19,-1.5617453950266555
2017-03-20,-2.0667557801168344
2017-03-21,-1.9266174210320886
2017-03-22,-2.1388255841531616
2017-03-23,-2.123832049462002
2017-03-24,-1.9145513489888466
2017-03-25,-1.5226565293107552
2017-03-26,-0.9738100600939842
2017-03-27,-2.1186203025886696
2017-03-28,-2.1837982869390364
2017-03-29,-1.9449417987885582
2017-03-30,-2.3275987097218667
2017-03-31,-2.541314357721863
2017-04-01,-2.530320635894539
2017-04-02,-2.4217266496507364
2017-04-03,-2.3324184011000675
2017-04-04,-3.0175799171168975
2017-04-05,-3.2384338914852133
2017-04-06,-2.9959815760757675
2017-04-07,-3.7217191797948708
2017-04-08,-3.874212016289806
2017-04-09,-4.1355622351772405
2017-04-10,-3.379688793023247
2017-04-11,-4.0219554558997865
2017-04-12,-3.9009669752667824
2017-04-13,-4.0673608758974265
2017-04-14,-4.439496608358382
2017-04-15,-4.0057839025232544
2017-04-16,-3.571785328118866
2017-04-17,-3.072058151782271
2017-04-18,-3.1815714122214462
2017-04-19,-3.3778963769382337
2017-04-20,-4.361277924650199
2017-04-21,-4.53900031369491
2017-04-22,-4.735523435747859
2017-04-23,-4.264951805187827
2017-04-24,-3.434553045740106
2017-04-25,-4.363026593422847
2017-04-26,-4.3844683058626925
2017-04-27,-4.046298923364208
2017-04-28,-3.527543405044787
2017-04-29,-3.0899702971921026
2017-04-30,-2.943162376310417
2017-05-01,-2.7126431284394528
2017-05-02,-2.849147310096634
2017-05-03,-3.1831458487251747
2017-05-04,-3.9414478376095943
2017-05-05,-4.15874343942883
2017-05-06,-3.989159496904841
2017-05-07,-3.2727955525294776
2017-05-08,-2.9709751395475954
2017-05-09,-3.4831279063555582
2017-05-10,-3.521361266024989
2017-05-11,-3.9504974610325987
2017-05-12,-3.2912899678457954
2017-05-13,-2.959085561297818
2017-05-14,-3.130979642244215
2017-05-15,-3.151235732968237
2017-05-16,-4.084565496051927
2017-05-17,-3.967908353685589
2017-05-18,-3.8955825817311163
2017-05-19,-3.724654851021538
2017-05-20,-3.1407577982762858
2017-05-21,-3.514736393635702
2017-05-22,-3.9364837407852367
2017-05-23,-4.163193012146744
2017-05-24,-3.5644680135448983
2017-05-25,-4.31685795049852
2017-05-26,-3.673917460914489
2017-05-27,-3.2123976075780525
2017-05-28,-3.6646337962864544
2017-05-29,-3.2702663464218373
2017-05-30,-3.5982072303885584
2017-05-31,-3.049193325562656
2017-06-01,-3.292488581843722
2017-06-02,-3.3710618449657384
2017-06-03,-3.402598928131642
2017-06-04,-3.376418143266794
2017-06-05,-3.5205170874412057
2017-06-06,-3.280435922257599
2017-06-07,-3.3590058951584396
2017-06-08,-3.7349988275194868
2017-06-09,-3.207596421561463
2017-06-10,-2.9778174816338017
2017-06-11,-2.7715969456165532
2017-06-12,-3.0818513751424046
2017-06-13,-3.469885806194084
2017-06-14,-3.177677728429575
2017-06-15,-3.102244947347378
2017-06-16,-3.2427217438064218
2017-06-17,-2.9985957655274142
2017-06-18,-2.9799347687418356
2017-06-19,-2.801903834005207
2017-06-20,-3.4259592472309217
2017-06-21,-3.315495259875253
2017-06-22,-2.7364496909193328
2017-06-23,-3.973309604345654
2017-06-24,-3.7756912742623734
2017-06-25,-3.691839309572952
2017-06-26,-3.121250192202367
2017-06-27,-3.2460474223554896
2017-06-28,-4.344993141549936
2017-06-29,-3.9775407366155493
2017-06-30,-3.9079979507591216
2017-07-01,-4.33203755021071
2017-07-02,-3.955863369286358
2017-07-03,-2.8751698682432503
2017-07-04,-3.8240239777441585
2017-07-05,-3.811956960044318
2017-07-06,-4.034904533358383
2017-07-07,-3.3929424407640054
2017-07-08,-3.623639398137693
2017-07-09,-3.1402898995871817
2017-07-10,-3.3962076163801234
2017-07-11,-3.6695533581926383
2017-07-12,-3.2282484217071308
2017-07-13,-2.8124059309881724
2017-07-14,-2.9213191909192258
2017-07-15,-2.172374061242321
2017-07-16,-2.2563588092727858
2017-07-17,-2.707839725724228
2017-07-18,-2.921478926447755
2017-07-19,-3.1584395593448193
2017-07-20,-3.8741239607603584
2017-07-21,-4.607638378646229
2017-07-22,-3.3170373511407636
2017-07-23,-3.6118254668498455
2017-07-24,-3.040316869358083
2017-07-25,-3.031483775160449
2017-07-26,-3.788597285530602
2017-07-27,-4.025439136896157
2017-07-28,-4.007118283371066
2017-07-29,-3.782422094902937
2017-07-30,-4.433973840504175
2017-07-31,-4.431249067052442
2017-08-01,-4.686581002751649
2017-08-02,-4.142953560821846
2017-08-03,-3.8745285760243675
2017-08-04,-3.5491408144628034
2017-08-05,-3.9675640167429798
2017-08-06,-4.764200516153919
2017-08-07,-4.248134933422583
2017-08-08,-3.9945551728726727
2017-08-09,-3.070900528600445
2017-08-10,-3.2572815251616816
2017-08-11,-3.1714943158217936
2017-08-12,-3.8378498025201484
2017-08-13,-3.5509097336142825
2017-08-14,-3.4713120036168146
2017-08-15,-3.041959953384823
2017-08-16,-3.269953782499108
2017-08-17,-4.4946403865948925
2017-08-18,-3.7071086642412623
2017-08-19,-3.110234081521877
2017-08-20,-2.719607797466258
2017-08-21,-3.1792644132674655
2017-08-22,-3.4370251744997318
2017-08-23,-3.5885621255246942
2017-08-24,-3.635887328534065
2017-08-25,-3.6991940969261923
2017-08-26,-3.3004361729805947
2017-08-27,-3.5254668880488516
2017-08-28,-3.581382187816145
2017-08-29,-3.477101859902753
2017-08-30,-3.165901050555343
2017-08-31,-3.163431356508078
2017-09-01,-2.6600919546992636
2017-09-02,-3.215078845599051
2017-09-03,-3.2838858995208233
2017-09-04,-2.8454347700422638
2017-09-05,-2.5743813426212667
2017-09-06,-1.8411366027587828
2017-09-07,-2.295735101459281
2017-09-08,-2.533963540445734
2017-09-09,-2.1675978023564095
2017-09-10,-1.9888890497414524
2017-09-11,-2.7851812619391163
2017-09-12,-2.56676730625546
2017-09-13,-1.8858944477353792
2017-09-14,-2.144203738700485
2017-09-15,-1.949427216291267
2017-09-16,-1.7792709407952894
2017-09-17,-1.6307937940844
2017-09-18,-2.567801514789646
2017-09-19,-2.8772293242683094
2017-09-20,-2.8478831843770807
2017-09-21,-2.381660593791035
2017-09-22,-2.338552015186464
2017-09-23,-2.3891298629098277
2017-09-24,-2.5471940335762397
2017-09-25,-3.384102123500222
2017-09-26,-3.145155455405983
2017-09-27,-2.73023348484777
2017-09-28,-1.9199757030444589
2017-09-29,-1.8983279173927057
2017-09-30,-2.1250142417931857
2017-10-01,-2.173510562430392
2017-10-02,-2.305842309808543
2017-10-03,-2.080729788661885
2017-10-04,-2.1522621318603075
2017-10-05,-1.7462939770913044
2017-10-06,-1.402839866941654
2017-10-07,-1.5132655833006214
2017-10-08,-2.414027475310482
2017-10-09,-2.4188710258806356
2017-10-10,-1.824857693533493
2017-10-11,-1.7693327172218747
2017-10-12,-1.9080154858306524
2017-10-13,-2.1203414156985687
2017-10-14,-2.1478723773754043
2017-10-15,-1.8461214354176723
2017-10-16,-2.2311308357312036
2017-10-17,-2.7227869302809764
2017-10-18,-2.9852062419073184
2017-10-19,-2.569775655183476
2017-10-20,-2.8665116682190135
2017-10-21,-2.5828153328841785
2017-10-22,-2.4102766023796995
2017-10-23,-2.0285964103596354
2017-10-24,-2.3934874883311634
2017-10-25,-2.323340091550927
2017-10-26,-2.0503995702421416
2017-10-27,-2.531713724894848
2017-10-28,-1.9040574410143343
2017-10-29,-1.583641419509925
2017-10-30,-2.550428149286297
2017-10-31,-2.2941766994385375
2017-11-01,-2.076836275657077
2017-11-02,-2.364365892600643
2017-11-03,-3.0153141010677333
2017-11-04,-3.3469710225756564
2017-11-05,-2.6081919563651708
2017-11-06,-2.708986638358784
2017-11-07,-2.5096119791363796
2017-11-08,-2.62490342646574
2017-11-09,-2.6647030853255274
2017-11-10,-2.527689116972757
2017-11-11,-2.342466939673238
2017-11-12,-2.279160352498917
2017-11-13,-2.7507582723851436
2017-11-14,-2.9382305909430757
2017-11-15,-2.0678868651612095
2017-11-16,-2.379546216100769
2017-11-17,-3.0464032246580595
2017-11-18,-2.959010750137481
2017-11-19,-2.362201072596937
2017-11-20,-2.4448027273560076
2017-11-21,-2.0677709692198145
2017-11-22,-2.278137800163421
2017-11-23,-1.9215919930861989
2017-11-24,-2.059710846249424
2017-11-25,-1.8729818661580304
2017-11-26,-1.729243328958465
2017-11-27,-0.9944882411858996
2017-11-28,-1.2173947763350126
2017-11-29,-2.308310520299543
2017-11-30,-2.2149368419788034
2017-12-01,-2.3177888535462703
2017-12-02,-1.7120722829957482
2017-12-03,-1.322793333347793
2017-12-04,-1.3207631705721734
2017-12-05,-1.8117298114551554
2017-12-06,-1.4439520486575594
2017-12-07,-1.853397618334517
2017-12-08,-1.6559576670555145
2017-12-09,-1.989972504130129
2017-12-10,-1.5802401810565379
2017-12-11,-1.5378336790279052
2017-12-12,-1.944655574193118
2017-12-13,-1.9573426789817754
2017-12-14,-2.0668611338930756
2017-12-15,-2.2031053127740674
2017-12-16,-2.2671220175010056
2017-12-17,-1.6998814532953979
2017-12-18,-1.7136142489557542
2017-12-19,-2.203028184869714
2017-12-20,-2.412373685140351
2017-12-21,-2.5420401174610916
2017-12-22,-2.025712678810942
2017-12-23,-2.0457664149054167
2017-12-24,-3.046204325753902
2017-12-25,-3.1043602247787314
2017-12-26,-3.1376422231731995
2017-12-27,-2.4737700100828772
2017-12-28,-2.4925034309360585
2017-12-29,-2.6495997375027276
2017-12-30,-2.5269624932831647
2017-12-31,-1.6611301005512338
2018-01-01,-2.2616871497604354
2018-01-02,-2.0819165303617684
2018-01-03,-2.2843122230609203
2018-01-04,-2.1143595247568796
2018-01-05,-2.1169771873513143
2018-01-06,-2.6403412020398327
2018-01-07,-2.4230472553922566
2018-01-08,-1.8193620496172107
2018-01-09,-1.6261457589385058
2018-01-10,-2.377499712275596
2018-01-11,-2.688311011427866
2018-01-12,-2.6032384549187
2018-01-13,-2.228660867463732
2018-01-14,-2.118953950890941
2018-01-15,-3.1801914727124747
2018-01-16,-3.865130974928434
2018-01-17,-3.193128110704592
2018-01-18,-2.82693837925
2018-01-19,-2.6820006565901156
2018-01-20,-2.6958997511808667
2018-01-21,-2.662414325200419
2018-01-22,-3.4058482732748416
2018-01-23,-2.858458987675865
2018-01-24,-2.161451834940115
2018-01-25,-2.610995914723099
2018-01-26,-2.4916713091768985
2018-01-27,-2.4274756982792387
2018-01-28,-2.5788030314757404
2018-01-29,-2.1427637017482564
2018-01-30,-2.0345244268069127
2018-01-31,-1.942145964340943
2018-02-01,-1.4142136281298936
2018-02-02,-2.163817806355518
2018-02-03,-1.7180654229177075
2018-02-04,-1.760487095924822
2018-02-05,-2.017402048913886
2018-02-06,-1.552148766132465
2018-02-07,-1.8131815416005708
2018-02-08,-2.442242655184212
2018-02-09,-2.2730743857625018
2018-02-10,-2.302119750879678
2018-02-11,-2.6966071545549233
2018-02-12,-2.8625514641764633
2018-02-13,-2.7910018335932483
2018-02-14,-2.214027593653113
2018-02-15,-2.2939954415804515
2018-02-16,-2.5351138069635466
2018-02-17,-2.064907678477596
2018-02-18,-2.216508660201198
2018-02-19,-2.0648059089232325
2018-02-20,-2.333229249954074
2018-02-21,-1.757016800593292
2018-02-22,-2.062531466029091
2018-02-23,-2.293852855789469
2018-02-24,-1.947789576910834
2018-02-25,-1.726485007368902
2018-02-26,-1.9979670923146762
2018-02-27,-2.0271461571516505
2018-02-28,-2.0869609475599757
2018-03-01,-2.251724721819014
2018-03-02,-1.622705026295401
2018-03-03,-2.1746787735327033
2018-03-04,-2.24679816062995
2018-03-05,-1.4703004329489584
2018-03-06,-1.5932089780674215
2018-03-07,-1.7532243074584213
2018-03-08,-1.8215390351600658
2018-03-09,-1.6232522942845788
2018-03-10,-1.5930527871554934
2018-03-11,-1.522533454276015
2018-03-12,-1.342478657333149
2018-03-13,-2.458432514885655
2018-03-14,-2.4675534855817407
2018-03-15,-1.9622392175478556
2018-03-16,-2.5750612816467906
2018-03-17,-2.470271711320941
2018-03-18,-2.015598580590608
2018-03-19,-2.540010786256904
2018-03-20,-2.5082954781156603
2018-03-21,-2.3103527377533264
2018-03-22,-2.496775430111699
2018-03-23,-1.761243335996236
2018-03-24,-1.8622230134362872
2018-03-25,-1.2084162000113206
2018-03-26,-1.686478340577143
2018-03-27,-1.6895546575832254
2018-03-28,-2.37338698314546
2018-03-29,-5.518214263901043
2018-03-30,-4.0468989238437505
2018-03-31,-3.8166866277537865
2018-04-01,-3.395819936145991
2018-04-02,-2.982382874382964
2018-04-03,-2.999932999027631
2018-04-04,-2.88014297603024
2018-04-05,-2.3972931447713184
2018-04-06,-2.3581773902458396
2018-04-07,-2.10615122855685
2018-04-08,-1.5606483832974303
2018-04-09,-2.1417641085049652
2018-04-10,-2.1276404880001527
2018-04-11,-2.043127293395258
2018-04-12,-1.8942922379323908
2018-04-13,-2.0610464603204797
2018-04-14,-2.440234883714834
2018-04-15,-2.498545386664077
2018-04-16,-2.0821003494452044
2018-04-17,-2.3541658864998136
2018-04-18,-2.0597180597742604
2018-04-19,-1.3156335142042879
2018-04-20,-1.6200676384368748
2018-04-21,-1.7392754567408204
2018-04-22,-1.9097384757764682
2018-04-23,-1.9288240814841304
2018-04-24,-2.6062078114560077
2018-04-25,-2.6533674771798768
2018-04-26,-1.9670336310070593
2018-04-27,-1.573246093170285
2018-04-28,-1.5552334217906612
2018-04-29,-2.0413884137351705
2018-04-30,-2.1184917808461132
2018-05-01,-2.009830606714519
2018-05-02,-1.8040057018919964
2018-05-03,-2.260329985485728
2018-05-04,-2.2180966671473477
2018-05-05,-2.089327129515409
2018-05-06,-2.0023027966189964
2018-05-07,-2.0636158874161215
2018-05-08,-1.8790043066411126
2018-05-09,-1.8456543920185573
2018-05-10,-1.9621953389184263
2018-05-11,-2.066522476728482
2018-05-12,-2.034184223122197
2018-05-13,-1.7466716679688647
2018-05-14,-1.8877908250529232
2018-05-15,-2.408196480457359
2018-05-16,-2.4675425779960167
2018-05-17,-3.411697401567746
2018-05-18,-3.011833568147913
2018-05-19,-2.863796498390916
2018-05-20,-2.366642419083828
2018-05-21,-2.0754273255684765
2018-05-22,-2.7350752679081483
2018-05-23,-3.149183188561112
2018-05-24,-2.679641777766073
2018-05-25,-2.5916660304748906
2018-05-26,-1.8894424667194174
2018-05-27,-1.5961707785069927
2018-05-28,-2.0815991718868334
2018-05-29,-2.1335814536165114
2018-05-30,-2.085686932730211
2018-05-31,-2.4327812705039684
2018-06-01,-2.4382089122856896
2018-06-02,-2.548718005019795
2018-06-03,-2.766639536271201
2018-06-04,-2.6655888495714275
2018-06-05,-2.276633441273349
2018-06-06,-2.120904907330618
2018-06-07,-2.242017131555339
2018-06-08,-2.0112820344135507
2018-06-09,-2.178829012436028
2018-06-10,-1.9057760330197684
2018-06-11,-2.2305110642942183
2018-06-12,-3.1804008279205878
2018-06-13,-2.844206654426782
2018-06-14,-2.2963165913572166
2018-06-15,-2.1649625061428472
2018-06-16,-2.736868309517959
2018-06-17,-2.6221326834241903
2018-06-18,-1.9823151874540392
2018-06-19,-2.35534682239231
2018-06-20,-2.5636156864505457
2018-06-21,-2.5258134585707084
2018-06-22,-2.818085596985408
2018-06-23,-2.9208233010263287
2018-06-24,-1.816953937898654
2018-06-25,-2.978837827611719
2018-06-26,-2.6755234792805807
2018-06-27,-2.7337909371586235
2018-06-28,-2.3643886833120207
2018-06-29,-2.4908351974227867
2018-06-30,-1.9951408379055589
2018-07-01,-2.0185397331007717
2018-07-02,-1.6679953937906986
2018-07-03,-2.1080305699381627
2018-07-04,-2.3098813553628075
2018-07-05,-1.8631134621795211
2018-07-06,-1.8020478419608035
2018-07-07,-1.5009578524961347
2018-07-08,-1.1574742465791341
2018-07-09,-1.2595432024069197
2018-07-10,-1.6798693299379592
2018-07-11,-2.180099945268913
2018-07-12,-2.575074089414325
2018-07-13,-2.1853610145861917
2018-07-14,-2.1761570100262135
2018-07-15,-1.6950619040423842
2018-07-16,-1.9033956998679928
2018-07-17,-2.0267100127575612
2018-07-18,-2.246328010558427
2018-07-19,-2.1400964592304534
2018-07-20,-1.8111999919634454
2018-07-21,-1.2324182640197199
2018-07-22,-1.947078929242174
2018-07-23,-2.145172979109219
2018-07-24,-1.6487044202754224
2018-07-25,-1.9464777116394116
2018-07-26,-2.052455868893106
2018-07-27,-1.9359543329802305
2018-07-28,-1.27259935651713
2018-07-29,-1.262684603591726
2018-07-30,-1.715543005662843
2018-07-31,-2.242144260261439
2018-08-01,-2.096101309668058
2018-08-02,-2.1584955654981783
2018-08-03,-1.7077663649142178
2018-08-04,-2.3805599397126467
2018-08-05,-5.226599226894517
2018-08-06,-5.3228775532097234
2018-08-07,-3.83973080982933
2018-08-08,-4.4234643719049815
2018-08-09,-4.282402989769211
2018-08-10,-4.016212752108721
2018-08-11,-4.29034121087765
2018-08-12,-4.26678434768368
2018-08-13,-3.5291498157364805
2018-08-14,-3.974346004824476
2018-08-15,-3.8429447783925847
2018-08-16,-3.5980499635914542
2018-08-17,-2.963648850752294
2018-08-18,-3.7575621662440652
2018-08-19,-4.149078388099208
2018-08-20,-3.2659876954637634
2018-08-21,-2.9460853119564185
2018-08-22,-2.9055230229110554
2018-08-23,-2.6099502251123887
2018-08-24,-2.224574507729349
2018-08-25,-1.6149313013939992
2018-08-26,-1.3978335967592233
2018-08-27,-1.5981632150767033
2018-08-28,-1.954737196659858
2018-08-29,-2.3896068305620637
2018-08-30,-2.4570625036301266
2018-08-31,-2.2986222601561366
2018-09-01,-2.3080313032363313
2018-09-02,-2.1373303117985243
2018-09-03,-2.2264511885181277
2018-09-04,-2.4268937233913968
2018-09-05,-1.976174379037043
2018-09-06,-2.035693762382837
2018-09-07,-1.9133347188673553
2018-09-08,-2.7590613971479554
2018-09-09,-3.221533203620743
2018-09-10,-2.9762076958771764
2018-09-11,-2.089705809399454
2018-09-12,-2.325192084321735
2018-09-13,-1.76495479672471
2018-09-14,-1.5337140012750086
2018-09-15,-2.0778102885652263
2018-09-16,-2.4255019465728047
2018-09-17,-2.358366460504897
2018-09-18,-2.3082751256151846
2018-09-19,-2.592437362695071
2018-09-20,-2.6267080057692427
2018-09-21,-1.8746480819504656
2018-09-22,-1.528227537149665
2018-09-23,-1.7780910804861105
2018-09-24,-3.0757537668989907
2018-09-25,-3.1771401160841135
2018-09-26,-2.7976819581813306
2018-09-27,-2.4468084863217334
2018-09-28,-1.9213154281624603
2018-09-29,-1.9132698101065242
2018-09-30,-2.1417190208447123
2018-10-01,-1.9983441955227708
2018-10-02,-2.1088225976640533
2018-10-03,-2.01888618079017
2018-10-04,-2.3879882340471457
2018-10-05,-2.1781429577843756
2018-10-06,-1.8067529690796391
2018-10-07,-1.9980169213940595
2018-10-08,-2.560633806161306
2018-10-09,-4.036387495391288
2018-10-10,-4.030081024313387
2018-10-11,-3.197950141439878
2018-10-12,-3.713862931599342
2018-10-13,-2.9674347765450397
2018-10-14,-2.683614282526796
2018-10-15,-2.3089798860434843
2018-10-16,-2.4812440297453144
2018-10-17,-2.3610175470864645
2018-10-18,-2.928240768346801
2018-10-19,-2.404497337360945
2018-10-20,-2.407215754993589
2018-10-21,-2.290884591336503
2018-10-22,-1.9825510209620116
2018-10-23,-2.2454151752038816
2018-10-24,-2.3304654250297228
2018-10-25,-2.991282073277606
2018-10-26,-2.535356053069292
2018-10-27,-2.0786771092111507
2018-10-28,-2.2433997819178484
2018-10-29,-2.099955867984352
2018-10-30,-2.1063749975247905
2018-10-31,-1.9890401997531322
2018-11-01,-2.8604213613768317
2018-11-02,-2.6604842254012655
2018-11-03,-2.1112193819663085
2018-11-04,-2.0549609452610613
2018-11-05,-2.988845462040312
2018-11-06,-2.6174561166710846
2018-11-07,-2.24428697503311
2018-11-08,-2.105716232646702
2018-11-09,-1.9863950688264338
2018-11-10,-1.2042188650151755
2018-11-11,-1.3246439043936329
2018-11-12,-1.9338694638147302
2018-11-13,-1.6002479460987125
2018-11-14,-2.059017752814894
2018-11-15,-2.11903903505977
2018-11-16,-1.5721807056354569
2018-11-17,-2.0063887873132
2018-11-18,-2.086864252374318
2018-11-19,-2.4153591502118577
2018-11-20,-2.6150686934755374
2018-11-21,-2.2709647893220177
2018-11-22,-2.1089635167701775
2018-11-23,-2.1494746267487197
2018-11-24,-1.9512807701634387
2018-11-25,-2.303326946981441
2018-11-26,-1.596515713036881
2018-11-27,-1.8463514703769424
2018-11-28,-1.305357907574867
2018-11-29,-2.1925829291556522
2018-11-30,-1.7184384212402934
2018-12-01,-1.5002573418130603
2018-12-02,-1.3854425985955803
2018-12-03,-0.8598455436438119
2018-12-04,-0.9888171570078228
2018-12-05,-1.9026573877811743
2018-12-06,-1.5926491393036464
2018-12-07,-1.5335031455798436
2018-12-08,-1.5869950771011587
2018-12-09,-1.9438012864505827
2018-12-10,-1.6615832231509988
2018-12-11,-2.0696508671396847
2018-12-12,-2.5935113748824707
2018-12-13,-2.788190928554852
2018-12-14,-2.122648674168985
2018-12-15,-1.6683048327120837
2018-12-16,-1.6275440195999646
2018-12-17,-1.2642095672410163
2018-12-18,-1.851445122068305
2018-12-19,-2.2422559492433036
2018-12-20,-2.121257320300225
2018-12-21,-2.145218294465194
2018-12-22,-2.6260504575580024
2018-12-23,-2.223207254567142
2018-12-24,-2.564655668244207
2018-12-25,-2.1839359314046893
2018-12-26,-2.088774474802232
2018-12-27,-2.6376000813068874
2018-12-28,-2.1012443381543595
2018-12-29,-2.1466452339308395
2018-12-30,-3.4052540002616634
2018-12-31,-2.431648259710895
2019-01-01,-1.951206745276778
2019-01-02,-2.3808851515776284
2019-01-03,-2.4714302519255833
2019-01-04,-2.0120218227141358
2019-01-05,-2.1417976163557597
2019-01-06,-2.176397093473719
2019-01-07,-1.704237124386539
2019-01-08,-1.9555391727689089
2019-01-09,-3.018855128976092
2019-01-10,-1.977762329349584
2019-01-11,-1.9725329198865924
2019-01-12,-1.6128482740576764
2019-01-13,-2.034674177319728
2019-01-14,-2.123813260157856
2019-01-15,-1.9706285346859116
2019-01-16,-1.5758385390713832
2019-01-17,-2.207912995334826
2019-01-18,-2.4079663660818573
2019-01-19,-1.9971065551375196
2019-01-20,-1.765967870443681
2019-01-21,-3.5886937224139617
2019-01-22,-3.641350294641377
2019-01-23,-2.700757067110263
2019-01-24,-2.0954871968070456
2019-01-25,-2.122208385613229
2019-01-26,-2.0997654202772256
2019-01-27,-2.222811819974569
2019-01-28,-2.4395292872542624
2019-01-29,-2.9550558714641273
2019-01-30,-2.642460972251813
2019-01-31,-2.2040110206513632
2019-02-01,-2.112051074654804
2019-02-02,-1.8754179639511717
2019-02-03,-1.80094512300992
2019-02-04,-2.0061926164429824
2019-02-05,-1.9630899874532866
2019-02-06,-1.8546838913641557
2019-02-07,-1.8563794158547529
2019-02-08,-1.8254144797791245
2019-02-09,-1.95315598837471
2019-02-10,-1.985700743490119
2019-02-11,-1.741939247142416
2019-02-12,-1.6557494332775318
2019-02-13,-2.0937297517101277
2019-02-14,-2.1365224317724927
2019-02-15,-1.879627947559046
2019-02-16,-1.480155758188516
2019-02-17,-1.1162525646441557
2019-02-18,-1.7869292786097795
2019-02-19,-1.827631712572555
2019-02-20,-1.9449171611637035
2019-02-21,-1.7027627243481176
2019-02-22,-1.7965217797563005
2019-02-23,-1.7945567610776894
2019-02-24,-2.827513140722241
2019-02-25,-3.048059082340161
2019-02-26,-2.7419974331187404
2019-02-27,-2.760635800385798
2019-02-28,-2.117506296266747
2019-03-01,-2.090074548065295
2019-03-02,-2.4025854562245215
2019-03-03,-2.5466688066236167
2019-03-04,-2.512040237804467
2019-03-05,-2.238753913673318
2019-03-06,-2.7823475466101026
2019-03-07,-2.6642952340379655
2019-03-08,-3.564245696378371
2019-03-09,-3.9996091197693233
2019-03-10,-3.861407961219929
2019-03-11,-4.159158384623201
2019-03-12,-4.0174175749497065
2019-03-13,-3.720654272680804
2019-03-14,-3.465877829249617
2019-03-15,-3.3458563716471486
2019-03-16,-2.83837583136599
2019-03-17,-2.5773034664147207
2019-03-18,-2.24998522599609
2019-03-19,-2.139171327317138
2019-03-20,-2.612679767839973
2019-03-21,-3.5889343059814856
2019-03-22,-3.4379026630485487
2019-03-23,-3.0575107721985213
2019-03-24,-2.8022165301361825
2019-03-25,-2.3354264340572337
2019-03-26,-3.231627940418548
2019-03-27,-2.3669816116816
2019-03-28,-2.757848957686123
2019-03-29,-2.3298531167530867
2019-03-30,-2.730746538037611
2019-03-31,-3.2032064486043863
2019-04-01,-3.37943916267898
2019-04-02,-3.392320510074453
2019-04-03,-3.0499504446511208
2019-04-04,-2.333151729832067
2019-04-05,-2.204660730999953
2019-04-06,-3.1524451070287896
2019-04-07,-3.2049750178943888
2019-04-08,-1.9197685998866136
2019-04-09,-1.9355318419861367
2019-04-10,-2.326620610274191
2019-04-11,-2.2209900681277523
2019-04-12,-2.4386589682438733
2019-04-13,-2.7700079432293103
2019-04-14,-2.3451876681178847
2019-04-15,-2.9530374735718645
2019-04-16,-2.65988501231266
2019-04-17,-2.3805076616084984
2019-04-18,-2.622477458915185
2019-04-19,-2.353612625416413
2019-04-20,-2.3620523633982997
2019-04-21,-2.8031994575825174
2019-04-22,-2.5004153334058183
2019-04-23,-2.227424899534387
2019-04-24,-1.9436611969004607
2019-04-25,-2.127504217519498
2019-04-26,-3.005446423788011
2019-04-27,-2.8675322600860134
2019-04-28,-2.596045588414322
2019-04-29,-2.39213258593198
2019-04-30,-2.002683013420329
2019-05-01,-3.1016590410203406
2019-05-02,-3.6892802369458058
2019-05-03,-3.305758883228981
2019-05-04,-2.7379057427340237
2019-05-05,-2.9067196766355328
2019-05-06,-2.691106238041709
2019-05-07,-3.060458276491433
2019-05-08,-2.9627208885427345
2019-05-09,-3.9294412052865275
2019-05-10,-3.369640957493805
2019-05-11,-3.345421649830993
2019-05-12,-3.077690821088901
2019-05-13,-2.915533764444264
2019-05-14,-2.654737658917411
2019-05-15,-3.2059428000201926
2019-05-16,-2.85277872955971
2019-05-17,-2.3649616345797573
2019-05-18,-2.170557633013026
2019-05-19,-2.442238037480604
2019-05-20,-2.4219246376731305
2019-05-21,-2.1007227966602384
2019-05-22,-2.305211567636312
2019-05-23,-2.196464870259164
2019-05-24,-2.9083593449141425
2019-05-25,-4.890499539504328
2019-05-26,-2.3937087724254433
2019-05-27,-2.074634362493387
2019-05-28,-2.07935952917684
2019-05-29,-2.2419790958570185
2019-05-30,-1.7868327809536404
2019-05-31,-1.9881753897490404
2019-06-01,-2.6505857282109515
2019-06-02,-1.996796136987599
2019-06-03,-2.2711330599191455
2019-06-04,-2.1261857283304586
2019-06-05,-2.131465750336993
2019-06-06,-2.3226001856841063
2019-06-07,-2.207463101339991
2019-06-08,-1.9896485219202007
2019-06-09,-2.370050668912592
2019-06-10,-2.769079932563737
2019-06-11,-2.823632548612095
2019-06-12,-2.1287058420239444
2019-06-13,-1.921250849834804
2019-06-14,-2.2179922532999714
2019-06-15,-2.5774554093087705
2019-06-16,-2.4440459967463197
2019-06-17,-2.682006441498699
2019-06-18,-3.2222971658510677
2019-06-19,-3.1282350518194275
2019-06-20,-2.9288342405087806
2019-06-21,-3.0854493902325215
2019-06-22,-2.9001418266697194
2019-06-23,-2.857135481213392
2019-06-24,-2.6135522304906273
2019-06-25,-2.3441161914854454
2019-06-26,-2.278977755869739
2019-06-27,-3.555804554911459
2019-06-28,-2.8379457716310275
2019-06-29,-3.0885084369477256
2019-06-30,-4.365288311129034
2019-07-01,-4.277745820965873
2019-07-02,-3.7148861412994214
2019-07-03,-3.433871243256582
2019-07-04,-3.0737748639720532
2019-07-05,-3.3770099340089352
2019-07-06,-3.510167671293089
2019-07-07,-2.9773002863626257
2019-07-08,-2.637695410188725
2019-07-09,-2.463444253531536
2019-07-10,-2.9457103786591152
2019-07-11,-3.071137569001657
2019-07-12,-2.5500567449803238
2019-07-13,-2.9369678535809705
2019-07-14,-2.9465572966185953
2019-07-15,-2.5374061042543556
2019-07-16,-2.529838597187453
2019-07-17,-2.375862984331811
2019-07-18,-2.702930651390118
2019-07-19,-2.4242708804268043
2019-07-20,-2.3191631510181288
2019-07-21,-2.2331753227631013
2019-07-22,-2.5114483790979296
2019-07-23,-3.189682817796838
2019-07-24,-2.3349091867125904
2019-07-25,-2.776004815436749
2019-07-26,-2.6161089902215906
2019-07-27,-1.617817589547647
2019-07-28,-1.5010574546478863
2019-07-29,-2.049015411884723
2019-07-30,-2.494697481988716
2019-07-31,-1.935499553205248
2019-08-01,-2.3619624186443304
2019-08-02,-2.708349598691481
2019-08-03,-3.0320764314107884
2019-08-04,-2.688081147718455
2019-08-05,-2.299755824773805
2019-08-06,-3.71401970376617
2019-08-07,-3.643781463025338
2019-08-08,-4.258850640564733
2019-08-09,-3.7812052243304946
2019-08-10,-2.9999663628891615
2019-08-11,-3.0624099001965677
2019-08-12,-3.2760125756634304
2019-08-13,-3.0583293932503914
2019-08-14,-3.258267318707723
2019-08-15,-2.9461071036752315
2019-08-16,-2.6714120336981613
2019-08-17,-2.811468645032786
2019-08-18,-2.648500884767958
2019-08-19,-2.295712702786792
2019-08-20,-2.3832639111908622
2019-08-21,-2.2918146011633813
2019-08-22,-2.0264140063751834
2019-08-23,-2.2976271397574854
2019-08-24,-2.917944721929335
2019-08-25,-2.6871352027068505
2019-08-26,-2.4860095149431327
2019-08-27,-2.213901194223831
2019-08-28,-2.20945776555157
2019-08-29,-2.486211719505625
2019-08-30,-2.6465909649312245
2019-08-31,-2.669036948473824
2019-09-01,-2.4908319791540903
2019-09-02,-2.26300349217424
2019-09-03,-2.3994155016003478
2019-09-04,-2.5268697178765755
2019-09-05,-2.892045037667809
2019-09-06,-2.811145812267671
2019-09-07,-3.3701476509403108
2019-09-08,-2.287918810482139
2019-09-09,-2.383942025638682
2019-09-10,-2.7258422186465525
2019-09-11,-2.5195378112797218
2019-09-12,-2.9650222973455422
2019-09-13,-2.9827695932020317
2019-09-14,-2.399129665216067
2019-09-15,-2.434311262285702
2019-09-16,-2.87050220377407
2019-09-17,-2.7285526062752052
2019-09-18,-2.5782662970190713
2019-09-19,-2.8813929505178315
2019-09-20,-2.571154344676623
2019-09-21,-2.7690040794158737
2019-09-22,-3.323876872854177
2019-09-23,-2.7448004105822026
2019-09-24,-2.2423453074144795
2019-09-25,-2.6164688536748066
2019-09-26,-2.766825421103701
2019-09-27,-3.059626525965689
2019-09-28,-3.06127500896718
2019-09-29,-3.1800158778965364
2019-09-30,-3.0432867275861364
2019-10-01,-2.454984923088755
2019-10-02,-2.4341313292210662
2019-10-03,-2.2609758481234685
2019-10-04,-1.9549200278037735
2019-10-05,-1.8672400504046067
2019-10-06,-0.9805042210114686
2019-10-07,-1.8833320458838114
2019-10-08,-2.617106348908531
2019-10-09,-2.6463119502722834
2019-10-10,-2.750202658123118
2019-10-11,-2.7223554659423117
2019-10-12,-2.337160573401593
2019-10-13,-2.1080933268161663
2019-10-14,-2.731669394800774
2019-10-15,-2.386011643124853
2019-10-16,-2.077220696860559
2019-10-17,-2.3845932152966287
2019-10-18,-2.7319362642231972
2019-10-19,-2.93383976657016
2019-10-20,-2.2755310228218226
2019-10-21,-2.4556170629225846
2019-10-22,-2.463006733299982
2019-10-23,-2.3800229290431836
2019-10-24,-2.395122910731726
2019-10-25,-1.6602666279375067
2019-10-26,-1.712840882606385
2019-10-27,-1.651085575066241
2019-10-28,-1.8202652534489567
2019-10-29,-1.6155789124151112
2019-10-30,-2.1441075379097505
2019-10-31,-2.27528770432744
2019-11-01,-2.3696477676017174
2019-11-02,-2.9225585247379233
2019-11-03,-1.8729278621407102
2019-11-04,-1.8740988793282032
2019-11-05,-2.087379900337112
2019-11-06,-2.43969319178662
2019-11-07,-2.383118766454804
2019-11-08,-2.2990051090032795
2019-11-09,-1.74473576798998
2019-11-10,-2.218867291214917
2019-11-11,-2.8130187532049438
2019-11-12,-2.335373812795931
2019-11-13,-2.1014119882255415
2019-11-14,-2.4639788864388543
2019-11-15,-2.4463427089022547
2019-11-16,-2.7674876255862233
2019-11-17,-2.521746293095719
2019-11-18,-2.6437914558682856
2019-11-19,-2.5402680101840036
2019-11-20,-1.8004201198244159
2019-11-21,-2.096984645823138
2019-11-22,-2.1652236118273613
2019-11-23,-2.282825518476328
2019-11-24,-2.3921677627462996
2019-11-25,-2.7776396105590075
2019-11-26,-2.6664662817500213
2019-11-27,-2.500356190248851
2019-11-28,-2.1549779891570093
2019-11-29,-2.697779891946837
2019-11-30,-1.957964045603361
2019-12-01,-2.2368517132500307
2019-12-02,-2.48706932353712
2019-12-03,-2.395381374291756
2019-12-04,-2.3999988667262473
2019-12-05,-2.490630903625092
2019-12-06,-2.4003268715080597
2019-12-07,-1.8295670185362738
2019-12-08,-1.7371495638773933
2019-12-09,-1.7784013733440651
2019-12-10,-2.160290201221834
2019-12-11,-2.0448008917590648
2019-12-12,-2.0487028216387313
2019-12-13,-1.8175975129110693
2019-12-14,-1.8916047923479948
2019-12-15,-2.5245082388625897
2019-12-16,-3.243281243627445
2019-12-17,-2.862235754137575
2019-12-18,-2.7727053032286317
2019-12-19,-2.417819084373159
2019-12-20,-2.979028306752571
2019-12-21,-3.2743597045474484
2019-12-22,-3.334832444478219
2019-12-23,-4.1250906166840995
2019-12-24,-4.360873155131727
2019-12-25,-3.1721839981591375
2019-12-26,-3.1603285042949065
2019-12-27,-2.621292852266407
2019-12-28,-3.508060204668321
2019-12-29,-3.1832198844450197
2019-12-30,-2.5666770803726098
2019-12-31,-2.3078460220537895
2020-01-01,2.286634844868735
2020-01-02,-2.3959518463629528
2020-01-03,-1.892758195312341
2020-01-04,-1.7583072159635864
2020-01-05,-3.520290709118187
2020-01-06,-3.0254641230335912
2020-01-07,-2.8117909779629997
2020-01-08,-2.834602723358037
2020-01-09,-1.9744032027642036
2020-01-10,-2.2041180684721344
2020-01-11,-1.9610318105102666
2020-01-12,-2.3831815316473146
2020-01-13,-2.429017065260206
2020-01-14,-2.202521644783082
2020-01-15,-2.5495625521239673
2020-01-16,-1.8044821225620211
2020-01-17,-1.6038026888609578
2020-01-18,-1.9589569054871354
2020-01-19,-2.2070587547772713
2020-01-20,-1.9819158546777866
2020-01-21,-1.9936152296077634
2020-01-22,-2.549298445604487
2020-01-23,-2.1336995094015196
2020-01-24,-1.6803806579573362
2020-01-25,-1.5146058501750204
2020-01-26,-1.609366846509101
2020-01-27,-1.4630553930383436
2020-01-28,-1.7984864005354297
2020-01-29,-2.0955727260654164
2020-01-30,-1.8982083713402622
2020-01-31,-2.1714590935072087
2020-02-01,-1.7756085169698603
2020-02-02,-1.0728544564981144
2020-02-03,-2.103223948457215
2020-02-04,-2.188360418632719
2020-02-05,-2.0175165426318644
2020-02-06,-2.0572733993571424
2020-02-07,-2.4031003758646574
2020-02-08,-2.4095631454309876
2020-02-09,-2.4962714266547392
2020-02-10,-2.5153543995835634
2020-02-11,-2.440090926692002
2020-02-12,-2.5418167411516115
2020-02-13,-3.270569628288214
2020-02-14,-3.052234547204798
2020-02-15,-3.0544005843535342
2020-02-16,-2.511274959258891
2020-02-17,-2.38110116519404
2020-02-18,-2.9767422359544837
2020-02-19,-3.005823626148008
2020-02-20,-3.110868013175534
2020-02-21,-2.3988033430784985
2020-02-22,-1.9347416155626653
2020-02-23,-1.9723822904220714
2020-02-24,-1.7862761767917756
2020-02-25,-2.355186525364939
2020-02-26,-2.4334676602223433
2020-02-27,-2.4326662661603744
2020-02-28,-2.388543291286912
2020-02-29,-1.9225375972981191
2020-03-01,-2.624258301951107
2020-03-02,-2.6675271076465332
2020-03-03,-2.420280337627138
2020-03-04,-2.379503683882575
2020-03-05,-2.503966793706485
2020-03-06,-2.6934753370411335
2020-03-07,-2.5596344769394532
2020-03-08,-1.6661535394571598
2020-03-09,-2.1756751759411928
2020-03-10,-2.671298546700858
2020-03-11,-3.022544207506076
2020-03-12,-3.0804734633630177
2020-03-13,-2.8858664949385666
2020-03-14,-2.567996787744733
2020-03-15,-2.214844338444013
2020-03-16,-1.9332571630221864
2020-03-17,-2.02871294881588
2020-03-18,-2.866216036260818
2020-03-19,-3.0977013858026043
2020-03-20,-2.710120714080906
2020-03-21,-2.858220139660095
2020-03-22,-2.8403616258400386
2020-03-23,-2.5090654471132017
2020-03-24,-2.5883824842852325
2020-03-25,-3.5646747309155677
2020-03-26,-4.254282573131849
2020-03-27,-4.661717086387016
2020-03-28,-4.077987477081164
2020-03-29,-3.5757483487269153
2020-03-30,-3.1980251899278347
2020-03-31,-2.883834584659421
2020-04-01,-2.897617358846921
2020-04-02,-3.5678399077984935
2020-04-03,-3.229634878736944
2020-04-04,-3.0940222187439876
2020-04-05,-3.0760835131189648
2020-04-06,-3.3598973644089787
2020-04-07,-2.9787625010126972
2020-04-08,-2.06826390290515
2020-04-09,-2.7367350074539947
2020-04-10,-2.4922760975274483
2020-04-11,-2.5439177545360594
2020-04-12,-2.9554712326270534
2020-04-13,-2.7226680448431573
2020-04-14,-2.951027764765121
2020-04-15,-2.9766208485559726
2020-04-16,-2.734246297737599
2020-04-17,-2.01938648328044
2020-04-18,-2.4632004440822217
2020-04-19,-2.403648527401107
2020-04-20,-2.2155451248008484
2020-04-21,-2.4624153935573307
2020-04-22,-2.516660145044164
2020-04-23,-2.9175850981352873
2020-04-24,-3.4047872394298997
2020-04-25,-2.830911512813549
2020-04-26,-2.277259377330075
2020-04-27,-2.8147409467592763
2020-04-28,-2.6254760961352748
2020-04-29,-2.3973113071821732
2020-04-30,-2.0622089052317882
2020-05-01,-2.7142481890676566
2020-05-02,-5.506526939675795
2020-05-03,-5.990518814654339
2020-05-04,-5.568905058507248
2020-05-05,-5.25724274137797
2020-05-06,-4.644793705156321
2020-05-07,-3.8112317123674844
2020-05-08,-4.2674184086565115
2020-05-09,-4.691578010368287
2020-05-10,-4.195687100288413
2020-05-11,-4.0613624177819085
2020-05-12,-3.8479743523133543
2020-05-13,-3.4474709987453305
2020-05-14,-3.5355972894813137
2020-05-15,-2.873488289781529
2020-05-16,-2.9328095646032435
2020-05-17,-2.8605671786396254
2020-05-18,-3.0961565658504324
2020-05-19,-3.1359905529051035
2020-05-20,-3.341026741798754
2020-05-21,-3.5143918521898763
2020-05-22,-3.2559395423251334
2020-05-23,-2.9460701679033745
2020-05-24,-2.7422052150015888
2020-05-25,-2.3137380192257266
2020-05-26,-2.857181013166384
2020-05-27,-3.130519844783017
2020-05-28,-2.9590698769828983
2020-05-29,-3.060549970068691
2020-05-30,-2.8010889538332604
2020-05-31,-2.62923325725897
2020-06-01,-2.424051818642574
2020-06-02,-2.7728377006334015
2020-06-03,-2.1868320403041137
2020-06-04,-2.8008488789406605
2020-06-05,-3.2267279086069287
2020-06-06,-3.0957904138807577
2020-06-07,-2.426063830976617
2020-06-08,-2.4381426429872803
2020-06-09,-2.7646290473724435
2020-06-10,-2.7127206913960387
2020-06-11,-2.7574647748049177
2020-06-12,-2.544541824548371
2020-06-13,-2.6622980095762814
2020-06-14,-2.9032556563715177
2020-06-15,-2.50714270331038
2020-06-16,-2.4058503992705336
2020-06-17,-2.5259573925270287
2020-06-18,-2.93124547699475
2020-06-19,-2.3955885388158182
2020-06-20,-2.2222441404438467
2020-06-21,-2.463957596695866
2020-06-22,-2.1338271720962556
2020-06-23,-2.043824128127098
2020-06-24,-2.2975038545000572
2020-06-25,-2.812467304760054
2020-06-26,-2.6829553077734873
2020-06-27,-2.8896758150079753
2020-06-28,-2.603991508401847
2020-06-29,-2.315429202307541
2020-06-30,-2.337732591233298
2020-07-01,-2.3803951901516376
2020-07-02,-2.0839910291030685
2020-07-03,-2.1819315725106785
2020-07-04,-2.108079862117387
2020-07-05,-1.450305170616259
2020-07-06,-2.0840439256685173
2020-07-07,-2.720312369739984
2020-07-08,-2.5600007972192773
2020-07-09,-2.252742261095967
2020-07-10,-2.24804378462314
2020-07-11,-2.7056464024946987
2020-07-12,-2.478917998990729
2020-07-13,-3.032234439245632
2020-07-14,-2.589656633712484
2020-07-15,-3.047313597019142
2020-07-16,-2.8772310892144994
2020-07-17,-2.9902011180569663
2020-07-18,-2.794659880150848
2020-07-19,-2.7113741206827893
2020-07-20,-2.1687500247079763
2020-07-21,-2.7314655429590506
2020-07-22,-2.9641068963898674
2020-07-23,-2.3332435548158315
2020-07-24,-2.2608222006744856
2020-07-25,-2.2208897741569498
2020-07-26,-2.402856168105492
2020-07-27,-2.5829542193834647
2020-07-28,-3.205040190664426
2020-07-29,-2.663878403967443
2020-07-30,-2.149226853842624
2020-07-31,-2.299892406348081
2020-08-01,-2.546886088900561
2020-08-02,-2.258156201842981
2020-08-03,-2.110046365059169
2020-08-04,-2.1209714324008706
2020-08-05,-2.435481053335608
2020-08-06,-2.2898507430417623
2020-08-07,-2.716979234578459
2020-08-08,-5.314936923271269
2020-08-09,-4.135348661320359
2020-08-10,-2.660940491208969
2020-08-11,-2.4060379828100693
2020-08-12,-2.8458242424290967
2020-08-13,-2.7424935590980306
2020-08-14,-3.309994252213403
2020-08-15,-2.8877708844554775
2020-08-16,-2.5588304214752533
2020-08-17,-1.9748271383927019
2020-08-18,-1.9735608416606478
2020-08-19,-2.350937650716915
2020-08-20,-2.7470954509543204
2020-08-21,-2.4693616532639293
2020-08-22,-2.3571553172052053
2020-08-23,-2.6803601983339003
2020-08-24,-2.282461878083891
2020-08-25,-2.6503473103409574
2020-08-26,-2.283085365253036
2020-08-27,-2.5601615927559442
2020-08-28,-2.8811604072581103
2020-08-29,-3.428659225285775
2020-08-30,-2.3126820301566324
2020-08-31,-2.6234852921764134
2020-09-01,-2.502029538816851
2020-09-02,-2.566249564589602
2020-09-03,-2.840825752160981
2020-09-04,-3.169164823840676
2020-09-05,-2.4560880414692647
2020-09-06,-2.6620053723172767
2020-09-07,-2.637545740457092
2020-09-08,-1.9977462926666552
2020-09-09,-2.2683234662354637
2020-09-10,-2.096103659396529
2020-09-11,-2.3362994614504817
2020-09-12,-3.0818584486057166
2020-09-13,-2.654375774913099
2020-09-14,-3.261638417475271
2020-09-15,-2.94177278166971
2020-09-16,-3.6715789745849823
2020-09-17,-3.6223944681028555
2020-09-18,-2.52858627636435
2020-09-19,-2.6331670494909
2020-09-20,-3.195629104365695
2020-09-21,-2.9787869240451763
2020-09-22,-2.7170699715608615
2020-09-23,-3.357045030081087
2020-09-24,-2.678249161913302
2020-09-25,-2.713235751303187
2020-09-26,-2.6011885152597904
2020-09-27,-3.4721824114764397
2020-09-28,-3.001710943522104
2020-09-29,-2.7181034110247047
2020-09-30,-2.6630835835680005
2020-10-01,-2.509735375040367
2020-10-02,-2.5409275961703526
2020-10-03,-2.279046926735884
2020-10-04,-2.414230605737392
2020-10-05,-1.815546965831266
2020-10-06,-2.0879023213691
2020-10-07,-2.3137912367647817
2020-10-08,-2.2689451741860163
2020-10-09,-2.7223607554362497
2020-10-10,-2.5794339530135817
2020-10-11,-2.1273586339803927
2020-10-12,-1.9322866322622974
2020-10-13,-2.423071131543296
2020-10-14,-2.066738249944221
2020-10-15,-2.8249286625187526
2020-10-16,-1.8455789930582047
2020-10-17,-3.2213321550941014
2020-10-18,-2.5831880553003224
2020-10-19,-1.6601778097160012
2020-10-20,-2.2258678262244596
2020-10-21,-2.504506583131667
2020-10-22,-2.0344631610444814
2020-10-23,-1.936585523533121
2020-10-24,-2.7022048568815116
2020-10-25,-2.3651344714785996
2020-10-26,-2.3295229471887167
2020-10-27,-2.7759150688559453
2020-10-28,-2.7176557907734313
2020-10-29,-3.0762789927323615
2020-10-30,-2.474478458601139
2020-10-31,-2.9102895820879318
2020-11-01,-3.1669336178566425
2020-11-02,-2.7404728351715946
2020-11-03,-2.3015245937028865
2020-11-04,-1.8778241498885653
2020-11-05,-1.6679697313568511
2020-11-06,-2.140110748010453
2020-11-07,-1.8987348287940142
2020-11-08,-0.9425982608085299
2020-11-09,-1.485578524889963
2020-11-10,-2.0449976277608335
2020-11-11,-1.9847916938009578
2020-11-12,-1.5492164975922866
2020-11-13,-2.160248449046485
2020-11-14,-3.1727403310923354
2020-11-15,-0.7564486179040426
2020-11-16,-1.8426578201568757
2020-11-17,-2.2152896534939357
2020-11-18,-1.6994253095058542
2020-11-19,-2.529979029483582
2020-11-20,-2.573684802976504
2020-11-21,-1.9604049970847761
2020-11-22,-1.8749347485559111
2020-11-23,-2.543100336981581
2020-11-24,-3.1399183723174113
2020-11-25,-2.6626521938043535
2020-11-26,-2.5625771809239883
2020-11-27,-3.4621545019200317
2020-11-28,-3.0942125841299286
2020-11-29,-2.508688496374916
2020-11-30,-2.287178096721001
2020-12-01,-2.596092078949359
2020-12-02,-2.8592502811212075
2020-12-03,-2.6453546013681337
2020-12-04,-2.19214602695661
2020-12-05,-1.9044815633564014
2020-12-06,-2.087659569528548
2020-12-07,-2.0861511887090836
2020-12-08,-1.54307419598806
2020-12-09,-2.126113256554957
2020-12-10,-2.009020574172238
2020-12-11,-2.1580775880853436
2020-12-12,-2.217042314310436
2020-12-13,-2.505122795975959
2020-12-14,-4.0179848408233525
2020-12-15,-4.266105957024115
2020-12-16,-3.483946231812726
2020-12-17,-3.102851167717459
2020-12-18,-2.8122028390442093
2020-12-19,-2.638064836497681
2020-12-20,-3.054237648706498
2020-12-21,-2.258663202125885
2020-12-22,-2.444707003497425
2020-12-23,-2.426569144456527
2020-12-24,-2.2013313969632278
2020-12-25,-2.7152267023479784
2020-12-26,-2.264178126634121
2020-12-27,-1.5949650601166925
2020-12-28,-2.170476855875603
2020-12-29,-2.3356061532921393
2020-12-30,-3.668131767764419
2020-12-31,-3.07504873975149
2021-01-01,-2.006547868835336
2021-01-02,-2.904138865890515
2021-01-03,-3.6222815313011503
2021-01-04,-2.7230287969549534
2021-01-05,-2.3303098599302685
2021-01-06,-2.231374544216061
2021-01-07,-2.9443886723904393
2021-01-08,-2.5781974786976165
2021-01-09,-2.3005746523136894
2021-01-10,-2.6192026404550806
2021-01-11,-2.4493057416745483
2021-01-12,-3.230748163679272
2021-01-13,-2.2871221593578617
2021-01-14,-2.104992266164614
2021-01-15,-2.2201988613834898
2021-01-16,-2.9246686804569797
2021-01-17,-2.495356768522002
2021-01-18,-2.4141759611297244
2021-01-19,-2.212397402857509
2021-01-20,-2.23409959191924
2021-01-21,-1.2713999075420062
2021-01-22,-2.4017617253977406
2021-01-23,-2.34687722829485
2021-01-24,-1.986431930988547
2021-01-25,-2.1814605511744563
2021-01-26,-1.941418860402526
2021-01-27,-2.091748967960849
2021-01-28,-2.1396007727000708
2021-01-29,-2.191935927458481
2021-01-30,-1.9272983567357047
2021-01-31,-2.509392122030475
2021-02-01,-2.091058613583899
2021-02-02,-2.424820613657841
2021-02-03,-1.9879083997243712
2021-02-04,-2.008582533323296
2021-02-05,-2.3698265179442726
2021-02-06,-2.551070039395232
2021-02-07,-2.6005391094276677
2021-02-08,-2.609514711514311
2021-02-09,-2.4862476415180494
2021-02-10,-2.605736496674052
2021-02-11,-2.1606807951790246
2021-02-12,-2.213488977208812
2021-02-13,-3.235839146727851
2021-02-14,-1.768429811665647
2021-02-15,-2.1845273066760966
2021-02-16,-2.585628613924769
2021-02-17,-2.610642676109377
2021-02-18,-3.0695794578507813
2021-02-19,-2.040822910010208
2021-02-20,-1.7411187346886825
2021-02-21,-2.8458151836106222
2021-02-22,-3.25506475242258
2021-02-23,-2.8834270594425693
2021-02-24,-2.6270105760018794
2021-02-25,-2.828591092574431
2021-02-26,-2.4671614131853006
2021-02-27,-1.8403548937522478
2021-02-28,-2.525468371420135
2021-03-01,-1.9326649892981826
2021-03-02,-2.0123743559442424
2021-03-03,-1.6870734471732054
2021-03-04,-2.542258995148416
2021-03-05,-2.2910105529567923
2021-03-06,-2.322408516233478
2021-03-07,-2.782206362442086
2021-03-08,-2.5957354872721625
2021-03-09,-2.2745455899897022
2021-03-10,-2.157071323676884
2021-03-11,-3.2756321869874347
2021-03-12,-2.9013643279338037
2021-03-13,-2.7998936858912256
2021-03-14,-1.8691865063466186
2021-03-15,-1.8687475446633155
2021-03-16,-1.9506170403121474
2021-03-17,-2.4586196824636226
2021-03-18,-2.257517344548966
2021-03-19,-1.8118101439747407
2021-03-20,-1.9173933815102726
2021-03-21,-3.0480685658329785
2021-03-22,-2.951420656319175
2021-03-23,-2.892250418891266
2021-03-24,-3.0325651836485785
2021-03-25,-3.2409741254900295
2021-03-26,-3.377216324162986
2021-03-27,-3.685962536456043
2021-03-28,-3.64802475074545
2021-03-29,-3.104228611900873
2021-03-30,-2.2272850989367075
2021-03-31,-1.9864452919692055
2021-04-01,-3.2456775760457597
2021-04-02,-3.7438223312994032
2021-04-03,-3.358169362435861
2021-04-04,-3.658655295844195
2021-04-05,-3.84741394901222
2021-04-06,-2.555161499775016
2021-04-07,-2.634659984981077
2021-04-08,-2.617721964370115
2021-04-09,-3.1058321633813186
2021-04-10,-2.590847914122431
2021-04-11,-2.707131680973293
2021-04-12,-1.8849879328506252
2021-04-13,-1.3110021771706561
2021-04-14,-1.939522309506195
2021-04-15,-2.061567158279682
2021-04-16,-2.056692598207609
2021-04-17,-1.7071513327154155
2021-04-18,-1.9731034551883895
2021-04-19,-1.4066292942070304
2021-04-20,-1.6804199561799398
2021-04-21,-2.2677168300945354
2021-04-22,-2.2478477883116113
2021-04-23,-2.717367540376913
2021-04-24,-1.2670228171443783
2021-04-25,-2.669304672140129
2021-04-26,-3.352250402088092
2021-04-27,-3.118274870539367
2021-04-28,-2.771514884084203
2021-04-29,-2.7706002796105045
2021-04-30,-1.4196931113566171
2021-05-01,-1.88920864512762
2021-05-02,-2.232586133414339
2021-05-03,-2.6727894236019596
2021-05-04,-2.6672041651690623
2021-05-05,-1.5719420782296043
2021-05-06,-1.8102595493279574
2021-05-07,-2.43437171775415
2021-05-08,-2.2248150579034864
2021-05-09,-1.962535931722483
2021-05-10,-1.9766905977166351
2021-05-11,-2.622412745348073
2021-05-12,-1.6583073693783947
2021-05-13,-2.1645709770233403
2021-05-14,-2.388132042290553
2021-05-15,-2.8469130615994303
2021-05-16,-3.003277516308713
2021-05-17,-2.2546411480262427
2021-05-18,-2.380957181495458
2021-05-19,-2.974765407488836
2021-05-20,-2.4745108756756866
2021-05-21,-2.120570898079139
2021-05-22,-2.109845759914523
2021-05-23,-2.2080723419810475
2021-05-24,-2.2751945744941615
2021-05-25,-2.019772031295807
2021-05-26,-1.8807198903777371
2021-05-27,-2.7830169891666556
2021-05-28,-1.9754153567956563
2021-05-29,-1.8919695832495127
2021-05-30,-1.80519855724014
2021-05-31,-1.7129866475049076
2021-06-01,-2.352496721479434
2021-06-02,-2.1237026698270483
2021-06-03,-2.7292394305865595
2021-06-04,-2.139301365734596
2021-06-05,-2.1040347563455373
2021-06-06,-1.496894964880501
2021-06-07,-1.944056299581269
2021-06-08,-1.7581654668304283
2021-06-09,-2.627416070145776
2021-06-10,-2.342550023269471
2021-06-11,-1.9152045309736305
2021-06-12,-2.441702555253985
2021-06-13,-1.71369560415137
2021-06-14,-1.8486970474365065
2021-06-15,-2.1768359183544304
2021-06-16,-2.499551757020061
2021-06-17,-2.1285347765227645
2021-06-18,-1.7677207236464527
2021-06-19,-1.1726910495211937
2021-06-20,-1.4899516032534919
2021-06-21,-1.9750013244464133
2021-06-22,-2.212415150521627
2021-06-23,-1.6565388287848075
2021-06-24,-1.3927313480033745
2021-06-25,-1.2548059946891827
2021-06-26,-2.699949692247921
2021-06-27,-2.11296439655691
2021-06-28,-1.4477129357487026
2021-06-29,-1.6699523866108932
2021-06-30,-1.0986530630664708
2021-07-01,-1.8099715526934013
2021-07-02,-2.475902400086509
2021-07-03,-2.9741500391010844
2021-07-04,-2.5878250563748764
2021-07-05,-2.338704613855354
2021-07-06,-2.4075606617652947
2021-07-07,-2.074697756372054
2021-07-08,-2.164606004110759
2021-07-09,-2.2554352261318695
2021-07-10,-3.7284083151556797
2021-07-11,-4.526996079742042
2021-07-12,-3.051235437002219
2021-07-13,-4.341412742817545
2021-07-14,-3.688005636239304
2021-07-15,-3.6206182853693325
2021-07-16,-2.78145230329518
2021-07-17,-3.152398249261355
2021-07-18,-1.923899163521631
2021-07-19,-1.944087356920825
2021-07-20,-1.8382199718856373
2021-07-21,-1.9767757713314613
2021-07-22,-3.0618789476379433
2021-07-23,-2.974235192834549
2021-07-24,-2.2660876182902494
2021-07-25,-1.658928668101759
2021-07-26,-2.4274315703839133
2021-07-27,-2.915057360543063
2021-07-28,-2.383670320751426
2021-07-29,-1.4971529738224627
2021-07-30,-1.7474927118666312
2021-07-31,-2.245533859723125
2021-08-01,-1.7091632096934977
2021-08-02,-1.483720414554362
2021-08-03,-2.015674276921202
2021-08-04,-2.0966703461346814
2021-08-05,-2.1030829099291
2021-08-06,-1.6001195075282288
2021-08-07,-1.7931539474888578
2021-08-08,-1.4631264368207544
2021-08-09,-2.1223464886115817
2021-08-10,-1.524195380612782
2021-08-11,-2.1979340198368327
2021-08-12,-3.06863375263931
2021-08-13,-3.214859655731279
2021-08-14,-2.1305294154406673
2021-08-15,-2.1208089669881094
2021-08-16,-2.457980461538021
2021-08-17,-2.4014007868245137
2021-08-18,-2.1132077360564865
2021-08-19,-1.0580938906038049
2021-08-20,-1.3961034839753874
2021-08-21,-1.5602506618208452
2021-08-22,-1.5110559040677278
2021-08-23,-1.4218513203757235
2021-08-24,-1.9592902746942231
2021-08-25,-2.296711268381851
2021-08-26,-1.6530142244704582
2021-08-27,-1.6820792765579209
2021-08-28,-1.43238945139352
2021-08-29,-1.3333403091228528
2021-08-30,-1.902047082992046
2021-08-31,-1.989633130484723
2021-09-01,-1.6295645607474591
2021-09-02,-1.7330801532075415
2021-09-03,-1.3294836021732013
2021-09-04,-1.0249013439995287
2021-09-05,-1.8345340860372885
2021-09-06,-1.7926739907988296
2021-09-07,-1.2281190081449957
2021-09-08,-1.4945122316008372
2021-09-09,-1.6065124350713245
2021-09-10,-2.3818763414849724
2021-09-11,-2.090704477278449
2021-09-12,-2.7647599492464088
2021-09-13,-2.362522686301794
2021-09-14,-2.5849155970015203
2021-09-15,-2.1038483463003703
2021-09-16,-2.882101161425755
2021-09-17,-2.188324236837947
2021-09-18,-1.6159971837467504
2021-09-19,-1.678675301821599
2021-09-20,-2.0801243194229575
2021-09-21,-2.0920507918225355
2021-09-22,-1.625161832383898
2021-09-23,-1.7814038081837882
2021-09-24,-1.7539546511767066
2021-09-25,-2.0559174067668393
2021-09-26,-2.0964002625556892
2021-09-27,-2.1252942945006272
2021-09-28,-2.935647322856397
2021-09-29,-2.2496809290797652
2021-09-30,-2.522361373789506
2021-10-01,-2.51764995186367
2021-10-02,-2.2646522543703846
2021-10-03,-2.2873226395911366
2021-10-04,-1.6431223379857476
2021-10-05,-2.0452326847460656
2021-10-06,-2.279797315167842
2021-10-07,-1.0359396074164458
2021-10-08,-1.0166107438994725
2021-10-09,-1.1279933464569654
2021-10-10,-0.7176866199094268
2021-10-11,-1.7201959398340867
2021-10-12,-2.8050228356959606
2021-10-13,-3.478223864791317
2021-10-14,-3.113721693975595
2021-10-15,-2.518093566687816
2021-10-16,-2.3836499941173863
2021-10-17,-4.376985229621634
2021-10-18,-3.4522165975401746
2021-10-19,-2.9053373358487002
2021-10-20,-2.1670438694966587
2021-10-21,-2.055754603799364
2021-10-22,-2.174789452711394
2021-10-23,-2.7665795721166253
2021-10-24,-2.2809552155986927
2021-10-25,-1.986877699562276
2021-10-26,-2.0282485315669017
2021-10-27,-1.8205876522872269
2021-10-28,-1.9176767364413922
2021-10-29,-2.3226391942691955
2021-10-30,-1.6734468502296074
2021-10-31,-2.339637246863268
2021-11-01,-3.938030380523055
2021-11-02,-3.2946324902665913
2021-11-03,-2.2568535962715823
2021-11-04,-2.494789135172453
2021-11-05,-1.9074579006257448
2021-11-06,-2.081706625832233
2021-11-07,-2.896222128637595
2021-11-08,-1.4191458174190172
2021-11-09,-1.6958860161137566
2021-11-10,-2.6149637397049323
2021-11-11,-1.9544859054578676
2021-11-12,-2.0485635528293296
2021-11-13,-1.4018856907477866
2021-11-14,-1.3632845354317538
2021-11-15,-2.067625026814276
2021-11-16,-2.4313666877488203
2021-11-17,-2.301668246682737
2021-11-18,-1.702977934017431
2021-11-19,-1.7679856479287317
2021-11-20,-1.6403802428277394
2021-11-21,-1.4985426345209385
2021-11-22,-1.4172228246545162
2021-11-23,-1.8694976347821053
2021-11-24,-1.8887723534537848
2021-11-25,-1.7818511485583541
2021-11-26,-2.2795611483891545
2021-11-27,-2.028245969991122
2021-11-28,-1.323833850138563
2021-11-29,-0.8324897675311732
2021-11-30,-2.848913231953801
2021-12-01,-2.1325517472974176
2021-12-02,-1.5307853216931528
2021-12-03,-1.7152031028497468
2021-12-04,-1.4812173473040708
2021-12-05,-2.0438224520058337
2021-12-06,-2.4943405724967973
2021-12-07,-2.0180020445811895
2021-12-08,-1.602124483712072
2021-12-09,-1.9622727783016638
2021-12-10,-2.5699398253509265
2021-12-11,-2.0159787448752198
2021-12-12,-1.0276200652431036
2021-12-13,-2.1956524165189055
2021-12-14,-2.449995372803132
2021-12-15,-2.321561088476379
2021-12-16,-1.9919842516673754
2021-12-17,-1.7435299681887395
2021-12-18,-2.049129105381807
2021-12-19,-2.0426578298249507
2021-12-20,-0.884453662859098
2021-12-21,-1.0754950932428828
2021-12-22,-1.8853489451674148
2021-12-23,-1.3880827268209865
2021-12-24,-1.6733154700457442
2021-12-25,-2.019601037320397
2021-12-26,-1.6719035371232402
2021-12-27,-0.8674773561525184
2021-12-28,-2.0314881554557633
2021-12-29,-2.2363995443294997
2021-12-30,-1.9598817615249744
2021-12-31,-1.3834915387582498
2022-01-01,-0.8586513417949447
2022-01-02,-1.7419178077210926
2022-01-03,-3.3762159927947453
2022-01-04,-3.162285981027291
2022-01-05,-2.6295087852768577
2022-01-06,-2.638347934701259
2022-01-07,-2.2829243020711902
2022-01-08,-2.2882748811143587
2022-01-09,-1.4242525298555782
2022-01-10,-1.2041218619932585
2022-01-11,-1.8310225021945266
2022-01-12,-2.26884168443319
2022-01-13,-2.3665934885462834
2022-01-14,-2.448944623128199
2022-01-15,-2.424635260804783
2022-01-16,-2.102146721868896
2022-01-17,-2.0560587675683637
2022-01-18,-1.780913981263728
2022-01-19,-1.683655009855893
2022-01-20,-2.223302024950948
2022-01-21,-2.3970973868415375
2022-01-22,-2.3035707712975504
2022-01-23,-1.8027747510250094
2022-01-24,-2.4256366990767306
2022-01-25,-2.1509791940646084
2022-01-26,-2.4266050830072463
2022-01-27,-2.243905451385526
2022-01-28,-1.730612659104379
2022-01-29,-2.074922572073572
2022-01-30,-2.6995337921495635
2022-01-31,-3.004743549934573
2022-02-01,-2.9565968688345783
2022-02-02,-2.331469142283381
2022-02-03,-1.9265908841372512
2022-02-04,-2.2710304559954073
2022-02-05,-3.13761940416746
2022-02-06,-2.467760447969697
2022-02-07,-3.1159388364991125
2022-02-08,-2.6449507762542144
2022-02-09,-2.656701324293433
2022-02-10,-2.500511836365628
2022-02-11,-3.5083367529237264
2022-02-12,-2.5420633766327843
2022-02-13,-2.02756955509369
2022-02-14,-2.454505279442833
2022-02-15,-2.4772167382771637
2022-02-16,-2.3889490036241208
2022-02-17,-1.8549399126157486
2022-02-18,-1.802591747698789
2022-02-19,-2.067413004283922
2022-02-20,-2.6769971336589213
2022-02-21,-2.050104295410113
2022-02-22,-1.9760743723861307
2022-02-23,-1.3326309826366458
2022-02-24,-1.7107081209542325
2022-02-25,-2.538627926606862
2022-02-26,-2.0336119077021193
2022-02-27,-1.9116841882899174
2022-02-28,-2.2937141717274727
2022-03-01,-1.6599911823270967
2022-03-02,-2.2120828838417728
2022-03-03,-2.336076933709303
2022-03-04,-1.960578350030243
2022-03-05,-1.8387251373272224
2022-03-06,-1.8658713495619974
2022-03-07,-2.3422250830331475
2022-03-08,-2.361073424742468
2022-03-09,-2.568335821418409
2022-03-10,-1.8753537289171003
2022-03-11,-1.8328666632896315
2022-03-12,-1.7849638003235455
2022-03-13,-1.3643938615683802
2022-03-14,-1.4936229040877205
2022-03-15,-2.083472851306879
2022-03-16,-2.2393172718485164
2022-03-17,-1.7287237648842066
2022-03-18,-1.9556108130466223
2022-03-19,-2.196918633300243
2022-03-20,-1.9495211363327836
2022-03-21,-1.9489288847946837
2022-03-22,-2.523206682198452
2022-03-23,-1.5079369708003378
2022-03-24,-1.7452903309636283
2022-03-25,-2.183273497077319
2022-03-26,-0.9207326037044583
2022-03-27,-2.1942168402823716
2022-03-28,-2.720782127998659
2022-03-29,-2.5428579875545836
2022-03-30,-2.3792744097874676
2022-03-31,-1.7048053926030453
2022-04-01,-1.636512310906606
2022-04-02,-1.5218666883136514
2022-04-03,-1.038044969968943
2022-04-04,-1.5854345680480884
2022-04-05,-2.1412590638969666
2022-04-06,-1.3999864903071624
2022-04-07,-1.7635008211545273
2022-04-08,-1.7926143454223933
2022-04-09,-1.7075640922430588
2022-04-10,-1.2336823611109633
2022-04-11,-2.2979445297308856
2022-04-12,-1.9350706197953427
2022-04-13,-1.7824155134327062
2022-04-14,-1.7426729356154336
2022-04-15,-2.8916092284535266
2022-04-16,-2.4757554338920356
2022-04-17,-2.6176076829833654
2022-04-18,-1.886292553223343
2022-04-19,-1.7861766712422782
2022-04-20,-2.3142950425853672
2022-04-21,-1.9276400579850668
2022-04-22,-2.4688235930837434
2022-04-23,-1.4124852482927528
2022-04-24,-1.9168416681212181
2022-04-25,-0.9697541604986912
2022-04-26,-1.0778195457724578
2022-04-27,-1.6732942963273891
2022-04-28,-1.8006052083322381
2022-04-29,-1.0195789399076385
2022-04-30,-0.7881176174927144
2022-05-01,-2.3101991134483257
2022-05-02,-1.9513791415954262
2022-05-03,-1.1095702691142635
2022-05-04,-1.6971930568077818
2022-05-05,-1.823605466863386
2022-05-06,-1.5704084743447717
2022-05-07,-1.4343428243415395
2022-05-08,-0.9963150560905197
2022-05-09,-1.849117180325073
2022-05-10,-1.8555883040372643
2022-05-11,-1.4926654691512729
2022-05-12,-1.4376849310262834
2022-05-13,-1.7586673366658965
2022-05-14,-1.383434221605225
2022-05-15,-1.9700649760061073
2022-05-16,-1.874747478946198
2022-05-17,-1.945901089357866
2022-05-18,-1.8001628805160288
2022-05-19,-1.7032912393022968
2022-05-20,-1.9496746893384196
2022-05-21,-1.9345515810846357
2022-05-22,-1.355213283123535
2022-05-23,-1.7930258435811406
2022-05-24,-2.537840991359773
2022-05-25,-1.6759507908043776
2022-05-26,-1.307573616783039
2022-05-27,-1.5028984375243262
2022-05-28,-1.3695924890574365
2022-05-29,-1.8434227873844418
2022-05-30,-1.254765548866857
2022-05-31,-1.0184302425360774
2022-06-01,-1.226873976249191
2022-06-02,-1.0182299388833973
2022-06-03,-1.2561034683397319
2022-06-04,-1.0583753316032898
2022-06-05,-1.6834962761662122
2022-06-06,-1.7424888673186312
2022-06-07,-1.7735097361367558
2022-06-08,-1.2142747059361865
2022-06-09,-1.2801377476874358
2022-06-10,-1.277730243178578
2022-06-11,-0.9289246631607977
2022-06-12,-2.165933429593276
2022-06-13,-1.9204285333696398
2022-06-14,-1.3317426632434657
2022-06-15,-1.3747754775987004
2022-06-16,-1.8008933527622142
2022-06-17,-1.6809785885611943
2022-06-18,-1.4319055093171515
2022-06-19,-1.4903784449285729
2022-06-20,-0.8655994150700227
2022-06-21,-1.6585464489442177
2022-06-22,-1.6191198545552417
2022-06-23,-1.0461307248274527
2022-06-24,-1.3112438158701596
2022-06-25,-1.5214636823668028
2022-06-26,-2.3022081186266212
2022-06-27,-2.110480882219497
2022-06-28,-1.8282887460213062
2022-06-29,-1.4951653912926717
2022-06-30,-0.8467210946476393
2022-07-01,-2.2039742506813136
2022-07-02,-1.8259919077157838
2022-07-03,-2.623576678073923
2022-07-04,-1.4171953601224299
2022-07-05,-1.065446075195561
2022-07-06,-1.9791593489727637
2022-07-07,-1.5832067482581438
2022-07-08,-1.2599260285356153
2022-07-09,-0.9245716300253063
2022-07-10,-1.4026602280733789
2022-07-11,-1.39117098740058
2022-07-12,-1.5691473360102985
2022-07-13,-1.9533466842162523
2022-07-14,-1.2548830853167727
2022-07-15,-2.2361535483135957
2022-07-16,-2.5269997704667526
2022-07-17,-1.0731108833955054
2022-07-18,-1.8041805278557748
2022-07-19,-1.9443933820352721
2022-07-20,-1.9922475583434431
2022-07-21,-1.0332800623534606
2022-07-22,-1.3864170448999262
2022-07-23,-0.8909136904469886
2022-07-24,-0.977921749976876
2022-07-25,-1.4843172492170302
2022-07-26,-0.7487679203891322
2022-07-27,-1.2214358413994497
2022-07-28,-1.1828655309597758
2022-07-29,-0.29976925279207595
2022-07-30,-1.0513213711818556
2022-07-31,-1.3025829058592167
2022-08-01,-1.0719181756236962
2022-08-02,-0.8915583315897583
2022-08-03,-0.5408151197446825
2022-08-04,-3.18099564543231
2022-08-05,-3.1031392668246736
2022-08-06,-1.5046172235482722
2022-08-07,-1.9202018259497688
2022-08-08,-1.403682980116563
2022-08-09,-1.6130176513755756
2022-08-10,-1.602873544636631
2022-08-11,-1.2672036362088004
2022-08-12,-0.5982363838357809
2022-08-13,-1.5040591796627996
2022-08-14,-1.4300540389340708
2022-08-15,-1.7409393846566001
2022-08-16,-1.7904535770896708
2022-08-17,-0.957371866645948
2022-08-18,-0.36900706023500673
2022-08-19,-1.2642141164281073
2022-08-20,-1.4488694387705674
2022-08-21,-1.429793427054588
2022-08-22,-1.4117403326575826
2022-08-23,-1.8081903032676347
2022-08-24,-1.281608116368147
2022-08-25,-1.1176719512911055
2022-08-26,-1.2600681018363886
2022-08-27,-1.4001334675303112
2022-08-28,-0.9171341383009382
2022-08-29,-0.05595246294197656
2022-08-30,-0.7483386674769998
2022-08-31,-1.2846095128816155
2022-09-01,-0.6962155020398864
2022-09-02,-1.9069050968526422
2022-09-03,-2.133704305739884
2022-09-04,-1.9414566951312764
2022-09-05,-1.692754557796352
2022-09-06,-2.0468098379115736
2022-09-07,-0.8946952432451527
2022-09-08,-1.2900864699657573
2022-09-09,-0.9287710049653294
2022-09-10,-0.981839612889484
2022-09-11,-1.924549342136166
2022-09-12,-1.7169280585676296
2022-09-13,-1.23823780424208
2022-09-14,-0.2111635165934107
2022-09-15,-1.520740293973839
2022-09-16,-1.948506900487534
2022-09-17,-2.0135593442098507
2022-09-18,-2.1227172595657713
2022-09-19,-1.9284906958728059
2022-09-20,-2.6225755754094684
2022-09-21,-2.3495086308917994
2022-09-22,-2.7740501411440044
2022-09-23,-2.238471459709665
2022-09-24,-1.7051734943412504
2022-09-25,-1.7331098550304913
2022-09-26,-1.6114687268066201
2022-09-27,-1.6300120396661297
2022-09-28,-1.0736677366143745
2022-09-29,-0.9076935036002896
2022-09-30,-0.9788684667857384
2022-10-01,-2.896013077506193
2022-10-02,-3.1544012622262514
2022-10-03,-2.3070622219534425
2022-10-04,-0.799322727319572
2022-10-05,-1.0579864549240734
2022-10-06,-1.8565091277921555
2022-10-07,-2.416285587497332
2022-10-08,-2.378413963710556
2022-10-09,-2.3756292386829947
2022-10-10,-2.5474899349541653
2022-10-11,-2.4970932442382043
2022-10-12,-2.2310258278365764
2022-10-13,-1.7225285263218388
2022-10-14,-2.195775385610693
2022-10-15,-2.389530607387853
2022-10-16,-1.886761630523342
2022-10-17,-2.4933165012178105
2022-10-18,-2.0380341878720527
2022-10-19,-2.2837694499333083
2022-10-20,-2.1884247027968544
2022-10-21,-1.9268351706810474
2022-10-22,-2.3122428556011374
2022-10-23,-1.9905557469613313
2022-10-24,-2.260988810657728
2022-10-25,-1.8970767042917684
2022-10-26,-1.7710977913597838
2022-10-27,-1.9772215349044724
2022-10-28,-2.0850332519554073
2022-10-29,-1.355772759491235
2022-10-30,-1.5631448402220085
2022-10-31,-0.831787043174752
2022-11-01,-1.037690029201265
2022-11-02,-0.6125835473877931
2022-11-03,-0.8146296205672479
2022-11-04,-0.9245576703556893
2022-11-05,-1.1975038905739321
2022-11-06,-1.7543363306163704
2022-11-07,-1.4881404408239507
2022-11-08,-1.2671967129743604
2022-11-09,-1.7906742682259573
2022-11-10,-0.9777024771674836
2022-11-11,-1.5581776424258236
2022-11-12,-1.2453696455770786
2022-11-13,-1.0348141098497912
2022-11-14,-1.3397364368484792
2022-11-15,-1.3911071307562115
2022-11-16,-1.695726950383854
2022-11-17,-1.441557651796759
2022-11-18,-1.148252050779115
2022-11-19,-1.4856124613989232
2022-11-20,-0.695723439633696
2022-11-21,-0.5474514393403068
2022-11-22,-0.649952433754472
2022-11-23,-1.1721559606764516
2022-11-24,-1.5608769157801003
2022-11-25,-0.5704486018429981
2022-11-26,-0.30831898858738405
2022-11-27,-0.5463601731073232
2022-11-28,-1.1560975684401573
2022-11-29,-1.0826473366162102
2022-11-30,-0.8099572746326287
2022-12-01,-1.48323190703808
2022-12-02,-1.5314101357498864
2022-12-03,-0.8954280756177337
2022-12-04,-0.935382551789129
2022-12-05,-1.6790468773219167
2022-12-06,-2.053910996111166
2022-12-07,-1.533229340257689
2022-12-08,-1.3835781179594242
2022-12-09,-1.8354209553091578
2022-12-10,-1.8017344693524326
2022-12-11,-2.116498804781079
2022-12-12,-1.363772594065736
2022-12-13,-1.0806328379225694
2022-12-14,-1.0838668472584312
2022-12-15,-1.1008970226877322
2022-12-16,-0.8890367625475042
2022-12-17,-1.2638244710981488
2022-12-18,-2.497420369078092
2022-12-19,-1.8665903711066705
2022-12-20,-1.8673806547032723
2022-12-21,-2.3489641818543405
2022-12-22,-2.453794575104492
2022-12-23,-2.4755355242865815
2022-12-24,-2.4830365518114283
2022-12-25,-1.710761061293836
2022-12-26,-1.4968619004338357
2022-12-27,-1.577383460288801
2022-12-28,-1.8585481455385335
2022-12-29,-1.7620739630045845
2022-12-30,-1.992344562812885
2022-12-31,-1.7793156480371992
2023-01-01,-0.5674998837279672
2023-01-02,-0.8115558935440513
2023-01-03,-0.8344994649309345
2023-01-04,-1.0973178388130687
2023-01-05,-2.0029911429799343
2023-01-06,-1.3698903737899788
2023-01-07,-0.9481932636649237
2023-01-08,-0.6282145455435487
2023-01-09,-2.5094497223972048
2023-01-10,-1.9435700565742964
2023-01-11,-1.481700007871629
2023-01-12,-1.672844119970141
2023-01-13,-1.2448995770176192
2023-01-14,-0.5606311711543368
2023-01-15,-1.0282352640115429
2023-01-16,-1.3354562260258598
2023-01-17,-2.2982149474179283
2023-01-18,-1.7460638078629485
2023-01-19,-0.6473342322749668
2023-01-20,-1.1161329458725826
2023-01-21,-1.1876781752180878
2023-01-22,-1.4658900178002132
2023-01-23,-1.8865538569156808
2023-01-24,-2.001035077433152
2023-01-25,-1.2229781216504503
2023-01-26,-1.9530571086038777
2023-01-27,-1.7780903999326878
2023-01-28,-1.7536798472998991
2023-01-29,-1.3044630098949013
2023-01-30,-2.1358866185189553
2023-01-31,-2.074134358546872
2023-02-01,-1.9788321992557116
2023-02-02,-1.5392772498821652
2023-02-03,-1.2958245652070917
2023-02-04,-1.3252423977061611
2023-02-05,-1.6736176585670186
2023-02-06,-2.844226448871175
2023-02-07,-1.3019713000474606
2023-02-08,-1.7206300316934104
2023-02-09,-1.743029239749104
2023-02-10,-1.8115394974469385
2023-02-11,-1.4003779925444089
2023-02-12,-0.9766683180351131
2023-02-13,-1.5290289377968218
2023-02-14,-1.4087579334455587
2023-02-15,-1.2479450687637836
2023-02-16,-1.0572811604638817
2023-02-17,-0.7469056793525752
2023-02-18,-0.8520706137623035
2023-02-19,-2.5518611925070105
2023-02-20,-1.617201369190271
2023-02-21,-1.7645535177892162
2023-02-22,-2.1809258221822607
2023-02-23,-1.8809811997851966
2023-02-24,-2.457938417996859
2023-02-25,-0.39633816096661295
2023-02-26,-0.9567433065198543
2023-02-27,-2.4592133124335938
2023-02-28,-2.321591570575793
2023-03-01,-1.2404243045354582
2023-03-02,-1.9463955801165926
2023-03-03,-1.9349083415495811
2023-03-04,-2.0714222632191
2023-03-05,-1.0603265118918637
2023-03-06,-0.9993452423479408
2023-03-07,-1.6914317104389376
2023-03-08,-2.2572661213174214
2023-03-09,-1.0528436703680284
2023-03-10,-1.6155687656341333
2023-03-11,-0.6861138623612039
2023-03-12,-1.5805102757169578
2023-03-13,-2.34625667735236
2023-03-14,-1.1683828349140457
2023-03-15,-2.0905063949016185
2023-03-16,-1.8315627674993071
2023-03-17,-1.7077864320624856
2023-03-18,-2.454696627659259
2023-03-19,-1.6518864983286061
2023-03-20,-3.0397296192712453
2023-03-21,-3.3799559618014086
2023-03-22,-3.139839470454423
2023-03-23,-1.9136853676989276
2023-03-24,-1.7043264739942023
2023-03-25,-2.754397972554102
2023-03-26,-2.312797207937681
2023-03-27,-2.19780996949974
2023-03-28,-3.095700733801059
2023-03-29,-3.139280474018296
2023-03-30,-2.684983093008805
2023-03-31,-2.853300253467536
2023-04-01,-2.514452650066787
2023-04-02,-2.7230335085006256
2023-04-03,-2.6261088332208526
2023-04-04,-2.3222177205071666
2023-04-05,-2.2331009854877233
2023-04-06,-1.402115959420082
2023-04-07,-2.350518907232573
2023-04-08,-2.341370436445079
2023-04-09,-1.9775147583268242
2023-04-10,-2.554666857237948
2023-04-11,-2.044305063946945
2023-04-12,-2.3117736228902737
2023-04-13,-2.216165407385373
2023-04-14,-2.097683148412444
2023-04-15,-1.9259078724817917
2023-04-16,-1.7804734230888848
2023-04-17,-1.5256884250164777
2023-04-18,-1.2038939144635457
2023-04-19,-1.399565753975324
2023-04-20,-1.5956986999724092
2023-04-21,-1.4577542167934996
2023-04-22,-1.8139012176413052
2023-04-23,-1.9897591135297983
2023-04-24,-1.7071964235114083
2023-04-25,-2.1102101883429407
2023-04-26,-1.8057371564649818
2023-04-27,-2.024246048432876
2023-04-28,-2.124400440283223
2023-04-29,-1.7361672012455334
2023-04-30,-1.6973252067294902
2023-05-01,-1.5792899269229044
2023-05-02,-1.5997477303053325
2023-05-03,-1.4852392384022748
2023-05-04,-2.2985536050140993
2023-05-05,-2.1722297382155715
2023-05-06,-1.6505096893107214
2023-05-07,-2.1530737348964317
2023-05-08,-3.30061271066469
2023-05-09,-3.512134804926426
2023-05-10,-2.5431278903566317
2023-05-11,-1.9905982595122744
2023-05-12,-2.436171811765657
2023-05-13,-2.3260441147090782
2023-05-14,-2.4173379655557214
2023-05-15,-2.2399414126946415
2023-05-16,-2.134134352458432
2023-05-17,-1.3000275957849672
2023-05-18,-1.560530012332887
2023-05-19,-1.5304562098640841
2023-05-20,-1.0639903209446997
2023-05-21,-1.3893763385492532
2023-05-22,-1.0938416696345032
2023-05-23,-1.8084914762234257
2023-05-24,-1.0820157944474773
2023-05-25,-0.8794532613082393
2023-05-26,-0.9967950607191381
2023-05-27,-1.258107380724907
2023-05-28,-0.7431617608638014
2023-05-29,-0.6388605819535383
2023-05-30,-1.7061189015988043
2023-05-31,-1.3211924584268893
2023-06-01,-1.653697405576734
2023-06-02,-1.3674950199563216
2023-06-03,-1.684405821417737
2023-06-04,-1.4965019663352277
2023-06-05,-1.337170671903245
2023-06-06,-1.595546762406156
2023-06-07,-1.7432215075779187
2023-06-08,-1.091358824719972
2023-06-09,-0.9859909313701629
2023-06-10,-0.8447508632860322
2023-06-11,-1.210455240737985
2023-06-12,-1.0306117895306768
2023-06-13,-0.5448584536695796
2023-06-14,-1.5867076786593521
2023-06-15,-1.3112177029040608
2023-06-16,-1.1168520672109739
2023-06-17,-0.8539221695932125
2023-06-18,-1.114182033414992
2023-06-19,-1.1518371018917766
2023-06-20,-1.707050291380667
2023-06-21,-1.6769866401468492
2023-06-22,-1.4661688035254372
2023-06-23,-1.5063208992565882
2023-06-24,-1.1649883681346287
2023-06-25,-1.1991973710368722
2023-06-26,-1.3124940407917742
2023-06-27,-1.5304569917545976
2023-06-28,-1.7656184036023719
2023-06-29,-0.8779825883642035
2023-06-30,-2.1738581634682834
2023-07-01,-2.2861301746677434
2023-07-02,-1.6983487677267561
2023-07-03,-1.8428785442842142
2023-07-04,-2.1277190403706614
2023-07-05,-1.3722517376890162
2023-07-06,-1.656439235856623
2023-07-07,-2.1956034106451394
2023-07-08,-1.4654349731351874
2023-07-09,-1.278926108101792
2023-07-10,-1.5572638423511658
2023-07-11,-1.3754543465820348
2023-07-12,-1.3580642408027204
2023-07-13,-2.1501537345376844
2023-07-14,-1.6855921068862632
2023-07-15,-1.0184459309763383
2023-07-16,-1.286916238623039
2023-07-17,-1.1800592856426282
2023-07-18,-1.714704339801408
2023-07-19,-1.7341695961752943
2023-07-20,-2.1645337714995887
2023-07-21,-1.8213358455654014
2023-07-22,-1.6545162843592338
2023-07-23,-1.2486765028965772
2023-07-24,-0.8848578603007566
2023-07-25,-1.2038277295806612
2023-07-26,-1.8681861913584947
2023-07-27,-1.2625070811900692
2023-07-28,-1.588650979527627
2023-07-29,-1.508657195056911
2023-07-30,-0.5175598304181054
2023-07-31,-0.9801010803814765
2023-08-01,-1.545211470589137
2023-08-02,-1.1631851266655513
2023-08-03,-1.4982495099974724
2023-08-04,-1.4498585204307173
2023-08-05,-1.5188280873404016
2023-08-06,-1.3582526707284488
2023-08-07,-1.3848020997154444
2023-08-08,-1.3367377212249196
2023-08-09,-1.8517500565886003
2023-08-10,-1.6436224007359306
2023-08-11,-1.8809939973070375
2023-08-12,-1.783561481960216
2023-08-13,-1.6685219029350142
2023-08-14,-1.8603752554988686
2023-08-15,-1.7748842017177844
2023-08-16,-1.2976496945427738
2023-08-17,-1.218051468036252
2023-08-18,-1.3147841499187831
2023-08-19,-1.1727044837906773
2023-08-20,-1.3837946241578893
2023-08-21,-2.0193657543263748
2023-08-22,-2.1715894574732664
2023-08-23,-1.826111783837109
2023-08-24,-1.473870917919331
2023-08-25,-1.0021437395773025
2023-08-26,-0.7594314514982463
2023-08-27,-0.8791483097327745
2023-08-28,-1.3969948785067285
2023-08-29,-1.8560504452776416
2023-08-30,-0.7329067522471817
2023-08-31,-0.9223372743571226
2023-09-01,-1.7053269816045855
2023-09-02,-1.8320402444535318
2023-09-03,-1.5819499870503158
2023-09-04,-1.3689714126247483
2023-09-05,-1.9603008117641343
2023-09-06,-0.9231976866849626
2023-09-07,-1.3641537731138276
2023-09-08,-0.3190529432449412
2023-09-09,-0.6287277530257396
2023-09-10,-0.5294020907039159
2023-09-11,-0.34113188235596525
2023-09-12,-1.1170691144188383
2023-09-13,-0.5927738749952444
2023-09-14,-0.41245802320836966
2023-09-15,-0.5781234024876173
2023-09-16,-1.1251138920069046
2023-09-17,-1.7936920810630699
2023-09-18,-1.4557771223636047
2023-09-19,-1.4282030532840087
2023-09-20,-2.322452417211192
2023-09-21,-1.9756409133372173
2023-09-22,-1.924807315931091
2023-09-23,-2.2141203357773667
2023-09-24,-2.2801807603202113
2023-09-25,-1.9251874253818297
2023-09-26,-2.0167032024761973
2023-09-27,-1.8124899315248546
2023-09-28,-1.1261941752442008
2023-09-29,-1.4717127202800648
2023-09-30,-1.0425026720717498
2023-10-01,-1.6058667146663606
2023-10-02,-1.6394124682566653
2023-10-03,-2.217181684363855
2023-10-04,-1.4713909648492314
2023-10-05,-1.686615406853888
2023-10-06,-3.070228784428703
2023-10-07,-1.9537683641887291
2023-10-08,-2.2983539142667846
2023-10-09,-1.4617259383578414
2023-10-10,-1.9644102901023452
2023-10-11,-1.6866610054793465
2023-10-12,-1.5725886252211168
2023-10-13,-1.537358572770549
2023-10-14,-1.4965401941763554
2023-10-15,-1.6164677661143472
2023-10-16,-1.2555806354962213
2023-10-17,-0.7967957400713436
2023-10-18,-1.0406919912406363
2023-10-19,-1.5420488169814641
2023-10-20,-1.3869799531957183
2023-10-21,-1.5803749074401592
2023-10-22,-1.7182728148229298
2023-10-23,-1.33028393628247
2023-10-24,-1.8043524902898709
2023-10-25,-1.8450303722996937
2023-10-26,-1.964758422432472
2023-10-27,-1.0513694009480785
2023-10-28,-0.8688751599367172
2023-10-29,-1.3477000835098996
2023-10-30,-1.7152061850632714
2023-10-31,-1.736359726922013
2023-11-01,-1.959563824465012
2023-11-02,-1.7868514594538625
2023-11-03,-2.5541547313319506
2023-11-04,-2.2462222947526214
2023-11-05,-1.7056868447504803
2023-11-06,-1.999418216632286
2023-11-07,-1.618699112578201
2023-11-08,-1.7238785639234642
2023-11-09,-1.7370852274921182
2023-11-10,-1.4693450791685856
2023-11-11,-1.3471412316210067
2023-11-12,-1.8389364638974186
2023-11-13,-1.9877917796616447
2023-11-14,-1.5186540382052383
2023-11-15,-1.8136782602300645
2023-11-16,-1.7250033207170998
2023-11-17,-1.3663628523722484
2023-11-18,-0.9738620754962385
2023-11-19,-1.1871241221323614
2023-11-20,-1.4923037383464814
2023-11-21,-1.1612751621806192
2023-11-22,-1.2250340786857072
2023-11-23,-1.5419489498406074
2023-11-24,-1.617928565439995
2023-11-25,-1.6007044970750308
2023-11-26,-0.8684798458066936
2023-11-27,-1.4512517176167565
2023-11-28,-1.2562659026276908
2023-11-29,-1.2010885553602333
2023-11-30,-1.025000832644165
2023-12-01,-1.8361002825943
2023-12-02,-1.611306751698579
2023-12-03,-1.1899145160857498
2023-12-04,-1.238706841530941
2023-12-05,-1.343105107890406
2023-12-06,-1.965127470331879
2023-12-07,-2.1932622237701613
2023-12-08,-2.0347529089678167
2023-12-09,-1.8782759714525539
2023-12-10,-1.4501174669218793
2023-12-11,-1.2995127464523917
2023-12-12,-1.306518284694653
2023-12-13,-1.8697777476557051
2023-12-14,-1.2952140577536857
2023-12-15,-1.0554649057316632
2023-12-16,-1.280013650162631
2023-12-17,-0.6109249822171035
2023-12-18,-1.3221098645515752
2023-12-19,-1.2717607171626635
2023-12-20,-2.908215274807307
2023-12-21,-2.569008319774278
2023-12-22,-1.5640652500579542
2023-12-23,-1.6035661185135335
2023-12-24,-1.3062199705566007
2023-12-25,-1.327644599309894
2023-12-26,-1.7025508311215805
2023-12-27,-2.7029621707617095
2023-12-28,-2.5855024615568087
2023-12-29,-2.294509875792086
2023-12-30,-1.9557230517445057
2023-12-31,-1.9586459635023081
2024-01-01,-1.068348229372749
2024-01-02,-2.262088514710321
2024-01-03,-2.714802382013926
2024-01-04,-1.9962547166089502
2024-01-05,-1.257104227892622
2024-01-06,-1.1546671669557738
2024-01-07,-0.7312815025369447
2024-01-08,-1.3541391813550305
2024-01-09,-1.4766824752189682
2024-01-10,-2.22031252079577
2024-01-11,-1.6891040526033474
2024-01-12,-1.4591313450069774
2024-01-13,-1.5429259385325094
2024-01-14,-0.947493159140635
2024-01-15,-1.1641319783378403
2024-01-16,-1.611552236898987
2024-01-17,-0.7997173959600465
2024-01-18,-1.715920673047787
2024-01-19,-1.3150984777778258
2024-01-20,-1.324849904880982
2024-01-21,-0.9131250965926226
2024-01-22,-2.426682219850316
2024-01-23,-2.583193136126527
2024-01-24,-2.339941432893733
2024-01-25,-1.9977520677012257
2024-01-26,-2.474855666304016
2024-01-27,-2.7896336072778585
2024-01-28,-2.3602586221420676
2024-01-29,-2.413650577209134
2024-01-30,-2.169260701524251
2024-01-31,-2.4802811006025896
2024-02-01,-2.7879829725086367
2024-02-02,-2.0454843311137103
2024-02-03,-1.7254061735357737
2024-02-04,-1.5204744708536468
2024-02-05,-0.9680751902406639
2024-02-06,-1.6678696881645874
2024-02-07,-2.226406653253509
2024-02-08,-2.1014617245459077
2024-02-09,-2.1167396832338694
2024-02-10,-2.127905492249144
2024-02-11,-2.118846673411411
2024-02-12,-2.612571400760376
2024-02-13,-3.5099725298583895
2024-02-14,-3.5937679787677146
2024-02-15,-3.5332416779674967
2024-02-16,-2.882873736410767
2024-02-17,-2.8949855774675246
2024-02-18,-2.083265585626504
2024-02-19,-2.0163158686191935
2024-02-20,-1.5807116482871764
2024-02-21,-1.5184926004505457
2024-02-22,-2.5985257727431423
2024-02-23,-2.5705109690937173
2024-02-24,-3.0594306399727484
2024-02-25,-2.779035613732597
2024-02-26,-3.2040312796450507
2024-02-27,-3.38794809838235
2024-02-28,-3.2861992060964638
2024-02-29,-2.2142386767049094
2024-03-01,-2.6227379986386516
2024-03-02,-2.3243956415159435
2024-03-03,-2.1608052846795256
2024-03-04,-1.5431167597248285
2024-03-05,-2.608191715850213
2024-03-06,-2.3386196487044644
2024-03-07,-2.300617350760674
2024-03-08,-2.6078252890344817
2024-03-09,-2.432783873197781
2024-03-10,-1.8139901594615084
2024-03-11,-2.386110955704207
2024-03-12,-2.4758362445892788
2024-03-13,-2.477839503519336
2024-03-14,-3.0068027842696434
2024-03-15,-1.8245796383469823
2024-03-16,-1.7603279718304559
2024-03-17,-1.5370352543532397
2024-03-18,-1.8203931974210714
2024-03-19,-2.552009888798925
2024-03-20,-2.4744183482282924
2024-03-21,-2.812507219059009
2024-03-22,-2.34123819079799
2024-03-23,-2.3057827556496813
2024-03-24,-2.048687497849691
2024-03-25,-1.8118276491938914
2024-03-26,-2.3678248267238837
2024-03-27,-2.532523775760298
2024-03-28,-2.3261970342915785
2024-03-29,-2.1910331118875694
2024-03-30,-2.502024069316915
2024-03-31,-1.9963673967881
2024-04-01,-2.550767066175438
2024-04-02,-2.9280247959736867
2024-04-03,-2.2873159899837736
2024-04-04,-1.778397733131474
2024-04-05,-1.6249017401507408
2024-04-06,-2.84015580273702
2024-04-07,-2.420698729208257
2024-04-08,-1.9707418221802415
2024-04-09,-1.951892700761294
2024-04-10,-2.2310472261258614
2024-04-11,-1.9868994516982346
2024-04-12,-2.7278532344325206
2024-04-13,-3.094583235192664
2024-04-14,-2.457089985440705
2024-04-15,-2.3779824460310843
2024-04-16,-2.2931609282378407
2024-04-17,-2.3603295084790434
2024-04-18,-1.9911318990476543
2024-04-19,-1.5990852498559773
2024-04-20,-1.3211074502678282
2024-04-21,-1.4567475829228984
2024-04-22,-1.0911814586826103
2024-04-23,-1.5575696030761683
2024-04-24,-1.4376170568072406
2024-04-25,-1.1984892919553776
2024-04-26,-1.4203153107034214
2024-04-27,-0.9516976784804325
2024-04-28,-1.3688785469780438
2024-04-29,-1.6439212778478884
2024-04-30,-2.1078003276499286
2024-05-01,-1.7753042578995308
2024-05-02,-1.6244392126242195
2024-05-03,-1.4174045095806618
2024-05-04,-1.720206153414477
2024-05-05,-1.9844472490024287
2024-05-06,-1.5025491848053152
2024-05-07,-1.5805089181494538
2024-05-08,-2.2196678932085687
2024-05-09,-2.286295121485625
2024-05-10,-1.4056816991020376
2024-05-11,-0.9263653069721132
2024-05-12,-1.5895816085568395
2024-05-13,-1.3134613219576268
2024-05-14,-1.77626492939763
2024-05-15,-1.567592431410759
2024-05-16,-1.515190042744402
2024-05-17,-1.8539054762883946
2024-05-18,-1.171328178645956
2024-05-19,-1.2874935116926127
2024-05-20,-1.4647490269336405
2024-05-21,-1.6907232796861151
2024-05-22,-1.7551784782580433
2024-05-23,-1.0177360799003297
2024-05-24,-0.878108863472719
2024-05-25,-0.745355827430754
2024-05-26,-0.5588023262345403
2024-05-27,-0.9587478071618681
2024-05-28,-1.335719931400459
2024-05-29,-1.5073214666406667
2024-05-30,-0.8828062110889624
2024-05-31,-2.8374029969182857
2024-06-01,-1.7200229044108724
2024-06-02,-0.9155090205501195
2024-06-03,-2.003050425216409
2024-06-04,-2.32352231077862
2024-06-05,-1.9684410847293996
2024-06-06,-1.4739098143266731
2024-06-07,-1.2961022338428019
2024-06-08,-0.13826397194291998
2024-06-09,-1.7779241984406686
2024-06-10,-1.3123157113540285
2024-06-11,-1.36812869787514
2024-06-12,-1.6257978836181528
2024-06-13,-1.822977070985722
2024-06-14,-1.6264024126528687
2024-06-15,-2.3476059298990553
2024-06-16,-2.0541001211462526
2024-06-17,-1.9539530936717315
2024-06-18,-2.273690219436487
2024-06-19,-1.8406617494847506
2024-06-20,-1.860493081131782
2024-06-21,-2.3388268210678103
2024-06-22,-1.7891513033368187
2024-06-23,-1.6501950274197332
2024-06-24,-1.7361884051541063
2024-06-25,-1.8462792094097857
2024-06-26,-1.736705287265098
2024-06-27,-2.1180915564408007
2024-06-28,-2.0059102515437446
2024-06-29,-2.1874931794975723
2024-06-30,-1.3588255557222022
2024-07-01,-1.761419038630843
2024-07-02,-1.2666083704306996
2024-07-03,-1.9607243117827822
2024-07-04,-1.330294652290442
2024-07-05,-0.6400363183164705
2024-07-06,-1.057592936243874
2024-07-07,-1.49561996323418
2024-07-08,-1.4903416591210226
2024-07-09,-1.905108642989437
2024-07-10,-1.7335494422476343
2024-07-11,-1.9715344462968625
2024-07-12,-2.064094712986714
2024-07-13,-2.342913306651622
2024-07-14,-1.8209345723592372
2024-07-15,-1.658736646963812
2024-07-16,-1.6704186004841983
2024-07-17,-1.5885618059057118
2024-07-18,-2.779459944569193
2024-07-19,-2.491653211968067
2024-07-20,-1.9591069834174784
2024-07-21,-1.4550743745132295
2024-07-22,-1.332131221872149
2024-07-23,-1.7557224711433919
2024-07-24,-1.719680185634254
2024-07-25,-1.5926679518320102
2024-07-26,-1.799382107738125
2024-07-27,-1.9784656771282385
2024-07-28,-1.3350833956560697
2024-07-29,-1.7545812800234046
2024-07-30,-3.59315478589777
2024-07-31,-3.433796602092903
2024-08-01,-3.1863555730601023
2024-08-02,-2.8935769855407023
2024-08-03,-2.802237871620121
2024-08-04,-2.9781073577245043
2024-08-05,-2.8885717178378676
2024-08-06,-3.137540210121683
2024-08-07,-3.0715779075709855
2024-08-08,-3.3821182633153533
2024-08-09,-3.49337068310374
2024-08-10,-3.1311595619588766
2024-08-11,-3.2805944247543146
2024-08-12,-3.2029680645777474
2024-08-13,-3.6111083081745567
2024-08-14,-3.5200185305543794
2024-08-15,-2.8063022032205795
2024-08-16,-2.455940975266707
2024-08-17,-2.3584718051085347
2024-08-18,-2.5980950394149347
2024-08-19,-2.882855933611179
2024-08-20,-2.726508725812962
2024-08-21,-2.854464635486652
2024-08-22,-2.8987082988486037
2024-08-23,-2.636413662829713
2024-08-24,-2.4337721339556264
2024-08-25,-2.28416401048504
2024-08-26,-2.490349222913322
2024-08-27,-2.7148293019852825
2024-08-28,-2.8557211187841607
2024-08-29,-2.8750803620949905
2024-08-30,-3.5138661216772213
2024-08-31,-3.8084500841219406
2024-09-01,-3.810893078793508
2024-09-02,-4.041924157129728
2024-09-03,-4.743562452418538
2024-09-04,-3.8378684925297506
2024-09-05,-3.490343303239221
2024-09-06,-2.865706971559843
2024-09-07,-3.3914171204885295
2024-09-08,-3.8238741011806154
2024-09-09,-3.4202798820662297
2024-09-10,-2.843066542243203
2024-09-11,-2.639216515662059
2024-09-12,-2.640731819633802
2024-09-13,-2.4280614488574486
2024-09-14,-2.5358654647097096
2024-09-15,-5.2731493593836225
2024-09-16,-3.23680008616845
2024-09-17,-3.189424416844747
2024-09-18,-3.526690759231672
2024-09-19,-3.4487188965415387
2024-09-20,-2.507922154212568
2024-09-21,-2.518368963607555
2024-09-22,-2.279495595521784
2024-09-23,-2.273802224499477
2024-09-24,-3.2438264710231897
2024-09-25,-2.490348371640554
2024-09-26,-2.4879732462396413
2024-09-27,-2.8013657583831773
2024-09-28,-2.514286358436867
2024-09-29,-2.9269752723313363
2024-09-30,-1.9489545982218333
2024-10-01,-2.3293116655470483
2024-10-02,-2.1689865248713334
2024-10-03,-2.03806533023303
2024-10-04,-1.6389069321367147
2024-10-05,-2.48097599242944
2024-10-06,-1.6250779423395685
2024-10-07,-2.019957368600149
2024-10-08,-1.321945316798543
2024-10-09,-2.010191978884218
2024-10-10,-1.4579699943367972
2024-10-11,-2.0430249908784566
2024-10-12,-2.463054475106588
2024-10-13,-2.3404427110128547
2024-10-14,-2.014504654168978
2024-10-15,-2.601214286942214
2024-10-16,-2.5917316585663612
2024-10-17,-3.0096418296840146
2024-10-18,-2.120959724311059
2024-10-19,-2.204721935472006
2024-10-20,-2.0183617985653304
2024-10-21,-2.5189115455700515
2024-10-22,-2.520654899950667
2024-10-23,-1.5288449683741414
2024-10-24,-1.3152795148897167
2024-10-25,-1.8219769933442371
2024-10-26,-2.986574774238727
2024-10-27,-2.0924370465274307
2024-10-28,-1.851366381359992
2024-10-29,-1.9057951102586712
2024-10-30,-3.3472600117799556
2024-10-31,-3.6818082870297113
2024-11-01,-3.395336046581736
2024-11-02,-2.9835235324462683
2024-11-03,-3.9737239781556184
2024-11-04,-3.7292871294434233
2024-11-05,-2.7638517228413093
2024-11-06,-2.323402342599784
2024-11-07,-1.5727494840911986
2024-11-08,-1.6389210409934534
2024-11-09,-3.313477890374601
2024-11-10,-4.606736540728229
2024-11-11,-2.537696833065827
2024-11-12,-2.6030425641889776
2024-11-13,-2.356372965871641
2024-11-14,-2.9423952929728814
2024-11-15,-3.416564497215502
2024-11-16,-3.760960331158984
2024-11-17,-3.483487602956531
2024-11-18,-2.844281963722296
2024-11-19,-2.952138321603214
2024-11-20,-3.093514128435121
2024-11-21,-2.8613583232484645
2024-11-22,-2.108965940784153
2024-11-23,-3.572195628790648
2024-11-24,-3.5561968190782016
2024-11-25,-2.469668380851593
2024-11-26,-2.461521163738899
2024-11-27,-2.850718495633249
2024-11-28,-3.1114297295758444
2024-11-29,-2.6939580200874707
2024-11-30,-2.0685233854473632
2024-12-01,-3.183606611101084
2024-12-02,-2.649527738972329
2024-12-03,-2.7030298504827464
2024-12-04,-2.702509916207473
2024-12-05,-2.209565915417202
2024-12-06,-1.620845794203518
2024-12-07,-1.7853948919084148
2024-12-08,-1.7406969495630442
2024-12-09,-1.9246372734023365
2024-12-10,-1.8779233520177885
2024-12-11,-1.9115546223292914
2024-12-12,-2.7625850286475617
2024-12-13,-3.202316001994297
2024-12-14,-2.7928167413452276
2024-12-15,-2.015061487155003
2024-12-16,-2.291788643044301
2024-12-17,-2.6565443647225564
2024-12-18,-2.965177297773344
2024-12-19,-2.193258652116804
2024-12-20,-1.8478959889033573
2024-12-21,-2.5044190117469434
2024-12-22,-1.4671199752111763
2024-12-23,-1.8034480133844082
2024-12-24,-2.043862297973361
2024-12-25,-2.0251941375767335
2024-12-26,-2.1905729078681215
2024-12-27,-2.3767256116113824
2024-12-28,-2.7734947384007973
2024-12-29,-3.165309578391626
2024-12-30,-2.8161142879556174
2024-12-31,-3.5084467079350397
2025-01-01,-2.251184257197232
2025-01-02,-2.5178378441595437
2025-01-03,-3.155524635234172
2025-01-04,-2.2589774546171117
2025-01-05,-2.0987505754247415
2025-01-06,-1.8414512532322485
2025-01-07,-2.3956229044335555
2025-01-08,-2.917672848309325
2025-01-09,-2.828356486413618
2025-01-10,-3.1034547130649814
2025-01-11,-2.6934291970545647
2025-01-12,-2.6749373065896878
2025-01-13,-2.5962814350990566
2025-01-14,-2.572587185677433
2025-01-15,-2.558283168220051
2025-01-16,-2.30906735328049
2025-01-17,-2.6241848431318955
2025-01-18,-2.7287946158852483
2025-01-19,-2.8263522660418094
2025-01-20,-2.590903662784029
2025-01-21,-2.4496082677520445
2025-01-22,-2.8408974410322987
2025-01-23,-2.4173409109991613
2025-01-24,-2.771706155885939
2025-01-25,-2.4803329471022093
2025-01-26,-2.4664951405755673
2025-01-27,-2.41485011996315
2025-01-28,-1.9906840107725492
2025-01-29,-2.799162869008989
2025-01-30,-2.647544616853461
2025-01-31,-2.273807634742801
2025-02-01,-2.0337018886118963
2025-02-02,-2.3694233767449218
2025-02-03,-1.5488834207454385
2025-02-04,-2.62055227601572
2025-02-05,-2.7967902380177243
2025-02-06,-2.6249256630683573
2025-02-07,-3.33422354048446
2025-02-08,-3.331616234842579
2025-02-09,-2.391769000959043
2025-02-10,-2.9574326862771767
2025-02-11,-2.8574924009872036
2025-02-12,-3.0458118992240077
2025-02-13,-2.93725450001673
2025-02-14,-2.5443078812018523
2025-02-15,-2.816803408342806
2025-02-16,-1.6815505338725782
2025-02-17,-1.516282280228497
2025-02-18,-2.4014883716475524
2025-02-19,-2.753048669452934
2025-02-20,-2.7440343805940377
2025-02-21,-2.835590078812561
2025-02-22,-2.4387250104937537
2025-02-23,-2.6004739902194167
2025-02-24,-2.0975653990251164
2025-02-25,-1.9117255273593454
2025-02-26,-2.043314282950336
2025-02-27,-2.4736704810897643
2025-02-28,-2.4393536578549466
2025-03-01,-2.632430915903405
2025-03-02,-3.554578627271044
2025-03-03,-2.423329459327349
2025-03-04,-2.6826532526116758
2025-03-05,-2.8750229004823415
2025-03-06,-2.1692450591680745
2025-03-07,-2.319791149108392
2025-03-08,-2.4011346663995434
2025-03-09,-2.205728349322685
2025-03-10,-2.7588100640299524
2025-03-11,-2.5284265775489927
2025-03-12,-2.204120527310438
2025-03-13,-2.3192734611993453
2025-03-14,-1.6151662451558164
2025-03-15,-2.5083071286608125
2025-03-16,-5.119176347601932
2025-03-17,-4.596440915323205
2025-03-18,-4.716329404755322
2025-03-19,-4.201208808458382
2025-03-20,-4.047363777439104
2025-03-21,-4.336370530166147
2025-03-22,-3.8189695427838273
2025-03-23,-3.6729476571199617
2025-03-24,-4.088526942229801
2025-03-25,-3.998387787491996
2025-03-26,-3.825821467801777
2025-03-27,-3.690555117797904
2025-03-28,-4.279423394977066
2025-03-29,-3.6906487484894983
2025-03-30,-3.2404116466696333
2025-03-31,-3.0481636358425086
2025-04-01,-3.1105352575395346
2025-04-02,-2.670878438329396
2025-04-03,-2.7060551746864805
2025-04-04,-2.421064001560043
2025-04-05,-2.891032982913406
2025-04-06,-2.718903628698627
2025-04-07,-2.8956746420908672
2025-04-08,-3.650287985254036
2025-04-09,-2.759901607068999
2025-04-10,-2.965554245149212
2025-04-11,-3.2266768171648104
2025-04-12,-2.2524418585181265
2025-04-13,-2.3962220521086475
2025-04-14,-2.250941589427625
2025-04-15,-3.017008205813327
2025-04-16,-3.722141275131815
2025-04-17,-3.5385890579913433
2025-04-18,-3.1582898501730083
2025-04-19,-4.222340224118156
2025-04-20,-4.261505130154605
2025-04-21,-5.067362445944267
2025-04-22,-3.6539828595952066
2025-04-23,-3.3832777817405133
2025-04-24,-3.5682524871794516
2025-04-25,-3.3528400762843815
2025-04-26,-3.1716913242885028
2025-04-27,-1.925634261790653
2025-04-28,-2.716235949113625
2025-04-29,-2.310355250188934
2025-04-30,-2.830877502959802
2025-05-01,-3.8056610150548
2025-05-02,-3.257887539124964
2025-05-03,-2.780622399635401
2025-05-04,-1.9612970755860841
2025-05-05,-2.551688649158586
2025-05-06,-2.833155893976399
2025-05-07,-1.4173202501914102
2025-05-08,-2.003600347065639
2025-05-09,-1.9437491527723745
2025-05-10,-0.8732336558543875
2025-05-11,-0.999926306921399
2025-05-12,-2.5052373503681085
2025-05-13,-2.9005714997966154
2025-05-14,-2.3579063772370663
2025-05-15,-2.4103578436463167
2025-05-16,-3.344918280121747
2025-05-17,-3.475078320862359
2025-05-18,-2.6872333494722174
2025-05-19,-2.882435138159778
2025-05-20,-2.4190917616704986
2025-05-21,-2.070553959509853
2025-05-22,-2.434955463100581
2025-05-23,-2.976641614342751
2025-05-24,-3.327040093908531
2025-05-25,-2.4448072097864153
2025-05-26,-1.8676032306673804
2025-05-27,-2.564137812576873
2025-05-28,-2.913205188043414
2025-05-29,-2.5918476790849594
2025-05-30,-2.554556573872264
2025-05-31,-2.5485603547926825
2025-06-01,-2.077088141844545
2025-06-02,-2.370866631561963
2025-06-03,-1.647146309075405
2025-06-04,-2.1106997570281414
2025-06-05,-3.4337874247223095
2025-06-06,-3.2237966950017616
2025-06-07,-2.4018662073211794
2025-06-08,-2.7559592648238094
2025-06-09,-2.1650597082838137
2025-06-10,-2.0847185622782747
2025-06-11,-2.285180294451121
2025-06-12,-2.4259165315669304
2025-06-13,-2.130256058900377
2025-06-14,-1.6438801006254091
2025-06-15,-6.7510745171146
2025-06-16,-3.72160463992267
2025-06-17,-7.69230769230769
2025-06-18,-5.201906021055889
2025-06-19,-4.790792994514096
2025-06-20,
2025-06-21,
2025-06-22,-6.58307210031348
2025-06-23,-6.940024791396816
2025-06-24,
2025-06-25,-2.918497755432357
2025-06-26,
2025-06-27,1.11940298507463
2025-06-28,
2025-06-29,-4.32835820895523
2025-06-30,-0.6566614864807496
2025-07-01,-4.275435486131617
2025-07-02,-2.4462448719371004
2025-07-03,-2.2479153066960875
2025-07-04,-1.268386337511308
2025-07-05,-0.6470003268359962
2025-07-06,-1.1360590630864802
2025-07-07,-1.9723077314394537
2025-07-08,-2.1538302274508716
2025-07-09,-2.258437054560978
2025-07-10,-1.736791393550641
2025-07-11,-1.946737970583176
2025-07-12,-2.145817807353733
2025-07-13,-2.1864831232045505
2025-07-14,-2.3731192405895465
2025-07-15,-2.956156939016076
2025-07-16,-2.523102141947468
2025-07-17,-2.07175628559365
2025-07-18,-3.370102347335108
2025-07-19,-3.504899754094847
2025-07-20,-3.109284494403869
2025-07-21,-3.660518405388306
2025-07-22,-4.563746029017179
2025-07-23,-3.7832740253152686
2025-07-24,-3.235225110561952
2025-07-25,-2.8966053236937395
2025-07-26,-3.124262217316669
2025-07-27,-2.610407234724299
2025-07-28,-2.4460761961700155
2025-07-29,-2.750577468319776
2025-07-30,-2.640227523704348
2025-07-31,-2.5923442473645695
2025-08-01,-2.3702094763716435
2025-08-02,-2.856168200869032
2025-08-03,-2.620385892623431
2025-08-04,-2.4050091367955067
2025-08-05,-2.7007297841516773
2025-08-06,-2.2735537168426583
2025-08-07,-2.444722546846084
2025-08-08,-3.6647485517936182
2025-08-09,-3.0076670847523164
2025-08-10,-3.32808850405356
2025-08-11,-3.2164414108423856
2025-08-12,-2.8668740649285125
2025-08-13,-3.0617192167818263
2025-08-14,-2.914577521006008
2025-08-15,-2.7246128461302854
2025-08-16,-1.7514291437821465
2025-08-17,-1.7514609071174045
2025-08-18,-2.665913008638779
2025-08-19,-2.7970264879191693
2025-08-20,-2.702017945740525
2025-08-21,-3.095679874322552
2025-08-22,-2.734969275307429
2025-08-23,-2.848109771307524
2025-08-24,-2.491555351227156
2025-08-25,-2.664930888772771
2025-08-26,-2.910049921023357
2025-08-27,-2.905828363137494
2025-08-28,-2.53234418247348
2025-08-29,-2.988939699171503
2025-08-30,-2.7858033539396856
2025-08-31,-3.4033843287537677
2025-09-01,-3.116335822856115
2025-09-02,-3.4776622616134523
2025-09-03,-4.402332660614399
2025-09-04,-4.067077031413167
2025-09-05,-4.00437189675839
2025-09-06,-4.256176221967695
2025-09-07,-4.0133267517697915
2025-09-08,-3.586426487953268
2025-09-09,-3.23420059206417
2025-09-10,-3.0344911318454675
2025-09-11,-2.959734295548559
2025-09-12,-3.0065470884794174
2025-09-13,-2.4712784874886062
2025-09-14,-3.2745027549559778
2025-09-15,-4.093051182159318
2025-09-16,-4.993039755702523
2025-09-17,-3.672923865289622
2025-09-18,-3.089123536816044
2025-09-19,-2.4278124926707467
2025-09-20,-4.393071539214099
2025-09-21,-4.397904285298145
2025-09-22,-3.996851802335594
2025-09-23,-3.632313144439388
2025-09-24,-3.0740277138182406
2025-09-25,-2.106572667121504
2025-09-26,-2.3573687318780423
2025-09-27,-3.576405180786555
2025-09-28,-3.223931254476706
2025-09-29,-2.900699090800645
2025-09-30,-2.8577258298028467
2025-10-01,-2.533909385628143
2025-10-02,-2.9249318169632166
2025-10-03,-4.722645040357165
2025-10-04,-4.165050196519828
2025-10-05,-3.2202576748218306
2025-10-06,-3.538905418076589
2025-10-07,-3.0844956262791374
2025-10-08,-2.088377278645005
2025-10-09,-2.8436430449100665
2025-10-10,0.49952763003696865
2025-10-11,-0.05797383380928543
2025-10-12,-0.7304184618495029
2025-10-13,-1.1827250305553851
2025-10-14,-2.035955474429464
2025-10-15,-2.8620622376779448
2025-10-16,-3.1319361451590257
2025-10-17,-3.244818421471823
2025-10-18,-2.5783986339643516
2025-10-19,-2.2660901502901045
2025-10-20,-2.077920987493096
2025-10-21,-1.91118966891302
2025-10-22,-2.76023802973031
2025-10-23,-3.1616917750629745
2025-10-24,-3.6216997114361744
2025-10-25,-4.026338158529796
2025-10-26,-3.497535223958102
2025-10-27,-3.6379579727154416
2025-10-28,-3.4640159503190437
2025-10-29,-3.2264500247850267
2025-10-30,-3.439534219355281
2025-10-31,-3.5287515125192117
2025-11-01,-3.436512888338434
2025-11-02,-3.2826862609949097
2025-11-03,-3.458602084797028
2025-11-04,-2.629636836114156
2025-11-05,-2.7450724415890506
2025-11-06,-2.7645022152208907
2025-11-07,-3.1926318861997496
2025-11-08,-2.3046355810666537
2025-11-09,-2.2169872292836197
2025-11-10,-2.9629777392094883
2025-11-11,-2.707754155340317
2025-11-12,-3.495245493224104
2025-11-13,-3.4749103125709153
2025-11-14,-2.9509712279763085
2025-11-15,-3.0155158690547235
2025-11-16,-3.128736531449559
2025-11-17,-3.3354617859575364
2025-11-18,-3.1050775204481003
2025-11-19,-2.6619762828839977
2025-11-20,-2.9475982027854064
2025-11-21,-2.452583047209307
2025-11-22,-2.622885597810449
2025-11-23,-3.4064913815992006
2025-11-24,-3.8762261714717052
2025-11-25,-3.328517958110581
2025-11-26,-3.219600636167611
2025-11-27,-2.7837538700460884
2025-11-28,-2.746633109925896
2025-11-29,-3.827409972095781
2025-11-30,-4.162177581653364
2025-12-01,-3.779315044454202
2025-12-02,-3.705393510470952
2025-12-03,-3.6264459174150083
2025-12-04,-3.3507715031852596
2025-12-05,-3.4192793458315314
2025-12-06,-2.5206617070228527
2025-12-07,-2.9222179889148534
2025-12-08,-3.0600641092896828
2025-12-09,-2.1380750904936785
2025-12-10,-1.5433703206415135
2025-12-11,-2.4777392576798407
2025-12-12,-3.379106961761205
2025-12-13,-2.9207766993614745
2025-12-14,-3.0577201060549024
2025-12-15,-3.0958965517272548
2025-12-16,-3.528448765106799
2025-12-17,-4.343886147477057
2025-12-18,-3.861006868636732
2025-12-19,-3.6282469476073143
2025-12-20,-4.0560310949437755
2025-12-21,-4.3292232223964
2025-12-22,-3.6718513694014936
2025-12-23,-3.7940479836749796
2025-12-24,-4.280125281241584
2025-12-25,-3.434048388957822
2025-12-26,-3.2864638761669727
2025-12-27,-3.4370882474204514
2025-12-28,-2.7126332391184267
2025-12-29,-3.210637993975222
2025-12-30,-4.038665948344627
2025-12-31,-3.9076464897449865
