project,article,start,end,peak,peak_date,R,X,D,censored
en.wikipedia,Ali_Khamenei,212,230,223,2026-01-10,22.88362480127186,145.8501076067499,19,False
en.wikipedia,Ali_Khamenei,272,285,273,2026-03-01,528.6320592592592,1220.9433177778424,14,False
en.wikipedia,Nahui_Ollin,194,194,194,2025-12-12,2.4342105263157894,1.4342105263157894,1,False
en.wikipedia,Nahui_Ollin,243,257,253,2026-02-09,479.97202797202794,3455.356841709199,15,False
en.wikipedia,Nahui_Ollin,259,259,259,2026-02-15,2.134831460674157,1.1348314606741572,1,False
en.wikipedia,Nahui_Ollin,266,267,266,2026-02-22,4.22447403379777,4.564389939263915,2,False
en.wikipedia,Nahui_Ollin,274,274,274,2026-03-02,4.058240227278936,3.0582402272789357,1,False
en.wikipedia,Nahui_Ollin,311,313,313,2026-04-10,15.701094568656949,33.288530372983345,3,False
en.wikipedia,Nahui_Ollin,319,334,326,2026-04-23,112.7380276267026,974.4076054709794,16,False
en.wikipedia,.xxx,39,52,39,2025-07-10,61.00864464340846,129.24741580069426,14,False
en.wikipedia,.xxx,82,95,84,2025-08-24,159.387181738367,918.8091222899114,14,False
en.wikipedia,.xxx,120,129,121,2025-09-30,71.68753691671589,264.1411695215593,10,False
en.wikipedia,.xxx,151,164,160,2025-11-08,65.2000137892995,423.98066139539026,14,False
en.wikipedia,.xxx,195,209,197,2025-12-15,16.817365531996984,105.80207972092528,15,False
en.wikipedia,.xxx,230,230,230,2026-01-17,2.296011826559463,1.2960118265594631,1,False
en.wikipedia,.xxx,258,264,263,2026-02-19,3.568112883031126,11.462837110086838,7,False
en.wikipedia,.xxx,272,274,273,2026-03-01,6.496392990530459,8.948334903113107,3,False
en.wikipedia,.xxx,356,356,356,2026-05-23,2.208566602774562,1.208566602774562,1,False
en.wikipedia,.xxx,359,359,359,2026-05-26,2.588104884350874,1.5881048843508738,1,False
en.wikipedia,Dhurandhar:_The_Revenge,279,281,279,2026-03-07,3.734170854271357,5.658435032304379,3,False
en.wikipedia,Dhurandhar:_The_Revenge,284,304,292,2026-03-20,36.55250366304626,270.1093601784936,21,False
en.wikipedia,Kyle_Busch,49,49,49,2025-07-20,2.346079066753078,1.3460790667530782,1,False
en.wikipedia,Kyle_Busch,56,56,56,2025-07-27,2.0653846153846156,1.0653846153846156,1,False
en.wikipedia,Kyle_Busch,63,63,63,2025-08-03,3.480436177036562,2.480436177036562,1,False
en.wikipedia,Kyle_Busch,84,84,84,2025-08-24,2.242424242424242,1.2424242424242422,1,False
en.wikipedia,Kyle_Busch,134,134,134,2025-10-13,2.87007874015748,1.87007874015748,1,False
en.wikipedia,Kyle_Busch,140,140,140,2025-10-19,3.069182389937107,2.069182389937107,1,False
en.wikipedia,Kyle_Busch,154,155,155,2025-11-03,3.136887608069164,3.593659942363112,2,False
en.wikipedia,Kyle_Busch,200,201,201,2025-12-19,3.0378510378510377,3.518925518925519,2,False
en.wikipedia,Kyle_Busch,256,263,259,2026-02-15,18.356377799415775,45.89591569598558,8,False
en.wikipedia,Kyle_Busch,265,267,266,2026-02-22,7.514595496246872,12.82508022221908,3,False
en.wikipedia,Kyle_Busch,322,322,322,2026-04-19,2.72430224642614,1.7243022464261402,1,False
en.wikipedia,Kyle_Busch,329,329,329,2026-04-26,2.1021102791014297,1.1021102791014297,1,False
en.wikipedia,Kyle_Busch,335,336,335,2026-05-02,2.33354797166774,2.463387161661784,2,False
en.wikipedia,Kyle_Busch,349,349,349,2026-05-16,2.249310535024821,1.2493105350248208,1,False
en.wikipedia,Kyle_Busch,354,367,355,2026-05-22,1594.7037516170763,3711.034392856891,14,False
en.wikipedia,Brandon_Clarke,110,110,110,2025-09-19,2.127659574468085,1.127659574468085,1,False
en.wikipedia,Brandon_Clarke,117,117,117,2025-09-26,2.3013698630136985,1.3013698630136985,1,False
en.wikipedia,Brandon_Clarke,144,144,144,2025-10-23,2.4097560975609755,1.4097560975609755,1,False
en.wikipedia,Brandon_Clarke,148,149,149,2025-10-28,2.4326923076923075,2.721153846153846,2,False
en.wikipedia,Brandon_Clarke,153,153,153,2025-11-01,2.6695652173913045,1.6695652173913045,1,False
en.wikipedia,Brandon_Clarke,177,177,177,2025-11-25,2.364705882352941,1.3647058823529412,1,False
en.wikipedia,Brandon_Clarke,200,200,200,2025-12-18,3.5353535353535355,2.5353535353535355,1,False
en.wikipedia,Brandon_Clarke,228,228,228,2026-01-15,2.044943820224719,1.0449438202247192,1,False
en.wikipedia,Brandon_Clarke,247,249,247,2026-02-03,2.3407407407407406,3.975427087604209,3,False
en.wikipedia,Brandon_Clarke,304,308,305,2026-04-02,26.57875457875458,37.25470055032266,5,False
en.wikipedia,Brandon_Clarke,310,310,310,2026-04-07,2.5723684210526314,1.5723684210526314,1,False
en.wikipedia,Brandon_Clarke,345,358,345,2026-05-12,3746.5016077170417,7099.603801741689,14,False
en.wikipedia,Backrooms_(film),302,315,304,2026-04-01,19.727951070336392,76.78124106800841,14,False
en.wikipedia,Backrooms_(film),341,343,342,2026-05-09,2.2274771024146545,3.5606439078545655,3,False
en.wikipedia,Backrooms_(film),347,348,347,2026-05-14,2.1659728004440746,2.2973518525463534,2,False
en.wikipedia,Backrooms_(film),351,353,353,2026-05-20,2.4149144137700853,4.071929961870812,3,False
en.wikipedia,Backrooms_(film),358,373,363,2026-05-30,23.339029894267096,152.3993479133233,16,False
en.wikipedia,Michael_Jackson,158,165,159,2025-11-07,4.233869167224827,15.190825372686765,8,False
en.wikipedia,Michael_Jackson,247,249,247,2026-02-03,2.191167057819501,3.309176418271585,3,False
en.wikipedia,Michael_Jackson,253,253,253,2026-02-09,2.014199459935071,1.014199459935071,1,False
en.wikipedia,Michael_Jackson,255,255,255,2026-02-11,2.0390809405718726,1.0390809405718726,1,False
en.wikipedia,Michael_Jackson,311,318,314,2026-04-11,2.7751380291115946,10.33874700818496,8,False
en.wikipedia,Michael_Jackson,324,339,329,2026-04-26,9.02129356408007,72.76687008546801,16,False
en.wikipedia,Cesar_Chavez,106,110,109,2025-09-18,2.362709395484341,6.168269059618005,5,False
en.wikipedia,Cesar_Chavez,113,113,113,2025-09-22,2.022727272727273,1.022727272727273,1,False
en.wikipedia,Cesar_Chavez,216,219,217,2026-01-04,2.9256281407035174,6.085668775674249,4,False
en.wikipedia,Cesar_Chavez,289,303,291,2026-03-19,208.2548156301596,665.6462375494267,15,False
en.wikipedia,2026_NFL_draft,52,52,52,2025-07-23,2.493827160493827,1.4938271604938271,1,False
en.wikipedia,2026_NFL_draft,61,61,61,2025-08-01,2.5137254901960784,1.5137254901960784,1,False
en.wikipedia,2026_NFL_draft,79,79,79,2025-08-19,2.0988296488946685,1.0988296488946685,1,False
en.wikipedia,2026_NFL_draft,88,90,89,2025-08-29,3.6992936427850656,5.926433938852597,3,False
en.wikipedia,2026_NFL_draft,155,157,156,2025-11-04,5.556657223796034,9.640226628895185,3,False
en.wikipedia,2026_NFL_draft,162,162,162,2025-11-10,2.0218368657675017,1.0218368657675017,1,False
en.wikipedia,2026_NFL_draft,169,169,169,2025-11-17,2.3952434881087203,1.3952434881087203,1,False
en.wikipedia,2026_NFL_draft,198,198,198,2025-12-16,2.0569456427955135,1.0569456427955135,1,False
en.wikipedia,2026_NFL_draft,210,213,211,2025-12-29,3.0539419087136928,5.837528572940611,4,False
en.wikipedia,2026_NFL_draft,217,221,218,2026-01-05,17.667174641877477,25.769945779474988,5,False
en.wikipedia,2026_NFL_draft,223,226,224,2026-01-11,2.8791931593948696,6.907914748073869,4,False
en.wikipedia,2026_NFL_draft,233,233,233,2026-01-20,2.7644536832532154,1.7644536832532154,1,False
en.wikipedia,2026_NFL_draft,253,253,253,2026-02-09,2.004634322954381,1.0046343229543808,1,False
en.wikipedia,2026_NFL_draft,276,276,276,2026-03-04,2.1169744942832014,1.1169744942832014,1,False
en.wikipedia,2026_NFL_draft,279,279,279,2026-03-07,2.90798939795532,1.90798939795532,1,False
en.wikipedia,2026_NFL_draft,281,282,281,2026-03-09,2.50112632126148,2.853924796395772,2,False
en.wikipedia,2026_NFL_draft,319,319,319,2026-04-16,2.0705572040883613,1.0705572040883613,1,False
en.wikipedia,2026_NFL_draft,322,334,327,2026-04-24,84.81216044387932,215.5132521504136,13,False
en.wikipedia,Artemis_II,114,118,115,2025-09-24,6.1643213799364505,15.22790159401988,5,False
en.wikipedia,Artemis_II,213,243,230,2026-01-17,8.120455317703025,61.91298701114298,31,False
en.wikipedia,Artemis_II,246,247,246,2026-02-02,2.833181790628599,3.5050708798982115,2,False
en.wikipedia,Artemis_II,296,296,296,2026-03-24,2.1768999570631173,1.1768999570631173,1,False
en.wikipedia,Artemis_II,298,315,304,2026-04-01,155.74557220708448,562.2452567225608,18,False
en.wikipedia,Artemis_II,373,373,373,2026-06-09,2.048754914809961,1.0487549148099609,1,False
en.wikipedia,Eric_Swalwell,39,39,39,2025-07-10,2.382033096926714,1.382033096926714,1,False
en.wikipedia,Eric_Swalwell,50,50,50,2025-07-21,2.225077081192189,1.2250770811921892,1,False
en.wikipedia,Eric_Swalwell,57,57,57,2025-07-28,2.2724853645556147,1.2724853645556147,1,False
en.wikipedia,Eric_Swalwell,59,61,61,2025-08-01,5.500467726847521,9.068350820509547,3,False
en.wikipedia,Eric_Swalwell,75,75,75,2025-08-15,2.106436898124683,1.106436898124683,1,False
en.wikipedia,Eric_Swalwell,78,79,78,2025-08-18,3.8684087727484835,4.264115725618292,2,False
en.wikipedia,Eric_Swalwell,108,118,109,2025-09-18,22.386317907444667,73.03727887943387,11,False
en.wikipedia,Eric_Swalwell,120,121,120,2025-09-29,3.4684731631057844,3.758222961330159,2,False
en.wikipedia,Eric_Swalwell,129,130,130,2025-10-09,3.4676764944549636,4.750182404620448,2,False
en.wikipedia,Eric_Swalwell,147,149,148,2025-10-27,4.2669172932330826,6.803007518796992,3,False
en.wikipedia,Eric_Swalwell,165,171,166,2025-11-14,12.540519877675841,27.307543427072737,7,False
en.wikipedia,Eric_Swalwell,173,179,173,2025-11-21,22.832526127963295,47.37607064645248,7,False
en.wikipedia,Eric_Swalwell,200,201,201,2025-12-19,2.328978367958878,2.3769543799528807,2,False
en.wikipedia,Eric_Swalwell,216,216,216,2026-01-03,3.6205872649290662,2.6205872649290662,1,False
en.wikipedia,Eric_Swalwell,222,222,222,2026-01-09,2.522977346278317,1.5229773462783172,1,False
en.wikipedia,Eric_Swalwell,229,229,229,2026-01-16,2.045084193373167,1.045084193373167,1,False
en.wikipedia,Eric_Swalwell,231,233,232,2026-01-19,3.366230994931982,5.764824538813413,3,False
en.wikipedia,Eric_Swalwell,235,236,236,2026-01-23,2.7327456460976136,3.2518432561043147,2,False
en.wikipedia,Eric_Swalwell,255,255,255,2026-02-11,2.1942171303873432,1.1942171303873432,1,False
en.wikipedia,Eric_Swalwell,262,262,262,2026-02-18,5.022367703218767,4.022367703218767,1,False
en.wikipedia,Eric_Swalwell,273,274,273,2026-03-01,2.4146915143839336,2.4271204916566607,2,False
en.wikipedia,Eric_Swalwell,284,285,285,2026-03-13,3.5405690200210747,4.063525515580309,2,False
en.wikipedia,Eric_Swalwell,303,306,305,2026-04-02,3.485995912970309,7.566670658036253,4,False
en.wikipedia,Eric_Swalwell,310,311,310,2026-04-07,2.2482010842779694,2.3137024288803514,2,False
en.wikipedia,Eric_Swalwell,313,322,314,2026-04-11,70.4886669227814,281.2711421154786,10,False
en.wikipedia,Eric_Swalwell,366,367,367,2026-06-03,3.229122055674518,3.476659528907923,2,False
en.wikipedia,List_of_highest-grossing_Indian_films,57,59,58,2025-07-29,2.3185127113898534,3.393473290797494,3,False
en.wikipedia,List_of_highest-grossing_Indian_films,78,78,78,2025-08-18,2.0107967338523722,1.0107967338523722,1,False
en.wikipedia,List_of_highest-grossing_Indian_films,127,127,127,2025-10-06,2.1309138042773816,1.1309138042773816,1,False
en.wikipedia,List_of_highest-grossing_Indian_films,129,136,133,2025-10-12,2.880255716744529,11.715037191686125,8,False
en.wikipedia,List_of_highest-grossing_Indian_films,195,216,205,2025-12-23,10.22196397443347,98.85848210536483,22,False
en.wikipedia,List_of_highest-grossing_Indian_films,291,307,302,2026-03-30,23.370342710148535,208.45178083241527,17,False
en.wikipedia,Obsession_(2025_film),119,120,120,2025-09-29,2.6391478029294273,2.9218225749659013,2,False
en.wikipedia,Obsession_(2025_film),129,129,129,2025-10-08,3.437442922374429,2.437442922374429,1,False
en.wikipedia,Obsession_(2025_film),131,134,132,2025-10-11,4.329411764705882,10.423529411764706,4,False
en.wikipedia,Obsession_(2025_film),184,197,185,2025-12-03,27.405966277561607,126.13257844699905,14,False
en.wikipedia,Obsession_(2025_film),256,259,257,2026-02-13,6.146916890080429,15.765147453083108,4,False
en.wikipedia,Obsession_(2025_film),283,295,284,2026-03-12,17.80656455142232,60.762614014837204,13,False
en.wikipedia,Obsession_(2025_film),319,319,319,2026-04-16,2.1552162849872776,1.1552162849872776,1,False
en.wikipedia,Obsession_(2025_film),325,326,325,2026-04-22,3.682931850936792,4.262301832406836,2,False
en.wikipedia,Obsession_(2025_film),330,361,349,2026-05-16,19.259645079511408,191.16671406352378,32,False
en.wikipedia,The_Devil_Wears_Prada_2,50,62,53,2025-07-24,8.26944065484311,47.99796463560622,13,False
en.wikipedia,The_Devil_Wears_Prada_2,119,119,119,2025-09-28,2.887384615384615,1.8873846153846152,1,False
en.wikipedia,The_Devil_Wears_Prada_2,162,162,162,2025-11-10,2.039805673091992,1.0398056730919918,1,False
en.wikipedia,The_Devil_Wears_Prada_2,164,169,165,2025-11-13,12.365432098765432,27.605832781304343,6,False
en.wikipedia,The_Devil_Wears_Prada_2,245,252,246,2026-02-02,18.96197718631179,36.826225653654646,8,False
en.wikipedia,The_Devil_Wears_Prada_2,284,288,285,2026-03-13,3.4357116081469448,9.177183556166437,5,False
en.wikipedia,The_Devil_Wears_Prada_2,309,315,310,2026-04-07,3.3718676329346025,10.910878001062631,7,False
en.wikipedia,The_Devil_Wears_Prada_2,324,344,336,2026-05-03,13.430663271211946,85.8753394350435,21,False
en.wikipedia,Eurovision_Song_Contest_2026,78,78,78,2025-08-18,2.397194663017448,1.3971946630174479,1,False
en.wikipedia,Eurovision_Song_Contest_2026,80,80,80,2025-08-20,4.163025210084034,3.163025210084034,1,False
en.wikipedia,Eurovision_Song_Contest_2026,103,103,103,2025-09-12,2.4842239185750636,1.4842239185750636,1,False
en.wikipedia,Eurovision_Song_Contest_2026,151,153,152,2025-10-31,3.95864106351551,5.78460335389695,3,False
en.wikipedia,Eurovision_Song_Contest_2026,155,158,155,2025-11-03,4.043618038057173,7.536679650630475,4,False
en.wikipedia,Eurovision_Song_Contest_2026,186,194,186,2025-12-04,12.967745671434361,38.13705135296977,9,False
en.wikipedia,Eurovision_Song_Contest_2026,225,225,225,2026-01-12,2.1018817715263256,1.1018817715263256,1,False
en.wikipedia,Eurovision_Song_Contest_2026,230,231,231,2026-01-18,2.675663688779066,3.0053855414053094,2,False
en.wikipedia,Eurovision_Song_Contest_2026,237,237,237,2026-01-24,2.0323363932484453,1.0323363932484453,1,False
en.wikipedia,Eurovision_Song_Contest_2026,258,261,259,2026-02-15,2.981059011701322,5.90257381738381,4,False
en.wikipedia,Eurovision_Song_Contest_2026,272,273,273,2026-03-01,3.6377517532041317,4.578989187135109,2,False
en.wikipedia,Eurovision_Song_Contest_2026,278,280,279,2026-03-07,2.8725077536552948,4.7135272485000215,3,False
en.wikipedia,Eurovision_Song_Contest_2026,341,353,350,2026-05-17,27.202333195001614,115.51243599014877,13,False
en.wikipedia,Michael_(2026_film),53,56,53,2025-07-24,4.120980091883614,7.0562784488299455,4,False
en.wikipedia,Michael_(2026_film),94,96,95,2025-09-04,3.6513994910941476,5.037870861910851,3,False
en.wikipedia,Michael_(2026_film),154,154,154,2025-11-02,2.588626907073509,1.5886269070735088,1,False
en.wikipedia,Michael_(2026_film),158,170,159,2025-11-07,82.00691673317371,287.0233552802727,13,False
en.wikipedia,Michael_(2026_film),246,255,246,2026-02-02,11.23235893949694,36.55294283562547,10,False
en.wikipedia,Michael_(2026_film),306,318,314,2026-04-11,3.3598200263169065,21.682905231982716,13,False
en.wikipedia,Michael_(2026_film),324,337,329,2026-04-26,11.949313621964096,85.9551964542525,14,False
en.wikipedia,Mojtaba_Khamenei,212,231,224,2026-01-11,31.79277108433735,220.1298386986133,20,False
en.wikipedia,Mojtaba_Khamenei,265,266,265,2026-02-21,3.031045751633987,3.380718954248366,2,False
en.wikipedia,Mojtaba_Khamenei,272,287,281,2026-03-09,732.743626062323,3443.3008844180918,16,False
en.wikipedia,Ruhollah_Khomeini,212,230,224,2026-01-11,18.50875232774674,109.91174119738804,19,False
en.wikipedia,Ruhollah_Khomeini,272,285,273,2026-03-01,151.40374724467304,409.4171187380169,14,False
en.wikipedia,Andoni_Iraola,55,56,55,2025-07-26,4.754797441364605,4.878464818763326,2,False
en.wikipedia,Andoni_Iraola,60,61,60,2025-07-31,6.9937106918239,7.197030193898589,2,False
en.wikipedia,Andoni_Iraola,63,63,63,2025-08-03,4.377049180327869,3.3770491803278686,1,False
en.wikipedia,Andoni_Iraola,71,78,75,2025-08-15,34.37967914438503,52.97255350445099,8,False
en.wikipedia,Andoni_Iraola,83,84,83,2025-08-23,2.561679790026247,2.561679790026247,2,False
en.wikipedia,Andoni_Iraola,88,92,90,2025-08-30,6.416428978893325,14.958990549750514,5,False
en.wikipedia,Andoni_Iraola,104,108,107,2025-09-16,5.243195785776997,13.784972442528652,5,False
en.wikipedia,Andoni_Iraola,112,112,112,2025-09-21,2.909090909090909,1.9090909090909092,1,False
en.wikipedia,Andoni_Iraola,118,120,118,2025-09-27,4.559942049981891,8.106845345889171,3,False
en.wikipedia,Andoni_Iraola,124,125,124,2025-10-03,5.536399855124955,8.735843913498826,2,False
en.wikipedia,Andoni_Iraola,139,140,139,2025-10-18,3.437812860993454,3.459376203311513,2,False
en.wikipedia,Andoni_Iraola,147,148,147,2025-10-26,4.769113149847095,5.675076452599388,2,False
en.wikipedia,Andoni_Iraola,150,151,151,2025-10-30,2.542284866468843,2.685251227325112,2,False
en.wikipedia,Andoni_Iraola,153,155,154,2025-11-02,8.820474777448071,10.27818991097923,3,False
en.wikipedia,Andoni_Iraola,175,175,175,2025-11-23,2.1736490588949606,1.1736490588949606,1,False
en.wikipedia,Andoni_Iraola,179,179,179,2025-11-27,2.590018951358181,1.5900189513581808,1,False
en.wikipedia,Andoni_Iraola,181,181,181,2025-11-29,2.069488313329122,1.069488313329122,1,False
en.wikipedia,Andoni_Iraola,188,188,188,2025-12-06,2.05103668261563,1.05103668261563,1,False
en.wikipedia,Andoni_Iraola,197,198,197,2025-12-15,7.163398692810458,7.653676470588236,2,False
en.wikipedia,Andoni_Iraola,212,212,212,2025-12-30,2.97,1.9700000000000002,1,False
en.wikipedia,Andoni_Iraola,214,221,218,2026-01-05,12.037007240547064,43.011320526078364,8,False
en.wikipedia,Andoni_Iraola,232,232,232,2026-01-19,2.3358050847457625,1.3358050847457625,1,False
en.wikipedia,Andoni_Iraola,237,238,237,2026-01-24,5.646374216651746,5.7712728379007325,2,False
en.wikipedia,Andoni_Iraola,255,255,255,2026-02-11,2.3562453806356247,1.3562453806356247,1,False
en.wikipedia,Andoni_Iraola,265,265,265,2026-02-21,2.596401028277635,1.596401028277635,1,False
en.wikipedia,Andoni_Iraola,272,272,272,2026-02-28,3.5262172284644193,2.5262172284644193,1,False
en.wikipedia,Andoni_Iraola,288,288,288,2026-03-16,2.210526315789474,1.210526315789474,1,False
en.wikipedia,Andoni_Iraola,292,294,292,2026-03-20,13.71513353115727,19.93469249568268,3,False
en.wikipedia,Andoni_Iraola,314,328,317,2026-04-14,58.83913452492944,228.85621827942688,15,False
en.wikipedia,Andoni_Iraola,330,330,330,2026-04-27,2.1181026137463697,1.1181026137463697,1,False
en.wikipedia,Andoni_Iraola,352,355,352,2026-05-19,8.520029311187104,18.461651196873472,4,False
en.wikipedia,Andoni_Iraola,357,361,358,2026-05-25,3.1655303453671624,7.654880743468854,5,False
en.wikipedia,Andoni_Iraola,363,370,363,2026-05-30,53.04989604989605,123.38407405838535,8,False
en.wikipedia,Tiger_Woods,47,51,49,2025-07-20,8.73672941386386,16.722211798269583,5,False
en.wikipedia,Tiger_Woods,118,120,119,2025-09-28,3.060820662362008,5.095605082274526,3,False
en.wikipedia,Tiger_Woods,133,133,133,2025-10-12,2.2379552137525445,1.2379552137525445,1,False
en.wikipedia,Tiger_Woods,165,166,165,2025-11-13,2.1741952934812008,2.274817419529348,2,False
en.wikipedia,Tiger_Woods,212,213,212,2025-12-30,3.9196254389387435,4.676550916894264,2,False
en.wikipedia,Tiger_Woods,252,253,252,2026-02-08,3.720676389013152,3.8679604495652447,2,False
en.wikipedia,Tiger_Woods,255,255,255,2026-02-11,2.0126905790076672,1.0126905790076672,1,False
en.wikipedia,Tiger_Woods,296,297,297,2026-03-25,3.281523679959187,3.746620185358388,2,False
en.wikipedia,Tiger_Woods,299,310,300,2026-03-28,36.896692458124306,127.86499925124424,12,False
en.wikipedia,Tiger_Woods,312,316,315,2026-04-12,4.1197369313173775,8.62693602807566,5,False
en.wikipedia,Dota:_Dragon's_Blood,32,32,32,2025-07-03,2.572649572649573,1.5726495726495728,1,False
en.wikipedia,Dota:_Dragon's_Blood,353,358,354,2026-05-21,775.0722100656455,989.9704330680261,6,False
en.wikipedia,Project_Hail_Mary_(film),170,176,171,2025-11-19,7.773138183383556,25.01942136904039,7,False
en.wikipedia,Project_Hail_Mary_(film),252,255,253,2026-02-09,8.682775284777357,12.82985231825194,4,False
en.wikipedia,Project_Hail_Mary_(film),260,260,260,2026-02-16,2.254907138456122,1.254907138456122,1,False
en.wikipedia,Project_Hail_Mary_(film),278,278,278,2026-03-06,2.0395275778422874,1.0395275778422874,1,False
en.wikipedia,Project_Hail_Mary_(film),280,280,280,2026-03-08,2.16433884924852,1.1643388492485198,1,False
en.wikipedia,Project_Hail_Mary_(film),282,304,294,2026-03-22,9.853658536585366,81.09843145865575,23,False
en.wikipedia,Iran,214,229,224,2026-01-11,12.229988583026767,67.46631899861032,16,False
en.wikipedia,Iran,272,285,273,2026-03-01,60.37489729645135,223.1878909896995,14,False
en.wikipedia,List_of_European_Cup_and_UEFA_Champions_League_finals,107,109,108,2025-09-17,2.3301376597836776,3.4685911045762055,3,False
en.wikipedia,List_of_European_Cup_and_UEFA_Champions_League_finals,121,121,121,2025-09-30,2.3194179389312977,1.3194179389312977,1,False
en.wikipedia,List_of_European_Cup_and_UEFA_Champions_League_finals,156,157,156,2025-11-04,2.5054334091483446,2.790931326603854,2,False
en.wikipedia,List_of_European_Cup_and_UEFA_Champions_League_finals,178,178,178,2025-11-26,2.381096790497852,1.381096790497852,1,False
en.wikipedia,List_of_European_Cup_and_UEFA_Champions_League_finals,192,192,192,2025-12-10,2.235324742938956,1.235324742938956,1,False
en.wikipedia,List_of_European_Cup_and_UEFA_Champions_League_finals,234,234,234,2026-01-21,2.309194467046379,1.309194467046379,1,False
en.wikipedia,List_of_European_Cup_and_UEFA_Champions_League_finals,241,242,242,2026-01-29,2.417058351484581,2.4304239465992254,2,False
en.wikipedia,List_of_European_Cup_and_UEFA_Champions_League_finals,269,269,269,2026-02-25,2.566127497621313,1.5661274976213129,1,False
en.wikipedia,List_of_European_Cup_and_UEFA_Champions_League_finals,271,271,271,2026-02-27,2.843244529019981,1.843244529019981,1,False
en.wikipedia,List_of_European_Cup_and_UEFA_Champions_League_finals,283,284,283,2026-03-11,3.109095032887276,3.4643894164334395,2,False
en.wikipedia,List_of_European_Cup_and_UEFA_Champions_League_finals,289,291,290,2026-03-18,3.219548872180451,4.810714285714285,3,False
en.wikipedia,List_of_European_Cup_and_UEFA_Champions_League_finals,310,311,311,2026-04-08,2.5935531001735,2.642133138526162,2,False
en.wikipedia,List_of_European_Cup_and_UEFA_Champions_League_finals,317,319,318,2026-04-15,5.4668494089429505,9.158129175946549,3,False
en.wikipedia,List_of_European_Cup_and_UEFA_Champions_League_finals,331,332,331,2026-04-28,3.2554243109659042,4.4637403192819125,2,False
en.wikipedia,List_of_European_Cup_and_UEFA_Champions_League_finals,338,341,339,2026-05-06,10.059038389862094,19.180320536712635,4,False
en.wikipedia,List_of_European_Cup_and_UEFA_Champions_League_finals,353,353,353,2026-05-20,2.626803136409888,1.626803136409888,1,False
en.wikipedia,List_of_European_Cup_and_UEFA_Champions_League_finals,363,365,363,2026-05-30,18.286586130502027,26.437052020322383,3,False
en.wikipedia,Orthohantavirus,336,349,340,2026-05-07,1638.4271457085829,8741.06155189083,14,False
en.wikipedia,Enhypen,60,60,60,2025-07-31,2.1308716989950924,1.1308716989950924,1,False
en.wikipedia,Enhypen,180,182,180,2025-11-28,3.7355221158230734,6.634054075878485,3,False
en.wikipedia,Enhypen,184,184,184,2025-12-02,2.663082437275986,1.6630824372759858,1,False
en.wikipedia,Enhypen,229,229,229,2026-01-16,2.2521534847298357,1.2521534847298357,1,False
en.wikipedia,Enhypen,282,295,282,2026-03-10,114.00420875420875,281.9237598769877,14,False
en.wikipedia,Deaths_in_2026,176,176,176,2025-11-24,3.090909090909091,2.090909090909091,1,False
en.wikipedia,Deaths_in_2026,183,186,185,2025-12-03,9.454545454545455,20.893939393939394,4,False
en.wikipedia,Deaths_in_2026,207,208,208,2025-12-26,4.7272727272727275,4.927272727272728,2,False
en.wikipedia,Deaths_in_2026,210,228,215,2026-01-02,12115.333333333334,97656.0216487657,19,False
en.wikipedia,Murder_of_Dominic_Russo_and_Davion_Flanagan,144,144,144,2025-10-23,2.92316580011554,1.92316580011554,1,False
en.wikipedia,Murder_of_Dominic_Russo_and_Davion_Flanagan,149,152,150,2025-10-29,10.561101549053356,15.569018055167392,4,False
en.wikipedia,Murder_of_Dominic_Russo_and_Davion_Flanagan,167,168,167,2025-11-15,3.6649586125344897,4.474574742817545,2,False
en.wikipedia,Murder_of_Dominic_Russo_and_Davion_Flanagan,211,211,211,2025-12-29,5.389891696750903,4.389891696750903,1,False
en.wikipedia,Murder_of_Dominic_Russo_and_Davion_Flanagan,221,221,221,2026-01-08,2.157244477723699,1.1572444777236992,1,False
en.wikipedia,Murder_of_Dominic_Russo_and_Davion_Flanagan,288,293,290,2026-03-18,5.1198224852071,13.232248520710058,6,False
en.wikipedia,Murder_of_Dominic_Russo_and_Davion_Flanagan,333,339,334,2026-05-01,6.376735280038296,18.514965271675944,7,False
en.wikipedia,Murder_of_Dominic_Russo_and_Davion_Flanagan,347,361,352,2026-05-19,64.1272352877425,413.0043973022361,15,False
en.wikipedia,Spirit_Airlines,72,74,73,2025-08-13,3.159748427672956,5.358727615177429,3,False
en.wikipedia,Spirit_Airlines,90,90,90,2025-08-30,3.3655274888558693,2.3655274888558693,1,False
en.wikipedia,Spirit_Airlines,319,328,326,2026-04-23,7.226495726495727,39.012054795129956,10,False
en.wikipedia,Spirit_Airlines,334,344,335,2026-05-02,192.89997049277073,418.61322847552,11,False
en.wikipedia,Michael_Malone,103,103,103,2025-09-12,2.5665236051502145,1.5665236051502145,1,False
en.wikipedia,Michael_Malone,127,127,127,2025-10-06,3.183098591549296,2.183098591549296,1,False
en.wikipedia,Michael_Malone,134,134,134,2025-10-13,2.017910447761194,1.017910447761194,1,False
en.wikipedia,Michael_Malone,137,139,138,2025-10-17,4.771428571428571,8.820675883256527,3,False
en.wikipedia,Michael_Malone,143,147,144,2025-10-23,17.760391198044008,36.55245211071382,5,False
en.wikipedia,Michael_Malone,149,149,149,2025-10-28,2.2315436241610738,1.2315436241610738,1,False
en.wikipedia,Michael_Malone,151,151,151,2025-10-30,2.341678939617084,1.341678939617084,1,False
en.wikipedia,Michael_Malone,158,158,158,2025-11-06,4.172539489671932,3.172539489671932,1,False
en.wikipedia,Michael_Malone,206,206,206,2025-12-24,2.009917355371901,1.009917355371901,1,False
en.wikipedia,Michael_Malone,208,208,208,2025-12-26,3.4195688225538974,2.4195688225538974,1,False
en.wikipedia,Michael_Malone,212,212,212,2025-12-30,2.4760330578512395,1.4760330578512395,1,False
en.wikipedia,Michael_Malone,221,221,221,2026-01-08,2.5648604269293926,1.5648604269293926,1,False
en.wikipedia,Michael_Malone,228,228,228,2026-01-15,2.411483253588517,1.411483253588517,1,False
en.wikipedia,Michael_Malone,244,244,244,2026-01-31,2.425324675324675,1.425324675324675,1,False
en.wikipedia,Michael_Malone,249,249,249,2026-02-05,3.823434991974318,2.823434991974318,1,False
en.wikipedia,Michael_Malone,252,252,252,2026-02-08,2.241001564945227,1.2410015649452268,1,False
en.wikipedia,Michael_Malone,272,273,273,2026-03-01,5.937869822485207,7.5828402366863905,2,False
en.wikipedia,Michael_Malone,279,279,279,2026-03-07,2.625194401244168,1.6251944012441681,1,False
en.wikipedia,Michael_Malone,287,287,287,2026-03-15,2.5959302325581395,1.5959302325581395,1,False
en.wikipedia,Michael_Malone,293,293,293,2026-03-21,2.202739726027397,1.202739726027397,1,False
en.wikipedia,Michael_Malone,297,297,297,2026-03-25,3.8327272727272725,2.8327272727272725,1,False
en.wikipedia,Michael_Malone,307,318,309,2026-04-06,476.02153110047846,831.8022500925103,12,False
en.wikipedia,Michael_Malone,334,334,334,2026-05-01,2.463698630136986,1.463698630136986,1,False
en.wikipedia,Fernando_Mendoza,37,37,37,2025-07-08,2.1149425287356323,1.1149425287356323,1,False
en.wikipedia,Fernando_Mendoza,44,44,44,2025-07-15,2.3854545454545453,1.3854545454545453,1,False
en.wikipedia,Fernando_Mendoza,79,79,79,2025-08-19,2.4827586206896552,1.4827586206896552,1,False
en.wikipedia,Fernando_Mendoza,87,93,90,2025-08-30,14.760299625468164,30.49676148991411,7,False
en.wikipedia,Fernando_Mendoza,97,98,97,2025-09-06,7.580286168521463,9.29065202218,2,False
en.wikipedia,Fernando_Mendoza,103,105,104,2025-09-13,15.335085413929042,19.475286717071945,3,False
en.wikipedia,Fernando_Mendoza,111,120,112,2025-09-21,36.5439763488544,68.89407776855981,10,False
en.wikipedia,Fernando_Mendoza,130,130,130,2025-10-09,2.1822189566495225,1.1822189566495225,1,False
en.wikipedia,Fernando_Mendoza,132,136,132,2025-10-11,17.014939309056956,28.88364161174355,5,False
en.wikipedia,Fernando_Mendoza,139,141,139,2025-10-18,3.264957264957265,5.336864718618367,3,False
en.wikipedia,Fernando_Mendoza,146,147,146,2025-10-25,9.79895261208328,11.144207433899604,2,False
en.wikipedia,Fernando_Mendoza,153,153,153,2025-11-01,3.055060054703294,2.055060054703294,1,False
en.wikipedia,Fernando_Mendoza,160,161,160,2025-11-08,9.71368166717004,12.642907480116783,2,False
en.wikipedia,Fernando_Mendoza,167,168,167,2025-11-15,3.1269965374734725,3.708254216463755,2,False
en.wikipedia,Fernando_Mendoza,181,181,181,2025-11-29,5.569965075669383,4.569965075669383,1,False
en.wikipedia,Fernando_Mendoza,188,200,196,2025-12-14,76.581558970561,205.89419168214755,13,False
en.wikipedia,Fernando_Mendoza,214,216,214,2026-01-01,17.623273855702095,33.46525006073097,3,False
en.wikipedia,Fernando_Mendoza,222,225,223,2026-01-10,33.60439483536863,38.19425565310562,4,False
en.wikipedia,Fernando_Mendoza,232,237,233,2026-01-20,51.09076127983276,70.0974825734912,6,False
en.wikipedia,Fernando_Mendoza,305,305,305,2026-04-02,3.343668018125447,2.343668018125447,1,False
en.wikipedia,Fernando_Mendoza,310,312,311,2026-04-08,3.25346062052506,5.010023866348449,3,False
en.wikipedia,Fernando_Mendoza,324,334,327,2026-04-24,74.17966237942122,132.6433977378461,11,False
en.wikipedia,Fernando_Mendoza,371,371,371,2026-06-07,2.3293038766152563,1.3293038766152563,1,False
en.wikipedia,Joe_Kent,49,49,49,2025-07-20,2.1279761904761907,1.1279761904761907,1,False
en.wikipedia,Joe_Kent,59,67,60,2025-07-31,23.239842726081257,87.33519946030884,9,False
en.wikipedia,Joe_Kent,111,113,112,2025-09-21,4.721387283236994,7.532475469023115,3,False
en.wikipedia,Joe_Kent,149,162,149,2025-10-28,37.671840354767184,105.97388989708291,14,False
en.wikipedia,Joe_Kent,193,194,193,2025-12-11,6.508420208500401,8.777866880513232,2,False
en.wikipedia,Joe_Kent,207,207,207,2025-12-25,2.581081081081081,1.5810810810810811,1,False
en.wikipedia,Joe_Kent,230,230,230,2026-01-17,2.326241134751773,1.3262411347517729,1,False
en.wikipedia,Joe_Kent,249,249,249,2026-02-05,2.341463414634146,1.3414634146341462,1,False
en.wikipedia,Joe_Kent,261,261,261,2026-02-17,2.1176470588235294,1.1176470588235294,1,False
en.wikipedia,Joe_Kent,272,273,273,2026-03-01,2.8534031413612566,2.9329787381782326,2,False
en.wikipedia,Joe_Kent,289,302,289,2026-03-17,1216.9745293466224,2990.9118717049546,14,False
en.wikipedia,Samrat_Choudhary,34,35,34,2025-07-05,3.0793650793650795,3.0894321934590394,2,False
en.wikipedia,Samrat_Choudhary,53,59,57,2025-07-28,8.885308056872038,30.420915620303035,7,False
en.wikipedia,Samrat_Choudhary,111,112,112,2025-09-21,2.7220216606498195,3.236462093862816,2,False
en.wikipedia,Samrat_Choudhary,114,127,121,2025-09-30,4.672897196261682,30.876069978706916,14,False
en.wikipedia,Samrat_Choudhary,135,135,135,2025-10-14,2.1797451374916164,1.1797451374916164,1,False
en.wikipedia,Samrat_Choudhary,158,158,158,2025-11-06,2.238623500113199,1.2386235001131989,1,False
en.wikipedia,Samrat_Choudhary,166,167,166,2025-11-14,7.725348290211688,8.620360498094492,2,False
en.wikipedia,Samrat_Choudhary,171,175,174,2025-11-22,4.759778357235985,14.339634941329857,5,False
en.wikipedia,Samrat_Choudhary,276,288,277,2026-03-05,29.284552845528456,83.1499336658346,13,False
en.wikipedia,Samrat_Choudhary,290,290,290,2026-03-18,2.781456953642384,1.781456953642384,1,False
en.wikipedia,Samrat_Choudhary,312,329,317,2026-04-14,324.5852090032154,990.4086232336748,18,False
en.wikipedia,Sheryl_Underwood,51,55,52,2025-07-23,4.710588235294118,12.565687645687646,5,False
en.wikipedia,Sheryl_Underwood,59,60,60,2025-07-31,2.7075664621676894,2.957046711647939,2,False
en.wikipedia,Sheryl_Underwood,100,100,100,2025-09-09,2.0591397849462365,1.0591397849462365,1,False
en.wikipedia,Sheryl_Underwood,110,119,110,2025-09-19,36.40597014925373,69.00483085535714,10,False
en.wikipedia,Sheryl_Underwood,149,149,149,2025-10-28,2.4205378973105134,1.4205378973105134,1,False
en.wikipedia,Sheryl_Underwood,217,218,217,2026-01-04,3.6103151862464182,4.558886614817847,2,False
en.wikipedia,Sheryl_Underwood,249,249,249,2026-02-05,2.261627906976744,1.2616279069767442,1,False
en.wikipedia,Sheryl_Underwood,262,262,262,2026-02-18,2.281081081081081,1.2810810810810809,1,False
en.wikipedia,Sheryl_Underwood,280,289,283,2026-03-11,59.034764826175866,210.79452230163156,10,False
en.wikipedia,Sheryl_Underwood,313,313,313,2026-04-10,3.332167832167832,2.332167832167832,1,False
en.wikipedia,Sheryl_Underwood,344,357,344,2026-05-11,944.8021680216802,3967.9919671602815,14,False
en.wikipedia,.xyz,129,129,129,2025-10-08,2.2437275985663083,1.2437275985663083,1,False
en.wikipedia,.xyz,150,150,150,2025-10-29,2.707482993197279,1.7074829931972788,1,False
en.wikipedia,.xyz,154,154,154,2025-11-02,2.5483870967741935,1.5483870967741935,1,False
en.wikipedia,.xyz,157,157,157,2025-11-05,2.0676923076923077,1.0676923076923077,1,False
en.wikipedia,.xyz,269,284,272,2026-02-28,253.33112582781456,2191.23360910431,16,False
en.wikipedia,.xyz,300,300,300,2026-03-28,2.464156547567048,1.4641565475670482,1,False
en.wikipedia,.xyz,303,305,304,2026-04-01,7.933499525999789,11.309995931570493,3,False
en.wikipedia,.xyz,343,348,343,2026-05-10,3.9179047173905786,14.30129969859056,6,False
en.wikipedia,.xyz,353,355,354,2026-05-21,4.344184444986442,6.60865483378704,3,False
en.wikipedia,.xyz,363,363,363,2026-05-30,2.3853728496044027,1.3853728496044027,1,False
en.wikipedia,.xyz,365,366,365,2026-06-01,2.808437817917225,3.090155943952094,2,False
en.wikipedia,2026_West_Bengal_Legislative_Assembly_election,49,63,50,2025-07-21,14.46774193548387,128.1790603870386,15,False
en.wikipedia,2026_West_Bengal_Legislative_Assembly_election,166,173,166,2025-11-14,12.772908366533864,37.028984169213516,8,False
en.wikipedia,2026_West_Bengal_Legislative_Assembly_election,175,175,175,2025-11-23,2.018324607329843,1.018324607329843,1,False
en.wikipedia,2026_West_Bengal_Legislative_Assembly_election,222,223,222,2026-01-09,3.044030210509401,3.29842223199003,2,False
en.wikipedia,2026_West_Bengal_Legislative_Assembly_election,263,263,263,2026-02-19,2.4839301630577255,1.4839301630577255,1,False
en.wikipedia,2026_West_Bengal_Legislative_Assembly_election,272,272,272,2026-02-28,2.0856065826273764,1.0856065826273764,1,False
en.wikipedia,2026_West_Bengal_Legislative_Assembly_election,287,291,287,2026-03-15,11.038685483075101,19.555980638294013,5,False
en.wikipedia,2026_West_Bengal_Legislative_Assembly_election,325,328,326,2026-04-23,4.544288767513654,8.206958225809448,4,False
en.wikipedia,2026_West_Bengal_Legislative_Assembly_election,330,338,337,2026-05-04,18.618723410465787,36.45842590304631,9,False
en.wikipedia,Dhurandhar,137,146,137,2025-10-16,4.238770685579196,17.70038714770484,10,False
en.wikipedia,Dhurandhar,161,162,161,2025-11-09,2.4193608324043105,2.811755726629072,2,False
en.wikipedia,Dhurandhar,170,184,171,2025-11-19,17.187510663709265,78.39524755459252,15,False
en.wikipedia,Dhurandhar,186,201,189,2025-12-07,17.08965000935804,170.58064482116305,16,False
en.wikipedia,Dhurandhar,244,245,244,2026-01-31,2.3083992851672197,2.5858480129350694,2,False
en.wikipedia,Dhurandhar,290,302,294,2026-03-22,5.9721604866066205,39.29468050824631,13,False
en.wikipedia,The_Drama_(film),119,120,119,2025-09-28,2.5881513204853674,2.620798588051017,2,False
en.wikipedia,The_Drama_(film),138,139,138,2025-10-17,2.7559748427672957,3.374134046747395,2,False
en.wikipedia,The_Drama_(film),191,204,192,2025-12-10,62.939449541284404,169.13882300462367,14,False
en.wikipedia,The_Drama_(film),246,254,247,2026-02-03,21.654425811929528,59.243260454256,9,False
en.wikipedia,The_Drama_(film),258,259,259,2026-02-15,2.5900532859680285,2.895682299946117,2,False
en.wikipedia,The_Drama_(film),262,262,262,2026-02-18,2.3439954467842914,1.3439954467842914,1,False
en.wikipedia,The_Drama_(film),288,315,306,2026-04-03,10.694124657370994,107.24723769662529,28,False
en.wikipedia,Survivor_50:_In_the_Hands_of_the_Fans,49,49,49,2025-07-20,2.0566801619433197,1.0566801619433197,1,False
en.wikipedia,Survivor_50:_In_the_Hands_of_the_Fans,75,75,75,2025-08-15,2.007936507936508,1.007936507936508,1,False
en.wikipedia,Survivor_50:_In_the_Hands_of_the_Fans,77,82,77,2025-08-17,9.84920634920635,29.0,6,False
en.wikipedia,Survivor_50:_In_the_Hands_of_the_Fans,84,87,85,2025-08-25,4.673139158576052,10.807407731595855,4,False
en.wikipedia,Survivor_50:_In_the_Hands_of_the_Fans,91,93,92,2025-09-01,2.7655310621242486,4.634547759712374,3,False
en.wikipedia,Survivor_50:_In_the_Hands_of_the_Fans,98,99,98,2025-09-07,2.706240487062405,2.7834818663727496,2,False
en.wikipedia,Survivor_50:_In_the_Hands_of_the_Fans,113,118,116,2025-09-25,12.11088295687885,21.16255921280013,6,False
en.wikipedia,Survivor_50:_In_the_Hands_of_the_Fans,120,120,120,2025-09-29,2.0374149659863945,1.0374149659863945,1,False
en.wikipedia,Survivor_50:_In_the_Hands_of_the_Fans,123,124,123,2025-10-02,4.826530612244898,4.905090350379105,2,False
en.wikipedia,Survivor_50:_In_the_Hands_of_the_Fans,130,130,130,2025-10-09,4.388888888888889,3.3888888888888893,1,False
en.wikipedia,Survivor_50:_In_the_Hands_of_the_Fans,137,137,137,2025-10-16,3.063736263736264,2.063736263736264,1,False
en.wikipedia,Survivor_50:_In_the_Hands_of_the_Fans,144,144,144,2025-10-23,2.7023945267958953,1.7023945267958953,1,False
en.wikipedia,Survivor_50:_In_the_Hands_of_the_Fans,151,151,151,2025-10-30,3.260377358490566,2.260377358490566,1,False
en.wikipedia,Survivor_50:_In_the_Hands_of_the_Fans,158,158,158,2025-11-06,3.5609756097560976,2.5609756097560976,1,False
en.wikipedia,Survivor_50:_In_the_Hands_of_the_Fans,165,165,165,2025-11-13,3.086007702182285,2.086007702182285,1,False
en.wikipedia,Survivor_50:_In_the_Hands_of_the_Fans,172,172,172,2025-11-20,3.0533484676503972,2.0533484676503972,1,False
en.wikipedia,Survivor_50:_In_the_Hands_of_the_Fans,179,179,179,2025-11-27,2.5046728971962615,1.5046728971962615,1,False
en.wikipedia,Survivor_50:_In_the_Hands_of_the_Fans,186,186,186,2025-12-04,2.9485935984481086,1.9485935984481086,1,False
en.wikipedia,Survivor_50:_In_the_Hands_of_the_Fans,193,193,193,2025-12-11,3.5363385464581416,2.5363385464581416,1,False
en.wikipedia,Survivor_50:_In_the_Hands_of_the_Fans,200,203,200,2025-12-18,19.83753046303818,28.86515610992262,4,False
en.wikipedia,Survivor_50:_In_the_Hands_of_the_Fans,206,214,208,2025-12-26,5.804651162790698,29.007269989652027,9,False
en.wikipedia,Survivor_50:_In_the_Hands_of_the_Fans,217,217,217,2026-01-04,2.4020393299344502,1.4020393299344502,1,False
en.wikipedia,Survivor_50:_In_the_Hands_of_the_Fans,221,221,221,2026-01-08,2.3238614246788636,1.3238614246788636,1,False
en.wikipedia,Survivor_50:_In_the_Hands_of_the_Fans,256,256,256,2026-02-12,2.426058903111666,1.4260589031116662,1,False
en.wikipedia,Survivor_50:_In_the_Hands_of_the_Fans,269,273,270,2026-02-26,16.060246913580247,24.312329516150083,5,False
en.wikipedia,Survivor_50:_In_the_Hands_of_the_Fans,277,278,277,2026-03-05,6.89255245561448,7.524831226820348,2,False
en.wikipedia,Survivor_50:_In_the_Hands_of_the_Fans,284,284,284,2026-03-12,5.017301642782244,4.017301642782244,1,False
en.wikipedia,Survivor_50:_In_the_Hands_of_the_Fans,291,291,291,2026-03-19,4.35287271598712,3.35287271598712,1,False
en.wikipedia,Survivor_50:_In_the_Hands_of_the_Fans,298,298,298,2026-03-26,5.17723365059871,4.17723365059871,1,False
en.wikipedia,Survivor_50:_In_the_Hands_of_the_Fans,305,306,305,2026-04-02,7.811406202026404,8.077448572305803,2,False
en.wikipedia,Survivor_50:_In_the_Hands_of_the_Fans,312,312,312,2026-04-09,5.517072636307198,4.517072636307198,1,False
en.wikipedia,Survivor_50:_In_the_Hands_of_the_Fans,319,319,319,2026-04-16,5.55288985823337,4.55288985823337,1,False
en.wikipedia,Survivor_50:_In_the_Hands_of_the_Fans,326,326,326,2026-04-23,4.9894317452814265,3.9894317452814265,1,False
en.wikipedia,Survivor_50:_In_the_Hands_of_the_Fans,333,333,333,2026-04-30,5.837487470765119,4.837487470765119,1,False
en.wikipedia,Survivor_50:_In_the_Hands_of_the_Fans,340,340,340,2026-05-07,6.243645178197065,5.243645178197065,1,False
en.wikipedia,Survivor_50:_In_the_Hands_of_the_Fans,347,347,347,2026-05-14,5.5284189928761425,4.5284189928761425,1,False
en.wikipedia,Survivor_50:_In_the_Hands_of_the_Fans,354,355,354,2026-05-21,9.744785852770107,9.909817284530874,2,False
en.wikipedia,James_Tolkan,55,55,55,2025-07-26,2.2848722986247543,1.2848722986247543,1,False
en.wikipedia,James_Tolkan,66,68,67,2025-08-07,5.122082585278276,7.515692331264374,3,False
en.wikipedia,James_Tolkan,91,91,91,2025-08-31,2.089613034623218,1.089613034623218,1,False
en.wikipedia,James_Tolkan,168,168,168,2025-11-16,2.0915619389587072,1.0915619389587072,1,False
en.wikipedia,James_Tolkan,178,178,178,2025-11-26,4.149012567324955,3.149012567324955,1,False
en.wikipedia,James_Tolkan,210,211,210,2025-12-28,3.171741778319123,3.6102314250913516,2,False
en.wikipedia,James_Tolkan,214,215,214,2026-01-01,2.325185972369819,2.4272051009564293,2,False
en.wikipedia,James_Tolkan,217,217,217,2026-01-04,2.012752391073326,1.012752391073326,1,False
en.wikipedia,James_Tolkan,236,237,237,2026-01-24,2.662251655629139,2.671712393566698,2,False
en.wikipedia,James_Tolkan,299,311,300,2026-03-28,476.5826771653543,894.9115442498226,13,False
en.wikipedia,The_Boys_season_5,73,75,74,2025-08-14,2.96,4.541294964028777,3,False
en.wikipedia,The_Boys_season_5,108,110,109,2025-09-18,2.3727390180878554,3.594315245478036,3,False
en.wikipedia,The_Boys_season_5,143,146,143,2025-10-22,4.925782510487254,9.998365512720248,4,False
en.wikipedia,The_Boys_season_5,185,191,189,2025-12-07,9.650939074667889,21.311497938616583,7,False
en.wikipedia,The_Boys_season_5,277,281,278,2026-03-06,5.8660874009711215,13.19310634466277,5,False
en.wikipedia,The_Boys_season_5,291,292,291,2026-03-19,2.79144204851752,2.989420550041666,2,False
en.wikipedia,The_Boys_season_5,309,323,311,2026-04-08,24.2488160291439,136.0508757821316,15,False
en.wikipedia,The_Boys_season_5,325,326,325,2026-04-22,3.6499011020062166,3.662529702829262,2,False
en.wikipedia,The_Boys_season_5,332,332,332,2026-04-29,3.4503771736179156,2.4503771736179156,1,False
en.wikipedia,The_Boys_season_5,339,340,339,2026-05-06,3.528762683745515,3.6083760947567423,2,False
en.wikipedia,The_Boys_season_5,346,347,346,2026-05-13,4.198881170949633,4.493029361914745,2,False
en.wikipedia,The_Boys_season_5,353,354,353,2026-05-20,6.10390093537415,6.872679280045352,2,False
en.wikipedia,2026_Tamil_Nadu_Legislative_Assembly_election,30,30,30,2025-07-01,3.28,2.28,1,False
en.wikipedia,2026_Tamil_Nadu_Legislative_Assembly_election,33,33,33,2025-07-04,2.425,1.4249999999999998,1,False
en.wikipedia,2026_Tamil_Nadu_Legislative_Assembly_election,37,53,42,2025-07-13,18.783505154639176,188.26169894060484,17,False
en.wikipedia,2026_Tamil_Nadu_Legislative_Assembly_election,55,55,55,2025-07-26,2.020883534136546,1.020883534136546,1,False
en.wikipedia,2026_Tamil_Nadu_Legislative_Assembly_election,81,87,82,2025-08-22,6.543341404358354,22.444264960628047,7,False
en.wikipedia,2026_Tamil_Nadu_Legislative_Assembly_election,118,121,119,2025-09-28,3.1244304241149665,5.977260129971971,4,False
en.wikipedia,2026_Tamil_Nadu_Legislative_Assembly_election,166,170,167,2025-11-15,3.75944791324351,10.74871422323196,5,False
en.wikipedia,2026_Tamil_Nadu_Legislative_Assembly_election,251,254,251,2026-02-07,3.3332013723937712,7.436339033101975,4,False
en.wikipedia,2026_Tamil_Nadu_Legislative_Assembly_election,257,257,257,2026-02-13,2.1992090395480224,1.1992090395480224,1,False
en.wikipedia,2026_Tamil_Nadu_Legislative_Assembly_election,277,277,277,2026-03-05,2.040865138210271,1.040865138210271,1,False
en.wikipedia,2026_Tamil_Nadu_Legislative_Assembly_election,287,288,287,2026-03-15,8.090852667356287,9.774445638620492,2,False
en.wikipedia,2026_Tamil_Nadu_Legislative_Assembly_election,301,301,301,2026-03-29,2.026090726362669,1.026090726362669,1,False
en.wikipedia,2026_Tamil_Nadu_Legislative_Assembly_election,324,328,326,2026-04-23,9.671124413305217,17.622231745581765,5,False
en.wikipedia,2026_Tamil_Nadu_Legislative_Assembly_election,332,333,332,2026-04-29,3.3191057713841574,4.106271659111931,2,False
en.wikipedia,2026_Tamil_Nadu_Legislative_Assembly_election,337,341,337,2026-05-04,19.66387228272457,31.912034851814525,5,False
en.wikipedia,UEFA_Champions_League,87,89,88,2025-08-28,5.314591700133869,8.497761159580852,3,False
en.wikipedia,UEFA_Champions_League,107,109,108,2025-09-17,3.5699249743617423,7.305176229286986,3,False
en.wikipedia,UEFA_Champions_League,121,123,122,2025-10-01,3.539670842544829,5.554777695897814,3,False
en.wikipedia,UEFA_Champions_League,142,144,143,2025-10-22,4.331516281738631,6.96614545976187,3,False
en.wikipedia,UEFA_Champions_League,156,158,157,2025-11-05,4.927484861911092,8.756573129125535,3,False
en.wikipedia,UEFA_Champions_League,177,179,178,2025-11-26,4.914949815108294,9.434382310769,3,False
en.wikipedia,UEFA_Champions_League,191,193,192,2025-12-10,4.979127681013387,8.985335842087546,3,False
en.wikipedia,UEFA_Champions_League,233,235,234,2026-01-21,6.896337195738393,12.989198689408928,3,False
en.wikipedia,UEFA_Champions_League,241,244,242,2026-01-29,9.16740631163708,21.140194229668484,4,False
en.wikipedia,UEFA_Champions_League,261,262,262,2026-02-18,2.5516318336250388,2.885411304437352,2,False
en.wikipedia,UEFA_Champions_League,268,271,269,2026-02-25,6.17057298555632,14.709909528596372,4,False
en.wikipedia,UEFA_Champions_League,282,284,283,2026-03-11,3.3904484141450966,5.252207176215361,3,False
en.wikipedia,UEFA_Champions_League,289,291,290,2026-03-18,6.328185517478061,10.444133941265873,3,False
en.wikipedia,UEFA_Champions_League,310,311,311,2026-04-08,2.821141519991861,3.1902533319768036,2,False
en.wikipedia,UEFA_Champions_League,317,319,318,2026-04-15,5.237199684915321,8.925364316660103,3,False
en.wikipedia,UEFA_Champions_League,331,332,332,2026-04-29,2.439505717447436,2.8371458902536797,2,False
en.wikipedia,UEFA_Champions_League,338,340,339,2026-05-06,4.801336375488918,7.6462679269882665,3,False
en.wikipedia,UEFA_Champions_League,353,353,353,2026-05-20,2.075723679750525,1.0757236797505252,1,False
en.wikipedia,UEFA_Champions_League,363,365,363,2026-05-30,10.433127168502036,14.959931683121393,3,False
en.wikipedia,Supreme_Leader_of_Iran,212,230,223,2026-01-10,20.969056603773584,128.72475174792757,19,False
en.wikipedia,Supreme_Leader_of_Iran,272,285,273,2026-03-01,313.84529295589203,953.0509769523306,14,False
en.wikipedia,Shipping_ethics_controversy_in_fanfiction,322,327,324,2026-04-21,15.034146341463414,27.743921372556354,6,False
en.wikipedia,Shipping_ethics_controversy_in_fanfiction,335,345,336,2026-05-03,1280.5201465201465,1602.0869547783034,11,False
en.wikipedia,Spider-Man:_Brand_New_Day,53,58,56,2025-07-27,3.2093121247234806,10.271240956397962,6,False
en.wikipedia,Spider-Man:_Brand_New_Day,60,71,62,2025-08-02,15.377647503782148,58.40945683043856,12,False
en.wikipedia,Spider-Man:_Brand_New_Day,113,114,113,2025-09-22,2.0444164615648788,2.0541468719592464,2,False
en.wikipedia,Spider-Man:_Brand_New_Day,199,199,199,2025-12-17,2.004915212582944,1.0049152125829441,1,False
en.wikipedia,Spider-Man:_Brand_New_Day,205,205,205,2025-12-23,2.4177637678472093,1.4177637678472093,1,False
en.wikipedia,Spider-Man:_Brand_New_Day,289,297,290,2026-03-18,25.67963701361199,55.854988960340734,9,False
en.wikipedia,Tony_Hinchcliffe,86,87,86,2025-08-26,2.340392156862745,2.416078431372549,2,False
en.wikipedia,Tony_Hinchcliffe,205,205,205,2025-12-23,3.263888888888889,2.263888888888889,1,False
en.wikipedia,Tony_Hinchcliffe,207,208,207,2025-12-25,2.4218533886583677,2.451275215548549,2,False
en.wikipedia,Tony_Hinchcliffe,226,233,230,2026-01-17,5.210300429184549,21.690983071411388,8,False
en.wikipedia,Tony_Hinchcliffe,344,357,344,2026-05-11,85.02828722412185,393.771455728467,14,False
en.wikipedia,War_Machine_(2026_film),247,260,249,2026-02-05,26.073336351290177,76.15485396236446,14,False
en.wikipedia,War_Machine_(2026_film),278,291,280,2026-03-08,62.559262106072254,360.59129549286456,14,False
en.wikipedia,Jaafar_Jackson,53,53,53,2025-07-24,2.971344599559148,1.9713445995591479,1,False
en.wikipedia,Jaafar_Jackson,55,56,55,2025-07-26,2.2819767441860463,2.3689963235914124,2,False
en.wikipedia,Jaafar_Jackson,95,96,95,2025-09-04,5.481220657276995,6.542821117841186,2,False
en.wikipedia,Jaafar_Jackson,154,154,154,2025-11-02,2.07035175879397,1.07035175879397,1,False
en.wikipedia,Jaafar_Jackson,158,171,159,2025-11-07,222.24271844660194,724.0336823416217,14,False
en.wikipedia,Jaafar_Jackson,237,239,237,2026-01-24,4.404624277456647,8.051059730250483,3,False
en.wikipedia,Jaafar_Jackson,245,256,246,2026-02-02,18.367810026385225,68.41128007301513,12,False
en.wikipedia,Jaafar_Jackson,292,296,293,2026-03-21,3.4829754419266816,7.868667694862973,5,False
en.wikipedia,Jaafar_Jackson,299,299,299,2026-03-27,2.1382814225756572,1.1382814225756572,1,False
en.wikipedia,Jaafar_Jackson,301,301,301,2026-03-29,2.3199683981828954,1.3199683981828954,1,False
en.wikipedia,Jaafar_Jackson,305,318,306,2026-04-03,6.162578231781886,35.827618452784,14,False
en.wikipedia,Jaafar_Jackson,324,337,329,2026-04-26,7.535053427156633,49.243292485638754,14,False
en.wikipedia,Vanessa_Trump,34,35,34,2025-07-05,6.032100488485694,7.553325532098798,2,False
en.wikipedia,Vanessa_Trump,44,44,44,2025-07-15,2.5632250580046403,1.5632250580046403,1,False
en.wikipedia,Vanessa_Trump,49,49,49,2025-07-20,2.2238300210642,1.2238300210642001,1,False
en.wikipedia,Vanessa_Trump,78,80,78,2025-08-18,3.9046274169020205,4.961112318053443,3,False
en.wikipedia,Vanessa_Trump,112,112,112,2025-09-21,2.772395681353954,1.772395681353954,1,False
en.wikipedia,Vanessa_Trump,117,120,118,2025-09-27,5.837612407141926,11.633472695329285,4,False
en.wikipedia,Vanessa_Trump,133,133,133,2025-10-12,2.692165330043183,1.6921653300431831,1,False
en.wikipedia,Vanessa_Trump,165,168,166,2025-11-14,7.7885256014805675,17.430938635550437,4,False
en.wikipedia,Vanessa_Trump,198,200,198,2025-12-16,6.752489131959052,10.611555181601457,3,False
en.wikipedia,Vanessa_Trump,212,212,212,2025-12-30,2.0736709920468814,1.0736709920468814,1,False
en.wikipedia,Vanessa_Trump,220,221,220,2026-01-07,2.7234547395895126,3.2461244749174756,2,False
en.wikipedia,Vanessa_Trump,224,225,225,2026-01-12,4.2833803364776815,4.31889184674918,2,False
en.wikipedia,Vanessa_Trump,228,230,228,2026-01-15,4.420594359265569,7.360779859928071,3,False
en.wikipedia,Vanessa_Trump,252,252,252,2026-02-08,2.5208333333333335,1.5208333333333335,1,False
en.wikipedia,Vanessa_Trump,268,269,268,2026-02-24,3.2544203282159874,3.408829785272165,2,False
en.wikipedia,Vanessa_Trump,281,282,282,2026-03-10,2.284633569739953,2.2861465721040193,2,False
en.wikipedia,Vanessa_Trump,297,297,297,2026-03-25,3.4054471701757776,2.4054471701757776,1,False
en.wikipedia,Vanessa_Trump,299,309,300,2026-03-28,29.58296481445876,131.13216416890154,11,False
en.wikipedia,Vanessa_Trump,353,361,354,2026-05-21,22.09453865669649,72.27788141850931,9,False
en.wikipedia,Vanessa_Trump,363,363,363,2026-05-30,2.354120557219112,1.3541205572191122,1,False
en.wikipedia,Vanessa_Trump,373,373,373,2026-06-09,3.126182112942448,2.126182112942448,1,False
en.wikipedia,Pete_Hegseth,69,72,71,2025-08-11,2.6225028106892676,5.3889129118740815,4,False
en.wikipedia,Pete_Hegseth,96,99,97,2025-09-06,6.143863733839838,10.688928374486856,4,False
en.wikipedia,Pete_Hegseth,101,102,102,2025-09-11,2.639421604068378,3.0098645916304148,2,False
en.wikipedia,Pete_Hegseth,112,112,112,2025-09-21,3.51200843086139,2.51200843086139,1,False
en.wikipedia,Pete_Hegseth,116,128,122,2025-10-01,21.981746656176238,77.47782649626723,13,False
en.wikipedia,Pete_Hegseth,177,190,185,2025-12-03,8.440346563634234,48.76404596644712,14,False
en.wikipedia,Pete_Hegseth,216,221,216,2026-01-03,5.356043824462671,17.63611327306472,6,False
en.wikipedia,Pete_Hegseth,226,226,226,2026-01-13,2.6062384002873737,1.6062384002873737,1,False
en.wikipedia,Pete_Hegseth,269,269,269,2026-02-25,2.23928428361597,1.2392842836159699,1,False
en.wikipedia,Pete_Hegseth,272,286,274,2026-03-02,15.44874955970412,108.8280254366926,15,False
en.wikipedia,Pete_Hegseth,306,307,306,2026-04-03,2.725483257977852,2.7659000065526507,2,False
en.wikipedia,Pete_Hegseth,333,333,333,2026-04-30,2.090545558411882,1.0905455584118822,1,False
en.wikipedia,Pete_Hegseth,363,363,363,2026-05-30,2.3109953100573217,1.3109953100573217,1,False
en.wikipedia,Pete_Hegseth,370,371,371,2026-06-07,3.0580219312253805,3.5265455184094088,2,False
en.wikipedia,Masoud_Pezeshkian,91,92,92,2025-09-01,2.2141345746931864,2.3368599238256453,2,False
en.wikipedia,Masoud_Pezeshkian,94,95,94,2025-09-03,3.121479613282892,3.4083682281616423,2,False
en.wikipedia,Masoud_Pezeshkian,210,228,223,2026-01-10,12.78225806451613,84.49298580691159,19,False
en.wikipedia,Masoud_Pezeshkian,272,285,273,2026-03-01,224.4667021843367,587.2452312288146,14,False
en.wikipedia,Masoud_Pezeshkian,364,365,365,2026-06-01,4.308091286307054,4.886410788381743,2,False
en.wikipedia,Luis_Enrique,34,34,34,2025-07-05,2.7933972310969115,1.7933972310969115,1,False
en.wikipedia,Luis_Enrique,38,43,39,2025-07-10,12.803925268918665,42.55595395357615,6,False
en.wikipedia,Luis_Enrique,73,74,73,2025-08-13,5.781589079453973,7.391669583479174,2,False
en.wikipedia,Luis_Enrique,108,109,108,2025-09-17,2.18210484824596,2.317618866937549,2,False
en.wikipedia,Luis_Enrique,113,115,113,2025-09-22,6.657689581856839,11.076697489529055,3,False
en.wikipedia,Luis_Enrique,122,123,122,2025-10-01,6.1690064794816415,7.452772880304899,2,False
en.wikipedia,Luis_Enrique,147,147,147,2025-10-26,2.4902661899086214,1.4902661899086214,1,False
en.wikipedia,Luis_Enrique,199,199,199,2025-12-17,2.40468583599574,1.40468583599574,1,False
en.wikipedia,Luis_Enrique,218,230,220,2026-01-07,5.3456698741672835,32.59869710381437,13,False
en.wikipedia,Luis_Enrique,233,233,233,2026-01-20,2.2307187397440105,1.2307187397440105,1,False
en.wikipedia,Luis_Enrique,283,283,283,2026-03-11,2.179014415018438,1.1790144150184378,1,False
en.wikipedia,Luis_Enrique,289,290,290,2026-03-18,2.6848966613672496,3.0842607313195547,2,False
en.wikipedia,Luis_Enrique,311,312,311,2026-04-08,4.833034111310592,5.607078738137984,2,False
en.wikipedia,Luis_Enrique,317,319,317,2026-04-14,6.451990632318501,10.327400468384075,3,False
en.wikipedia,Luis_Enrique,331,334,331,2026-04-28,6.566787003610108,13.92595442362633,4,False
en.wikipedia,Luis_Enrique,339,345,340,2026-05-07,15.983026123856252,45.16957495974148,7,False
en.wikipedia,Luis_Enrique,363,366,363,2026-05-30,25.835091950557732,48.23811369751489,4,False
en.wikipedia,Reid_Wiseman,69,69,69,2025-08-09,2.0830188679245283,1.0830188679245283,1,False
en.wikipedia,Reid_Wiseman,114,120,115,2025-09-24,17.504424778761063,46.940796546178525,7,False
en.wikipedia,Reid_Wiseman,213,218,216,2026-01-03,3.952076677316294,13.035831438154707,6,False
en.wikipedia,Reid_Wiseman,226,237,230,2026-01-17,9.5625,33.64650180059364,12,False
en.wikipedia,Reid_Wiseman,243,247,246,2026-02-02,3.3533834586466167,7.364431526230519,5,False
en.wikipedia,Reid_Wiseman,287,287,287,2026-03-15,3.231422505307856,2.231422505307856,1,False
en.wikipedia,Reid_Wiseman,296,316,304,2026-04-01,345.0416666666667,1533.2041575664646,21,False
en.wikipedia,Afroman,277,281,279,2026-03-07,4.427947598253275,12.208151382823871,5,False
en.wikipedia,Afroman,287,302,291,2026-03-19,296.0767676767677,1060.5877724771046,16,False
en.wikipedia,Hayden_Panettiere,111,113,113,2025-09-22,2.217800190813684,3.537276816137386,3,False
en.wikipedia,Hayden_Panettiere,339,353,345,2026-05-12,34.2941942956421,139.82715766144747,15,False
en.wikipedia,Dawood_Ibrahim,188,200,196,2025-12-14,3.543538890610474,24.01317113519697,13,False
en.wikipedia,Dawood_Ibrahim,290,303,294,2026-03-22,58.90804418857943,419.2235433005547,14,False
en.wikipedia,Dawood_Ibrahim,348,353,349,2026-05-16,6.551822594460836,18.984867231369567,6,False
en.wikipedia,Dawood_Ibrahim,355,359,357,2026-05-24,2.8087941372418386,7.14942419339488,5,False
en.wikipedia,Dawood_Ibrahim,369,371,370,2026-06-06,3.5916766632831965,7.2977751367408965,3,False
en.wikipedia,Elimination_Chamber_(2026),163,163,163,2025-11-11,2.0323943661971833,1.0323943661971833,1,False
en.wikipedia,Elimination_Chamber_(2026),165,167,165,2025-11-13,2.731382978723404,3.9981516491900715,3,False
en.wikipedia,Elimination_Chamber_(2026),170,170,170,2025-11-18,2.1701884637350086,1.1701884637350086,1,False
en.wikipedia,Elimination_Chamber_(2026),182,182,182,2025-11-30,3.629664619744922,2.629664619744922,1,False
en.wikipedia,Elimination_Chamber_(2026),184,184,184,2025-12-02,2.2631334263133427,1.2631334263133427,1,False
en.wikipedia,Elimination_Chamber_(2026),196,196,196,2025-12-14,2.8708860759493673,1.8708860759493673,1,False
en.wikipedia,Elimination_Chamber_(2026),209,209,209,2025-12-27,2.4012539184952977,1.4012539184952977,1,False
en.wikipedia,Elimination_Chamber_(2026),238,238,238,2026-01-25,2.982886036561649,1.982886036561649,1,False
en.wikipedia,Elimination_Chamber_(2026),240,240,240,2026-01-27,2.656364974245769,1.656364974245769,1,False
en.wikipedia,Elimination_Chamber_(2026),243,258,254,2026-02-10,12.838186787296202,81.4857094659955,16,False
en.wikipedia,Elimination_Chamber_(2026),261,261,261,2026-02-17,3.8212480020876147,2.8212480020876147,1,False
en.wikipedia,Elimination_Chamber_(2026),265,265,265,2026-02-21,3.7326443374276286,2.7326443374276286,1,False
en.wikipedia,Elimination_Chamber_(2026),268,268,268,2026-02-24,3.6237209759937032,2.6237209759937032,1,False
en.wikipedia,Elimination_Chamber_(2026),271,273,273,2026-03-01,15.169989715089947,20.753201155609954,3,False
en.wikipedia,Paris_Saint-Germain_FC,34,34,34,2025-07-05,2.457456541628545,1.4574565416285452,1,False
en.wikipedia,Paris_Saint-Germain_FC,38,39,38,2025-07-09,4.7167172692980035,7.067255497285859,2,False
en.wikipedia,Paris_Saint-Germain_FC,42,43,42,2025-07-13,5.8285615729561915,6.715936529837875,2,False
en.wikipedia,Paris_Saint-Germain_FC,72,74,73,2025-08-13,6.583865502411052,10.531343672618272,3,False
en.wikipedia,Paris_Saint-Germain_FC,113,114,113,2025-09-22,2.6109440769693326,3.2203979548949864,2,False
en.wikipedia,Paris_Saint-Germain_FC,122,122,122,2025-10-01,2.69165120593692,1.6916512059369202,1,False
en.wikipedia,Paris_Saint-Germain_FC,156,156,156,2025-11-04,2.096373571783408,1.096373571783408,1,False
en.wikipedia,Paris_Saint-Germain_FC,178,178,178,2025-11-26,2.2463157894736843,1.2463157894736843,1,False
en.wikipedia,Paris_Saint-Germain_FC,199,200,199,2025-12-17,3.688611829101414,5.234951101447574,2,False
en.wikipedia,Paris_Saint-Germain_FC,283,284,283,2026-03-11,2.6182193903909075,2.7230704542206947,2,False
en.wikipedia,Paris_Saint-Germain_FC,289,290,290,2026-03-18,2.4307893446641606,2.5046576237947376,2,False
en.wikipedia,Paris_Saint-Germain_FC,311,312,311,2026-04-08,4.618645369374904,5.121793887267701,2,False
en.wikipedia,Paris_Saint-Germain_FC,317,319,317,2026-04-14,3.8473441452164856,7.148787382829935,3,False
en.wikipedia,Paris_Saint-Germain_FC,331,332,331,2026-04-28,6.7581747193753055,8.81595300666179,2,False
en.wikipedia,Paris_Saint-Germain_FC,339,341,339,2026-05-06,8.394818361025063,13.724678494320848,3,False
en.wikipedia,Paris_Saint-Germain_FC,363,366,363,2026-05-30,22.469228153689222,37.49561477521353,4,False
en.wikipedia,Raghav_Chadha,50,51,50,2025-07-21,2.339583333333333,2.6791666666666663,2,False
en.wikipedia,Raghav_Chadha,55,71,63,2025-08-03,50.63128491620112,177.62591492901,17,False
en.wikipedia,Raghav_Chadha,85,85,85,2025-08-25,2.089645478681868,1.089645478681868,1,False
en.wikipedia,Raghav_Chadha,140,145,140,2025-10-19,6.8957654723127035,18.255406371653294,6,False
en.wikipedia,Raghav_Chadha,163,165,163,2025-11-11,3.4290245836637587,5.871013705918459,3,False
en.wikipedia,Raghav_Chadha,171,171,171,2025-11-19,2.884239888423989,1.884239888423989,1,False
en.wikipedia,Raghav_Chadha,176,180,177,2025-11-25,4.697350069735007,11.023609624664747,5,False
en.wikipedia,Raghav_Chadha,246,262,256,2026-02-12,18.872229465449806,89.43021142322365,17,False
en.wikipedia,Raghav_Chadha,267,273,272,2026-02-28,3.0530623380166415,10.516815497246087,7,False
en.wikipedia,Raghav_Chadha,305,308,306,2026-04-03,6.534784917684546,12.940730541926106,4,False
en.wikipedia,Raghav_Chadha,327,331,327,2026-04-24,21.37747668997669,45.523310023310025,5,False
en.wikipedia,Olivia_Rodrigo,62,62,62,2025-08-02,2.9139341187063854,1.9139341187063854,1,False
en.wikipedia,Olivia_Rodrigo,117,119,119,2025-09-28,2.2498189717595944,3.3481173062997827,3,False
en.wikipedia,Olivia_Rodrigo,140,140,140,2025-10-19,2.93511226049136,1.9351122604913602,1,False
en.wikipedia,Olivia_Rodrigo,204,204,204,2025-12-22,2.8552919881871013,1.8552919881871013,1,False
en.wikipedia,Olivia_Rodrigo,292,292,292,2026-03-20,2.7179680150517402,1.7179680150517402,1,False
en.wikipedia,Olivia_Rodrigo,305,306,305,2026-04-02,3.5591859085516107,4.851751201116903,2,False
en.wikipedia,Olivia_Rodrigo,320,323,320,2026-04-17,4.115998248138648,7.860101357692548,4,False
en.wikipedia,Olivia_Rodrigo,333,339,336,2026-05-03,13.394105551747773,25.309751928003642,7,False
en.wikipedia,Olivia_Rodrigo,343,344,344,2026-05-11,3.218343482860165,3.752385904479113,2,False
en.wikipedia,Vijay_(actor),81,87,83,2025-08-23,5.161795407098121,20.439874444726996,7,False
en.wikipedia,Vijay_(actor),118,122,119,2025-09-28,11.037995747434593,22.98428399741148,5,False
en.wikipedia,Vijay_(actor),137,137,137,2025-10-16,2.0554136676727808,1.0554136676727808,1,False
en.wikipedia,Vijay_(actor),209,213,210,2025-12-28,7.076015727391874,17.80205299706381,5,False
en.wikipedia,Vijay_(actor),216,221,217,2026-01-04,4.235972829626872,10.756394532512601,6,False
en.wikipedia,Vijay_(actor),271,281,272,2026-02-28,14.13780260707635,59.866672065926416,11,False
en.wikipedia,Vijay_(actor),326,327,326,2026-04-23,3.410691698289062,3.7619635219992564,2,False
en.wikipedia,Vijay_(actor),332,332,332,2026-04-29,2.1029023746701845,1.1029023746701845,1,False
en.wikipedia,Vijay_(actor),337,346,337,2026-05-04,89.31758296736895,330.8773488246909,10,False
en.wikipedia,Turing_test,318,318,318,2026-04-15,96.29892933618844,95.29892933618844,1,False
en.wikipedia,Jennifer_Runyon,77,77,77,2025-08-17,2.224761904761905,1.224761904761905,1,False
en.wikipedia,Jennifer_Runyon,126,126,126,2025-10-05,2.0177383592017737,1.0177383592017737,1,False
en.wikipedia,Jennifer_Runyon,132,133,132,2025-10-11,2.6559633027522938,3.0107304867877707,2,False
en.wikipedia,Jennifer_Runyon,153,153,153,2025-11-01,2.2503477051460363,1.2503477051460363,1,False
en.wikipedia,Jennifer_Runyon,175,175,175,2025-11-23,2.4783505154639176,1.4783505154639176,1,False
en.wikipedia,Jennifer_Runyon,180,183,182,2025-11-30,13.851694915254237,17.572033898305087,4,False
en.wikipedia,Jennifer_Runyon,196,197,196,2025-12-14,6.478336221837089,6.506065857885616,2,False
en.wikipedia,Jennifer_Runyon,216,216,216,2026-01-03,2.1754838709677418,1.1754838709677418,1,False
en.wikipedia,Jennifer_Runyon,254,254,254,2026-02-10,2.2948207171314743,1.2948207171314743,1,False
en.wikipedia,Jennifer_Runyon,260,260,260,2026-02-16,2.0159362549800797,1.0159362549800797,1,False
en.wikipedia,Jennifer_Runyon,280,294,281,2026-03-09,1967.8700209643605,3168.353157383662,15,False
en.wikipedia,Jennifer_Runyon,338,340,338,2026-05-05,5.247770069375619,8.476709613478691,3,False
en.wikipedia,Jennifer_Runyon,358,359,359,2026-05-26,2.7248995983935744,2.771084337349398,2,False
en.wikipedia,"Neatsville,_Kentucky",36,36,36,2025-07-07,5.21732538305658,4.21732538305658,1,False
en.wikipedia,"Neatsville,_Kentucky",190,201,198,2025-12-16,3.1440607083656493,19.510746892566868,12,False
en.wikipedia,Benjamin_Netanyahu,101,103,101,2025-09-10,3.7257711613539835,5.588270625080441,3,False
en.wikipedia,Benjamin_Netanyahu,105,110,107,2025-09-16,3.0946583211866585,9.014946807266455,6,False
en.wikipedia,Benjamin_Netanyahu,112,113,113,2025-09-22,2.2838256212869217,2.42617921197788,2,False
en.wikipedia,Benjamin_Netanyahu,117,118,117,2025-09-26,2.6234882464833382,2.727678004851771,2,False
en.wikipedia,Benjamin_Netanyahu,120,120,120,2025-09-29,2.0732086284480498,1.0732086284480498,1,False
en.wikipedia,Benjamin_Netanyahu,134,134,134,2025-10-13,2.4778668727659166,1.4778668727659166,1,False
en.wikipedia,Benjamin_Netanyahu,197,197,197,2025-12-15,2.02061310782241,1.02061310782241,1,False
en.wikipedia,Benjamin_Netanyahu,201,201,201,2025-12-19,2.6753981834934843,1.6753981834934843,1,False
en.wikipedia,Benjamin_Netanyahu,211,212,212,2025-12-30,2.8271954674220963,2.9634088762983946,2,False
en.wikipedia,Benjamin_Netanyahu,253,253,253,2026-02-09,2.1293254437869824,1.1293254437869824,1,False
en.wikipedia,Benjamin_Netanyahu,272,290,274,2026-03-02,10.453549309194855,72.05712853225624,19,False
en.wikipedia,The_Boys_(TV_series),189,190,189,2025-12-07,4.208333333333333,4.857291666666667,2,False
en.wikipedia,The_Boys_(TV_series),277,278,278,2026-03-06,2.6945613884354325,2.9890029647562035,2,False
en.wikipedia,The_Boys_(TV_series),309,323,312,2026-04-09,9.742729185776723,66.88746193555939,15,False
en.wikipedia,The_Boys_(TV_series),325,325,325,2026-04-22,2.241557125398671,1.2415571253986708,1,False
en.wikipedia,The_Boys_(TV_series),346,346,346,2026-05-13,2.372588294884192,1.372588294884192,1,False
en.wikipedia,The_Boys_(TV_series),353,354,353,2026-05-20,4.128695652173913,5.285862729012852,2,False
en.wikipedia,Something_Very_Bad_Is_Going_to_Happen,241,241,241,2026-01-28,4.077264421821979,3.0772644218219787,1,False
en.wikipedia,Something_Very_Bad_Is_Going_to_Happen,257,260,258,2026-02-14,4.1248142644873695,9.505695889053987,4,False
en.wikipedia,Something_Very_Bad_Is_Going_to_Happen,285,311,298,2026-03-26,44.53179571663921,355.15745177614843,27,False
en.wikipedia,Mohammad_Reza_Pahlavi,212,230,223,2026-01-10,27.404755001449697,155.70376854645897,19,False
en.wikipedia,Mohammad_Reza_Pahlavi,272,285,273,2026-03-01,63.298296762313946,192.0991367873114,14,False
en.wikipedia,Spider-Noir,185,190,186,2025-12-04,14.450617283950617,30.996246456977993,6,False
en.wikipedia,Spider-Noir,254,267,256,2026-02-12,68.33715798764342,244.15052178458967,14,False
en.wikipedia,Spider-Noir,326,338,329,2026-04-26,12.941381890745822,50.749896591941926,13,False
en.wikipedia,Spider-Noir,352,353,352,2026-05-19,2.468081619273949,2.6947132233858304,2,False
en.wikipedia,Spider-Noir,355,371,361,2026-05-28,28.170421958213847,145.9363871392866,17,False
en.wikipedia,Jim_Ward_(body_piercer),193,193,193,2025-12-11,3.1944444444444446,2.1944444444444446,1,False
en.wikipedia,Jim_Ward_(body_piercer),318,321,318,2026-04-15,3564.4126984126983,3629.2681762681764,4,False
en.wikipedia,Jim_Ward_(body_piercer),323,323,323,2026-04-20,2.0,1.0,1,False
en.wikipedia,Mahmoud_Ahmadinejad,204,204,204,2025-12-22,2.2739726027397262,1.2739726027397262,1,False
en.wikipedia,Mahmoud_Ahmadinejad,215,229,224,2026-01-11,6.278212290502793,43.33557542263248,15,False
en.wikipedia,Mahmoud_Ahmadinejad,272,285,273,2026-03-01,344.5034899953467,900.3371038834244,14,False
en.wikipedia,Mahmoud_Ahmadinejad,352,358,353,2026-05-20,30.85388127853881,49.57838660578387,7,False
en.wikipedia,Arsenal_F.C.,35,35,35,2025-07-06,2.4805593975718456,1.4805593975718456,1,False
en.wikipedia,Arsenal_F.C.,39,39,39,2025-07-10,2.196701282834453,1.1967012828344532,1,False
en.wikipedia,Arsenal_F.C.,43,43,43,2025-07-14,2.14878750513769,1.14878750513769,1,False
en.wikipedia,Arsenal_F.C.,77,77,77,2025-08-17,2.0085466433058414,1.0085466433058414,1,False
en.wikipedia,Arsenal_F.C.,83,84,83,2025-08-23,2.8799221756968234,2.976102863426807,2,False
en.wikipedia,Arsenal_F.C.,157,157,157,2025-11-05,2.7660886768299777,1.7660886768299777,1,False
en.wikipedia,Arsenal_F.C.,175,175,175,2025-11-23,2.4289693593314765,1.4289693593314765,1,False
en.wikipedia,Arsenal_F.C.,178,179,178,2025-11-26,2.0730160611628046,2.0891364902506964,2,False
en.wikipedia,Arsenal_F.C.,221,221,221,2026-01-08,2.0279928870532897,1.0279928870532897,1,False
en.wikipedia,Arsenal_F.C.,238,238,238,2026-01-25,2.082788671023965,1.0827886710239651,1,False
en.wikipedia,Arsenal_F.C.,294,294,294,2026-03-22,2.7544764795144157,1.7544764795144157,1,False
en.wikipedia,Arsenal_F.C.,322,322,322,2026-04-19,3.0019726154560225,2.0019726154560225,1,False
en.wikipedia,Arsenal_F.C.,332,332,332,2026-04-29,2.0759357135152627,1.0759357135152627,1,False
en.wikipedia,Arsenal_F.C.,338,339,338,2026-05-05,4.220232172470978,5.737203451844346,2,False
en.wikipedia,Arsenal_F.C.,343,343,343,2026-05-10,2.1466060953557093,1.1466060953557093,1,False
en.wikipedia,Arsenal_F.C.,352,358,353,2026-05-20,10.831222952396217,27.146703444961496,7,False
en.wikipedia,Arsenal_F.C.,363,364,363,2026-05-30,6.098508693858944,6.690838535698447,2,False
en.wikipedia,Dolores_Huerta,106,110,108,2025-09-17,3.042821158690176,9.511128607350296,5,False
en.wikipedia,Dolores_Huerta,113,117,113,2025-09-22,2.9781181619256016,7.8116855076034,5,False
en.wikipedia,Dolores_Huerta,120,122,120,2025-09-29,2.2380506091846297,3.523484747430476,3,False
en.wikipedia,Dolores_Huerta,289,303,291,2026-03-19,255.33459000942506,712.1758507782849,15,False
en.wikipedia,Dolores_Huerta,367,367,367,2026-06-03,2.472430224642614,1.472430224642614,1,False
en.wikipedia,Alex_Zanardi,70,71,70,2025-08-10,3.75625,4.165625,2,False
en.wikipedia,Alex_Zanardi,106,107,106,2025-09-15,4.609800362976406,5.604355716878402,2,False
en.wikipedia,Alex_Zanardi,144,146,144,2025-10-23,5.658426966292135,8.746258336313037,3,False
en.wikipedia,Alex_Zanardi,312,322,314,2026-04-11,19.85614849187935,71.79581209927328,11,False
en.wikipedia,Alex_Zanardi,335,346,335,2026-05-02,617.2580982236154,1001.7590773086941,12,False
en.wikipedia,Mary_Ajami,66,66,66,2025-08-06,2.0,1.0,1,False
en.wikipedia,Mary_Ajami,88,88,88,2025-08-28,2.5,1.5,1,False
en.wikipedia,Mary_Ajami,107,107,107,2025-09-16,2.0,1.0,1,False
en.wikipedia,Mary_Ajami,114,114,114,2025-09-23,2.0,1.0,1,False
en.wikipedia,Mary_Ajami,126,126,126,2025-10-05,2.0,1.0,1,False
en.wikipedia,Mary_Ajami,136,136,136,2025-10-15,2.0,1.0,1,False
en.wikipedia,Mary_Ajami,178,178,178,2025-11-26,2.1538461538461537,1.1538461538461537,1,False
en.wikipedia,Mary_Ajami,184,184,184,2025-12-02,2.0,1.0,1,False
en.wikipedia,Mary_Ajami,198,198,198,2025-12-16,2.6666666666666665,1.6666666666666665,1,False
en.wikipedia,Mary_Ajami,200,200,200,2025-12-18,2.1666666666666665,1.1666666666666665,1,False
en.wikipedia,Mary_Ajami,207,207,207,2025-12-25,2.2857142857142856,1.2857142857142856,1,False
en.wikipedia,Mary_Ajami,240,240,240,2026-01-27,2.0,1.0,1,False
en.wikipedia,Mary_Ajami,275,275,275,2026-03-03,2.5,1.5,1,False
en.wikipedia,Mary_Ajami,279,279,279,2026-03-07,2.1538461538461537,1.1538461538461537,1,False
en.wikipedia,Mary_Ajami,284,284,284,2026-03-12,2.0,1.0,1,False
en.wikipedia,Mary_Ajami,297,297,297,2026-03-25,2.2666666666666666,1.2666666666666666,1,False
en.wikipedia,Mary_Ajami,305,305,305,2026-04-02,2.3529411764705883,1.3529411764705883,1,False
en.wikipedia,Mary_Ajami,327,330,327,2026-04-24,14515.777777777777,14564.102840434418,4,False
en.wikipedia,Mary_Ajami,332,332,332,2026-04-29,2.5714285714285716,1.5714285714285716,1,False
en.wikipedia,The_Super_Mario_Galaxy_Movie,162,170,164,2025-11-12,28.295485225738712,63.01620961953218,9,False
en.wikipedia,The_Super_Mario_Galaxy_Movie,238,241,238,2026-01-25,8.847650513950073,17.15180460894943,4,False
en.wikipedia,The_Super_Mario_Galaxy_Movie,281,284,282,2026-03-10,5.667687169496243,10.905803943291929,4,False
en.wikipedia,The_Super_Mario_Galaxy_Movie,298,312,304,2026-04-01,18.79775399192841,87.47585099472464,15,False
en.wikipedia,Rick_Pitino,67,67,67,2025-08-07,2.0602739726027397,1.0602739726027397,1,False
en.wikipedia,Rick_Pitino,109,110,109,2025-09-18,3.8895522388059702,4.537313432835822,2,False
en.wikipedia,Rick_Pitino,124,124,124,2025-10-03,4.657789613848203,3.6577896138482027,1,False
en.wikipedia,Rick_Pitino,143,147,145,2025-10-24,7.139484978540772,13.78832785876709,5,False
en.wikipedia,Rick_Pitino,155,156,156,2025-11-04,3.5195007800312013,3.621690561053099,2,False
en.wikipedia,Rick_Pitino,160,161,160,2025-11-08,5.373195876288659,6.564147306761048,2,False
en.wikipedia,Rick_Pitino,164,164,164,2025-11-12,2.25249500998004,1.25249500998004,1,False
en.wikipedia,Rick_Pitino,173,173,173,2025-11-21,2.57742782152231,1.5774278215223099,1,False
en.wikipedia,Rick_Pitino,176,177,176,2025-11-24,2.507136859781696,2.9026532729122003,2,False
en.wikipedia,Rick_Pitino,179,179,179,2025-11-27,4.149438637243516,3.1494386372435157,1,False
en.wikipedia,Rick_Pitino,195,195,195,2025-12-13,2.256248022777602,1.2562480227776018,1,False
en.wikipedia,Rick_Pitino,202,202,202,2025-12-20,5.0090878492090205,4.0090878492090205,1,False
en.wikipedia,Rick_Pitino,216,216,216,2026-01-03,3.149706015377657,2.149706015377657,1,False
en.wikipedia,Rick_Pitino,234,234,234,2026-01-21,3.747785304846274,2.747785304846274,1,False
en.wikipedia,Rick_Pitino,237,239,237,2026-01-24,6.38353765323993,11.499875154453978,3,False
en.wikipedia,Rick_Pitino,251,252,251,2026-02-07,17.20486956521739,17.522086956521736,2,False
en.wikipedia,Rick_Pitino,254,254,254,2026-02-10,5.287128712871287,4.287128712871287,1,False
en.wikipedia,Rick_Pitino,258,259,258,2026-02-14,2.123984351489618,2.1790465184523176,2,False
en.wikipedia,Rick_Pitino,265,265,265,2026-02-21,2.0538990825688073,1.0538990825688073,1,False
en.wikipedia,Rick_Pitino,270,270,270,2026-02-26,3.2225169466548778,2.2225169466548778,1,False
en.wikipedia,Rick_Pitino,273,273,273,2026-03-01,6.028816676885347,5.028816676885347,1,False
en.wikipedia,Rick_Pitino,279,279,279,2026-03-07,2.059814169570267,1.059814169570267,1,False
en.wikipedia,Rick_Pitino,284,300,294,2026-03-22,63.87450840185913,188.14753869518023,17,False
en.wikipedia,Rick_Pitino,359,359,359,2026-05-26,2.1499513145082765,1.1499513145082765,1,False
en.wikipedia,Rick_Pitino,373,373,373,2026-06-09,3.007920792079208,2.007920792079208,1,False
en.wikipedia,Ruby_Rose,136,136,136,2025-10-15,2.0814016172506737,1.0814016172506737,1,False
en.wikipedia,Ruby_Rose,163,168,164,2025-11-12,14.371834121903701,39.37823545783468,6,False
en.wikipedia,Ruby_Rose,245,245,245,2026-02-01,2.2232004142931125,1.2232004142931125,1,False
en.wikipedia,Ruby_Rose,252,252,252,2026-02-08,2.62025662025662,1.6202566202566202,1,False
en.wikipedia,Ruby_Rose,277,278,278,2026-03-06,4.040948275862069,4.5262830849378854,2,False
en.wikipedia,Ruby_Rose,285,285,285,2026-03-13,2.017465187632759,1.0174651876327592,1,False
en.wikipedia,Ruby_Rose,316,326,318,2026-04-15,56.47759674134419,208.18079888861323,11,False
en.wikipedia,2026_World_Baseball_Classic,43,44,44,2025-07-15,2.5473537604456826,2.667410257620824,2,False
en.wikipedia,2026_World_Baseball_Classic,129,130,129,2025-10-08,2.5550366911274183,2.908361332587653,2,False
en.wikipedia,2026_World_Baseball_Classic,132,132,132,2025-10-11,2.0058858151854033,1.0058858151854033,1,False
en.wikipedia,2026_World_Baseball_Classic,134,135,134,2025-10-13,3.208449138410228,3.506892509317367,2,False
en.wikipedia,2026_World_Baseball_Classic,138,139,138,2025-10-17,2.210367388022144,2.3522657581084334,2,False
en.wikipedia,2026_World_Baseball_Classic,141,142,142,2025-10-21,3.525581395348837,4.043567006859629,2,False
en.wikipedia,2026_World_Baseball_Classic,146,147,147,2025-10-26,2.3397988505747125,2.379315864844745,2,False
en.wikipedia,2026_World_Baseball_Classic,149,149,149,2025-10-28,3.642361111111111,2.642361111111111,1,False
en.wikipedia,2026_World_Baseball_Classic,154,158,154,2025-11-02,6.432210353327855,11.923642988195297,5,False
en.wikipedia,2026_World_Baseball_Classic,177,177,177,2025-11-25,2.5599169262720665,1.5599169262720665,1,False
en.wikipedia,2026_World_Baseball_Classic,191,192,192,2025-12-10,2.1783625730994154,2.329933737609582,2,False
en.wikipedia,2026_World_Baseball_Classic,200,201,200,2025-12-18,2.515056461731493,2.9698870765370136,2,False
en.wikipedia,2026_World_Baseball_Classic,228,229,228,2026-01-15,3.3699536730641957,4.319876461504522,2,False
en.wikipedia,2026_World_Baseball_Classic,250,251,250,2026-02-06,4.3391021470396876,4.490003327897363,2,False
en.wikipedia,2026_World_Baseball_Classic,266,268,267,2026-02-23,2.293921055008581,3.5271814993242256,3,False
en.wikipedia,2026_World_Baseball_Classic,272,288,280,2026-03-08,11.281682752832564,91.12277411054038,17,False
en.wikipedia,2026_World_Baseball_Classic,290,290,290,2026-03-18,2.7652897193505095,1.7652897193505095,1,False
en.wikipedia,Dianna_Russini,32,37,32,2025-07-03,249.11864406779662,280.6353107344633,6,False
en.wikipedia,Dianna_Russini,50,55,51,2025-07-22,19.36986301369863,35.782519220875386,6,False
en.wikipedia,Dianna_Russini,59,61,61,2025-08-01,4.782608695652174,7.828462817771442,3,False
en.wikipedia,Dianna_Russini,64,72,64,2025-08-04,124.8695652173913,227.57837885833524,9,False
en.wikipedia,Dianna_Russini,137,144,138,2025-10-17,22.268199233716476,42.55457085384823,8,False
en.wikipedia,Dianna_Russini,146,147,146,2025-10-25,5.399361022364217,8.038657210047502,2,False
en.wikipedia,Dianna_Russini,150,151,151,2025-10-30,2.8548387096774195,3.093502194164293,2,False
en.wikipedia,Dianna_Russini,184,184,184,2025-12-02,4.442159383033419,3.4421593830334194,1,False
en.wikipedia,Dianna_Russini,207,208,207,2025-12-25,19.07920792079208,31.455445544554458,2,False
en.wikipedia,Dianna_Russini,211,211,211,2025-12-29,7.446280991735537,6.446280991735537,1,False
en.wikipedia,Dianna_Russini,216,217,216,2026-01-03,2.485148514851485,2.5445544554455446,2,False
en.wikipedia,Dianna_Russini,219,219,219,2026-01-06,2.0693069306930694,1.0693069306930694,1,False
en.wikipedia,Dianna_Russini,228,228,228,2026-01-15,4.680555555555555,3.6805555555555554,1,False
en.wikipedia,Dianna_Russini,233,235,234,2026-01-21,8.295180722891565,11.86983919283692,3,False
en.wikipedia,Dianna_Russini,246,250,246,2026-02-02,9.725,22.372553830348355,5,False
en.wikipedia,Dianna_Russini,269,271,270,2026-02-26,7.016722408026756,12.573572964877313,3,False
en.wikipedia,Dianna_Russini,274,274,274,2026-03-02,3.2038216560509554,2.2038216560509554,1,False
en.wikipedia,Dianna_Russini,281,288,283,2026-03-11,11.820627802690582,34.31449078760254,8,False
en.wikipedia,Dianna_Russini,297,297,297,2026-03-25,3.663101604278075,2.663101604278075,1,False
en.wikipedia,Dianna_Russini,310,328,311,2026-04-08,1599.6423841059602,6166.380706504813,19,False
en.wikipedia,Dianna_Russini,340,340,340,2026-05-07,2.309259477973308,1.309259477973308,1,False
en.wikipedia,Claude_Lemieux,32,32,32,2025-07-03,4.8213333333333335,3.8213333333333335,1,False
en.wikipedia,Claude_Lemieux,114,114,114,2025-09-23,2.2751322751322753,1.2751322751322753,1,False
en.wikipedia,Claude_Lemieux,130,130,130,2025-10-09,2.244131455399061,1.244131455399061,1,False
en.wikipedia,Claude_Lemieux,194,194,194,2025-12-12,2.191358024691358,1.191358024691358,1,False
en.wikipedia,Claude_Lemieux,213,214,214,2026-01-01,2.65625,2.8901949541284404,2,False
en.wikipedia,Claude_Lemieux,216,216,216,2026-01-03,2.6103896103896105,1.6103896103896105,1,False
en.wikipedia,Claude_Lemieux,244,244,244,2026-01-31,2.9260143198090693,1.9260143198090693,1,False
en.wikipedia,Claude_Lemieux,266,266,266,2026-02-22,2.158859470468432,1.1588594704684319,1,False
en.wikipedia,Claude_Lemieux,299,299,299,2026-03-27,2.28494623655914,1.28494623655914,1,False
en.wikipedia,Claude_Lemieux,315,315,315,2026-04-12,3.3657142857142857,2.3657142857142857,1,False
en.wikipedia,Claude_Lemieux,325,325,325,2026-04-22,2.4691943127962084,1.4691943127962084,1,False
en.wikipedia,Claude_Lemieux,335,335,335,2026-05-02,3.3289760348583877,2.3289760348583877,1,False
en.wikipedia,The_Devil_Wears_Prada_(film),29,31,30,2025-07-01,3.844279661016949,6.4343220338983045,3,False
en.wikipedia,The_Devil_Wears_Prada_(film),51,51,51,2025-07-22,2.403121902874133,1.4031219028741329,1,False
en.wikipedia,The_Devil_Wears_Prada_(film),53,55,53,2025-07-24,2.696080788651118,4.703774945900457,3,False
en.wikipedia,The_Devil_Wears_Prada_(film),162,162,162,2025-11-10,4.63274647887324,3.6327464788732398,1,False
en.wikipedia,The_Devil_Wears_Prada_(film),164,170,165,2025-11-13,10.358098591549295,32.69100794924639,7,False
en.wikipedia,The_Devil_Wears_Prada_(film),246,252,246,2026-02-02,10.207934336525307,20.723233515509378,7,False
en.wikipedia,The_Devil_Wears_Prada_(film),285,286,286,2026-03-14,2.033500455788514,2.042211057507712,2,False
en.wikipedia,The_Devil_Wears_Prada_(film),288,288,288,2026-03-16,3.0186873290793073,2.0186873290793073,1,False
en.wikipedia,The_Devil_Wears_Prada_(film),310,315,311,2026-04-08,2.5693430656934306,8.256682349735913,6,False
en.wikipedia,The_Devil_Wears_Prada_(film),318,318,318,2026-04-15,2.0065211484466987,1.0065211484466987,1,False
en.wikipedia,The_Devil_Wears_Prada_(film),324,343,336,2026-05-03,9.225637671680838,59.01365601259355,20,False
en.wikipedia,Giorgia_Meloni,77,84,79,2025-08-19,18.85019028947065,48.34303442022926,8,False
en.wikipedia,Giorgia_Meloni,116,116,116,2025-09-25,2.05582097058084,1.05582097058084,1,False
en.wikipedia,Giorgia_Meloni,134,139,135,2025-10-14,9.725605614670592,24.361189816136598,6,False
en.wikipedia,Giorgia_Meloni,250,251,251,2026-02-07,4.912303750903239,5.894769248603085,2,False
en.wikipedia,Giorgia_Meloni,266,266,266,2026-02-22,2.0562543948745997,1.0562543948745997,1,False
en.wikipedia,Giorgia_Meloni,295,296,296,2026-03-24,2.442521388533779,2.8785524633690627,2,False
en.wikipedia,Giorgia_Meloni,316,322,318,2026-04-15,4.64693092490383,15.16271000089808,7,False
en.wikipedia,Giorgia_Meloni,353,358,353,2026-05-20,25.281992404839706,63.27687008743266,6,False
en.wikipedia,Wade_Wilson_(criminal),50,51,51,2025-07-22,3.240401653868872,3.8630024216231904,2,False
en.wikipedia,Wade_Wilson_(criminal),61,61,61,2025-08-01,2.634876210979548,1.6348762109795478,1,False
en.wikipedia,Wade_Wilson_(criminal),65,66,66,2025-08-06,2.074337987481945,2.095219425088611,2,False
en.wikipedia,Wade_Wilson_(criminal),105,105,105,2025-09-14,2.063989408649603,1.063989408649603,1,False
en.wikipedia,Wade_Wilson_(criminal),141,142,141,2025-10-20,3.3215859030837005,3.5604879701796004,2,False
en.wikipedia,Wade_Wilson_(criminal),196,197,196,2025-12-14,2.7491166077738516,3.1540636042402825,2,False
en.wikipedia,Wade_Wilson_(criminal),207,214,211,2025-12-29,16.571668533034714,50.704691783375985,8,False
en.wikipedia,Wade_Wilson_(criminal),216,224,222,2026-01-09,7.152779512804497,34.71652929581909,9,False
en.wikipedia,Wade_Wilson_(criminal),234,238,235,2026-01-22,3.4241476721368036,9.722296325940963,5,False
en.wikipedia,Wade_Wilson_(criminal),302,302,302,2026-03-30,2.039661752600464,1.039661752600464,1,False
en.wikipedia,Wade_Wilson_(criminal),339,352,343,2026-05-10,31.280050478494058,234.86771665804037,14,False
en.wikipedia,Johnny_Somali,65,65,65,2025-08-05,6.546544651309562,5.546544651309562,1,False
en.wikipedia,Johnny_Somali,73,75,74,2025-08-14,3.6492890995260665,6.507958871643909,3,False
en.wikipedia,Johnny_Somali,114,114,114,2025-09-23,3.07773851590106,2.07773851590106,1,False
en.wikipedia,Johnny_Somali,145,145,145,2025-10-24,2.1187683284457477,1.1187683284457477,1,False
en.wikipedia,Johnny_Somali,150,150,150,2025-10-29,2.349007314524556,1.349007314524556,1,False
en.wikipedia,Johnny_Somali,153,153,153,2025-11-01,2.0513326752221124,1.0513326752221124,1,False
en.wikipedia,Johnny_Somali,155,155,155,2025-11-03,2.82856202698256,1.82856202698256,1,False
en.wikipedia,Johnny_Somali,176,181,179,2025-11-27,5.448435689455388,17.873773015192107,6,False
en.wikipedia,Johnny_Somali,271,276,272,2026-02-28,18.226917776757006,36.328755871913685,6,False
en.wikipedia,Johnny_Somali,287,287,287,2026-03-15,2.21091927204853,1.21091927204853,1,False
en.wikipedia,Johnny_Somali,317,328,318,2026-04-15,106.78200692041523,196.25085477237855,12,False
en.wikipedia,Christina_Koch,114,119,115,2025-09-24,11.578947368421053,31.49059783216002,6,False
en.wikipedia,Christina_Koch,213,218,214,2026-01-01,3.8745198463508324,12.190121347545919,6,False
en.wikipedia,Christina_Koch,226,237,230,2026-01-17,9.501967397414278,33.198028864844694,12,False
en.wikipedia,Christina_Koch,244,244,244,2026-01-31,2.0772491756947717,1.0772491756947717,1,False
en.wikipedia,Christina_Koch,246,247,246,2026-02-02,2.974184510706424,3.103229194835854,2,False
en.wikipedia,Christina_Koch,287,287,287,2026-03-15,3.9114015976761074,2.9114015976761074,1,False
en.wikipedia,Christina_Koch,296,317,304,2026-04-01,278.06349206349205,1189.4392059796949,22,False
en.wikipedia,ChatGPT,170,170,170,2025-11-18,2.4610923694779117,1.4610923694779117,1,False
en.wikipedia,2026_FIFA_World_Cup,95,102,101,2025-09-10,5.655746807329262,24.37923303115645,8,False
en.wikipedia,2026_FIFA_World_Cup,130,137,135,2025-10-14,6.176677268412902,18.887948978402413,8,False
en.wikipedia,2026_FIFA_World_Cup,165,174,171,2025-11-19,13.980651309247596,48.14183045289391,10,False
en.wikipedia,2026_FIFA_World_Cup,187,190,187,2025-12-05,15.793114152416255,27.139322971510595,4,False
en.wikipedia,2026_FIFA_World_Cup,298,299,299,2026-03-27,3.019202285230639,3.663642615319509,2,False
en.wikipedia,2026_FIFA_World_Cup,303,306,304,2026-04-01,8.715878408929425,15.592853359515289,4,False
en.wikipedia,2026_FIFA_World_Cup,352,352,352,2026-05-19,2.3570795152231745,1.3570795152231745,1,False
en.wikipedia,2026_FIFA_World_Cup,355,355,355,2026-05-22,2.060785795601305,1.060785795601305,1,False
en.wikipedia,Mansoureh_Khojasteh_Bagherzadeh,212,231,224,2026-01-11,31.07294117647059,196.19150695564923,20,False
en.wikipedia,Mansoureh_Khojasteh_Bagherzadeh,272,285,273,2026-03-01,462.99183006535947,1362.5646416702948,14,False
en.wikipedia,RC_Celta_de_Vigo,89,89,89,2025-08-29,2.4721311475409835,1.4721311475409835,1,False
en.wikipedia,RC_Celta_de_Vigo,116,116,116,2025-09-25,3.338815789473684,2.338815789473684,1,False
en.wikipedia,RC_Celta_de_Vigo,123,123,123,2025-10-02,2.998885172798216,1.9988851727982162,1,False
en.wikipedia,RC_Celta_de_Vigo,126,126,126,2025-10-05,2.563517915309446,1.563517915309446,1,False
en.wikipedia,RC_Celta_de_Vigo,158,158,158,2025-11-06,2.991766941101963,1.9917669411019632,1,False
en.wikipedia,RC_Celta_de_Vigo,161,162,161,2025-11-09,6.4906759906759905,6.858767158767159,2,False
en.wikipedia,RC_Celta_de_Vigo,182,182,182,2025-11-30,3.358863495985176,2.358863495985176,1,False
en.wikipedia,RC_Celta_de_Vigo,189,191,190,2025-12-08,6.781887755102041,12.479591836734693,3,False
en.wikipedia,RC_Celta_de_Vigo,193,193,193,2025-12-11,2.079081632653061,1.079081632653061,1,False
en.wikipedia,RC_Celta_de_Vigo,216,216,216,2026-01-03,2.1666666666666665,1.1666666666666665,1,False
en.wikipedia,RC_Celta_de_Vigo,225,225,225,2026-01-12,2.0892717306186372,1.0892717306186372,1,False
en.wikipedia,RC_Celta_de_Vigo,231,231,231,2026-01-18,2.3903950426026337,1.3903950426026337,1,False
en.wikipedia,RC_Celta_de_Vigo,235,235,235,2026-01-22,2.5423242467718796,1.5423242467718796,1,False
en.wikipedia,RC_Celta_de_Vigo,242,243,242,2026-01-29,3.564449676280165,4.131546812720368,2,False
en.wikipedia,RC_Celta_de_Vigo,263,263,263,2026-02-19,2.5555555555555554,1.5555555555555554,1,False
en.wikipedia,RC_Celta_de_Vigo,270,271,270,2026-02-26,3.142692750287687,3.810126582278481,2,False
en.wikipedia,RC_Celta_de_Vigo,278,278,278,2026-03-06,4.239577216676453,3.2395772166764534,1,False
en.wikipedia,RC_Celta_de_Vigo,284,284,284,2026-03-12,2.9124212936462506,1.9124212936462506,1,False
en.wikipedia,RC_Celta_de_Vigo,291,292,291,2026-03-19,3.4362050163576883,3.805888767720829,2,False
en.wikipedia,RC_Celta_de_Vigo,312,312,312,2026-04-09,3.391304347826087,2.391304347826087,1,False
en.wikipedia,RC_Celta_de_Vigo,319,319,319,2026-04-16,4.333716915995397,3.3337169159953968,1,False
en.wikipedia,RC_Celta_de_Vigo,325,325,325,2026-04-22,2.736543909348442,1.736543909348442,1,False
en.wikipedia,RC_Celta_de_Vigo,336,337,336,2026-05-03,134.6031914893617,136.61702127659575,2,False
en.wikipedia,Tulsi_Gabbard,48,58,53,2025-07-24,15.632045004687988,58.99772842242343,11,False
en.wikipedia,Tulsi_Gabbard,80,81,80,2025-08-20,2.6243487798190293,2.974088291746641,2,False
en.wikipedia,Tulsi_Gabbard,112,113,112,2025-09-21,14.847361452619634,18.241346699451483,2,False
en.wikipedia,Tulsi_Gabbard,195,195,195,2025-12-13,2.0091629955947137,1.0091629955947137,1,False
en.wikipedia,Tulsi_Gabbard,203,204,203,2025-12-21,3.196872778962331,3.6611648222017426,2,False
en.wikipedia,Tulsi_Gabbard,216,217,217,2026-01-04,2.238371182458888,2.449836150611754,2,False
en.wikipedia,Tulsi_Gabbard,221,222,222,2026-01-09,2.499233449477352,2.9728868452618955,2,False
en.wikipedia,Tulsi_Gabbard,242,252,243,2026-01-30,10.248656753717356,45.86616768350248,11,False
en.wikipedia,Tulsi_Gabbard,289,295,291,2026-03-19,21.242836149889786,54.25912621572416,7,False
en.wikipedia,Tulsi_Gabbard,305,306,306,2026-04-03,2.716769770941314,3.0259153987627485,2,False
en.wikipedia,Tulsi_Gabbard,319,319,319,2026-04-16,2.0303920745529345,1.0303920745529345,1,False
en.wikipedia,Tulsi_Gabbard,347,347,347,2026-05-14,6.391896379940219,5.391896379940219,1,False
en.wikipedia,Tulsi_Gabbard,355,362,355,2026-05-22,75.4312957602588,154.05346500936488,8,False
en.wikipedia,Tulsi_Gabbard,366,368,366,2026-06-02,4.732767762460234,7.024221571779847,3,False
en.wikipedia,John_Worboys,40,40,40,2025-07-11,2.590308370044053,1.590308370044053,1,False
en.wikipedia,John_Worboys,67,73,68,2025-08-08,13.428571428571429,44.67857142857143,7,False
en.wikipedia,John_Worboys,78,81,80,2025-08-20,2.875,6.245617230098146,4,False
en.wikipedia,John_Worboys,84,87,85,2025-08-25,11.048780487804878,15.590167772555976,4,False
en.wikipedia,John_Worboys,126,127,127,2025-10-06,2.988235294117647,3.6549019607843136,2,False
en.wikipedia,John_Worboys,146,147,147,2025-10-26,2.1533742331288344,2.1533742331288344,2,False
en.wikipedia,John_Worboys,227,228,227,2026-01-14,4.18,4.209999999999999,2,False
en.wikipedia,John_Worboys,279,279,279,2026-03-07,2.324324324324324,1.3243243243243241,1,False
en.wikipedia,John_Worboys,284,287,285,2026-03-13,7.0,12.5494335537254,4,False
en.wikipedia,John_Worboys,290,296,290,2026-03-18,12.798387096774194,28.615372049693377,7,False
en.wikipedia,John_Worboys,322,336,324,2026-04-21,38.90721649484536,195.34214345907708,15,False
en.wikipedia,John_Worboys,338,356,344,2026-05-11,121.50133029266439,539.2246040036688,19,False
en.wikipedia,"Avatar:_Aang,_The_Last_Airbender",315,325,317,2026-04-14,43.92067445870857,208.33528117394297,11,False
en.wikipedia,Pilt_Carin_Ersdotter,31,31,31,2025-07-02,2.65,1.65,1,False
en.wikipedia,Pilt_Carin_Ersdotter,33,34,33,2025-07-04,2.8727272727272726,2.9584415584415584,2,False
en.wikipedia,Pilt_Carin_Ersdotter,111,111,111,2025-09-20,2.5555555555555554,1.5555555555555554,1,False
en.wikipedia,Pilt_Carin_Ersdotter,121,121,121,2025-09-30,2.142857142857143,1.1428571428571428,1,False
en.wikipedia,Pilt_Carin_Ersdotter,142,142,142,2025-10-21,2.1666666666666665,1.1666666666666665,1,False
en.wikipedia,Pilt_Carin_Ersdotter,144,144,144,2025-10-23,2.0,1.0,1,False
en.wikipedia,Pilt_Carin_Ersdotter,155,160,156,2025-11-04,6.714285714285714,20.955952380952382,6,False
en.wikipedia,Pilt_Carin_Ersdotter,163,163,163,2025-11-11,2.5,1.5,1,False
en.wikipedia,Pilt_Carin_Ersdotter,176,177,177,2025-11-25,6.8,9.5,2,False
en.wikipedia,Pilt_Carin_Ersdotter,179,179,179,2025-11-27,2.0,1.0,1,False
en.wikipedia,Pilt_Carin_Ersdotter,190,190,190,2025-12-08,2.1176470588235294,1.1176470588235294,1,False
en.wikipedia,Pilt_Carin_Ersdotter,220,220,220,2026-01-07,2.0,1.0,1,False
en.wikipedia,Pilt_Carin_Ersdotter,233,246,233,2026-01-20,3247.2,4450.5640470640465,14,False
en.wikipedia,Pilt_Carin_Ersdotter,293,308,300,2026-03-28,7945.923076923077,13744.805618637034,16,False
en.wikipedia,Pilt_Carin_Ersdotter,319,323,321,2026-04-18,9.623824451410659,20.482952887474077,5,False
en.wikipedia,Pilt_Carin_Ersdotter,354,354,354,2026-05-21,2.4047619047619047,1.4047619047619047,1,False
en.wikipedia,Pilt_Carin_Ersdotter,358,359,359,2026-05-26,5.235294117647059,6.205882352941177,2,False
en.wikipedia,Pilt_Carin_Ersdotter,361,363,361,2026-05-28,9.764705882352942,11.71981424148607,3,False
en.wikipedia,Dōtaku,101,101,101,2025-09-10,2.0,1.0,1,False
en.wikipedia,Dōtaku,233,233,233,2026-01-20,2.260869565217391,1.2608695652173911,1,False
en.wikipedia,Dōtaku,291,291,291,2026-03-19,2.0384615384615383,1.0384615384615383,1,False
en.wikipedia,Dōtaku,309,311,309,2026-04-06,3522.1052631578946,3536.036297640653,3,False
en.wikipedia,World_Baseball_Classic,134,134,134,2025-10-13,2.618122977346278,1.6181229773462782,1,False
en.wikipedia,World_Baseball_Classic,139,139,139,2025-10-18,3.100892857142857,2.100892857142857,1,False
en.wikipedia,World_Baseball_Classic,141,142,142,2025-10-21,4.084236864053378,5.084236864053378,2,False
en.wikipedia,World_Baseball_Classic,146,147,147,2025-10-26,3.2295988934993085,4.119329852195785,2,False
en.wikipedia,World_Baseball_Classic,149,151,149,2025-10-28,4.268617886178862,6.105083812257323,3,False
en.wikipedia,World_Baseball_Classic,153,156,154,2025-11-02,7.608178792201617,11.37077554674832,4,False
en.wikipedia,World_Baseball_Classic,200,200,200,2025-12-18,2.2113748320644873,1.2113748320644873,1,False
en.wikipedia,World_Baseball_Classic,228,229,228,2026-01-15,2.922718446601942,3.418252427184466,2,False
en.wikipedia,World_Baseball_Classic,245,245,245,2026-02-01,2.1159763313609465,1.1159763313609465,1,False
en.wikipedia,World_Baseball_Classic,250,251,250,2026-02-06,4.820676791899814,5.356292195876657,2,False
en.wikipedia,World_Baseball_Classic,266,267,266,2026-02-22,2.205182283820428,2.2456008018081017,2,False
en.wikipedia,World_Baseball_Classic,272,290,280,2026-03-08,16.308431629532546,135.39826830821352,19,False
en.wikipedia,Donald_Trump,90,93,90,2025-08-30,4.7682845467433905,9.190229928947264,4,False
en.wikipedia,Donald_Trump,216,216,216,2026-01-03,2.965638725133288,1.9656387251332879,1,False
en.wikipedia,Donald_Trump,225,230,225,2026-01-12,15.735354266967747,29.288303398476124,6,False
en.wikipedia,Donald_Trump,308,308,308,2026-04-05,2.1064973131411824,1.1064973131411824,1,False
en.wikipedia,Project_Hail_Mary,133,133,133,2025-10-12,3.1297709923664123,2.1297709923664123,1,False
en.wikipedia,Project_Hail_Mary,170,177,170,2025-11-18,10.858889454915944,38.783834267277975,8,False
en.wikipedia,Project_Hail_Mary,250,250,250,2026-02-06,2.0330684990337127,1.0330684990337127,1,False
en.wikipedia,Project_Hail_Mary,252,256,253,2026-02-09,9.110853774081482,14.733551195340207,5,False
en.wikipedia,Project_Hail_Mary,260,260,260,2026-02-16,2.4175824175824174,1.4175824175824174,1,False
en.wikipedia,Project_Hail_Mary,282,286,282,2026-03-10,2.5855103497501783,6.414668547684931,5,False
en.wikipedia,Project_Hail_Mary,289,302,294,2026-03-22,7.198012846246487,40.31884399239972,14,False
en.wikipedia,Alireza_Arafi,53,53,53,2025-07-24,2.4262295081967213,1.4262295081967213,1,False
en.wikipedia,Alireza_Arafi,87,88,88,2025-08-28,3.0,3.6,2,False
en.wikipedia,Alireza_Arafi,122,122,122,2025-10-01,2.090909090909091,1.0909090909090908,1,False
en.wikipedia,Alireza_Arafi,147,147,147,2025-10-26,2.16,1.1600000000000001,1,False
en.wikipedia,Alireza_Arafi,180,180,180,2025-11-28,2.4545454545454546,1.4545454545454546,1,False
en.wikipedia,Alireza_Arafi,191,191,191,2025-12-09,2.3333333333333335,1.3333333333333335,1,False
en.wikipedia,Alireza_Arafi,195,196,195,2025-12-13,2.5833333333333335,2.75,2,False
en.wikipedia,Alireza_Arafi,205,205,205,2025-12-23,2.0,1.0,1,False
en.wikipedia,Alireza_Arafi,210,212,210,2025-12-28,2.72,3.791428571428572,3,False
en.wikipedia,Alireza_Arafi,215,216,215,2026-01-02,3.272727272727273,3.3253588516746415,2,False
en.wikipedia,Alireza_Arafi,221,231,224,2026-01-11,10.489795918367347,36.975527328185535,11,False
en.wikipedia,Alireza_Arafi,239,239,239,2026-01-26,2.0963855421686746,1.0963855421686746,1,False
en.wikipedia,Alireza_Arafi,272,286,274,2026-03-02,10344.491803278688,30202.854231422567,15,False
en.wikipedia,Alireza_Arafi,289,290,290,2026-03-18,3.178884905427123,4.033291035695322,2,False
en.wikipedia,Drishyam_3,50,50,50,2025-07-21,2.4878048780487805,1.4878048780487805,1,False
en.wikipedia,Drishyam_3,101,102,101,2025-09-10,2.425263157894737,2.425263157894737,2,False
en.wikipedia,Drishyam_3,113,113,113,2025-09-22,2.198717948717949,1.198717948717949,1,False
en.wikipedia,Drishyam_3,123,125,124,2025-10-03,2.5644171779141103,4.107621590383548,3,False
en.wikipedia,Drishyam_3,140,143,140,2025-10-19,2.7442218798151004,5.412659709474196,4,False
en.wikipedia,Drishyam_3,146,148,146,2025-10-25,2.854485049833887,4.531322767782251,3,False
en.wikipedia,Drishyam_3,183,186,184,2025-12-02,4.460592509782001,9.960490402577289,4,False
en.wikipedia,Drishyam_3,190,191,190,2025-12-08,2.2879205736348593,2.3173163275815116,2,False
en.wikipedia,Drishyam_3,204,212,204,2025-12-22,9.415423675023803,38.80196185596931,9,False
en.wikipedia,Drishyam_3,239,239,239,2026-01-26,2.40381179273377,1.4038117927337699,1,False
en.wikipedia,Drishyam_3,242,245,244,2026-01-31,2.615842763549732,5.544937085818111,4,False
en.wikipedia,Drishyam_3,259,259,259,2026-02-15,2.1955605507164933,1.1955605507164933,1,False
en.wikipedia,Drishyam_3,332,333,333,2026-04-30,2.618865297598329,2.815800298479076,2,False
en.wikipedia,Drishyam_3,342,345,342,2026-05-09,2.97910447761194,5.9736801690910255,4,False
en.wikipedia,Drishyam_3,352,367,354,2026-05-21,22.93897804054054,132.0207541454595,16,False
en.wikipedia,Alexx_Ekubo,45,45,45,2025-07-16,2.0,1.0,1,False
en.wikipedia,Alexx_Ekubo,105,105,105,2025-09-14,2.0869565217391304,1.0869565217391304,1,False
en.wikipedia,Alexx_Ekubo,134,134,134,2025-10-13,2.4285714285714284,1.4285714285714284,1,False
en.wikipedia,Alexx_Ekubo,189,190,190,2025-12-08,2.5945945945945947,3.027027027027027,2,False
en.wikipedia,Alexx_Ekubo,233,234,233,2026-01-20,4.588235294117647,4.816806722689075,2,False
en.wikipedia,Alexx_Ekubo,294,294,294,2026-03-22,2.108108108108108,1.108108108108108,1,False
en.wikipedia,Alexx_Ekubo,343,358,345,2026-05-12,5568.578947368421,11025.918128426534,16,False
en.wikipedia,Clavicular_(influencer),252,258,253,2026-02-09,2.949377815440881,10.415784319490177,7,False
en.wikipedia,Clavicular_(influencer),262,263,262,2026-02-18,2.7620433236340123,2.895247332686712,2,False
en.wikipedia,Clavicular_(influencer),292,296,294,2026-03-22,3.2814777358041582,9.306552842142835,5,False
en.wikipedia,Clavicular_(influencer),299,299,299,2026-03-27,2.8872269006536717,1.8872269006536717,1,False
en.wikipedia,Clavicular_(influencer),318,331,318,2026-04-15,23.251926888350585,88.73133670997576,14,False
en.wikipedia,"Antonín_Kinský_(footballer,_born_2003)",39,40,39,2025-07-10,2.4754716981132074,2.860377358490566,2,False
en.wikipedia,"Antonín_Kinský_(footballer,_born_2003)",48,48,48,2025-07-19,2.0150375939849625,1.0150375939849625,1,False
en.wikipedia,"Antonín_Kinský_(footballer,_born_2003)",50,51,50,2025-07-21,2.610909090909091,3.126588533417802,2,False
en.wikipedia,"Antonín_Kinský_(footballer,_born_2003)",63,63,63,2025-08-03,2.935344827586207,1.9353448275862069,1,False
en.wikipedia,"Antonín_Kinský_(footballer,_born_2003)",73,73,73,2025-08-13,3.227016885553471,2.227016885553471,1,False
en.wikipedia,"Antonín_Kinský_(footballer,_born_2003)",115,116,115,2025-09-24,3.0098522167487687,3.0146714938572026,2,False
en.wikipedia,"Antonín_Kinský_(footballer,_born_2003)",150,151,150,2025-10-29,7.026615969581749,7.828086557817043,2,False
en.wikipedia,"Antonín_Kinský_(footballer,_born_2003)",153,153,153,2025-11-01,2.2348754448398576,1.2348754448398576,1,False
en.wikipedia,"Antonín_Kinský_(footballer,_born_2003)",175,175,175,2025-11-23,2.72,1.7200000000000002,1,False
en.wikipedia,"Antonín_Kinský_(footballer,_born_2003)",181,182,181,2025-11-29,2.8253968253968256,2.8253968253968256,2,False
en.wikipedia,"Antonín_Kinský_(footballer,_born_2003)",184,184,184,2025-12-02,2.467391304347826,1.4673913043478262,1,False
en.wikipedia,"Antonín_Kinský_(footballer,_born_2003)",190,196,192,2025-12-10,28.07734806629834,53.67361864367478,7,False
en.wikipedia,"Antonín_Kinský_(footballer,_born_2003)",222,223,223,2026-01-10,2.331877729257642,2.4366812227074233,2,False
en.wikipedia,"Antonín_Kinský_(footballer,_born_2003)",234,234,234,2026-01-21,5.598591549295775,4.598591549295775,1,False
en.wikipedia,"Antonín_Kinský_(footballer,_born_2003)",240,241,240,2026-01-27,10.072607260726073,12.053376491495303,2,False
en.wikipedia,"Antonín_Kinský_(footballer,_born_2003)",255,256,256,2026-02-12,2.9037900874635567,3.346938775510204,2,False
en.wikipedia,"Antonín_Kinský_(footballer,_born_2003)",266,266,266,2026-02-22,3.461818181818182,2.461818181818182,1,False
en.wikipedia,"Antonín_Kinský_(footballer,_born_2003)",277,278,277,2026-03-05,4.297520661157025,5.795648001980995,2,False
en.wikipedia,"Antonín_Kinský_(footballer,_born_2003)",282,292,283,2026-03-11,745.111821086262,1557.9427818672914,11,False
en.wikipedia,"Antonín_Kinský_(footballer,_born_2003)",315,316,315,2026-04-12,8.590123456790124,9.150617283950618,2,False
en.wikipedia,"Antonín_Kinský_(footballer,_born_2003)",321,321,321,2026-04-18,4.748923959827834,3.7489239598278337,1,False
en.wikipedia,"Antonín_Kinský_(footballer,_born_2003)",328,329,328,2026-04-25,4.39171974522293,5.656963647661954,2,False
en.wikipedia,"Antonín_Kinský_(footballer,_born_2003)",336,337,336,2026-05-03,4.114192495921697,4.15513737781146,2,False
en.wikipedia,"Antonín_Kinský_(footballer,_born_2003)",344,346,344,2026-05-11,11.3115823817292,19.505709624796086,3,False
en.wikipedia,"Antonín_Kinský_(footballer,_born_2003)",352,352,352,2026-05-19,3.3938506588579793,2.3938506588579793,1,False
en.wikipedia,"Antonín_Kinský_(footballer,_born_2003)",357,360,357,2026-05-24,10.292307692307693,21.24220623501199,4,False
en.wikipedia,"Antonín_Kinský_(footballer,_born_2003)",365,366,366,2026-06-02,2.816326530612245,3.5285714285714285,2,False
en.wikipedia,John_F._Kennedy_Jr.,69,71,70,2025-08-10,4.495304534478133,8.116514924006957,3,False
en.wikipedia,John_F._Kennedy_Jr.,77,78,77,2025-08-17,2.825562372188139,2.944338862000732,2,False
en.wikipedia,John_F._Kennedy_Jr.,84,84,84,2025-08-24,2.052159739201304,1.0521597392013038,1,False
en.wikipedia,John_F._Kennedy_Jr.,164,165,164,2025-11-12,3.0127596162801527,3.310416361055327,2,False
en.wikipedia,John_F._Kennedy_Jr.,174,177,175,2025-11-23,5.824016082888734,10.727264411820805,4,False
en.wikipedia,John_F._Kennedy_Jr.,212,214,213,2025-12-31,9.862679477491094,16.89333909100723,3,False
en.wikipedia,John_F._Kennedy_Jr.,219,219,219,2026-01-06,2.1519014010323394,1.1519014010323394,1,False
en.wikipedia,John_F._Kennedy_Jr.,246,252,247,2026-02-03,7.487481065668716,22.884701060322552,7,False
en.wikipedia,John_F._Kennedy_Jr.,256,270,259,2026-02-15,23.430750999851874,135.6631740416904,15,False
en.wikipedia,John_F._Kennedy_Jr.,362,363,363,2026-05-30,2.4597498160412066,2.9052734854059357,2,False
en.wikipedia,Euphoria_(American_TV_series),60,60,60,2025-07-31,2.033068538703122,1.0330685387031222,1,False
en.wikipedia,Euphoria_(American_TV_series),62,65,64,2025-08-04,2.8820503879347923,6.134541392201952,4,False
en.wikipedia,Euphoria_(American_TV_series),138,138,138,2025-10-17,2.144678764100049,1.1446787641000489,1,False
en.wikipedia,Euphoria_(American_TV_series),140,140,140,2025-10-19,2.1006045949214025,1.1006045949214025,1,False
en.wikipedia,Euphoria_(American_TV_series),227,233,228,2026-01-15,5.789960450258595,16.369735698084067,7,False
en.wikipedia,Euphoria_(American_TV_series),264,266,264,2026-02-20,5.654438838129006,7.924769307695804,3,False
en.wikipedia,Euphoria_(American_TV_series),302,304,303,2026-03-31,2.8668177954094642,4.105320816445092,3,False
en.wikipedia,Euphoria_(American_TV_series),307,324,316,2026-04-13,12.174990489647302,56.76647482428807,18,False
en.wikipedia,Euphoria_(American_TV_series),330,331,330,2026-04-27,3.190421360033375,3.304293495135908,2,False
en.wikipedia,Euphoria_(American_TV_series),344,344,344,2026-05-11,2.3290921699279403,1.3290921699279403,1,False
en.wikipedia,Euphoria_(American_TV_series),358,359,358,2026-05-25,4.1196030128848475,4.430461360664213,2,False
en.wikipedia,Euphoria_(American_TV_series),365,366,365,2026-06-01,8.383849507798804,9.898885242954105,2,False
en.wikipedia,Apex_(2026_film),253,253,253,2026-02-09,3.3088142041851616,2.3088142041851616,1,False
en.wikipedia,Apex_(2026_film),267,268,267,2026-02-23,2.180574555403557,2.2339261285909715,2,False
en.wikipedia,Apex_(2026_film),297,304,298,2026-03-26,13.79799173065564,36.44997413120973,8,False
en.wikipedia,Apex_(2026_film),307,307,307,2026-04-04,2.0089330024813896,1.0089330024813896,1,False
en.wikipedia,Apex_(2026_film),314,314,314,2026-04-11,2.0006015037593987,1.0006015037593987,1,False
en.wikipedia,Apex_(2026_film),325,340,329,2026-04-26,83.80566371681417,492.54613194445596,16,False
en.wikipedia,Carolyn_Bessette_Kennedy,150,150,150,2025-10-29,2.679351656095842,1.6793516560958421,1,False
en.wikipedia,Carolyn_Bessette_Kennedy,162,162,162,2025-11-10,2.1544291804831834,1.1544291804831834,1,False
en.wikipedia,Carolyn_Bessette_Kennedy,164,165,164,2025-11-12,2.7703772706101537,2.9243627778565306,2,False
en.wikipedia,Carolyn_Bessette_Kennedy,169,169,169,2025-11-17,2.362158167036216,1.362158167036216,1,False
en.wikipedia,Carolyn_Bessette_Kennedy,171,171,171,2025-11-19,2.091657715717866,1.091657715717866,1,False
en.wikipedia,Carolyn_Bessette_Kennedy,173,177,175,2025-11-23,6.50070323488045,16.9475635161311,5,False
en.wikipedia,Carolyn_Bessette_Kennedy,210,210,210,2025-12-28,2.083854358219934,1.0838543582199338,1,False
en.wikipedia,Carolyn_Bessette_Kennedy,212,215,213,2025-12-31,7.207061419639573,12.327973583824424,4,False
en.wikipedia,Carolyn_Bessette_Kennedy,220,220,220,2026-01-07,2.0072392234287593,1.0072392234287593,1,False
en.wikipedia,Carolyn_Bessette_Kennedy,246,270,259,2026-02-15,63.24647567075944,378.23517880430546,25,False
en.wikipedia,One_Battle_After_Another,53,57,54,2025-07-25,6.973034345728073,16.038143586670888,5,False
en.wikipedia,One_Battle_After_Another,99,126,118,2025-09-27,7.321006580033489,82.54941326182522,28,False
en.wikipedia,One_Battle_After_Another,166,169,168,2025-11-16,3.0899838142871725,6.60362501640444,4,False
en.wikipedia,One_Battle_After_Another,202,212,203,2025-12-21,3.7343605457909343,18.7273308999288,11,False
en.wikipedia,One_Battle_After_Another,225,225,225,2026-01-12,3.8759178885630496,2.8759178885630496,1,False
en.wikipedia,One_Battle_After_Another,266,267,267,2026-02-23,2.559495219200764,2.988081564462477,2,False
en.wikipedia,One_Battle_After_Another,287,291,288,2026-03-16,33.28031313424181,46.806661648601676,5,False
en.wikipedia,One_Battle_After_Another,293,294,293,2026-03-21,2.0727954231603865,2.0803249017795085,2,False
en.wikipedia,Unai_Emery,40,40,40,2025-07-11,2.247513812154696,1.247513812154696,1,False
en.wikipedia,Unai_Emery,60,60,60,2025-07-31,2.194756554307116,1.1947565543071161,1,False
en.wikipedia,Unai_Emery,76,76,76,2025-08-16,5.270903010033445,4.270903010033445,1,False
en.wikipedia,Unai_Emery,83,83,83,2025-08-23,2.383608423449061,1.3836084234490609,1,False
en.wikipedia,Unai_Emery,91,92,91,2025-08-31,4.045158053186151,5.585832656360754,2,False
en.wikipedia,Unai_Emery,107,107,107,2025-09-16,2.9663224068253253,1.9663224068253253,1,False
en.wikipedia,Unai_Emery,112,112,112,2025-09-21,2.615575807787904,1.6155758077879039,1,False
en.wikipedia,Unai_Emery,116,116,116,2025-09-25,2.4466338259441707,1.4466338259441707,1,False
en.wikipedia,Unai_Emery,119,119,119,2025-09-28,2.6430496726992683,1.6430496726992683,1,False
en.wikipedia,Unai_Emery,123,123,123,2025-10-02,2.3878048780487804,1.3878048780487804,1,False
en.wikipedia,Unai_Emery,140,140,140,2025-10-19,3.2746543778801844,2.2746543778801844,1,False
en.wikipedia,Unai_Emery,147,147,147,2025-10-26,3.8060724779627817,2.8060724779627817,1,False
en.wikipedia,Unai_Emery,153,154,153,2025-11-01,6.355670103092783,6.4649484536082475,2,False
en.wikipedia,Unai_Emery,158,158,158,2025-11-06,2.557815845824411,1.5578158458244111,1,False
en.wikipedia,Unai_Emery,161,161,161,2025-11-09,2.661362506215813,1.6613625062158128,1,False
en.wikipedia,Unai_Emery,175,175,175,2025-11-23,3.322269807280514,2.322269807280514,1,False
en.wikipedia,Unai_Emery,182,182,182,2025-11-30,2.4040838259000537,1.4040838259000537,1,False
en.wikipedia,Unai_Emery,185,194,188,2025-12-06,23.296508598228243,48.92266411987404,10,False
en.wikipedia,Unai_Emery,196,197,196,2025-12-14,3.398921832884097,3.416063110185728,2,False
en.wikipedia,Unai_Emery,203,204,203,2025-12-21,6.316266425011327,8.389216130493882,2,False
en.wikipedia,Unai_Emery,209,213,209,2025-12-27,7.410729991204925,18.181502863883285,5,False
en.wikipedia,Unai_Emery,218,218,218,2026-01-05,2.3859250851305336,1.3859250851305336,1,False
en.wikipedia,Unai_Emery,223,223,223,2026-01-10,2.222037422037422,1.2220374220374222,1,False
en.wikipedia,Unai_Emery,231,231,231,2026-01-18,2.097616345062429,1.0976163450624292,1,False
en.wikipedia,Unai_Emery,242,243,242,2026-01-29,2.8808345120226306,3.2397454031117396,2,False
en.wikipedia,Unai_Emery,271,271,271,2026-02-27,2.10016155088853,1.1001615508885298,1,False
en.wikipedia,Unai_Emery,285,285,285,2026-03-13,2.816242821985234,1.816242821985234,1,False
en.wikipedia,Unai_Emery,287,287,287,2026-03-15,4.226415094339623,3.2264150943396226,1,False
en.wikipedia,Unai_Emery,291,291,291,2026-03-19,2.3208982252806956,1.3208982252806956,1,False
en.wikipedia,Unai_Emery,312,312,312,2026-04-09,2.630665380906461,1.630665380906461,1,False
en.wikipedia,Unai_Emery,319,324,320,2026-04-17,5.531340405014465,15.620057859209258,6,False
en.wikipedia,Unai_Emery,328,328,328,2026-04-25,2.3072546230440967,1.3072546230440967,1,False
en.wikipedia,Unai_Emery,333,334,333,2026-04-30,4.3401997503121095,4.693246345294188,2,False
en.wikipedia,Unai_Emery,336,336,336,2026-05-03,3.4770833333333333,2.4770833333333333,1,False
en.wikipedia,Unai_Emery,340,342,340,2026-05-07,11.690140845070422,22.356867846974755,3,False
en.wikipedia,Unai_Emery,348,349,348,2026-05-15,3.458792749018875,4.464959820594281,2,False
en.wikipedia,Unai_Emery,352,357,353,2026-05-20,41.40969017798286,77.67542213560303,6,False
en.wikipedia,Survival_of_the_Sickest_(song),173,174,174,2025-11-22,19.4,22.2,2,False
en.wikipedia,Survival_of_the_Sickest_(song),231,232,231,2026-01-18,2.5454545454545454,2.712121212121212,2,False
en.wikipedia,Survival_of_the_Sickest_(song),240,240,240,2026-01-27,2.0,1.0,1,False
en.wikipedia,Survival_of_the_Sickest_(song),355,355,355,2026-05-22,2.0,1.0,1,False
en.wikipedia,Survival_of_the_Sickest_(song),366,366,366,2026-06-02,2.6,1.6,1,False
en.wikipedia,Strait_of_Hormuz,166,168,167,2025-11-15,3.842735042735043,5.402871103039736,3,False
en.wikipedia,Strait_of_Hormuz,171,171,171,2025-11-19,2.0168634064080946,1.0168634064080946,1,False
en.wikipedia,Strait_of_Hormuz,226,228,228,2026-01-15,2.696652719665272,4.41019529449817,3,False
en.wikipedia,Strait_of_Hormuz,240,248,242,2026-01-29,4.659377628259041,20.031499158068698,9,False
en.wikipedia,Strait_of_Hormuz,261,264,261,2026-02-17,6.74527820316488,15.885664589574237,4,False
en.wikipedia,Strait_of_Hormuz,272,286,273,2026-03-01,85.09976166155941,547.8184505398307,15,False
en.wikipedia,Strait_of_Hormuz,288,288,288,2026-03-16,2.0628067382942037,1.0628067382942037,1,False
en.wikipedia,Strait_of_Hormuz,311,311,311,2026-04-08,2.3384568682013662,1.3384568682013662,1,False
en.wikipedia,Connor_Storrie,209,210,209,2025-12-27,2.464521844700015,2.575349707806254,2,False
en.wikipedia,Connor_Storrie,225,227,225,2026-01-12,2.7637962046468063,4.140610989583132,3,False
en.wikipedia,Connor_Storrie,273,275,273,2026-03-01,10.87467406846665,15.40655227521238,3,False
en.wikipedia,Connor_Storrie,336,340,338,2026-05-05,13.323304042179261,20.858774818008552,5,False
en.wikipedia,The_Backrooms,267,276,268,2026-02-24,14.708333333333334,47.79399157243017,10,False
en.wikipedia,The_Backrooms,302,315,304,2026-04-01,22.827298050139277,89.25071023614416,14,False
en.wikipedia,The_Backrooms,359,373,365,2026-06-01,10.755516886814839,75.36867278343203,15,False
en.wikipedia,Windsor_Lancers_men's_ice_hockey,286,286,286,2026-03-14,3.0,2.0,1,False
en.wikipedia,Windsor_Lancers_men's_ice_hockey,290,294,291,2026-03-19,3.142857142857143,7.842366946778712,5,False
en.wikipedia,Clavicular_(person),316,318,318,2026-04-15,5.894905688400416,10.118763348881679,3,False
en.wikipedia,Lamar_Odom,231,231,231,2026-01-18,3.0651962374310737,2.0651962374310737,1,False
en.wikipedia,Lamar_Odom,233,233,233,2026-01-20,2.4626153356665608,1.4626153356665608,1,False
en.wikipedia,Lamar_Odom,269,272,270,2026-02-26,5.759847036328872,12.55594732272799,4,False
en.wikipedia,Lamar_Odom,275,278,276,2026-03-04,12.574294205052006,25.178832273950054,4,False
en.wikipedia,Lamar_Odom,280,281,280,2026-03-08,2.300500834724541,2.37530398433084,2,False
en.wikipedia,Lamar_Odom,289,312,304,2026-04-01,15.016315564035668,117.1953501720354,24,False
en.wikipedia,Limonene,36,36,36,2025-07-07,5.968663884733486,4.968663884733486,1,False
en.wikipedia,Limonene,121,121,121,2025-09-30,2.2353017185682904,1.2353017185682904,1,False
en.wikipedia,Limonene,189,195,192,2025-12-10,4.118887669619677,17.801793343876668,7,False
en.wikipedia,Limonene,218,218,218,2026-01-05,2.7812609914110986,1.7812609914110986,1,False
en.wikipedia,Limonene,322,322,322,2026-04-19,2.3850548320138136,1.3850548320138136,1,False
en.wikipedia,Limonene,330,330,330,2026-04-27,2.669132751184621,1.669132751184621,1,False
en.wikipedia,President_of_Iran,94,95,94,2025-09-03,2.488372093023256,2.7465116279069766,2,False
en.wikipedia,President_of_Iran,210,228,223,2026-01-10,13.888,89.33090267364382,19,False
en.wikipedia,President_of_Iran,272,285,273,2026-03-01,291.691738594328,627.5599788969936,14,False
en.wikipedia,President_of_Iran,353,353,353,2026-05-20,3.265040650406504,2.265040650406504,1,False
en.wikipedia,President_of_Iran,364,366,365,2026-06-01,4.7395555555555555,6.809777777777777,3,False
en.wikipedia,Anthony_Gordon_(footballer),37,37,37,2025-07-08,2.099740932642487,1.099740932642487,1,False
en.wikipedia,Anthony_Gordon_(footballer),76,77,76,2025-08-16,7.795013850415512,8.19612188365651,2,False
en.wikipedia,Anthony_Gordon_(footballer),85,87,85,2025-08-25,19.702038682697335,29.286835211348443,3,False
en.wikipedia,Anthony_Gordon_(footballer),93,93,93,2025-09-02,2.2839680300893277,1.2839680300893277,1,False
en.wikipedia,Anthony_Gordon_(footballer),97,97,97,2025-09-06,2.9490196078431374,1.9490196078431374,1,False
en.wikipedia,Anthony_Gordon_(footballer),100,100,100,2025-09-09,4.456975466861955,3.4569754668619552,1,False
en.wikipedia,Anthony_Gordon_(footballer),109,110,109,2025-09-18,3.9515989628349177,4.463644695787143,2,False
en.wikipedia,Anthony_Gordon_(footballer),119,119,119,2025-09-28,4.222806095638465,3.2228060956384654,1,False
en.wikipedia,Anthony_Gordon_(footballer),122,123,122,2025-10-01,4.015292190060077,4.598580010922993,2,False
en.wikipedia,Anthony_Gordon_(footballer),130,130,130,2025-10-09,4.7168742921857305,3.7168742921857305,1,False
en.wikipedia,Anthony_Gordon_(footballer),135,136,135,2025-10-14,14.506696428571429,17.57064054463806,2,False
en.wikipedia,Anthony_Gordon_(footballer),142,143,142,2025-10-21,4.345982142857143,6.311592030014586,2,False
en.wikipedia,Anthony_Gordon_(footballer),174,174,174,2025-11-22,2.033626901521217,1.0336269015212172,1,False
en.wikipedia,Anthony_Gordon_(footballer),181,181,181,2025-11-29,2.8839071257005604,1.8839071257005604,1,False
en.wikipedia,Anthony_Gordon_(footballer),184,184,184,2025-12-02,2.780408163265306,1.7804081632653062,1,False
en.wikipedia,Anthony_Gordon_(footballer),188,189,188,2025-12-06,2.3960573476702507,2.5483870967741935,2,False
en.wikipedia,Anthony_Gordon_(footballer),192,193,192,2025-12-10,3.336917562724014,4.300958658614425,2,False
en.wikipedia,Anthony_Gordon_(footballer),196,196,196,2025-12-14,2.974803149606299,1.974803149606299,1,False
en.wikipedia,Anthony_Gordon_(footballer),202,202,202,2025-12-20,3.802453195610071,2.802453195610071,1,False
en.wikipedia,Anthony_Gordon_(footballer),208,209,208,2025-12-26,6.621223857474826,6.83639627126793,2,False
en.wikipedia,Anthony_Gordon_(footballer),223,223,223,2026-01-10,2.91445874337623,1.9144587433762301,1,False
en.wikipedia,Anthony_Gordon_(footballer),226,226,226,2026-01-13,3.900638750887154,2.900638750887154,1,False
en.wikipedia,Anthony_Gordon_(footballer),228,228,228,2026-01-15,2.272727272727273,1.272727272727273,1,False
en.wikipedia,Anthony_Gordon_(footballer),234,234,234,2026-01-21,2.082652570879385,1.082652570879385,1,False
en.wikipedia,Anthony_Gordon_(footballer),244,245,244,2026-01-31,10.989247311827956,12.524848218857434,2,False
en.wikipedia,Anthony_Gordon_(footballer),262,266,262,2026-02-18,18.970445996775926,38.476063824552426,5,False
en.wikipedia,Anthony_Gordon_(footballer),268,269,268,2026-02-24,3.2991215903837263,3.973697861570167,2,False
en.wikipedia,Anthony_Gordon_(footballer),271,271,271,2026-02-27,4.069812044495589,3.069812044495589,1,False
en.wikipedia,Anthony_Gordon_(footballer),276,277,276,2026-03-04,3.397529069767442,3.576308139534884,2,False
en.wikipedia,Anthony_Gordon_(footballer),286,287,286,2026-03-14,3.3305906553041433,4.098433994649673,2,False
en.wikipedia,Anthony_Gordon_(footballer),294,294,294,2026-03-22,3.263157894736842,2.263157894736842,1,False
en.wikipedia,Anthony_Gordon_(footballer),303,303,303,2026-03-31,2.4689655172413794,1.4689655172413794,1,False
en.wikipedia,Anthony_Gordon_(footballer),317,317,317,2026-04-14,2.059122401847575,1.0591224018475751,1,False
en.wikipedia,Anthony_Gordon_(footballer),319,320,319,2026-04-16,3.8937644341801385,3.9297921478060047,2,False
en.wikipedia,Anthony_Gordon_(footballer),324,324,324,2026-04-21,2.6858426966292135,1.6858426966292135,1,False
en.wikipedia,Anthony_Gordon_(footballer),331,331,331,2026-04-28,2.2579750346740637,1.2579750346740637,1,False
en.wikipedia,Anthony_Gordon_(footballer),338,338,338,2026-05-05,3.3105510465612986,2.3105510465612986,1,False
en.wikipedia,Anthony_Gordon_(footballer),346,347,346,2026-05-13,2.85981981981982,2.957117117117117,2,False
en.wikipedia,Anthony_Gordon_(footballer),350,350,350,2026-05-17,2.1715315315315316,1.1715315315315316,1,False
en.wikipedia,Anthony_Gordon_(footballer),355,355,355,2026-05-22,4.082076464398456,3.0820764643984564,1,False
en.wikipedia,Anthony_Gordon_(footballer),360,371,360,2026-05-27,62.02922169148637,259.64820800525723,12,False
en.wikipedia,D4vd,32,32,32,2025-07-03,2.3649041255084255,1.3649041255084255,1,False
en.wikipedia,D4vd,100,118,109,2025-09-18,537.4376899696049,2470.9568761310516,19,False
en.wikipedia,D4vd,171,172,171,2025-11-19,6.808119322642145,7.392172255242794,2,False
en.wikipedia,D4vd,175,177,175,2025-11-23,5.511270606706291,8.703039138723785,3,False
en.wikipedia,D4vd,186,187,186,2025-12-04,2.75913530121804,2.7606403538948836,2,False
en.wikipedia,D4vd,212,212,212,2025-12-30,3.3538219070133963,2.3538219070133963,1,False
en.wikipedia,D4vd,264,264,264,2026-02-20,2.1991370726850317,1.1991370726850317,1,False
en.wikipedia,D4vd,270,271,270,2026-02-26,4.083651452282158,4.476104282470837,2,False
en.wikipedia,D4vd,320,334,320,2026-04-17,77.01430010070493,456.5560809449475,15,False
en.wikipedia,Send_Help,135,143,136,2025-10-15,29.441810344827587,77.70833451437413,9,False
en.wikipedia,Send_Help,200,201,200,2025-12-18,3.7596465390279823,4.373764186086806,2,False
en.wikipedia,Send_Help,215,231,224,2026-01-11,10.331623931623932,63.11990676110853,17,False
en.wikipedia,Send_Help,233,234,233,2026-01-20,2.780669710806697,2.9756938474572725,2,False
en.wikipedia,Send_Help,236,236,236,2026-01-23,2.0650140805896466,1.0650140805896466,1,False
en.wikipedia,Send_Help,238,248,243,2026-01-30,6.7588368448546055,35.023690107702265,11,False
en.wikipedia,Send_Help,251,252,251,2026-02-07,2.042224660576656,2.0684576223181637,2,False
en.wikipedia,Send_Help,296,308,298,2026-03-26,14.919375094187973,73.40553912096497,13,False
en.wikipedia,Send_Help,340,346,343,2026-05-10,6.3905870936438625,22.489729904577068,7,False
en.wikipedia,Send_Help,349,350,350,2026-05-17,2.3835616438356166,2.6715995723549457,2,False
en.wikipedia,Sinners_(2025_film),34,35,35,2025-07-06,2.960047369260083,3.3552770418504374,2,False
en.wikipedia,Sinners_(2025_film),190,190,190,2025-12-08,2.0755427956217476,1.0755427956217476,1,False
en.wikipedia,Sinners_(2025_film),209,218,210,2025-12-28,2.8503519459613016,13.965811313555175,10,False
en.wikipedia,Sinners_(2025_film),225,225,225,2026-01-12,4.049175341354603,3.049175341354603,1,False
en.wikipedia,Sinners_(2025_film),235,239,235,2026-01-22,8.58120893730719,22.836256556531485,5,False
en.wikipedia,Sinners_(2025_film),274,274,274,2026-03-02,2.501320799402452,1.501320799402452,1,False
en.wikipedia,Sinners_(2025_film),286,294,288,2026-03-16,20.29672660813942,39.59371085693693,9,False
en.wikipedia,Michael_Olise,34,34,34,2025-07-05,4.132335565183143,3.1323355651831433,1,False
en.wikipedia,Michael_Olise,67,67,67,2025-08-07,2.1270772238514173,1.1270772238514173,1,False
en.wikipedia,Michael_Olise,75,77,75,2025-08-15,2.5910260074306946,4.021622646070167,3,False
en.wikipedia,Michael_Olise,80,85,82,2025-08-22,8.218065693430656,23.735260071936782,6,False
en.wikipedia,Michael_Olise,96,97,96,2025-09-05,2.795449158568381,2.8472064192758055,2,False
en.wikipedia,Michael_Olise,108,109,108,2025-09-17,4.104325699745547,4.439567430025445,2,False
en.wikipedia,Michael_Olise,122,122,122,2025-10-01,2.0690672963400236,1.0690672963400236,1,False
en.wikipedia,Michael_Olise,166,166,166,2025-11-14,2.3053627760252366,1.3053627760252366,1,False
en.wikipedia,Michael_Olise,174,181,178,2025-11-26,9.74081237911025,28.355789529495993,8,False
en.wikipedia,Michael_Olise,224,225,224,2026-01-11,2.766525166767738,3.2613705275924803,2,False
en.wikipedia,Michael_Olise,230,232,231,2026-01-18,3.575531914893617,5.733796282434383,3,False
en.wikipedia,Michael_Olise,237,237,237,2026-01-24,2.063580874872838,1.0635808748728381,1,False
en.wikipedia,Michael_Olise,282,286,283,2026-03-11,12.493401015228427,23.784498161566404,5,False
en.wikipedia,Michael_Olise,288,291,290,2026-03-18,5.0962259435141215,7.8133031994287006,4,False
en.wikipedia,Michael_Olise,293,294,293,2026-03-21,2.7853680035257824,3.0228241257640645,2,False
en.wikipedia,Michael_Olise,297,299,298,2026-03-26,3.238881829733164,5.851423992345399,3,False
en.wikipedia,Michael_Olise,310,314,310,2026-04-07,11.03486646884273,28.858679525222552,5,False
en.wikipedia,Michael_Olise,318,322,319,2026-04-16,14.429605263157894,31.495084923761688,5,False
en.wikipedia,Michael_Olise,331,333,331,2026-04-28,12.89308176100629,20.742066712163826,3,False
en.wikipedia,Michael_Olise,339,339,339,2026-05-06,3.546783722235057,2.546783722235057,1,False
en.wikipedia,Michael_Olise,369,370,369,2026-06-05,4.132451983038164,4.920922976155175,2,False
en.wikipedia,Itamar_Ben-Gvir,57,59,58,2025-07-29,4.111281893636643,5.785121426375653,3,False
en.wikipedia,Itamar_Ben-Gvir,63,64,63,2025-08-03,4.38635142396561,5.668536079362228,2,False
en.wikipedia,Itamar_Ben-Gvir,75,75,75,2025-08-15,2.9753168779186123,1.9753168779186123,1,False
en.wikipedia,Itamar_Ben-Gvir,120,121,120,2025-09-29,2.4621168305378833,2.559861191440139,2,False
en.wikipedia,Itamar_Ben-Gvir,124,127,124,2025-10-03,5.066818960593946,10.914464572691518,4,False
en.wikipedia,Itamar_Ben-Gvir,129,131,130,2025-10-09,3.840826873385013,5.582428940568476,3,False
en.wikipedia,Itamar_Ben-Gvir,163,163,163,2025-11-11,2.3336794738663897,1.3336794738663897,1,False
en.wikipedia,Itamar_Ben-Gvir,268,269,269,2026-02-25,2.437740693196406,2.6285903663990204,2,False
en.wikipedia,Itamar_Ben-Gvir,274,274,274,2026-03-02,2.1216963736939154,1.1216963736939154,1,False
en.wikipedia,Itamar_Ben-Gvir,276,278,278,2026-03-06,2.3163043478260867,3.4566901420036067,3,False
en.wikipedia,Itamar_Ben-Gvir,281,291,282,2026-03-10,78.74988355845366,155.45062103499944,11,False
en.wikipedia,Itamar_Ben-Gvir,294,294,294,2026-03-22,2.063413425811246,1.063413425811246,1,False
en.wikipedia,Itamar_Ben-Gvir,302,304,303,2026-03-31,8.318955282944202,12.549425688075551,3,False
en.wikipedia,Itamar_Ben-Gvir,336,337,336,2026-05-03,2.8403958386196395,3.2205024105556963,2,False
en.wikipedia,Itamar_Ben-Gvir,353,362,354,2026-05-21,20.931961500165947,72.77790971770017,10,False
en.wikipedia,Off_Campus,54,57,56,2025-07-27,3.2,6.066215344938749,4,False
en.wikipedia,Off_Campus,96,96,96,2025-09-05,2.009478672985782,1.0094786729857819,1,False
en.wikipedia,Off_Campus,119,119,119,2025-09-28,2.733031674208145,1.7330316742081449,1,False
en.wikipedia,Off_Campus,219,219,219,2026-01-06,2.1805555555555554,1.1805555555555554,1,False
en.wikipedia,Off_Campus,222,222,222,2026-01-09,2.048780487804878,1.048780487804878,1,False
en.wikipedia,Off_Campus,224,224,224,2026-01-11,2.473372781065089,1.473372781065089,1,False
en.wikipedia,Off_Campus,248,248,248,2026-02-04,2.9145728643216082,1.9145728643216082,1,False
en.wikipedia,Off_Campus,256,257,256,2026-02-12,2.595744680851064,2.6795143143589173,2,False
en.wikipedia,Off_Campus,291,305,292,2026-03-20,8.353846153846154,46.87152422156835,15,False
en.wikipedia,Off_Campus,326,340,327,2026-04-24,14.569885212694125,79.68750977162539,15,False
en.wikipedia,Off_Campus,345,359,347,2026-05-14,29.489479768786126,279.65480422279666,15,False
en.wikipedia,Mostafa_Khamenei,212,231,224,2026-01-11,31.530201342281877,196.6776315679928,20,False
en.wikipedia,Mostafa_Khamenei,237,237,237,2026-01-24,2.3561780890445223,1.3561780890445223,1,False
en.wikipedia,Mostafa_Khamenei,272,285,273,2026-03-01,530.5059382422803,1347.7323518160913,14,False
en.wikipedia,Kelly_Curtis,29,29,29,2025-06-30,2.108187134502924,1.108187134502924,1,False
en.wikipedia,Kelly_Curtis,35,35,35,2025-07-06,2.144050104384134,1.1440501043841338,1,False
en.wikipedia,Kelly_Curtis,55,60,58,2025-07-29,5.657118426678068,20.593118242810966,6,False
en.wikipedia,Kelly_Curtis,70,71,70,2025-08-10,3.264023494860499,4.028781204111601,2,False
en.wikipedia,Kelly_Curtis,126,126,126,2025-10-05,2.1131918435289223,1.1131918435289223,1,False
en.wikipedia,Kelly_Curtis,133,133,133,2025-10-12,2.3683267646005017,1.3683267646005017,1,False
en.wikipedia,Kelly_Curtis,189,189,189,2025-12-07,2.7586882036221243,1.7586882036221243,1,False
en.wikipedia,Kelly_Curtis,195,195,195,2025-12-13,2.688878883385862,1.6888788833858621,1,False
en.wikipedia,Kelly_Curtis,239,239,239,2026-01-26,5.611111111111111,4.611111111111111,1,False
en.wikipedia,Kelly_Curtis,245,245,245,2026-02-01,2.0318362706083,1.0318362706083,1,False
en.wikipedia,Kelly_Curtis,259,259,259,2026-02-15,2.1472915398660986,1.1472915398660986,1,False
en.wikipedia,Kelly_Curtis,280,280,280,2026-03-08,2.0264754550468838,1.0264754550468838,1,False
en.wikipedia,Kelly_Curtis,284,284,284,2026-03-12,2.2099556431739775,1.2099556431739775,1,False
en.wikipedia,Makai_Lemon,30,30,30,2025-07-01,2.2666666666666666,1.2666666666666666,1,False
en.wikipedia,Makai_Lemon,36,36,36,2025-07-07,2.0588235294117645,1.0588235294117645,1,False
en.wikipedia,Makai_Lemon,90,93,91,2025-08-31,12.162162162162161,15.906195906195904,4,False
en.wikipedia,Makai_Lemon,98,101,98,2025-09-07,20.65909090909091,24.91278143993825,4,False
en.wikipedia,Makai_Lemon,104,105,104,2025-09-13,3.6907216494845363,4.660418619181506,2,False
en.wikipedia,Makai_Lemon,112,114,112,2025-09-21,50.166666666666664,53.09114219114219,3,False
en.wikipedia,Makai_Lemon,118,122,118,2025-09-27,44.50828729281768,54.90117901691633,5,False
en.wikipedia,Makai_Lemon,132,137,133,2025-10-12,24.08664259927798,31.102508106583493,6,False
en.wikipedia,Makai_Lemon,139,140,140,2025-10-19,5.896296296296296,6.306700920573753,2,False
en.wikipedia,Makai_Lemon,160,160,160,2025-11-08,10.608391608391608,9.608391608391608,1,False
en.wikipedia,Makai_Lemon,167,175,174,2025-11-22,19.208191126279864,55.20321092849487,9,False
en.wikipedia,Makai_Lemon,182,182,182,2025-11-30,8.078066914498141,7.078066914498141,1,False
en.wikipedia,Makai_Lemon,195,200,195,2025-12-13,15.31454005934718,27.071216617210684,6,False
en.wikipedia,Makai_Lemon,213,213,213,2025-12-31,4.284122562674095,3.284122562674095,1,False
en.wikipedia,Makai_Lemon,218,218,218,2026-01-05,2.0940892641737032,1.0940892641737032,1,False
en.wikipedia,Makai_Lemon,271,279,272,2026-02-28,18.50261780104712,66.54730706438188,9,False
en.wikipedia,Makai_Lemon,281,282,282,2026-03-10,2.1595744680851063,2.30307222593264,2,False
en.wikipedia,Makai_Lemon,325,337,327,2026-04-24,259.7159904534606,441.720429479202,13,False
en.wikipedia,Makai_Lemon,365,367,366,2026-06-02,3.2765636774679727,4.929163526752072,3,False
en.wikipedia,Raja_Shivaji_(film),263,265,263,2026-02-19,4.075342465753424,6.689022114944059,3,False
en.wikipedia,Raja_Shivaji_(film),288,288,288,2026-03-16,2.0178632772243215,1.0178632772243215,1,False
en.wikipedia,Raja_Shivaji_(film),290,301,291,2026-03-19,4.8223748773307165,27.556540259712676,12,False
en.wikipedia,Raja_Shivaji_(film),303,305,304,2026-04-01,4.6474686483975844,8.271265487768286,3,False
en.wikipedia,Raja_Shivaji_(film),323,328,324,2026-04-21,7.642044711727023,19.76134244099845,6,False
en.wikipedia,Raja_Shivaji_(film),333,344,335,2026-05-02,25.80609476101023,100.90618032644646,12,False
en.wikipedia,J._C._D._Prabhakar,38,38,38,2025-07-09,2.0,1.0,1,False
en.wikipedia,J._C._D._Prabhakar,51,51,51,2025-07-22,2.5,1.5,1,False
en.wikipedia,J._C._D._Prabhakar,60,60,60,2025-07-31,2.0,1.0,1,False
en.wikipedia,J._C._D._Prabhakar,99,99,99,2025-09-08,2.0,1.0,1,False
en.wikipedia,J._C._D._Prabhakar,152,153,152,2025-10-31,3.5454545454545454,4.067193675889328,2,False
en.wikipedia,J._C._D._Prabhakar,156,156,156,2025-11-04,2.5833333333333335,1.5833333333333335,1,False
en.wikipedia,J._C._D._Prabhakar,180,180,180,2025-11-28,2.3333333333333335,1.3333333333333335,1,False
en.wikipedia,J._C._D._Prabhakar,201,205,203,2025-12-21,29.19148936170213,39.16124942076452,5,False
en.wikipedia,J._C._D._Prabhakar,207,207,207,2025-12-25,2.0384615384615383,1.0384615384615383,1,False
en.wikipedia,J._C._D._Prabhakar,215,223,215,2026-01-02,216.0,332.07544253310243,9,False
en.wikipedia,J._C._D._Prabhakar,234,234,234,2026-01-21,2.01980198019802,1.0198019801980198,1,False
en.wikipedia,J._C._D._Prabhakar,238,239,238,2026-01-25,16.265625,17.43953804347826,2,False
en.wikipedia,J._C._D._Prabhakar,241,241,241,2026-01-28,2.23728813559322,1.2372881355932202,1,False
en.wikipedia,J._C._D._Prabhakar,265,269,266,2026-02-22,3.7204301075268815,8.505376344086022,5,False
en.wikipedia,J._C._D._Prabhakar,282,283,282,2026-03-10,2.923076923076923,3.31438127090301,2,False
en.wikipedia,J._C._D._Prabhakar,289,292,289,2026-03-17,15.717171717171718,22.26554522383718,4,False
en.wikipedia,J._C._D._Prabhakar,299,307,301,2026-03-29,28.728571428571428,64.81598800218924,9,False
en.wikipedia,J._C._D._Prabhakar,318,319,318,2026-04-15,6.017964071856287,6.215568862275449,2,False
en.wikipedia,J._C._D._Prabhakar,324,326,326,2026-04-23,3.3347826086956522,5.09134938635011,3,False
en.wikipedia,J._C._D._Prabhakar,337,351,345,2026-05-12,311.62012987012986,647.6811701706035,15,False
en.wikipedia,Apollo_13,34,34,34,2025-07-05,2.8738598442714127,1.8738598442714127,1,False
en.wikipedia,Apollo_13,37,37,37,2025-07-08,2.6724436741767765,1.6724436741767765,1,False
en.wikipedia,Apollo_13,68,80,69,2025-08-09,24.079067641681903,72.72997947172695,13,False
en.wikipedia,Apollo_13,168,168,168,2025-11-16,2.228046156855075,1.2280461568550751,1,False
en.wikipedia,Apollo_13,208,208,208,2025-12-26,3.127901468498342,2.127901468498342,1,False
en.wikipedia,Apollo_13,212,212,212,2025-12-30,3.235907153008053,2.235907153008053,1,False
en.wikipedia,Apollo_13,303,317,309,2026-04-06,38.36106886812948,227.51698170726894,15,False
en.wikipedia,Deni_Avdija,47,47,47,2025-07-18,2.794776119402985,1.794776119402985,1,False
en.wikipedia,Deni_Avdija,53,54,53,2025-07-24,3.7083665338645417,3.883665338645418,2,False
en.wikipedia,Deni_Avdija,59,60,60,2025-07-31,4.471586089906701,4.970313825275658,2,False
en.wikipedia,Deni_Avdija,88,100,98,2025-09-07,25.164556962025316,98.86206448388607,13,False
en.wikipedia,Deni_Avdija,130,130,130,2025-10-09,2.1271523178807947,1.1271523178807947,1,False
en.wikipedia,Deni_Avdija,132,132,132,2025-10-11,2.1350993377483443,1.1350993377483443,1,False
en.wikipedia,Deni_Avdija,136,138,136,2025-10-15,4.0370860927152314,5.920250507612038,3,False
en.wikipedia,Deni_Avdija,143,151,146,2025-10-25,14.94238683127572,41.06515546152024,9,False
en.wikipedia,Deni_Avdija,153,153,153,2025-11-01,4.150470219435737,3.1504702194357366,1,False
en.wikipedia,Deni_Avdija,156,156,156,2025-11-04,6.61511005353956,5.61511005353956,1,False
en.wikipedia,Deni_Avdija,158,159,158,2025-11-06,6.263333333333334,6.948057060310582,2,False
en.wikipedia,Deni_Avdija,161,161,161,2025-11-09,3.023858214042263,2.023858214042263,1,False
en.wikipedia,Deni_Avdija,172,172,172,2025-11-20,2.0279209621993126,1.0279209621993126,1,False
en.wikipedia,Deni_Avdija,174,174,174,2025-11-22,2.427014402491242,1.427014402491242,1,False
en.wikipedia,Deni_Avdija,179,179,179,2025-11-27,2.6010480747322853,1.6010480747322853,1,False
en.wikipedia,Deni_Avdija,183,183,183,2025-12-01,3.7835497835497836,2.7835497835497836,1,False
en.wikipedia,Deni_Avdija,185,186,185,2025-12-03,2.836289500509684,2.880054024134781,2,False
en.wikipedia,Deni_Avdija,209,209,209,2025-12-27,4.537442014579192,3.5374420145791916,1,False
en.wikipedia,Deni_Avdija,211,212,212,2025-12-30,6.650479954827781,7.446075663466968,2,False
en.wikipedia,Deni_Avdija,216,217,217,2026-01-04,3.9282891022021458,4.433088650479955,2,False
en.wikipedia,Deni_Avdija,219,223,221,2026-01-08,8.258147956544232,16.37785642049617,5,False
en.wikipedia,Deni_Avdija,225,225,225,2026-01-12,2.268272002713244,1.268272002713244,1,False
en.wikipedia,Deni_Avdija,246,247,246,2026-02-02,6.481592337623466,7.176399261724665,2,False
en.wikipedia,Deni_Avdija,259,261,260,2026-02-16,5.8279176201373,9.79293042214306,3,False
en.wikipedia,Deni_Avdija,304,304,304,2026-04-01,3.5595116988809767,2.5595116988809767,1,False
en.wikipedia,Deni_Avdija,310,310,310,2026-04-07,2.6154589371980674,1.6154589371980674,1,False
en.wikipedia,Deni_Avdija,312,312,312,2026-04-09,2.9806763285024154,1.9806763285024154,1,False
en.wikipedia,Deni_Avdija,314,314,314,2026-04-11,2.4634146341463414,1.4634146341463414,1,False
en.wikipedia,Deni_Avdija,316,325,318,2026-04-15,76.2958685028876,148.3275530672849,10,False
en.wikipedia,Deni_Avdija,328,333,329,2026-04-26,7.18453552890639,22.317278588739214,6,False
en.wikipedia,Soham_murders,48,50,48,2025-07-19,4.474028472489419,6.901500577145056,3,False
en.wikipedia,Soham_murders,56,57,56,2025-07-27,10.07270323859881,13.287827097790466,2,False
en.wikipedia,Soham_murders,64,68,65,2025-08-05,10.078283560452306,23.317942804028373,5,False
en.wikipedia,Soham_murders,117,117,117,2025-09-26,2.2041733547351523,1.2041733547351523,1,False
en.wikipedia,Soham_murders,132,135,134,2025-10-13,6.224435590969455,8.907038512616202,4,False
en.wikipedia,Soham_murders,167,174,168,2025-11-16,22.379487179487178,46.38782051282051,8,False
en.wikipedia,Soham_murders,192,192,192,2025-12-10,2.25965801139962,1.2596580113996199,1,False
en.wikipedia,Soham_murders,237,239,238,2026-01-25,5.35514705882353,7.180485761598906,3,False
en.wikipedia,Soham_murders,268,268,268,2026-02-24,3.103359173126615,2.103359173126615,1,False
en.wikipedia,Soham_murders,270,284,279,2026-03-07,533.8363774733638,1522.3940596192394,15,False
en.wikipedia,Soham_murders,344,344,344,2026-05-11,2.184583477359143,1.1845834773591428,1,False
en.wikipedia,Jermaine_Jackson,73,73,73,2025-08-13,2.6518737672583828,1.6518737672583828,1,False
en.wikipedia,Jermaine_Jackson,83,83,83,2025-08-23,2.221182266009852,1.2211822660098521,1,False
en.wikipedia,Jermaine_Jackson,91,91,91,2025-08-31,2.45850775671017,1.45850775671017,1,False
en.wikipedia,Jermaine_Jackson,119,119,119,2025-09-28,2.0114285714285716,1.0114285714285716,1,False
en.wikipedia,Jermaine_Jackson,158,171,159,2025-11-07,41.8076353950873,142.09434830242296,14,False
en.wikipedia,Jermaine_Jackson,237,238,237,2026-01-24,2.4597995308168055,2.6841544039240777,2,False
en.wikipedia,Jermaine_Jackson,246,252,246,2026-02-02,6.604553903345725,20.058774825947,7,False
en.wikipedia,Jermaine_Jackson,254,256,255,2026-02-11,2.7724338954819903,3.9972009819918664,3,False
en.wikipedia,Jermaine_Jackson,293,293,293,2026-03-21,2.0667606958157028,1.0667606958157028,1,False
en.wikipedia,Jermaine_Jackson,306,320,314,2026-04-11,6.330894050270442,41.25594235588686,15,False
en.wikipedia,Jermaine_Jackson,325,338,329,2026-04-26,7.009458112150036,47.18660050098958,14,False
en.wikipedia,The_Mandalorian_and_Grogu,113,117,113,2025-09-22,18.099706744868037,36.73336341078277,5,False
en.wikipedia,The_Mandalorian_and_Grogu,253,254,253,2026-02-09,3.577096483318305,3.592125037571386,2,False
en.wikipedia,The_Mandalorian_and_Grogu,261,263,261,2026-02-17,7.326624241527305,13.00707707295283,3,False
en.wikipedia,The_Mandalorian_and_Grogu,288,288,288,2026-03-16,2.785531914893617,1.785531914893617,1,False
en.wikipedia,The_Mandalorian_and_Grogu,320,322,320,2026-04-17,3.755699544036477,5.371599762833512,3,False
en.wikipedia,The_Mandalorian_and_Grogu,325,325,325,2026-04-22,2.020459195271653,1.0204591952716529,1,False
en.wikipedia,The_Mandalorian_and_Grogu,337,339,337,2026-05-04,3.0605554127024943,4.965172544620081,3,False
en.wikipedia,The_Mandalorian_and_Grogu,348,365,355,2026-05-22,11.656756668941092,77.00493212449364,18,False
en.wikipedia,Reza_Pahlavi,59,61,61,2025-08-01,2.375,3.75,3,False
en.wikipedia,Reza_Pahlavi,67,67,67,2025-08-07,3.142857142857143,2.142857142857143,1,False
en.wikipedia,Reza_Pahlavi,211,244,231,2026-01-18,271.06779661016947,1253.1276507783857,34,False
en.wikipedia,Reza_Pahlavi,259,259,259,2026-02-15,2.6217363950927965,1.6217363950927965,1,False
en.wikipedia,Reza_Pahlavi,272,282,273,2026-03-01,48.23769247451746,154.90596661548074,11,False
en.wikipedia,Reza_Pahlavi,326,327,326,2026-04-23,3.2482855990318678,3.7258975393303753,2,False
en.wikipedia,Puskás_Aréna,73,73,73,2025-08-13,2.0664767331434,1.0664767331434,1,False
en.wikipedia,Puskás_Aréna,87,89,88,2025-08-28,6.773136773136773,10.143325143325143,3,False
en.wikipedia,Puskás_Aréna,100,100,100,2025-09-09,2.7921875,1.7921874999999998,1,False
en.wikipedia,Puskás_Aréna,102,102,102,2025-09-11,2.5640625,1.5640625,1,False
en.wikipedia,Puskás_Aréna,107,107,107,2025-09-16,2.370839936608558,1.370839936608558,1,False
en.wikipedia,Puskás_Aréna,132,132,132,2025-10-11,2.0205128205128204,1.0205128205128204,1,False
en.wikipedia,Puskás_Aréna,143,143,143,2025-10-22,2.256115107913669,1.256115107913669,1,False
en.wikipedia,Puskás_Aréna,157,157,157,2025-11-05,2.2583333333333333,1.2583333333333333,1,False
en.wikipedia,Puskás_Aréna,168,169,168,2025-11-16,12.787644787644787,14.376617218722481,2,False
en.wikipedia,Puskás_Aréna,192,193,193,2025-12-11,2.193029490616622,2.26690089964535,2,False
en.wikipedia,Puskás_Aréna,233,235,234,2026-01-21,4.006734006734007,7.219908103898721,3,False
en.wikipedia,Puskás_Aréna,241,244,242,2026-01-29,8.984662576687116,20.68329119448704,4,False
en.wikipedia,Puskás_Aréna,268,272,271,2026-02-27,6.168336673346693,12.87382264529058,5,False
en.wikipedia,Puskás_Aréna,282,284,283,2026-03-11,3.301657458563536,5.3149956223772,3,False
en.wikipedia,Puskás_Aréna,289,291,290,2026-03-18,4.538200339558574,7.741935483870968,3,False
en.wikipedia,Puskás_Aréna,311,311,311,2026-04-08,2.4133790737564325,1.4133790737564325,1,False
en.wikipedia,Puskás_Aréna,317,320,318,2026-04-15,5.644151565074135,11.538714991762767,4,False
en.wikipedia,Puskás_Aréna,331,333,332,2026-04-29,3.7823691460055096,6.222496466150295,3,False
en.wikipedia,Puskás_Aréna,338,344,339,2026-05-06,23.4863768115942,57.862267068572216,7,False
en.wikipedia,Puskás_Aréna,353,353,353,2026-05-20,2.4384903486027083,1.4384903486027083,1,False
en.wikipedia,Puskás_Aréna,360,364,363,2026-05-30,44.926097507169644,55.007197361876074,5,False
en.wikipedia,Carlos_Boozer,37,38,37,2025-07-08,2.8079019073569484,2.9307918465871983,2,False
en.wikipedia,Carlos_Boozer,40,40,40,2025-07-11,2.3609879670677643,1.3609879670677643,1,False
en.wikipedia,Carlos_Boozer,43,44,43,2025-07-14,4.8747228381374725,5.538399968182316,2,False
en.wikipedia,Carlos_Boozer,46,46,46,2025-07-17,4.4797219003476245,3.4797219003476245,1,False
en.wikipedia,Carlos_Boozer,50,50,50,2025-07-21,2.1925098554533506,1.1925098554533506,1,False
en.wikipedia,Carlos_Boozer,92,93,93,2025-09-02,3.0476190476190474,3.379509379509379,2,False
en.wikipedia,Carlos_Boozer,97,99,98,2025-09-07,3.971160778658976,6.415539570715643,3,False
en.wikipedia,Carlos_Boozer,106,106,106,2025-09-15,2.651685393258427,1.6516853932584268,1,False
en.wikipedia,Carlos_Boozer,143,144,143,2025-10-22,6.939362795477903,8.174717368961973,2,False
en.wikipedia,Carlos_Boozer,146,151,148,2025-10-27,13.409638554216867,24.7762801543665,6,False
en.wikipedia,Carlos_Boozer,155,158,157,2025-11-05,24.694158075601376,30.896479310790973,4,False
en.wikipedia,Carlos_Boozer,160,161,161,2025-11-09,9.398987574781408,12.380340798009964,2,False
en.wikipedia,Carlos_Boozer,164,164,164,2025-11-12,2.9846603360116872,1.9846603360116872,1,False
en.wikipedia,Carlos_Boozer,167,167,167,2025-11-15,7.759481361426256,6.759481361426256,1,False
en.wikipedia,Carlos_Boozer,170,172,171,2025-11-19,16.96973125884017,19.207766326834534,3,False
en.wikipedia,Carlos_Boozer,180,181,180,2025-11-28,13.568721515951067,13.769961382426985,2,False
en.wikipedia,Carlos_Boozer,185,185,185,2025-12-03,7.800856048659608,6.800856048659608,1,False
en.wikipedia,Carlos_Boozer,188,188,188,2025-12-06,7.486098239110287,6.486098239110287,1,False
en.wikipedia,Carlos_Boozer,203,203,203,2025-12-21,3.407717618905175,2.407717618905175,1,False
en.wikipedia,Carlos_Boozer,216,216,216,2026-01-03,4.926543488057684,3.9265434880576837,1,False
en.wikipedia,Carlos_Boozer,220,220,220,2026-01-07,10.771668219944083,9.771668219944083,1,False
en.wikipedia,Carlos_Boozer,223,223,223,2026-01-10,7.7856477166822,6.7856477166822,1,False
en.wikipedia,Carlos_Boozer,231,231,231,2026-01-18,2.0931326434619004,1.0931326434619004,1,False
en.wikipedia,Carlos_Boozer,237,238,237,2026-01-24,3.1138132295719845,3.135470480042794,2,False
en.wikipedia,Carlos_Boozer,240,240,240,2026-01-27,9.100725952813066,8.100725952813066,1,False
en.wikipedia,Carlos_Boozer,244,245,244,2026-01-31,5.206896551724138,5.676950998185118,2,False
en.wikipedia,Carlos_Boozer,248,248,248,2026-02-04,2.5245117576723795,1.5245117576723795,1,False
en.wikipedia,Carlos_Boozer,251,252,252,2026-02-08,17.968388589051656,21.51811873554356,2,False
en.wikipedia,Carlos_Boozer,258,258,258,2026-02-14,3.543980682994136,2.543980682994136,1,False
en.wikipedia,Carlos_Boozer,261,261,261,2026-02-17,5.0834964122635355,4.0834964122635355,1,False
en.wikipedia,Carlos_Boozer,265,266,266,2026-02-22,17.218075801749272,18.885714285714286,2,False
en.wikipedia,Carlos_Boozer,269,269,269,2026-02-25,4.466497031382527,3.466497031382527,1,False
en.wikipedia,Carlos_Boozer,272,272,272,2026-02-28,2.355060034305317,1.3550600343053172,1,False
en.wikipedia,Carlos_Boozer,275,275,275,2026-03-03,4.810700521423714,3.8107005214237137,1,False
en.wikipedia,Carlos_Boozer,279,280,280,2026-03-08,11.081840852414418,13.006574472908637,2,False
en.wikipedia,Carlos_Boozer,285,295,287,2026-03-15,22.893312101910826,73.73063842370502,11,False
en.wikipedia,Carlos_Boozer,299,302,300,2026-03-28,12.967633694512408,31.04339014539959,4,False
en.wikipedia,Carlos_Boozer,343,347,344,2026-05-11,8.850787766450416,20.776645041705283,5,False
en.wikipedia,Carlos_Boozer,349,349,349,2026-05-16,4.703429101019463,3.703429101019463,1,False
en.wikipedia,Mortal_Kombat_II_(film),44,56,46,2025-07-17,45.24350732836205,135.00693285363727,13,False
en.wikipedia,Mortal_Kombat_II_(film),90,91,90,2025-08-30,4.6659832564496835,4.8918503331624805,2,False
en.wikipedia,Mortal_Kombat_II_(film),133,134,133,2025-10-12,3.1226415094339623,3.963121783876501,2,False
en.wikipedia,Mortal_Kombat_II_(film),187,187,187,2025-12-05,2.0618336886993602,1.0618336886993602,1,False
en.wikipedia,Mortal_Kombat_II_(film),194,195,194,2025-12-12,3.147335423197492,3.6459012641362145,2,False
en.wikipedia,Mortal_Kombat_II_(film),269,275,270,2026-02-26,13.919529411764707,34.777318039692354,7,False
en.wikipedia,Mortal_Kombat_II_(film),312,325,313,2026-04-10,3.378612244897959,22.03619749671286,14,False
en.wikipedia,Mortal_Kombat_II_(film),331,332,332,2026-04-29,2.111885067479321,2.19315539884614,2,False
en.wikipedia,Mortal_Kombat_II_(film),334,350,341,2026-05-08,18.459830531514793,94.65283952732395,17,False
en.wikipedia,Asha_Bhosle,30,32,31,2025-07-02,6.4755675259715275,12.138301921473158,3,False
en.wikipedia,Asha_Bhosle,40,40,40,2025-07-11,3.376858435681965,2.376858435681965,1,False
en.wikipedia,Asha_Bhosle,42,42,42,2025-07-13,2.0112852664576804,1.0112852664576804,1,False
en.wikipedia,Asha_Bhosle,70,70,70,2025-08-10,2.483021483021483,1.4830214830214832,1,False
en.wikipedia,Asha_Bhosle,99,101,99,2025-09-08,4.041980977369629,6.53128874427977,3,False
en.wikipedia,Asha_Bhosle,271,271,271,2026-02-27,2.103448275862069,1.103448275862069,1,False
en.wikipedia,Asha_Bhosle,280,280,280,2026-03-08,2.0615384615384613,1.0615384615384613,1,False
en.wikipedia,Asha_Bhosle,314,327,315,2026-04-12,843.9073120494336,1739.0163858805336,14,False
en.wikipedia,Murder_of_Moriah_Wilson,43,43,43,2025-07-14,4.084134615384615,3.084134615384615,1,False
en.wikipedia,Murder_of_Moriah_Wilson,58,58,58,2025-07-29,2.6053571428571427,1.6053571428571427,1,False
en.wikipedia,Murder_of_Moriah_Wilson,78,79,79,2025-08-19,2.413094310210444,2.7295401402961805,2,False
en.wikipedia,Murder_of_Moriah_Wilson,95,95,95,2025-09-04,2.1879432624113475,1.1879432624113475,1,False
en.wikipedia,Murder_of_Moriah_Wilson,149,149,149,2025-10-28,2.2004008016032066,1.2004008016032066,1,False
en.wikipedia,Murder_of_Moriah_Wilson,200,204,202,2025-12-20,30.574772431729517,39.1781994694546,5,False
en.wikipedia,Murder_of_Moriah_Wilson,208,208,208,2025-12-26,4.326674500587544,3.3266745005875444,1,False
en.wikipedia,Murder_of_Moriah_Wilson,255,255,255,2026-02-11,2.6476190476190475,1.6476190476190475,1,False
en.wikipedia,Murder_of_Moriah_Wilson,268,268,268,2026-02-24,2.224570673712021,1.2245706737120212,1,False
en.wikipedia,Murder_of_Moriah_Wilson,284,289,285,2026-03-13,10.406649616368286,23.471076236096675,6,False
en.wikipedia,Murder_of_Moriah_Wilson,291,304,291,2026-03-19,16.802997858672377,108.81434055998224,14,False
en.wikipedia,Murder_of_Moriah_Wilson,306,317,307,2026-04-04,17.111701216378275,90.57838059120762,12,False
en.wikipedia,Murder_of_Moriah_Wilson,357,364,359,2026-05-26,2.765412070084361,10.375201504744371,8,False
en.wikipedia,South_Pars/North_Dome_Gas-Condensate_field,225,229,227,2026-01-14,3.3333333333333335,8.148340276646634,5,False
en.wikipedia,South_Pars/North_Dome_Gas-Condensate_field,272,286,274,2026-03-02,10.632352941176471,59.16710888452142,15,False
en.wikipedia,South_Pars/North_Dome_Gas-Condensate_field,290,298,291,2026-03-19,285.73821989528795,538.8786939449121,9,False
en.wikipedia,South_Pars/North_Dome_Gas-Condensate_field,309,310,309,2026-04-06,9.670103092783505,11.045742806191898,2,False
en.wikipedia,Iran–Israel_war,211,211,211,2025-12-29,2.2085561497326203,1.2085561497326203,1,False
en.wikipedia,Iran–Israel_war,215,218,216,2026-01-03,2.756804472561424,5.401346947608401,4,False
en.wikipedia,Iran–Israel_war,222,228,224,2026-01-11,3.170205022443285,10.916357574478571,7,False
en.wikipedia,Iran–Israel_war,263,263,263,2026-02-19,2.223276929426331,1.2232769294263308,1,False
en.wikipedia,Iran–Israel_war,272,276,272,2026-02-28,55.46060606060606,147.01549680317953,5,False
en.wikipedia,Matvey_Safonov,38,39,38,2025-07-09,3.3578595317725752,4.5317725752508355,2,False
en.wikipedia,Matvey_Safonov,42,43,42,2025-07-13,3.451505016722408,3.5418060200668897,2,False
en.wikipedia,Matvey_Safonov,68,74,73,2025-08-13,9.731707317073171,24.88482943195979,7,False
en.wikipedia,Matvey_Safonov,92,95,93,2025-09-02,8.393822393822393,12.940165704909813,4,False
en.wikipedia,Matvey_Safonov,105,105,105,2025-09-14,2.0963503649635036,1.0963503649635036,1,False
en.wikipedia,Matvey_Safonov,122,123,122,2025-10-01,2.91164095371669,3.2173913043478257,2,False
en.wikipedia,Matvey_Safonov,188,190,189,2025-12-07,4.0761421319796955,7.320822622019401,3,False
en.wikipedia,Matvey_Safonov,192,196,192,2025-12-10,5.706329113924051,13.289898080837318,5,False
en.wikipedia,Matvey_Safonov,198,204,200,2025-12-18,79.77019748653501,178.20191286222672,7,False
en.wikipedia,Matvey_Safonov,241,242,241,2026-01-28,8.979238754325259,10.034147240182165,2,False
en.wikipedia,Matvey_Safonov,245,246,246,2026-02-02,4.695507487520799,5.816971713810316,2,False
en.wikipedia,Matvey_Safonov,252,253,252,2026-02-08,3.71280276816609,5.387761308796272,2,False
en.wikipedia,Matvey_Safonov,257,257,257,2026-02-13,2.21978021978022,1.2197802197802199,1,False
en.wikipedia,Matvey_Safonov,261,262,261,2026-02-17,5.695783132530121,6.495210066627542,2,False
en.wikipedia,Matvey_Safonov,269,270,269,2026-02-25,4.435960591133005,4.967980295566503,2,False
en.wikipedia,Matvey_Safonov,283,284,283,2026-03-11,13.16326530612245,16.935832715266645,2,False
en.wikipedia,Matvey_Safonov,289,291,290,2026-03-18,11.361948955916473,24.27378190255221,3,False
en.wikipedia,Matvey_Safonov,306,306,306,2026-04-03,2.079231692677071,1.0792316926770709,1,False
en.wikipedia,Matvey_Safonov,311,312,311,2026-04-08,23.49241658240647,28.313447927199192,2,False
en.wikipedia,Matvey_Safonov,317,323,317,2026-04-14,29.36948529411765,53.11580882352942,7,False
en.wikipedia,Matvey_Safonov,331,333,331,2026-04-28,41.90469887491727,53.702659740813296,3,False
en.wikipedia,Matvey_Safonov,339,342,339,2026-05-06,37.61411149825784,56.39375288551462,4,False
en.wikipedia,Matvey_Safonov,347,348,347,2026-05-14,2.469281045751634,2.535294117647059,2,False
en.wikipedia,Matvey_Safonov,363,367,363,2026-05-30,54.5461373390558,92.34234297258911,5,False
en.wikipedia,Mike_Vrabel,51,55,54,2025-07-25,2.985294117647059,7.8637688486609605,5,False
en.wikipedia,Mike_Vrabel,57,58,57,2025-07-28,2.9220222793487576,3.1958609101556035,2,False
en.wikipedia,Mike_Vrabel,61,61,61,2025-08-01,2.036179450072359,1.0361794500723591,1,False
en.wikipedia,Mike_Vrabel,65,71,69,2025-08-09,9.148209825145711,22.80698427818078,7,False
en.wikipedia,Mike_Vrabel,74,76,75,2025-08-15,2.9373007438894794,5.167159600466579,3,False
en.wikipedia,Mike_Vrabel,82,83,82,2025-08-22,5.326826694803482,5.478180659987235,2,False
en.wikipedia,Mike_Vrabel,98,99,98,2025-09-07,8.277425552353506,8.4776176753122,2,False
en.wikipedia,Mike_Vrabel,105,106,105,2025-09-14,4.875494940607127,5.768587769467664,2,False
en.wikipedia,Mike_Vrabel,112,112,112,2025-09-21,5.299500192233756,4.299500192233756,1,False
en.wikipedia,Mike_Vrabel,126,129,127,2025-10-06,31.977496483825597,37.336615096108765,4,False
en.wikipedia,Mike_Vrabel,133,135,134,2025-10-13,5.024556372109697,9.4728445958057,3,False
en.wikipedia,Mike_Vrabel,140,142,140,2025-10-19,6.763607594936709,11.152215189873418,3,False
en.wikipedia,Mike_Vrabel,147,148,147,2025-10-26,3.2585794094173983,3.280127693535515,2,False
en.wikipedia,Mike_Vrabel,154,154,154,2025-11-02,2.190676973530101,1.1906769735301008,1,False
en.wikipedia,Mike_Vrabel,161,163,161,2025-11-09,7.091148230961463,10.917664079968432,3,False
en.wikipedia,Mike_Vrabel,165,167,166,2025-11-14,21.0685255820071,22.988289031935917,3,False
en.wikipedia,Mike_Vrabel,175,175,175,2025-11-23,2.1238761238761237,1.1238761238761237,1,False
en.wikipedia,Mike_Vrabel,184,184,184,2025-12-02,16.211388860076756,15.211388860076756,1,False
en.wikipedia,Mike_Vrabel,196,196,196,2025-12-14,5.916997566286666,4.916997566286666,1,False
en.wikipedia,Mike_Vrabel,204,204,204,2025-12-22,10.259596359319351,9.259596359319351,1,False
en.wikipedia,Mike_Vrabel,210,211,210,2025-12-28,5.955391527599486,7.389281129653401,2,False
en.wikipedia,Mike_Vrabel,217,220,218,2026-01-05,4.328305519897304,8.679769117887957,4,False
en.wikipedia,Mike_Vrabel,224,227,225,2026-01-12,24.906926406926406,29.42897091822065,4,False
en.wikipedia,Mike_Vrabel,231,233,231,2026-01-18,19.049497580945292,25.967250840724628,3,False
en.wikipedia,Mike_Vrabel,238,241,238,2026-01-25,14.999197924038688,31.15811774867186,4,False
en.wikipedia,Mike_Vrabel,250,250,250,2026-02-06,2.5781018655611487,1.5781018655611487,1,False
en.wikipedia,Mike_Vrabel,252,253,253,2026-02-09,11.467315716272601,15.545455795231513,2,False
en.wikipedia,Mike_Vrabel,300,300,300,2026-03-28,3.764453961456103,2.764453961456103,1,False
en.wikipedia,Mike_Vrabel,310,328,311,2026-04-08,95.97901639344262,333.0352557451059,19,False
en.wikipedia,Karuppu_(film),51,58,52,2025-07-23,38.10199386503067,69.81088991690687,8,False
en.wikipedia,Karuppu_(film),139,143,141,2025-10-20,4.002714625042416,9.797452870724076,5,False
en.wikipedia,Karuppu_(film),222,222,222,2026-01-09,2.012435991221653,1.0124359912216532,1,False
en.wikipedia,Karuppu_(film),274,274,274,2026-03-02,2.3214744963566223,1.3214744963566223,1,False
en.wikipedia,Karuppu_(film),278,279,278,2026-03-06,2.701005025125628,2.7282664873313283,2,False
en.wikipedia,Karuppu_(film),288,289,288,2026-03-16,2.248322147651007,2.448829761864205,2,False
en.wikipedia,Karuppu_(film),330,360,349,2026-05-16,34.29051202055423,266.35980956588173,31,False
en.wikipedia,Chelsea_Handler,64,67,65,2025-08-05,3.0851063829787235,7.2712386182118465,4,False
en.wikipedia,Chelsea_Handler,88,88,88,2025-08-28,2.979319546364243,1.979319546364243,1,False
en.wikipedia,Chelsea_Handler,187,187,187,2025-12-05,4.672815533980582,3.6728155339805824,1,False
en.wikipedia,Chelsea_Handler,191,194,192,2025-12-10,4.277283372365339,8.279548490732378,4,False
en.wikipedia,Chelsea_Handler,218,219,218,2026-01-05,8.892111779271312,10.157846045005577,2,False
en.wikipedia,Chelsea_Handler,221,222,221,2026-01-08,4.181818181818182,4.904895104895105,2,False
en.wikipedia,Chelsea_Handler,225,226,225,2026-01-12,2.632867132867133,2.6976947190740295,2,False
en.wikipedia,Chelsea_Handler,228,228,228,2026-01-15,2.002616944717043,1.002616944717043,1,False
en.wikipedia,Chelsea_Handler,230,230,230,2026-01-17,2.298064516129032,1.298064516129032,1,False
en.wikipedia,Chelsea_Handler,290,291,290,2026-03-18,7.716179337231969,10.82496756797142,2,False
en.wikipedia,Chelsea_Handler,297,298,297,2026-03-25,4.293946024799417,5.746900072939461,2,False
en.wikipedia,Chelsea_Handler,300,300,300,2026-03-28,2.59568345323741,1.59568345323741,1,False
en.wikipedia,Chelsea_Handler,332,332,332,2026-04-29,2.221178171304662,1.221178171304662,1,False
en.wikipedia,Chelsea_Handler,344,357,344,2026-05-11,68.49355742296919,264.8884634237973,14,False
en.wikipedia,One_Piece_(2023_TV_series),70,73,70,2025-08-10,8.659965034965035,16.284527972027973,4,False
en.wikipedia,One_Piece_(2023_TV_series),156,158,157,2025-11-05,2.8544973544973544,4.18342151675485,3,False
en.wikipedia,One_Piece_(2023_TV_series),225,228,226,2026-01-13,4.289613100016054,8.76539133379551,4,False
en.wikipedia,One_Piece_(2023_TV_series),254,255,255,2026-02-11,2.519794499848897,2.8192807494711394,2,False
en.wikipedia,One_Piece_(2023_TV_series),278,295,283,2026-03-11,22.387162790697673,145.74212729626066,18,False
en.wikipedia,Eid_al-Fitr,95,96,96,2025-09-05,4.362077660110943,4.965543511283216,2,False
en.wikipedia,Eid_al-Fitr,207,207,207,2025-12-25,2.0532386867790593,1.0532386867790593,1,False
en.wikipedia,Eid_al-Fitr,245,245,245,2026-02-01,2.409448818897638,1.409448818897638,1,False
en.wikipedia,Eid_al-Fitr,256,256,256,2026-02-12,2.0621004566210046,1.0621004566210046,1,False
en.wikipedia,Eid_al-Fitr,260,264,261,2026-02-17,4.321852500486476,11.352209493112829,5,False
en.wikipedia,Eid_al-Fitr,284,285,285,2026-03-13,2.1362264693203046,2.145542772851484,2,False
en.wikipedia,Eid_al-Fitr,287,294,292,2026-03-20,18.749222863668084,45.13863166931291,8,False
en.wikipedia,Eid_al-Fitr,355,355,355,2026-05-22,2.2242725337118525,1.2242725337118525,1,False
en.wikipedia,Eid_al-Fitr,357,363,360,2026-05-27,22.901788727640906,50.09736269129518,7,False
en.wikipedia,Lauren_Betts,48,49,48,2025-07-19,3.3288590604026846,3.9060402684563758,2,False
en.wikipedia,Lauren_Betts,51,51,51,2025-07-22,2.0939597315436242,1.0939597315436242,1,False
en.wikipedia,Lauren_Betts,136,139,137,2025-10-16,3.7823834196891193,8.993092405161192,4,False
en.wikipedia,Lauren_Betts,142,142,142,2025-10-21,3.6699029126213594,2.6699029126213594,1,False
en.wikipedia,Lauren_Betts,156,161,160,2025-11-08,3.779935275080906,10.65959586723998,6,False
en.wikipedia,Lauren_Betts,163,163,163,2025-11-11,8.012084592145015,7.0120845921450154,1,False
en.wikipedia,Lauren_Betts,166,166,166,2025-11-14,12.706521739130435,11.706521739130435,1,False
en.wikipedia,Lauren_Betts,168,168,168,2025-11-16,2.722826086956522,1.722826086956522,1,False
en.wikipedia,Lauren_Betts,176,176,176,2025-11-24,5.095940959409594,4.095940959409594,1,False
en.wikipedia,Lauren_Betts,199,200,199,2025-12-17,3.4183673469387754,3.7008274836130353,2,False
en.wikipedia,Lauren_Betts,210,211,210,2025-12-28,4.771084337349397,4.9156626506024095,2,False
en.wikipedia,Lauren_Betts,217,217,217,2026-01-04,6.468193384223919,5.468193384223919,1,False
en.wikipedia,Lauren_Betts,225,225,225,2026-01-12,7.718562874251497,6.718562874251497,1,False
en.wikipedia,Lauren_Betts,231,231,231,2026-01-18,4.3816793893129775,3.3816793893129775,1,False
en.wikipedia,Lauren_Betts,242,242,242,2026-01-29,2.2131147540983607,1.2131147540983607,1,False
en.wikipedia,Lauren_Betts,245,246,245,2026-02-01,16.113432835820895,17.408955223880596,2,False
en.wikipedia,Lauren_Betts,252,253,252,2026-02-08,12.389423076923077,13.0625,2,False
en.wikipedia,Lauren_Betts,256,256,256,2026-02-12,2.1277641277641277,1.1277641277641277,1,False
en.wikipedia,Lauren_Betts,259,259,259,2026-02-15,3.096359743040685,2.096359743040685,1,False
en.wikipedia,Lauren_Betts,264,269,267,2026-02-23,5.605177993527508,12.214161200463842,6,False
en.wikipedia,Lauren_Betts,273,274,274,2026-03-02,4.189349112426036,4.653254437869823,2,False
en.wikipedia,Lauren_Betts,276,276,276,2026-03-04,2.2641509433962264,1.2641509433962264,1,False
en.wikipedia,Lauren_Betts,278,280,280,2026-03-08,6.568011958146487,10.140747240694965,3,False
en.wikipedia,Lauren_Betts,291,296,296,2026-03-24,12.623642943305187,26.51392935684462,6,False
en.wikipedia,Lauren_Betts,299,304,301,2026-03-29,18.06945054945055,34.98867611913364,6,False
en.wikipedia,Lauren_Betts,306,313,308,2026-04-05,78.94335025380711,159.0239161366686,8,False
en.wikipedia,Lauren_Betts,316,317,317,2026-04-14,6.614272241433511,7.595382846804472,2,False
en.wikipedia,Lauren_Betts,349,349,349,2026-05-16,2.4557575757575756,1.4557575757575756,1,False
en.wikipedia,Lauren_Betts,353,353,353,2026-05-20,4.8554987212276215,3.8554987212276215,1,False
en.wikipedia,Danhausen_(wrestler),30,34,31,2025-07-02,3.4470989761092152,8.72585927534733,5,False
en.wikipedia,Danhausen_(wrestler),74,80,75,2025-08-15,7.104166666666667,24.67514036846723,7,False
en.wikipedia,Danhausen_(wrestler),82,84,83,2025-08-23,3.3796296296296298,5.604603829836028,3,False
en.wikipedia,Danhausen_(wrestler),204,211,204,2025-12-22,4.742647058823529,20.87533671170864,8,False
en.wikipedia,Danhausen_(wrestler),261,286,273,2026-03-01,1112.8011695906432,1737.4237606058857,26,False
en.wikipedia,Danhausen_(wrestler),314,314,314,2026-04-11,2.778477944740669,1.778477944740669,1,False
en.wikipedia,Danhausen_(wrestler),321,321,321,2026-04-18,2.742486741308191,1.7424867413081908,1,False
en.wikipedia,Danhausen_(wrestler),323,324,323,2026-04-20,5.364250073378339,6.12159604494232,2,False
en.wikipedia,Danhausen_(wrestler),328,328,328,2026-04-25,2.539489463765633,1.5394894637656331,1,False
en.wikipedia,Danhausen_(wrestler),342,343,343,2026-05-10,3.447576286688285,4.123555333832211,2,False
en.wikipedia,MGI_All_Stars_1st_Edition,232,234,232,2026-01-19,2.5297297297297296,4.432122074227337,3,False
en.wikipedia,MGI_All_Stars_1st_Edition,284,287,285,2026-03-13,9.372549019607844,21.694089229894857,4,False
en.wikipedia,MGI_All_Stars_1st_Edition,297,297,297,2026-03-25,2.182648401826484,1.182648401826484,1,False
en.wikipedia,MGI_All_Stars_1st_Edition,299,299,299,2026-03-27,2.06140350877193,1.0614035087719298,1,False
en.wikipedia,MGI_All_Stars_1st_Edition,309,325,317,2026-04-14,12.23222748815166,67.67636898166283,17,False
en.wikipedia,MGI_All_Stars_1st_Edition,349,366,363,2026-05-30,83.13374125874125,163.46665538321673,18,False
en.wikipedia,Bully_(album),156,159,159,2025-11-07,2.5481908421389687,5.825168107588857,4,False
en.wikipedia,Bully_(album),216,218,216,2026-01-03,3.0817275747508304,4.798671096345515,3,False
en.wikipedia,Bully_(album),239,243,240,2026-01-27,4.41,11.86715611204587,5,False
en.wikipedia,Bully_(album),282,282,282,2026-03-10,2.1133247089262612,1.1133247089262612,1,False
en.wikipedia,Bully_(album),285,285,285,2026-03-13,2.0170763260025875,1.0170763260025875,1,False
en.wikipedia,Bully_(album),296,310,300,2026-03-28,27.25494575622208,126.69160804489769,15,False
en.wikipedia,Jim_Carrey,207,207,207,2025-12-25,2.220402534155066,1.220402534155066,1,False
en.wikipedia,Jim_Carrey,251,251,251,2026-02-07,2.080833815865663,1.0808338158656632,1,False
en.wikipedia,Jim_Carrey,271,280,273,2026-03-01,18.163520097442145,65.27004386419873,10,False
en.wikipedia,Mikel_Arteta,38,38,38,2025-07-09,2.069920387677397,1.069920387677397,1,False
en.wikipedia,Mikel_Arteta,77,77,77,2025-08-17,5.547834364588291,4.547834364588291,1,False
en.wikipedia,Mikel_Arteta,82,84,83,2025-08-23,3.9559670781893006,5.3884773662551435,3,False
en.wikipedia,Mikel_Arteta,91,91,91,2025-08-31,4.395615346287992,3.3956153462879923,1,False
en.wikipedia,Mikel_Arteta,107,107,107,2025-09-16,4.356710805950629,3.3567108059506294,1,False
en.wikipedia,Mikel_Arteta,112,112,112,2025-09-21,4.4100580270793035,3.4100580270793035,1,False
en.wikipedia,Mikel_Arteta,119,119,119,2025-09-28,2.258542875564152,1.2585428755641521,1,False
en.wikipedia,Mikel_Arteta,122,122,122,2025-10-01,2.266924564796905,1.2669245647969052,1,False
en.wikipedia,Mikel_Arteta,125,125,125,2025-10-04,2.0018253726802557,1.0018253726802557,1,False
en.wikipedia,Mikel_Arteta,142,142,142,2025-10-21,2.5992388758782203,1.5992388758782203,1,False
en.wikipedia,Mikel_Arteta,160,160,160,2025-11-08,2.3969270166453267,1.3969270166453267,1,False
en.wikipedia,Mikel_Arteta,175,175,175,2025-11-23,3.081928121274059,2.081928121274059,1,False
en.wikipedia,Mikel_Arteta,178,179,178,2025-11-26,3.948901379662749,4.900357690342361,2,False
en.wikipedia,Mikel_Arteta,182,182,182,2025-11-30,2.787244322757288,1.7872443227572878,1,False
en.wikipedia,Mikel_Arteta,188,188,188,2025-12-06,2.3549009293354377,1.3549009293354377,1,False
en.wikipedia,Mikel_Arteta,202,202,202,2025-12-20,2.7338572969640933,1.7338572969640933,1,False
en.wikipedia,Mikel_Arteta,212,212,212,2025-12-30,2.164025486031694,1.164025486031694,1,False
en.wikipedia,Mikel_Arteta,216,216,216,2026-01-03,2.4237503979624324,1.4237503979624324,1,False
en.wikipedia,Mikel_Arteta,218,219,218,2026-01-05,2.8230647709320693,3.020010860056407,2,False
en.wikipedia,Mikel_Arteta,221,221,221,2026-01-08,3.2538429580390527,2.2538429580390527,1,False
en.wikipedia,Mikel_Arteta,238,238,238,2026-01-25,3.1738445864592015,2.1738445864592015,1,False
en.wikipedia,Mikel_Arteta,247,247,247,2026-02-03,2.0908274278870147,1.0908274278870147,1,False
en.wikipedia,Mikel_Arteta,266,266,266,2026-02-22,2.236942389598745,1.2369423895987448,1,False
en.wikipedia,Mikel_Arteta,286,287,286,2026-03-14,3.26491793219819,3.5734562824152665,2,False
en.wikipedia,Mikel_Arteta,294,295,294,2026-03-22,6.129787234042553,6.424999999999999,2,False
en.wikipedia,Mikel_Arteta,314,314,314,2026-04-11,2.2926437089642233,1.2926437089642233,1,False
en.wikipedia,Mikel_Arteta,318,318,318,2026-04-15,2.0034838536781456,1.0034838536781456,1,False
en.wikipedia,Mikel_Arteta,322,323,322,2026-04-19,5.26134546796212,6.08412249415816,2,False
en.wikipedia,Mikel_Arteta,328,328,328,2026-04-25,2.0795269168026103,1.0795269168026103,1,False
en.wikipedia,Mikel_Arteta,332,332,332,2026-04-29,2.7914373088685016,1.7914373088685016,1,False
en.wikipedia,Mikel_Arteta,338,340,338,2026-05-05,5.985917826375083,10.44782587802629,3,False
en.wikipedia,Mikel_Arteta,343,343,343,2026-05-10,2.485888462406864,1.485888462406864,1,False
en.wikipedia,Mikel_Arteta,352,355,353,2026-05-20,9.50530035335689,18.58465303719042,4,False
en.wikipedia,Mikel_Arteta,357,359,357,2026-05-24,4.416636658264314,7.1040429336944,3,False
en.wikipedia,Mikel_Arteta,363,363,363,2026-05-30,6.367851831823712,5.367851831823712,1,False
en.wikipedia,Caleb_Downs,44,45,44,2025-07-15,3.7134146341463414,3.8032349934277785,2,False
en.wikipedia,Caleb_Downs,51,51,51,2025-07-22,2.0,1.0,1,False
en.wikipedia,Caleb_Downs,80,80,80,2025-08-20,2.1759425493716336,1.1759425493716336,1,False
en.wikipedia,Caleb_Downs,87,95,90,2025-08-30,17.16385911179173,35.84058791656607,9,False
en.wikipedia,Caleb_Downs,97,97,97,2025-09-06,2.4207317073170733,1.4207317073170733,1,False
en.wikipedia,Caleb_Downs,101,101,101,2025-09-10,2.0,1.0,1,False
en.wikipedia,Caleb_Downs,126,126,126,2025-10-05,3.893854748603352,2.893854748603352,1,False
en.wikipedia,Caleb_Downs,129,129,129,2025-10-08,2.1730950141110066,1.1730950141110066,1,False
en.wikipedia,Caleb_Downs,153,153,153,2025-11-01,5.902764537654909,4.902764537654909,1,False
en.wikipedia,Caleb_Downs,156,158,157,2025-11-05,6.106980961015412,8.185777241546798,3,False
en.wikipedia,Caleb_Downs,174,174,174,2025-11-22,3.3267543859649122,2.3267543859649122,1,False
en.wikipedia,Caleb_Downs,181,182,181,2025-11-29,8.345356868764389,9.221795855717573,2,False
en.wikipedia,Caleb_Downs,187,189,189,2025-12-07,5.325179856115108,7.597774608301697,3,False
en.wikipedia,Caleb_Downs,195,195,195,2025-12-13,2.5641952983725136,1.5641952983725136,1,False
en.wikipedia,Caleb_Downs,214,214,214,2026-01-01,7.395238095238096,6.395238095238096,1,False
en.wikipedia,Caleb_Downs,218,218,218,2026-01-05,2.6666666666666665,1.6666666666666665,1,False
en.wikipedia,Caleb_Downs,220,221,221,2026-01-08,3.552380952380952,4.3619047619047615,2,False
en.wikipedia,Caleb_Downs,228,228,228,2026-01-15,2.251016850668216,1.2510168506682162,1,False
en.wikipedia,Caleb_Downs,270,272,271,2026-02-27,3.372322899505766,5.406919275123558,3,False
en.wikipedia,Caleb_Downs,275,275,275,2026-03-03,2.9478527607361964,1.9478527607361964,1,False
en.wikipedia,Caleb_Downs,318,318,318,2026-04-15,2.09814612868048,1.09814612868048,1,False
en.wikipedia,Caleb_Downs,322,337,327,2026-04-24,172.8797763280522,268.0658554966924,16,False
en.wikipedia,Black_Rose_(Tyrese_album),44,44,44,2025-07-15,2.135593220338983,1.1355932203389831,1,False
en.wikipedia,Black_Rose_(Tyrese_album),91,91,91,2025-08-31,2.8363636363636364,1.8363636363636364,1,False
en.wikipedia,Black_Rose_(Tyrese_album),93,93,93,2025-09-02,2.0,1.0,1,False
en.wikipedia,Black_Rose_(Tyrese_album),122,122,122,2025-10-01,2.7457627118644066,1.7457627118644066,1,False
en.wikipedia,Black_Rose_(Tyrese_album),125,125,125,2025-10-04,2.433333333333333,1.4333333333333331,1,False
en.wikipedia,Black_Rose_(Tyrese_album),213,213,213,2025-12-31,2.111111111111111,1.1111111111111112,1,False
en.wikipedia,Black_Rose_(Tyrese_album),291,291,291,2026-03-19,2.3333333333333335,1.3333333333333335,1,False
en.wikipedia,Black_Rose_(Tyrese_album),297,303,299,2026-03-27,20.285714285714285,35.055306173964404,7,False
en.wikipedia,Black_Rose_(Tyrese_album),354,356,354,2026-05-21,3556.48,3949.24,3,False
en.wikipedia,Jason_Collins,102,105,102,2025-09-11,17.603658536585368,34.379788617886184,4,False
en.wikipedia,Jason_Collins,115,116,116,2025-09-25,2.9824868651488616,3.4533959560579524,2,False
en.wikipedia,Jason_Collins,148,148,148,2025-10-27,2.363817097415507,1.3638170974155068,1,False
en.wikipedia,Jason_Collins,193,199,193,2025-12-11,70.90856031128405,168.31235981880576,7,False
en.wikipedia,Jason_Collins,225,225,225,2026-01-12,2.2002551020408165,1.2002551020408165,1,False
en.wikipedia,Jason_Collins,231,231,231,2026-01-18,2.225765306122449,1.2257653061224492,1,False
en.wikipedia,Jason_Collins,286,286,286,2026-03-14,3.0140105078809105,2.0140105078809105,1,False
en.wikipedia,Jason_Collins,345,358,346,2026-05-13,513.7338331771322,1025.4287251426178,14,False
en.wikipedia,Houthis,39,39,39,2025-07-10,2.1775952414672144,1.1775952414672144,1,False
en.wikipedia,Houthis,85,85,85,2025-08-25,2.2454484153742413,1.2454484153742413,1,False
en.wikipedia,Houthis,89,95,91,2025-08-31,16.313856427378965,46.16605703158588,7,False
en.wikipedia,Houthis,193,193,193,2025-12-11,2.2766101694915255,1.2766101694915255,1,False
en.wikipedia,Houthis,212,213,212,2025-12-30,2.9658919408391187,3.066278041225219,2,False
en.wikipedia,Houthis,216,216,216,2026-01-03,2.232331902718169,1.232331902718169,1,False
en.wikipedia,Houthis,220,220,220,2026-01-07,2.5338060268422384,1.5338060268422384,1,False
en.wikipedia,Houthis,224,225,224,2026-01-11,2.3003291972651305,2.4700113488543725,2,False
en.wikipedia,Houthis,272,285,273,2026-03-01,18.902527075812273,89.63907701581478,14,False
en.wikipedia,Houthis,300,302,300,2026-03-28,14.500899665838404,24.924942164338958,3,False
en.wikipedia,Houthis,372,372,372,2026-06-08,3.431967213114754,2.431967213114754,1,False
en.wikipedia,Tommy_DeCarlo,34,34,34,2025-07-05,2.208955223880597,1.2089552238805972,1,False
en.wikipedia,Tommy_DeCarlo,49,49,49,2025-07-20,2.3289473684210527,1.3289473684210527,1,False
en.wikipedia,Tommy_DeCarlo,63,63,63,2025-08-03,2.1973684210526314,1.1973684210526314,1,False
en.wikipedia,Tommy_DeCarlo,76,76,76,2025-08-16,2.3685800604229605,1.3685800604229605,1,False
en.wikipedia,Tommy_DeCarlo,193,194,194,2025-12-12,4.083333333333333,4.938755020080321,2,False
en.wikipedia,Tommy_DeCarlo,281,294,282,2026-03-10,776.5288461538462,1753.7720890005992,14,False
en.wikipedia,Tommy_DeCarlo,301,301,301,2026-03-29,2.8383098591549296,1.8383098591549296,1,False
en.wikipedia,Tommy_DeCarlo,371,371,371,2026-06-07,2.3157894736842106,1.3157894736842106,1,False
en.wikipedia,Port_of_Liverpool,291,292,291,2026-03-19,1112.3188405797102,1112.4195600041708,2,False
en.wikipedia,Victor_Glover,245,247,247,2026-02-03,3.076923076923077,4.676923076923077,3,False
en.wikipedia,Victor_Glover,311,318,314,2026-04-11,17154.842105263157,43720.99747045479,8,False
en.wikipedia,Victor_Glover,373,373,373,2026-06-09,2.2092840283241544,1.2092840283241544,1,False
en.wikipedia,Sanju_Samson,67,74,68,2025-08-08,5.70013037809648,21.77777374934027,8,False
en.wikipedia,Sanju_Samson,76,76,76,2025-08-16,2.131350681536555,1.131350681536555,1,False
en.wikipedia,Sanju_Samson,79,81,79,2025-08-19,4.231038506417736,7.522550486935906,3,False
en.wikipedia,Sanju_Samson,105,105,105,2025-09-14,4.170909090909091,3.170909090909091,1,False
en.wikipedia,Sanju_Samson,110,113,112,2025-09-21,16.408396946564885,26.849872773536894,4,False
en.wikipedia,Sanju_Samson,115,122,119,2025-09-28,33.150150150150154,67.5633026296822,8,False
en.wikipedia,Sanju_Samson,150,150,150,2025-10-29,2.9320388349514563,1.9320388349514563,1,False
en.wikipedia,Sanju_Samson,152,152,152,2025-10-31,3.904450261780105,2.904450261780105,1,False
en.wikipedia,Sanju_Samson,154,154,154,2025-11-02,2.4162303664921465,1.4162303664921465,1,False
en.wikipedia,Sanju_Samson,160,170,167,2025-11-15,18.495184135977336,42.36187164224763,11,False
en.wikipedia,Sanju_Samson,193,194,193,2025-12-11,2.649484536082474,3.120618556701031,2,False
en.wikipedia,Sanju_Samson,196,196,196,2025-12-14,2.1061855670103093,1.1061855670103093,1,False
en.wikipedia,Sanju_Samson,199,199,199,2025-12-17,2.281443298969072,1.281443298969072,1,False
en.wikipedia,Sanju_Samson,201,204,202,2025-12-20,14.543298969072165,28.626804123711338,4,False
en.wikipedia,Sanju_Samson,234,248,244,2026-01-31,19.685714285714287,82.85787674139867,15,False
en.wikipedia,Sanju_Samson,256,256,256,2026-02-12,3.685908927931158,2.685908927931158,1,False
en.wikipedia,Sanju_Samson,270,271,270,2026-02-26,9.963598179908995,11.703185159257963,2,False
en.wikipedia,Sanju_Samson,273,285,273,2026-03-01,116.31781589079453,545.4183477807582,13,False
en.wikipedia,Sanju_Samson,314,315,314,2026-04-11,5.006689567890074,5.94142108117881,2,False
en.wikipedia,Sanju_Samson,317,317,317,2026-04-14,2.091845959139396,1.091845959139396,1,False
en.wikipedia,Sanju_Samson,326,327,326,2026-04-23,5.930901183860836,8.112218604104122,2,False
en.wikipedia,Sanju_Samson,338,339,338,2026-05-05,3.414118954974986,3.4988374536345033,2,False
en.wikipedia,WrestleMania_42,62,66,63,2025-08-03,3.8544303797468356,9.06209104234913,5,False
en.wikipedia,WrestleMania_42,102,107,103,2025-09-12,10.297833102812357,29.664956649220308,6,False
en.wikipedia,WrestleMania_42,112,112,112,2025-09-21,2.6131921824104234,1.6131921824104234,1,False
en.wikipedia,WrestleMania_42,114,114,114,2025-09-23,2.309557774607703,1.3095577746077032,1,False
en.wikipedia,WrestleMania_42,149,151,150,2025-10-29,5.139937805419813,9.254109284762329,3,False
en.wikipedia,WrestleMania_42,153,154,153,2025-11-01,2.4521072796934864,2.5639953915815985,2,False
en.wikipedia,WrestleMania_42,156,156,156,2025-11-04,2.01840490797546,1.01840490797546,1,False
en.wikipedia,WrestleMania_42,182,182,182,2025-11-30,3.2260252852297255,2.2260252852297255,1,False
en.wikipedia,WrestleMania_42,196,196,196,2025-12-14,2.5894736842105264,1.5894736842105264,1,False
en.wikipedia,WrestleMania_42,238,238,238,2026-01-25,2.2440991933074397,1.2440991933074397,1,False
en.wikipedia,WrestleMania_42,244,251,247,2026-02-03,17.05284348263714,43.9511009568126,8,False
en.wikipedia,WrestleMania_42,254,254,254,2026-02-10,4.480489671002295,3.480489671002295,1,False
en.wikipedia,WrestleMania_42,268,268,268,2026-02-24,4.298524885917436,3.298524885917436,1,False
en.wikipedia,WrestleMania_42,273,275,273,2026-03-01,7.567065638710227,9.502534395365677,3,False
en.wikipedia,WrestleMania_42,279,280,279,2026-03-07,4.582924284002628,4.603795462451203,2,False
en.wikipedia,WrestleMania_42,282,282,282,2026-03-10,2.13309364492826,1.1330936449282598,1,False
en.wikipedia,WrestleMania_42,286,286,286,2026-03-14,2.6018130078915718,1.6018130078915718,1,False
en.wikipedia,WrestleMania_42,289,289,289,2026-03-17,3.849011159579308,2.849011159579308,1,False
en.wikipedia,WrestleMania_42,293,293,293,2026-03-21,2.069418293528887,1.0694182935288872,1,False
en.wikipedia,WrestleMania_42,296,296,296,2026-03-24,2.6675380064662586,1.6675380064662586,1,False
en.wikipedia,WrestleMania_42,300,300,300,2026-03-28,3.183648213843742,2.183648213843742,1,False
en.wikipedia,WrestleMania_42,303,304,303,2026-03-31,5.713227747479423,5.734881568090801,2,False
en.wikipedia,WrestleMania_42,307,307,307,2026-04-04,2.6941318400345717,1.6941318400345717,1,False
en.wikipedia,WrestleMania_42,310,310,310,2026-04-07,3.9388272306213405,2.9388272306213405,1,False
en.wikipedia,WrestleMania_42,320,323,322,2026-04-19,19.301628626804362,38.12355241480975,4,False
en.wikipedia,Zoë_Kravitz,34,34,34,2025-07-05,3.075019186492709,2.075019186492709,1,False
en.wikipedia,Zoë_Kravitz,73,74,73,2025-08-13,2.654189079655147,2.995075063678386,2,False
en.wikipedia,Zoë_Kravitz,85,88,85,2025-08-25,4.384092162509957,9.082212578101572,4,False
en.wikipedia,Zoë_Kravitz,90,90,90,2025-08-30,2.0402576489533013,1.0402576489533013,1,False
en.wikipedia,Zoë_Kravitz,96,97,96,2025-09-05,2.9640368893721556,3.14740276207813,2,False
en.wikipedia,Zoë_Kravitz,181,184,182,2025-11-30,2.5991172880082636,4.788806460700535,4,False
en.wikipedia,Zoë_Kravitz,225,225,225,2026-01-12,2.3854012636107003,1.3854012636107003,1,False
en.wikipedia,Zoë_Kravitz,281,282,282,2026-03-10,2.625748264027456,2.7839449191135026,2,False
en.wikipedia,Zoë_Kravitz,287,287,287,2026-03-15,2.8928777393310265,1.8928777393310265,1,False
en.wikipedia,Zoë_Kravitz,324,338,331,2026-04-28,18.028658125421444,73.04485772771308,15,False
en.wikipedia,David_Attenborough,63,63,63,2025-08-03,2.5416251600967694,1.5416251600967694,1,False
en.wikipedia,David_Attenborough,122,123,123,2025-10-02,2.6597009853890587,2.8197693906904697,2,False
en.wikipedia,David_Attenborough,133,133,133,2025-10-12,3.0056338028169014,2.0056338028169014,1,False
en.wikipedia,David_Attenborough,139,140,139,2025-10-18,2.528821336392314,2.909346001348117,2,False
en.wikipedia,David_Attenborough,214,215,214,2026-01-01,4.56103609809865,4.7952858425436915,2,False
en.wikipedia,David_Attenborough,217,217,217,2026-01-04,2.717246890764697,1.717246890764697,1,False
en.wikipedia,David_Attenborough,263,263,263,2026-02-19,4.472166427546628,3.472166427546628,1,False
en.wikipedia,David_Attenborough,308,308,308,2026-04-05,2.493696574626407,1.4936965746264068,1,False
en.wikipedia,David_Attenborough,315,315,315,2026-04-12,2.1442477876106194,1.1442477876106194,1,False
en.wikipedia,David_Attenborough,322,322,322,2026-04-19,3.0489228702794855,2.0489228702794855,1,False
en.wikipedia,David_Attenborough,330,331,331,2026-04-28,2.4792805641391333,2.8656972308058,2,False
en.wikipedia,David_Attenborough,335,345,341,2026-05-08,43.593667983534544,106.87504385809638,11,False
en.wikipedia,Victor_Wembanyama,129,130,130,2025-10-09,3.321301247771836,3.9893048128342246,2,False
en.wikipedia,Victor_Wembanyama,132,132,132,2025-10-11,2.390965092402464,1.390965092402464,1,False
en.wikipedia,Victor_Wembanyama,135,137,136,2025-10-15,2.8627916172400156,4.8069316285075425,3,False
en.wikipedia,Victor_Wembanyama,144,153,144,2025-10-23,23.011903330527833,52.5837364293337,10,False
en.wikipedia,Victor_Wembanyama,158,158,158,2025-11-06,2.813856938678282,1.8138569386782821,1,False
en.wikipedia,Victor_Wembanyama,160,160,160,2025-11-08,2.064486570070443,1.064486570070443,1,False
en.wikipedia,Victor_Wembanyama,167,167,167,2025-11-15,2.6354848497984307,1.6354848497984307,1,False
en.wikipedia,Victor_Wembanyama,196,200,196,2025-12-14,7.922707633221315,15.99711953912626,5,False
en.wikipedia,Victor_Wembanyama,206,208,207,2025-12-25,6.825369978858351,9.419325038617927,3,False
en.wikipedia,Victor_Wembanyama,212,212,212,2025-12-30,2.3502729945401093,1.3502729945401093,1,False
en.wikipedia,Victor_Wembanyama,221,221,221,2026-01-08,2.0404234841193456,1.0404234841193456,1,False
en.wikipedia,Victor_Wembanyama,227,227,227,2026-01-14,2.22506848300881,1.22506848300881,1,False
en.wikipedia,Victor_Wembanyama,242,242,242,2026-01-29,2.2036888532477947,1.2036888532477947,1,False
en.wikipedia,Victor_Wembanyama,255,256,256,2026-02-12,2.6177512747385707,3.225823178636246,2,False
en.wikipedia,Victor_Wembanyama,259,260,259,2026-02-15,4.813683373110581,6.27859984089101,2,False
en.wikipedia,Victor_Wembanyama,268,268,268,2026-02-24,2.0917580788615475,1.0917580788615475,1,False
en.wikipedia,Victor_Wembanyama,281,281,281,2026-03-09,2.682005450972935,1.6820054509729352,1,False
en.wikipedia,Victor_Wembanyama,283,283,283,2026-03-11,2.478990081154193,1.4789900811541932,1,False
en.wikipedia,Victor_Wembanyama,305,305,305,2026-04-02,2.6841405508072174,1.6841405508072174,1,False
en.wikipedia,Victor_Wembanyama,323,325,323,2026-04-20,8.121208192896033,13.367887746428488,3,False
en.wikipedia,Victor_Wembanyama,329,329,329,2026-04-26,3.6779034733670626,2.6779034733670626,1,False
en.wikipedia,Victor_Wembanyama,332,332,332,2026-04-29,3.969357371014022,2.969357371014022,1,False
en.wikipedia,Victor_Wembanyama,338,338,338,2026-05-05,3.1943447984806923,2.1943447984806923,1,False
en.wikipedia,Victor_Wembanyama,340,340,340,2026-05-07,2.7599937294246746,1.7599937294246746,1,False
en.wikipedia,Victor_Wembanyama,342,344,342,2026-05-09,5.847911821215492,8.4669735820045,3,False
en.wikipedia,Victor_Wembanyama,346,346,346,2026-05-13,4.770054343417958,3.770054343417958,1,False
en.wikipedia,Victor_Wembanyama,349,349,349,2026-05-16,3.2414417677956893,2.2414417677956893,1,False
en.wikipedia,Victor_Wembanyama,352,354,352,2026-05-19,15.088231486276541,22.4592827550492,3,False
en.wikipedia,Victor_Wembanyama,356,356,356,2026-05-23,3.4036165495873285,2.4036165495873285,1,False
en.wikipedia,Victor_Wembanyama,358,358,358,2026-05-25,5.72837647515905,4.72837647515905,1,False
en.wikipedia,Victor_Wembanyama,360,360,360,2026-05-27,2.3724436602774883,1.3724436602774883,1,False
en.wikipedia,Victor_Wembanyama,362,362,362,2026-05-29,4.870117892373085,3.8701178923730852,1,False
en.wikipedia,Victor_Wembanyama,364,365,364,2026-05-31,14.611839531996667,15.303532731905696,2,False
en.wikipedia,Victor_Wembanyama,368,368,368,2026-06-04,5.154988102837908,4.154988102837908,1,False
en.wikipedia,Victor_Wembanyama,370,370,370,2026-06-06,3.772381424365216,2.772381424365216,1,False
en.wikipedia,Victor_Wembanyama,373,373,373,2026-06-09,6.677763849614708,5.677763849614708,1,False
en.wikipedia,Markwayne_Mullin,54,54,54,2025-07-25,2.3382838283828384,1.3382838283828384,1,False
en.wikipedia,Markwayne_Mullin,56,57,56,2025-07-27,4.426567656765677,5.424092409240925,2,False
en.wikipedia,Markwayne_Mullin,59,59,59,2025-07-30,2.1666666666666665,1.1666666666666665,1,False
en.wikipedia,Markwayne_Mullin,95,95,95,2025-09-04,2.4974160206718348,1.4974160206718348,1,False
en.wikipedia,Markwayne_Mullin,102,103,102,2025-09-11,7.335365853658536,10.721951219512196,2,False
en.wikipedia,Markwayne_Mullin,108,112,108,2025-09-17,8.37439024390244,16.28092488923719,5,False
en.wikipedia,Markwayne_Mullin,122,122,122,2025-10-01,3.003607214428858,2.003607214428858,1,False
en.wikipedia,Markwayne_Mullin,156,157,156,2025-11-04,3.406364110589463,3.9384454877412627,2,False
en.wikipedia,Markwayne_Mullin,159,162,159,2025-11-07,4.233698487219614,7.9802586554677735,4,False
en.wikipedia,Markwayne_Mullin,171,171,171,2025-11-19,2.1951476793248945,1.1951476793248945,1,False
en.wikipedia,Markwayne_Mullin,174,174,174,2025-11-22,2.302544769085768,1.302544769085768,1,False
en.wikipedia,Markwayne_Mullin,176,176,176,2025-11-24,2.801589930440543,1.8015899304405432,1,False
en.wikipedia,Markwayne_Mullin,182,183,182,2025-11-30,4.147357180993059,4.152396233651159,2,False
en.wikipedia,Markwayne_Mullin,213,213,213,2025-12-31,4.205943331029717,3.205943331029717,1,False
en.wikipedia,Markwayne_Mullin,219,221,220,2026-01-07,3.0969652109548482,5.841384887238313,3,False
en.wikipedia,Markwayne_Mullin,224,224,224,2026-01-11,2.191549295774648,1.191549295774648,1,False
en.wikipedia,Markwayne_Mullin,227,228,227,2026-01-14,3.0201484623541885,3.095440084835631,2,False
en.wikipedia,Markwayne_Mullin,269,285,277,2026-03-05,1124.3317829457364,2010.1943116125856,17,False
en.wikipedia,Markwayne_Mullin,290,292,290,2026-03-18,10.680884236316054,18.659676499758334,3,False
en.wikipedia,Markwayne_Mullin,296,298,296,2026-03-24,7.667274612881307,11.342110287430723,3,False
en.wikipedia,Markwayne_Mullin,361,361,361,2026-05-28,2.1261682242990654,1.1261682242990654,1,False
en.wikipedia,Markwayne_Mullin,367,368,367,2026-06-03,2.4957149300857013,2.7267153594545293,2,False
en.wikipedia,The_Pitt,45,45,45,2025-07-16,2.0107208173046605,1.0107208173046605,1,False
en.wikipedia,The_Pitt,106,115,106,2025-09-15,20.111068750794256,44.98127089384293,10,False
en.wikipedia,The_Pitt,216,230,222,2026-01-09,6.702160493827161,39.48549773140036,15,False
en.wikipedia,The_Pitt,299,299,299,2026-03-27,2.1934913715889413,1.1934913715889413,1,False
en.wikipedia,The_Pitt,306,306,306,2026-04-03,2.011492700161064,1.0114927001610639,1,False
en.wikipedia,The_Pitt,320,320,320,2026-04-17,2.0020660033708477,1.0020660033708477,1,False
en.wikipedia,Aditya_Dhar,35,47,35,2025-07-06,46.68623853211009,126.73362500529701,13,False
en.wikipedia,Aditya_Dhar,137,139,137,2025-10-16,3.765509391007399,5.788133825396539,3,False
en.wikipedia,Aditya_Dhar,141,141,141,2025-10-20,2.0599547511312215,1.0599547511312215,1,False
en.wikipedia,Aditya_Dhar,143,143,143,2025-10-22,2.0338218714768885,1.0338218714768885,1,False
en.wikipedia,Aditya_Dhar,148,151,149,2025-10-28,3.115115115115115,5.662600468336021,4,False
en.wikipedia,Aditya_Dhar,159,165,161,2025-11-09,5.5216551724137934,16.962371519673518,7,False
en.wikipedia,Aditya_Dhar,170,175,170,2025-11-18,13.675160555210276,36.158834197121415,6,False
en.wikipedia,Aditya_Dhar,187,200,192,2025-12-10,15.901565217391305,113.88493282710968,14,False
en.wikipedia,Aditya_Dhar,244,247,245,2026-02-01,3.325162738496072,7.510931537598204,4,False
en.wikipedia,Aditya_Dhar,287,287,287,2026-03-15,2.3406868686868685,1.3406868686868685,1,False
en.wikipedia,Aditya_Dhar,290,303,294,2026-03-22,20.881317689530686,130.35729261651176,14,False
en.wikipedia,2026_UEFA_Champions_League_final,49,49,49,2025-07-20,2.165961049957663,1.1659610499576631,1,False
en.wikipedia,2026_UEFA_Champions_League_final,87,90,88,2025-08-28,8.77284595300261,13.935130186836224,4,False
en.wikipedia,2026_UEFA_Champions_League_final,102,103,102,2025-09-11,4.072847682119205,4.52980132450331,2,False
en.wikipedia,2026_UEFA_Champions_League_final,107,108,107,2025-09-16,2.6405740378343117,2.8466423058494823,2,False
en.wikipedia,2026_UEFA_Champions_League_final,143,143,143,2025-10-22,2.553610503282276,1.5536105032822758,1,False
en.wikipedia,2026_UEFA_Champions_League_final,152,153,152,2025-10-31,2.5847176079734218,2.6489479512735326,2,False
en.wikipedia,2026_UEFA_Champions_League_final,156,158,157,2025-11-05,3.204872646733112,5.366076593775309,3,False
en.wikipedia,2026_UEFA_Champions_League_final,178,179,178,2025-11-26,2.8471698113207546,3.160683324834268,2,False
en.wikipedia,2026_UEFA_Champions_League_final,192,192,192,2025-12-10,2.4985221674876845,1.4985221674876845,1,False
en.wikipedia,2026_UEFA_Champions_League_final,233,235,234,2026-01-21,3.593437945791726,5.899296496108404,3,False
en.wikipedia,2026_UEFA_Champions_League_final,241,244,242,2026-01-29,4.963503649635037,11.113566627935251,4,False
en.wikipedia,2026_UEFA_Champions_League_final,269,271,271,2026-02-27,4.693414740514609,7.039249890972524,3,False
en.wikipedia,2026_UEFA_Champions_League_final,282,283,283,2026-03-11,2.753931544865865,2.928769657724329,2,False
en.wikipedia,2026_UEFA_Champions_League_final,289,291,290,2026-03-18,3.433558111860373,5.327647758825863,3,False
en.wikipedia,2026_UEFA_Champions_League_final,311,311,311,2026-04-08,2.381877022653722,1.3818770226537218,1,False
en.wikipedia,2026_UEFA_Champions_League_final,317,320,318,2026-04-15,5.334109429569266,11.0034924330617,4,False
en.wikipedia,2026_UEFA_Champions_League_final,322,322,322,2026-04-19,2.113120430934975,1.1131204309349751,1,False
en.wikipedia,2026_UEFA_Champions_League_final,331,333,332,2026-04-29,3.861182519280206,6.649823965803357,3,False
en.wikipedia,2026_UEFA_Champions_League_final,338,344,339,2026-05-06,18.63892723328732,45.60234555896052,7,False
en.wikipedia,2026_UEFA_Champions_League_final,353,354,353,2026-05-20,3.113254871695929,3.14749061455573,2,False
en.wikipedia,2026_UEFA_Champions_League_final,357,357,357,2026-05-24,2.067527308838133,1.067527308838133,1,False
en.wikipedia,2026_UEFA_Champions_League_final,362,364,363,2026-05-30,10.678759779773978,13.894161919940192,3,False
en.wikipedia,David_Benavidez,32,33,33,2025-07-04,2.5747474747474746,2.7141855600752582,2,False
en.wikipedia,David_Benavidez,42,42,42,2025-07-13,2.6719865602687944,1.6719865602687944,1,False
en.wikipedia,David_Benavidez,101,114,105,2025-09-14,25.281533804238144,86.6641469389054,14,False
en.wikipedia,David_Benavidez,167,179,175,2025-11-23,45.93715710723192,88.20438869742921,13,False
en.wikipedia,David_Benavidez,194,194,194,2025-12-12,7.322085117098967,6.322085117098967,1,False
en.wikipedia,David_Benavidez,245,245,245,2026-02-01,2.218138707765264,1.218138707765264,1,False
en.wikipedia,David_Benavidez,265,267,266,2026-02-22,3.6404606910365547,4.894806851711831,3,False
en.wikipedia,David_Benavidez,270,270,270,2026-02-26,2.115606936416185,1.1156069364161851,1,False
en.wikipedia,David_Benavidez,292,292,292,2026-03-20,2.4588277597986337,1.4588277597986337,1,False
en.wikipedia,David_Benavidez,294,294,294,2026-03-22,2.4492242595204514,1.4492242595204514,1,False
en.wikipedia,David_Benavidez,329,329,329,2026-04-26,2.020692115590439,1.020692115590439,1,False
en.wikipedia,David_Benavidez,331,331,331,2026-04-28,2.2040670709953623,1.2040670709953623,1,False
en.wikipedia,David_Benavidez,333,342,336,2026-05-03,55.13437599744654,95.04387357407208,10,False
en.wikipedia,Péter_Magyar,43,43,43,2025-07-14,2.3034154090548054,1.3034154090548054,1,False
en.wikipedia,Péter_Magyar,98,98,98,2025-09-07,2.1961577350859454,1.1961577350859454,1,False
en.wikipedia,Péter_Magyar,106,106,106,2025-09-15,2.237433155080214,1.2374331550802138,1,False
en.wikipedia,Péter_Magyar,138,138,138,2025-10-17,2.569105691056911,1.5691056910569108,1,False
en.wikipedia,Péter_Magyar,144,147,144,2025-10-23,5.166666666666667,10.43540150477541,4,False
en.wikipedia,Péter_Magyar,195,199,196,2025-12-14,5.350568769389866,10.820062047569804,5,False
en.wikipedia,Péter_Magyar,226,227,226,2026-01-13,2.9006526468455403,3.4111675126903553,2,False
en.wikipedia,Péter_Magyar,229,229,229,2026-01-16,2.453952139231327,1.453952139231327,1,False
en.wikipedia,Péter_Magyar,236,236,236,2026-01-23,2.265938069216758,1.2659380692167579,1,False
en.wikipedia,Péter_Magyar,255,261,257,2026-02-13,5.087925957088768,15.847630796726033,7,False
en.wikipedia,Péter_Magyar,263,263,263,2026-02-19,2.2998058252427183,1.2998058252427183,1,False
en.wikipedia,Péter_Magyar,287,288,288,2026-03-16,2.6254071661237783,3.231813246471227,2,False
en.wikipedia,Péter_Magyar,293,295,295,2026-03-23,2.1385041551246537,3.275518524740212,3,False
en.wikipedia,Péter_Magyar,302,303,302,2026-03-30,2.3735124760076776,2.471572820835264,2,False
en.wikipedia,Péter_Magyar,307,322,316,2026-04-13,102.37753386729952,269.5140863495058,16,False
en.wikipedia,Péter_Magyar,342,343,342,2026-05-09,4.866343762272549,6.420604791203036,2,False
en.wikipedia,Jeremy_Hansen,68,69,68,2025-08-08,2.026666666666667,2.026666666666667,2,False
en.wikipedia,Jeremy_Hansen,114,119,115,2025-09-24,23.151724137931033,51.52081911262798,6,False
en.wikipedia,Jeremy_Hansen,125,126,125,2025-10-04,3.011111111111111,3.2584229390681,2,False
en.wikipedia,Jeremy_Hansen,177,179,178,2025-11-26,7.313868613138686,9.5026433681785,3,False
en.wikipedia,Jeremy_Hansen,213,217,214,2026-01-01,3.9224283305227656,9.996932952425674,5,False
en.wikipedia,Jeremy_Hansen,223,235,230,2026-01-17,8.743609604957397,38.07962667862583,13,False
en.wikipedia,Jeremy_Hansen,240,247,246,2026-02-02,3.585925548189699,10.789773141121817,8,False
en.wikipedia,Jeremy_Hansen,287,287,287,2026-03-15,2.0556107249255215,1.0556107249255215,1,False
en.wikipedia,Jeremy_Hansen,296,316,304,2026-04-01,305.1686274509804,1172.4749800070365,21,False
en.wikipedia,Anna's_Archive,62,62,62,2025-08-02,2.5129207383279044,1.5129207383279044,1,False
en.wikipedia,Anna's_Archive,71,72,72,2025-08-12,4.354831704668838,5.729424538545059,2,False
en.wikipedia,Anna's_Archive,75,75,75,2025-08-15,2.500312174817898,1.500312174817898,1,False
en.wikipedia,Anna's_Archive,78,80,79,2025-08-19,6.223527183178632,11.271421802463848,3,False
en.wikipedia,Anna's_Archive,85,85,85,2025-08-25,3.873797874135313,2.873797874135313,1,False
en.wikipedia,Anna's_Archive,157,157,157,2025-11-05,2.253067484662577,1.253067484662577,1,False
en.wikipedia,Anna's_Archive,203,210,204,2025-12-22,13.029280636221232,39.069463157194136,8,False
en.wikipedia,Anna's_Archive,216,229,219,2026-01-06,21.45639009044436,137.32626389511725,14,False
en.wikipedia,Anna's_Archive,275,275,275,2026-03-03,2.1009410640463675,1.1009410640463675,1,False
en.wikipedia,2026_Iranian_Supreme_Leader_election,373,373,373,2026-06-09,2.4444444444444446,1.4444444444444446,1,False
en.wikipedia,Ousmane_Dembélé,34,35,34,2025-07-05,3.7057152999645013,3.7660631877884274,2,False
en.wikipedia,Ousmane_Dembélé,38,43,38,2025-07-09,8.39226127085552,25.309904153354633,6,False
en.wikipedia,Ousmane_Dembélé,67,67,67,2025-08-07,2.0209633142001495,1.0209633142001495,1,False
en.wikipedia,Ousmane_Dembélé,73,74,73,2025-08-13,4.528574993760919,5.758422760169704,2,False
en.wikipedia,Ousmane_Dembélé,112,123,114,2025-09-23,113.94977723774808,244.78852684954978,12,False
en.wikipedia,Ousmane_Dembélé,198,200,199,2025-12-17,4.721217887725976,7.29448218271822,3,False
en.wikipedia,Ousmane_Dembélé,230,230,230,2026-01-17,2.5157380254154447,1.5157380254154447,1,False
en.wikipedia,Ousmane_Dembélé,283,284,283,2026-03-11,3.583288409703504,4.398382749326146,2,False
en.wikipedia,Ousmane_Dembélé,311,312,311,2026-04-08,4.211412535079513,4.346866230121609,2,False
en.wikipedia,Ousmane_Dembélé,317,320,318,2026-04-15,8.023255813953488,16.810568964673756,4,False
en.wikipedia,Ousmane_Dembélé,331,333,331,2026-04-28,9.571450641124672,17.02298647967818,3,False
en.wikipedia,Ousmane_Dembélé,339,342,339,2026-05-06,7.963499352407865,15.33026484945403,4,False
en.wikipedia,Ousmane_Dembélé,348,348,348,2026-05-15,2.107887498890959,1.107887498890959,1,False
en.wikipedia,Ousmane_Dembélé,363,366,363,2026-05-30,15.51496259351621,26.864956656516856,4,False
en.wikipedia,Katherine_Jackson,83,83,83,2025-08-23,2.1487858719646797,1.1487858719646797,1,False
en.wikipedia,Katherine_Jackson,91,91,91,2025-08-31,2.4260230849947533,1.4260230849947533,1,False
en.wikipedia,Katherine_Jackson,158,168,159,2025-11-07,9.193822393822394,38.68406876886862,11,False
en.wikipedia,Katherine_Jackson,172,172,172,2025-11-20,2.556477561388654,1.556477561388654,1,False
en.wikipedia,Katherine_Jackson,246,249,247,2026-02-03,3.21793489976288,6.397258472160339,4,False
en.wikipedia,Katherine_Jackson,306,308,307,2026-04-04,2.2680032733224222,3.5936988543371524,3,False
en.wikipedia,Katherine_Jackson,311,320,314,2026-04-11,4.518476833614707,22.385306893736008,10,False
en.wikipedia,Katherine_Jackson,324,339,329,2026-04-26,13.707677100494234,94.72684634335613,16,False
en.wikipedia,Wes_Streeting,44,44,44,2025-07-15,2.432921027592769,1.4329210275927688,1,False
en.wikipedia,Wes_Streeting,54,54,54,2025-07-25,2.3752310536044363,1.3752310536044363,1,False
en.wikipedia,Wes_Streeting,94,102,100,2025-09-09,11.167315175097276,39.80814888014458,9,False
en.wikipedia,Wes_Streeting,114,114,114,2025-09-23,2.8745445080687144,1.8745445080687144,1,False
en.wikipedia,Wes_Streeting,121,122,121,2025-09-30,9.089393237610004,9.905922163229839,2,False
en.wikipedia,Wes_Streeting,141,141,141,2025-10-20,2.2642689601250976,1.2642689601250976,1,False
en.wikipedia,Wes_Streeting,144,144,144,2025-10-23,7.853777416734363,6.853777416734363,1,False
en.wikipedia,Wes_Streeting,147,149,147,2025-10-26,10.61251015434606,14.619821283509342,3,False
en.wikipedia,Wes_Streeting,157,158,157,2025-11-05,2.908036454018227,2.922706380668594,2,False
en.wikipedia,Wes_Streeting,163,169,164,2025-11-12,65.7521568627451,139.08182982808418,7,False
en.wikipedia,Wes_Streeting,171,171,171,2025-11-19,6.392826643894107,5.392826643894107,1,False
en.wikipedia,Wes_Streeting,177,178,177,2025-11-25,3.043448036148766,3.5738713165720464,2,False
en.wikipedia,Wes_Streeting,185,186,186,2025-12-04,2.543427775197399,2.798807976058231,2,False
en.wikipedia,Wes_Streeting,194,194,194,2025-12-12,2.8532773501282946,1.8532773501282946,1,False
en.wikipedia,Wes_Streeting,197,197,197,2025-12-15,2.411554070183815,1.411554070183815,1,False
en.wikipedia,Wes_Streeting,228,228,228,2026-01-15,4.15762151958471,3.15762151958471,1,False
en.wikipedia,Wes_Streeting,230,230,230,2026-01-17,3.8386031146767343,2.8386031146767343,1,False
en.wikipedia,Wes_Streeting,235,235,235,2026-01-22,2.0298795180722893,1.0298795180722893,1,False
en.wikipedia,Wes_Streeting,238,239,238,2026-01-25,2.5470560964302273,3.031849559889147,2,False
en.wikipedia,Wes_Streeting,248,256,254,2026-02-10,20.210229055538125,62.34575216902552,9,False
en.wikipedia,Wes_Streeting,289,293,291,2026-03-19,8.634220532319391,20.04467462086447,5,False
en.wikipedia,Wes_Streeting,295,295,295,2026-03-23,3.292198581560284,2.292198581560284,1,False
en.wikipedia,Wes_Streeting,297,298,297,2026-03-25,7.373049645390071,7.5049645390070925,2,False
en.wikipedia,Wes_Streeting,310,310,310,2026-04-07,3.7870722433460076,2.7870722433460076,1,False
en.wikipedia,Wes_Streeting,315,315,315,2026-04-12,8.514767932489452,7.514767932489452,1,False
en.wikipedia,Wes_Streeting,318,318,318,2026-04-15,3.355481727574751,2.355481727574751,1,False
en.wikipedia,Wes_Streeting,334,335,335,2026-05-02,3.958527734577501,3.9699326075686883,2,False
en.wikipedia,Wes_Streeting,341,354,347,2026-05-14,159.52808988764045,501.003077279576,14,False
en.wikipedia,Ty_Simpson,45,45,45,2025-07-16,2.6492890995260665,1.6492890995260665,1,False
en.wikipedia,Ty_Simpson,72,79,72,2025-08-12,23.92105263157895,38.52578515776408,8,False
en.wikipedia,Ty_Simpson,83,83,83,2025-08-23,2.05,1.0499999999999998,1,False
en.wikipedia,Ty_Simpson,89,92,90,2025-08-30,43.98091934084996,55.44888686783865,4,False
en.wikipedia,Ty_Simpson,98,98,98,2025-09-07,5.282407407407407,4.282407407407407,1,False
en.wikipedia,Ty_Simpson,104,105,104,2025-09-13,11.076679841897233,12.424197572393687,2,False
en.wikipedia,Ty_Simpson,118,129,119,2025-09-28,117.69167803547067,222.36154479633686,12,False
en.wikipedia,Ty_Simpson,132,133,132,2025-10-11,6.11208862821766,6.318670576735093,2,False
en.wikipedia,Ty_Simpson,139,140,140,2025-10-19,12.294998847660752,12.82120903075581,2,False
en.wikipedia,Ty_Simpson,146,146,146,2025-10-25,2.549597328619132,1.5495973286191318,1,False
en.wikipedia,Ty_Simpson,161,161,161,2025-11-09,6.2079383886255926,5.2079383886255926,1,False
en.wikipedia,Ty_Simpson,167,167,167,2025-11-15,4.3230075187969925,3.3230075187969925,1,False
en.wikipedia,Ty_Simpson,182,182,182,2025-11-30,18.323853211009176,17.323853211009176,1,False
en.wikipedia,Ty_Simpson,188,189,188,2025-12-06,8.113761467889908,12.879816513761469,2,False
en.wikipedia,Ty_Simpson,202,202,202,2025-12-20,17.92399049881235,16.92399049881235,1,False
en.wikipedia,Ty_Simpson,214,215,214,2026-01-01,22.45784477945282,29.644891122278057,2,False
en.wikipedia,Ty_Simpson,220,221,220,2026-01-07,6.620535714285714,7.763703923322186,2,False
en.wikipedia,Ty_Simpson,227,227,227,2026-01-14,2.818076477404403,1.8180764774044031,1,False
en.wikipedia,Ty_Simpson,268,268,268,2026-02-24,2.7580340264650283,1.7580340264650283,1,False
en.wikipedia,Ty_Simpson,271,275,271,2026-02-27,3.705103969754253,9.848771266540643,5,False
en.wikipedia,Ty_Simpson,295,299,298,2026-03-26,4.905132192846034,13.757387247278382,5,False
en.wikipedia,Ty_Simpson,325,334,327,2026-04-24,108.44550408719346,169.05986159308765,10,False
en.wikipedia,Ty_Simpson,365,367,365,2026-06-01,3.834877843302443,6.272114574557709,3,False
en.wikipedia,2026_Hungarian_parliamentary_election,85,85,85,2025-08-25,2.022781205505458,1.0227812055054581,1,False
en.wikipedia,2026_Hungarian_parliamentary_election,106,106,106,2025-09-15,2.2798923490965013,1.2798923490965013,1,False
en.wikipedia,2026_Hungarian_parliamentary_election,120,120,120,2025-09-29,2.196268656716418,1.196268656716418,1,False
en.wikipedia,2026_Hungarian_parliamentary_election,144,145,144,2025-10-23,3.046127562642369,3.5119643537903635,2,False
en.wikipedia,2026_Hungarian_parliamentary_election,196,196,196,2025-12-14,2.4313603966532384,1.4313603966532384,1,False
en.wikipedia,2026_Hungarian_parliamentary_election,199,199,199,2025-12-17,2.0042347247428918,1.0042347247428918,1,False
en.wikipedia,2026_Hungarian_parliamentary_election,205,205,205,2025-12-23,2.6269626421223604,1.6269626421223604,1,False
en.wikipedia,2026_Hungarian_parliamentary_election,226,226,226,2026-01-13,2.408777969018933,1.4087779690189328,1,False
en.wikipedia,2026_Hungarian_parliamentary_election,229,229,229,2026-01-16,2.043037974683544,1.043037974683544,1,False
en.wikipedia,2026_Hungarian_parliamentary_election,260,260,260,2026-02-16,2.3423487544483987,1.3423487544483987,1,False
en.wikipedia,2026_Hungarian_parliamentary_election,302,302,302,2026-03-30,2.25880822889572,1.2588082288957199,1,False
en.wikipedia,2026_Hungarian_parliamentary_election,308,321,315,2026-04-12,74.85084485967666,143.51794512016613,14,False
en.wikipedia,Caroline_Kennedy,69,70,70,2025-08-10,3.1187936741449063,3.618855655054786,2,False
en.wikipedia,Caroline_Kennedy,153,153,153,2025-11-01,2.1593363593676633,1.1593363593676633,1,False
en.wikipedia,Caroline_Kennedy,161,161,161,2025-11-09,2.063688633348076,1.0636886333480762,1,False
en.wikipedia,Caroline_Kennedy,164,169,164,2025-11-12,19.687275857122366,40.85846287115035,6,False
en.wikipedia,Caroline_Kennedy,174,178,175,2025-11-23,35.70911465621793,73.75991892298907,5,False
en.wikipedia,Caroline_Kennedy,181,181,181,2025-11-29,2.6906526588472333,1.6906526588472333,1,False
en.wikipedia,Caroline_Kennedy,212,221,213,2025-12-31,61.21211346792742,153.58491467919802,10,False
en.wikipedia,Caroline_Kennedy,223,223,223,2026-01-10,2.12085201793722,1.12085201793722,1,False
en.wikipedia,Caroline_Kennedy,247,247,247,2026-02-03,2.486071952182249,1.486071952182249,1,False
en.wikipedia,Caroline_Kennedy,257,270,259,2026-02-15,13.384440658716638,93.60297218415538,14,False
en.wikipedia,Caroline_Kennedy,273,273,273,2026-03-01,2.0972602327749543,1.0972602327749543,1,False
en.wikipedia,Caroline_Kennedy,300,301,300,2026-03-28,2.2336732140623043,2.269423245339672,2,False
en.wikipedia,Caroline_Kennedy,366,366,366,2026-06-02,2.0711347689329784,1.0711347689329784,1,False
en.wikipedia,Atiq_Ahmed,74,78,74,2025-08-14,7.308687615526802,15.743068391866913,5,False
en.wikipedia,Atiq_Ahmed,123,123,123,2025-10-02,2.5009174311926605,1.5009174311926605,1,False
en.wikipedia,Atiq_Ahmed,165,165,165,2025-11-13,2.047666335650447,1.047666335650447,1,False
en.wikipedia,Atiq_Ahmed,167,168,167,2025-11-15,2.0827586206896553,2.1063342591965317,2,False
en.wikipedia,Atiq_Ahmed,170,171,170,2025-11-18,2.300751879699248,2.503165992976871,2,False
en.wikipedia,Atiq_Ahmed,290,303,294,2026-03-22,286.6748251748252,2029.4402203792451,14,False
en.wikipedia,Atiq_Ahmed,348,361,349,2026-05-16,6.90391254315305,32.98691675666592,14,False
en.wikipedia,Atiq_Ahmed,369,372,370,2026-06-06,4.770140622946511,11.61684373322838,4,False
en.wikipedia,Masoud_Khamenei,212,231,224,2026-01-11,28.639004149377595,170.19704988859147,20,False
en.wikipedia,Masoud_Khamenei,237,239,237,2026-01-24,4.828815977175464,8.268814313905946,3,False
en.wikipedia,Masoud_Khamenei,272,285,273,2026-03-01,396.30602409638556,980.23367146574,14,False
en.wikipedia,Joel_Embiid,46,46,46,2025-07-17,2.6905497220506485,1.6905497220506485,1,False
en.wikipedia,Joel_Embiid,139,139,139,2025-10-18,2.29637526652452,1.29637526652452,1,False
en.wikipedia,Joel_Embiid,143,150,144,2025-10-23,6.345803842264914,17.645973877938076,8,False
en.wikipedia,Joel_Embiid,153,153,153,2025-11-01,3.84375,2.84375,1,False
en.wikipedia,Joel_Embiid,190,190,190,2025-12-08,2.199736321687541,1.1997363216875412,1,False
en.wikipedia,Joel_Embiid,195,195,195,2025-12-13,2.1562913907284766,1.1562913907284766,1,False
en.wikipedia,Joel_Embiid,209,209,209,2025-12-27,2.6050420168067228,1.6050420168067228,1,False
en.wikipedia,Joel_Embiid,213,213,213,2025-12-31,3.3067047075606277,2.3067047075606277,1,False
en.wikipedia,Joel_Embiid,217,217,217,2026-01-04,2.4442793462109957,1.4442793462109957,1,False
en.wikipedia,Joel_Embiid,237,237,237,2026-01-24,2.8341232227488153,1.8341232227488153,1,False
en.wikipedia,Joel_Embiid,241,241,241,2026-01-28,3.129623228482544,2.129623228482544,1,False
en.wikipedia,Joel_Embiid,245,245,245,2026-02-01,2.502680542415642,1.502680542415642,1,False
en.wikipedia,Joel_Embiid,313,313,313,2026-04-10,2.061762034514078,1.0617620345140781,1,False
en.wikipedia,Joel_Embiid,319,319,319,2026-04-16,2.8589856347112286,1.8589856347112286,1,False
en.wikipedia,Joel_Embiid,322,322,322,2026-04-19,2.7241478086508164,1.7241478086508164,1,False
en.wikipedia,Joel_Embiid,325,325,325,2026-04-22,2.34246947082768,1.3424694708276799,1,False
en.wikipedia,Joel_Embiid,329,330,330,2026-04-27,4.444838056680162,5.808198380566802,2,False
en.wikipedia,Joel_Embiid,332,332,332,2026-04-29,8.526037916966642,7.526037916966642,1,False
en.wikipedia,Joel_Embiid,334,339,336,2026-05-03,30.235884101040117,44.16792411275785,6,False
en.wikipedia,Joel_Embiid,342,344,342,2026-05-09,3.088179639207771,4.4340108815004715,3,False
en.wikipedia,Bhooth_Bangla,257,257,257,2026-02-13,5.0879848628193,4.0879848628193,1,False
en.wikipedia,Bhooth_Bangla,269,273,270,2026-02-26,3.794838145231846,10.311224862968968,5,False
en.wikipedia,Bhooth_Bangla,284,287,284,2026-03-12,4.373918829008649,8.671375237689222,4,False
en.wikipedia,Bhooth_Bangla,309,310,309,2026-04-06,2.9969620253164555,3.758483052765461,2,False
en.wikipedia,Bhooth_Bangla,317,332,321,2026-04-18,20.99634074941452,128.630920508366,16,False
en.wikipedia,The_Odyssey_(2026_film),165,169,166,2025-11-14,4.642821271134423,11.5111848167556,5,False
en.wikipedia,The_Odyssey_(2026_film),172,173,172,2025-11-20,3.5817978511352035,4.150394910925725,2,False
en.wikipedia,The_Odyssey_(2026_film),201,211,205,2025-12-23,17.46085955487337,54.75625467069411,11,False
en.wikipedia,The_Odyssey_(2026_film),238,239,238,2026-01-25,2.3795027904616948,2.54287163876205,2,False
en.wikipedia,The_Odyssey_(2026_film),245,246,245,2026-02-01,2.7729680001989108,3.227131455282329,2,False
en.wikipedia,The_Odyssey_(2026_film),289,291,290,2026-03-18,2.7292594091460947,4.174929178470254,3,False
en.wikipedia,The_Odyssey_(2026_film),338,351,338,2026-05-05,10.262412569341556,59.56940551808557,14,False
en.wikipedia,Robert_Harward,184,186,184,2025-12-02,2.6666666666666665,4.395583107322743,3,False
en.wikipedia,Robert_Harward,216,218,218,2026-01-05,3.86046511627907,6.695759233926129,3,False
en.wikipedia,Robert_Harward,220,220,220,2026-01-07,3.5402298850574714,2.5402298850574714,1,False
en.wikipedia,Robert_Harward,224,224,224,2026-01-11,9.959183673469388,8.959183673469388,1,False
en.wikipedia,Robert_Harward,226,229,226,2026-01-13,4.233009708737864,8.386624730100943,4,False
en.wikipedia,Robert_Harward,250,251,250,2026-02-06,11.59375,11.990696564885496,2,False
en.wikipedia,Robert_Harward,253,253,253,2026-02-09,2.763358778625954,1.7633587786259541,1,False
en.wikipedia,Robert_Harward,263,267,267,2026-02-23,6.676691729323308,19.69720699649888,5,False
en.wikipedia,Robert_Harward,271,276,272,2026-02-28,52.72258064516129,89.05801057740115,6,False
en.wikipedia,Robert_Harward,278,279,278,2026-03-06,5.49685534591195,5.522012578616352,2,False
en.wikipedia,Robert_Harward,281,283,281,2026-03-09,13.187134502923977,20.875405483712655,3,False
en.wikipedia,Robert_Harward,285,285,285,2026-03-13,2.85,1.85,1,False
en.wikipedia,Robert_Harward,310,312,310,2026-04-07,4.553383458646617,8.39248120300752,3,False
en.wikipedia,Robert_Harward,316,316,316,2026-04-13,5.910256410256411,4.910256410256411,1,False
en.wikipedia,Robert_Harward,322,325,323,2026-04-20,11.753743760399335,16.524896346027795,4,False
en.wikipedia,Robert_Harward,339,339,339,2026-05-06,2.122448979591837,1.1224489795918369,1,False
en.wikipedia,Robert_Harward,352,363,355,2026-05-22,843.4833948339483,1714.43587671227,12,False
en.wikipedia,Robert_Harward,365,365,365,2026-06-01,2.3947368421052633,1.3947368421052633,1,False
en.wikipedia,Tal_and_Oren_Alexander,31,31,31,2025-07-02,2.0598006644518274,1.0598006644518274,1,False
en.wikipedia,Tal_and_Oren_Alexander,37,37,37,2025-07-08,2.2481203007518795,1.2481203007518795,1,False
en.wikipedia,Tal_and_Oren_Alexander,54,54,54,2025-07-25,2.1152263374485596,1.1152263374485596,1,False
en.wikipedia,Tal_and_Oren_Alexander,124,125,124,2025-10-03,2.8734177215189876,3.3037974683544307,2,False
en.wikipedia,Tal_and_Oren_Alexander,142,142,142,2025-10-21,2.037974683544304,1.037974683544304,1,False
en.wikipedia,Tal_and_Oren_Alexander,149,150,150,2025-10-29,2.111801242236025,2.186335403726708,2,False
en.wikipedia,Tal_and_Oren_Alexander,152,153,152,2025-10-31,2.3529411764705883,2.623529411764706,2,False
en.wikipedia,Tal_and_Oren_Alexander,158,158,158,2025-11-06,2.1968911917098444,1.1968911917098444,1,False
en.wikipedia,Tal_and_Oren_Alexander,164,165,165,2025-11-13,2.976,3.3484696356275303,2,False
en.wikipedia,Tal_and_Oren_Alexander,215,223,217,2026-01-04,24.103448275862068,61.386583139897404,9,False
en.wikipedia,Tal_and_Oren_Alexander,226,234,229,2026-01-16,53.198606271777,127.96137370908527,9,False
en.wikipedia,Tal_and_Oren_Alexander,238,247,244,2026-01-31,12.510410469958359,60.656962553111065,10,False
en.wikipedia,Tal_and_Oren_Alexander,262,262,262,2026-02-18,2.6585195530726256,1.6585195530726256,1,False
en.wikipedia,Tal_and_Oren_Alexander,276,279,278,2026-03-06,3.96340825927862,8.173381767213446,4,False
en.wikipedia,Tal_and_Oren_Alexander,281,283,282,2026-03-10,66.48817492190986,85.05613725247855,3,False
en.wikipedia,Tal_and_Oren_Alexander,351,351,351,2026-05-18,2.0416666666666665,1.0416666666666665,1,False
en.wikipedia,Lena_Dunham,34,49,40,2025-07-11,9.556530825496342,62.523245892192776,16,False
en.wikipedia,Lena_Dunham,190,191,191,2025-12-09,2.909884874950377,3.5136959110758235,2,False
en.wikipedia,Lena_Dunham,257,257,257,2026-02-13,2.9878808864265927,1.9878808864265927,1,False
en.wikipedia,Lena_Dunham,303,303,303,2026-03-31,2.217006200177148,1.2170062001771478,1,False
en.wikipedia,Lena_Dunham,314,327,318,2026-04-15,22.228265995912594,125.86280342440295,14,False
en.wikipedia,Lena_Dunham,339,339,339,2026-05-06,2.261675268950936,1.261675268950936,1,False
en.wikipedia,Michael_B._Jordan,34,35,35,2025-07-06,2.554007739082366,2.6177998894416805,2,False
en.wikipedia,Michael_B._Jordan,217,218,217,2026-01-04,3.449939857072101,3.6902768906417145,2,False
en.wikipedia,Michael_B._Jordan,225,226,225,2026-01-12,3.013595823363063,3.39841132641589,2,False
en.wikipedia,Michael_B._Jordan,235,238,235,2026-01-22,3.6586352444600774,8.417808554097322,4,False
en.wikipedia,Michael_B._Jordan,267,267,267,2026-02-23,2.359652955495912,1.3596529554959118,1,False
en.wikipedia,Michael_B._Jordan,272,276,274,2026-03-02,10.284876100118595,20.698123618492474,5,False
en.wikipedia,Michael_B._Jordan,287,294,288,2026-03-16,61.252008877324556,98.75467316110858,8,False
en.wikipedia,Cori_Close,37,37,37,2025-07-08,4.190476190476191,3.1904761904761907,1,False
en.wikipedia,Cori_Close,48,49,48,2025-07-19,5.538461538461538,5.824175824175824,2,False
en.wikipedia,Cori_Close,58,58,58,2025-07-29,2.0,1.0,1,False
en.wikipedia,Cori_Close,107,108,107,2025-09-16,2.076923076923077,2.076923076923077,2,False
en.wikipedia,Cori_Close,158,159,158,2025-11-06,2.341463414634146,2.6341463414634143,2,False
en.wikipedia,Cori_Close,163,168,163,2025-11-11,10.619047619047619,25.269153327292866,6,False
en.wikipedia,Cori_Close,178,180,178,2025-11-26,6.360655737704918,11.299117276166456,3,False
en.wikipedia,Cori_Close,182,186,183,2025-12-01,31.906976744186046,47.57381591843593,5,False
en.wikipedia,Cori_Close,189,189,189,2025-12-07,2.1176470588235294,1.1176470588235294,1,False
en.wikipedia,Cori_Close,202,202,202,2025-12-20,2.088235294117647,1.0882352941176472,1,False
en.wikipedia,Cori_Close,210,212,210,2025-12-28,3.4774774774774775,6.675675675675675,3,False
en.wikipedia,Cori_Close,217,217,217,2026-01-04,6.5607476635514015,5.5607476635514015,1,False
en.wikipedia,Cori_Close,225,225,225,2026-01-12,8.956521739130435,7.9565217391304355,1,False
en.wikipedia,Cori_Close,228,228,228,2026-01-15,2.1237113402061856,1.1237113402061856,1,False
en.wikipedia,Cori_Close,231,232,231,2026-01-18,4.597938144329897,4.897003564890644,2,False
en.wikipedia,Cori_Close,242,242,242,2026-01-29,2.1785714285714284,1.1785714285714284,1,False
en.wikipedia,Cori_Close,245,246,245,2026-02-01,25.67924528301887,28.924528301886795,2,False
en.wikipedia,Cori_Close,252,252,252,2026-02-08,4.504347826086956,3.5043478260869563,1,False
en.wikipedia,Cori_Close,259,259,259,2026-02-15,2.15,1.15,1,False
en.wikipedia,Cori_Close,264,264,264,2026-02-20,2.433333333333333,1.4333333333333331,1,False
en.wikipedia,Cori_Close,267,267,267,2026-02-23,2.5081967213114753,1.5081967213114753,1,False
en.wikipedia,Cori_Close,273,276,274,2026-03-02,15.35483870967742,24.17741935483871,4,False
en.wikipedia,Cori_Close,278,281,280,2026-03-08,17.82383419689119,36.294188046599125,4,False
en.wikipedia,Cori_Close,288,288,288,2026-03-16,2.0585774058577404,1.0585774058577404,1,False
en.wikipedia,Cori_Close,294,296,296,2026-03-24,8.422712933753942,11.534775107713275,3,False
en.wikipedia,Cori_Close,299,303,301,2026-03-29,25.987261146496817,42.525025939829945,5,False
en.wikipedia,Cori_Close,307,313,308,2026-04-05,338.6923076923077,674.8854194608028,7,False
en.wikipedia,Cori_Close,369,370,369,2026-06-05,3.8421052631578947,4.171052631578947,2,False
en.wikipedia,List_of_The_Boys_episodes,109,110,109,2025-09-18,2.2714285714285714,2.313313388182498,2,False
en.wikipedia,List_of_The_Boys_episodes,189,192,189,2025-12-07,6.3132347364429275,10.0902540766022,4,False
en.wikipedia,List_of_The_Boys_episodes,277,279,278,2026-03-06,3.4091069537592658,5.644949855572648,3,False
en.wikipedia,List_of_The_Boys_episodes,309,325,311,2026-04-08,21.122724815282034,141.287675232839,17,False
en.wikipedia,List_of_The_Boys_episodes,332,332,332,2026-04-29,2.5542693894825943,1.5542693894825943,1,False
en.wikipedia,List_of_The_Boys_episodes,339,339,339,2026-05-06,2.826422584913983,1.826422584913983,1,False
en.wikipedia,List_of_The_Boys_episodes,346,347,346,2026-05-13,3.424971993474971,3.483540024763664,2,False
en.wikipedia,List_of_The_Boys_episodes,353,354,353,2026-05-20,5.025708682474594,5.715350329827063,2,False
en.wikipedia,Neil_Sedaka,46,49,47,2025-07-18,3.4622568093385215,7.207183225009341,4,False
en.wikipedia,Neil_Sedaka,259,259,259,2026-02-15,2.8310715956948993,1.8310715956948993,1,False
en.wikipedia,Neil_Sedaka,271,284,272,2026-02-28,531.3808537090758,981.8574106446207,14,False
en.wikipedia,Neil_Sedaka,291,292,292,2026-03-20,4.9373783257624915,5.114413081591792,2,False
en.wikipedia,Marcia_Lucas,57,57,57,2025-07-28,2.5963791267305645,1.5963791267305645,1,False
en.wikipedia,Marcia_Lucas,78,78,78,2025-08-18,5.496760259179266,4.496760259179266,1,False
en.wikipedia,Marcia_Lucas,139,142,140,2025-10-19,6.485549132947977,13.701348747591522,4,False
en.wikipedia,Marcia_Lucas,245,247,246,2026-02-02,4.19375,7.862499999999999,3,False
en.wikipedia,Marcia_Lucas,255,256,256,2026-02-12,2.144385026737968,2.258826443631701,2,False
en.wikipedia,Marcia_Lucas,263,263,263,2026-02-19,2.350214592274678,1.350214592274678,1,False
en.wikipedia,Marcia_Lucas,329,329,329,2026-04-26,2.411552346570397,1.4115523465703972,1,False
en.wikipedia,Marcia_Lucas,335,340,338,2026-05-05,9.827906976744186,21.161566512026294,6,False
en.wikipedia,Marcia_Lucas,344,344,344,2026-05-11,3.1626984126984126,2.1626984126984126,1,False
en.wikipedia,Marcia_Lucas,347,347,347,2026-05-14,2.947176684881603,1.9471766848816028,1,False
en.wikipedia,Marcia_Lucas,362,371,363,2026-05-30,101.9115361625822,175.18910792282693,10,False
en.wikipedia,Anne_Hathaway,164,165,164,2025-11-12,3.1694633755225934,3.8295810293006505,2,False
en.wikipedia,Anne_Hathaway,287,289,288,2026-03-16,4.475583864118896,6.253482471130443,3,False
en.wikipedia,Anne_Hathaway,319,320,319,2026-04-16,2.85547854298776,2.9113112649246635,2,False
en.wikipedia,Anne_Hathaway,323,331,324,2026-04-21,4.98548642046271,21.005331074719635,9,False
en.wikipedia,Anne_Hathaway,333,337,335,2026-05-02,3.0541338777775575,8.148380179123032,5,False
en.wikipedia,Clay_Aiken,143,144,144,2025-10-23,2.354138398914518,2.5729959350466585,2,False
en.wikipedia,Clay_Aiken,214,214,214,2026-01-01,2.733630006357279,1.733630006357279,1,False
en.wikipedia,Clay_Aiken,272,272,272,2026-02-28,2.5052337752965808,1.5052337752965808,1,False
en.wikipedia,Clay_Aiken,284,284,284,2026-03-12,2.7540348612007746,1.7540348612007746,1,False
en.wikipedia,Clay_Aiken,303,303,303,2026-03-31,2.1521472392638037,1.1521472392638037,1,False
en.wikipedia,Clay_Aiken,305,305,305,2026-04-02,2.1067484662576685,1.1067484662576685,1,False
en.wikipedia,Clay_Aiken,331,331,331,2026-04-28,2.0789652825051057,1.0789652825051057,1,False
en.wikipedia,Clay_Aiken,337,339,338,2026-05-05,6.066326530612245,8.488430182211811,3,False
en.wikipedia,Clay_Aiken,344,350,345,2026-05-12,82.20786214324178,112.32387501090099,7,False
en.wikipedia,Moya_Brennan,64,64,64,2025-08-04,2.794425087108014,1.794425087108014,1,False
en.wikipedia,Moya_Brennan,161,162,161,2025-11-09,5.581920903954802,5.6610169491525415,2,False
en.wikipedia,Moya_Brennan,285,287,285,2026-03-13,10.120481927710843,11.608073010605295,3,False
en.wikipedia,Moya_Brennan,289,289,289,2026-03-17,2.164705882352941,1.164705882352941,1,False
en.wikipedia,Moya_Brennan,294,294,294,2026-03-22,2.2061855670103094,1.2061855670103094,1,False
en.wikipedia,Moya_Brennan,316,330,317,2026-04-14,573.9721577726218,1486.2381442299302,15,False
en.wikipedia,Crimson_Desert,73,73,73,2025-08-13,3.5255041518386716,2.5255041518386716,1,False
en.wikipedia,Crimson_Desert,75,76,75,2025-08-15,3.020785219399538,3.3184698941514674,2,False
en.wikipedia,Crimson_Desert,81,81,81,2025-08-21,2.435318275154004,1.4353182751540041,1,False
en.wikipedia,Crimson_Desert,115,123,116,2025-09-25,12.557065217391305,32.28424130725024,9,False
en.wikipedia,Crimson_Desert,130,131,131,2025-10-10,2.753108348134991,3.0646571395405418,2,False
en.wikipedia,Crimson_Desert,189,189,189,2025-12-07,2.1135531135531136,1.1135531135531136,1,False
en.wikipedia,Crimson_Desert,204,204,204,2025-12-22,2.0896027049873203,1.0896027049873203,1,False
en.wikipedia,Crimson_Desert,222,228,223,2026-01-10,6.965872504829362,22.079923969859948,7,False
en.wikipedia,Crimson_Desert,232,232,232,2026-01-19,2.749232343909928,1.7492323439099282,1,False
en.wikipedia,Crimson_Desert,234,236,235,2026-01-22,2.5277375783888085,4.103610622424524,3,False
en.wikipedia,Crimson_Desert,242,246,243,2026-01-30,5.450164293537788,11.496205079824328,5,False
en.wikipedia,Crimson_Desert,249,250,249,2026-02-05,3.065350444225074,3.7404352538745274,2,False
en.wikipedia,Crimson_Desert,256,257,256,2026-02-12,2.7722052623927897,3.008241942159373,2,False
en.wikipedia,Crimson_Desert,262,264,263,2026-02-19,2.87945957356977,4.4721430826313515,3,False
en.wikipedia,Crimson_Desert,277,277,277,2026-03-05,2.1931148314076867,1.1931148314076867,1,False
en.wikipedia,Crimson_Desert,290,296,292,2026-03-20,6.540253306164849,20.76216354522265,7,False
en.wikipedia,Ali_Larijani,49,50,50,2025-07-21,2.218543046357616,2.4172185430463577,2,False
en.wikipedia,Ali_Larijani,65,68,65,2025-08-05,7.288389513108614,17.67215335074699,4,False
en.wikipedia,Ali_Larijani,71,75,73,2025-08-13,7.707602339181286,16.86910374489694,5,False
en.wikipedia,Ali_Larijani,118,119,118,2025-09-27,2.9308755760368665,3.2350230414746544,2,False
en.wikipedia,Ali_Larijani,176,180,178,2025-11-26,3.4014598540145986,9.322892591274673,5,False
en.wikipedia,Ali_Larijani,215,234,224,2026-01-11,17.129032258064516,145.03824866280007,20,False
en.wikipedia,Ali_Larijani,238,238,238,2026-01-25,2.77007700770077,1.77007700770077,1,False
en.wikipedia,Ali_Larijani,266,270,266,2026-02-22,11.873510540788267,31.252978918423462,5,False
en.wikipedia,Ali_Larijani,272,283,273,2026-03-01,287.5655362053162,676.3397613608381,12,False
en.wikipedia,Ali_Larijani,289,292,289,2026-03-17,39.61844341225785,64.43274805121027,4,False
en.wikipedia,C._Joseph_Vijay,332,332,332,2026-04-29,2.090909090909091,1.0909090909090908,1,False
en.wikipedia,C._Joseph_Vijay,337,356,345,2026-05-12,463.88379204892965,2443.549342404768,20,False
en.wikipedia,Charlize_Theron,86,86,86,2025-08-26,2.2575308078502965,1.2575308078502965,1,False
en.wikipedia,Charlize_Theron,204,205,205,2025-12-23,2.2259841244127654,2.3032561153410014,2,False
en.wikipedia,Charlize_Theron,250,252,251,2026-02-07,12.334913793103448,18.096629914627027,3,False
en.wikipedia,Charlize_Theron,321,335,328,2026-04-25,16.509578841231676,119.72355406510353,15,False
en.wikipedia,N._Marie_Wilson,354,359,354,2026-05-21,98.33357091945831,151.55167247669365,6,False
en.wikipedia,N._Marie_Wilson,363,363,363,2026-05-30,2.0653882426909775,1.0653882426909775,1,False
en.wikipedia,Scream_7,151,154,151,2025-10-30,11.081273176761433,22.020668975572296,4,False
en.wikipedia,Scream_7,227,228,227,2026-01-14,3.744196951934349,4.452155659893057,2,False
en.wikipedia,Scream_7,247,247,247,2026-02-03,2.0961808261886206,1.0961808261886206,1,False
en.wikipedia,Scream_7,252,254,253,2026-02-09,2.248630729316806,3.4581138458764547,3,False
en.wikipedia,Scream_7,267,280,271,2026-02-27,14.814870191654206,71.97086852921046,14,False
en.wikipedia,Scream_7,362,364,364,2026-05-31,2.5906886517943746,4.071774975751698,3,False
en.wikipedia,Scream_7,369,371,371,2026-06-07,2.461041060459101,3.6438732622049788,3,False
en.wikipedia,Kai_Havertz,40,40,40,2025-07-11,2.039610185476265,1.0396101854762652,1,False
en.wikipedia,Kai_Havertz,77,77,77,2025-08-17,2.4293727689954103,1.4293727689954103,1,False
en.wikipedia,Kai_Havertz,80,81,80,2025-08-20,2.4710182767624023,2.5174934725848566,2,False
en.wikipedia,Kai_Havertz,175,175,175,2025-11-23,2.085294117647059,1.085294117647059,1,False
en.wikipedia,Kai_Havertz,182,182,182,2025-11-30,2.346770276833414,1.3467702768334142,1,False
en.wikipedia,Kai_Havertz,212,212,212,2025-12-30,2.75222816399287,1.75222816399287,1,False
en.wikipedia,Kai_Havertz,224,224,224,2026-01-11,2.608153078202995,1.608153078202995,1,False
en.wikipedia,Kai_Havertz,227,227,227,2026-01-14,2.4687868080094226,1.4687868080094226,1,False
en.wikipedia,Kai_Havertz,241,242,242,2026-01-29,3.0247128437173685,3.0623042116254786,2,False
en.wikipedia,Kai_Havertz,244,244,244,2026-01-31,2.464309539693129,1.464309539693129,1,False
en.wikipedia,Kai_Havertz,247,249,248,2026-02-04,12.543075941289088,20.673009644147474,3,False
en.wikipedia,Kai_Havertz,251,251,251,2026-02-07,2.9180952380952383,1.9180952380952383,1,False
en.wikipedia,Kai_Havertz,283,286,283,2026-03-11,25.35565259582727,34.63658418243571,4,False
en.wikipedia,Kai_Havertz,289,289,289,2026-03-17,2.2034370645610775,1.2034370645610775,1,False
en.wikipedia,Kai_Havertz,294,294,294,2026-03-22,2.2515312372396896,1.2515312372396896,1,False
en.wikipedia,Kai_Havertz,310,311,311,2026-04-08,4.5408239700374535,6.782022471910112,2,False
en.wikipedia,Kai_Havertz,322,323,322,2026-04-19,8.400925212027756,9.886661526599845,2,False
en.wikipedia,Kai_Havertz,351,355,353,2026-05-20,8.296347826086956,25.89873895705148,5,False
en.wikipedia,Kai_Havertz,357,359,358,2026-05-25,3.7630473905218955,6.323674311287261,3,False
en.wikipedia,Kai_Havertz,363,365,363,2026-05-30,33.38547263681592,39.23305270205983,3,False
en.wikipedia,Kai_Havertz,370,370,370,2026-06-06,2.210283960092095,1.2102839600920952,1,False
en.wikipedia,Debbie_Rowe,61,61,61,2025-08-01,2.458273381294964,1.4582733812949642,1,False
en.wikipedia,Debbie_Rowe,86,88,87,2025-08-27,4.696249339672478,7.913870159531078,3,False
en.wikipedia,Debbie_Rowe,91,91,91,2025-08-31,2.248059341038468,1.2480593410384682,1,False
en.wikipedia,Debbie_Rowe,94,96,95,2025-09-04,5.132791327913279,7.826912446069432,3,False
en.wikipedia,Debbie_Rowe,123,124,123,2025-10-02,3.262485672179466,3.6151956770918616,2,False
en.wikipedia,Debbie_Rowe,158,168,164,2025-11-12,9.992063492063492,35.646734051734704,11,False
en.wikipedia,Debbie_Rowe,247,247,247,2026-02-03,2.105128673115532,1.1051286731155319,1,False
en.wikipedia,Debbie_Rowe,310,318,314,2026-04-11,4.580287597363691,17.49628148943856,9,False
en.wikipedia,Debbie_Rowe,325,339,329,2026-04-26,9.91640389131164,72.74619318720802,15,False
en.wikipedia,Brad_Delp,281,288,282,2026-03-10,84.0379746835443,167.93746392312613,8,False
en.wikipedia,Dillon_Thieneman,30,32,30,2025-07-01,5.428571428571429,9.17142857142857,3,False
en.wikipedia,Dillon_Thieneman,34,34,34,2025-07-05,2.0,1.0,1,False
en.wikipedia,Dillon_Thieneman,54,54,54,2025-07-25,2.327272727272727,1.3272727272727272,1,False
en.wikipedia,Dillon_Thieneman,72,73,72,2025-08-12,2.0615384615384613,2.0615384615384613,2,False
en.wikipedia,Dillon_Thieneman,90,91,90,2025-08-30,3.782608695652174,5.080481036077706,2,False
en.wikipedia,Dillon_Thieneman,97,98,97,2025-09-06,2.5098039215686274,2.5098039215686274,2,False
en.wikipedia,Dillon_Thieneman,104,104,104,2025-09-13,2.9591836734693877,1.9591836734693877,1,False
en.wikipedia,Dillon_Thieneman,119,123,119,2025-09-28,75.01176470588236,92.0387309980172,5,False
en.wikipedia,Dillon_Thieneman,130,130,130,2025-10-09,2.4175824175824174,1.4175824175824174,1,False
en.wikipedia,Dillon_Thieneman,132,133,132,2025-10-11,7.862745098039215,8.607843137254902,2,False
en.wikipedia,Dillon_Thieneman,157,157,157,2025-11-05,2.0615384615384613,1.0615384615384613,1,False
en.wikipedia,Dillon_Thieneman,160,161,160,2025-11-08,4.0,4.0,2,False
en.wikipedia,Dillon_Thieneman,167,167,167,2025-11-15,3.757575757575758,2.757575757575758,1,False
en.wikipedia,Dillon_Thieneman,174,174,174,2025-11-22,5.833333333333333,4.833333333333333,1,False
en.wikipedia,Dillon_Thieneman,181,183,182,2025-11-30,13.131578947368421,21.99527757750541,3,False
en.wikipedia,Dillon_Thieneman,186,186,186,2025-12-04,2.413793103448276,1.4137931034482758,1,False
en.wikipedia,Dillon_Thieneman,197,198,197,2025-12-15,2.6607142857142856,2.7124384236453203,2,False
en.wikipedia,Dillon_Thieneman,203,203,203,2025-12-21,10.634146341463415,9.634146341463415,1,False
en.wikipedia,Dillon_Thieneman,214,216,214,2026-01-01,15.739837398373984,18.10569105691057,3,False
en.wikipedia,Dillon_Thieneman,218,219,219,2026-01-06,3.507936507936508,3.654277971351142,2,False
en.wikipedia,Dillon_Thieneman,222,224,223,2026-01-10,14.631578947368421,17.001067483523624,3,False
en.wikipedia,Dillon_Thieneman,226,229,227,2026-01-14,6.033707865168539,11.560551788743613,4,False
en.wikipedia,Dillon_Thieneman,240,240,240,2026-01-27,2.227642276422764,1.2276422764227641,1,False
en.wikipedia,Dillon_Thieneman,268,268,268,2026-02-24,2.118811881188119,1.118811881188119,1,False
en.wikipedia,Dillon_Thieneman,270,279,272,2026-02-28,51.366336633663366,102.18818732134727,10,False
en.wikipedia,Dillon_Thieneman,282,282,282,2026-03-10,2.2857142857142856,1.2857142857142856,1,False
en.wikipedia,Dillon_Thieneman,285,285,285,2026-03-13,2.145124716553288,1.1451247165532878,1,False
en.wikipedia,Dillon_Thieneman,324,334,327,2026-04-24,241.67946577629382,326.3589246756398,11,False
en.wikipedia,Remarkably_Bright_Creatures_(film),220,227,221,2026-01-08,4.053191489361702,14.40098879578414,8,False
en.wikipedia,Remarkably_Bright_Creatures_(film),229,231,230,2026-01-17,2.1069767441860465,3.242345467535704,3,False
en.wikipedia,Remarkably_Bright_Creatures_(film),269,270,269,2026-02-25,3.658792650918635,5.218378143146614,2,False
en.wikipedia,Remarkably_Bright_Creatures_(film),282,284,283,2026-03-11,4.946796959826276,8.635508248537565,3,False
en.wikipedia,Remarkably_Bright_Creatures_(film),288,288,288,2026-03-16,2.744014732965009,1.744014732965009,1,False
en.wikipedia,Remarkably_Bright_Creatures_(film),311,322,312,2026-04-09,12.049245432883241,39.39558875299146,12,False
en.wikipedia,Remarkably_Bright_Creatures_(film),326,326,326,2026-04-23,2.99203187250996,1.9920318725099602,1,False
en.wikipedia,Remarkably_Bright_Creatures_(film),328,328,328,2026-04-25,2.1559953434225845,1.1559953434225845,1,False
en.wikipedia,Remarkably_Bright_Creatures_(film),338,338,338,2026-05-05,2.402433528616494,1.402433528616494,1,False
en.wikipedia,Remarkably_Bright_Creatures_(film),340,354,343,2026-05-10,50.72904731593465,289.91498827782675,15,False
en.wikipedia,Kylie_Minogue,34,35,34,2025-07-05,6.2906263688129656,6.672798948751643,2,False
en.wikipedia,Kylie_Minogue,158,158,158,2025-11-06,2.0777716492002205,1.0777716492002205,1,False
en.wikipedia,Kylie_Minogue,187,187,187,2025-12-05,4.818505338078292,3.8185053380782916,1,False
en.wikipedia,Kylie_Minogue,190,190,190,2025-12-08,4.697235149192444,3.6972351491924442,1,False
en.wikipedia,Kylie_Minogue,194,197,196,2025-12-14,7.798801797304044,13.535952928276043,4,False
en.wikipedia,Kylie_Minogue,201,203,201,2025-12-19,5.03698752228164,8.130147148139745,3,False
en.wikipedia,Kylie_Minogue,207,207,207,2025-12-25,2.550224670242064,1.5502246702420641,1,False
en.wikipedia,Kylie_Minogue,351,365,356,2026-05-23,18.242203985932004,133.02657555276653,15,False
en.wikipedia,Zendaya,192,194,192,2025-12-10,3.0434198531881207,5.0135297222088955,3,False
en.wikipedia,Zendaya,204,206,205,2025-12-23,3.2788620254393632,5.175832690851226,3,False
en.wikipedia,Zendaya,274,280,274,2026-03-02,15.25839552238806,35.642215061058344,7,False
en.wikipedia,Zendaya,282,283,282,2026-03-10,2.743477180485381,3.090972725921928,2,False
en.wikipedia,Zendaya,285,291,288,2026-03-16,5.3571486388041984,16.526639398875336,7,False
en.wikipedia,Zendaya,365,367,366,2026-06-02,2.4914044981993615,3.6487282281262035,3,False
en.wikipedia,2025–26_UEFA_Champions_League,38,38,38,2025-07-09,2.008578811369509,1.0085788113695089,1,False
en.wikipedia,2025–26_UEFA_Champions_League,44,46,44,2025-07-15,2.948776641741696,5.423114095325296,3,False
en.wikipedia,2025–26_UEFA_Champions_League,50,52,50,2025-07-21,3.5183400906272357,5.028733751932225,3,False
en.wikipedia,2025–26_UEFA_Champions_League,59,60,59,2025-07-30,3.423058065419906,4.147556161928545,2,False
en.wikipedia,2025–26_UEFA_Champions_League,64,64,64,2025-08-04,2.1475851507331045,1.1475851507331045,1,False
en.wikipedia,2025–26_UEFA_Champions_League,72,72,72,2025-08-12,2.2903104296381644,1.2903104296381644,1,False
en.wikipedia,2025–26_UEFA_Champions_League,86,89,88,2025-08-28,7.534700987033094,14.74809367137604,4,False
en.wikipedia,2025–26_UEFA_Champions_League,107,108,107,2025-09-16,2.708929422985217,2.8292203147353363,2,False
en.wikipedia,2025–26_UEFA_Champions_League,121,123,122,2025-10-01,3.700108787622386,5.795479269914178,3,False
en.wikipedia,2025–26_UEFA_Champions_League,142,144,143,2025-10-22,5.043463668400738,8.761201543883203,3,False
en.wikipedia,2025–26_UEFA_Champions_League,156,158,157,2025-11-05,6.07938063504508,11.464936528235395,3,False
en.wikipedia,2025–26_UEFA_Champions_League,177,180,178,2025-11-26,7.0470416056868075,14.822362836763684,4,False
en.wikipedia,2025–26_UEFA_Champions_League,191,194,192,2025-12-10,7.785616510476992,16.547562043485165,4,False
en.wikipedia,2025–26_UEFA_Champions_League,233,236,234,2026-01-21,12.017815568377365,26.511240946846286,4,False
en.wikipedia,2025–26_UEFA_Champions_League,239,245,242,2026-01-29,20.5687540348612,58.74426871621528,7,False
en.wikipedia,2025–26_UEFA_Champions_League,261,263,262,2026-02-18,3.3317453046266605,5.194961062757672,3,False
en.wikipedia,2025–26_UEFA_Champions_League,268,272,269,2026-02-25,9.121257750221435,26.425597874224977,5,False
en.wikipedia,2025–26_UEFA_Champions_League,282,284,283,2026-03-11,3.4855471137891887,5.3952348725133366,3,False
en.wikipedia,2025–26_UEFA_Champions_League,289,291,290,2026-03-18,7.927403210576015,13.01593956562795,3,False
en.wikipedia,2025–26_UEFA_Champions_League,310,312,311,2026-04-08,3.0511436648676433,4.29313801079414,3,False
en.wikipedia,2025–26_UEFA_Champions_League,317,319,318,2026-04-15,6.68847453930869,11.628830007632757,3,False
en.wikipedia,2025–26_UEFA_Champions_League,332,332,332,2026-04-29,2.298547578435933,1.298547578435933,1,False
en.wikipedia,2025–26_UEFA_Champions_League,338,340,339,2026-05-06,4.121860549460513,6.590534046604407,3,False
en.wikipedia,2025–26_UEFA_Champions_League,363,364,363,2026-05-30,5.439110973915728,6.905456576484241,2,False
en.wikipedia,Iranian_Revolution,214,230,224,2026-01-11,20.65768551236749,104.74350471323267,17,False
en.wikipedia,Iranian_Revolution,272,285,273,2026-03-01,41.66680654637012,148.14380215479784,14,False
en.wikipedia,Kimi_Antonelli,37,37,37,2025-07-08,2.0,1.0,1,False
en.wikipedia,Kimi_Antonelli,56,56,56,2025-07-27,3.4285714285714284,2.4285714285714284,1,False
en.wikipedia,Kimi_Antonelli,63,64,64,2025-08-04,5.5,7.5,2,False
en.wikipedia,Kimi_Antonelli,66,67,66,2025-08-06,2.1666666666666665,2.333333333333333,2,False
en.wikipedia,Kimi_Antonelli,69,83,70,2025-08-10,207.84615384615384,1790.8797031232443,15,False
en.wikipedia,Kimi_Antonelli,91,93,91,2025-08-31,5.432139883430475,7.557179357198796,3,False
en.wikipedia,Kimi_Antonelli,97,98,98,2025-09-07,3.614061331338818,4.223287408349874,2,False
en.wikipedia,Kimi_Antonelli,112,112,112,2025-09-21,2.7886748394629306,1.7886748394629306,1,False
en.wikipedia,Kimi_Antonelli,125,127,126,2025-10-05,5.191614564178007,6.6792938580360435,3,False
en.wikipedia,Kimi_Antonelli,140,141,140,2025-10-19,2.924548352816153,3.0860786397449522,2,False
en.wikipedia,Kimi_Antonelli,147,147,147,2025-10-26,2.7350910232266163,1.7350910232266163,1,False
en.wikipedia,Kimi_Antonelli,160,163,161,2025-11-09,14.705586942875078,24.838639701527796,4,False
en.wikipedia,Kimi_Antonelli,175,176,175,2025-11-23,7.023912417170844,8.097954479976952,2,False
en.wikipedia,Kimi_Antonelli,182,184,182,2025-11-30,3.487131926733132,6.3631531339441265,3,False
en.wikipedia,Kimi_Antonelli,189,190,189,2025-12-07,3.1892251413368804,3.5001662786830727,2,False
en.wikipedia,Kimi_Antonelli,271,284,280,2026-03-08,27.17578125,91.06121397545986,14,False
en.wikipedia,Kimi_Antonelli,286,289,287,2026-03-15,27.281649484536082,41.36477265021186,4,False
en.wikipedia,Kimi_Antonelli,300,302,301,2026-03-29,11.610522832561218,14.597782925215089,3,False
en.wikipedia,Kimi_Antonelli,335,340,336,2026-05-03,32.13368168952754,60.61571957326367,6,False
en.wikipedia,Kimi_Antonelli,356,359,357,2026-05-24,16.712997347480105,35.185259794026805,4,False
en.wikipedia,Jeffrey_Epstein,36,50,47,2025-07-18,24.44870008360871,159.8138173451315,15,False
en.wikipedia,Jeffrey_Epstein,52,53,53,2025-07-24,2.5512279536089886,2.5933288494540365,2,False
en.wikipedia,Jeffrey_Epstein,94,95,94,2025-09-03,2.485107682908202,2.7336184511990225,2,False
en.wikipedia,Jeffrey_Epstein,100,103,100,2025-09-09,4.188612169157144,9.995155776931341,4,False
en.wikipedia,Jeffrey_Epstein,139,139,139,2025-10-18,2.0874377155998465,1.0874377155998465,1,False
en.wikipedia,Jeffrey_Epstein,141,142,142,2025-10-21,2.1428229206592566,2.1674013031812955,2,False
en.wikipedia,Jeffrey_Epstein,152,153,152,2025-10-31,4.453942380591357,5.277399423855659,2,False
en.wikipedia,Jeffrey_Epstein,164,174,171,2025-11-19,7.684022741292786,46.366066561581476,11,False
en.wikipedia,Jeffrey_Epstein,186,186,186,2025-12-04,2.2402819656099746,1.2402819656099746,1,False
en.wikipedia,Jeffrey_Epstein,201,208,202,2025-12-20,11.616645020793158,39.4509496897218,8,False
en.wikipedia,Jeffrey_Epstein,244,257,249,2026-02-05,33.07319856285948,268.9795383487537,14,False
en.wikipedia,Keir_Starmer,57,58,57,2025-07-28,2.8321066242291626,3.3578727095577663,2,False
en.wikipedia,Keir_Starmer,96,96,96,2025-09-05,2.3809380183984317,1.3809380183984317,1,False
en.wikipedia,Keir_Starmer,102,102,102,2025-09-11,2.2732878324311603,1.2732878324311603,1,False
en.wikipedia,Keir_Starmer,109,109,109,2025-09-18,3.202312569936591,2.202312569936591,1,False
en.wikipedia,Keir_Starmer,249,249,249,2026-02-05,2.966044776119403,1.966044776119403,1,False
en.wikipedia,Keir_Starmer,252,254,253,2026-02-09,3.8086310736765836,5.754219352858872,3,False
en.wikipedia,Keir_Starmer,324,324,324,2026-04-21,2.203904827672798,1.203904827672798,1,False
en.wikipedia,Keir_Starmer,341,348,345,2026-05-12,6.162793750820533,21.453977610462577,8,False
en.wikipedia,Keir_Starmer,350,350,350,2026-05-17,2.0479619923833945,1.0479619923833945,1,False
en.wikipedia,David_Wilcock,31,32,31,2025-07-02,75.76923076923077,76.98717948717949,2,False
en.wikipedia,David_Wilcock,199,200,199,2025-12-17,5.668571428571428,5.7017205998421465,2,False
en.wikipedia,David_Wilcock,237,243,239,2026-01-26,10.934065934065934,21.32621792021068,7,False
en.wikipedia,David_Wilcock,324,337,325,2026-04-22,1549.967741935484,5643.012206460819,14,False
en.wikipedia,Aston_Villa_F.C.,76,76,76,2025-08-16,3.3535399230943224,2.3535399230943224,1,False
en.wikipedia,Aston_Villa_F.C.,91,93,93,2025-09-02,3.8253757284531233,7.000673353899112,3,False
en.wikipedia,Aston_Villa_F.C.,140,140,140,2025-10-19,2.087318087318087,1.0873180873180872,1,False
en.wikipedia,Aston_Villa_F.C.,147,147,147,2025-10-26,2.048278190411884,1.0482781904118839,1,False
en.wikipedia,Aston_Villa_F.C.,175,175,175,2025-11-23,2.298979804288986,1.2989798042889862,1,False
en.wikipedia,Aston_Villa_F.C.,188,189,188,2025-12-06,6.162601626016261,7.03044053696351,2,False
en.wikipedia,Aston_Villa_F.C.,203,204,203,2025-12-21,4.430210325047801,4.860147500682873,2,False
en.wikipedia,Aston_Villa_F.C.,209,210,209,2025-12-27,4.215437033154239,4.860954937504155,2,False
en.wikipedia,Aston_Villa_F.C.,212,212,212,2025-12-30,2.2832695338887636,1.2832695338887636,1,False
en.wikipedia,Aston_Villa_F.C.,231,231,231,2026-01-18,2.132845953002611,1.1328459530026112,1,False
en.wikipedia,Aston_Villa_F.C.,287,287,287,2026-03-15,2.1317584428547662,1.1317584428547662,1,False
en.wikipedia,Aston_Villa_F.C.,319,320,320,2026-04-17,2.4957400435902515,2.9134139092530216,2,False
en.wikipedia,Aston_Villa_F.C.,322,322,322,2026-04-19,2.5488408955815336,1.5488408955815336,1,False
en.wikipedia,Aston_Villa_F.C.,333,333,333,2026-04-30,2.1443266832917707,1.1443266832917707,1,False
en.wikipedia,Aston_Villa_F.C.,336,336,336,2026-05-03,2.2646971935007385,1.2646971935007385,1,False
en.wikipedia,Aston_Villa_F.C.,340,341,340,2026-05-07,5.4944598337950135,8.253739612188365,2,False
en.wikipedia,Aston_Villa_F.C.,348,349,348,2026-05-15,2.5948058497226425,2.916540595057993,2,False
en.wikipedia,Aston_Villa_F.C.,352,355,353,2026-05-20,20.81835795592153,37.354715040235504,4,False
en.wikipedia,Aston_Villa_F.C.,357,357,357,2026-05-24,2.212131961688542,1.212131961688542,1,False
en.wikipedia,Wellington_R._Burt,33,35,33,2025-07-04,8.5,11.9,3,False
en.wikipedia,Wellington_R._Burt,37,39,37,2025-07-08,6.3,7.776190476190476,3,False
en.wikipedia,Wellington_R._Burt,41,41,41,2025-07-12,2.9166666666666665,1.9166666666666665,1,False
en.wikipedia,Wellington_R._Burt,44,44,44,2025-07-15,2.4545454545454546,1.4545454545454546,1,False
en.wikipedia,Wellington_R._Burt,51,60,51,2025-07-22,39.03703703703704,82.26890639805183,10,False
en.wikipedia,Wellington_R._Burt,63,68,65,2025-08-05,30.70731707317073,91.37907680094469,6,False
en.wikipedia,Wellington_R._Burt,77,85,78,2025-08-18,9.36322869955157,30.499433077107334,9,False
en.wikipedia,Wellington_R._Burt,146,151,149,2025-10-28,16.46153846153846,38.42677292677293,6,False
en.wikipedia,Wellington_R._Burt,160,163,161,2025-11-09,6.44,13.16,4,False
en.wikipedia,Wellington_R._Burt,184,184,184,2025-12-02,3.1,2.1,1,False
en.wikipedia,Wellington_R._Burt,202,202,202,2025-12-20,3.7037037037037037,2.7037037037037037,1,False
en.wikipedia,Wellington_R._Burt,204,206,204,2025-12-22,8.928571428571429,13.764935064935065,3,False
en.wikipedia,Wellington_R._Burt,208,208,208,2025-12-26,3.526315789473684,2.526315789473684,1,False
en.wikipedia,Wellington_R._Burt,211,215,212,2025-12-30,6.4186046511627906,17.51232004429679,5,False
en.wikipedia,Wellington_R._Burt,225,226,225,2026-01-12,4.178571428571429,4.745238095238095,2,False
en.wikipedia,Wellington_R._Burt,270,272,270,2026-02-26,7.538461538461538,11.538461538461538,3,False
en.wikipedia,Wellington_R._Burt,290,303,291,2026-03-19,4757.928571428572,5247.205463372715,14,False
en.wikipedia,Wellington_R._Burt,330,330,330,2026-04-27,4.783783783783784,3.783783783783784,1,False
en.wikipedia,Brenda_Swinbank,34,34,34,2025-07-05,2.3333333333333335,1.3333333333333335,1,False
en.wikipedia,Brenda_Swinbank,85,86,85,2025-08-25,2.4615384615384617,2.4615384615384617,2,False
en.wikipedia,Brenda_Swinbank,134,134,134,2025-10-13,2.4285714285714284,1.4285714285714284,1,False
en.wikipedia,Brenda_Swinbank,138,140,138,2025-10-17,3.2,4.733333333333333,3,False
en.wikipedia,Brenda_Swinbank,148,149,148,2025-10-27,4.555555555555555,4.555555555555555,2,False
en.wikipedia,Brenda_Swinbank,187,190,189,2025-12-07,9.157894736842104,18.08020050125313,4,False
en.wikipedia,Brenda_Swinbank,196,196,196,2025-12-14,2.1904761904761907,1.1904761904761907,1,False
en.wikipedia,Brenda_Swinbank,215,220,218,2026-01-05,16.4,37.3,6,False
en.wikipedia,Brenda_Swinbank,241,241,241,2026-01-28,2.08,1.08,1,False
en.wikipedia,Brenda_Swinbank,246,247,246,2026-02-02,2.96,3.36,2,False
en.wikipedia,Brenda_Swinbank,256,257,256,2026-02-12,2.962962962962963,3.0319284802043422,2,False
en.wikipedia,Brenda_Swinbank,263,263,263,2026-02-19,2.0,1.0,1,False
en.wikipedia,Brenda_Swinbank,279,280,279,2026-03-07,3.4,4.199999999999999,2,False
en.wikipedia,Brenda_Swinbank,283,283,283,2026-03-11,2.5,1.5,1,False
en.wikipedia,Brenda_Swinbank,300,302,300,2026-03-28,6615.333333333333,6639.001754385965,3,False
en.wikipedia,Brenda_Swinbank,319,319,319,2026-04-16,3.3333333333333335,2.3333333333333335,1,False
en.wikipedia,Brenda_Swinbank,324,324,324,2026-04-21,3.7777777777777777,2.7777777777777777,1,False
en.wikipedia,Brenda_Swinbank,326,326,326,2026-04-23,3.5,2.5,1,False
en.wikipedia,Brenda_Swinbank,336,336,336,2026-05-03,2.857142857142857,1.8571428571428572,1,False
en.wikipedia,Brenda_Swinbank,360,369,362,2026-05-29,11.666666666666666,39.07142857142857,10,False
ja.wikipedia,細木数子,55,55,55,2025-07-26,2.08,1.08,1,False
ja.wikipedia,細木数子,69,69,69,2025-08-09,2.6016483516483517,1.6016483516483517,1,False
ja.wikipedia,細木数子,79,80,79,2025-08-19,15.263279445727482,15.975793538173932,2,False
ja.wikipedia,細木数子,103,112,103,2025-09-12,96.8175965665236,162.3754948050269,10,False
ja.wikipedia,細木数子,161,161,161,2025-11-09,2.4028950542822676,1.4028950542822676,1,False
ja.wikipedia,細木数子,164,164,164,2025-11-12,2.2171290711700844,1.2171290711700844,1,False
ja.wikipedia,細木数子,198,202,198,2025-12-16,4.501210653753026,11.928964498911629,5,False
ja.wikipedia,細木数子,213,215,214,2026-01-01,16.395744680851063,18.733372845264455,3,False
ja.wikipedia,細木数子,232,245,233,2026-01-20,118.0530035335689,315.54797660561684,14,False
ja.wikipedia,細木数子,278,281,279,2026-03-07,11.753513513513514,23.46054054054054,4,False
ja.wikipedia,細木数子,287,288,287,2026-03-15,6.2994594594594595,6.323243243243244,2,False
ja.wikipedia,細木数子,297,300,297,2026-03-25,21.884836852207293,35.188221648645374,4,False
ja.wikipedia,細木数子,317,319,318,2026-04-15,5.408318264014467,9.58889884894184,3,False
ja.wikipedia,細木数子,321,321,321,2026-04-18,2.3882716049382715,1.3882716049382715,1,False
ja.wikipedia,細木数子,327,343,332,2026-04-29,95.15646800877018,595.397995553414,17,False
ja.wikipedia,小泉八雲,33,37,34,2025-07-05,4.935763097949886,11.046022966684117,5,False
ja.wikipedia,小泉八雲,39,39,39,2025-07-10,7.079443079443079,6.079443079443079,1,False
ja.wikipedia,小泉八雲,59,62,60,2025-07-31,6.022962112514351,11.34481438959051,4,False
ja.wikipedia,小泉八雲,64,64,64,2025-08-04,2.309988518943743,1.3099885189437428,1,False
ja.wikipedia,小泉八雲,66,71,70,2025-08-10,3.5147340221967087,10.69804822043628,6,False
ja.wikipedia,小泉八雲,74,74,74,2025-08-14,2.0474209650582362,1.0474209650582362,1,False
ja.wikipedia,小泉八雲,78,80,80,2025-08-20,4.241875332978156,7.1226856078198,3,False
ja.wikipedia,小泉八雲,86,87,86,2025-08-26,3.8940514945250073,4.195618979613092,2,False
ja.wikipedia,小泉八雲,94,94,94,2025-09-03,2.6052060737527114,1.6052060737527114,1,False
ja.wikipedia,小泉八雲,111,111,111,2025-09-20,2.165752589884217,1.165752589884217,1,False
ja.wikipedia,小泉八雲,113,128,120,2025-09-29,25.04920686306248,117.1199794822218,16,False
ja.wikipedia,小泉八雲,192,192,192,2025-12-10,2.0493642948179924,1.0493642948179924,1,False
ja.wikipedia,小泉八雲,213,213,213,2025-12-31,4.451219107646376,3.4512191076463763,1,False
ja.wikipedia,小泉八雲,249,250,250,2026-02-06,3.0775294561616837,3.119963101178246,2,False
ja.wikipedia,小泉八雲,253,257,257,2026-02-13,2.9338022341745966,8.750775692181222,5,False
ja.wikipedia,小泉八雲,275,278,277,2026-03-05,2.3079626521191776,4.777950537343107,4,False
ja.wikipedia,小泉八雲,284,285,285,2026-03-13,2.339192351740278,2.6106159438330927,2,False
ja.wikipedia,小泉八雲,287,292,288,2026-03-16,4.666870175744625,13.979610278947703,6,False
ja.wikipedia,小泉八雲,295,296,296,2026-03-24,2.318024207581949,2.5611426744809034,2,False
ja.wikipedia,小泉八雲,337,337,337,2026-05-04,5.7260316962184215,4.7260316962184215,1,False
ja.wikipedia,小泉八雲,351,351,351,2026-05-18,2.059105431309904,1.059105431309904,1,False
ja.wikipedia,小泉八雲,367,367,367,2026-06-03,13.09558508358337,12.09558508358337,1,False
ja.wikipedia,藤原貴弘,54,54,54,2025-07-25,2.0930232558139537,1.0930232558139537,1,False
ja.wikipedia,藤原貴弘,72,79,72,2025-08-12,21.927272727272726,67.56479429433074,8,False
ja.wikipedia,藤原貴弘,81,81,81,2025-08-21,2.63768115942029,1.63768115942029,1,False
ja.wikipedia,藤原貴弘,84,85,84,2025-08-24,2.7733333333333334,3.37859649122807,2,False
ja.wikipedia,藤原貴弘,91,91,91,2025-08-31,2.113821138211382,1.113821138211382,1,False
ja.wikipedia,藤原貴弘,174,174,174,2025-11-22,2.2823529411764705,1.2823529411764705,1,False
ja.wikipedia,藤原貴弘,189,189,189,2025-12-07,2.247787610619469,1.247787610619469,1,False
ja.wikipedia,藤原貴弘,354,368,354,2026-05-21,9892.473684210527,11509.518325065634,15,False
ja.wikipedia,アリー・ハーメネイー,183,185,183,2025-12-01,4.701570680628272,6.278890268257138,3,False
ja.wikipedia,アリー・ハーメネイー,193,193,193,2025-12-11,2.17,1.17,1,False
ja.wikipedia,アリー・ハーメネイー,215,231,222,2026-01-09,55.961722488038276,391.6029192815078,17,False
ja.wikipedia,アリー・ハーメネイー,263,264,263,2026-02-19,2.067146282973621,2.0863309352517985,2,False
ja.wikipedia,アリー・ハーメネイー,266,267,267,2026-02-23,2.5419664268585134,2.810551558752998,2,False
ja.wikipedia,アリー・ハーメネイー,269,285,273,2026-03-01,1495.9760191846524,2722.4098642179047,17,False
ja.wikipedia,橋本甜歌,40,40,40,2025-07-11,3.758490566037736,2.758490566037736,1,False
ja.wikipedia,橋本甜歌,52,56,53,2025-07-24,4.480697384806974,11.709838107098381,5,False
ja.wikipedia,橋本甜歌,58,59,59,2025-07-30,2.512280701754386,2.865508472765348,2,False
ja.wikipedia,橋本甜歌,61,61,61,2025-08-01,3.033464566929134,2.033464566929134,1,False
ja.wikipedia,橋本甜歌,64,64,64,2025-08-04,5.23489932885906,4.23489932885906,1,False
ja.wikipedia,橋本甜歌,119,119,119,2025-09-28,2.020876826722338,1.020876826722338,1,False
ja.wikipedia,橋本甜歌,161,162,161,2025-11-09,2.0508982035928143,2.0808383233532934,2,False
ja.wikipedia,橋本甜歌,168,168,168,2025-11-16,2.0759878419452886,1.0759878419452886,1,False
ja.wikipedia,橋本甜歌,218,218,218,2026-01-05,3.9592430858806407,2.9592430858806407,1,False
ja.wikipedia,橋本甜歌,248,248,248,2026-02-04,2.0110650069156293,1.0110650069156293,1,False
ja.wikipedia,橋本甜歌,290,294,291,2026-03-19,8.636887608069165,18.573540100200685,5,False
ja.wikipedia,橋本甜歌,300,310,300,2026-03-28,377.67336683417085,572.6523962182006,11,False
ja.wikipedia,橋本甜歌,323,325,324,2026-04-21,3.6500116198001393,5.068369187350978,3,False
ja.wikipedia,橋本甜歌,337,337,337,2026-05-04,2.088501291989664,1.088501291989664,1,False
ja.wikipedia,橋本甜歌,370,370,370,2026-06-06,2.3130434782608695,1.3130434782608695,1,False
ja.wikipedia,トリカブト保険金殺人事件,63,63,63,2025-08-03,10.512195121951219,9.512195121951219,1,False
ja.wikipedia,トリカブト保険金殺人事件,79,79,79,2025-08-19,2.2986666666666666,1.2986666666666666,1,False
ja.wikipedia,トリカブト保険金殺人事件,117,117,117,2025-09-26,2.656934306569343,1.656934306569343,1,False
ja.wikipedia,トリカブト保険金殺人事件,244,244,244,2026-01-31,2.7450980392156863,1.7450980392156863,1,False
ja.wikipedia,トリカブト保険金殺人事件,248,248,248,2026-02-04,4.426751592356688,3.4267515923566876,1,False
ja.wikipedia,トリカブト保険金殺人事件,257,257,257,2026-02-13,2.0638297872340425,1.0638297872340425,1,False
ja.wikipedia,トリカブト保険金殺人事件,279,279,279,2026-03-07,4.394117647058824,3.394117647058824,1,False
ja.wikipedia,トリカブト保険金殺人事件,307,310,307,2026-04-04,22.695652173913043,32.0,4,False
ja.wikipedia,トリカブト保険金殺人事件,344,357,345,2026-05-12,668.442396313364,830.1038168350681,14,False
ja.wikipedia,プラダを着た悪魔,51,51,51,2025-07-22,2.0485611510791366,1.0485611510791366,1,False
ja.wikipedia,プラダを着た悪魔,53,56,54,2025-07-25,3.46513680494263,6.663361196199574,4,False
ja.wikipedia,プラダを着た悪魔,58,63,63,2025-08-03,3.1440397350993377,9.526126680301852,6,False
ja.wikipedia,プラダを着た悪魔,165,177,165,2025-11-13,12.165289256198347,51.5033625382676,13,False
ja.wikipedia,プラダを着た悪魔,246,252,246,2026-02-02,6.520924422236102,19.50586446957112,7,False
ja.wikipedia,プラダを着た悪魔,255,255,255,2026-02-11,2.495187165775401,1.495187165775401,1,False
ja.wikipedia,プラダを着た悪魔,274,275,274,2026-03-02,7.996101364522417,8.112410656270306,2,False
ja.wikipedia,プラダを着た悪魔,285,286,285,2026-03-13,2.192740122068744,2.33322303207188,2,False
ja.wikipedia,プラダを着た悪魔,309,311,310,2026-04-07,2.61139896373057,4.047241694605303,3,False
ja.wikipedia,プラダを着た悪魔,319,322,320,2026-04-17,4.0168359941944844,7.976914342223315,4,False
ja.wikipedia,プラダを着た悪魔,326,339,327,2026-04-24,47.89659006671609,90.29169480799168,14,False
ja.wikipedia,周東佑京,52,55,52,2025-07-23,15.758380771663504,26.910287949314604,4,False
ja.wikipedia,周東佑京,59,60,59,2025-07-30,3.088302752293578,3.5940366972477067,2,False
ja.wikipedia,周東佑京,63,63,63,2025-08-03,2.0863860032804813,1.0863860032804813,1,False
ja.wikipedia,周東佑京,118,118,118,2025-09-27,2.0740337506804574,1.0740337506804574,1,False
ja.wikipedia,周東佑京,135,136,136,2025-10-15,3.3611491108071134,3.9503723438372043,2,False
ja.wikipedia,周東佑京,138,144,141,2025-10-20,8.212681638044915,24.117468164087523,7,False
ja.wikipedia,周東佑京,146,152,147,2025-10-26,40.71043256997456,90.42949374671623,7,False
ja.wikipedia,周東佑京,179,179,179,2025-11-27,2.345004269854825,1.345004269854825,1,False
ja.wikipedia,周東佑京,210,210,210,2025-12-28,2.1991902834008097,1.1991902834008097,1,False
ja.wikipedia,周東佑京,224,224,224,2026-01-11,2.1020408163265305,1.1020408163265305,1,False
ja.wikipedia,周東佑京,229,231,229,2026-01-16,3.8696369636963697,5.73099608219639,3,False
ja.wikipedia,周東佑京,236,241,236,2026-01-23,55.62412993039443,74.4417453146561,6,False
ja.wikipedia,周東佑京,245,245,245,2026-02-01,2.865989847715736,1.8659898477157362,1,False
ja.wikipedia,周東佑京,248,248,248,2026-02-04,3.614190687361419,2.614190687361419,1,False
ja.wikipedia,周東佑京,266,267,267,2026-02-23,2.654527061203844,3.2665655032878096,2,False
ja.wikipedia,周東佑京,271,286,282,2026-03-10,88.74443591711434,286.0583655110098,16,False
ja.wikipedia,周東佑京,343,344,343,2026-05-10,19.283194057567318,21.934076137418757,2,False
ja.wikipedia,周東佑京,361,361,361,2026-05-28,2.2017241379310346,1.2017241379310346,1,False
ja.wikipedia,海街diary_(映画),61,61,61,2025-08-01,6.105263157894737,5.105263157894737,1,False
ja.wikipedia,海街diary_(映画),91,91,91,2025-08-31,3.7906976744186047,2.7906976744186047,1,False
ja.wikipedia,海街diary_(映画),138,138,138,2025-10-17,2.713924050632911,1.7139240506329112,1,False
ja.wikipedia,海街diary_(映画),184,185,185,2025-12-03,4.698492462311558,5.341708542713568,2,False
ja.wikipedia,海街diary_(映画),214,214,214,2026-01-01,3.618811881188119,2.618811881188119,1,False
ja.wikipedia,海街diary_(映画),248,248,248,2026-02-04,3.3784615384615386,2.3784615384615386,1,False
ja.wikipedia,海街diary_(映画),285,286,285,2026-03-13,5.13782991202346,5.872523789574481,2,False
ja.wikipedia,海街diary_(映画),303,303,303,2026-03-31,4.37465564738292,3.3746556473829203,1,False
ja.wikipedia,海街diary_(映画),350,350,350,2026-05-17,2.6412556053811658,1.6412556053811658,1,False
ja.wikipedia,海街diary_(映画),356,371,363,2026-05-30,194.19527559055118,265.90465156601766,16,False
ja.wikipedia,豊臣秀長,62,62,62,2025-08-02,2.3288958496476115,1.3288958496476115,1,False
ja.wikipedia,豊臣秀長,129,129,129,2025-10-08,2.8302094818081587,1.8302094818081587,1,False
ja.wikipedia,豊臣秀長,133,133,133,2025-10-12,2.0405549626467447,1.0405549626467447,1,False
ja.wikipedia,豊臣秀長,140,140,140,2025-10-19,3.828781512605042,2.828781512605042,1,False
ja.wikipedia,豊臣秀長,159,159,159,2025-11-07,5.339021104625056,4.339021104625056,1,False
ja.wikipedia,豊臣秀長,183,185,184,2025-12-02,3.367612687813022,4.834201342709495,3,False
ja.wikipedia,豊臣秀長,189,192,191,2025-12-09,2.8576653459311188,6.099000440144637,4,False
ja.wikipedia,豊臣秀長,196,198,196,2025-12-14,5.64757281553398,8.312638268957771,3,False
ja.wikipedia,豊臣秀長,210,226,217,2026-01-04,37.87402088772846,141.599656059601,17,False
ja.wikipedia,豊臣秀長,231,231,231,2026-01-18,3.4102228948816733,2.4102228948816733,1,False
ja.wikipedia,豊臣秀長,238,238,238,2026-01-25,2.236063072227874,1.236063072227874,1,False
ja.wikipedia,豊臣秀長,259,259,259,2026-02-15,2.5800789820096535,1.5800789820096535,1,False
ja.wikipedia,豊臣秀長,266,267,266,2026-02-22,5.880002905498656,6.825161618362751,2,False
ja.wikipedia,豊臣秀長,273,275,273,2026-03-01,12.761492142752239,17.13056249082097,3,False
ja.wikipedia,豊臣秀長,280,280,280,2026-03-08,3.796801505174036,2.796801505174036,1,False
ja.wikipedia,豊臣秀長,301,303,301,2026-03-29,10.772830569817355,15.398451308812389,3,False
ja.wikipedia,豊臣秀長,308,310,308,2026-04-05,12.298317994287528,16.43494128847985,3,False
ja.wikipedia,豊臣秀長,315,315,315,2026-04-12,2.024702897583122,1.024702897583122,1,False
ja.wikipedia,豊臣秀長,322,322,322,2026-04-19,2.0953175112251445,1.0953175112251445,1,False
ja.wikipedia,豊臣秀長,329,329,329,2026-04-26,2.7344041837878224,1.7344041837878224,1,False
ja.wikipedia,豊臣秀長,343,344,343,2026-05-10,6.33717277486911,7.475634313330648,2,False
ja.wikipedia,豊臣秀長,350,352,350,2026-05-17,18.812561782373965,26.045395787392597,3,False
ja.wikipedia,豊臣秀長,356,356,356,2026-05-23,2.043453107925693,1.0434531079256928,1,False
ja.wikipedia,豊臣秀長,364,364,364,2026-05-31,2.3220517915916288,1.3220517915916288,1,False
ja.wikipedia,九条の大罪,64,65,65,2025-08-05,2.4939759036144578,2.5542168674698793,2,False
ja.wikipedia,九条の大罪,140,149,141,2025-10-20,51.381443298969074,90.22969328428324,10,False
ja.wikipedia,九条の大罪,151,154,151,2025-10-30,3.106918238993711,6.417675101301432,4,False
ja.wikipedia,九条の大罪,233,233,233,2026-01-20,2.34297520661157,1.34297520661157,1,False
ja.wikipedia,九条の大罪,238,245,239,2026-01-26,33.78927911275416,65.42473559356057,8,False
ja.wikipedia,九条の大罪,249,249,249,2026-02-05,2.0539682539682538,1.0539682539682538,1,False
ja.wikipedia,九条の大罪,278,278,278,2026-03-06,2.558252427184466,1.558252427184466,1,False
ja.wikipedia,九条の大罪,280,280,280,2026-03-08,3.808252427184466,2.808252427184466,1,False
ja.wikipedia,九条の大罪,282,282,282,2026-03-10,2.0194174757281553,1.0194174757281553,1,False
ja.wikipedia,九条の大罪,285,285,285,2026-03-13,3.543558282208589,2.543558282208589,1,False
ja.wikipedia,九条の大罪,291,292,291,2026-03-19,5.220338983050848,6.342394657569049,2,False
ja.wikipedia,九条の大罪,295,299,295,2026-03-23,16.319919517102615,29.8907650126289,5,False
ja.wikipedia,九条の大罪,305,318,307,2026-04-04,51.276119402985074,325.83229110826153,14,False
ja.wikipedia,山本祐大,33,33,33,2025-07-04,2.397163120567376,1.397163120567376,1,False
ja.wikipedia,山本祐大,35,35,35,2025-07-06,2.279863481228669,1.279863481228669,1,False
ja.wikipedia,山本祐大,61,62,61,2025-08-01,2.4671916010498687,2.9081364829396326,2,False
ja.wikipedia,山本祐大,66,66,66,2025-08-06,2.2992125984251968,1.2992125984251968,1,False
ja.wikipedia,山本祐大,68,69,69,2025-08-09,2.449275362318841,2.8405797101449277,2,False
ja.wikipedia,山本祐大,73,73,73,2025-08-13,2.320185614849188,1.320185614849188,1,False
ja.wikipedia,山本祐大,75,76,75,2025-08-15,4.388059701492537,5.721393034825871,2,False
ja.wikipedia,山本祐大,87,87,87,2025-08-27,2.0413122721749697,1.0413122721749697,1,False
ja.wikipedia,山本祐大,93,93,93,2025-09-02,3.3,2.3,1,False
ja.wikipedia,山本祐大,102,103,102,2025-09-11,5.195238095238095,5.307518796992481,2,False
ja.wikipedia,山本祐大,114,114,114,2025-09-23,2.2056338028169016,1.2056338028169016,1,False
ja.wikipedia,山本祐大,117,117,117,2025-09-26,2.3197674418604652,1.3197674418604652,1,False
ja.wikipedia,山本祐大,130,130,130,2025-10-09,3.048421052631579,2.048421052631579,1,False
ja.wikipedia,山本祐大,133,133,133,2025-10-12,7.802631578947368,6.802631578947368,1,False
ja.wikipedia,山本祐大,136,138,136,2025-10-15,8.387368421052631,15.36984239829785,3,False
ja.wikipedia,山本祐大,184,185,184,2025-12-02,5.570149253731343,5.627455843989223,2,False
ja.wikipedia,山本祐大,221,222,221,2026-01-08,14.258373205741627,15.638654895882471,2,False
ja.wikipedia,山本祐大,224,224,224,2026-01-11,2.3255813953488373,1.3255813953488373,1,False
ja.wikipedia,山本祐大,232,232,232,2026-01-19,2.072398190045249,1.072398190045249,1,False
ja.wikipedia,山本祐大,240,240,240,2026-01-27,2.361111111111111,1.3611111111111112,1,False
ja.wikipedia,山本祐大,248,249,248,2026-02-04,3.9934210526315788,4.312909870522953,2,False
ja.wikipedia,山本祐大,260,260,260,2026-02-16,2.8248175182481754,1.8248175182481754,1,False
ja.wikipedia,山本祐大,301,301,301,2026-03-29,2.024,1.024,1,False
ja.wikipedia,山本祐大,303,308,304,2026-04-01,16.312,36.96693316293351,6,False
ja.wikipedia,山本祐大,311,311,311,2026-04-08,3.640449438202247,2.640449438202247,1,False
ja.wikipedia,山本祐大,320,320,320,2026-04-17,3.8187919463087248,2.8187919463087248,1,False
ja.wikipedia,山本祐大,324,324,324,2026-04-21,4.933025404157044,3.9330254041570436,1,False
ja.wikipedia,山本祐大,333,333,333,2026-04-30,2.221218961625282,1.221218961625282,1,False
ja.wikipedia,山本祐大,343,343,343,2026-05-10,2.1952983725135624,1.1952983725135624,1,False
ja.wikipedia,山本祐大,345,358,345,2026-05-12,442.78892733564015,734.8227686108759,14,False
ja.wikipedia,山本祐大,361,361,361,2026-05-28,2.4562055091303003,1.4562055091303003,1,False
ja.wikipedia,警察庁長官狙撃事件,59,59,59,2025-07-30,2.0806451612903225,1.0806451612903225,1,False
ja.wikipedia,警察庁長官狙撃事件,118,119,118,2025-09-27,7.244897959183674,8.095704410796577,2,False
ja.wikipedia,警察庁長官狙撃事件,125,126,125,2025-10-04,7.871212121212121,8.716131907308377,2,False
ja.wikipedia,警察庁長官狙撃事件,132,132,132,2025-10-11,3.014705882352941,2.014705882352941,1,False
ja.wikipedia,警察庁長官狙撃事件,181,182,181,2025-11-29,7.419141914191419,7.768976897689769,2,False
ja.wikipedia,警察庁長官狙撃事件,184,184,184,2025-12-02,2.396039603960396,1.396039603960396,1,False
ja.wikipedia,警察庁長官狙撃事件,188,189,188,2025-12-06,6.370994940978077,6.600337268128161,2,False
ja.wikipedia,警察庁長官狙撃事件,191,191,191,2025-12-09,2.003338898163606,1.003338898163606,1,False
ja.wikipedia,警察庁長官狙撃事件,275,275,275,2026-03-03,6.701680672268908,5.701680672268908,1,False
ja.wikipedia,警察庁長官狙撃事件,281,292,282,2026-03-10,379.1329479768786,469.6463550578295,12,False
ja.wikipedia,警察庁長官狙撃事件,302,302,302,2026-03-30,3.5246422893481717,2.5246422893481717,1,False
ja.wikipedia,警察庁長官狙撃事件,329,329,329,2026-04-26,4.528925619834711,3.5289256198347108,1,False
ja.wikipedia,警察庁長官狙撃事件,339,340,339,2026-05-06,7.6114790286975715,12.551876379690949,2,False
ja.wikipedia,HIMARI_(ヴァイオリニスト),46,46,46,2025-07-17,4.997497914929108,3.9974979149291077,1,False
ja.wikipedia,HIMARI_(ヴァイオリニスト),183,183,183,2025-12-01,2.68188302425107,1.68188302425107,1,False
ja.wikipedia,HIMARI_(ヴァイオリニスト),251,251,251,2026-02-07,6.58753709198813,5.58753709198813,1,False
ja.wikipedia,HIMARI_(ヴァイオリニスト),275,275,275,2026-03-03,2.402898550724638,1.4028985507246379,1,False
ja.wikipedia,HIMARI_(ヴァイオリニスト),278,283,278,2026-03-06,148.41702127659573,200.09805864327802,6,False
ja.wikipedia,HIMARI_(ヴァイオリニスト),285,287,286,2026-03-14,4.430493273542601,6.807109245543874,3,False
ja.wikipedia,HIMARI_(ヴァイオリニスト),293,297,293,2026-03-21,49.23224852071006,66.09679802236936,5,False
ja.wikipedia,HIMARI_(ヴァイオリニスト),326,326,326,2026-04-23,2.109470026064292,1.109470026064292,1,False
ja.wikipedia,HIMARI_(ヴァイオリニスト),329,329,329,2026-04-26,2.2589052997393573,1.2589052997393573,1,False
ja.wikipedia,HIMARI_(ヴァイオリニスト),334,343,336,2026-05-03,151.46985962014864,256.3157886007183,10,False
ja.wikipedia,かむながらのみち,38,38,38,2025-07-09,8.844444444444445,7.844444444444445,1,False
ja.wikipedia,かむながらのみち,47,47,47,2025-07-18,2.5942028985507246,1.5942028985507246,1,False
ja.wikipedia,かむながらのみち,66,66,66,2025-08-06,4.764044943820225,3.764044943820225,1,False
ja.wikipedia,かむながらのみち,68,71,69,2025-08-09,9.215469613259668,14.069664934659656,4,False
ja.wikipedia,かむながらのみち,74,74,74,2025-08-14,2.5688073394495414,1.5688073394495414,1,False
ja.wikipedia,かむながらのみち,132,132,132,2025-10-11,2.3311258278145695,1.3311258278145695,1,False
ja.wikipedia,かむながらのみち,137,137,137,2025-10-16,2.185430463576159,1.185430463576159,1,False
ja.wikipedia,かむながらのみち,139,139,139,2025-10-18,2.8,1.7999999999999998,1,False
ja.wikipedia,かむながらのみち,146,148,146,2025-10-25,4.54,7.196650717703349,3,False
ja.wikipedia,かむながらのみち,174,176,174,2025-11-22,7.68780487804878,10.2,3,False
ja.wikipedia,かむながらのみち,180,182,181,2025-11-29,7.092682926829268,11.565853658536586,3,False
ja.wikipedia,かむながらのみち,192,192,192,2025-12-10,2.863013698630137,1.8630136986301369,1,False
ja.wikipedia,かむながらのみち,208,208,208,2025-12-26,4.879518072289157,3.879518072289157,1,False
ja.wikipedia,かむながらのみち,221,221,221,2026-01-08,2.032051282051282,1.032051282051282,1,False
ja.wikipedia,かむながらのみち,227,227,227,2026-01-14,2.4,1.4,1,False
ja.wikipedia,かむながらのみち,252,252,252,2026-02-08,5.462686567164179,4.462686567164179,1,False
ja.wikipedia,かむながらのみち,275,279,275,2026-03-03,6.397058823529412,13.798811191143123,5,False
ja.wikipedia,かむながらのみち,282,283,282,2026-03-10,5.829931972789115,6.650270955839963,2,False
ja.wikipedia,かむながらのみち,286,286,286,2026-03-14,7.118421052631579,6.118421052631579,1,False
ja.wikipedia,かむながらのみち,288,288,288,2026-03-16,5.684887459807074,4.684887459807074,1,False
ja.wikipedia,かむながらのみち,318,331,319,2026-04-16,734.7286821705426,1363.6371103771594,14,False
ja.wikipedia,慈雲院_(豊臣秀長室),129,130,129,2025-10-08,4.733333333333333,5.204878048780488,2,False
ja.wikipedia,慈雲院_(豊臣秀長室),133,133,133,2025-10-12,2.125984251968504,1.1259842519685042,1,False
ja.wikipedia,慈雲院_(豊臣秀長室),140,140,140,2025-10-19,3.820689655172414,2.820689655172414,1,False
ja.wikipedia,慈雲院_(豊臣秀長室),143,144,143,2025-10-22,3.6533333333333333,4.150065359477124,2,False
ja.wikipedia,慈雲院_(豊臣秀長室),159,159,159,2025-11-07,3.6,2.6,1,False
ja.wikipedia,慈雲院_(豊臣秀長室),167,168,167,2025-11-15,3.9877300613496933,4.6424919661115975,2,False
ja.wikipedia,慈雲院_(豊臣秀長室),174,174,174,2025-11-22,2.4285714285714284,1.4285714285714284,1,False
ja.wikipedia,慈雲院_(豊臣秀長室),176,176,176,2025-11-24,2.134831460674157,1.1348314606741572,1,False
ja.wikipedia,慈雲院_(豊臣秀長室),183,186,184,2025-12-02,9.11737089201878,20.29297512996161,4,False
ja.wikipedia,慈雲院_(豊臣秀長室),189,189,189,2025-12-07,2.816793893129771,1.8167938931297711,1,False
ja.wikipedia,慈雲院_(豊臣秀長室),191,192,191,2025-12-09,3.37123745819398,3.5948399426660296,2,False
ja.wikipedia,慈雲院_(豊臣秀長室),196,199,196,2025-12-14,5.611510791366906,12.5337703438528,4,False
ja.wikipedia,慈雲院_(豊臣秀長室),202,203,202,2025-12-20,2.7104722792607805,3.087232842641062,2,False
ja.wikipedia,慈雲院_(豊臣秀長室),210,211,210,2025-12-28,2.4876847290640396,2.779922171986414,2,False
ja.wikipedia,慈雲院_(豊臣秀長室),213,228,217,2026-01-04,91.31095755182626,307.6506926759424,16,False
ja.wikipedia,慈雲院_(豊臣秀長室),230,232,231,2026-01-18,5.739357614876287,8.240383142989257,3,False
ja.wikipedia,慈雲院_(豊臣秀長室),238,238,238,2026-01-25,2.0368493781667434,1.0368493781667434,1,False
ja.wikipedia,慈雲院_(豊臣秀長室),259,259,259,2026-02-15,3.5927209705372616,2.5927209705372616,1,False
ja.wikipedia,慈雲院_(豊臣秀長室),266,268,266,2026-02-22,14.53641545281824,20.943001899936668,3,False
ja.wikipedia,慈雲院_(豊臣秀長室),270,270,270,2026-02-26,2.3280557314756174,1.3280557314756174,1,False
ja.wikipedia,慈雲院_(豊臣秀長室),272,276,273,2026-03-01,33.5621266427718,52.05256869772998,5,False
ja.wikipedia,慈雲院_(豊臣秀長室),279,280,280,2026-03-08,4.388211382113822,4.964713082151601,2,False
ja.wikipedia,慈雲院_(豊臣秀長室),301,304,301,2026-03-29,25.73574102620568,39.348161197974015,4,False
ja.wikipedia,慈雲院_(豊臣秀長室),307,311,308,2026-04-05,32.104677519060374,52.69668246445497,5,False
ja.wikipedia,慈雲院_(豊臣秀長室),314,315,314,2026-04-11,2.8724653148345785,2.8768251129070888,2,False
ja.wikipedia,慈雲院_(豊臣秀長室),343,344,343,2026-05-10,7.288303841173931,9.036685369011654,2,False
ja.wikipedia,慈雲院_(豊臣秀長室),350,353,350,2026-05-17,34.00531679220204,48.373504652193176,4,False
ja.wikipedia,慈雲院_(豊臣秀長室),356,357,356,2026-05-23,3.5925529638347955,3.716117320270439,2,False
ja.wikipedia,イラン,68,68,68,2025-08-08,2.026639344262295,1.026639344262295,1,False
ja.wikipedia,イラン,119,119,119,2025-09-28,2.021390374331551,1.0213903743315509,1,False
ja.wikipedia,イラン,183,183,183,2025-12-01,2.743801652892562,1.7438016528925622,1,False
ja.wikipedia,イラン,215,215,215,2026-01-02,2.036847492323439,1.0368474923234392,1,False
ja.wikipedia,イラン,218,231,224,2026-01-11,20.69838056680162,125.31058719295353,14,False
ja.wikipedia,イラン,263,263,263,2026-02-19,2.2965668371073775,1.2965668371073775,1,False
ja.wikipedia,イラン,269,270,269,2026-02-25,2.6401137980085347,3.0099573257467993,2,False
ja.wikipedia,イラン,272,285,273,2026-03-01,108.32567849686848,367.1900084424706,14,False
ja.wikipedia,アン・ハサウェイ,59,59,59,2025-07-30,2.226906385616863,1.226906385616863,1,False
ja.wikipedia,アン・ハサウェイ,63,63,63,2025-08-03,2.6415500538213132,1.6415500538213132,1,False
ja.wikipedia,アン・ハサウェイ,81,81,81,2025-08-21,3.04421768707483,2.04421768707483,1,False
ja.wikipedia,アン・ハサウェイ,165,168,165,2025-11-13,3.3240857503152585,6.308788161260223,4,False
ja.wikipedia,アン・ハサウェイ,204,204,204,2025-12-22,5.7817225509533205,4.7817225509533205,1,False
ja.wikipedia,アン・ハサウェイ,223,223,223,2026-01-10,2.2018970189701896,1.2018970189701896,1,False
ja.wikipedia,アン・ハサウェイ,246,248,246,2026-02-02,3.0476190476190474,6.030261205482252,3,False
ja.wikipedia,アン・ハサウェイ,250,253,252,2026-02-08,2.3747044917257685,4.890038975145359,4,False
ja.wikipedia,アン・ハサウェイ,255,255,255,2026-02-11,2.163075131042516,1.163075131042516,1,False
ja.wikipedia,アン・ハサウェイ,274,274,274,2026-03-02,4.935367322360498,3.9353673223604977,1,False
ja.wikipedia,アン・ハサウェイ,283,283,283,2026-03-11,2.1258445945945947,1.1258445945945947,1,False
ja.wikipedia,アン・ハサウェイ,309,312,310,2026-04-07,4.625844930417495,9.553741279776252,4,False
ja.wikipedia,アン・ハサウェイ,314,314,314,2026-04-11,2.540755467196819,1.5407554671968189,1,False
ja.wikipedia,アン・ハサウェイ,320,320,320,2026-04-17,2.205511811023622,1.205511811023622,1,False
ja.wikipedia,アン・ハサウェイ,326,341,327,2026-04-24,34.3601108033241,84.84651117219988,16,False
ja.wikipedia,海街diary,61,61,61,2025-08-01,5.8754098360655735,4.8754098360655735,1,False
ja.wikipedia,海街diary,91,91,91,2025-08-31,2.557471264367816,1.5574712643678161,1,False
ja.wikipedia,海街diary,185,185,185,2025-12-03,2.6619217081850532,1.6619217081850532,1,False
ja.wikipedia,海街diary,214,214,214,2026-01-01,3.247311827956989,2.247311827956989,1,False
ja.wikipedia,海街diary,265,265,265,2026-02-21,2.2627737226277373,1.2627737226277373,1,False
ja.wikipedia,海街diary,285,286,285,2026-03-13,2.546938775510204,2.7183673469387752,2,False
ja.wikipedia,海街diary,332,332,332,2026-04-29,2.3058823529411763,1.3058823529411763,1,False
ja.wikipedia,海街diary,356,370,363,2026-05-30,243.24040404040403,315.95652284782744,15,False
ja.wikipedia,三崎優太,33,33,33,2025-07-04,2.9757311761045426,1.9757311761045426,1,False
ja.wikipedia,三崎優太,51,51,51,2025-07-22,2.158443363446838,1.158443363446838,1,False
ja.wikipedia,三崎優太,54,54,54,2025-07-25,3.532967032967033,2.532967032967033,1,False
ja.wikipedia,三崎優太,84,84,84,2025-08-24,4.977135980746089,3.9771359807460893,1,False
ja.wikipedia,三崎優太,163,164,163,2025-11-11,2.8653667595171775,2.965275932995833,2,False
ja.wikipedia,三崎優太,222,228,224,2026-01-11,7.843478260869565,25.880465401162045,7,False
ja.wikipedia,三崎優太,275,279,276,2026-03-04,3.4821002386634845,9.277292874190248,5,False
ja.wikipedia,三崎優太,281,281,281,2026-03-09,2.0458715596330275,1.0458715596330275,1,False
ja.wikipedia,三崎優太,293,293,293,2026-03-21,2.478226444972288,1.4782264449722882,1,False
ja.wikipedia,三崎優太,300,308,300,2026-03-28,79.2748457847841,131.76249742618143,9,False
ja.wikipedia,三崎優太,324,326,324,2026-04-21,3.438507209499576,5.657026336174367,3,False
ja.wikipedia,三崎優太,370,371,370,2026-06-06,3.029337803855826,3.1114836546521376,2,False
ja.wikipedia,アンジェラ・アキ,34,34,34,2025-07-05,2.1561338289962824,1.1561338289962824,1,False
ja.wikipedia,アンジェラ・アキ,43,43,43,2025-07-14,2.179226069246436,1.179226069246436,1,False
ja.wikipedia,アンジェラ・アキ,50,55,52,2025-07-23,9.406474820143885,19.74302268703062,6,False
ja.wikipedia,アンジェラ・アキ,60,60,60,2025-07-31,3.7085137085137085,2.7085137085137085,1,False
ja.wikipedia,アンジェラ・アキ,62,62,62,2025-08-02,2.300531914893617,1.3005319148936172,1,False
ja.wikipedia,アンジェラ・アキ,65,65,65,2025-08-05,20.53404255319149,19.53404255319149,1,False
ja.wikipedia,アンジェラ・アキ,70,71,70,2025-08-10,8.554119547657512,14.600921419732396,2,False
ja.wikipedia,アンジェラ・アキ,127,127,127,2025-10-06,3.849264705882353,2.849264705882353,1,False
ja.wikipedia,アンジェラ・アキ,142,143,143,2025-10-22,2.9872958257713247,3.1658022009990114,2,False
ja.wikipedia,アンジェラ・アキ,147,148,147,2025-10-26,2.983783783783784,3.484684684684685,2,False
ja.wikipedia,アンジェラ・アキ,150,153,152,2025-10-31,2.6441281138790034,4.9812215853316655,4,False
ja.wikipedia,アンジェラ・アキ,177,178,177,2025-11-25,4.493421052631579,5.199561403508772,2,False
ja.wikipedia,アンジェラ・アキ,230,231,230,2026-01-17,2.12015503875969,2.1543106364826503,2,False
ja.wikipedia,アンジェラ・アキ,237,237,237,2026-01-24,2.006379585326954,1.006379585326954,1,False
ja.wikipedia,アンジェラ・アキ,256,258,257,2026-02-13,3.1364238410596026,4.793377483443709,3,False
ja.wikipedia,アンジェラ・アキ,260,263,260,2026-02-16,76.0953642384106,85.01456953642383,4,False
ja.wikipedia,アンジェラ・アキ,265,265,265,2026-02-21,2.029139072847682,1.029139072847682,1,False
ja.wikipedia,アンジェラ・アキ,267,268,267,2026-02-23,3.8357615894039734,4.492349062406133,2,False
ja.wikipedia,アンジェラ・アキ,270,273,271,2026-02-27,25.18025430067315,34.78746562946933,4,False
ja.wikipedia,アンジェラ・アキ,277,277,277,2026-03-05,7.996513654851831,6.996513654851831,1,False
ja.wikipedia,アンジェラ・アキ,283,283,283,2026-03-11,3.0304073436603556,2.0304073436603556,1,False
ja.wikipedia,アンジェラ・アキ,291,296,291,2026-03-19,62.94022054556007,92.93361858833816,6,False
ja.wikipedia,アンジェラ・アキ,339,342,340,2026-05-07,20.585485854858547,45.46125461254612,4,False
ja.wikipedia,アンジェラ・アキ,349,350,350,2026-05-17,4.324723247232472,4.3468634686346865,2,False
ja.wikipedia,アンジェラ・アキ,362,362,362,2026-05-29,2.5645355850422193,1.5645355850422193,1,False
ja.wikipedia,間宮祥太朗,30,30,30,2025-07-01,2.712733594089526,1.712733594089526,1,False
ja.wikipedia,間宮祥太朗,48,48,48,2025-07-19,2.348413936557462,1.3484139365574621,1,False
ja.wikipedia,間宮祥太朗,51,51,51,2025-07-22,2.9899311075781663,1.9899311075781663,1,False
ja.wikipedia,間宮祥太朗,68,68,68,2025-08-08,2.2943444730077123,1.2943444730077123,1,False
ja.wikipedia,間宮祥太朗,82,82,82,2025-08-22,4.645989304812834,3.645989304812834,1,False
ja.wikipedia,間宮祥太朗,94,94,94,2025-09-03,2.311688311688312,1.3116883116883118,1,False
ja.wikipedia,間宮祥太朗,119,119,119,2025-09-28,6.425129900803023,5.425129900803023,1,False
ja.wikipedia,間宮祥太朗,122,122,122,2025-10-01,4.130616025937934,3.1306160259379343,1,False
ja.wikipedia,間宮祥太朗,126,126,126,2025-10-05,2.4066697545159794,1.4066697545159794,1,False
ja.wikipedia,間宮祥太朗,131,134,132,2025-10-11,8.262135922330097,13.558264175881627,4,False
ja.wikipedia,間宮祥太朗,139,140,139,2025-10-18,2.5580143540669855,2.6780367881668172,2,False
ja.wikipedia,間宮祥太朗,146,146,146,2025-10-25,2.506550218340611,1.5065502183406112,1,False
ja.wikipedia,間宮祥太朗,153,154,153,2025-11-01,2.106874478151962,2.124887578588643,2,False
ja.wikipedia,間宮祥太朗,160,161,161,2025-11-09,2.4721718871343517,2.7936836655449135,2,False
ja.wikipedia,間宮祥太朗,167,168,168,2025-11-16,2.0892998678996038,2.1183619550858652,2,False
ja.wikipedia,間宮祥太朗,174,176,175,2025-11-23,13.582562747688243,16.14980184940555,3,False
ja.wikipedia,間宮祥太朗,181,182,181,2025-11-29,3.591304347826087,3.783574879227053,2,False
ja.wikipedia,間宮祥太朗,188,189,189,2025-12-07,3.360949499650919,3.8478007912497088,2,False
ja.wikipedia,間宮祥太朗,195,196,196,2025-12-14,5.820961577147456,5.860792597062966,2,False
ja.wikipedia,間宮祥太朗,201,203,202,2025-12-20,3.436032189193628,6.412569039849318,3,False
ja.wikipedia,間宮祥太朗,266,266,266,2026-02-22,2.357348703170029,1.3573487031700289,1,False
ja.wikipedia,間宮祥太朗,296,296,296,2026-03-24,2.754993342210386,1.754993342210386,1,False
ja.wikipedia,間宮祥太朗,354,357,354,2026-05-21,65.93513513513514,101.74980694980697,4,False
ja.wikipedia,間宮祥太朗,371,371,371,2026-06-07,2.1911211437170803,1.1911211437170803,1,False
ja.wikipedia,M!LK,31,31,31,2025-07-02,5.565236818588025,4.565236818588025,1,False
ja.wikipedia,M!LK,34,34,34,2025-07-05,3.16358221654967,2.16358221654967,1,False
ja.wikipedia,M!LK,36,36,36,2025-07-07,4.38830897703549,3.38830897703549,1,False
ja.wikipedia,M!LK,38,38,38,2025-07-09,2.2810379241516965,1.2810379241516965,1,False
ja.wikipedia,M!LK,48,48,48,2025-07-19,2.8613861386138613,1.8613861386138613,1,False
ja.wikipedia,M!LK,72,72,72,2025-08-12,2.2020579981290926,1.2020579981290926,1,False
ja.wikipedia,M!LK,80,81,80,2025-08-20,4.086937622256031,4.391774986726423,2,False
ja.wikipedia,M!LK,86,86,86,2025-08-26,2.8168202764976957,1.8168202764976957,1,False
ja.wikipedia,M!LK,92,92,92,2025-09-01,2.6813830826333267,1.6813830826333267,1,False
ja.wikipedia,M!LK,120,120,120,2025-09-29,3.0063694267515926,2.0063694267515926,1,False
ja.wikipedia,M!LK,124,125,124,2025-10-03,3.8833231521075136,4.464874770922419,2,False
ja.wikipedia,M!LK,132,134,132,2025-10-11,2.8531746031746033,4.1065759637188215,3,False
ja.wikipedia,M!LK,147,148,148,2025-10-27,3.0253914515446465,3.5519106699255785,2,False
ja.wikipedia,M!LK,150,151,150,2025-10-29,5.891492505805362,6.767626711333955,2,False
ja.wikipedia,M!LK,153,158,155,2025-11-03,13.224673043138786,23.846319523668452,6,False
ja.wikipedia,M!LK,163,166,166,2025-11-14,3.6370828538550057,7.4276880908336125,4,False
ja.wikipedia,M!LK,176,176,176,2025-11-24,3.964820078296777,2.964820078296777,1,False
ja.wikipedia,M!LK,201,201,201,2025-12-19,2.0126869580399234,1.0126869580399234,1,False
ja.wikipedia,M!LK,204,205,204,2025-12-22,2.1628356850250343,2.180587164314975,2,False
ja.wikipedia,M!LK,208,208,208,2025-12-26,2.6438324988620847,1.6438324988620847,1,False
ja.wikipedia,M!LK,212,217,213,2025-12-31,15.46258579948239,32.18303514935056,6,False
ja.wikipedia,M!LK,228,228,228,2026-01-15,3.1710468872784423,2.1710468872784423,1,False
ja.wikipedia,M!LK,265,266,265,2026-02-21,3.320893611573422,3.4349635129944946,2,False
ja.wikipedia,M!LK,324,324,324,2026-04-21,2.321622882014612,1.321622882014612,1,False
ja.wikipedia,M!LK,351,351,351,2026-05-18,2.136619524921049,1.136619524921049,1,False
ja.wikipedia,M!LK,354,354,354,2026-05-21,2.841519363108892,1.8415193631088922,1,False
ja.wikipedia,出田節子,85,85,85,2025-08-25,2.5,1.5,1,False
ja.wikipedia,出田節子,94,95,95,2025-09-04,5.703703703703703,5.783703703703703,2,False
ja.wikipedia,出田節子,101,103,101,2025-09-10,3.5714285714285716,6.079771174320674,3,False
ja.wikipedia,出田節子,106,106,106,2025-09-15,2.0,1.0,1,False
ja.wikipedia,出田節子,127,130,128,2025-10-07,12.285714285714286,18.71764705882353,4,False
ja.wikipedia,出田節子,134,135,134,2025-10-13,2.7027027027027026,3.135135135135135,2,False
ja.wikipedia,出田節子,149,149,149,2025-10-28,3.5555555555555554,2.5555555555555554,1,False
ja.wikipedia,出田節子,188,190,190,2025-12-08,2.4545454545454546,3.909090909090909,3,False
ja.wikipedia,出田節子,196,196,196,2025-12-14,2.24,1.2400000000000002,1,False
ja.wikipedia,出田節子,208,208,208,2025-12-26,6.434782608695652,5.434782608695652,1,False
ja.wikipedia,出田節子,221,225,222,2026-01-09,6.785714285714286,13.640242821694434,5,False
ja.wikipedia,出田節子,227,227,227,2026-01-14,2.25,1.25,1,False
ja.wikipedia,出田節子,255,255,255,2026-02-11,4.3125,3.3125,1,False
ja.wikipedia,出田節子,277,290,281,2026-03-09,84.23076923076923,202.935986497163,14,False
ja.wikipedia,出田節子,292,301,295,2026-03-23,50.29059829059829,232.4065103321976,10,False
ja.wikipedia,出田節子,343,356,345,2026-05-12,1763.142857142857,2225.613824475435,14,False
ja.wikipedia,出田節子,370,371,371,2026-06-07,4.475247524752476,6.138360531149065,2,False
ja.wikipedia,坂東龍汰,30,30,30,2025-07-01,4.453066332916145,3.453066332916145,1,False
ja.wikipedia,坂東龍汰,93,96,96,2025-09-05,7.457648546144122,18.030974641197325,4,False
ja.wikipedia,坂東龍汰,128,128,128,2025-10-07,2.850927703134997,1.8509277031349969,1,False
ja.wikipedia,坂東龍汰,152,158,153,2025-11-01,35.166521360069744,70.52779316073973,7,False
ja.wikipedia,坂東龍汰,160,160,160,2025-11-08,2.1636788776305536,1.1636788776305536,1,False
ja.wikipedia,坂東龍汰,208,209,208,2025-12-26,7.837811900191938,7.91362763915547,2,False
ja.wikipedia,坂東龍汰,232,233,232,2026-01-19,6.752390057361377,7.164866779893965,2,False
ja.wikipedia,坂東龍汰,265,269,267,2026-02-23,4.604285714285714,10.948721804511278,5,False
ja.wikipedia,坂東龍汰,271,279,273,2026-03-01,99.66009517335146,189.53620359664464,9,False
ja.wikipedia,坂東龍汰,285,286,285,2026-03-13,5.615160349854228,5.910438293667736,2,False
ja.wikipedia,坂東龍汰,307,308,308,2026-04-05,2.460587326120556,2.848531684698609,2,False
ja.wikipedia,坂東龍汰,321,322,321,2026-04-18,2.640055536272128,2.942728219368275,2,False
ja.wikipedia,坂東龍汰,327,329,328,2026-04-25,3.4382277761999434,5.604913692272534,3,False
ja.wikipedia,坂東龍汰,331,331,331,2026-04-28,2.043240427194582,1.0432404271945819,1,False
ja.wikipedia,坂東龍汰,371,373,372,2026-06-08,11.95265841223598,17.578644619931076,3,False
ja.wikipedia,足利義昭,101,101,101,2025-09-10,3.209109730848861,2.209109730848861,1,False
ja.wikipedia,足利義昭,105,105,105,2025-09-14,2.143157894736842,1.143157894736842,1,False
ja.wikipedia,足利義昭,217,217,217,2026-01-04,2.032388663967611,1.0323886639676112,1,False
ja.wikipedia,足利義昭,287,302,287,2026-03-15,83.35871404399323,241.68531740915688,16,False
ja.wikipedia,足利義昭,308,308,308,2026-04-05,2.9901558654634948,1.9901558654634948,1,False
ja.wikipedia,足利義昭,329,330,329,2026-04-26,3.8394715772618095,4.295836669335468,2,False
ja.wikipedia,足利義昭,336,340,336,2026-05-03,23.288341301949245,39.57831796281003,5,False
ja.wikipedia,足利義昭,342,342,342,2026-05-09,3.7828947368421053,2.7828947368421053,1,False
ja.wikipedia,谷原七音,75,76,75,2025-08-15,9.827731092436975,10.243697478991598,2,False
ja.wikipedia,谷原七音,103,104,103,2025-09-12,18.11063829787234,19.251063829787235,2,False
ja.wikipedia,谷原七音,109,109,109,2025-09-18,2.641509433962264,1.641509433962264,1,False
ja.wikipedia,谷原七音,134,136,134,2025-10-13,113.30113636363636,131.17045454545456,3,False
ja.wikipedia,谷原七音,164,170,164,2025-11-12,69.77510040160642,126.39522698025723,7,False
ja.wikipedia,谷原七音,175,175,175,2025-11-23,2.3008130081300813,1.3008130081300813,1,False
ja.wikipedia,谷原七音,179,180,179,2025-11-27,16.056224899598394,18.88890972450112,2,False
ja.wikipedia,谷原七音,185,186,186,2025-12-04,9.175,10.638722397476341,2,False
ja.wikipedia,谷原七音,210,210,210,2025-12-28,6.9573770491803275,5.9573770491803275,1,False
ja.wikipedia,谷原七音,221,222,222,2026-01-09,4.701639344262295,7.088524590163934,2,False
ja.wikipedia,谷原七音,224,231,227,2026-01-14,22.243559718969554,60.73960359643277,8,False
ja.wikipedia,谷原七音,233,235,233,2026-01-20,7.674588665447898,11.566803429259561,3,False
ja.wikipedia,谷原七音,240,240,240,2026-01-27,2.6488970588235294,1.6488970588235294,1,False
ja.wikipedia,谷原七音,264,265,264,2026-02-20,12.323170731707316,13.07520325203252,2,False
ja.wikipedia,谷原七音,276,276,276,2026-03-04,2.7965474722564734,1.7965474722564734,1,False
ja.wikipedia,谷原七音,281,284,282,2026-03-10,148.41430332922317,158.6987343974206,4,False
ja.wikipedia,谷原七音,303,303,303,2026-03-31,2.09697933227345,1.0969793322734498,1,False
ja.wikipedia,谷原七音,322,322,322,2026-04-19,2.4011799410029497,1.4011799410029497,1,False
ja.wikipedia,谷原七音,329,330,329,2026-04-26,9.99056603773585,14.34433962264151,2,False
ja.wikipedia,谷原七音,366,368,366,2026-06-02,225.02295081967213,246.68524590163932,3,False
ja.wikipedia,谷原七音,372,372,372,2026-06-08,2.089171974522293,1.089171974522293,1,False
ja.wikipedia,宮崎麗果,32,32,32,2025-07-03,2.0386847195357833,1.0386847195357833,1,False
ja.wikipedia,宮崎麗果,38,44,40,2025-07-11,3.3544805709754164,11.336222818950603,7,False
ja.wikipedia,宮崎麗果,47,50,50,2025-07-21,4.749484536082474,10.584198082949264,4,False
ja.wikipedia,宮崎麗果,53,55,53,2025-07-24,12.131252868288206,16.321444627153266,3,False
ja.wikipedia,宮崎麗果,61,61,61,2025-08-01,2.0157678965625987,1.0157678965625987,1,False
ja.wikipedia,宮崎麗果,69,71,69,2025-08-09,6.334752702260072,10.883003655771553,3,False
ja.wikipedia,宮崎麗果,93,95,93,2025-09-02,3.6761699838622914,5.943458801060274,3,False
ja.wikipedia,宮崎麗果,108,110,108,2025-09-17,12.160403813796972,14.54774655052937,3,False
ja.wikipedia,宮崎麗果,112,112,112,2025-09-21,2.38671875,1.38671875,1,False
ja.wikipedia,宮崎麗果,116,118,117,2025-09-26,13.245630174793009,22.701937022790887,3,False
ja.wikipedia,宮崎麗果,130,130,130,2025-10-09,2.162262746557499,1.162262746557499,1,False
ja.wikipedia,宮崎麗果,141,141,141,2025-10-20,2.4709976798143853,1.4709976798143853,1,False
ja.wikipedia,宮崎麗果,166,166,166,2025-11-14,3.2489539748953975,2.2489539748953975,1,False
ja.wikipedia,宮崎麗果,178,182,179,2025-11-27,13.07475317348378,18.619181946403383,5,False
ja.wikipedia,宮崎麗果,185,193,188,2025-12-06,73.29763387297633,190.73817113850234,9,False
ja.wikipedia,宮崎麗果,197,198,197,2025-12-15,2.661902144035184,2.7053331972382244,2,False
ja.wikipedia,宮崎麗果,206,212,207,2025-12-25,307.20348837209303,567.6993298362471,7,False
ja.wikipedia,宮崎麗果,224,224,224,2026-01-11,3.736379613356766,2.736379613356766,1,False
ja.wikipedia,宮崎麗果,253,253,253,2026-02-09,14.51568894952251,13.51568894952251,1,False
ja.wikipedia,宮崎麗果,265,265,265,2026-02-21,2.7703984819734346,1.7703984819734346,1,False
ja.wikipedia,宮崎麗果,273,273,273,2026-03-01,3.402834008097166,2.402834008097166,1,False
ja.wikipedia,宮崎麗果,280,285,281,2026-03-09,17.966985230234577,40.275666255386945,6,False
ja.wikipedia,宮崎麗果,290,296,290,2026-03-18,129.97703788748564,228.92502674453263,7,False
ja.wikipedia,宮崎麗果,316,317,317,2026-04-14,3.569267997580157,4.793708408953417,2,False
ja.wikipedia,宮崎麗果,324,330,324,2026-04-21,69.37082601054482,173.01054481546572,7,False
ja.wikipedia,宮崎麗果,337,340,338,2026-05-05,7.1298119964189794,11.351192074586764,4,False
ja.wikipedia,宮崎麗果,347,349,347,2026-05-14,34.42363775901765,58.30985655880523,3,False
ja.wikipedia,宮崎麗果,357,357,357,2026-05-24,2.2219861922464155,1.2219861922464155,1,False
ja.wikipedia,宮崎麗果,360,361,361,2026-05-28,3.1571955719557194,3.5202952029520294,2,False
ja.wikipedia,宮崎麗果,368,371,369,2026-06-05,6.298522669383597,10.294976820747198,4,False
ja.wikipedia,宮崎麗果,373,373,373,2026-06-09,2.3465173258662935,1.3465173258662935,1,False
ja.wikipedia,國村隼,41,42,42,2025-07-13,2.2884012539184955,2.369905956112853,2,False
ja.wikipedia,國村隼,76,76,76,2025-08-16,2.3560975609756096,1.3560975609756096,1,False
ja.wikipedia,國村隼,95,95,95,2025-09-04,2.1548117154811717,1.1548117154811717,1,False
ja.wikipedia,國村隼,114,114,114,2025-09-23,2.957726957726958,1.9577269577269578,1,False
ja.wikipedia,國村隼,118,119,118,2025-09-27,5.672903672903673,5.941869190145052,2,False
ja.wikipedia,國村隼,125,125,125,2025-10-04,3.557679180887372,2.557679180887372,1,False
ja.wikipedia,國村隼,180,180,180,2025-11-28,4.884229717411121,3.884229717411121,1,False
ja.wikipedia,國村隼,205,207,206,2025-12-24,9.605497170573969,15.17317381815074,3,False
ja.wikipedia,國村隼,216,216,216,2026-01-03,2.317436661698957,1.3174366616989568,1,False
ja.wikipedia,國村隼,231,231,231,2026-01-18,2.3943661971830985,1.3943661971830985,1,False
ja.wikipedia,國村隼,258,258,258,2026-02-14,2.035928143712575,1.035928143712575,1,False
ja.wikipedia,國村隼,263,263,263,2026-02-19,2.379652605459057,1.3796526054590572,1,False
ja.wikipedia,國村隼,292,292,292,2026-03-20,3.152224824355972,2.152224824355972,1,False
ja.wikipedia,國村隼,295,295,295,2026-03-23,2.009367681498829,1.009367681498829,1,False
ja.wikipedia,國村隼,297,303,300,2026-03-28,86.37905759162304,105.97054859402313,7,False
ja.wikipedia,國村隼,356,357,356,2026-05-23,4.8629213483146065,5.05063084552131,2,False
ja.wikipedia,國村隼,367,367,367,2026-06-03,6.403162055335969,5.403162055335969,1,False
ja.wikipedia,國村隼,371,372,371,2026-06-07,25.45375218150087,26.025891484983458,2,False
ja.wikipedia,メリル・ストリープ,53,57,54,2025-07-25,4.591422121896162,10.020490011722963,5,False
ja.wikipedia,メリル・ストリープ,59,62,59,2025-07-30,2.9281045751633985,5.824504438939507,4,False
ja.wikipedia,メリル・ストリープ,151,151,151,2025-10-30,6.6716981132075475,5.6716981132075475,1,False
ja.wikipedia,メリル・ストリープ,165,171,165,2025-11-13,7.475896168108776,20.60862389510056,7,False
ja.wikipedia,メリル・ストリープ,229,231,230,2026-01-17,2.4515441959531414,4.01171458998935,3,False
ja.wikipedia,メリル・ストリープ,237,237,237,2026-01-24,2.219227313566936,1.219227313566936,1,False
ja.wikipedia,メリル・ストリープ,246,248,246,2026-02-02,3.5399188092016236,5.716111251225908,3,False
ja.wikipedia,メリル・ストリープ,251,251,251,2026-02-07,2.068527918781726,1.0685279187817258,1,False
ja.wikipedia,メリル・ストリープ,274,274,274,2026-03-02,3.847884306373862,2.847884306373862,1,False
ja.wikipedia,メリル・ストリープ,285,287,285,2026-03-13,2.703098591549296,4.375774647887324,3,False
ja.wikipedia,メリル・ストリープ,307,307,307,2026-04-04,2.5,1.5,1,False
ja.wikipedia,メリル・ストリープ,309,312,309,2026-04-06,5.894308943089431,12.302057982318203,4,False
ja.wikipedia,メリル・ストリープ,314,314,314,2026-04-11,2.607294317217981,1.6072943172179812,1,False
ja.wikipedia,メリル・ストリープ,320,320,320,2026-04-17,2.040961008270973,1.040961008270973,1,False
ja.wikipedia,メリル・ストリープ,327,341,327,2026-04-24,20.72984441301273,67.86963722695263,15,False
ja.wikipedia,東海林さだお,60,60,60,2025-07-31,2.4615384615384617,1.4615384615384617,1,False
ja.wikipedia,東海林さだお,88,90,88,2025-08-28,9.524390243902438,13.281498051666906,3,False
ja.wikipedia,東海林さだお,151,151,151,2025-10-30,2.577777777777778,1.577777777777778,1,False
ja.wikipedia,東海林さだお,153,155,154,2025-11-02,4.933333333333334,6.3462962962962965,3,False
ja.wikipedia,東海林さだお,258,258,258,2026-02-14,2.1818181818181817,1.1818181818181817,1,False
ja.wikipedia,東海林さだお,286,286,286,2026-03-14,2.1780821917808217,1.1780821917808217,1,False
ja.wikipedia,東海林さだお,300,300,300,2026-03-28,2.2312925170068025,1.2312925170068025,1,False
ja.wikipedia,東海林さだお,318,331,318,2026-04-15,394.2589928057554,560.2979406104384,14,False
ja.wikipedia,山口良治,68,68,68,2025-08-08,3.4876847290640396,2.4876847290640396,1,False
ja.wikipedia,山口良治,81,81,81,2025-08-21,2.3054187192118225,1.3054187192118225,1,False
ja.wikipedia,山口良治,123,123,123,2025-10-02,2.272189349112426,1.272189349112426,1,False
ja.wikipedia,山口良治,130,130,130,2025-10-09,3.924731182795699,2.924731182795699,1,False
ja.wikipedia,山口良治,145,145,145,2025-10-24,5.705357142857143,4.705357142857143,1,False
ja.wikipedia,山口良治,159,161,161,2025-11-09,3.5960591133004924,6.142857142857142,3,False
ja.wikipedia,山口良治,164,164,164,2025-11-12,3.209756097560976,2.209756097560976,1,False
ja.wikipedia,山口良治,203,203,203,2025-12-21,3.35,2.35,1,False
ja.wikipedia,山口良治,205,206,205,2025-12-23,6.4,6.955555555555556,2,False
ja.wikipedia,山口良治,209,210,209,2025-12-27,4.874251497005988,5.8083832335329335,2,False
ja.wikipedia,山口良治,212,212,212,2025-12-30,2.4914285714285715,1.4914285714285715,1,False
ja.wikipedia,山口良治,218,218,218,2026-01-05,2.1691542288557213,1.1691542288557213,1,False
ja.wikipedia,山口良治,220,220,220,2026-01-07,2.88,1.88,1,False
ja.wikipedia,山口良治,297,297,297,2026-03-25,2.413793103448276,1.4137931034482758,1,False
ja.wikipedia,山口良治,311,312,311,2026-04-08,2.607142857142857,3.0344932844932844,2,False
ja.wikipedia,山口良治,330,330,330,2026-04-27,2.746268656716418,1.7462686567164178,1,False
ja.wikipedia,山口良治,360,373,363,2026-05-30,397.5,799.0485144781878,14,False
ja.wikipedia,井上朋也,47,47,47,2025-07-18,2.770186335403727,1.7701863354037268,1,False
ja.wikipedia,井上朋也,55,56,56,2025-07-27,6.881987577639752,6.906832298136646,2,False
ja.wikipedia,井上朋也,63,63,63,2025-08-03,5.409090909090909,4.409090909090909,1,False
ja.wikipedia,井上朋也,67,68,67,2025-08-07,7.18716577540107,7.663356251591546,2,False
ja.wikipedia,井上朋也,75,78,76,2025-08-16,7.743119266055046,12.790381397825929,4,False
ja.wikipedia,井上朋也,121,124,122,2025-10-01,5.934640522875817,14.315973012366737,4,False
ja.wikipedia,井上朋也,127,128,128,2025-10-07,2.3473053892215567,2.566817584343508,2,False
ja.wikipedia,井上朋也,136,136,136,2025-10-15,2.07909604519774,1.07909604519774,1,False
ja.wikipedia,井上朋也,144,146,146,2025-10-25,3.982608695652174,7.4660674820103194,3,False
ja.wikipedia,井上朋也,148,148,148,2025-10-27,2.5101214574898787,1.5101214574898787,1,False
ja.wikipedia,井上朋也,180,181,180,2025-11-28,19.91616766467066,20.395209580838323,2,False
ja.wikipedia,井上朋也,190,191,191,2025-12-09,3.9130434782608696,4.628952569169961,2,False
ja.wikipedia,井上朋也,209,209,209,2025-12-27,4.335483870967742,3.3354838709677423,1,False
ja.wikipedia,井上朋也,231,231,231,2026-01-18,6.866666666666666,5.866666666666666,1,False
ja.wikipedia,井上朋也,266,267,267,2026-02-23,8.636363636363637,9.718932443703086,2,False
ja.wikipedia,井上朋也,269,270,270,2026-02-26,12.702702702702704,15.315315315315317,2,False
ja.wikipedia,井上朋也,273,273,273,2026-03-01,2.626086956521739,1.626086956521739,1,False
ja.wikipedia,井上朋也,275,275,275,2026-03-03,2.017391304347826,1.017391304347826,1,False
ja.wikipedia,井上朋也,284,284,284,2026-03-12,2.1988950276243093,1.1988950276243093,1,False
ja.wikipedia,井上朋也,293,293,293,2026-03-21,3.40625,2.40625,1,False
ja.wikipedia,井上朋也,297,297,297,2026-03-25,2.0851063829787235,1.0851063829787235,1,False
ja.wikipedia,井上朋也,339,339,339,2026-05-06,2.2439024390243905,1.2439024390243905,1,False
ja.wikipedia,井上朋也,345,360,345,2026-05-12,1081.568345323741,1378.1326007597347,16,False
ja.wikipedia,井上朋也,363,364,364,2026-05-31,2.9372623574144487,3.2024882906168064,2,False
ja.wikipedia,中谷潤人,39,39,39,2025-07-10,2.823091247672253,1.8230912476722532,1,False
ja.wikipedia,中谷潤人,59,59,59,2025-07-30,2.3785234899328858,1.3785234899328858,1,False
ja.wikipedia,中谷潤人,66,67,66,2025-08-06,3.258964143426295,3.5050981640448517,2,False
ja.wikipedia,中谷潤人,79,79,79,2025-08-19,3.6297539149888145,2.6297539149888145,1,False
ja.wikipedia,中谷潤人,101,101,101,2025-09-10,2.0244470314318974,1.0244470314318974,1,False
ja.wikipedia,中谷潤人,104,111,105,2025-09-14,39.184171958964335,102.4183636325673,8,False
ja.wikipedia,中谷潤人,114,116,116,2025-09-25,2.621072088724584,4.375187488677857,3,False
ja.wikipedia,中谷潤人,159,162,161,2025-11-09,4.394606103619588,8.912704045422284,4,False
ja.wikipedia,中谷潤人,169,169,169,2025-11-17,2.2550805886475125,1.2550805886475125,1,False
ja.wikipedia,中谷潤人,173,173,173,2025-11-21,2.0447856685860524,1.0447856685860524,1,False
ja.wikipedia,中谷潤人,175,180,176,2025-11-24,11.99891774891775,21.89154075459854,6,False
ja.wikipedia,中谷潤人,204,211,209,2025-12-27,19.444669170759894,39.3337690881328,8,False
ja.wikipedia,中谷潤人,224,224,224,2026-01-11,3.6667335876330056,2.6667335876330056,1,False
ja.wikipedia,中谷潤人,251,251,251,2026-02-07,2.878539962240403,1.8785399622404029,1,False
ja.wikipedia,中谷潤人,261,262,261,2026-02-17,4.378612716763006,5.130057803468208,2,False
ja.wikipedia,中谷潤人,268,269,268,2026-02-24,13.342123525329633,15.035392088827205,2,False
ja.wikipedia,中谷潤人,274,274,274,2026-03-02,3.486111111111111,2.486111111111111,1,False
ja.wikipedia,中谷潤人,278,281,278,2026-03-06,14.058371735791091,21.03953621572196,4,False
ja.wikipedia,中谷潤人,314,314,314,2026-04-11,2.9267326732673267,1.9267326732673267,1,False
ja.wikipedia,中谷潤人,318,337,335,2026-05-02,25.052901730275686,95.44085378912834,20,False
ja.wikipedia,東日本大震災,32,33,32,2025-07-03,3.277706680317379,3.496761444008302,2,False
ja.wikipedia,東日本大震災,58,62,59,2025-07-30,44.05179952909519,51.46955936764211,5,False
ja.wikipedia,東日本大震災,92,92,92,2025-09-01,2.0717628705148208,1.0717628705148208,1,False
ja.wikipedia,東日本大震災,130,130,130,2025-10-09,2.0090351726363345,1.0090351726363345,1,False
ja.wikipedia,東日本大震災,161,162,161,2025-11-09,4.389724310776942,4.655127154378838,2,False
ja.wikipedia,東日本大震災,190,194,190,2025-12-08,31.20456852791878,49.32842639593908,5,False
ja.wikipedia,東日本大震災,219,219,219,2026-01-06,2.9660523763336566,1.9660523763336566,1,False
ja.wikipedia,東日本大震災,229,230,230,2026-01-17,2.7680608365019013,2.850697084917617,2,False
ja.wikipedia,東日本大震災,278,278,278,2026-03-06,2.3672680412371134,1.3672680412371134,1,False
ja.wikipedia,東日本大震災,280,286,283,2026-03-11,55.50533306500302,92.79709617845204,7,False
ja.wikipedia,東日本大震災,323,325,323,2026-04-20,25.8810551558753,30.237410071942445,3,False
ja.wikipedia,東日本大震災,330,330,330,2026-04-27,2.011272898074213,1.0112728980742132,1,False
ja.wikipedia,東日本大震災,348,348,348,2026-05-15,3.519368723098996,2.519368723098996,1,False
ja.wikipedia,東日本大震災,372,372,372,2026-06-08,7.808286516853933,6.808286516853933,1,False
ja.wikipedia,女子高生コンクリート詰め殺人事件,31,34,32,2025-07-03,3.1933333333333334,7.017909467166655,4,False
ja.wikipedia,女子高生コンクリート詰め殺人事件,37,37,37,2025-07-08,2.1234491315136474,1.1234491315136474,1,False
ja.wikipedia,女子高生コンクリート詰め殺人事件,93,93,93,2025-09-02,3.0177481974486966,2.0177481974486966,1,False
ja.wikipedia,女子高生コンクリート詰め殺人事件,97,98,97,2025-09-06,5.754625676060347,6.090520922288642,2,False
ja.wikipedia,女子高生コンクリート詰め殺人事件,149,153,151,2025-10-30,6.332342449464923,16.89908184280042,5,False
ja.wikipedia,女子高生コンクリート詰め殺人事件,156,161,157,2025-11-05,19.081771720613286,46.6594991110309,6,False
ja.wikipedia,女子高生コンクリート詰め殺人事件,210,211,210,2025-12-28,10.444791260241905,11.253218884120173,2,False
ja.wikipedia,女子高生コンクリート詰め殺人事件,216,217,217,2026-01-04,5.516370808678501,5.591321499013807,2,False
ja.wikipedia,女子高生コンクリート詰め殺人事件,220,226,220,2026-01-07,8.5325029194239,26.944697460761308,7,False
ja.wikipedia,女子高生コンクリート詰め殺人事件,230,230,230,2026-01-17,2.12392354547364,1.12392354547364,1,False
ja.wikipedia,女子高生コンクリート詰め殺人事件,233,233,233,2026-01-20,3.2395197795709505,2.2395197795709505,1,False
ja.wikipedia,女子高生コンクリート詰め殺人事件,236,236,236,2026-01-23,2.5059819083746717,1.5059819083746717,1,False
ja.wikipedia,女子高生コンクリート詰め殺人事件,241,244,243,2026-01-30,4.569296987087518,9.106967348043499,4,False
ja.wikipedia,女子高生コンクリート詰め殺人事件,268,268,268,2026-02-24,2.476766390833864,1.476766390833864,1,False
ja.wikipedia,女子高生コンクリート詰め殺人事件,292,292,292,2026-03-20,2.576062277002919,1.5760622770029191,1,False
ja.wikipedia,女子高生コンクリート詰め殺人事件,298,299,298,2026-03-26,3.3973402530003245,3.5322737593253324,2,False
ja.wikipedia,女子高生コンクリート詰め殺人事件,308,308,308,2026-04-05,2.4446227929373996,1.4446227929373996,1,False
ja.wikipedia,女子高生コンクリート詰め殺人事件,353,356,355,2026-05-22,91.66951761888471,130.2389646677555,4,False
ja.wikipedia,こたけ正義感,39,43,39,2025-07-10,4.849279161205767,13.103538663171692,5,False
ja.wikipedia,こたけ正義感,52,53,52,2025-07-23,2.5525400139178847,2.801343841669081,2,False
ja.wikipedia,こたけ正義感,64,65,65,2025-08-05,4.236044657097288,5.147825479015097,2,False
ja.wikipedia,こたけ正義感,71,71,71,2025-08-11,2.6443381180223287,1.6443381180223287,1,False
ja.wikipedia,こたけ正義感,77,77,77,2025-08-17,2.2906137184115525,1.2906137184115525,1,False
ja.wikipedia,こたけ正義感,116,119,116,2025-09-25,4.32829373650108,8.921968595350956,4,False
ja.wikipedia,こたけ正義感,175,175,175,2025-11-23,2.631185807656396,1.6311858076563959,1,False
ja.wikipedia,こたけ正義感,209,222,211,2025-12-29,9.766696349065004,54.05845091054938,14,False
ja.wikipedia,こたけ正義感,231,231,231,2026-01-18,2.299504417151476,1.2995044171514758,1,False
ja.wikipedia,こたけ正義感,254,256,254,2026-02-10,2.3642495784148396,3.647554806070826,3,False
ja.wikipedia,こたけ正義感,259,260,259,2026-02-15,2.1000562113546937,2.1270376616076447,2,False
ja.wikipedia,こたけ正義感,275,275,275,2026-03-03,3.1138180433955083,2.1138180433955083,1,False
ja.wikipedia,こたけ正義感,290,290,290,2026-03-18,2.366546618647459,1.366546618647459,1,False
ja.wikipedia,こたけ正義感,293,293,293,2026-03-21,2.128981517892253,1.128981517892253,1,False
ja.wikipedia,こたけ正義感,295,295,295,2026-03-23,2.202098717450447,1.202098717450447,1,False
ja.wikipedia,こたけ正義感,319,319,319,2026-04-16,2.5027009850651414,1.5027009850651414,1,False
ja.wikipedia,こたけ正義感,327,329,327,2026-04-24,27.250380517503807,31.614155251141554,3,False
ja.wikipedia,こたけ正義感,354,354,354,2026-05-21,5.17787610619469,4.17787610619469,1,False
ja.wikipedia,こたけ正義感,360,361,361,2026-05-28,4.994082840236686,5.591260810195721,2,False
ja.wikipedia,ドクターX〜外科医・大門未知子〜,66,67,66,2025-08-06,2.251745810055866,2.3435930752777443,2,False
ja.wikipedia,ドクターX〜外科医・大門未知子〜,69,71,70,2025-08-10,2.347444763029179,3.694552201045708,3,False
ja.wikipedia,ドクターX〜外科医・大門未知子〜,214,214,214,2026-01-01,2.4452021432050657,1.4452021432050657,1,False
ja.wikipedia,ドクターX〜外科医・大門未知子〜,233,233,233,2026-01-20,4.341330918967858,3.3413309189678584,1,False
ja.wikipedia,ドクターX〜外科医・大門未知子〜,288,295,291,2026-03-19,27.708182184602983,47.19386684430645,8,False
ja.wikipedia,イチケイのカラス,30,32,32,2025-07-03,2.7037037037037037,4.3861082967465945,3,False
ja.wikipedia,イチケイのカラス,36,39,38,2025-07-09,3.032520325203252,6.317164392999862,4,False
ja.wikipedia,イチケイのカラス,80,92,84,2025-08-24,10.974358974358974,66.96885509881363,13,False
ja.wikipedia,イチケイのカラス,177,178,177,2025-11-25,2.655940594059406,3.3069306930693068,2,False
ja.wikipedia,イチケイのカラス,216,216,216,2026-01-03,2.825980392156863,1.825980392156863,1,False
ja.wikipedia,イチケイのカラス,266,267,266,2026-02-22,2.9177631578947367,3.5230263157894735,2,False
ja.wikipedia,イチケイのカラス,290,290,290,2026-03-18,2.110397946084724,1.1103979460847242,1,False
ja.wikipedia,イチケイのカラス,302,303,302,2026-03-30,3.8134328358208953,3.8576588800469396,2,False
ja.wikipedia,イチケイのカラス,307,315,309,2026-04-06,64.87991266375546,102.00120190643275,9,False
ja.wikipedia,盛田幸妃,84,84,84,2025-08-24,3.120822622107969,2.120822622107969,1,False
ja.wikipedia,盛田幸妃,132,132,132,2025-10-11,2.4112676056338027,1.4112676056338027,1,False
ja.wikipedia,盛田幸妃,138,138,138,2025-10-17,3.3671641791044777,2.3671641791044777,1,False
ja.wikipedia,盛田幸妃,148,148,148,2025-10-27,3.8579881656804735,2.8579881656804735,1,False
ja.wikipedia,盛田幸妃,161,164,162,2025-11-10,5.183431952662722,7.75289926741692,4,False
ja.wikipedia,盛田幸妃,182,183,183,2025-12-01,2.810810810810811,3.604544492272952,2,False
ja.wikipedia,盛田幸妃,185,185,185,2025-12-03,4.596026490066225,3.596026490066225,1,False
ja.wikipedia,盛田幸妃,218,218,218,2026-01-05,2.062256809338521,1.0622568093385212,1,False
ja.wikipedia,盛田幸妃,272,272,272,2026-02-28,2.3700440528634363,1.3700440528634363,1,False
ja.wikipedia,盛田幸妃,279,279,279,2026-03-07,4.870689655172414,3.8706896551724137,1,False
ja.wikipedia,盛田幸妃,287,289,287,2026-03-15,5.003891050583658,9.264953528098948,3,False
ja.wikipedia,盛田幸妃,313,316,314,2026-04-11,2.77037037037037,5.385185185185184,4,False
ja.wikipedia,盛田幸妃,321,323,323,2026-04-20,2.7925925925925927,4.859259259259259,3,False
ja.wikipedia,盛田幸妃,327,327,327,2026-04-24,2.0805369127516777,1.0805369127516777,1,False
ja.wikipedia,盛田幸妃,338,338,338,2026-05-05,2.9844097995545655,1.9844097995545655,1,False
ja.wikipedia,北大路魯山人,61,61,61,2025-08-01,4.80050505050505,3.80050505050505,1,False
ja.wikipedia,北大路魯山人,88,88,88,2025-08-28,5.502347417840376,4.502347417840376,1,False
ja.wikipedia,北大路魯山人,175,175,175,2025-11-23,2.4438573315719947,1.4438573315719947,1,False
ja.wikipedia,北大路魯山人,196,196,196,2025-12-14,2.6223277909738716,1.6223277909738716,1,False
ja.wikipedia,北大路魯山人,204,204,204,2025-12-22,3.320837927232635,2.320837927232635,1,False
ja.wikipedia,北大路魯山人,249,249,249,2026-02-05,2.4356435643564356,1.4356435643564356,1,False
ja.wikipedia,北大路魯山人,253,253,253,2026-02-09,5.415827338129496,4.415827338129496,1,False
ja.wikipedia,北大路魯山人,264,265,265,2026-02-21,2.3932107496463932,2.5225210944739795,2,False
ja.wikipedia,北大路魯山人,277,279,278,2026-03-06,3.3482849604221636,4.77146176908952,3,False
ja.wikipedia,北大路魯山人,285,287,286,2026-03-14,21.22994652406417,25.159864304700672,3,False
ja.wikipedia,北大路魯山人,291,293,292,2026-03-20,3.8208144796380092,7.672406402181142,3,False
ja.wikipedia,北大路魯山人,297,297,297,2026-03-25,4.13968253968254,3.13968253968254,1,False
ja.wikipedia,北大路魯山人,299,319,303,2026-03-31,40.595487066593286,160.77525188942965,21,False
ja.wikipedia,北大路魯山人,324,325,324,2026-04-21,3.75391963451355,4.370911491941726,2,False
ja.wikipedia,日本三國,40,40,40,2025-07-11,2.1333333333333333,1.1333333333333333,1,False
ja.wikipedia,日本三國,42,42,42,2025-07-13,2.009433962264151,1.009433962264151,1,False
ja.wikipedia,日本三國,51,63,55,2025-07-26,3.357142857142857,20.357315694173664,13,False
ja.wikipedia,日本三國,187,192,188,2025-12-06,5.086021505376344,14.591397849462364,6,False
ja.wikipedia,日本三國,196,196,196,2025-12-14,2.1030927835051547,1.1030927835051547,1,False
ja.wikipedia,日本三國,233,233,233,2026-01-20,2.272300469483568,1.272300469483568,1,False
ja.wikipedia,日本三國,235,235,235,2026-01-22,2.0925925925925926,1.0925925925925926,1,False
ja.wikipedia,日本三國,240,252,240,2026-01-27,36.33755274261603,141.70629036888485,13,False
ja.wikipedia,日本三國,268,277,270,2026-02-26,8.941532258064516,42.56653225806451,10,False
ja.wikipedia,日本三國,302,322,310,2026-04-07,46.62457912457913,280.2100752026149,21,False
ja.wikipedia,バルテュス,43,43,43,2025-07-14,3.892857142857143,2.892857142857143,1,False
ja.wikipedia,バルテュス,101,101,101,2025-09-10,2.466666666666667,1.4666666666666668,1,False
ja.wikipedia,バルテュス,114,114,114,2025-09-23,2.3174603174603177,1.3174603174603177,1,False
ja.wikipedia,バルテュス,127,128,128,2025-10-07,5.313432835820896,5.402985074626866,2,False
ja.wikipedia,バルテュス,149,149,149,2025-10-28,2.410958904109589,1.410958904109589,1,False
ja.wikipedia,バルテュス,223,223,223,2026-01-10,2.357142857142857,1.3571428571428572,1,False
ja.wikipedia,バルテュス,277,284,280,2026-03-08,68.3225806451613,112.51550215717631,8,False
ja.wikipedia,バルテュス,287,287,287,2026-03-15,2.1066666666666665,1.1066666666666665,1,False
ja.wikipedia,バルテュス,292,301,295,2026-03-23,26.58823529411765,114.4717711892499,10,False
ja.wikipedia,バルテュス,343,356,345,2026-05-12,1347.8613861386139,1702.8320575745422,14,False
ja.wikipedia,バルテュス,370,371,371,2026-06-07,3.670428893905192,5.2200267491330745,2,False
ja.wikipedia,竹中重治,47,47,47,2025-07-18,3.3822152886115444,2.3822152886115444,1,False
ja.wikipedia,竹中重治,215,215,215,2026-01-02,2.0829268292682928,1.0829268292682928,1,False
ja.wikipedia,竹中重治,217,229,220,2026-01-07,36.95842450765864,85.163384145061,13,False
ja.wikipedia,竹中重治,245,246,245,2026-02-01,5.767819336626676,6.871243994160922,2,False
ja.wikipedia,竹中重治,266,283,280,2026-03-08,65.25624375624376,222.2200341407787,18,False
ja.wikipedia,竹中重治,286,287,286,2026-03-14,3.78862071970027,4.599872188560434,2,False
ja.wikipedia,竹中重治,315,318,315,2026-04-12,21.21599285235649,31.228501228501226,4,False
ja.wikipedia,竹中重治,321,323,322,2026-04-19,4.968505695778423,6.922269376814832,3,False
ja.wikipedia,竹中重治,337,337,337,2026-05-04,3.188705717292178,2.188705717292178,1,False
ja.wikipedia,竹中重治,343,343,343,2026-05-10,2.428735632183908,1.428735632183908,1,False
ja.wikipedia,竹中重治,348,348,348,2026-05-15,3.301560379918589,2.301560379918589,1,False
ja.wikipedia,竹中重治,364,367,364,2026-05-31,13.93608473338203,22.03981008035062,4,False
ja.wikipedia,井上尚弥,39,39,39,2025-07-10,4.563559322033898,3.563559322033898,1,False
ja.wikipedia,井上尚弥,92,94,93,2025-09-02,2.3605760239386573,3.7118010099121004,3,False
ja.wikipedia,井上尚弥,100,109,105,2025-09-14,25.787227990328546,54.10275515034633,10,False
ja.wikipedia,井上尚弥,168,170,169,2025-11-17,2.3011889035667106,3.530433165530832,3,False
ja.wikipedia,井上尚弥,173,173,173,2025-11-21,2.881697385340763,1.8816973853407628,1,False
ja.wikipedia,井上尚弥,175,180,176,2025-11-24,27.02259548090382,43.59012743835131,6,False
ja.wikipedia,井上尚弥,199,199,199,2025-12-17,2.2277749874434956,1.2277749874434956,1,False
ja.wikipedia,井上尚弥,208,211,209,2025-12-27,10.909090909090908,18.93767867352773,4,False
ja.wikipedia,井上尚弥,278,279,278,2026-03-06,4.088932323479111,4.255317662278243,2,False
ja.wikipedia,井上尚弥,309,309,309,2026-04-06,2.0025562372188137,1.0025562372188137,1,False
ja.wikipedia,井上尚弥,312,315,314,2026-04-11,4.599849284099473,7.5502182276568846,4,False
ja.wikipedia,井上尚弥,319,323,319,2026-04-16,4.297412710374278,10.548491171558695,5,False
ja.wikipedia,井上尚弥,326,326,326,2026-04-23,2.081816938021617,1.0818169380216172,1,False
ja.wikipedia,井上尚弥,333,340,335,2026-05-02,19.436492175708953,40.89810244291258,8,False
ja.wikipedia,オンドジェイ・サトリア,40,42,41,2025-07-12,6.142857142857143,10.714285714285715,3,False
ja.wikipedia,オンドジェイ・サトリア,55,55,55,2025-07-26,4.857142857142857,3.8571428571428568,1,False
ja.wikipedia,オンドジェイ・サトリア,57,57,57,2025-07-28,2.0,1.0,1,False
ja.wikipedia,オンドジェイ・サトリア,91,93,91,2025-08-31,6.375,12.375,3,False
ja.wikipedia,オンドジェイ・サトリア,99,103,99,2025-09-08,14.823529411764707,44.866135928055435,5,False
ja.wikipedia,オンドジェイ・サトリア,146,149,147,2025-10-26,2.7777777777777777,5.754385964912281,4,False
ja.wikipedia,オンドジェイ・サトリア,157,157,157,2025-11-05,2.6315789473684212,1.6315789473684212,1,False
ja.wikipedia,オンドジェイ・サトリア,192,193,192,2025-12-10,6.857142857142857,7.285714285714285,2,False
ja.wikipedia,オンドジェイ・サトリア,203,204,203,2025-12-21,4.571428571428571,5.0,2,False
ja.wikipedia,オンドジェイ・サトリア,206,206,206,2025-12-24,2.0,1.0,1,False
ja.wikipedia,オンドジェイ・サトリア,232,234,232,2026-01-19,3.0,5.125,3,False
ja.wikipedia,オンドジェイ・サトリア,240,240,240,2026-01-27,2.5,1.5,1,False
ja.wikipedia,オンドジェイ・サトリア,242,244,242,2026-01-29,2.3333333333333335,3.666666666666667,3,False
ja.wikipedia,オンドジェイ・サトリア,250,251,251,2026-02-07,2.857142857142857,3.4571428571428573,2,False
ja.wikipedia,オンドジェイ・サトリア,254,255,254,2026-02-10,11.565217391304348,12.565217391304348,2,False
ja.wikipedia,オンドジェイ・サトリア,258,260,259,2026-02-15,4.666666666666667,6.923809523809524,3,False
ja.wikipedia,オンドジェイ・サトリア,263,263,263,2026-02-19,2.914285714285714,1.9142857142857141,1,False
ja.wikipedia,オンドジェイ・サトリア,265,287,282,2026-03-10,521.4795918367347,834.1140829392982,23,False
ja.wikipedia,オンドジェイ・サトリア,333,333,333,2026-04-30,5.1,4.1,1,False
ja.wikipedia,出口夏希,52,53,53,2025-07-24,6.985904463586531,6.993735317149569,2,False
ja.wikipedia,出口夏希,68,72,68,2025-08-08,6.984300341296929,16.203441715403784,5,False
ja.wikipedia,出口夏希,75,77,76,2025-08-16,10.965872156013,16.544340894473414,3,False
ja.wikipedia,出口夏希,109,109,109,2025-09-18,2.033538289547233,1.033538289547233,1,False
ja.wikipedia,出口夏希,111,112,111,2025-09-20,8.896664844177145,11.881902679059595,2,False
ja.wikipedia,出口夏希,141,152,142,2025-10-21,24.36729149687585,52.10777278009629,12,False
ja.wikipedia,出口夏希,219,220,219,2026-01-06,4.867850953206239,4.897746967071058,2,False
ja.wikipedia,出口夏希,223,224,224,2026-01-11,2.0856521739130436,2.095217391304348,2,False
ja.wikipedia,出口夏希,228,228,228,2026-01-15,2.421871713985279,1.4218717139852788,1,False
ja.wikipedia,出口夏希,230,231,231,2026-01-18,2.9511578128040474,3.5655611049851172,2,False
ja.wikipedia,出口夏希,237,237,237,2026-01-24,3.1336915811757042,2.1336915811757042,1,False
ja.wikipedia,出口夏希,286,287,287,2026-03-15,2.322628458498024,2.5434782608695654,2,False
ja.wikipedia,出口夏希,290,293,292,2026-03-20,2.785096473719228,5.5334907108330125,4,False
ja.wikipedia,出口夏希,316,324,316,2026-04-13,16.84217225286381,32.958845990666106,9,False
ja.wikipedia,出口夏希,330,330,330,2026-04-27,2.8933369893062792,1.8933369893062792,1,False
ja.wikipedia,出口夏希,353,359,353,2026-05-20,24.12772667542707,42.68787336826846,7,False
ja.wikipedia,エドウィン・ディアス,37,38,38,2025-07-09,3.116279069767442,4.037209302325582,2,False
ja.wikipedia,エドウィン・ディアス,44,48,45,2025-07-16,10.754901960784315,23.63893557422969,5,False
ja.wikipedia,エドウィン・ディアス,52,52,52,2025-07-23,11.06046511627907,10.06046511627907,1,False
ja.wikipedia,エドウィン・ディアス,56,56,56,2025-07-27,7.488549618320611,6.488549618320611,1,False
ja.wikipedia,エドウィン・ディアス,59,59,59,2025-07-30,2.3691275167785233,1.3691275167785233,1,False
ja.wikipedia,エドウィン・ディアス,66,66,66,2025-08-06,5.955555555555556,4.955555555555556,1,False
ja.wikipedia,エドウィン・ディアス,69,70,70,2025-08-10,6.75820895522388,6.974081971096896,2,False
ja.wikipedia,エドウィン・ディアス,72,72,72,2025-08-12,2.1420765027322406,1.1420765027322406,1,False
ja.wikipedia,エドウィン・ディアス,76,77,76,2025-08-16,12.275071633237822,12.601719197707736,2,False
ja.wikipedia,エドウィン・ディアス,99,99,99,2025-09-08,2.4398340248962658,1.4398340248962658,1,False
ja.wikipedia,エドウィン・ディアス,120,121,120,2025-09-29,15.438297872340426,16.648381905953872,2,False
ja.wikipedia,エドウィン・ディアス,123,123,123,2025-10-02,2.3263598326359833,1.3263598326359833,1,False
ja.wikipedia,エドウィン・ディアス,126,126,126,2025-10-05,2.2598425196850394,1.2598425196850394,1,False
ja.wikipedia,エドウィン・ディアス,154,158,156,2025-11-04,8.126506024096386,15.872807469193013,5,False
ja.wikipedia,エドウィン・ディアス,160,162,161,2025-11-09,3.3471502590673574,4.694300518134716,3,False
ja.wikipedia,エドウィン・ディアス,164,168,164,2025-11-12,12.909547738693467,27.046223839800902,5,False
ja.wikipedia,エドウィン・ディアス,184,184,184,2025-12-02,2.1954707985697257,1.1954707985697257,1,False
ja.wikipedia,エドウィン・ディアス,191,201,192,2025-12-10,114.54874651810584,272.45644210700385,11,False
ja.wikipedia,エドウィン・ディアス,224,225,224,2026-01-11,2.3850156087408947,2.391259105098855,2,False
ja.wikipedia,エドウィン・ディアス,229,229,229,2026-01-16,3.2655367231638417,2.2655367231638417,1,False
ja.wikipedia,エドウィン・ディアス,235,235,235,2026-01-22,2.0205479452054793,1.0205479452054793,1,False
ja.wikipedia,エドウィン・ディアス,258,258,258,2026-02-14,2.1052631578947367,1.1052631578947367,1,False
ja.wikipedia,エドウィン・ディアス,264,264,264,2026-02-20,2.874828060522696,1.8748280605226961,1,False
ja.wikipedia,エドウィン・ディアス,270,270,270,2026-02-26,2.514745308310992,1.5147453083109919,1,False
ja.wikipedia,エドウィン・ディアス,279,279,279,2026-03-07,2.1006993006993007,1.1006993006993007,1,False
ja.wikipedia,エドウィン・ディアス,282,282,282,2026-03-10,2.833117723156533,1.833117723156533,1,False
ja.wikipedia,エドウィン・ディアス,284,284,284,2026-03-12,2.0376884422110555,1.0376884422110555,1,False
ja.wikipedia,エドウィン・ディアス,286,287,286,2026-03-14,4.142684401451028,4.476420798065297,2,False
ja.wikipedia,エドウィン・ディアス,293,293,293,2026-03-21,2.3906581740976645,1.3906581740976645,1,False
ja.wikipedia,エドウィン・ディアス,296,296,296,2026-03-24,2.7086294416243657,1.7086294416243657,1,False
ja.wikipedia,エドウィン・ディアス,298,304,300,2026-03-28,59.92598684210526,127.19936192767256,7,False
ja.wikipedia,エドウィン・ディアス,308,309,309,2026-04-06,2.3106796116504853,2.3305644886782195,2,False
ja.wikipedia,エドウィン・ディアス,311,311,311,2026-04-08,5.874939408628212,4.874939408628212,1,False
ja.wikipedia,エドウィン・ディアス,314,314,314,2026-04-11,5.9352517985611515,4.9352517985611515,1,False
ja.wikipedia,エドウィン・ディアス,323,323,323,2026-04-20,2.708364174685418,1.7083641746854181,1,False
ja.wikipedia,エドウィン・ディアス,349,349,349,2026-05-16,2.2452830188679247,1.2452830188679247,1,False
ja.wikipedia,桜井日奈子,35,35,35,2025-07-06,2.9881494986326342,1.9881494986326342,1,False
ja.wikipedia,桜井日奈子,40,41,40,2025-07-11,3.3346573982125123,3.346229240064007,2,False
ja.wikipedia,桜井日奈子,57,57,57,2025-07-28,2.230535894843276,1.230535894843276,1,False
ja.wikipedia,桜井日奈子,91,97,92,2025-09-01,11.534743202416918,32.1582544467698,7,False
ja.wikipedia,桜井日奈子,100,100,100,2025-09-09,2.2250562640660165,1.2250562640660165,1,False
ja.wikipedia,桜井日奈子,112,112,112,2025-09-21,2.1186685962373373,1.1186685962373373,1,False
ja.wikipedia,桜井日奈子,114,114,114,2025-09-23,2.098679638637943,1.0986796386379432,1,False
ja.wikipedia,桜井日奈子,132,132,132,2025-10-11,12.649458784346377,11.649458784346377,1,False
ja.wikipedia,桜井日奈子,146,146,146,2025-10-25,2.2081598667776854,1.2081598667776854,1,False
ja.wikipedia,桜井日奈子,163,163,163,2025-11-11,2.1255093724531378,1.1255093724531378,1,False
ja.wikipedia,桜井日奈子,174,174,174,2025-11-22,3.751430907604252,2.751430907604252,1,False
ja.wikipedia,桜井日奈子,189,189,189,2025-12-07,3.584055459272097,2.584055459272097,1,False
ja.wikipedia,桜井日奈子,195,195,195,2025-12-13,2.129547471162378,1.129547471162378,1,False
ja.wikipedia,桜井日奈子,204,205,204,2025-12-22,13.336623889437314,14.726554787759131,2,False
ja.wikipedia,桜井日奈子,212,212,212,2025-12-30,4.463849765258216,3.4638497652582156,1,False
ja.wikipedia,桜井日奈子,228,228,228,2026-01-15,2.6765249537892792,1.6765249537892792,1,False
ja.wikipedia,桜井日奈子,249,249,249,2026-02-05,2.0096385542168673,1.0096385542168673,1,False
ja.wikipedia,桜井日奈子,257,258,258,2026-02-14,2.131227217496962,2.1846901579586877,2,False
ja.wikipedia,桜井日奈子,290,291,290,2026-03-18,3.571994715984148,4.060766182298547,2,False
ja.wikipedia,桜井日奈子,325,338,327,2026-04-24,73.38666666666667,210.4579578446615,14,False
ja.wikipedia,桜井日奈子,341,342,342,2026-05-09,4.6066959756509975,5.2906688876148795,2,False
ja.wikipedia,松本純,38,38,38,2025-07-09,2.0256410256410255,1.0256410256410255,1,False
ja.wikipedia,松本純,43,43,43,2025-07-14,2.953488372093023,1.9534883720930232,1,False
ja.wikipedia,松本純,49,52,50,2025-07-21,4.461538461538462,8.093536039893415,4,False
ja.wikipedia,松本純,94,95,94,2025-09-03,3.0444444444444443,3.355555555555555,2,False
ja.wikipedia,松本純,107,107,107,2025-09-16,2.0961538461538463,1.0961538461538463,1,False
ja.wikipedia,松本純,125,137,129,2025-10-08,90.37209302325581,143.52319838091412,13,False
ja.wikipedia,松本純,184,184,184,2025-12-02,2.926829268292683,1.9268292682926829,1,False
ja.wikipedia,松本純,190,190,190,2025-12-08,2.180327868852459,1.180327868852459,1,False
ja.wikipedia,松本純,227,242,240,2026-01-27,4.608695652173913,35.15055342707227,16,False
ja.wikipedia,松本純,252,253,252,2026-02-08,4.02013422818792,4.616959625013317,2,False
ja.wikipedia,松本純,291,303,291,2026-03-19,593.7924528301887,835.1462986925858,13,False
ja.wikipedia,松本純,306,308,307,2026-04-04,5.63855421686747,8.175188375407105,3,False
ja.wikipedia,松本純,344,344,344,2026-05-11,3.3768115942028984,2.3768115942028984,1,False
ja.wikipedia,松本純,351,352,351,2026-05-18,3.0215827338129495,3.079136690647482,2,False
ja.wikipedia,松本純,355,355,355,2026-05-22,2.3309352517985613,1.3309352517985613,1,False
ja.wikipedia,松本純,360,360,360,2026-05-27,3.74468085106383,2.74468085106383,1,False
ja.wikipedia,広瀬すず,38,38,38,2025-07-09,2.069140501110054,1.0691405011100539,1,False
ja.wikipedia,広瀬すず,91,92,91,2025-08-31,5.908981459186131,6.175294967493379,2,False
ja.wikipedia,広瀬すず,97,98,97,2025-09-06,7.565257352941177,9.178308823529413,2,False
ja.wikipedia,広瀬すず,105,105,105,2025-09-14,2.2625602202339987,1.2625602202339987,1,False
ja.wikipedia,広瀬すず,140,140,140,2025-10-19,3.597506061655698,2.597506061655698,1,False
ja.wikipedia,広瀬すず,202,202,202,2025-12-20,2.166363084395871,1.1663630843958712,1,False
ja.wikipedia,広瀬すず,285,286,285,2026-03-13,4.412300683371298,5.340608148264129,2,False
ja.wikipedia,広瀬すず,295,295,295,2026-03-23,2.8161865569272977,1.8161865569272977,1,False
ja.wikipedia,広瀬すず,363,364,363,2026-05-30,18.048167539267016,20.066317626527052,2,False
ja.wikipedia,南丹市,44,44,44,2025-07-15,2.458100558659218,1.458100558659218,1,False
ja.wikipedia,南丹市,55,55,55,2025-07-26,2.132596685082873,1.132596685082873,1,False
ja.wikipedia,南丹市,117,117,117,2025-09-26,2.0276497695852536,1.0276497695852536,1,False
ja.wikipedia,南丹市,119,119,119,2025-09-28,2.0821917808219177,1.0821917808219177,1,False
ja.wikipedia,南丹市,195,195,195,2025-12-13,2.1574074074074074,1.1574074074074074,1,False
ja.wikipedia,南丹市,280,281,280,2026-03-08,2.9045226130653266,3.336683417085427,2,False
ja.wikipedia,南丹市,287,288,287,2026-03-15,2.5825242718446604,3.142910745274612,2,False
ja.wikipedia,南丹市,297,313,310,2026-04-07,29.52140077821012,195.95952480418765,17,False
ja.wikipedia,南丹市,315,320,316,2026-04-13,15.156164383561643,50.19661505858796,6,False
ja.wikipedia,島倉千代子,50,50,50,2025-07-21,8.609400324149108,7.609400324149108,1,False
ja.wikipedia,島倉千代子,71,71,71,2025-08-11,3.8653846153846154,2.8653846153846154,1,False
ja.wikipedia,島倉千代子,77,77,77,2025-08-17,2.5991316931982635,1.5991316931982635,1,False
ja.wikipedia,島倉千代子,79,79,79,2025-08-19,2.0578871201157742,1.0578871201157742,1,False
ja.wikipedia,島倉千代子,84,84,84,2025-08-24,2.911764705882353,1.9117647058823528,1,False
ja.wikipedia,島倉千代子,103,109,103,2025-09-12,28.014025245441797,63.92889508808163,7,False
ja.wikipedia,島倉千代子,122,122,122,2025-10-01,2.237145855194124,1.237145855194124,1,False
ja.wikipedia,島倉千代子,129,129,129,2025-10-08,2.1666666666666665,1.1666666666666665,1,False
ja.wikipedia,島倉千代子,138,138,138,2025-10-17,7.343705799151344,6.343705799151344,1,False
ja.wikipedia,島倉千代子,156,156,156,2025-11-04,13.126543209876543,12.126543209876543,1,False
ja.wikipedia,島倉千代子,159,159,159,2025-11-07,2.373456790123457,1.373456790123457,1,False
ja.wikipedia,島倉千代子,164,164,164,2025-11-12,2.972972972972973,1.9729729729729728,1,False
ja.wikipedia,島倉千代子,177,178,177,2025-11-25,9.726027397260275,11.822284081752255,2,False
ja.wikipedia,島倉千代子,183,183,183,2025-12-01,2.028169014084507,1.028169014084507,1,False
ja.wikipedia,島倉千代子,202,202,202,2025-12-20,3.2241610738255035,2.2241610738255035,1,False
ja.wikipedia,島倉千代子,205,207,207,2025-12-25,10.695652173913043,15.158567774936062,3,False
ja.wikipedia,島倉千代子,212,213,212,2025-12-30,6.158343483556639,8.973877464139163,2,False
ja.wikipedia,島倉千代子,215,215,215,2026-01-02,3.477434679334917,2.477434679334917,1,False
ja.wikipedia,島倉千代子,225,226,225,2026-01-12,6.11829134720701,6.223328860604652,2,False
ja.wikipedia,島倉千代子,233,244,234,2026-01-21,39.97037037037037,93.73805322586429,12,False
ja.wikipedia,島倉千代子,250,250,250,2026-02-06,7.788532351394003,6.788532351394003,1,False
ja.wikipedia,島倉千代子,267,267,267,2026-02-23,4.66573230553609,3.66573230553609,1,False
ja.wikipedia,島倉千代子,279,279,279,2026-03-07,2.2869198312236287,1.2869198312236287,1,False
ja.wikipedia,島倉千代子,297,302,297,2026-03-25,16.598311218335343,26.085437342752545,6,False
ja.wikipedia,島倉千代子,318,318,318,2026-04-15,2.439175257731959,1.439175257731959,1,False
ja.wikipedia,島倉千代子,320,321,321,2026-04-18,6.550592525068368,6.591560867712689,2,False
ja.wikipedia,島倉千代子,328,343,332,2026-04-29,131.24008975317875,769.5842186507825,16,False
ja.wikipedia,尾形崇斗,38,39,39,2025-07-10,4.097560975609756,4.317073170731708,2,False
ja.wikipedia,尾形崇斗,49,49,49,2025-07-20,3.835616438356164,2.835616438356164,1,False
ja.wikipedia,尾形崇斗,60,60,60,2025-07-31,7.8765432098765435,6.8765432098765435,1,False
ja.wikipedia,尾形崇斗,66,66,66,2025-08-06,2.288659793814433,1.2886597938144329,1,False
ja.wikipedia,尾形崇斗,74,75,75,2025-08-15,3.0309278350515463,3.599348887683125,2,False
ja.wikipedia,尾形崇斗,82,82,82,2025-08-22,4.969072164948454,3.9690721649484537,1,False
ja.wikipedia,尾形崇斗,87,87,87,2025-08-27,15.346534653465346,14.346534653465346,1,False
ja.wikipedia,尾形崇斗,90,91,90,2025-08-30,2.8190476190476192,3.104761904761905,2,False
ja.wikipedia,尾形崇斗,98,98,98,2025-09-07,2.7777777777777777,1.7777777777777777,1,False
ja.wikipedia,尾形崇斗,100,100,100,2025-09-09,2.6371681415929205,1.6371681415929205,1,False
ja.wikipedia,尾形崇斗,106,106,106,2025-09-15,2.3689320388349513,1.3689320388349513,1,False
ja.wikipedia,尾形崇斗,108,108,108,2025-09-17,4.609523809523809,3.609523809523809,1,False
ja.wikipedia,尾形崇斗,114,116,115,2025-09-24,11.561904761904762,14.65904761904762,3,False
ja.wikipedia,尾形崇斗,140,140,140,2025-10-19,13.25,12.25,1,False
ja.wikipedia,尾形崇斗,144,151,151,2025-10-30,4.427184466019417,13.476689416514468,8,False
ja.wikipedia,尾形崇斗,183,185,184,2025-12-02,8.129032258064516,11.536049801924165,3,False
ja.wikipedia,尾形崇斗,189,189,189,2025-12-07,2.5833333333333335,1.5833333333333335,1,False
ja.wikipedia,尾形崇斗,203,203,203,2025-12-21,2.574468085106383,1.5744680851063828,1,False
ja.wikipedia,尾形崇斗,236,236,236,2026-01-23,2.6031746031746033,1.6031746031746033,1,False
ja.wikipedia,尾形崇斗,250,250,250,2026-02-06,2.028169014084507,1.028169014084507,1,False
ja.wikipedia,尾形崇斗,258,258,258,2026-02-14,2.2253521126760565,1.2253521126760565,1,False
ja.wikipedia,尾形崇斗,262,262,262,2026-02-18,2.155844155844156,1.155844155844156,1,False
ja.wikipedia,尾形崇斗,269,270,269,2026-02-25,5.813953488372093,6.609408033826638,2,False
ja.wikipedia,尾形崇斗,279,280,279,2026-03-07,10.75,11.477272727272727,2,False
ja.wikipedia,尾形崇斗,306,306,306,2026-04-03,2.197802197802198,1.197802197802198,1,False
ja.wikipedia,尾形崇斗,309,311,310,2026-04-07,11.505376344086022,13.64516129032258,3,False
ja.wikipedia,尾形崇斗,315,315,315,2026-04-12,5.9361702127659575,4.9361702127659575,1,False
ja.wikipedia,尾形崇斗,317,319,318,2026-04-15,20.75,31.6875,3,False
ja.wikipedia,尾形崇斗,321,321,321,2026-04-18,6.114285714285714,5.114285714285714,1,False
ja.wikipedia,尾形崇斗,324,324,324,2026-04-21,3.229357798165138,2.229357798165138,1,False
ja.wikipedia,尾形崇斗,332,333,332,2026-04-29,12.897196261682243,18.69536139929692,2,False
ja.wikipedia,尾形崇斗,336,336,336,2026-05-03,5.457364341085271,4.457364341085271,1,False
ja.wikipedia,尾形崇斗,339,341,341,2026-05-08,2.6164383561643834,4.473581213307241,3,False
ja.wikipedia,尾形崇斗,345,356,345,2026-05-12,905.3475177304964,1213.7728091434872,12,False
ja.wikipedia,尾形崇斗,363,365,364,2026-05-31,23.25728987993139,30.098331557863172,3,False
ja.wikipedia,尾形崇斗,371,371,371,2026-06-07,3.4752267969295185,2.4752267969295185,1,False
ja.wikipedia,土居志央梨,38,39,38,2025-07-09,12.621495327102803,17.037383177570092,2,False
ja.wikipedia,土居志央梨,53,53,53,2025-07-24,4.015706806282722,3.015706806282722,1,False
ja.wikipedia,土居志央梨,70,70,70,2025-08-10,2.0564263322884013,1.0564263322884013,1,False
ja.wikipedia,土居志央梨,72,72,72,2025-08-12,7.056379821958457,6.056379821958457,1,False
ja.wikipedia,土居志央梨,109,111,110,2025-09-19,4.934169278996865,8.486691323460597,3,False
ja.wikipedia,土居志央梨,114,114,114,2025-09-23,2.1964285714285716,1.1964285714285716,1,False
ja.wikipedia,土居志央梨,125,125,125,2025-10-04,2.8651399491094147,1.8651399491094147,1,False
ja.wikipedia,土居志央梨,128,129,128,2025-10-07,6.7245657568238215,7.667493796526054,2,False
ja.wikipedia,土居志央梨,131,131,131,2025-10-10,2.596658711217184,1.596658711217184,1,False
ja.wikipedia,土居志央梨,150,151,150,2025-10-29,13.320175438596491,16.471561366101824,2,False
ja.wikipedia,土居志央梨,154,155,155,2025-11-03,2.44234404536862,2.709833757302776,2,False
ja.wikipedia,土居志央梨,164,165,164,2025-11-12,3.3220973782771535,3.8516083394913188,2,False
ja.wikipedia,土居志央梨,173,173,173,2025-11-21,2.8395989974937343,1.8395989974937343,1,False
ja.wikipedia,土居志央梨,181,183,182,2025-11-30,3.778275475923852,5.746860595328003,3,False
ja.wikipedia,土居志央梨,188,189,188,2025-12-06,2.2937365010799136,2.3452386470026605,2,False
ja.wikipedia,土居志央梨,191,191,191,2025-12-09,2.6709916589434664,1.6709916589434664,1,False
ja.wikipedia,土居志央梨,199,211,202,2025-12-20,18.619565217391305,83.08768694813956,13,False
ja.wikipedia,土居志央梨,272,287,272,2026-02-28,382.08673469387753,757.239581014437,16,False
ja.wikipedia,土居志央梨,289,290,290,2026-03-18,3.7059310344827585,4.564511246891925,2,False
ja.wikipedia,土居志央梨,292,293,292,2026-03-20,4.537257650081757,5.07143486527163,2,False
ja.wikipedia,土居志央梨,331,333,331,2026-04-28,15.691056910569106,20.80081300813008,3,False
ja.wikipedia,土居志央梨,351,356,352,2026-05-19,8.374691865242399,21.14344898149657,6,False
ja.wikipedia,The_GazettE,85,85,85,2025-08-25,2.057142857142857,1.057142857142857,1,False
ja.wikipedia,The_GazettE,182,184,183,2025-12-01,5.821428571428571,7.4279734724940205,3,False
ja.wikipedia,The_GazettE,234,235,235,2026-01-22,2.5435684647302903,2.7592132850262736,2,False
ja.wikipedia,The_GazettE,277,278,278,2026-03-06,3.7319223985890653,4.331569664902998,2,False
ja.wikipedia,The_GazettE,282,288,282,2026-03-10,155.80536912751677,206.92566774010476,7,False
ja.wikipedia,畑芽育,52,56,54,2025-07-25,8.184682453185376,14.807193104131576,5,False
ja.wikipedia,畑芽育,94,94,94,2025-09-03,2.9230312035661217,1.9230312035661217,1,False
ja.wikipedia,畑芽育,101,102,101,2025-09-10,13.132838038632986,17.19405646359584,2,False
ja.wikipedia,畑芽育,105,105,105,2025-09-14,3.0686478454680537,2.0686478454680537,1,False
ja.wikipedia,畑芽育,140,140,140,2025-10-19,2.035876475930972,1.035876475930972,1,False
ja.wikipedia,畑芽育,147,147,147,2025-10-26,2.549163419665368,1.5491634196653679,1,False
ja.wikipedia,畑芽育,189,190,190,2025-12-08,2.6321695760598502,2.6695760598503737,2,False
ja.wikipedia,畑芽育,214,224,224,2026-01-11,4.140520896426408,24.10656946891858,11,False
ja.wikipedia,畑芽育,228,228,228,2026-01-15,2.4394124847001226,1.4394124847001226,1,False
ja.wikipedia,畑芽育,255,255,255,2026-02-11,2.4675178370259108,1.4675178370259108,1,False
ja.wikipedia,畑芽育,263,263,263,2026-02-19,2.9314725353372695,1.9314725353372695,1,False
ja.wikipedia,畑芽育,300,316,300,2026-03-28,21.05464317706778,66.5034561361492,17,False
ja.wikipedia,畑芽育,320,321,320,2026-04-17,8.00213485144992,9.02502943926644,2,False
ja.wikipedia,畑芽育,343,343,343,2026-05-10,2.8331466965285554,1.8331466965285554,1,False
ja.wikipedia,川田翔子,58,61,60,2025-07-31,2.65625,5.5625,4,False
ja.wikipedia,川田翔子,64,64,64,2025-08-04,2.8,1.7999999999999998,1,False
ja.wikipedia,川田翔子,79,80,79,2025-08-19,4.666666666666667,4.773333333333333,2,False
ja.wikipedia,川田翔子,116,117,116,2025-09-25,2.7857142857142856,3.0357142857142856,2,False
ja.wikipedia,川田翔子,138,138,138,2025-10-17,13.344262295081966,12.344262295081966,1,False
ja.wikipedia,川田翔子,177,177,177,2025-11-25,2.04,1.04,1,False
ja.wikipedia,川田翔子,183,185,183,2025-12-01,2.5925925925925926,3.888888888888889,3,False
ja.wikipedia,川田翔子,208,211,209,2025-12-27,84.49056603773585,170.8597968069666,4,False
ja.wikipedia,川田翔子,218,219,219,2026-01-06,2.9508196721311477,3.377049180327869,2,False
ja.wikipedia,川田翔子,221,224,223,2026-01-10,10.742857142857142,19.44957128555827,4,False
ja.wikipedia,川田翔子,296,296,296,2026-03-24,2.488888888888889,1.488888888888889,1,False
ja.wikipedia,川田翔子,303,303,303,2026-03-31,2.0,1.0,1,False
ja.wikipedia,川田翔子,353,366,354,2026-05-21,1046.3030303030303,2850.597734935947,14,False
ja.wikipedia,川田翔子,373,373,373,2026-06-09,2.287116564417178,1.287116564417178,1,False
ja.wikipedia,伊藤俊人,50,50,50,2025-07-21,2.1981981981981984,1.1981981981981984,1,False
ja.wikipedia,伊藤俊人,58,58,58,2025-07-29,2.1488372093023256,1.1488372093023256,1,False
ja.wikipedia,伊藤俊人,103,103,103,2025-09-12,2.5778781038374716,1.5778781038374716,1,False
ja.wikipedia,伊藤俊人,106,119,112,2025-09-21,115.11608961303462,273.8226965050212,14,False
ja.wikipedia,伊藤俊人,174,174,174,2025-11-22,2.0857787810383748,1.0857787810383748,1,False
ja.wikipedia,伊藤俊人,226,226,226,2026-01-13,2.177545691906005,1.1775456919060052,1,False
ja.wikipedia,伊藤俊人,254,255,254,2026-02-10,16.418181818181818,19.98909090909091,2,False
ja.wikipedia,伊藤俊人,257,260,258,2026-02-14,2.931159420289855,5.9357480798913915,4,False
ja.wikipedia,伊藤俊人,263,263,263,2026-02-19,2.1746575342465753,1.1746575342465753,1,False
ja.wikipedia,伊藤俊人,309,310,309,2026-04-06,2.457680250783699,2.689655172413793,2,False
ja.wikipedia,伊藤俊人,314,314,314,2026-04-11,7.907407407407407,6.907407407407407,1,False
ja.wikipedia,伊藤俊人,324,333,326,2026-04-23,384.45885286783044,711.9072286981807,10,False
ja.wikipedia,伊藤俊人,335,336,336,2026-05-03,3.7967914438502675,4.082931533269045,2,False
ja.wikipedia,伊藤俊人,357,365,358,2026-05-25,169.42935779816514,245.24873154076684,9,False
ja.wikipedia,尾上右近_(2代目),34,34,34,2025-07-05,3.877431906614786,2.877431906614786,1,False
ja.wikipedia,尾上右近_(2代目),69,70,69,2025-08-09,5.796915167095116,5.812339331619537,2,False
ja.wikipedia,尾上右近_(2代目),84,84,84,2025-08-24,13.032876712328767,12.032876712328767,1,False
ja.wikipedia,尾上右近_(2代目),100,101,100,2025-09-09,27.18888888888889,27.18888888888889,2,False
ja.wikipedia,尾上右近_(2代目),106,106,106,2025-09-15,11.7119341563786,10.7119341563786,1,False
ja.wikipedia,尾上右近_(2代目),146,147,146,2025-10-25,3.912280701754386,4.154970760233918,2,False
ja.wikipedia,尾上右近_(2代目),151,152,151,2025-10-30,4.384615384615385,4.4142649803027165,2,False
ja.wikipedia,尾上右近_(2代目),174,174,174,2025-11-22,3.30016583747927,2.30016583747927,1,False
ja.wikipedia,尾上右近_(2代目),188,189,189,2025-12-07,8.929188255613125,15.753749659121898,2,False
ja.wikipedia,尾上右近_(2代目),191,197,195,2025-12-13,22.434065934065934,45.394470091239775,7,False
ja.wikipedia,尾上右近_(2代目),201,202,201,2025-12-19,7.995959595959596,8.448927632489276,2,False
ja.wikipedia,尾上右近_(2代目),215,215,215,2026-01-02,3.485057471264368,2.485057471264368,1,False
ja.wikipedia,尾上右近_(2代目),217,217,217,2026-01-04,3.986516853932584,2.986516853932584,1,False
ja.wikipedia,尾上右近_(2代目),224,224,224,2026-01-11,2.1123595505617976,1.1123595505617976,1,False
ja.wikipedia,尾上右近_(2代目),231,231,231,2026-01-18,2.448687350835322,1.4486873508353222,1,False
ja.wikipedia,尾上右近_(2代目),242,242,242,2026-01-29,10.828999211977935,9.828999211977935,1,False
ja.wikipedia,尾上右近_(2代目),266,267,266,2026-02-22,12.326059050064185,13.142490372272144,2,False
ja.wikipedia,尾上右近_(2代目),269,271,269,2026-02-25,9.395701643489254,10.780025284450062,3,False
ja.wikipedia,尾上右近_(2代目),287,298,291,2026-03-19,43.5109375,114.59617648632062,12,False
ja.wikipedia,尾上右近_(2代目),300,301,300,2026-03-28,6.152941176470589,8.855356635407787,2,False
ja.wikipedia,尾上右近_(2代目),308,308,308,2026-04-05,2.0217214227531906,1.0217214227531906,1,False
ja.wikipedia,尾上右近_(2代目),323,324,324,2026-04-21,2.9325762952448544,3.6266855926188786,2,False
ja.wikipedia,尾上右近_(2代目),329,331,330,2026-04-27,4.944584382871536,6.491183879093199,3,False
ja.wikipedia,尾上右近_(2代目),336,337,336,2026-05-03,4.257858769931663,5.076993166287016,2,False
ja.wikipedia,尾上右近_(2代目),347,347,347,2026-05-14,5.564814814814815,4.564814814814815,1,False
ja.wikipedia,尾上右近_(2代目),357,358,358,2026-05-25,4.165492957746479,5.577464788732394,2,False
ja.wikipedia,朝倉海,56,61,56,2025-07-27,4.1262425447316105,11.22465208747515,6,False
ja.wikipedia,朝倉海,63,64,63,2025-08-03,3.5088559119195786,3.768080131408699,2,False
ja.wikipedia,朝倉海,75,79,77,2025-08-17,13.441926345609065,22.684944292870348,5,False
ja.wikipedia,朝倉海,116,116,116,2025-09-25,2.155140186915888,1.155140186915888,1,False
ja.wikipedia,朝倉海,119,119,119,2025-09-28,2.4205607476635516,1.4205607476635516,1,False
ja.wikipedia,朝倉海,157,159,157,2025-11-05,2.4227129337539433,3.8159831756046265,3,False
ja.wikipedia,朝倉海,161,161,161,2025-11-09,2.0630914826498423,1.0630914826498423,1,False
ja.wikipedia,朝倉海,174,177,175,2025-11-23,5.695989650711514,10.461368883929804,4,False
ja.wikipedia,朝倉海,189,190,189,2025-12-07,3.854645814167433,4.026048610739377,2,False
ja.wikipedia,朝倉海,213,215,213,2025-12-31,5.077828054298642,7.870547540380012,3,False
ja.wikipedia,朝倉海,252,252,252,2026-02-08,3.2840965041851304,2.2840965041851304,1,False
ja.wikipedia,朝倉海,279,280,279,2026-03-07,2.7085308056872037,2.9170616113744074,2,False
ja.wikipedia,朝倉海,305,306,305,2026-04-02,11.255434782608695,12.837926365100278,2,False
ja.wikipedia,朝倉海,343,344,343,2026-05-10,3.89375,4.1625,2,False
ja.wikipedia,朝倉海,357,360,358,2026-05-25,2.459502806736167,4.887113718644461,4,False
ja.wikipedia,朝倉海,362,366,363,2026-05-30,18.49530007230658,29.897055455672184,5,False
ja.wikipedia,松岡俊介,39,39,39,2025-07-10,3.61744966442953,2.61744966442953,1,False
ja.wikipedia,松岡俊介,44,46,45,2025-07-16,35.11409395973154,44.91763472987134,3,False
ja.wikipedia,松岡俊介,68,69,69,2025-08-09,2.8411764705882354,3.588235294117647,2,False
ja.wikipedia,松岡俊介,80,80,80,2025-08-20,2.819277108433735,1.819277108433735,1,False
ja.wikipedia,松岡俊介,83,83,83,2025-08-23,2.011461318051576,1.011461318051576,1,False
ja.wikipedia,松岡俊介,89,90,89,2025-08-29,7.146814404432133,8.040547374459381,2,False
ja.wikipedia,松岡俊介,108,108,108,2025-09-17,3.0425531914893615,2.0425531914893615,1,False
ja.wikipedia,松岡俊介,150,151,150,2025-10-29,2.8215488215488214,3.581289081289081,2,False
ja.wikipedia,松岡俊介,171,171,171,2025-11-19,3.6044776119402986,2.6044776119402986,1,False
ja.wikipedia,松岡俊介,180,181,180,2025-11-28,2.924137931034483,3.197175473696599,2,False
ja.wikipedia,松岡俊介,187,187,187,2025-12-05,2.206451612903226,1.206451612903226,1,False
ja.wikipedia,松岡俊介,195,196,195,2025-12-13,2.3517241379310345,2.4541132164293282,2,False
ja.wikipedia,松岡俊介,216,219,217,2026-01-04,21.220858895705522,37.182643651060395,4,False
ja.wikipedia,松岡俊介,223,223,223,2026-01-10,2.8337236533957846,1.8337236533957846,1,False
ja.wikipedia,松岡俊介,225,226,225,2026-01-12,3.259953161592506,3.685582452210355,2,False
ja.wikipedia,松岡俊介,228,228,228,2026-01-15,2.3555555555555556,1.3555555555555556,1,False
ja.wikipedia,松岡俊介,236,236,236,2026-01-23,14.415349887133182,13.415349887133182,1,False
ja.wikipedia,松岡俊介,271,271,271,2026-02-27,2.858131487889273,1.8581314878892732,1,False
ja.wikipedia,松岡俊介,286,287,286,2026-03-14,5.462765957446808,6.186170212765957,2,False
ja.wikipedia,松岡俊介,293,300,294,2026-03-22,32.24925816023739,76.29008376677001,8,False
ja.wikipedia,松岡俊介,303,311,304,2026-04-01,51.80487804878049,157.90220691496984,9,False
ja.wikipedia,松岡俊介,332,332,332,2026-04-29,2.578767123287671,1.5787671232876712,1,False
ja.wikipedia,松岡俊介,360,360,360,2026-05-27,4.47415329768271,3.47415329768271,1,False
ja.wikipedia,秋田児童連続殺害事件,79,86,80,2025-08-20,21.278752436647174,34.657240219557444,8,False
ja.wikipedia,秋田児童連続殺害事件,130,132,132,2025-10-11,4.261954261954262,6.841995841995842,3,False
ja.wikipedia,秋田児童連続殺害事件,176,176,176,2025-11-24,5.502890173410405,4.502890173410405,1,False
ja.wikipedia,秋田児童連続殺害事件,185,186,185,2025-12-03,12.148,12.559999999999999,2,False
ja.wikipedia,秋田児童連続殺害事件,227,227,227,2026-01-14,2.8833333333333333,1.8833333333333333,1,False
ja.wikipedia,秋田児童連続殺害事件,238,238,238,2026-01-25,2.090909090909091,1.0909090909090908,1,False
ja.wikipedia,秋田児童連続殺害事件,254,255,254,2026-02-10,10.186915887850468,13.836118621335661,2,False
ja.wikipedia,秋田児童連続殺害事件,291,295,292,2026-03-20,23.35890410958904,36.54130967764836,5,False
ja.wikipedia,秋田児童連続殺害事件,302,312,310,2026-04-07,15.226502311248074,67.67592136953363,11,False
ja.wikipedia,秋田児童連続殺害事件,315,322,318,2026-04-15,15.340348330914368,45.50664065814751,8,False
ja.wikipedia,秋田児童連続殺害事件,368,369,368,2026-06-04,13.709219858156029,13.890070921985817,2,False
ja.wikipedia,浅井長政,217,220,218,2026-01-05,5.46875,9.676806707409078,4,False
ja.wikipedia,浅井長政,223,225,224,2026-01-11,4.302290076335878,5.984930316467407,3,False
ja.wikipedia,浅井長政,231,231,231,2026-01-18,2.393479482855537,1.393479482855537,1,False
ja.wikipedia,浅井長政,238,238,238,2026-01-25,2.529441368897836,1.529441368897836,1,False
ja.wikipedia,浅井長政,259,259,259,2026-02-15,2.083687083080655,1.083687083080655,1,False
ja.wikipedia,浅井長政,266,266,266,2026-02-22,2.238031914893617,1.2380319148936172,1,False
ja.wikipedia,浅井長政,273,273,273,2026-03-01,2.6871938418474457,1.6871938418474457,1,False
ja.wikipedia,浅井長政,280,280,280,2026-03-08,2.871419053964024,1.8714190539640239,1,False
ja.wikipedia,浅井長政,287,297,287,2026-03-15,29.095971563981042,79.27363514039796,11,False
ja.wikipedia,浅井長政,301,303,301,2026-03-29,14.51243908694537,21.203028091161887,3,False
ja.wikipedia,浅井長政,307,310,308,2026-04-05,21.620405358983167,29.53675203509366,4,False
ja.wikipedia,浅井長政,314,316,315,2026-04-12,8.698179495368892,12.054382928605701,3,False
ja.wikipedia,浅井長政,322,323,322,2026-04-19,6.133836932424665,6.5617866819935955,2,False
ja.wikipedia,浅井長政,336,337,336,2026-05-03,9.147269433180917,10.495384349926667,2,False
ja.wikipedia,浅井長政,339,339,339,2026-05-06,2.1832456216029676,1.1832456216029676,1,False
ja.wikipedia,上坂樹里,39,39,39,2025-07-10,2.323570432357043,1.3235704323570432,1,False
ja.wikipedia,上坂樹里,42,44,42,2025-07-13,3.9665271966527196,6.03486750348675,3,False
ja.wikipedia,上坂樹里,50,50,50,2025-07-21,2.1136363636363638,1.1136363636363638,1,False
ja.wikipedia,上坂樹里,68,69,68,2025-08-08,5.634408602150538,6.776588696937267,2,False
ja.wikipedia,上坂樹里,72,74,74,2025-08-14,3.6279620853080567,5.632701421800948,3,False
ja.wikipedia,上坂樹里,99,111,104,2025-09-13,13.005988023952096,47.56783412869977,13,False
ja.wikipedia,上坂樹里,130,130,130,2025-10-09,2.5710363761153054,1.5710363761153054,1,False
ja.wikipedia,上坂樹里,145,145,145,2025-10-24,3.2979253112033193,2.2979253112033193,1,False
ja.wikipedia,上坂樹里,173,173,173,2025-11-21,5.661807580174927,4.661807580174927,1,False
ja.wikipedia,上坂樹里,182,182,182,2025-11-30,2.962655601659751,1.9626556016597512,1,False
ja.wikipedia,上坂樹里,184,184,184,2025-12-02,2.5518672199170123,1.5518672199170123,1,False
ja.wikipedia,上坂樹里,196,198,197,2025-12-15,5.532319391634981,8.180009034188894,3,False
ja.wikipedia,上坂樹里,213,213,213,2025-12-31,3.317149569303054,2.317149569303054,1,False
ja.wikipedia,上坂樹里,218,221,219,2026-01-06,3.664754620777565,7.489334072959068,4,False
ja.wikipedia,上坂樹里,231,233,232,2026-01-19,3.2514450867052025,5.3435338684031635,3,False
ja.wikipedia,上坂樹里,243,243,243,2026-01-30,3.746018440905281,2.746018440905281,1,False
ja.wikipedia,上坂樹里,254,255,254,2026-02-10,5.627786417833074,5.920165889061691,2,False
ja.wikipedia,上坂樹里,261,261,261,2026-02-17,2.621164021164021,1.621164021164021,1,False
ja.wikipedia,上坂樹里,269,269,269,2026-02-25,3.229952203929899,2.229952203929899,1,False
ja.wikipedia,上坂樹里,284,286,285,2026-03-13,7.494461228600201,9.792547834843907,3,False
ja.wikipedia,上坂樹里,288,288,288,2026-03-16,2.152575315840622,1.1525753158406218,1,False
ja.wikipedia,上坂樹里,290,295,291,2026-03-19,24.298363811357074,46.68137380972803,6,False
ja.wikipedia,上坂樹里,297,310,302,2026-03-30,12.989837837837838,55.604633709323515,14,False
ja.wikipedia,上坂樹里,349,349,349,2026-05-16,4.252355440605949,3.2523554406059487,1,False
ja.wikipedia,渕上彩夏,54,55,54,2025-07-25,3.4820143884892087,4.0,2,False
ja.wikipedia,渕上彩夏,76,76,76,2025-08-16,2.4695652173913043,1.4695652173913043,1,False
ja.wikipedia,渕上彩夏,90,90,90,2025-08-30,2.9504950495049505,1.9504950495049505,1,False
ja.wikipedia,渕上彩夏,94,94,94,2025-09-03,5.520833333333333,4.520833333333333,1,False
ja.wikipedia,渕上彩夏,97,97,97,2025-09-06,4.326923076923077,3.3269230769230766,1,False
ja.wikipedia,渕上彩夏,104,104,104,2025-09-13,2.610526315789474,1.6105263157894738,1,False
ja.wikipedia,渕上彩夏,139,139,139,2025-10-18,3.0714285714285716,2.0714285714285716,1,False
ja.wikipedia,渕上彩夏,146,146,146,2025-10-25,6.166666666666667,5.166666666666667,1,False
ja.wikipedia,渕上彩夏,160,160,160,2025-11-08,6.17910447761194,5.17910447761194,1,False
ja.wikipedia,渕上彩夏,167,167,167,2025-11-15,3.8461538461538463,2.8461538461538463,1,False
ja.wikipedia,渕上彩夏,174,174,174,2025-11-22,2.1538461538461537,1.1538461538461537,1,False
ja.wikipedia,渕上彩夏,176,176,176,2025-11-24,2.0923076923076924,1.0923076923076924,1,False
ja.wikipedia,渕上彩夏,188,188,188,2025-12-06,3.085714285714286,2.085714285714286,1,False
ja.wikipedia,渕上彩夏,195,195,195,2025-12-13,2.3714285714285714,1.3714285714285714,1,False
ja.wikipedia,渕上彩夏,210,210,210,2025-12-28,2.090909090909091,1.0909090909090908,1,False
ja.wikipedia,渕上彩夏,223,223,223,2026-01-10,3.046153846153846,2.046153846153846,1,False
ja.wikipedia,渕上彩夏,230,230,230,2026-01-17,6.819672131147541,5.819672131147541,1,False
ja.wikipedia,渕上彩夏,237,237,237,2026-01-24,2.953846153846154,1.953846153846154,1,False
ja.wikipedia,渕上彩夏,244,244,244,2026-01-31,2.0307692307692307,1.0307692307692307,1,False
ja.wikipedia,渕上彩夏,251,251,251,2026-02-07,3.0476190476190474,2.0476190476190474,1,False
ja.wikipedia,渕上彩夏,258,258,258,2026-02-14,3.111111111111111,2.111111111111111,1,False
ja.wikipedia,渕上彩夏,265,265,265,2026-02-21,2.193548387096774,1.193548387096774,1,False
ja.wikipedia,渕上彩夏,271,272,272,2026-02-28,2.7666666666666666,2.7666666666666666,2,False
ja.wikipedia,渕上彩夏,279,281,281,2026-03-09,3.4,5.866666666666667,3,False
ja.wikipedia,渕上彩夏,286,286,286,2026-03-14,3.5238095238095237,2.5238095238095237,1,False
ja.wikipedia,渕上彩夏,292,293,293,2026-03-21,3.295774647887324,3.420774647887324,2,False
ja.wikipedia,渕上彩夏,300,302,302,2026-03-30,3.697674418604651,5.760965557845157,3,False
ja.wikipedia,渕上彩夏,321,323,322,2026-04-19,16.119402985074625,23.029850746268654,3,False
ja.wikipedia,渕上彩夏,325,325,325,2026-04-22,2.3835616438356166,1.3835616438356166,1,False
ja.wikipedia,渕上彩夏,342,342,342,2026-05-09,2.675,1.6749999999999998,1,False
ja.wikipedia,渕上彩夏,344,357,345,2026-05-12,1497.3734939759036,2914.2495299980856,14,False
ja.wikipedia,ルーホッラー・ホメイニー,141,141,141,2025-10-20,2.772532188841202,1.7725321888412018,1,False
ja.wikipedia,ルーホッラー・ホメイニー,183,189,183,2025-12-01,14.81981981981982,29.93423979045124,7,False
ja.wikipedia,ルーホッラー・ホメイニー,193,194,193,2025-12-11,5.682819383259912,5.973568281938326,2,False
ja.wikipedia,ルーホッラー・ホメイニー,218,231,224,2026-01-11,24.061643835616437,156.48892032942848,14,False
ja.wikipedia,ルーホッラー・ホメイニー,267,267,267,2026-02-23,2.0157068062827226,1.0157068062827226,1,False
ja.wikipedia,ルーホッラー・ホメイニー,272,285,273,2026-03-01,277.98645598194133,672.9830124384404,14,False
ja.wikipedia,ルーホッラー・ホメイニー,365,367,365,2026-06-01,3.994490358126722,5.093663911845731,3,False
ja.wikipedia,お市の方,70,71,70,2025-08-10,2.1925254813137034,2.2282796712578374,2,False
ja.wikipedia,お市の方,73,75,75,2025-08-15,3.6003956478733925,5.063347353064841,3,False
ja.wikipedia,お市の方,184,184,184,2025-12-02,2.23069403714565,1.2306940371456498,1,False
ja.wikipedia,お市の方,196,196,196,2025-12-14,2.01980198019802,1.0198019801980198,1,False
ja.wikipedia,お市の方,214,220,217,2026-01-04,9.107648725212465,20.087741106597974,7,False
ja.wikipedia,お市の方,223,228,224,2026-01-11,22.582649472450175,39.73836098638445,6,False
ja.wikipedia,お市の方,230,232,231,2026-01-18,6.381315538608198,9.035083869453612,3,False
ja.wikipedia,お市の方,238,239,238,2026-01-25,6.084745762711864,6.7428593288796,2,False
ja.wikipedia,お市の方,259,260,259,2026-02-15,5.225688073394496,5.429357798165138,2,False
ja.wikipedia,お市の方,266,266,266,2026-02-22,2.0825688073394497,1.0825688073394497,1,False
ja.wikipedia,お市の方,287,296,287,2026-03-15,34.27351664254704,74.61053463830271,10,False
ja.wikipedia,お市の方,301,303,301,2026-03-29,8.40165128703254,11.37472675107082,3,False
ja.wikipedia,お市の方,308,309,308,2026-04-05,6.118651685393258,6.467003333744907,2,False
ja.wikipedia,お市の方,315,315,315,2026-04-12,3.7626238791882964,2.7626238791882964,1,False
ja.wikipedia,お市の方,322,323,322,2026-04-19,7.679331941544885,8.702296450939457,2,False
ja.wikipedia,お市の方,336,339,336,2026-05-03,15.271760425412818,23.753428491463758,4,False
ja.wikipedia,お市の方,342,343,343,2026-05-10,2.190780767534186,2.3502408453195898,2,False
ja.wikipedia,金丸夢斗,30,30,30,2025-07-01,7.174757281553398,6.174757281553398,1,False
ja.wikipedia,金丸夢斗,37,39,37,2025-07-08,66.2731411229135,80.09693673700488,3,False
ja.wikipedia,金丸夢斗,43,46,46,2025-07-17,3.1918542336548765,6.005638532110835,4,False
ja.wikipedia,金丸夢斗,50,51,50,2025-07-21,10.463536463536464,11.160623842177241,2,False
ja.wikipedia,金丸夢斗,60,60,60,2025-07-31,14.210328638497652,13.210328638497652,1,False
ja.wikipedia,金丸夢斗,67,70,67,2025-08-07,49.2056338028169,61.737250665683014,4,False
ja.wikipedia,金丸夢斗,75,76,75,2025-08-15,4.199460916442049,4.310768336936748,2,False
ja.wikipedia,金丸夢斗,84,85,84,2025-08-24,3.3692579505300353,4.075855172752258,2,False
ja.wikipedia,金丸夢斗,101,101,101,2025-09-10,6.814814814814815,5.814814814814815,1,False
ja.wikipedia,金丸夢斗,108,108,108,2025-09-17,4.186195826645265,3.186195826645265,1,False
ja.wikipedia,金丸夢斗,119,119,119,2025-09-28,8.63621533442088,7.63621533442088,1,False
ja.wikipedia,金丸夢斗,129,129,129,2025-10-08,2.8082408874801903,1.8082408874801903,1,False
ja.wikipedia,金丸夢斗,140,140,140,2025-10-19,2.023140495867769,1.0231404958677688,1,False
ja.wikipedia,金丸夢斗,143,145,144,2025-10-23,6.612903225806452,9.08890467247367,3,False
ja.wikipedia,金丸夢斗,162,164,163,2025-11-11,2.8637992831541217,4.383580171772502,3,False
ja.wikipedia,金丸夢斗,167,171,168,2025-11-16,74.4361549497848,83.45911047345767,5,False
ja.wikipedia,金丸夢斗,199,199,199,2025-12-17,2.3380281690140845,1.3380281690140845,1,False
ja.wikipedia,金丸夢斗,202,202,202,2025-12-20,4.282105263157895,3.282105263157895,1,False
ja.wikipedia,金丸夢斗,210,212,211,2025-12-29,7.503386004514673,9.600451467268623,3,False
ja.wikipedia,金丸夢斗,224,225,225,2026-01-12,2.941724941724942,3.4312354312354314,2,False
ja.wikipedia,金丸夢斗,233,233,233,2026-01-20,3.324074074074074,2.324074074074074,1,False
ja.wikipedia,金丸夢斗,245,247,245,2026-02-01,2.661870503597122,4.365215020558958,3,False
ja.wikipedia,金丸夢斗,255,255,255,2026-02-11,2.7705263157894735,1.7705263157894735,1,False
ja.wikipedia,金丸夢斗,265,268,266,2026-02-22,11.668639053254438,27.381229268067447,4,False
ja.wikipedia,金丸夢斗,270,280,275,2026-03-03,82.03846153846153,140.59279456092176,11,False
ja.wikipedia,金丸夢斗,282,283,282,2026-03-10,35.01899535669059,39.91889215751618,2,False
ja.wikipedia,金丸夢斗,303,303,303,2026-03-31,2.9072494669509594,1.9072494669509594,1,False
ja.wikipedia,金丸夢斗,310,310,310,2026-04-07,2.891914893617021,1.8919148936170211,1,False
ja.wikipedia,金丸夢斗,317,317,317,2026-04-14,4.924050632911392,3.924050632911392,1,False
ja.wikipedia,金丸夢斗,324,325,324,2026-04-21,11.27621483375959,12.56010230179028,2,False
ja.wikipedia,金丸夢斗,331,332,331,2026-04-28,6.112517580872011,6.818565400843882,2,False
ja.wikipedia,金丸夢斗,337,339,338,2026-05-05,20.425655976676385,21.956268221574344,3,False
ja.wikipedia,金丸夢斗,345,345,345,2026-05-12,3.3587115666178624,2.3587115666178624,1,False
ja.wikipedia,金丸夢斗,351,352,352,2026-05-19,12.225988700564972,12.266984308178442,2,False
ja.wikipedia,金丸夢斗,361,361,361,2026-05-28,3.856025039123631,2.856025039123631,1,False
ja.wikipedia,金丸夢斗,368,368,368,2026-06-04,3.908805031446541,2.908805031446541,1,False
ja.wikipedia,田中麗奈,41,43,43,2025-07-14,2.5602923264311817,4.120584652862363,3,False
ja.wikipedia,田中麗奈,48,49,49,2025-07-20,6.048611111111111,7.12037037037037,2,False
ja.wikipedia,田中麗奈,61,61,61,2025-08-01,2.533462657613967,1.533462657613967,1,False
ja.wikipedia,田中麗奈,69,70,69,2025-08-09,2.9120772946859903,2.9681159420289855,2,False
ja.wikipedia,田中麗奈,75,77,76,2025-08-16,6.7073170731707314,13.087478490903413,3,False
ja.wikipedia,田中麗奈,91,91,91,2025-08-31,6.589363557105493,5.589363557105493,1,False
ja.wikipedia,田中麗奈,135,135,135,2025-10-14,3.7011795543905635,2.7011795543905635,1,False
ja.wikipedia,田中麗奈,137,142,137,2025-10-16,19.570117955439056,32.42779595917126,6,False
ja.wikipedia,田中麗奈,144,144,144,2025-10-23,5.326829268292683,4.326829268292683,1,False
ja.wikipedia,田中麗奈,147,147,147,2025-10-26,6.568742655699177,5.568742655699177,1,False
ja.wikipedia,田中麗奈,178,181,178,2025-11-26,62.39874739039666,69.06700350541615,4,False
ja.wikipedia,田中麗奈,263,269,263,2026-02-19,138.19975339087546,254.4210852775406,7,False
ja.wikipedia,田中麗奈,272,272,272,2026-02-28,3.8220858895705523,2.8220858895705523,1,False
ja.wikipedia,田中麗奈,274,275,274,2026-03-02,4.886203423967775,7.510021949487624,2,False
ja.wikipedia,田中麗奈,280,280,280,2026-03-08,2.994671403197158,1.9946714031971582,1,False
ja.wikipedia,田中麗奈,284,284,284,2026-03-12,4.456279809220986,3.4562798092209857,1,False
ja.wikipedia,田中麗奈,287,287,287,2026-03-15,8.280968858131487,7.280968858131487,1,False
ja.wikipedia,田中麗奈,293,293,293,2026-03-21,2.1272131147540985,1.1272131147540985,1,False
ja.wikipedia,田中麗奈,297,297,297,2026-03-25,6.571847507331379,5.571847507331379,1,False
ja.wikipedia,田中麗奈,299,309,299,2026-03-27,55.89296187683284,156.62353417155782,11,False
ja.wikipedia,田中麗奈,315,315,315,2026-04-12,2.472361809045226,1.4723618090452262,1,False
ja.wikipedia,田中麗奈,327,328,327,2026-04-24,7.381963927855711,7.707414829659319,2,False
ja.wikipedia,田中麗奈,331,332,331,2026-04-28,5.304347826086956,6.113712374581939,2,False
ja.wikipedia,田中麗奈,338,338,338,2026-05-05,3.404854368932039,2.404854368932039,1,False
ja.wikipedia,田中麗奈,347,347,347,2026-05-14,2.4818823529411764,1.4818823529411764,1,False
ja.wikipedia,GLIM_SPANKY,70,70,70,2025-08-10,2.0508474576271185,1.0508474576271185,1,False
ja.wikipedia,GLIM_SPANKY,172,176,172,2025-11-20,18.76883116883117,28.305592699353262,5,False
ja.wikipedia,GLIM_SPANKY,230,230,230,2026-01-17,2.861878453038674,1.861878453038674,1,False
ja.wikipedia,GLIM_SPANKY,249,253,250,2026-02-06,47.14496314496314,99.87728310496057,5,False
ja.wikipedia,GLIM_SPANKY,277,277,277,2026-03-05,4.939297124600639,3.939297124600639,1,False
ja.wikipedia,GLIM_SPANKY,327,330,327,2026-04-24,94.31855500821018,101.59934318555008,4,False
ja.wikipedia,GLIM_SPANKY,342,343,342,2026-05-09,18.65934065934066,18.752747252747255,2,False
ja.wikipedia,能條愛未,46,46,46,2025-07-17,4.169491525423729,3.1694915254237293,1,False
ja.wikipedia,能條愛未,60,60,60,2025-07-31,3.183333333333333,2.183333333333333,1,False
ja.wikipedia,能條愛未,131,131,131,2025-10-10,5.677966101694915,4.677966101694915,1,False
ja.wikipedia,能條愛未,138,138,138,2025-10-17,2.243478260869565,1.2434782608695651,1,False
ja.wikipedia,能條愛未,162,176,162,2025-11-10,3308.2987012987014,4243.223737417059,15,False
ja.wikipedia,能條愛未,185,185,185,2025-12-03,3.841517857142857,2.841517857142857,1,False
ja.wikipedia,能條愛未,191,193,191,2025-12-09,16.664489795918367,21.955102040816325,3,False
ja.wikipedia,能條愛未,202,202,202,2025-12-20,2.3672955974842766,1.3672955974842766,1,False
ja.wikipedia,能條愛未,227,227,227,2026-01-14,6.389863547758285,5.389863547758285,1,False
ja.wikipedia,能條愛未,231,235,233,2026-01-20,131.7270341207349,173.73519682237372,5,False
ja.wikipedia,能條愛未,242,242,242,2026-01-29,2.7945205479452055,1.7945205479452055,1,False
ja.wikipedia,能條愛未,254,256,254,2026-02-10,35.7907949790795,43.148610421640704,3,False
ja.wikipedia,能條愛未,274,274,274,2026-03-02,2.751196172248804,1.7511961722488039,1,False
ja.wikipedia,能條愛未,280,280,280,2026-03-08,4.06356968215159,3.0635696821515896,1,False
ja.wikipedia,能條愛未,306,310,306,2026-04-03,91.67521367521367,135.2961153145579,5,False
ja.wikipedia,能條愛未,314,314,314,2026-04-11,2.180327868852459,1.180327868852459,1,False
ja.wikipedia,能條愛未,316,316,316,2026-04-13,9.032786885245901,8.032786885245901,1,False
ja.wikipedia,能條愛未,318,320,318,2026-04-15,3.83739837398374,8.040704997676237,3,False
ja.wikipedia,能條愛未,329,329,329,2026-04-26,5.8982035928143715,4.8982035928143715,1,False
ja.wikipedia,能條愛未,332,333,332,2026-04-29,3.728,4.073360824742268,2,False
ja.wikipedia,能條愛未,337,338,337,2026-05-04,9.552,9.909333333333333,2,False
ja.wikipedia,能條愛未,341,342,341,2026-05-08,4.212435233160622,4.990213010938399,2,False
ja.wikipedia,能條愛未,345,345,345,2026-05-12,2.138392857142857,1.1383928571428572,1,False
ja.wikipedia,能條愛未,352,354,352,2026-05-19,3.339366515837104,5.699574071212699,3,False
ja.wikipedia,能條愛未,357,357,357,2026-05-24,3.9047619047619047,2.9047619047619047,1,False
ja.wikipedia,大山捨松,50,50,50,2025-07-21,2.0392156862745097,1.0392156862745097,1,False
ja.wikipedia,大山捨松,145,148,145,2025-10-24,17.68918918918919,26.445945945945944,4,False
ja.wikipedia,大山捨松,150,151,150,2025-10-29,4.932038834951456,5.5945388349514555,2,False
ja.wikipedia,大山捨松,154,154,154,2025-11-02,2.5444126074498565,1.5444126074498565,1,False
ja.wikipedia,大山捨松,161,161,161,2025-11-09,3.916201117318436,2.916201117318436,1,False
ja.wikipedia,大山捨松,164,164,164,2025-11-12,2.555831265508685,1.5558312655086848,1,False
ja.wikipedia,大山捨松,190,190,190,2025-12-08,3.507936507936508,2.507936507936508,1,False
ja.wikipedia,大山捨松,238,238,238,2026-01-25,3.044776119402985,2.044776119402985,1,False
ja.wikipedia,大山捨松,243,243,243,2026-01-30,2.3411764705882354,1.3411764705882354,1,False
ja.wikipedia,大山捨松,245,246,245,2026-02-01,11.456521739130435,11.927109974424553,2,False
ja.wikipedia,大山捨松,249,249,249,2026-02-05,3.0673575129533677,2.0673575129533677,1,False
ja.wikipedia,大山捨松,282,288,282,2026-03-10,8.394088669950738,22.34560451113227,7,False
ja.wikipedia,大山捨松,290,295,292,2026-03-20,12.946153846153846,31.36148626867476,6,False
ja.wikipedia,大山捨松,297,298,298,2026-03-26,2.4160305343511452,2.6699631186208084,2,False
ja.wikipedia,大山捨松,300,303,301,2026-03-29,3.861874559548978,8.498114943247698,4,False
ja.wikipedia,大山捨松,305,321,306,2026-04-03,48.916030534351144,195.4503762478704,17,False
ja.wikipedia,大山捨松,323,323,323,2026-04-20,2.505769526642392,1.5057695266423918,1,False
ja.wikipedia,藤原季節,68,69,69,2025-08-09,2.6333333333333333,2.8266106442577033,2,False
ja.wikipedia,藤原季節,77,77,77,2025-08-17,2.0601503759398496,1.0601503759398496,1,False
ja.wikipedia,藤原季節,93,98,94,2025-09-03,29.18918918918919,54.239693654316206,6,False
ja.wikipedia,藤原季節,100,101,100,2025-09-09,3.3279132791327912,4.037246612466125,2,False
ja.wikipedia,藤原季節,104,106,104,2025-09-13,8.971563981042655,11.687203791469196,3,False
ja.wikipedia,藤原季節,108,108,108,2025-09-17,2.483050847457627,1.4830508474576272,1,False
ja.wikipedia,藤原季節,139,139,139,2025-10-18,3.477333333333333,2.477333333333333,1,False
ja.wikipedia,藤原季節,173,175,173,2025-11-21,2.782874617737003,4.333333333333333,3,False
ja.wikipedia,藤原季節,177,177,177,2025-11-25,2.139393939393939,1.1393939393939392,1,False
ja.wikipedia,藤原季節,180,191,181,2025-11-29,28.03314917127072,81.14578784863791,12,False
ja.wikipedia,藤原季節,271,271,271,2026-02-27,3.956140350877193,2.956140350877193,1,False
ja.wikipedia,藤原季節,283,285,283,2026-03-11,2.793859649122807,4.196948893974065,3,False
ja.wikipedia,藤原季節,292,292,292,2026-03-20,2.2304832713754648,1.2304832713754648,1,False
ja.wikipedia,藤原季節,296,309,298,2026-03-26,53.79391891891892,169.26826246705093,14,False
ja.wikipedia,藤原季節,317,326,321,2026-04-18,9.895743227862509,57.649874542522745,10,False
ja.wikipedia,藤原季節,328,329,328,2026-04-25,4.9445222751471,6.183244606332305,2,False
ja.wikipedia,藤原季節,353,354,354,2026-05-21,6.714436248682824,10.588777660695468,2,False
ja.wikipedia,山梨キャンプ場女児失踪事件,112,115,112,2025-09-21,44.6234756097561,77.7515243902439,4,False
ja.wikipedia,山梨キャンプ場女児失踪事件,120,121,120,2025-09-29,3.704204204204204,3.8678678678678677,2,False
ja.wikipedia,山梨キャンプ場女児失踪事件,123,123,123,2025-10-02,2.418429003021148,1.418429003021148,1,False
ja.wikipedia,山梨キャンプ場女児失踪事件,153,153,153,2025-11-01,2.0831295843520783,1.0831295843520783,1,False
ja.wikipedia,山梨キャンプ場女児失踪事件,159,159,159,2025-11-07,3.1918032786885244,2.1918032786885244,1,False
ja.wikipedia,山梨キャンプ場女児失踪事件,238,238,238,2026-01-25,9.885085574572127,8.885085574572127,1,False
ja.wikipedia,山梨キャンプ場女児失踪事件,241,243,241,2026-01-28,4.713936430317848,7.168704156479217,3,False
ja.wikipedia,山梨キャンプ場女児失踪事件,298,317,310,2026-04-07,62.78586723768736,428.62286636610673,20,False
ja.wikipedia,山梨キャンプ場女児失踪事件,362,364,362,2026-05-29,39.908419497784344,42.98522895125554,3,False
ja.wikipedia,黄泉のツガイ,35,48,35,2025-07-06,32.916030534351144,84.72098193554011,14,False
ja.wikipedia,黄泉のツガイ,104,108,105,2025-09-14,8.595281306715064,21.312159709618875,5,False
ja.wikipedia,黄泉のツガイ,130,134,131,2025-10-10,6.029850746268656,12.581315154875924,5,False
ja.wikipedia,黄泉のツガイ,164,169,164,2025-11-12,3.137007874015748,9.149606299212598,6,False
ja.wikipedia,黄泉のツガイ,246,252,247,2026-02-03,9.115562403697997,26.72573189522342,7,False
ja.wikipedia,黄泉のツガイ,284,288,286,2026-03-14,3.2104770813844716,8.6186415569575,5,False
ja.wikipedia,黄泉のツガイ,294,294,294,2026-03-22,2.9105003523608173,1.9105003523608173,1,False
ja.wikipedia,黄泉のツガイ,301,301,301,2026-03-29,2.70702924576706,1.70702924576706,1,False
ja.wikipedia,黄泉のツガイ,307,322,308,2026-04-05,31.21340523882897,144.67538833730106,16,False
ja.wikipedia,髙橋宏斗,31,31,31,2025-07-02,3.573816155988858,2.573816155988858,1,False
ja.wikipedia,髙橋宏斗,38,38,38,2025-07-09,6.537062937062937,5.537062937062937,1,False
ja.wikipedia,髙橋宏斗,45,46,45,2025-07-16,13.121678321678322,14.449479151553842,2,False
ja.wikipedia,髙橋宏斗,55,55,55,2025-07-26,2.5312084993359893,1.5312084993359893,1,False
ja.wikipedia,髙橋宏斗,62,63,62,2025-08-02,4.845849802371541,5.002303518147291,2,False
ja.wikipedia,髙橋宏斗,69,70,69,2025-08-09,8.900360144057624,9.09039490651417,2,False
ja.wikipedia,髙橋宏斗,76,76,76,2025-08-16,2.3083083083083085,1.3083083083083085,1,False
ja.wikipedia,髙橋宏斗,83,83,83,2025-08-23,2.4516129032258065,1.4516129032258065,1,False
ja.wikipedia,髙橋宏斗,90,90,90,2025-08-30,2.1153846153846154,1.1153846153846154,1,False
ja.wikipedia,髙橋宏斗,97,97,97,2025-09-06,2.375569735642662,1.375569735642662,1,False
ja.wikipedia,髙橋宏斗,104,104,104,2025-09-13,2.0925553319919517,1.0925553319919517,1,False
ja.wikipedia,髙橋宏斗,111,111,111,2025-09-20,2.0521091811414394,1.0521091811414394,1,False
ja.wikipedia,髙橋宏斗,118,118,118,2025-09-27,3.7406855439642324,2.7406855439642324,1,False
ja.wikipedia,髙橋宏斗,167,168,168,2025-11-16,10.669822485207101,10.785798816568047,2,False
ja.wikipedia,髙橋宏斗,194,195,194,2025-12-12,14.718248175182481,17.016058394160584,2,False
ja.wikipedia,髙橋宏斗,237,237,237,2026-01-24,3.586206896551724,2.586206896551724,1,False
ja.wikipedia,髙橋宏斗,239,241,239,2026-01-26,12.490421455938698,17.547892720306514,3,False
ja.wikipedia,髙橋宏斗,244,249,248,2026-02-04,4.134948096885813,11.821253117697893,6,False
ja.wikipedia,髙橋宏斗,251,251,251,2026-02-07,2.7507598784194527,1.7507598784194527,1,False
ja.wikipedia,髙橋宏斗,267,267,267,2026-02-23,6.096230954290297,5.096230954290297,1,False
ja.wikipedia,髙橋宏斗,271,283,282,2026-03-10,46.85945633314054,130.04434047056432,13,False
ja.wikipedia,髙橋宏斗,301,301,301,2026-03-29,3.286205817954332,2.286205817954332,1,False
ja.wikipedia,髙橋宏斗,315,315,315,2026-04-12,5.335949764521193,4.335949764521193,1,False
ja.wikipedia,髙橋宏斗,322,322,322,2026-04-19,7.575634517766497,6.575634517766497,1,False
ja.wikipedia,髙橋宏斗,329,329,329,2026-04-26,5.665488810365136,4.665488810365136,1,False
ja.wikipedia,髙橋宏斗,339,340,339,2026-05-06,14.708433734939758,17.832108646600535,2,False
ja.wikipedia,髙橋宏斗,350,350,350,2026-05-17,3.566628041714948,2.566628041714948,1,False
ja.wikipedia,髙橋宏斗,357,357,357,2026-05-24,3.8355555555555556,2.8355555555555556,1,False
ja.wikipedia,髙橋宏斗,364,366,364,2026-05-31,7.958573072497123,10.231906405830456,3,False
ja.wikipedia,芹沢鴨,115,122,119,2025-09-28,3.485411140583554,13.74878760374801,8,False
ja.wikipedia,芹沢鴨,136,137,136,2025-10-15,9.462545835515977,10.28601469809961,2,False
ja.wikipedia,芹沢鴨,142,142,142,2025-10-21,2.8522105263157895,1.8522105263157895,1,False
ja.wikipedia,芹沢鴨,151,151,151,2025-10-30,2.6052496139989705,1.6052496139989705,1,False
ja.wikipedia,芹沢鴨,202,203,202,2025-12-20,6.157817109144543,6.547197640117995,2,False
ja.wikipedia,芹沢鴨,209,209,209,2025-12-27,4.733191790516631,3.7331917905166314,1,False
ja.wikipedia,芹沢鴨,211,211,211,2025-12-29,2.2717622080679405,1.2717622080679405,1,False
ja.wikipedia,芹沢鴨,223,223,223,2026-01-10,4.232828870779977,3.2328288707799766,1,False
ja.wikipedia,芹沢鴨,230,230,230,2026-01-17,3.5205183585313176,2.5205183585313176,1,False
ja.wikipedia,芹沢鴨,237,238,237,2026-01-24,5.594567404426559,5.73943661971831,2,False
ja.wikipedia,芹沢鴨,244,244,244,2026-01-31,4.2565298507462686,3.2565298507462686,1,False
ja.wikipedia,芹沢鴨,251,251,251,2026-02-07,4.120378331900258,3.120378331900258,1,False
ja.wikipedia,芹沢鴨,258,258,258,2026-02-14,4.930462090623598,3.930462090623598,1,False
ja.wikipedia,芹沢鴨,265,265,265,2026-02-21,4.3473774720550304,3.3473774720550304,1,False
ja.wikipedia,芹沢鴨,272,272,272,2026-02-28,3.852517985611511,2.852517985611511,1,False
ja.wikipedia,芹沢鴨,279,279,279,2026-03-07,4.741721854304636,3.741721854304636,1,False
ja.wikipedia,芹沢鴨,286,286,286,2026-03-14,4.1757174392935985,3.1757174392935985,1,False
ja.wikipedia,芹沢鴨,293,293,293,2026-03-21,4.574407582938389,3.574407582938389,1,False
ja.wikipedia,芹沢鴨,298,309,298,2026-03-26,43.57720588235294,155.1321139353947,12,False
ja.wikipedia,プラダを着た悪魔2,246,252,246,2026-02-02,8.524173027989821,24.663132956632467,7,False
ja.wikipedia,プラダを着た悪魔2,255,255,255,2026-02-11,2.3206106870229006,1.3206106870229006,1,False
ja.wikipedia,プラダを着た悪魔2,274,274,274,2026-03-02,4.116678105696637,3.1166781056966366,1,False
ja.wikipedia,プラダを着た悪魔2,285,285,285,2026-03-13,2.200411805078929,1.2004118050789292,1,False
ja.wikipedia,プラダを着た悪魔2,309,312,310,2026-04-07,3.43029490616622,7.246648793565683,4,False
ja.wikipedia,プラダを着た悪魔2,319,322,320,2026-04-17,3.415519399249061,7.549263851463006,4,False
ja.wikipedia,プラダを着た悪魔2,325,340,327,2026-04-24,21.054969879518072,63.171253888075334,16,False
ja.wikipedia,西田陸浮,31,34,33,2025-07-04,43.71111111111111,47.56425120772947,4,False
ja.wikipedia,西田陸浮,43,46,44,2025-07-15,19.08910891089109,31.15020009154997,4,False
ja.wikipedia,西田陸浮,130,130,130,2025-10-09,2.276923076923077,1.2769230769230768,1,False
ja.wikipedia,西田陸浮,142,142,142,2025-10-21,3.111111111111111,2.111111111111111,1,False
ja.wikipedia,西田陸浮,144,145,144,2025-10-23,3.861111111111111,4.474444444444444,2,False
ja.wikipedia,西田陸浮,149,149,149,2025-10-28,7.125,6.125,1,False
ja.wikipedia,西田陸浮,163,164,163,2025-11-11,3.12,3.753663366336634,2,False
ja.wikipedia,西田陸浮,169,169,169,2025-11-17,2.47787610619469,1.4778761061946901,1,False
ja.wikipedia,西田陸浮,203,207,203,2025-12-21,21.428571428571427,52.14611996302138,5,False
ja.wikipedia,西田陸浮,212,212,212,2025-12-30,3.506172839506173,2.506172839506173,1,False
ja.wikipedia,西田陸浮,217,218,217,2026-01-04,8.494845360824742,12.613657242012861,2,False
ja.wikipedia,西田陸浮,226,227,227,2026-01-14,5.394957983193278,5.702650290885585,2,False
ja.wikipedia,西田陸浮,232,233,233,2026-01-20,4.375,4.375,2,False
ja.wikipedia,西田陸浮,252,255,253,2026-02-09,60.264462809917354,84.96061350606804,4,False
ja.wikipedia,西田陸浮,263,263,263,2026-02-19,23.431192660550458,22.431192660550458,1,False
ja.wikipedia,西田陸浮,265,273,271,2026-02-27,30.36241610738255,123.66619245707494,9,False
ja.wikipedia,西田陸浮,289,292,290,2026-03-18,20.129032258064516,41.09751710654936,4,False
ja.wikipedia,西田陸浮,295,302,295,2026-03-23,128.94605809128632,170.597510373444,8,False
ja.wikipedia,西田陸浮,308,308,308,2026-04-05,2.4347826086956523,1.4347826086956523,1,False
ja.wikipedia,西田陸浮,310,310,310,2026-04-07,2.5721040189125297,1.5721040189125297,1,False
ja.wikipedia,西田陸浮,321,322,321,2026-04-18,28.81954887218045,33.714285714285715,2,False
ja.wikipedia,西田陸浮,325,325,325,2026-04-22,3.213740458015267,2.213740458015267,1,False
ja.wikipedia,西田陸浮,332,333,333,2026-04-30,6.964980544747082,7.587931364419212,2,False
ja.wikipedia,西田陸浮,337,337,337,2026-05-04,3.0036363636363634,2.0036363636363634,1,False
ja.wikipedia,西田陸浮,347,347,347,2026-05-14,4.765822784810126,3.7658227848101262,1,False
ja.wikipedia,西田陸浮,351,351,351,2026-05-18,2.2341772151898733,1.2341772151898733,1,False
ja.wikipedia,西田陸浮,355,355,355,2026-05-22,5.347305389221557,4.347305389221557,1,False
ja.wikipedia,西田陸浮,358,371,358,2026-05-25,1070.392961876833,3709.7926186038985,14,False
ja.wikipedia,黒木啓司,38,40,39,2025-07-10,2.59245960502693,4.046616297626173,3,False
ja.wikipedia,黒木啓司,42,42,42,2025-07-13,2.0069444444444446,1.0069444444444446,1,False
ja.wikipedia,黒木啓司,44,44,44,2025-07-15,2.8841761827079937,1.8841761827079937,1,False
ja.wikipedia,黒木啓司,50,50,50,2025-07-21,3.044642857142857,2.044642857142857,1,False
ja.wikipedia,黒木啓司,53,55,53,2025-07-24,8.624434389140271,15.095478797813692,3,False
ja.wikipedia,黒木啓司,59,60,60,2025-07-31,2.3760984182776803,2.603856425395118,2,False
ja.wikipedia,黒木啓司,69,71,69,2025-08-09,5.346689895470384,10.435384877702822,3,False
ja.wikipedia,黒木啓司,82,83,82,2025-08-22,2.3609958506224067,2.4336099585062243,2,False
ja.wikipedia,黒木啓司,93,95,93,2025-09-02,4.070640176600442,6.818271122059102,3,False
ja.wikipedia,黒木啓司,108,109,108,2025-09-17,3.9628597957288765,4.283457802373395,2,False
ja.wikipedia,黒木啓司,116,117,117,2025-09-26,4.118150684931507,5.087566810974139,2,False
ja.wikipedia,黒木啓司,141,141,141,2025-10-20,3.230769230769231,2.230769230769231,1,False
ja.wikipedia,黒木啓司,179,179,179,2025-11-27,4.695454545454545,3.6954545454545453,1,False
ja.wikipedia,黒木啓司,187,191,188,2025-12-06,20.759336099585063,49.159174169522544,5,False
ja.wikipedia,黒木啓司,193,193,193,2025-12-11,2.3058419243986252,1.3058419243986252,1,False
ja.wikipedia,黒木啓司,197,197,197,2025-12-15,2.505672609400324,1.505672609400324,1,False
ja.wikipedia,黒木啓司,206,215,207,2025-12-25,384.7570093457944,758.394401987736,10,False
ja.wikipedia,黒木啓司,224,224,224,2026-01-11,3.6156716417910446,2.6156716417910446,1,False
ja.wikipedia,黒木啓司,253,253,253,2026-02-09,12.716981132075471,11.716981132075471,1,False
ja.wikipedia,黒木啓司,280,286,281,2026-03-09,15.361788617886178,38.787598643359786,7,False
ja.wikipedia,黒木啓司,290,296,290,2026-03-18,169.52603231597845,310.0662748026965,7,False
ja.wikipedia,黒木啓司,316,317,317,2026-04-14,4.5085470085470085,6.653846153846154,2,False
ja.wikipedia,黒木啓司,324,330,324,2026-04-21,86.13496932515338,176.6523696767481,7,False
ja.wikipedia,黒木啓司,336,339,338,2026-05-05,7.780748663101604,12.32386681387837,4,False
ja.wikipedia,黒木啓司,347,349,347,2026-05-14,14.090803259604192,23.872381778921504,3,False
ja.wikipedia,黒木啓司,352,352,352,2026-05-19,2.1197604790419162,1.1197604790419162,1,False
ja.wikipedia,風、薫る,39,39,39,2025-07-10,2.201745877788555,1.201745877788555,1,False
ja.wikipedia,風、薫る,68,71,68,2025-08-08,7.906574394463668,13.567474048442905,4,False
ja.wikipedia,風、薫る,73,73,73,2025-08-13,2.0434432823813355,1.0434432823813355,1,False
ja.wikipedia,風、薫る,104,106,104,2025-09-13,7.455230125523013,10.316305965744602,3,False
ja.wikipedia,風、薫る,109,109,109,2025-09-18,2.063030303030303,1.063030303030303,1,False
ja.wikipedia,風、薫る,113,120,114,2025-09-23,3.597106690777577,13.31214985943351,8,False
ja.wikipedia,風、薫る,145,145,145,2025-10-24,3.2735658691265495,2.2735658691265495,1,False
ja.wikipedia,風、薫る,173,174,173,2025-11-21,6.1566651397159875,6.299587723316537,2,False
ja.wikipedia,風、薫る,182,182,182,2025-11-30,4.879523591387998,3.879523591387998,1,False
ja.wikipedia,風、薫る,213,217,213,2025-12-31,5.5225032147449635,9.672517906297948,5,False
ja.wikipedia,風、薫る,219,222,220,2026-01-07,3.100331674958541,6.108146856696026,4,False
ja.wikipedia,風、薫る,243,243,243,2026-01-30,3.663235294117647,2.663235294117647,1,False
ja.wikipedia,風、薫る,254,255,254,2026-02-10,7.782549605871161,9.297635226963848,2,False
ja.wikipedia,風、薫る,257,258,257,2026-02-13,2.970525187566988,3.277973682020237,2,False
ja.wikipedia,風、薫る,269,269,269,2026-02-25,2.704602510460251,1.704602510460251,1,False
ja.wikipedia,風、薫る,284,286,285,2026-03-13,4.932075471698113,6.729056603773584,3,False
ja.wikipedia,風、薫る,288,288,288,2026-03-16,2.024421831637373,1.024421831637373,1,False
ja.wikipedia,風、薫る,290,293,291,2026-03-19,7.844294347671525,15.555570191542886,4,False
ja.wikipedia,風、薫る,298,307,302,2026-03-30,9.761558441558442,36.33576061780224,10,False
ja.wikipedia,風、薫る,310,310,310,2026-04-07,2.1471818445355533,1.1471818445355533,1,False
ja.wikipedia,ワールド・ベースボール・クラシック,38,38,38,2025-07-09,2.875326939843069,1.875326939843069,1,False
ja.wikipedia,ワールド・ベースボール・クラシック,85,90,86,2025-08-26,12.669032830523514,22.223931515210392,6,False
ja.wikipedia,ワールド・ベースボール・クラシック,93,93,93,2025-09-02,2.191869918699187,1.191869918699187,1,False
ja.wikipedia,ワールド・ベースボール・クラシック,129,129,129,2025-10-08,2.273402674591382,1.2734026745913818,1,False
ja.wikipedia,ワールド・ベースボール・クラシック,148,148,148,2025-10-27,2.1511005353955976,1.1511005353955976,1,False
ja.wikipedia,ワールド・ベースボール・クラシック,154,158,154,2025-11-02,4.611329220415031,10.229727842487229,5,False
ja.wikipedia,ワールド・ベースボール・クラシック,166,168,167,2025-11-15,6.578983516483516,10.449291633799874,3,False
ja.wikipedia,ワールド・ベースボール・クラシック,177,178,177,2025-11-25,5.846249610955494,6.624420702400921,2,False
ja.wikipedia,ワールド・ベースボール・クラシック,229,230,229,2026-01-16,3.371530886302596,3.4270367054610564,2,False
ja.wikipedia,ワールド・ベースボール・クラシック,239,241,239,2026-01-26,4.416568047337278,7.187492660587933,3,False
ja.wikipedia,ワールド・ベースボール・クラシック,245,246,245,2026-02-01,2.809289232934553,2.883260888655258,2,False
ja.wikipedia,ワールド・ベースボール・クラシック,250,250,250,2026-02-06,2.3425441872043815,1.3425441872043815,1,False
ja.wikipedia,ワールド・ベースボール・クラシック,266,268,267,2026-02-23,2.3951280673473043,3.4782706565877826,3,False
ja.wikipedia,ワールド・ベースボール・クラシック,270,284,279,2026-03-07,13.965632736274937,99.05311212900102,15,False
ja.wikipedia,ワールド・ベースボール・クラシック,286,287,287,2026-03-15,4.735484268210086,4.808913229958719,2,False
ja.wikipedia,ワールド・ベースボール・クラシック,290,290,290,2026-03-18,2.5259125485689267,1.5259125485689267,1,False
ja.wikipedia,五十嵐淳子,30,30,30,2025-07-01,2.9710610932475885,1.9710610932475885,1,False
ja.wikipedia,五十嵐淳子,37,38,37,2025-07-08,9.022653721682849,9.73784359510057,2,False
ja.wikipedia,五十嵐淳子,42,43,42,2025-07-13,3.5779816513761467,4.207951070336391,2,False
ja.wikipedia,五十嵐淳子,53,53,53,2025-07-24,3.3591160220994474,2.3591160220994474,1,False
ja.wikipedia,五十嵐淳子,75,75,75,2025-08-15,10.224561403508773,9.224561403508773,1,False
ja.wikipedia,五十嵐淳子,93,95,94,2025-09-03,3.486068111455108,6.241198712940849,3,False
ja.wikipedia,五十嵐淳子,99,99,99,2025-09-08,6.271186440677966,5.271186440677966,1,False
ja.wikipedia,五十嵐淳子,104,104,104,2025-09-13,2.4273972602739726,1.4273972602739726,1,False
ja.wikipedia,五十嵐淳子,108,108,108,2025-09-17,2.4744897959183674,1.4744897959183674,1,False
ja.wikipedia,五十嵐淳子,132,134,132,2025-10-11,12.385474860335195,21.960893854748605,3,False
ja.wikipedia,五十嵐淳子,142,142,142,2025-10-21,2.3768115942028984,1.3768115942028984,1,False
ja.wikipedia,五十嵐淳子,163,164,163,2025-11-11,6.057017543859649,6.092105263157895,2,False
ja.wikipedia,五十嵐淳子,186,188,186,2025-12-04,26.93854748603352,31.601923712603824,3,False
ja.wikipedia,五十嵐淳子,191,191,191,2025-12-09,2.3205574912891986,1.3205574912891986,1,False
ja.wikipedia,五十嵐淳子,199,199,199,2025-12-17,2.2006802721088436,1.2006802721088436,1,False
ja.wikipedia,五十嵐淳子,202,202,202,2025-12-20,7.108991825613079,6.108991825613079,1,False
ja.wikipedia,五十嵐淳子,204,205,204,2025-12-22,6.947236180904523,9.899497487437186,2,False
ja.wikipedia,五十嵐淳子,221,221,221,2026-01-08,2.6462395543175488,1.6462395543175488,1,False
ja.wikipedia,五十嵐淳子,245,247,246,2026-02-02,30.89887640449438,32.95410433091232,3,False
ja.wikipedia,五十嵐淳子,254,254,254,2026-02-10,2.1076923076923078,1.1076923076923078,1,False
ja.wikipedia,五十嵐淳子,259,260,259,2026-02-15,5.2677824267782425,5.330543933054393,2,False
ja.wikipedia,五十嵐淳子,276,276,276,2026-03-04,3.808857808857809,2.808857808857809,1,False
ja.wikipedia,五十嵐淳子,280,280,280,2026-03-08,14.843822843822844,13.843822843822844,1,False
ja.wikipedia,五十嵐淳子,289,289,289,2026-03-17,3.2096385542168675,2.2096385542168675,1,False
ja.wikipedia,五十嵐淳子,291,291,291,2026-03-19,2.07710843373494,1.07710843373494,1,False
ja.wikipedia,五十嵐淳子,297,297,297,2026-03-25,3.4298245614035086,2.4298245614035086,1,False
ja.wikipedia,五十嵐淳子,314,314,314,2026-04-11,3.4761904761904763,2.4761904761904763,1,False
ja.wikipedia,五十嵐淳子,317,317,317,2026-04-14,2.4891041162227605,1.4891041162227605,1,False
ja.wikipedia,五十嵐淳子,335,348,335,2026-05-02,1561.037037037037,2187.409380435181,14,False
ja.wikipedia,五十嵐淳子,354,354,354,2026-05-21,5.280988089986766,4.280988089986766,1,False
ja.wikipedia,五十嵐淳子,367,367,367,2026-06-03,2.119800332778702,1.119800332778702,1,False
ja.wikipedia,適菜収,45,45,45,2025-07-16,9.124087591240876,8.124087591240876,1,False
ja.wikipedia,適菜収,47,47,47,2025-07-18,2.879432624113475,1.8794326241134751,1,False
ja.wikipedia,適菜収,51,53,52,2025-07-23,3.3466666666666667,5.285698883326916,3,False
ja.wikipedia,適菜収,107,107,107,2025-09-16,2.1020408163265305,1.1020408163265305,1,False
ja.wikipedia,適菜収,128,129,129,2025-10-08,6.185185185185185,6.351851851851851,2,False
ja.wikipedia,適菜収,136,138,138,2025-10-17,14.623853211009175,20.37400897424905,3,False
ja.wikipedia,適菜収,150,150,150,2025-10-29,2.5166666666666666,1.5166666666666666,1,False
ja.wikipedia,適菜収,181,181,181,2025-11-29,2.0,1.0,1,False
ja.wikipedia,適菜収,208,208,208,2025-12-26,2.0434782608695654,1.0434782608695654,1,False
ja.wikipedia,適菜収,321,323,322,2026-04-19,8.4,11.03076923076923,3,False
ja.wikipedia,適菜収,334,334,334,2026-05-01,2.161290322580645,1.161290322580645,1,False
ja.wikipedia,適菜収,337,341,337,2026-05-04,8.5,16.457305329302013,5,False
ja.wikipedia,適菜収,343,357,345,2026-05-12,914.6734693877551,2068.601086469393,15,False
ja.wikipedia,AI_(歌手),35,35,35,2025-07-06,2.1136671177266577,1.1136671177266577,1,False
ja.wikipedia,AI_(歌手),45,45,45,2025-07-16,2.93278463648834,1.93278463648834,1,False
ja.wikipedia,AI_(歌手),69,70,69,2025-08-09,7.416901408450705,7.859154929577465,2,False
ja.wikipedia,AI_(歌手),77,77,77,2025-08-17,2.235294117647059,1.2352941176470589,1,False
ja.wikipedia,AI_(歌手),83,84,83,2025-08-23,2.8753117206982544,3.3954582408447744,2,False
ja.wikipedia,AI_(歌手),111,111,111,2025-09-20,2.38,1.38,1,False
ja.wikipedia,AI_(歌手),124,124,124,2025-10-03,2.4178628389154704,1.4178628389154704,1,False
ja.wikipedia,AI_(歌手),130,135,135,2025-10-14,7.467438494934877,15.383000594380597,6,False
ja.wikipedia,AI_(歌手),138,138,138,2025-10-17,2.0541176470588236,1.0541176470588236,1,False
ja.wikipedia,AI_(歌手),176,177,177,2025-11-25,9.348946135831381,13.450962743186068,2,False
ja.wikipedia,AI_(歌手),181,181,181,2025-11-29,2.435840707964602,1.4358407079646018,1,False
ja.wikipedia,AI_(歌手),185,185,185,2025-12-03,4.989429175475687,3.9894291754756868,1,False
ja.wikipedia,AI_(歌手),195,196,195,2025-12-13,7.6,12.841610738255033,2,False
ja.wikipedia,AI_(歌手),208,208,208,2025-12-26,6.028691983122362,5.028691983122362,1,False
ja.wikipedia,AI_(歌手),229,229,229,2026-01-16,2.9881593110871907,1.9881593110871907,1,False
ja.wikipedia,AI_(歌手),266,266,266,2026-02-22,2.794425087108014,1.794425087108014,1,False
ja.wikipedia,AI_(歌手),270,276,273,2026-03-01,144.38795986622074,172.6309433396491,7,False
ja.wikipedia,AI_(歌手),281,281,281,2026-03-09,3.2337662337662336,2.2337662337662336,1,False
ja.wikipedia,AI_(歌手),290,290,290,2026-03-18,2.534188034188034,1.534188034188034,1,False
ja.wikipedia,AI_(歌手),308,309,308,2026-04-05,13.03448275862069,13.124668435013263,2,False
ja.wikipedia,AI_(歌手),320,320,320,2026-04-17,4.9814020028612305,3.9814020028612305,1,False
ja.wikipedia,AI_(歌手),339,339,339,2026-05-06,4.104903078677309,3.1049030786773093,1,False
ja.wikipedia,AI_(歌手),354,354,354,2026-05-21,2.654586636466591,1.654586636466591,1,False
ja.wikipedia,AI_(歌手),362,362,362,2026-05-29,4.210645526613817,3.210645526613817,1,False
ja.wikipedia,AI_(歌手),365,365,365,2026-06-01,3.164245810055866,2.164245810055866,1,False
ja.wikipedia,AI_(歌手),368,368,368,2026-06-04,2.462039045553145,1.4620390455531451,1,False
ja.wikipedia,AI_(歌手),370,370,370,2026-06-06,2.10412147505423,1.1041214750542299,1,False
ja.wikipedia,秋元杏月,75,75,75,2025-08-15,2.6890243902439024,1.6890243902439024,1,False
ja.wikipedia,秋元杏月,212,212,212,2025-12-30,2.2762535477767267,1.2762535477767267,1,False
ja.wikipedia,秋元杏月,229,229,229,2026-01-16,2.0340501792114694,1.0340501792114694,1,False
ja.wikipedia,秋元杏月,245,245,245,2026-02-01,2.039274924471299,1.0392749244712989,1,False
ja.wikipedia,秋元杏月,262,268,262,2026-02-18,123.88120104438643,173.73571723835607,7,False
ja.wikipedia,秋元杏月,274,274,274,2026-03-02,2.1911764705882355,1.1911764705882355,1,False
ja.wikipedia,秋元杏月,295,297,295,2026-03-23,3.0415068015347053,4.28775723753052,3,False
ja.wikipedia,秋元杏月,299,303,300,2026-03-28,18.698867421718855,27.716761554647345,5,False
ja.wikipedia,秋元杏月,333,333,333,2026-04-30,3.491304347826087,2.491304347826087,1,False
ja.wikipedia,秋元杏月,355,355,355,2026-05-22,37.22589928057554,36.22589928057554,1,False
ja.wikipedia,秋元杏月,365,365,365,2026-06-01,6.499593165174939,5.499593165174939,1,False
ja.wikipedia,秋元杏月,371,371,371,2026-06-07,5.004344048653345,4.004344048653345,1,False
ja.wikipedia,古川琴音,74,77,76,2025-08-16,2.7267015706806284,6.187272935474949,4,False
ja.wikipedia,古川琴音,89,89,89,2025-08-29,2.41153546375682,1.4115354637568198,1,False
ja.wikipedia,古川琴音,94,99,94,2025-09-03,15.267605633802816,37.40305513209159,6,False
ja.wikipedia,古川琴音,102,111,103,2025-09-12,12.257334019557385,33.025861004324774,10,False
ja.wikipedia,古川琴音,116,116,116,2025-09-25,2.2729421878358047,1.2729421878358047,1,False
ja.wikipedia,古川琴音,118,118,118,2025-09-27,3.284981183715361,2.284981183715361,1,False
ja.wikipedia,古川琴音,164,164,164,2025-11-12,2.7770204479065237,1.7770204479065237,1,False
ja.wikipedia,古川琴音,167,167,167,2025-11-15,4.892393320964749,3.892393320964749,1,False
ja.wikipedia,古川琴音,169,169,169,2025-11-17,2.2949907235621523,1.2949907235621523,1,False
ja.wikipedia,古川琴音,176,176,176,2025-11-24,3.1190053285968027,2.1190053285968027,1,False
ja.wikipedia,古川琴音,183,183,183,2025-12-01,3.477434679334917,2.477434679334917,1,False
ja.wikipedia,古川琴音,212,216,212,2025-12-30,4.982188295165394,10.842309429754662,5,False
ja.wikipedia,古川琴音,226,226,226,2026-01-13,4.0641399416909625,3.0641399416909625,1,False
ja.wikipedia,古川琴音,255,256,256,2026-02-12,6.307152875175316,8.063113604488079,2,False
ja.wikipedia,古川琴音,275,275,275,2026-03-03,7.284362826933778,6.284362826933778,1,False
ja.wikipedia,古川琴音,278,280,279,2026-03-07,4.833517089305403,8.452039691289968,3,False
ja.wikipedia,古川琴音,286,286,286,2026-03-14,6.113413304252999,5.113413304252999,1,False
ja.wikipedia,古川琴音,303,305,303,2026-03-31,6.9548736462093865,10.832298265457023,3,False
ja.wikipedia,古川琴音,307,307,307,2026-04-04,2.0830755634114007,1.0830755634114007,1,False
ja.wikipedia,古川琴音,310,312,310,2026-04-07,5.005744586831639,7.82095908767409,3,False
ja.wikipedia,古川琴音,314,314,314,2026-04-11,2.150835711373828,1.1508357113738281,1,False
ja.wikipedia,古川琴音,317,317,317,2026-04-14,2.2877973906369915,1.2877973906369915,1,False
ja.wikipedia,古川琴音,324,324,324,2026-04-21,2.2413694721825963,1.2413694721825963,1,False
ja.wikipedia,大宮エリー,46,46,46,2025-07-17,4.3879598662207355,3.3879598662207355,1,False
ja.wikipedia,大宮エリー,48,49,48,2025-07-19,36.25328947368421,43.88936032714637,2,False
ja.wikipedia,大宮エリー,87,88,88,2025-08-28,3.051124744376278,3.673805156747412,2,False
ja.wikipedia,大宮エリー,107,107,107,2025-09-16,2.640740740740741,1.6407407407407408,1,False
ja.wikipedia,大宮エリー,120,120,120,2025-09-29,3.7532710280373833,2.7532710280373833,1,False
ja.wikipedia,大宮エリー,132,132,132,2025-10-11,2.9459962756052143,1.9459962756052143,1,False
ja.wikipedia,大宮エリー,170,179,173,2025-11-21,54.62632375189107,92.07685192290107,10,False
ja.wikipedia,大宮エリー,182,182,182,2025-11-30,4.7733711048158645,3.7733711048158645,1,False
ja.wikipedia,大宮エリー,185,185,185,2025-12-03,17.6974358974359,16.6974358974359,1,False
ja.wikipedia,大宮エリー,206,206,206,2025-12-24,6.476603119584055,5.476603119584055,1,False
ja.wikipedia,大宮エリー,210,210,210,2025-12-28,2.527839643652561,1.5278396436525612,1,False
ja.wikipedia,大宮エリー,212,213,213,2025-12-31,2.7839643652561246,3.4565701559020043,2,False
ja.wikipedia,大宮エリー,282,282,282,2026-03-10,2.2705882352941176,1.2705882352941176,1,False
ja.wikipedia,大宮エリー,321,334,326,2026-04-23,299.5641791044776,484.8154425767001,14,False
ja.wikipedia,江田憲司,49,52,51,2025-07-22,3.581854043392505,7.970020573335081,4,False
ja.wikipedia,江田憲司,56,56,56,2025-07-27,2.0436974789915965,1.0436974789915965,1,False
ja.wikipedia,江田憲司,126,126,126,2025-10-05,2.06266318537859,1.06266318537859,1,False
ja.wikipedia,江田憲司,132,132,132,2025-10-11,2.358353510895884,1.358353510895884,1,False
ja.wikipedia,江田憲司,134,143,137,2025-10-16,3.9256637168141593,17.405602005757196,10,False
ja.wikipedia,江田憲司,173,183,173,2025-11-21,27.284164859002168,62.99791385283236,11,False
ja.wikipedia,江田憲司,202,203,202,2025-12-20,8.149085794655415,8.509142053445851,2,False
ja.wikipedia,江田憲司,228,242,233,2026-01-20,8.53781512605042,57.33815879825474,15,False
ja.wikipedia,江田憲司,244,245,245,2026-02-01,2.3141809290953543,2.436629908687191,2,False
ja.wikipedia,江田憲司,249,250,249,2026-02-05,2.4028960817717206,2.5668994459432932,2,False
ja.wikipedia,江田憲司,252,254,252,2026-02-08,6.11119936457506,11.242130145977585,3,False
ja.wikipedia,江田憲司,258,258,258,2026-02-14,2.207277452891488,1.2072774528914878,1,False
ja.wikipedia,江田憲司,349,349,349,2026-05-16,8.098522167487685,7.098522167487685,1,False
ja.wikipedia,江田憲司,354,364,354,2026-05-21,191.85777777777778,312.69919769958244,11,False
ja.wikipedia,江田憲司,372,373,373,2026-06-09,3.3944099378881987,4.030773574251835,2,False
ja.wikipedia,本宮泰風,37,37,37,2025-07-08,5.620421753607103,4.620421753607103,1,False
ja.wikipedia,本宮泰風,72,74,72,2025-08-12,6.267542059909725,9.413842540459818,3,False
ja.wikipedia,本宮泰風,80,80,80,2025-08-20,2.253476360746921,1.2534763607469208,1,False
ja.wikipedia,本宮泰風,115,115,115,2025-09-24,3.7216338880484114,2.7216338880484114,1,False
ja.wikipedia,本宮泰風,127,127,127,2025-10-06,2.958182756840475,1.958182756840475,1,False
ja.wikipedia,本宮泰風,134,134,134,2025-10-13,2.981404958677686,1.981404958677686,1,False
ja.wikipedia,本宮泰風,157,157,157,2025-11-05,3.4185750636132317,2.4185750636132317,1,False
ja.wikipedia,本宮泰風,168,168,168,2025-11-16,4.652671755725191,3.6526717557251906,1,False
ja.wikipedia,本宮泰風,181,183,181,2025-11-29,18.803899082568808,26.75628003494976,3,False
ja.wikipedia,本宮泰風,197,199,198,2025-12-16,2.7156118143459915,3.9254412984931566,3,False
ja.wikipedia,本宮泰風,228,228,228,2026-01-15,2.1408290743895515,1.1408290743895515,1,False
ja.wikipedia,本宮泰風,241,241,241,2026-01-28,2.018977332630469,1.018977332630469,1,False
ja.wikipedia,本宮泰風,250,251,250,2026-02-06,9.181443298969072,13.379443298969072,2,False
ja.wikipedia,本宮泰風,253,254,254,2026-02-10,5.630117647058824,6.556117647058824,2,False
ja.wikipedia,本宮泰風,281,281,281,2026-03-09,6.712509144111192,5.712509144111192,1,False
ja.wikipedia,本宮泰風,306,307,306,2026-04-03,6.93419740777667,6.991641160768532,2,False
ja.wikipedia,本宮泰風,309,314,310,2026-04-07,28.30547818012999,57.625812441968435,6,False
ja.wikipedia,本宮泰風,316,316,316,2026-04-13,3.649953574744661,2.649953574744661,1,False
ja.wikipedia,本宮泰風,322,322,322,2026-04-19,2.1569937369519834,1.1569937369519834,1,False
ja.wikipedia,本宮泰風,341,341,341,2026-05-08,2.08641425389755,1.08641425389755,1,False
ja.wikipedia,本宮泰風,373,373,373,2026-06-09,2.838150289017341,1.838150289017341,1,False
ja.wikipedia,細川ガラシャ,66,66,66,2025-08-06,2.031496062992126,1.031496062992126,1,False
ja.wikipedia,細川ガラシャ,126,128,127,2025-10-06,6.254205607476636,11.547016550020269,3,False
ja.wikipedia,細川ガラシャ,214,214,214,2026-01-01,2.599111111111111,1.5991111111111111,1,False
ja.wikipedia,細川ガラシャ,257,257,257,2026-02-13,2.0485355648535566,1.0485355648535566,1,False
ja.wikipedia,細川ガラシャ,287,287,287,2026-03-15,2.079295154185022,1.0792951541850222,1,False
ja.wikipedia,細川ガラシャ,294,296,295,2026-03-23,3.8131004366812227,5.183406113537118,3,False
ja.wikipedia,細川ガラシャ,301,301,301,2026-03-29,2.6136012364760433,1.6136012364760433,1,False
ja.wikipedia,細川ガラシャ,318,324,318,2026-04-15,22.764705882352942,36.473975816766554,7,False
ja.wikipedia,細川ガラシャ,336,337,336,2026-05-03,8.716270730614074,8.9111205160218,2,False
ja.wikipedia,吉村龍太,46,46,46,2025-07-17,7.643097643097643,6.643097643097643,1,False
ja.wikipedia,吉村龍太,183,183,183,2025-12-01,2.8877551020408165,1.8877551020408165,1,False
ja.wikipedia,吉村龍太,251,251,251,2026-02-07,8.954248366013072,7.954248366013072,1,False
ja.wikipedia,吉村龍太,275,276,275,2026-03-03,3.1298701298701297,3.2540937323546015,2,False
ja.wikipedia,吉村龍太,278,287,278,2026-03-06,232.29813664596273,318.6007041781624,10,False
ja.wikipedia,吉村龍太,293,297,293,2026-03-21,64.46666666666667,85.85169153600584,5,False
ja.wikipedia,吉村龍太,326,332,329,2026-04-26,3.2244897959183674,11.360544217687076,7,False
ja.wikipedia,吉村龍太,334,344,336,2026-05-03,294.4,472.91239836988404,11,False
ja.wikipedia,藤堂高虎,41,41,41,2025-07-12,2.385204081632653,1.385204081632653,1,False
ja.wikipedia,藤堂高虎,161,162,162,2025-11-10,2.55930359085963,2.7573449401523393,2,False
ja.wikipedia,藤堂高虎,169,169,169,2025-11-17,3.203371970495258,2.203371970495258,1,False
ja.wikipedia,藤堂高虎,214,214,214,2026-01-01,2.4486121530382596,1.4486121530382596,1,False
ja.wikipedia,藤堂高虎,216,220,217,2026-01-04,8.408284023668639,18.76718755804326,5,False
ja.wikipedia,藤堂高虎,223,225,224,2026-01-11,4.460732984293194,7.045509197819827,3,False
ja.wikipedia,藤堂高虎,273,274,274,2026-03-02,3.324626865671642,3.7064676616915424,2,False
ja.wikipedia,藤堂高虎,298,298,298,2026-03-26,2.26634086744044,1.26634086744044,1,False
ja.wikipedia,藤堂高虎,301,301,301,2026-03-29,2.6832164058283863,1.6832164058283863,1,False
ja.wikipedia,藤堂高虎,308,308,308,2026-04-05,2.7596407818277866,1.7596407818277866,1,False
ja.wikipedia,藤堂高虎,314,315,314,2026-04-11,3.4153846153846152,4.0115384615384615,2,False
ja.wikipedia,藤堂高虎,318,318,318,2026-04-15,3.132836475230162,2.132836475230162,1,False
ja.wikipedia,藤堂高虎,322,330,322,2026-04-19,49.50475435816165,104.3012507066376,9,False
ja.wikipedia,藤堂高虎,343,352,343,2026-05-10,82.98569784645734,148.3413050709158,10,False
ja.wikipedia,チェコ,212,212,212,2025-12-30,2.0285714285714285,1.0285714285714285,1,False
ja.wikipedia,チェコ,232,232,232,2026-01-19,4.229338842975206,3.2293388429752063,1,False
ja.wikipedia,チェコ,252,252,252,2026-02-08,2.4420218037661052,1.4420218037661052,1,False
ja.wikipedia,チェコ,259,259,259,2026-02-15,2.2565845369583686,1.2565845369583686,1,False
ja.wikipedia,チェコ,277,284,282,2026-03-10,42.30890052356021,70.43077384059046,8,False
ja.wikipedia,ちるらん_新撰組鎮魂歌,47,47,47,2025-07-18,2.9217391304347826,1.9217391304347826,1,False
ja.wikipedia,ちるらん_新撰組鎮魂歌,58,62,58,2025-07-29,34.338235294117645,60.937551485585765,5,False
ja.wikipedia,ちるらん_新撰組鎮魂歌,101,103,102,2025-09-11,6.875,9.4375,3,False
ja.wikipedia,ちるらん_新撰組鎮魂歌,115,119,118,2025-09-27,3.5434782608695654,8.446992317523705,5,False
ja.wikipedia,ちるらん_新撰組鎮魂歌,124,130,125,2025-10-04,25.515151515151516,50.55761182640462,7,False
ja.wikipedia,ちるらん_新撰組鎮魂歌,139,141,139,2025-10-18,8.911627906976744,13.93486181592494,3,False
ja.wikipedia,ちるらん_新撰組鎮魂歌,151,152,151,2025-10-30,4.94300518134715,5.395975478376853,2,False
ja.wikipedia,ちるらん_新撰組鎮魂歌,172,172,172,2025-11-20,2.196018376722818,1.1960183767228179,1,False
ja.wikipedia,ちるらん_新撰組鎮魂歌,186,187,186,2025-12-04,4.7848932676518885,5.431855500821018,2,False
ja.wikipedia,ちるらん_新撰組鎮魂歌,197,197,197,2025-12-15,2.991279069767442,1.991279069767442,1,False
ja.wikipedia,ちるらん_新撰組鎮魂歌,200,202,200,2025-12-18,4.858381502890174,7.320809248554912,3,False
ja.wikipedia,ちるらん_新撰組鎮魂歌,215,217,215,2026-01-02,23.044699872286078,27.452505475188048,3,False
ja.wikipedia,ちるらん_新撰組鎮魂歌,237,237,237,2026-01-24,4.1892523364485985,3.1892523364485985,1,False
ja.wikipedia,ちるらん_新撰組鎮魂歌,242,242,242,2026-01-29,3.303370786516854,2.303370786516854,1,False
ja.wikipedia,ちるらん_新撰組鎮魂歌,261,263,262,2026-02-18,6.216,8.201467605020678,3,False
ja.wikipedia,ちるらん_新撰組鎮魂歌,271,272,271,2026-02-27,3.9220489977728286,4.841870824053452,2,False
ja.wikipedia,ちるらん_新撰組鎮魂歌,291,309,298,2026-03-26,88.4952229299363,305.9391710186852,19,False
ja.wikipedia,嵐_(グループ),40,40,40,2025-07-11,2.5420361830436327,1.5420361830436327,1,False
ja.wikipedia,嵐_(グループ),53,53,53,2025-07-24,2.6310599835661463,1.6310599835661463,1,False
ja.wikipedia,嵐_(グループ),90,90,90,2025-08-30,2.048348106365834,1.0483481063658342,1,False
ja.wikipedia,嵐_(グループ),155,155,155,2025-11-03,4.3727034120734904,3.3727034120734904,1,False
ja.wikipedia,嵐_(グループ),174,176,174,2025-11-22,3.231114435302917,5.561672711502721,3,False
ja.wikipedia,嵐_(グループ),178,178,178,2025-11-26,2.0557317625736293,1.0557317625736293,1,False
ja.wikipedia,嵐_(グループ),181,181,181,2025-11-29,2.117455801666328,1.117455801666328,1,False
ja.wikipedia,嵐_(グループ),215,215,215,2026-01-02,2.0598036977858936,1.0598036977858936,1,False
ja.wikipedia,嵐_(グループ),239,239,239,2026-01-26,3.3151299794277165,2.3151299794277165,1,False
ja.wikipedia,嵐_(グループ),272,273,272,2026-02-28,3.5642311886586695,4.013522355507089,2,False
ja.wikipedia,嵐_(グループ),275,280,277,2026-03-05,3.841541755888651,13.073595568625894,6,False
ja.wikipedia,嵐_(グループ),284,288,285,2026-03-13,5.5577367205542725,12.550081460620246,5,False
ja.wikipedia,嵐_(グループ),326,326,326,2026-04-23,2.0465858328015316,1.0465858328015316,1,False
ja.wikipedia,嵐_(グループ),362,373,364,2026-05-31,53.63009324307063,128.2265282980872,12,False
ja.wikipedia,有働由美子,34,35,34,2025-07-05,7.066162570888469,10.861833566559465,2,False
ja.wikipedia,有働由美子,40,42,40,2025-07-11,9.190827190827191,13.50235621781002,3,False
ja.wikipedia,有働由美子,49,50,49,2025-07-20,2.9135466303607895,3.1368277739959156,2,False
ja.wikipedia,有働由美子,56,56,56,2025-07-27,2.4929396662387675,1.4929396662387675,1,False
ja.wikipedia,有働由美子,63,63,63,2025-08-03,2.2129939718687206,1.2129939718687206,1,False
ja.wikipedia,有働由美子,68,68,68,2025-08-08,2.026791694574682,1.026791694574682,1,False
ja.wikipedia,有働由美子,70,70,70,2025-08-10,3.36503683858004,2.36503683858004,1,False
ja.wikipedia,有働由美子,74,74,74,2025-08-14,2.0583446404341927,1.0583446404341927,1,False
ja.wikipedia,有働由美子,76,78,76,2025-08-16,13.984575835475578,18.318766066838045,3,False
ja.wikipedia,有働由美子,84,84,84,2025-08-24,2.243352135374698,1.243352135374698,1,False
ja.wikipedia,有働由美子,90,92,91,2025-08-31,12.094920899250624,23.0233139050791,3,False
ja.wikipedia,有働由美子,98,98,98,2025-09-07,3.571334648257725,2.571334648257725,1,False
ja.wikipedia,有働由美子,105,105,105,2025-09-14,2.425472358292512,1.4254723582925122,1,False
ja.wikipedia,有働由美子,118,119,118,2025-09-27,5.4296636085626915,6.496941896024465,2,False
ja.wikipedia,有働由美子,126,126,126,2025-10-05,4.351395730706075,3.3513957307060753,1,False
ja.wikipedia,有働由美子,133,134,134,2025-10-13,3.8073248407643314,4.343949044585988,2,False
ja.wikipedia,有働由美子,139,140,140,2025-10-19,3.571851851851852,4.005913645371068,2,False
ja.wikipedia,有働由美子,147,147,147,2025-10-26,2.5991253644314867,1.5991253644314867,1,False
ja.wikipedia,有働由美子,161,161,161,2025-11-09,2.4967441860465116,1.4967441860465116,1,False
ja.wikipedia,有働由美子,168,168,168,2025-11-16,8.695187165775401,7.695187165775401,1,False
ja.wikipedia,有働由美子,173,173,173,2025-11-21,2.5881147540983607,1.5881147540983607,1,False
ja.wikipedia,有働由美子,175,175,175,2025-11-23,2.1311475409836067,1.1311475409836067,1,False
ja.wikipedia,有働由美子,182,182,182,2025-11-30,2.6026785714285716,1.6026785714285716,1,False
ja.wikipedia,有働由美子,188,189,188,2025-12-06,6.0609357997823725,6.874863982589772,2,False
ja.wikipedia,有働由美子,194,196,194,2025-12-12,31.38125,39.047916666666666,3,False
ja.wikipedia,有働由美子,202,203,203,2025-12-21,11.36551724137931,11.655172413793103,2,False
ja.wikipedia,有働由美子,209,212,209,2025-12-27,7.10016694490818,19.72829376141921,4,False
ja.wikipedia,有働由美子,214,217,215,2026-01-02,5.0468842729970325,8.401200405609462,4,False
ja.wikipedia,有働由美子,238,238,238,2026-01-25,3.68955223880597,2.68955223880597,1,False
ja.wikipedia,有働由美子,244,245,245,2026-02-01,8.713493530499075,10.833641404805915,2,False
ja.wikipedia,有働由美子,259,259,259,2026-02-15,5.804975124378109,4.804975124378109,1,False
ja.wikipedia,有働由美子,266,266,266,2026-02-22,4.528375733855186,3.528375733855186,1,False
ja.wikipedia,有働由美子,272,274,273,2026-03-01,21.866666666666667,29.23794871794872,3,False
ja.wikipedia,有働由美子,280,280,280,2026-03-08,2.76036036036036,1.7603603603603601,1,False
ja.wikipedia,有働由美子,287,287,287,2026-03-15,2.090124640460211,1.090124640460211,1,False
ja.wikipedia,有働由美子,293,294,293,2026-03-21,5.342333654773385,7.984570877531341,2,False
ja.wikipedia,有働由美子,301,312,310,2026-04-07,4.416117216117216,28.297877534448837,12,False
ja.wikipedia,有働由美子,327,327,327,2026-04-24,10.061243144424132,9.061243144424132,1,False
ja.wikipedia,有働由美子,368,369,368,2026-06-04,2.5840531561461795,2.649169435215947,2,False
ja.wikipedia,春分の日,113,114,113,2025-09-22,5.296625222024867,8.443430057948873,2,False
ja.wikipedia,春分の日,218,219,218,2026-01-05,2.1373200442967883,2.183831672203765,2,False
ja.wikipedia,春分の日,226,226,226,2026-01-13,2.1150159744408947,1.1150159744408947,1,False
ja.wikipedia,春分の日,274,274,274,2026-03-02,2.04989604989605,1.04989604989605,1,False
ja.wikipedia,春分の日,288,292,292,2026-03-20,10.827320827320827,25.45496986398335,5,False
ja.wikipedia,野村絢,39,39,39,2025-07-10,5.818181818181818,4.818181818181818,1,False
ja.wikipedia,野村絢,73,73,73,2025-08-13,2.4615384615384617,1.4615384615384617,1,False
ja.wikipedia,野村絢,88,88,88,2025-08-28,3.7142857142857144,2.7142857142857144,1,False
ja.wikipedia,野村絢,103,103,103,2025-09-12,2.0,1.0,1,False
ja.wikipedia,野村絢,158,158,158,2025-11-06,2.1666666666666665,1.1666666666666665,1,False
ja.wikipedia,野村絢,162,162,162,2025-11-10,2.0,1.0,1,False
ja.wikipedia,野村絢,170,170,170,2025-11-18,2.0,1.0,1,False
ja.wikipedia,野村絢,197,198,197,2025-12-15,11.833333333333334,14.166666666666668,2,False
ja.wikipedia,野村絢,200,201,200,2025-12-18,2.3076923076923075,2.3076923076923075,2,False
ja.wikipedia,野村絢,206,207,207,2025-12-25,3.066666666666667,3.066666666666667,2,False
ja.wikipedia,野村絢,213,213,213,2025-12-31,2.0,1.0,1,False
ja.wikipedia,野村絢,221,221,221,2026-01-08,3.727272727272727,2.727272727272727,1,False
ja.wikipedia,野村絢,225,240,232,2026-01-19,20.642857142857142,128.5284267496769,16,False
ja.wikipedia,野村絢,247,251,247,2026-02-03,30.65289256198347,66.88564156196333,5,False
ja.wikipedia,野村絢,279,282,280,2026-03-08,34.29677419354839,43.246572580645164,4,False
ja.wikipedia,野村絢,284,286,286,2026-03-14,9.5375,12.5125,3,False
ja.wikipedia,野村絢,291,291,291,2026-03-19,3.8627450980392157,2.8627450980392157,1,False
ja.wikipedia,野村絢,298,299,299,2026-03-27,2.4379084967320264,2.640522875816994,2,False
ja.wikipedia,野村絢,318,319,318,2026-04-15,7.69377990430622,10.200956937799043,2,False
ja.wikipedia,野村絢,322,330,323,2026-04-20,92.8133971291866,168.9545635099756,9,False
ja.wikipedia,野村絢,351,352,352,2026-05-19,2.6540880503144653,2.9371069182389937,2,False
ja.wikipedia,野村絢,354,356,354,2026-05-21,134.74213836477986,162.53459119496856,3,False
ja.wikipedia,野村絢,358,359,358,2026-05-25,4.282828282828283,5.878787878787879,2,False
ja.wikipedia,野村絢,361,370,368,2026-06-04,157.41554054054055,201.8899188203095,10,False
ja.wikipedia,有村架純,40,41,41,2025-07-12,2.582348305752561,2.583136327817179,2,False
ja.wikipedia,有村架純,60,60,60,2025-07-31,2.008246114811291,1.008246114811291,1,False
ja.wikipedia,有村架純,70,71,70,2025-08-10,3.244619581691422,3.7635647165807824,2,False
ja.wikipedia,有村架純,76,76,76,2025-08-16,2.1383156720580034,1.1383156720580034,1,False
ja.wikipedia,有村架純,81,84,83,2025-08-23,5.879682679594535,8.735092873227728,4,False
ja.wikipedia,有村架純,103,105,103,2025-09-12,9.918196994991654,13.172588667080138,3,False
ja.wikipedia,有村架純,114,114,114,2025-09-23,2.5657063626559853,1.5657063626559853,1,False
ja.wikipedia,有村架純,214,214,214,2026-01-01,2.3567601638827607,1.3567601638827607,1,False
ja.wikipedia,有村架純,264,264,264,2026-02-20,2.152300712896954,1.1523007128969538,1,False
ja.wikipedia,有村架純,307,307,307,2026-04-04,5.4653284671532845,4.4653284671532845,1,False
ja.wikipedia,有村架純,313,316,315,2026-04-12,10.359754314126938,15.070082124010098,4,False
ja.wikipedia,有村架純,322,322,322,2026-04-19,2.0086393088552916,1.0086393088552916,1,False
ja.wikipedia,有村架純,329,329,329,2026-04-26,2.1010611419909044,1.1010611419909044,1,False
ja.wikipedia,有村架純,336,338,336,2026-05-03,18.77518345563709,24.06814931764491,3,False
ja.wikipedia,有村架純,343,343,343,2026-05-10,2.1544039240776285,1.1544039240776285,1,False
ja.wikipedia,山本章一,37,37,37,2025-07-08,2.2,1.2000000000000002,1,False
ja.wikipedia,山本章一,42,42,42,2025-07-13,2.0,1.0,1,False
ja.wikipedia,山本章一,53,56,53,2025-07-24,2.6,5.496969696969698,4,False
ja.wikipedia,山本章一,62,62,62,2025-08-02,2.3076923076923075,1.3076923076923075,1,False
ja.wikipedia,山本章一,64,64,64,2025-08-04,2.0,1.0,1,False
ja.wikipedia,山本章一,78,78,78,2025-08-18,2.0,1.0,1,False
ja.wikipedia,山本章一,86,86,86,2025-08-26,2.1333333333333333,1.1333333333333333,1,False
ja.wikipedia,山本章一,93,93,93,2025-09-02,2.5,1.5,1,False
ja.wikipedia,山本章一,115,115,115,2025-09-24,2.0,1.0,1,False
ja.wikipedia,山本章一,128,130,129,2025-10-08,5.052631578947368,6.684210526315789,3,False
ja.wikipedia,山本章一,133,133,133,2025-10-12,2.0,1.0,1,False
ja.wikipedia,山本章一,135,138,136,2025-10-15,7.833333333333333,14.236343366778149,4,False
ja.wikipedia,山本章一,149,149,149,2025-10-28,2.7857142857142856,1.7857142857142856,1,False
ja.wikipedia,山本章一,189,190,189,2025-12-07,9.75,9.75,2,False
ja.wikipedia,山本章一,199,199,199,2025-12-17,2.25,1.25,1,False
ja.wikipedia,山本章一,220,220,220,2026-01-07,2.823529411764706,1.823529411764706,1,False
ja.wikipedia,山本章一,232,232,232,2026-01-19,2.2222222222222223,1.2222222222222223,1,False
ja.wikipedia,山本章一,236,236,236,2026-01-23,3.3333333333333335,2.3333333333333335,1,False
ja.wikipedia,山本章一,242,242,242,2026-01-29,2.0,1.0,1,False
ja.wikipedia,山本章一,247,247,247,2026-02-03,2.1052631578947367,1.1052631578947367,1,False
ja.wikipedia,山本章一,264,264,264,2026-02-20,3.176470588235294,2.176470588235294,1,False
ja.wikipedia,山本章一,268,282,271,2026-02-27,9402.380952380952,33393.61119842051,15,False
ja.wikipedia,ENHYPEN,34,39,34,2025-07-05,5.154938466393184,13.855801163133782,6,False
ja.wikipedia,ENHYPEN,63,63,63,2025-08-03,2.4036643026004727,1.4036643026004727,1,False
ja.wikipedia,ENHYPEN,73,73,73,2025-08-13,2.2831344727507257,1.2831344727507257,1,False
ja.wikipedia,ENHYPEN,111,111,111,2025-09-20,3.5346938775510206,2.5346938775510206,1,False
ja.wikipedia,ENHYPEN,155,155,155,2025-11-03,2.471676300578035,1.471676300578035,1,False
ja.wikipedia,ENHYPEN,180,181,181,2025-11-29,2.4227551589514777,2.6892659713418925,2,False
ja.wikipedia,ENHYPEN,194,194,194,2025-12-12,2.2438770192808755,1.2438770192808755,1,False
ja.wikipedia,ENHYPEN,197,197,197,2025-12-15,2.752454780361757,1.7524547803617572,1,False
ja.wikipedia,ENHYPEN,282,288,282,2026-03-10,40.0917905623788,67.01422107304461,7,False
ja.wikipedia,ENHYPEN,290,290,290,2026-03-18,2.057729313662604,1.057729313662604,1,False
ja.wikipedia,ENHYPEN,351,351,351,2026-05-18,2.3448275862068964,1.3448275862068964,1,False
ja.wikipedia,宮澤エマ,29,29,29,2025-06-30,2.7276333186425736,1.7276333186425736,1,False
ja.wikipedia,宮澤エマ,54,58,56,2025-07-27,15.402991452991452,25.907306168072353,5,False
ja.wikipedia,宮澤エマ,60,65,61,2025-08-01,42.49545454545454,80.2419857474379,6,False
ja.wikipedia,宮澤エマ,118,118,118,2025-09-27,3.860949464012251,2.860949464012251,1,False
ja.wikipedia,宮澤エマ,127,128,128,2025-10-07,3.1965065502183405,4.204049225883287,2,False
ja.wikipedia,宮澤エマ,171,174,173,2025-11-21,6.125,11.883928571428571,4,False
ja.wikipedia,宮澤エマ,177,178,177,2025-11-25,2.8359375,3.0589938002680963,2,False
ja.wikipedia,宮澤エマ,208,210,208,2025-12-26,17.921017402945115,22.30691284008943,3,False
ja.wikipedia,宮澤エマ,214,215,214,2026-01-01,10.835137643055985,11.042818134607444,2,False
ja.wikipedia,宮澤エマ,217,220,217,2026-01-04,13.336097127628072,17.68688836976533,4,False
ja.wikipedia,宮澤エマ,223,225,224,2026-01-11,11.768869091808957,16.72611994725755,3,False
ja.wikipedia,宮澤エマ,230,231,230,2026-01-17,16.805199628597958,17.15492133546252,2,False
ja.wikipedia,宮澤エマ,244,245,244,2026-01-31,12.769461077844312,12.900449101796408,2,False
ja.wikipedia,宮澤エマ,258,259,259,2026-02-15,6.061412487205732,7.185261003070623,2,False
ja.wikipedia,宮澤エマ,264,265,264,2026-02-20,4.22310361923649,4.704224493138176,2,False
ja.wikipedia,宮澤エマ,300,303,300,2026-03-28,6.308533916849015,11.584608350804908,4,False
ja.wikipedia,宮澤エマ,305,306,305,2026-04-02,2.670299727520436,2.6743730472760365,2,False
ja.wikipedia,宮澤エマ,309,310,310,2026-04-07,3.86839546191248,5.160213944853851,2,False
ja.wikipedia,宮澤エマ,317,317,317,2026-04-14,2.0210192345825897,1.0210192345825897,1,False
ja.wikipedia,宮澤エマ,329,330,330,2026-04-27,2.6343461932400136,3.1509047456469785,2,False
ja.wikipedia,宮澤エマ,337,339,337,2026-05-04,6.899258760107816,9.493261455525605,3,False
ja.wikipedia,宮澤エマ,343,347,343,2026-05-10,22.072170044488384,45.25250446221174,5,False
ja.wikipedia,横宮七海,104,117,105,2025-09-14,29.305061559507525,127.11707099265954,14,False
ja.wikipedia,横宮七海,151,151,151,2025-10-30,3.2921135646687696,2.2921135646687696,1,False
ja.wikipedia,横宮七海,200,200,200,2025-12-18,2.088300220750552,1.0883002207505519,1,False
ja.wikipedia,横宮七海,300,302,300,2026-03-28,100.14339622641509,121.59245283018868,3,False
ja.wikipedia,横宮七海,323,325,323,2026-04-20,4.957746478873239,8.42480223808605,3,False
ja.wikipedia,横宮七海,365,367,365,2026-06-01,7.11969111969112,12.625482625482626,3,False
ja.wikipedia,中尾ミエ,46,47,47,2025-07-18,3.760722347629797,4.17607223476298,2,False
ja.wikipedia,中尾ミエ,57,58,57,2025-07-28,2.26046511627907,2.469767441860465,2,False
ja.wikipedia,中尾ミエ,64,65,64,2025-08-04,4.069114470842333,4.21665545444889,2,False
ja.wikipedia,中尾ミエ,71,71,71,2025-08-11,5.8469945355191255,4.8469945355191255,1,False
ja.wikipedia,中尾ミエ,74,74,74,2025-08-14,2.3785714285714286,1.3785714285714286,1,False
ja.wikipedia,中尾ミエ,83,83,83,2025-08-23,2.691780821917808,1.691780821917808,1,False
ja.wikipedia,中尾ミエ,97,97,97,2025-09-06,4.010948905109489,3.0109489051094886,1,False
ja.wikipedia,中尾ミエ,106,106,106,2025-09-15,2.01673640167364,1.01673640167364,1,False
ja.wikipedia,中尾ミエ,135,135,135,2025-10-14,3.6044444444444443,2.6044444444444443,1,False
ja.wikipedia,中尾ミエ,147,147,147,2025-10-26,2.4178403755868545,1.4178403755868545,1,False
ja.wikipedia,中尾ミエ,152,152,152,2025-10-31,2.2033898305084745,1.2033898305084745,1,False
ja.wikipedia,中尾ミエ,157,157,157,2025-11-05,4.515970515970516,3.5159705159705164,1,False
ja.wikipedia,中尾ミエ,202,202,202,2025-12-20,4.311284046692607,3.311284046692607,1,False
ja.wikipedia,中尾ミエ,205,205,205,2025-12-23,3.637065637065637,2.637065637065637,1,False
ja.wikipedia,中尾ミエ,213,213,213,2025-12-31,17.753222836095766,16.753222836095766,1,False
ja.wikipedia,中尾ミエ,225,226,225,2026-01-12,9.97463002114165,15.694295293108176,2,False
ja.wikipedia,中尾ミエ,245,245,245,2026-02-01,2.56,1.56,1,False
ja.wikipedia,中尾ミエ,257,257,257,2026-02-13,12.235555555555555,11.235555555555555,1,False
ja.wikipedia,中尾ミエ,284,285,285,2026-03-13,2.6073752711496745,2.685466377440347,2,False
ja.wikipedia,中尾ミエ,297,297,297,2026-03-25,18.801781737193764,17.801781737193764,1,False
ja.wikipedia,中尾ミエ,299,299,299,2026-03-27,2.4578833693304536,1.4578833693304536,1,False
ja.wikipedia,中尾ミエ,301,301,301,2026-03-29,5.092077087794433,4.092077087794433,1,False
ja.wikipedia,中尾ミエ,306,306,306,2026-04-03,2.587360594795539,1.587360594795539,1,False
ja.wikipedia,中尾ミエ,327,328,327,2026-04-24,8.75046904315197,9.767354596622889,2,False
ja.wikipedia,中尾ミエ,332,332,332,2026-04-29,2.600806451612903,1.600806451612903,1,False
ja.wikipedia,中尾ミエ,334,334,334,2026-05-01,2.5664335664335662,1.5664335664335662,1,False
ja.wikipedia,中尾ミエ,338,339,338,2026-05-05,3.0078740157480315,3.8741530855154735,2,False
ja.wikipedia,中尾ミエ,341,341,341,2026-05-08,2.0223048327137545,1.0223048327137545,1,False
ja.wikipedia,中尾ミエ,353,355,354,2026-05-21,41.11923076923077,43.954000189374085,3,False
ja.wikipedia,中尾ミエ,369,370,370,2026-06-06,2.807471264367816,3.2672413793103448,2,False
ja.wikipedia,中尾ミエ,372,372,372,2026-06-08,3.1724137931034484,2.1724137931034484,1,False
ja.wikipedia,清水邦広,39,42,39,2025-07-10,26.26530612244898,32.23019327718174,4,False
ja.wikipedia,清水邦広,45,47,47,2025-07-18,6.836575875486381,13.95201037613489,3,False
ja.wikipedia,清水邦広,49,49,49,2025-07-20,3.327433628318584,2.327433628318584,1,False
ja.wikipedia,清水邦広,60,60,60,2025-07-31,3.769944341372913,2.769944341372913,1,False
ja.wikipedia,清水邦広,77,77,77,2025-08-17,14.625615763546797,13.625615763546797,1,False
ja.wikipedia,清水邦広,98,99,99,2025-09-08,3.0460526315789473,3.9671052631578947,2,False
ja.wikipedia,清水邦広,101,101,101,2025-09-10,3.4330218068535827,2.4330218068535827,1,False
ja.wikipedia,清水邦広,104,104,104,2025-09-13,2.4986449864498645,1.4986449864498645,1,False
ja.wikipedia,清水邦広,106,106,106,2025-09-15,2.9572192513368982,1.9572192513368982,1,False
ja.wikipedia,清水邦広,108,109,108,2025-09-17,7.32987012987013,7.3501232944270924,2,False
ja.wikipedia,清水邦広,120,120,120,2025-09-29,2.9785202863961815,1.9785202863961815,1,False
ja.wikipedia,清水邦広,128,128,128,2025-10-07,2.5068870523415976,1.5068870523415976,1,False
ja.wikipedia,清水邦広,141,147,141,2025-10-20,103.54006968641114,123.82793972695687,7,False
ja.wikipedia,清水邦広,150,151,150,2025-10-29,14.502857142857144,17.26916149068323,2,False
ja.wikipedia,清水邦広,153,154,153,2025-11-01,7.361702127659575,8.461204615221764,2,False
ja.wikipedia,清水邦広,174,174,174,2025-11-22,2.042016806722689,1.042016806722689,1,False
ja.wikipedia,清水邦広,208,208,208,2025-12-26,2.7574750830564785,1.7574750830564785,1,False
ja.wikipedia,清水邦広,211,212,211,2025-12-29,31.40959409594096,31.872751990677802,2,False
ja.wikipedia,清水邦広,218,218,218,2026-01-05,2.0,1.0,1,False
ja.wikipedia,清水邦広,221,221,221,2026-01-08,2.2046204620462047,1.2046204620462047,1,False
ja.wikipedia,清水邦広,228,228,228,2026-01-15,4.25,3.25,1,False
ja.wikipedia,清水邦広,237,237,237,2026-01-24,3.0876132930513593,2.0876132930513593,1,False
ja.wikipedia,清水邦広,244,245,244,2026-01-31,4.012383900928793,4.396284829721362,2,False
ja.wikipedia,清水邦広,251,251,251,2026-02-07,8.448844884488448,7.448844884488448,1,False
ja.wikipedia,清水邦広,258,258,258,2026-02-14,8.884210526315789,7.884210526315789,1,False
ja.wikipedia,清水邦広,273,273,273,2026-03-01,2.9133858267716537,1.9133858267716537,1,False
ja.wikipedia,清水邦広,321,322,322,2026-04-19,2.3645833333333335,2.5159346846846846,2,False
ja.wikipedia,清水邦広,325,325,325,2026-04-22,2.135265700483092,1.135265700483092,1,False
ja.wikipedia,清水邦広,327,332,327,2026-04-24,168.20491803278688,195.55764410964588,6,False
ja.wikipedia,清水邦広,343,346,344,2026-05-11,39.13715710723192,59.29751716781395,4,False
ja.wikipedia,清水邦広,348,354,353,2026-05-20,19.55095541401274,56.44923581198859,7,False
ja.wikipedia,清水邦広,361,361,361,2026-05-28,6.146627565982405,5.146627565982405,1,False
ja.wikipedia,怪談_(小泉八雲),38,39,39,2025-07-10,3.0362694300518136,3.1310062721570766,2,False
ja.wikipedia,怪談_(小泉八雲),78,78,78,2025-08-18,2.327526132404181,1.3275261324041812,1,False
ja.wikipedia,怪談_(小泉八雲),80,80,80,2025-08-20,2.1966101694915254,1.1966101694915254,1,False
ja.wikipedia,怪談_(小泉八雲),86,86,86,2025-08-26,3.0,2.0,1,False
ja.wikipedia,怪談_(小泉八雲),113,125,120,2025-09-29,17.004065040650406,79.45995343010685,13,False
ja.wikipedia,怪談_(小泉八雲),127,127,127,2025-10-06,2.6714285714285713,1.6714285714285713,1,False
ja.wikipedia,怪談_(小泉八雲),185,185,185,2025-12-03,2.4856815578465064,1.4856815578465064,1,False
ja.wikipedia,怪談_(小泉八雲),197,202,200,2025-12-18,4.386892177589852,14.798078380497365,6,False
ja.wikipedia,怪談_(小泉八雲),213,213,213,2025-12-31,3.894170403587444,2.894170403587444,1,False
ja.wikipedia,怪談_(小泉八雲),260,263,261,2026-02-17,2.68389662027833,6.103379721669979,4,False
ja.wikipedia,怪談_(小泉八雲),267,269,267,2026-02-23,3.2222222222222223,5.09327249237897,3,False
ja.wikipedia,怪談_(小泉八雲),284,285,285,2026-03-13,3.789923142613151,4.4780951856239035,2,False
ja.wikipedia,怪談_(小泉八雲),287,300,292,2026-03-20,50.88005886681383,221.3686846013669,14,False
ja.wikipedia,怪談_(小泉八雲),337,337,337,2026-05-04,7.176015473887814,6.176015473887814,1,False
ja.wikipedia,怪談_(小泉八雲),367,367,367,2026-06-03,3.4516129032258065,2.4516129032258065,1,False
ja.wikipedia,北川悠仁,38,39,38,2025-07-09,12.513108614232209,12.647186826522711,2,False
ja.wikipedia,北川悠仁,47,48,47,2025-07-18,3.080373831775701,3.3640101954120647,2,False
ja.wikipedia,北川悠仁,66,66,66,2025-08-06,2.34597875569044,1.3459787556904401,1,False
ja.wikipedia,北川悠仁,69,71,69,2025-08-09,11.298937784522003,13.433990895295903,3,False
ja.wikipedia,北川悠仁,74,74,74,2025-08-14,3.562146892655367,2.562146892655367,1,False
ja.wikipedia,北川悠仁,76,76,76,2025-08-16,2.0607734806629834,1.0607734806629834,1,False
ja.wikipedia,北川悠仁,132,132,132,2025-10-11,2.3350604490500864,1.3350604490500864,1,False
ja.wikipedia,北川悠仁,139,139,139,2025-10-18,2.761120263591433,1.7611202635914331,1,False
ja.wikipedia,北川悠仁,146,147,146,2025-10-25,5.158050221565731,5.223042836041359,2,False
ja.wikipedia,北川悠仁,173,176,174,2025-11-22,7.754545454545455,10.0,4,False
ja.wikipedia,北川悠仁,180,181,181,2025-11-29,6.205882352941177,9.87205224861927,2,False
ja.wikipedia,北川悠仁,194,194,194,2025-12-12,2.1417910447761193,1.1417910447761193,1,False
ja.wikipedia,北川悠仁,208,208,208,2025-12-26,9.529850746268657,8.529850746268657,1,False
ja.wikipedia,北川悠仁,221,221,221,2026-01-08,2.411311053984576,1.411311053984576,1,False
ja.wikipedia,北川悠仁,227,228,227,2026-01-14,4.9213197969543145,5.420730868803549,2,False
ja.wikipedia,北川悠仁,230,230,230,2026-01-17,2.2598253275109172,1.2598253275109172,1,False
ja.wikipedia,北川悠仁,240,240,240,2026-01-27,2.4621733149931226,1.4621733149931226,1,False
ja.wikipedia,北川悠仁,243,244,244,2026-01-31,2.309417040358744,2.4743916596480844,2,False
ja.wikipedia,北川悠仁,252,253,252,2026-02-08,8.810754912099275,9.048703630047994,2,False
ja.wikipedia,北川悠仁,275,279,275,2026-03-03,12.69790382244143,25.36113094662651,5,False
ja.wikipedia,北川悠仁,282,283,282,2026-03-10,7.930571108622621,9.86970154340523,2,False
ja.wikipedia,北川悠仁,286,288,286,2026-03-14,10.919735599622285,17.15583201240975,3,False
ja.wikipedia,北川悠仁,293,293,293,2026-03-21,2.025469168900804,1.0254691689008042,1,False
ja.wikipedia,北川悠仁,318,321,319,2026-04-16,44.61224489795919,90.75094784580499,4,False
ja.wikipedia,北川悠仁,323,324,324,2026-04-21,2.9138321995464853,3.6462585034013606,2,False
ja.wikipedia,北川悠仁,326,328,326,2026-04-23,18.546485260770975,22.384980294337026,3,False
ja.wikipedia,北川悠仁,330,330,330,2026-04-27,3.630514705882353,2.630514705882353,1,False
ja.wikipedia,北川悠仁,370,371,370,2026-06-06,2.875,3.2888888888888888,2,False
ja.wikipedia,吉田恭子_(ヴァイオリニスト),46,46,46,2025-07-17,6.687898089171974,5.687898089171974,1,False
ja.wikipedia,吉田恭子_(ヴァイオリニスト),90,90,90,2025-08-30,2.038095238095238,1.038095238095238,1,False
ja.wikipedia,吉田恭子_(ヴァイオリニスト),183,184,183,2025-12-01,3.8534031413612566,4.24923647469459,2,False
ja.wikipedia,吉田恭子_(ヴァイオリニスト),247,248,248,2026-02-04,2.354285714285714,2.377142857142857,2,False
ja.wikipedia,吉田恭子_(ヴァイオリニスト),251,251,251,2026-02-07,7.074285714285714,6.074285714285714,1,False
ja.wikipedia,吉田恭子_(ヴァイオリニスト),275,276,275,2026-03-03,3.082474226804124,3.1237113402061856,2,False
ja.wikipedia,吉田恭子_(ヴァイオリニスト),278,287,278,2026-03-06,172.06185567010309,243.30938369484215,10,False
ja.wikipedia,吉田恭子_(ヴァイオリニスト),293,297,293,2026-03-21,53.719298245614034,72.49371180932266,5,False
ja.wikipedia,吉田恭子_(ヴァイオリニスト),326,327,327,2026-04-24,2.175,2.2874999999999996,2,False
ja.wikipedia,吉田恭子_(ヴァイオリニスト),329,329,329,2026-04-26,2.65,1.65,1,False
ja.wikipedia,吉田恭子_(ヴァイオリニスト),331,332,331,2026-04-28,2.3875,2.5250000000000004,2,False
ja.wikipedia,吉田恭子_(ヴァイオリニスト),334,344,336,2026-05-03,247.22560975609755,405.46908310532365,11,False
ja.wikipedia,墨俣城,215,220,215,2026-01-02,8.052083333333334,17.607491214170714,6,False
ja.wikipedia,墨俣城,223,225,223,2026-01-10,3.064814814814815,4.8760916088502295,3,False
ja.wikipedia,墨俣城,231,232,231,2026-01-18,3.3780487804878048,4.147711701836119,2,False
ja.wikipedia,墨俣城,238,238,238,2026-01-25,2.0833333333333335,1.0833333333333335,1,False
ja.wikipedia,墨俣城,245,246,245,2026-02-01,6.432558139534883,8.12093023255814,2,False
ja.wikipedia,墨俣城,259,276,266,2026-02-22,109.4095634095634,304.93237948424576,18,False
ja.wikipedia,墨俣城,279,279,279,2026-03-07,2.692753623188406,1.692753623188406,1,False
ja.wikipedia,國松孝次,67,67,67,2025-08-07,2.56140350877193,1.5614035087719298,1,False
ja.wikipedia,國松孝次,115,115,115,2025-09-24,2.5677966101694913,1.5677966101694913,1,False
ja.wikipedia,國松孝次,118,118,118,2025-09-27,4.008695652173913,3.0086956521739134,1,False
ja.wikipedia,國松孝次,125,125,125,2025-10-04,4.920502092050209,3.920502092050209,1,False
ja.wikipedia,國松孝次,132,132,132,2025-10-11,2.481203007518797,1.481203007518797,1,False
ja.wikipedia,國松孝次,181,192,181,2025-11-29,35.605839416058394,106.74753730741791,12,False
ja.wikipedia,國松孝次,275,275,275,2026-03-03,2.335664335664336,1.3356643356643358,1,False
ja.wikipedia,國松孝次,282,289,282,2026-03-10,215.87412587412587,290.4901812374477,8,False
ja.wikipedia,國松孝次,291,292,292,2026-03-20,2.5534591194968552,2.8176100628930816,2,False
ja.wikipedia,國松孝次,329,329,329,2026-04-26,3.0716723549488054,2.0716723549488054,1,False
ja.wikipedia,國松孝次,339,340,339,2026-05-06,2.5547445255474455,2.598540145985402,2,False
ja.wikipedia,國松孝次,358,358,358,2026-05-25,2.0766283524904217,1.0766283524904217,1,False
ja.wikipedia,髙橋遥人,40,41,40,2025-07-11,6.109467455621302,6.23138327565033,2,False
ja.wikipedia,髙橋遥人,43,45,44,2025-07-15,19.9119804400978,29.525683395682766,3,False
ja.wikipedia,髙橋遥人,56,57,56,2025-07-27,21.99429386590585,26.970042796005707,2,False
ja.wikipedia,髙橋遥人,65,65,65,2025-08-05,3.3529411764705883,2.3529411764705883,1,False
ja.wikipedia,髙橋遥人,73,74,73,2025-08-13,14.679674796747967,16.022764227642277,2,False
ja.wikipedia,髙橋遥人,82,83,82,2025-08-22,8.957559681697612,9.450388886391224,2,False
ja.wikipedia,髙橋遥人,90,90,90,2025-08-30,12.280254777070065,11.280254777070065,1,False
ja.wikipedia,髙橋遥人,104,104,104,2025-09-13,4.629299363057325,3.629299363057325,1,False
ja.wikipedia,髙橋遥人,111,111,111,2025-09-20,2.978527607361963,1.978527607361963,1,False
ja.wikipedia,髙橋遥人,136,147,138,2025-10-17,102.09638554216868,136.4093073784435,12,False
ja.wikipedia,髙橋遥人,149,151,150,2025-10-29,29.44758735440932,38.83000641645474,3,False
ja.wikipedia,髙橋遥人,172,172,172,2025-11-20,6.143790849673203,5.143790849673203,1,False
ja.wikipedia,髙橋遥人,192,192,192,2025-12-10,2.174454828660436,1.1744548286604362,1,False
ja.wikipedia,髙橋遥人,196,196,196,2025-12-14,2.3706070287539935,1.3706070287539935,1,False
ja.wikipedia,髙橋遥人,211,212,212,2025-12-30,3.036789297658863,3.839464882943144,2,False
ja.wikipedia,髙橋遥人,230,230,230,2026-01-17,2.3666666666666667,1.3666666666666667,1,False
ja.wikipedia,髙橋遥人,240,240,240,2026-01-27,2.2582781456953644,1.2582781456953644,1,False
ja.wikipedia,髙橋遥人,259,259,259,2026-02-15,2.996168582375479,1.996168582375479,1,False
ja.wikipedia,髙橋遥人,265,265,265,2026-02-21,5.294915254237288,4.294915254237288,1,False
ja.wikipedia,髙橋遥人,267,267,267,2026-02-23,2.4805194805194803,1.4805194805194803,1,False
ja.wikipedia,髙橋遥人,279,279,279,2026-03-07,3.7981072555205047,2.7981072555205047,1,False
ja.wikipedia,髙橋遥人,286,286,286,2026-03-14,2.6344086021505375,1.6344086021505375,1,False
ja.wikipedia,髙橋遥人,293,295,293,2026-03-21,6.582677165354331,8.926509186351705,3,False
ja.wikipedia,髙橋遥人,298,303,300,2026-03-28,124.7378640776699,151.06657079566162,6,False
ja.wikipedia,髙橋遥人,308,308,308,2026-04-05,4.850605652759085,3.850605652759085,1,False
ja.wikipedia,髙橋遥人,315,318,315,2026-04-12,29.270531400966185,57.23055166940092,4,False
ja.wikipedia,髙橋遥人,332,342,339,2026-05-06,96.48678213309024,240.20867658429285,11,False
ja.wikipedia,髙橋遥人,344,346,346,2026-05-13,5.39515455304929,6.867167919799499,3,False
ja.wikipedia,髙橋遥人,355,355,355,2026-05-22,4.893433179723503,3.8934331797235027,1,False
ja.wikipedia,髙橋遥人,362,362,362,2026-05-29,4.7413594470046085,3.7413594470046085,1,False
ja.wikipedia,髙橋遥人,369,369,369,2026-06-05,4.32540675844806,3.32540675844806,1,False
ja.wikipedia,コンスタンティノープルの陥落,56,56,56,2025-07-27,2.319672131147541,1.319672131147541,1,False
ja.wikipedia,コンスタンティノープルの陥落,104,106,104,2025-09-13,14.229390681003585,15.802867383512545,3,False
ja.wikipedia,コンスタンティノープルの陥落,301,301,301,2026-03-29,2.5833333333333335,1.5833333333333335,1,False
ja.wikipedia,コンスタンティノープルの陥落,331,331,331,2026-04-28,2.968,1.968,1,False
ja.wikipedia,コンスタンティノープルの陥落,361,369,363,2026-05-30,155.07746478873239,315.96583770247713,9,False
ja.wikipedia,市川染五郎_(8代目),34,36,34,2025-07-05,4.21865889212828,6.2756389491083375,3,False
ja.wikipedia,市川染五郎_(8代目),42,45,44,2025-07-15,7.211801896733403,13.209106094353846,4,False
ja.wikipedia,市川染五郎_(8代目),73,74,73,2025-08-13,4.745132743362832,5.139823008849557,2,False
ja.wikipedia,市川染五郎_(8代目),94,94,94,2025-09-03,2.2900188323917137,1.2900188323917137,1,False
ja.wikipedia,市川染五郎_(8代目),103,103,103,2025-09-12,6.605714285714286,5.605714285714286,1,False
ja.wikipedia,市川染五郎_(8代目),110,110,110,2025-09-19,2.219047619047619,1.2190476190476192,1,False
ja.wikipedia,市川染五郎_(8代目),133,134,133,2025-10-12,11.149110807113543,11.772913816689465,2,False
ja.wikipedia,市川染五郎_(8代目),154,154,154,2025-11-02,2.9107806691449816,1.9107806691449816,1,False
ja.wikipedia,市川染五郎_(8代目),159,168,161,2025-11-09,77.85448916408669,133.2264771561487,10,False
ja.wikipedia,市川染五郎_(8代目),170,170,170,2025-11-18,2.9061326658322906,1.9061326658322906,1,False
ja.wikipedia,市川染五郎_(8代目),201,214,205,2025-12-23,26.49448123620309,71.29426693654351,14,False
ja.wikipedia,市川染五郎_(8代目),255,255,255,2026-02-11,2.605683836589698,1.605683836589698,1,False
ja.wikipedia,市川染五郎_(8代目),268,268,268,2026-02-24,2.348977135980746,1.3489771359807459,1,False
ja.wikipedia,市川染五郎_(8代目),287,287,287,2026-03-15,2.711764705882353,1.711764705882353,1,False
ja.wikipedia,市川染五郎_(8代目),311,311,311,2026-04-08,2.2996941896024463,1.2996941896024463,1,False
ja.wikipedia,市川染五郎_(8代目),326,330,326,2026-04-23,104.46925566343042,181.0,5,False
ja.wikipedia,市川染五郎_(8代目),332,334,334,2026-05-01,7.696696696696697,9.456114116145033,3,False
ja.wikipedia,市川染五郎_(8代目),341,341,341,2026-05-08,3.226354941551541,2.226354941551541,1,False
ja.wikipedia,市川染五郎_(8代目),357,357,357,2026-05-24,4.066061106523534,3.0660611065235344,1,False
ja.wikipedia,市川染五郎_(8代目),367,367,367,2026-06-03,2.0247729149463254,1.0247729149463254,1,False
ja.wikipedia,佐野勇斗,31,31,31,2025-07-02,3.455980570734669,2.455980570734669,1,False
ja.wikipedia,佐野勇斗,36,36,36,2025-07-07,2.1547471162377994,1.1547471162377994,1,False
ja.wikipedia,佐野勇斗,63,63,63,2025-08-03,2.030699260943718,1.030699260943718,1,False
ja.wikipedia,佐野勇斗,75,75,75,2025-08-15,2.782297965915338,1.7822979659153382,1,False
ja.wikipedia,佐野勇斗,84,84,84,2025-08-24,3.9862787447592427,2.9862787447592427,1,False
ja.wikipedia,佐野勇斗,117,117,117,2025-09-26,3.7019425920556683,2.7019425920556683,1,False
ja.wikipedia,佐野勇斗,119,119,119,2025-09-28,2.307163323782235,1.3071633237822349,1,False
ja.wikipedia,佐野勇斗,124,126,124,2025-10-03,5.357100766057749,7.866823806717738,3,False
ja.wikipedia,佐野勇斗,129,130,129,2025-10-08,5.521095278010617,6.30247516163489,2,False
ja.wikipedia,佐野勇斗,132,132,132,2025-10-11,2.630011909487892,1.6300119094878922,1,False
ja.wikipedia,佐野勇斗,153,153,153,2025-11-01,2.4148495721777534,1.4148495721777534,1,False
ja.wikipedia,佐野勇斗,155,155,155,2025-11-03,4.129364306579497,3.1293643065794967,1,False
ja.wikipedia,佐野勇斗,158,158,158,2025-11-06,2.233502538071066,1.233502538071066,1,False
ja.wikipedia,佐野勇斗,163,163,163,2025-11-11,2.7361802462667018,1.7361802462667018,1,False
ja.wikipedia,佐野勇斗,165,166,165,2025-11-13,4.0457957957957955,5.52027027027027,2,False
ja.wikipedia,佐野勇斗,176,176,176,2025-11-24,2.238650060265167,1.2386500602651669,1,False
ja.wikipedia,佐野勇斗,212,217,213,2025-12-31,11.375957772858845,26.841475015904177,6,False
ja.wikipedia,佐野勇斗,221,221,221,2026-01-08,2.1833835557468793,1.1833835557468793,1,False
ja.wikipedia,佐野勇斗,228,229,228,2026-01-15,13.77915766738661,15.037707598987158,2,False
ja.wikipedia,佐野勇斗,265,265,265,2026-02-21,3.116937452060526,2.116937452060526,1,False
ja.wikipedia,佐野勇斗,324,324,324,2026-04-21,2.266181003082096,1.266181003082096,1,False
ja.wikipedia,佐野勇斗,333,333,333,2026-04-30,2.1137589145938422,1.1137589145938422,1,False
ja.wikipedia,佐野勇斗,351,351,351,2026-05-18,2.706364855272498,1.706364855272498,1,False
ja.wikipedia,佐野勇斗,354,354,354,2026-05-21,3.167226431305163,2.167226431305163,1,False
ja.wikipedia,佐野勇斗,369,369,369,2026-06-05,2.0012881064834693,1.0012881064834693,1,False
ja.wikipedia,岸部一徳,69,71,71,2025-08-11,3.654008438818565,4.85337552742616,3,False
ja.wikipedia,岸部一徳,191,191,191,2025-12-09,5.873386601106331,4.873386601106331,1,False
ja.wikipedia,岸部一徳,213,213,213,2025-12-31,2.568013659647126,1.568013659647126,1,False
ja.wikipedia,岸部一徳,272,272,272,2026-02-28,2.301331464611072,1.301331464611072,1,False
ja.wikipedia,岸部一徳,291,293,291,2026-03-19,23.871670702179177,30.816554022407736,3,False
ja.wikipedia,岸部一徳,297,297,297,2026-03-25,4.345890410958904,3.345890410958904,1,False
ja.wikipedia,岸部一徳,334,339,336,2026-05-03,4.324561403508772,12.236807832911893,6,False
ja.wikipedia,大椿裕子,37,40,39,2025-07-10,4.224813432835821,8.819656234550584,4,False
ja.wikipedia,大椿裕子,42,42,42,2025-07-13,6.531601123595506,5.531601123595506,1,False
ja.wikipedia,大椿裕子,49,50,50,2025-07-21,3.3360739979445015,3.72559317676676,2,False
ja.wikipedia,大椿裕子,80,80,80,2025-08-20,2.2777369581190303,1.2777369581190303,1,False
ja.wikipedia,大椿裕子,115,117,117,2025-09-26,2.659340659340659,4.681318681318681,3,False
ja.wikipedia,大椿裕子,120,121,120,2025-09-29,2.5714285714285716,3.0329670329670333,2,False
ja.wikipedia,大椿裕子,126,132,126,2025-10-05,7.976811594202899,21.053702470169146,7,False
ja.wikipedia,大椿裕子,144,144,144,2025-10-23,2.7818383167220375,1.7818383167220375,1,False
ja.wikipedia,大椿裕子,146,148,147,2025-10-26,5.052173913043478,8.75347326176674,3,False
ja.wikipedia,大椿裕子,150,150,150,2025-10-29,3.5480464625131996,2.5480464625131996,1,False
ja.wikipedia,大椿裕子,153,156,154,2025-11-02,6.53416149068323,11.862173683848638,4,False
ja.wikipedia,大椿裕子,171,171,171,2025-11-19,2.1409001956947162,1.1409001956947162,1,False
ja.wikipedia,大椿裕子,202,202,202,2025-12-20,2.497737556561086,1.497737556561086,1,False
ja.wikipedia,大椿裕子,227,227,227,2026-01-14,2.8692579505300353,1.8692579505300353,1,False
ja.wikipedia,大椿裕子,229,245,240,2026-01-27,5.08235294117647,35.40628218714898,17,False
ja.wikipedia,大椿裕子,247,247,247,2026-02-03,2.128205128205128,1.1282051282051282,1,False
ja.wikipedia,大椿裕子,252,253,253,2026-02-09,2.985638699924414,3.4496509510729596,2,False
ja.wikipedia,大椿裕子,263,263,263,2026-02-19,2.839031339031339,1.8390313390313389,1,False
ja.wikipedia,大椿裕子,274,277,274,2026-03-02,4.5406626506024095,10.301079317269076,4,False
ja.wikipedia,大椿裕子,295,296,295,2026-03-23,6.4104134762633995,8.083882864018502,2,False
ja.wikipedia,大椿裕子,306,306,306,2026-04-03,2.215686274509804,1.215686274509804,1,False
ja.wikipedia,大椿裕子,308,315,309,2026-04-06,74.48275862068965,192.00067496551287,8,False
ja.wikipedia,大椿裕子,318,318,318,2026-04-15,2.0110497237569063,1.0110497237569063,1,False
ja.wikipedia,大椿裕子,329,330,329,2026-04-26,6.98567335243553,8.344114910877089,2,False
ja.wikipedia,大椿裕子,332,333,332,2026-04-29,5.425462459194777,7.548711758914664,2,False
ja.wikipedia,佐々木成三,30,31,30,2025-07-01,4.894117647058824,6.91764705882353,2,False
ja.wikipedia,佐々木成三,36,38,38,2025-07-09,9.085106382978724,18.783451536643028,3,False
ja.wikipedia,佐々木成三,53,53,53,2025-07-24,2.3076923076923075,1.3076923076923075,1,False
ja.wikipedia,佐々木成三,56,58,57,2025-07-28,4.730769230769231,7.884615384615385,3,False
ja.wikipedia,佐々木成三,60,60,60,2025-07-31,2.6923076923076925,1.6923076923076925,1,False
ja.wikipedia,佐々木成三,66,68,66,2025-08-06,4.403846153846154,7.482886379675371,3,False
ja.wikipedia,佐々木成三,72,72,72,2025-08-12,7.467889908256881,6.467889908256881,1,False
ja.wikipedia,佐々木成三,76,76,76,2025-08-16,22.661290322580644,21.661290322580644,1,False
ja.wikipedia,佐々木成三,78,79,78,2025-08-18,4.586466165413534,6.23807906863934,2,False
ja.wikipedia,佐々木成三,81,87,82,2025-08-22,26.291891891891893,78.12458846280836,7,False
ja.wikipedia,佐々木成三,89,89,89,2025-08-29,9.685185185185185,8.685185185185185,1,False
ja.wikipedia,佐々木成三,93,94,93,2025-09-02,3.1515151515151514,3.8624526515151514,2,False
ja.wikipedia,佐々木成三,116,116,116,2025-09-25,2.230769230769231,1.2307692307692308,1,False
ja.wikipedia,佐々木成三,131,131,131,2025-10-10,6.4353741496598635,5.4353741496598635,1,False
ja.wikipedia,佐々木成三,140,141,140,2025-10-19,3.2523364485981308,4.205607476635514,2,False
ja.wikipedia,佐々木成三,143,144,144,2025-10-23,2.566666666666667,2.5833333333333335,2,False
ja.wikipedia,佐々木成三,148,148,148,2025-10-27,2.6153846153846154,1.6153846153846154,1,False
ja.wikipedia,佐々木成三,154,159,157,2025-11-05,6.557894736842106,15.483669798619971,6,False
ja.wikipedia,佐々木成三,165,165,165,2025-11-13,3.022421524663677,2.022421524663677,1,False
ja.wikipedia,佐々木成三,169,169,169,2025-11-17,2.7443946188340806,1.7443946188340806,1,False
ja.wikipedia,佐々木成三,176,177,176,2025-11-24,13.294117647058824,14.995475113122172,2,False
ja.wikipedia,佐々木成三,180,180,180,2025-11-28,2.0677966101694913,1.0677966101694913,1,False
ja.wikipedia,佐々木成三,183,184,184,2025-12-02,6.406779661016949,8.779661016949152,2,False
ja.wikipedia,佐々木成三,196,201,201,2025-12-19,11.193717277486911,31.473481823291035,6,False
ja.wikipedia,佐々木成三,205,206,206,2025-12-24,4.902654867256637,6.566371681415929,2,False
ja.wikipedia,佐々木成三,218,219,219,2026-01-06,4.568527918781726,5.694964700390921,2,False
ja.wikipedia,佐々木成三,221,222,222,2026-01-09,3.9163498098859315,4.552713446249568,2,False
ja.wikipedia,佐々木成三,225,225,225,2026-01-12,2.5328947368421053,1.5328947368421053,1,False
ja.wikipedia,佐々木成三,232,232,232,2026-01-19,2.138364779874214,1.1383647798742138,1,False
ja.wikipedia,佐々木成三,234,234,234,2026-01-21,7.836477987421383,6.836477987421383,1,False
ja.wikipedia,佐々木成三,236,236,236,2026-01-23,3.207547169811321,2.207547169811321,1,False
ja.wikipedia,佐々木成三,240,243,242,2026-01-29,6.767241379310345,13.917117922520221,4,False
ja.wikipedia,佐々木成三,245,245,245,2026-02-01,4.407894736842105,3.4078947368421053,1,False
ja.wikipedia,佐々木成三,290,290,290,2026-03-18,5.782178217821782,4.782178217821782,1,False
ja.wikipedia,佐々木成三,297,298,298,2026-03-26,2.606060606060606,2.8282828282828283,2,False
ja.wikipedia,佐々木成三,301,306,302,2026-03-30,10.679245283018869,27.553941712326967,6,False
ja.wikipedia,佐々木成三,308,324,318,2026-04-15,69.20507399577167,278.56900777215645,17,False
ja.wikipedia,佐々木成三,333,333,333,2026-04-30,2.858618463524855,1.8586184635248548,1,False
ja.wikipedia,佐々木成三,350,356,356,2026-05-23,7.956458635703918,21.997603537313935,7,False
ja.wikipedia,佐々木成三,358,360,358,2026-05-25,3.596330275229358,5.977064220183486,3,False
