datetime_utc,year,doy,hour,rho_orbit_kgm3,rho_point_kgm3,n_dens_samples,alt_mean_m,lat_mean_deg,lst_circmean_h,f107_sfu,f107_81d_sfu,dst_nt,kp10,ap_nt
2024-03-01T00:00:00Z,2024,61,0,6.78216e-13,6.61764e-13,360,484739,27.4145,21.614,150.1,155.172,5,27,12
2024-03-01T01:00:00Z,2024,61,1,7.08836e-13,7.97012e-13,360,498118,-3.92326,10.0877,150.1,155.172,1,27,12
2024-03-01T02:00:00Z,2024,61,2,7.23739e-13,6.2173e-13,360,496808,-23.0778,22.4412,150.1,155.172,-5,27,12
2024-03-01T03:00:00Z,2024,61,3,7.32846e-13,7.99242e-13,360,483661,32.5685,17.2832,150.1,155.172,-7,27,12
2024-03-01T04:00:00Z,2024,61,4,7.35941e-13,7.56572e-13,360,500298,-21.7295,9.78709,150.1,155.172,-11,27,12
2024-03-01T05:00:00Z,2024,61,5,7.64416e-13,6.61715e-13,360,493887,-5.74077,22.1193,150.1,155.172,-14,27,12
2024-03-01T06:00:00Z,2024,61,6,7.93271e-13,8.83262e-13,360,486917,28.3474,10.6388,150.1,155.172,-14,23,9
2024-03-01T07:00:00Z,2024,61,7,8.19032e-13,7.96566e-13,360,499889,-31.5768,9.11152,150.1,155.172,-18,23,9
2024-03-01T08:00:00Z,2024,61,8,8.37248e-13,7.97826e-13,360,489245,12.9662,21.991,150.1,155.172,-22,23,9
2024-03-01T09:00:00Z,2024,61,9,8.31329e-13,9.02916e-13,360,492727,14.7693,10.2546,150.1,155.172,-18,10,4
2024-03-01T10:00:00Z,2024,61,10,8.3945e-13,7.68379e-13,360,498685,-32.0197,23.2626,150.1,155.172,-11,10,4
2024-03-01T11:00:00Z,2024,61,11,8.44742e-13,8.65456e-13,360,484702,27.4252,21.5803,150.1,155.172,-5,10,4
2024-03-01T12:00:00Z,2024,61,12,8.24041e-13,9.01183e-13,360,497950,-3.95135,10.0548,150.1,155.172,-6,13,5
2024-03-01T13:00:00Z,2024,61,13,8.15276e-13,6.84166e-13,360,496933,-23.0634,22.4078,150.1,155.172,-9,13,5
2024-03-01T14:00:00Z,2024,61,14,8.23575e-13,8.99228e-13,360,483518,32.5659,17.2248,150.1,155.172,-11,13,5
2024-03-01T15:00:00Z,2024,61,15,8.36073e-13,8.88693e-13,360,500306,-21.7485,9.75432,150.1,155.172,-10,17,6
2024-03-01T16:00:00Z,2024,61,16,8.49104e-13,7.14067e-13,360,493984,-5.7236,22.0866,150.1,155.172,-14,17,6
2024-03-01T17:00:00Z,2024,61,17,8.66957e-13,9.8118e-13,360,486748,28.3321,10.6065,150.1,155.172,-15,17,6
2024-03-01T18:00:00Z,2024,61,18,8.63412e-13,8.43004e-13,360,500038,-31.5872,9.07634,150.1,155.172,-17,13,5
2024-03-01T19:00:00Z,2024,61,19,8.39165e-13,7.60744e-13,360,489275,12.9873,21.9575,150.1,155.172,-18,13,5
2024-03-01T20:00:00Z,2024,61,20,8.34122e-13,9.44409e-13,360,492616,14.7442,10.2213,150.1,155.172,-18,13,5
2024-03-01T21:00:00Z,2024,61,21,8.25802e-13,7.38058e-13,360,498756,-32.0159,23.2275,150.1,155.172,-15,7,3
2024-03-01T22:00:00Z,2024,61,22,8.34371e-13,8.62735e-13,360,484730,27.4375,21.5469,150.1,155.172,-13,7,3
2024-03-01T23:00:00Z,2024,61,23,8.34211e-13,8.82065e-13,360,497834,-3.97358,10.0216,150.1,155.172,-12,7,3
2024-03-02T00:00:00Z,2024,62,0,8.47428e-13,7.42018e-13,360,496977,-23.0473,22.3745,149.7,154.82,-10,23,9
2024-03-02T01:00:00Z,2024,62,1,8.59434e-13,9.36924e-13,360,483433,32.5647,17.1697,149.7,154.82,-8,23,9
2024-03-02T02:00:00Z,2024,62,2,8.75879e-13,9.06505e-13,360,500244,-21.7634,9.72157,149.7,154.82,-8,23,9
2024-03-02T03:00:00Z,2024,62,3,8.56294e-13,7.39356e-13,360,494000,-5.70661,22.0538,149.7,154.82,-12,13,5
2024-03-02T04:00:00Z,2024,62,4,8.35467e-13,9.48456e-13,360,486748,28.3249,10.5727,149.7,154.82,-12,13,5
2024-03-02T05:00:00Z,2024,62,5,8.4246e-13,8.28036e-13,360,499965,-31.5904,9.04049,149.7,154.82,-12,13,5
2024-03-02T06:00:00Z,2024,62,6,8.44219e-13,7.648e-13,360,489404,13.006,21.9241,149.7,154.82,-12,7,3
2024-03-02T07:00:00Z,2024,62,7,8.66003e-13,9.69085e-13,360,492499,14.7254,10.1876,149.7,154.82,-11,7,3
2024-03-02T08:00:00Z,2024,62,8,8.74687e-13,7.94283e-13,360,498844,-32.0135,23.1919,149.7,154.82,-11,7,3
2024-03-02T09:00:00Z,2024,62,9,8.66167e-13,8.87233e-13,360,484742,27.4456,21.5136,149.7,154.82,-8,7,3
2024-03-02T10:00:00Z,2024,62,10,8.40149e-13,9.14248e-13,360,497697,-3.99449,9.98884,149.7,154.82,-5,7,3
2024-03-02T11:00:00Z,2024,62,11,8.21519e-13,6.92877e-13,360,497183,-23.0381,22.341,149.7,154.82,-3,7,3
2024-03-02T12:00:00Z,2024,62,12,8.16292e-13,8.85147e-13,360,483243,32.5607,17.1184,149.7,154.82,-2,17,6
2024-03-02T13:00:00Z,2024,62,13,8.23496e-13,8.71604e-13,360,500190,-21.7767,9.68874,149.7,154.82,4,17,6
2024-03-02T14:00:00Z,2024,62,14,8.28294e-13,6.93571e-13,360,494050,-5.69371,22.021,149.7,154.82,3,17,6
2024-03-02T15:00:00Z,2024,62,15,8.32185e-13,9.45321e-13,360,486585,28.3152,10.5394,149.7,154.82,2,3,2
2024-03-02T16:00:00Z,2024,62,16,8.3748e-13,8.38451e-13,360,500099,-31.598,9.00725,149.7,154.82,1,3,2
2024-03-02T17:00:00Z,2024,62,17,8.33491e-13,7.34937e-13,360,489398,13.016,21.891,149.7,154.82,-1,3,2
2024-03-02T18:00:00Z,2024,62,18,8.19695e-13,9.40282e-13,360,492407,14.7089,10.1549,149.7,154.82,-1,3,2
2024-03-02T19:00:00Z,2024,62,19,7.95335e-13,7.13743e-13,360,498959,-32.0129,23.1581,149.7,154.82,2,3,2
2024-03-02T20:00:00Z,2024,62,20,7.86627e-13,7.91097e-13,360,484733,27.4517,21.4803,149.7,154.82,3,3,2
2024-03-02T21:00:00Z,2024,62,21,7.86865e-13,8.63856e-13,360,497601,-4.00951,9.956,149.7,154.82,1,7,3
2024-03-02T22:00:00Z,2024,62,22,7.90974e-13,6.76915e-13,360,497258,-23.0284,22.3083,149.7,154.82,0,7,3
2024-03-02T23:00:00Z,2024,62,23,7.8166e-13,8.55235e-13,360,483257,32.5615,17.0718,149.7,154.82,1,7,3
2024-03-03T00:00:00Z,2024,63,0,7.83104e-13,8.14208e-13,360,500035,-21.7859,9.65586,143.1,154.356,2,27,12
2024-03-03T01:00:00Z,2024,63,1,7.85348e-13,6.7148e-13,360,494151,-5.6841,21.9883,143.1,154.356,5,27,12
2024-03-03T02:00:00Z,2024,63,2,7.86377e-13,9.05348e-13,360,486432,28.3073,10.5061,143.1,154.356,4,27,12
2024-03-03T03:00:00Z,2024,63,3,7.62165e-13,7.33971e-13,360,500071,-31.6004,8.97367,143.1,154.356,4,7,3
2024-03-03T04:00:00Z,2024,63,4,7.53253e-13,6.73552e-13,360,489480,13.0251,21.8581,143.1,154.356,4,7,3
2024-03-03T05:00:00Z,2024,63,5,7.59978e-13,8.67508e-13,360,492328,14.7004,10.1216,143.1,154.356,8,7,3
2024-03-03T06:00:00Z,2024,63,6,7.70557e-13,6.9318e-13,360,499016,-32.0115,23.1247,143.1,154.356,8,3,2
2024-03-03T07:00:00Z,2024,63,7,7.80237e-13,7.78921e-13,360,484784,27.4565,21.4471,143.1,154.356,11,3,2
2024-03-03T08:00:00Z,2024,63,8,7.77184e-13,8.60126e-13,360,497459,-4.0205,9.92308,143.1,154.356,10,3,2
2024-03-03T09:00:00Z,2024,63,9,7.77933e-13,6.61387e-13,360,497442,-23.0241,22.2753,143.1,154.356,13,33,18
2024-03-03T10:00:00Z,2024,63,10,7.93619e-13,8.42966e-13,360,483147,32.5586,17.0298,143.1,154.356,31,33,18
2024-03-03T11:00:00Z,2024,63,11,8.3259e-13,8.88209e-13,360,499979,-21.7962,9.62329,143.1,154.356,33,33,18
2024-03-03T12:00:00Z,2024,63,12,8.88391e-13,7.80118e-13,360,494269,-5.67721,21.9553,143.1,154.356,35,50,48
2024-03-03T13:00:00Z,2024,63,13,1.03722e-12,1.13214e-12,360,486276,28.3011,10.4725,143.1,154.356,13,50,48
2024-03-03T14:00:00Z,2024,63,14,1.19694e-12,1.06149e-12,360,500050,-31.6027,8.94112,143.1,154.356,-19,50,48
2024-03-03T15:00:00Z,2024,63,15,1.2775e-12,1.34047e-12,360,489505,13.0285,21.8255,143.1,154.356,-49,57,67
2024-03-03T16:00:00Z,2024,63,16,1.22073e-12,1.3431e-12,360,492200,14.6924,10.0891,143.1,154.356,-71,57,67
2024-03-03T17:00:00Z,2024,63,17,1.28716e-12,1.13511e-12,360,499161,-32.014,23.0912,143.1,154.356,-99,57,67
2024-03-03T18:00:00Z,2024,63,18,1.36477e-12,1.3977e-12,360,484771,27.4577,21.414,143.1,154.356,-111,63,94
2024-03-03T19:00:00Z,2024,63,19,1.40164e-12,1.5113e-12,360,497357,-4.02793,9.89055,143.1,154.356,-112,63,94
2024-03-03T20:00:00Z,2024,63,20,1.4387e-12,1.29831e-12,360,497559,-23.0214,22.2429,143.1,154.356,-102,63,94
2024-03-03T21:00:00Z,2024,63,21,1.46612e-12,1.57349e-12,360,483114,32.558,16.9923,143.1,154.356,-86,40,27
2024-03-03T22:00:00Z,2024,63,22,1.45357e-12,1.44532e-12,360,499871,-21.7996,9.59026,143.1,154.356,-81,40,27
2024-03-03T23:00:00Z,2024,63,23,1.43031e-12,1.30941e-12,360,494395,-5.67141,21.9227,143.1,154.356,-81,40,27
2024-03-04T00:00:00Z,2024,64,0,1.46971e-12,1.6617e-12,360,486125,28.2973,10.4391,137.6,154.198,-86,40,27
2024-03-04T01:00:00Z,2024,64,1,1.4336e-12,1.36047e-12,360,500048,-31.6045,8.90872,137.6,154.198,-79,40,27
2024-03-04T02:00:00Z,2024,64,2,1.33287e-12,1.28055e-12,360,489506,13.0289,21.7928,137.6,154.198,-67,40,27
2024-03-04T03:00:00Z,2024,64,3,1.29194e-12,1.38987e-12,360,492082,14.6915,10.0564,137.6,154.198,-66,23,9
2024-03-04T04:00:00Z,2024,64,4,1.2613e-12,1.13287e-12,360,499167,-32.0139,23.0595,137.6,154.198,-69,23,9
2024-03-04T05:00:00Z,2024,64,5,1.23038e-12,1.30161e-12,360,484862,27.4588,21.3814,137.6,154.198,-68,23,9
2024-03-04T06:00:00Z,2024,64,6,1.20413e-12,1.2562e-12,360,497231,-4.02729,9.85755,137.6,154.198,-61,20,7
2024-03-04T07:00:00Z,2024,64,7,1.1729e-12,1.0199e-12,360,497691,-23.0226,22.2102,137.6,154.198,-56,20,7
2024-03-04T08:00:00Z,2024,64,8,1.16017e-12,1.30307e-12,360,483071,32.5568,16.9633,137.6,154.198,-52,20,7
2024-03-04T09:00:00Z,2024,64,9,1.12574e-12,1.12435e-12,360,499787,-21.8008,9.55748,137.6,154.198,-48,13,5
2024-03-04T10:00:00Z,2024,64,10,1.08659e-12,9.42943e-13,360,494579,-5.67315,21.8899,137.6,154.198,-43,13,5
2024-03-04T11:00:00Z,2024,64,11,1.05782e-12,1.19596e-12,360,485923,28.2934,10.4068,137.6,154.198,-39,13,5
2024-03-04T12:00:00Z,2024,64,12,1.04549e-12,1.0095e-12,360,500032,-31.6054,8.87679,137.6,154.198,-34,13,5
2024-03-04T13:00:00Z,2024,64,13,1.0448e-12,9.65891e-13,360,489575,13.0263,21.7603,137.6,154.198,-35,13,5
2024-03-04T14:00:00Z,2024,64,14,1.06164e-12,1.22841e-12,360,491913,14.6924,10.0235,137.6,154.198,-39,13,5
2024-03-04T15:00:00Z,2024,64,15,1.031e-12,8.88773e-13,360,499266,-32.0172,23.0259,137.6,154.198,-42,10,4
2024-03-04T16:00:00Z,2024,64,16,1.00971e-12,1.01913e-12,360,484823,27.4538,21.3487,137.6,154.198,-39,10,4
2024-03-04T17:00:00Z,2024,64,17,9.94187e-13,1.10285e-12,360,497164,-4.02602,9.82545,137.6,154.198,-37,10,4
2024-03-04T18:00:00Z,2024,64,18,9.73976e-13,8.16103e-13,360,497833,-23.0284,22.1781,137.6,154.198,-37,10,4
2024-03-04T19:00:00Z,2024,64,19,9.65905e-13,1.0754e-12,360,483008,32.555,16.9373,137.6,154.198,-41,10,4
2024-03-04T20:00:00Z,2024,64,20,9.47848e-13,9.63435e-13,360,499712,-21.7983,9.52487,137.6,154.198,-41,10,4
2024-03-04T21:00:00Z,2024,64,21,9.55793e-13,8.28631e-13,360,494689,-5.67764,21.8575,137.6,154.198,-40,23,9
2024-03-04T22:00:00Z,2024,64,22,9.83746e-13,1.12648e-12,360,485876,28.2952,10.3741,137.6,154.198,-40,23,9
2024-03-04T23:00:00Z,2024,64,23,9.93751e-13,9.31511e-13,360,499938,-31.6028,8.84406,137.6,154.198,-38,23,9
2024-03-05T00:00:00Z,2024,65,0,9.90703e-13,9.27756e-13,360,489671,13.0215,21.7281,139.2,154.357,-37,27,12
2024-03-05T01:00:00Z,2024,65,1,9.94593e-13,1.13778e-12,360,491766,14.697,9.99114,139.2,154.357,-27,27,12
2024-03-05T02:00:00Z,2024,65,2,9.64906e-13,8.46095e-13,360,499244,-32.0188,22.9939,139.2,154.357,-25,27,12
2024-03-05T03:00:00Z,2024,65,3,9.46093e-13,9.83601e-13,360,484866,27.4497,21.3167,139.2,154.357,-27,10,4
2024-03-05T04:00:00Z,2024,65,4,9.349e-13,9.92898e-13,360,497079,-4.01444,9.79254,139.2,154.357,-27,10,4
2024-03-05T05:00:00Z,2024,65,5,9.36279e-13,8.08188e-13,360,497871,-23.0339,22.1458,139.2,154.357,-29,10,4
2024-03-05T06:00:00Z,2024,65,6,9.51312e-13,1.06462e-12,360,483072,32.5563,16.9191,139.2,154.357,-33,20,7
2024-03-05T07:00:00Z,2024,65,7,9.59008e-13,9.53243e-13,360,499602,-21.7912,9.49196,139.2,154.357,-31,20,7
2024-03-05T08:00:00Z,2024,65,8,9.7154e-13,8.72124e-13,360,494844,-5.68629,21.8247,139.2,154.357,-34,20,7
2024-03-05T09:00:00Z,2024,65,9,9.40724e-13,1.04593e-12,360,485744,28.2969,10.342,139.2,154.357,-27,13,5
2024-03-05T10:00:00Z,2024,65,10,9.3156e-13,9.18959e-13,360,499967,-31.6028,8.81215,139.2,154.357,-26,13,5
2024-03-05T11:00:00Z,2024,65,11,9.28423e-13,8.64563e-13,360,489770,13.0122,21.6954,139.2,154.357,-27,13,5
2024-03-05T12:00:00Z,2024,65,12,9.33302e-13,1.04132e-12,360,491532,14.702,9.95863,139.2,154.357,-28,17,6
2024-03-05T13:00:00Z,2024,65,13,9.34081e-13,8.05502e-13,360,499328,-32.0229,22.9617,139.2,154.357,-30,17,6
2024-03-05T14:00:00Z,2024,65,14,9.74707e-13,9.97767e-13,360,484819,27.4416,21.2852,139.2,154.357,-31,17,6
2024-03-05T15:00:00Z,2024,65,15,9.71839e-13,1.07898e-12,360,496984,-4.00389,9.76045,139.2,154.357,-29,10,4
2024-03-05T16:00:00Z,2024,65,16,9.55336e-13,8.2251e-13,360,498050,-23.0474,22.1136,139.2,154.357,-26,10,4
2024-03-05T17:00:00Z,2024,65,17,9.49425e-13,1.03419e-12,360,482933,32.552,16.9025,139.2,154.357,-25,10,4
2024-03-05T18:00:00Z,2024,65,18,9.61389e-13,9.80916e-13,360,499631,-21.7848,9.45953,139.2,154.357,-25,17,6
2024-03-05T19:00:00Z,2024,65,19,9.47026e-13,8.28264e-13,360,494965,-5.69907,21.7924,139.2,154.357,-25,17,6
2024-03-05T20:00:00Z,2024,65,20,9.08305e-13,1.04005e-12,360,485634,28.3002,10.3103,139.2,154.357,-22,17,6
2024-03-05T21:00:00Z,2024,65,21,8.90886e-13,8.50245e-13,360,499949,-31.5998,8.78003,139.2,154.357,-19,3,2
2024-03-05T22:00:00Z,2024,65,22,8.84777e-13,8.16516e-13,360,489874,13.0027,21.6632,139.2,154.357,-18,3,2
2024-03-05T23:00:00Z,2024,65,23,8.79595e-13,9.94572e-13,360,491411,14.7132,9.92603,139.2,154.357,-19,3,2
2024-03-06T00:00:00Z,2024,66,0,8.7114e-13,7.67919e-13,360,499295,-32.0247,22.9297,133.9,154.821,-20,7,3
2024-03-06T01:00:00Z,2024,66,1,8.64762e-13,8.89817e-13,360,484833,27.4336,21.2533,133.9,154.821,-19,7,3
2024-03-06T02:00:00Z,2024,66,2,9.02363e-13,9.95033e-13,360,496865,-3.98781,9.72802,133.9,154.821,-18,7,3
2024-03-06T03:00:00Z,2024,66,3,9.07718e-13,7.58615e-13,360,498046,-23.059,22.0813,133.9,154.821,-28,30,15
2024-03-06T04:00:00Z,2024,66,4,8.83176e-13,9.93304e-13,360,483030,32.5542,16.8948,133.9,154.821,-32,30,15
2024-03-06T05:00:00Z,2024,66,5,8.70424e-13,8.71807e-13,360,499489,-21.7691,9.42668,133.9,154.821,-27,30,15
2024-03-06T06:00:00Z,2024,66,6,8.75959e-13,7.56112e-13,360,495114,-5.71458,21.7599,133.9,154.821,-19,10,4
2024-03-06T07:00:00Z,2024,66,7,8.88391e-13,1.01572e-12,360,485572,28.3075,10.2783,133.9,154.821,-17,10,4
2024-03-06T08:00:00Z,2024,66,8,9.00992e-13,8.69916e-13,360,499920,-31.5959,8.7481,133.9,154.821,-15,10,4
2024-03-06T09:00:00Z,2024,66,9,9.13079e-13,8.55492e-13,360,490011,12.9875,21.6309,133.9,154.821,-11,17,6
2024-03-06T10:00:00Z,2024,66,10,9.32054e-13,1.03589e-12,360,491208,14.7245,9.894,133.9,154.821,-10,17,6
2024-03-06T11:00:00Z,2024,66,11,9.32783e-13,8.26477e-13,360,499429,-32.0313,22.8975,133.9,154.821,-10,17,6
2024-03-06T12:00:00Z,2024,66,12,9.39018e-13,9.63051e-13,360,484772,27.4224,21.2217,133.9,154.821,-13,17,6
2024-03-06T13:00:00Z,2024,66,13,9.25246e-13,9.98794e-13,360,496727,-3.97046,9.69544,133.9,154.821,-13,17,6
2024-03-06T14:00:00Z,2024,66,14,9.15742e-13,7.98237e-13,360,498123,-23.0746,22.0488,133.9,154.821,-17,17,6
2024-03-06T15:00:00Z,2024,66,15,9.10774e-13,9.92686e-13,360,482911,32.5507,16.8915,133.9,154.821,-17,13,5
2024-03-06T16:00:00Z,2024,66,16,9.11148e-13,9.4215e-13,360,499532,-21.7562,9.39488,133.9,154.821,-14,13,5
2024-03-06T17:00:00Z,2024,66,17,8.9752e-13,7.68279e-13,360,495210,-5.73782,21.7275,133.9,154.821,-13,13,5
2024-03-06T18:00:00Z,2024,66,18,8.82425e-13,1.01289e-12,360,485465,28.3143,10.2474,133.9,154.821,-15,0,0
2024-03-06T19:00:00Z,2024,66,19,8.54194e-13,8.32853e-13,360,499949,-31.592,8.71683,133.9,154.821,-15,0,0
2024-03-06T20:00:00Z,2024,66,20,8.2483e-13,7.40624e-13,360,490096,12.9684,21.5989,133.9,154.821,-13,0,0
2024-03-06T21:00:00Z,2024,66,21,8.00877e-13,9.14e-13,360,491107,14.7424,9.86212,133.9,154.821,-10,3,2
2024-03-06T22:00:00Z,2024,66,22,7.95306e-13,7.05838e-13,360,499411,-32.0347,22.8678,133.9,154.821,-8,3,2
2024-03-06T23:00:00Z,2024,66,23,8.04591e-13,8.23733e-13,360,484880,27.4141,21.1903,133.9,154.821,-6,3,2
2024-03-07T00:00:00Z,2024,67,0,8.09387e-13,8.8108e-13,360,496514,-3.94882,9.66305,134.5,155.417,-8,23,9
2024-03-07T01:00:00Z,2024,67,1,8.07583e-13,6.69919e-13,360,498192,-23.0922,22.0163,134.5,155.417,3,23,9
2024-03-07T02:00:00Z,2024,67,2,8.16279e-13,9.3374e-13,360,482851,32.549,16.8929,134.5,155.417,3,23,9
2024-03-07T03:00:00Z,2024,67,3,8.06164e-13,8.04013e-13,360,499424,-21.7349,9.36266,134.5,155.417,1,13,5
2024-03-07T04:00:00Z,2024,67,4,7.99444e-13,6.85114e-13,360,495306,-5.76232,21.6953,134.5,155.417,0,13,5
2024-03-07T05:00:00Z,2024,67,5,8.04611e-13,9.36354e-13,360,485453,28.3275,10.2154,134.5,155.417,-2,13,5
2024-03-07T06:00:00Z,2024,67,6,8.12278e-13,7.62447e-13,360,499888,-31.5845,8.68546,134.5,155.417,-2,23,9
2024-03-07T07:00:00Z,2024,67,7,8.27077e-13,7.78843e-13,360,490242,12.9449,21.5669,134.5,155.417,-2,23,9
2024-03-07T08:00:00Z,2024,67,8,8.40684e-13,9.34533e-13,360,490939,14.7641,9.83025,134.5,155.417,-4,23,9
2024-03-07T09:00:00Z,2024,67,9,8.51034e-13,7.73498e-13,360,499521,-32.0423,22.8376,134.5,155.417,-5,27,12
2024-03-07T10:00:00Z,2024,67,10,8.46528e-13,8.66909e-13,360,484911,27.3999,21.1584,134.5,155.417,-9,27,12
2024-03-07T11:00:00Z,2024,67,11,8.47018e-13,9.18166e-13,360,496327,-3.92674,9.63079,134.5,155.417,-3,27,12
2024-03-07T12:00:00Z,2024,67,12,8.6642e-13,7.43297e-13,360,498305,-23.1128,21.9839,134.5,155.417,-5,20,7
2024-03-07T13:00:00Z,2024,67,13,8.87809e-13,9.58278e-13,360,482772,32.5471,16.8994,134.5,155.417,-10,20,7
2024-03-07T14:00:00Z,2024,67,14,9.08271e-13,9.50234e-13,360,499318,-21.7125,9.33107,134.5,155.417,-11,20,7
2024-03-07T15:00:00Z,2024,67,15,9.15391e-13,8.06366e-13,360,495407,-5.79393,21.6632,134.5,155.417,-15,27,12
2024-03-07T16:00:00Z,2024,67,16,9.07627e-13,1.01482e-12,360,485318,28.3386,10.1847,134.5,155.417,-12,27,12
2024-03-07T17:00:00Z,2024,67,17,9.0547e-13,8.59028e-13,360,499965,-31.5791,8.6558,134.5,155.417,-12,27,12
2024-03-07T18:00:00Z,2024,67,18,9.02761e-13,8.39106e-13,360,490337,12.9163,21.5352,134.5,155.417,-22,37,22
2024-03-07T19:00:00Z,2024,67,19,9.10879e-13,1.04276e-12,360,490801,14.7897,9.799,134.5,155.417,-31,37,22
2024-03-07T20:00:00Z,2024,67,20,9.27758e-13,8.09424e-13,360,499566,-32.0493,22.8095,134.5,155.417,-36,37,22
2024-03-07T21:00:00Z,2024,67,21,9.30824e-13,9.79061e-13,360,484992,27.3859,21.1266,134.5,155.417,-29,30,15
2024-03-07T22:00:00Z,2024,67,22,9.0634e-13,9.4796e-13,360,496177,-3.89707,9.59817,134.5,155.417,-19,30,15
2024-03-07T23:00:00Z,2024,67,23,9.07231e-13,7.87126e-13,360,498378,-23.1329,21.952,134.5,155.417,-19,30,15
2024-03-08T00:00:00Z,2024,68,0,9.039e-13,1.0289e-12,360,482724,32.5456,16.9107,127.2,156.338,-16,27,12
2024-03-08T01:00:00Z,2024,68,1,8.76349e-13,8.54611e-13,360,499222,-21.6885,9.29937,127.2,156.338,-10,27,12
2024-03-08T02:00:00Z,2024,68,2,8.72672e-13,7.75927e-13,360,495454,-5.82713,21.6309,127.2,156.338,-7,27,12
2024-03-08T03:00:00Z,2024,68,3,8.8924e-13,1.02129e-12,360,485264,28.3547,10.1533,127.2,156.338,-12,30,15
2024-03-08T04:00:00Z,2024,68,4,8.9137e-13,8.261e-13,360,499889,-31.5682,8.62502,127.2,156.338,-23,30,15
2024-03-08T05:00:00Z,2024,68,5,8.86672e-13,8.55571e-13,360,490500,12.885,21.5036,127.2,156.338,-25,30,15
2024-03-08T06:00:00Z,2024,68,6,8.76815e-13,9.51604e-13,360,490682,14.8213,9.76735,127.2,156.338,-19,20,7
2024-03-08T07:00:00Z,2024,68,7,8.88787e-13,8.22011e-13,360,499620,-32.0572,22.7817,127.2,156.338,-19,20,7
2024-03-08T08:00:00Z,2024,68,8,8.73457e-13,8.85687e-13,360,485076,27.3691,21.095,127.2,156.338,-18,20,7
2024-03-08T09:00:00Z,2024,68,9,8.62224e-13,9.3363e-13,360,496005,-3.86621,9.5659,127.2,156.338,-19,7,3
2024-03-08T10:00:00Z,2024,68,10,8.60491e-13,7.50191e-13,360,498566,-23.1587,21.9198,127.2,156.338,-15,7,3
2024-03-08T11:00:00Z,2024,68,11,8.4772e-13,8.99057e-13,360,482630,32.5424,16.9227,127.2,156.338,-9,7,3
2024-03-08T12:00:00Z,2024,68,12,8.5506e-13,8.95252e-13,360,499082,-21.6622,9.26764,127.2,156.338,-6,17,6
2024-03-08T13:00:00Z,2024,68,13,8.69859e-13,7.73194e-13,360,495569,-5.86181,21.5987,127.2,156.338,-9,17,6
2024-03-08T14:00:00Z,2024,68,14,8.71105e-13,9.74207e-13,360,485129,28.3699,10.1217,127.2,156.338,-14,17,6
2024-03-08T15:00:00Z,2024,68,15,8.49686e-13,8.09343e-13,360,499905,-31.5593,8.59665,127.2,156.338,-18,7,3
2024-03-08T16:00:00Z,2024,68,16,8.35743e-13,7.82638e-13,360,490583,12.8476,21.4721,127.2,156.338,-18,7,3
2024-03-08T17:00:00Z,2024,68,17,8.21385e-13,9.23344e-13,360,490554,14.8536,9.73666,127.2,156.338,-15,7,3
2024-03-08T18:00:00Z,2024,68,18,8.03601e-13,7.10556e-13,360,499702,-32.0668,22.7548,127.2,156.338,-13,17,6
2024-03-08T19:00:00Z,2024,68,19,7.91451e-13,8.22333e-13,360,485143,27.3507,21.0632,127.2,156.338,-11,17,6
2024-03-08T20:00:00Z,2024,68,20,7.93498e-13,8.41665e-13,360,495853,-3.83058,9.53369,127.2,156.338,-16,17,6
2024-03-08T21:00:00Z,2024,68,21,8.36401e-13,7.40018e-13,360,498644,-23.1845,21.8883,127.2,156.338,-25,37,22
2024-03-08T22:00:00Z,2024,68,22,8.60998e-13,9.29574e-13,360,482691,32.543,16.9383,127.2,156.338,-23,37,22
2024-03-08T23:00:00Z,2024,68,23,9.11312e-13,9.16899e-13,360,498888,-21.6315,9.23562,127.2,156.338,-22,37,22
2024-03-09T00:00:00Z,2024,69,0,9.2408e-13,8.34917e-13,360,495698,-5.89914,21.5665,132.6,157.474,-21,40,27
2024-03-09T01:00:00Z,2024,69,1,9.37977e-13,1.09633e-12,360,485020,28.3869,10.0906,132.6,157.474,-21,40,27
2024-03-09T02:00:00Z,2024,69,2,8.85142e-13,7.95995e-13,360,499810,-31.5466,8.56795,132.6,157.474,-19,40,27
2024-03-09T03:00:00Z,2024,69,3,8.78667e-13,8.35086e-13,360,490684,12.8087,21.4407,132.6,157.474,-17,30,15
2024-03-09T04:00:00Z,2024,69,4,9.04512e-13,1.00904e-12,360,490505,14.8948,9.70523,132.6,157.474,-20,30,15
2024-03-09T05:00:00Z,2024,69,5,9.12519e-13,7.94027e-13,360,499657,-32.0738,22.7288,132.6,157.474,-25,30,15
2024-03-09T06:00:00Z,2024,69,6,9.53441e-13,9.92804e-13,360,485297,27.332,21.0315,132.6,157.474,-19,23,9
2024-03-09T07:00:00Z,2024,69,7,9.57313e-13,1.01949e-12,360,495692,-3.79064,9.50121,132.6,157.474,-20,23,9
2024-03-09T08:00:00Z,2024,69,8,9.34619e-13,8.33426e-13,360,498770,-23.2136,21.8565,132.6,157.474,-23,23,9
2024-03-09T09:00:00Z,2024,69,9,9.03377e-13,9.86146e-13,360,482672,32.5412,16.9572,132.6,157.474,-24,20,7
2024-03-09T10:00:00Z,2024,69,10,8.92085e-13,9.04479e-13,360,498773,-21.6019,9.20387,132.6,157.474,-22,20,7
2024-03-09T11:00:00Z,2024,69,11,8.82753e-13,7.92659e-13,360,495862,-5.94007,21.534,132.6,157.474,-16,20,7
2024-03-09T12:00:00Z,2024,69,12,8.75002e-13,9.63941e-13,360,484847,28.4037,10.0594,132.6,157.474,-14,17,6
2024-03-09T13:00:00Z,2024,69,13,8.80037e-13,8.32862e-13,360,499773,-31.5349,8.53934,132.6,157.474,-13,17,6
2024-03-09T14:00:00Z,2024,69,14,8.7213e-13,8.43732e-13,360,490752,12.7654,21.4096,132.6,157.474,-14,17,6
2024-03-09T15:00:00Z,2024,69,15,8.49595e-13,9.45063e-13,360,490356,14.9343,9.67445,132.6,157.474,-16,13,5
2024-03-09T16:00:00Z,2024,69,16,8.37422e-13,7.32373e-13,360,499807,-32.0869,22.7027,132.6,157.474,-15,13,5
2024-03-09T17:00:00Z,2024,69,17,8.27281e-13,8.59683e-13,360,485285,27.3074,20.9997,132.6,157.474,-17,13,5
2024-03-09T18:00:00Z,2024,69,18,8.28417e-13,9.003e-13,360,495602,-3.74979,9.46931,132.6,157.474,-19,27,12
2024-03-09T19:00:00Z,2024,69,19,8.18977e-13,6.85468e-13,360,498883,-23.2452,21.8253,132.6,157.474,-22,27,12
2024-03-09T20:00:00Z,2024,69,20,8.25531e-13,9.46058e-13,360,482659,32.5397,16.9777,132.6,157.474,-17,27,12
2024-03-09T21:00:00Z,2024,69,21,8.13633e-13,7.99648e-13,360,498663,-21.5677,9.17188,132.6,157.474,-15,17,6
2024-03-09T22:00:00Z,2024,69,22,8.11959e-13,7.13172e-13,360,495971,-5.98084,21.5019,132.6,157.474,-13,17,6
2024-03-09T23:00:00Z,2024,69,23,7.99116e-13,9.14955e-13,360,484795,28.4247,10.028,132.6,157.474,-15,17,6
2024-03-10T00:00:00Z,2024,70,0,8.02085e-13,7.41804e-13,360,499656,-31.5206,8.51151,125.3,158.453,-13,17,6
2024-03-10T01:00:00Z,2024,70,1,8.04354e-13,7.81492e-13,360,490825,12.7209,21.3783,125.3,158.453,-10,17,6
2024-03-10T02:00:00Z,2024,70,2,7.77817e-13,8.63537e-13,360,490258,14.9796,9.64347,125.3,158.453,-8,17,6
2024-03-10T03:00:00Z,2024,70,3,7.78772e-13,6.96072e-13,360,499720,-32.0949,22.6773,125.3,158.453,-10,13,5
2024-03-10T04:00:00Z,2024,70,4,7.67499e-13,7.94991e-13,360,485471,27.2863,20.9685,125.3,158.453,-9,13,5
2024-03-10T05:00:00Z,2024,70,5,7.79882e-13,8.31159e-13,360,495465,-3.70009,9.43672,125.3,158.453,-11,13,5
2024-03-10T06:00:00Z,2024,70,6,7.87437e-13,6.72469e-13,360,498958,-23.2776,21.7939,125.3,158.453,-13,17,6
2024-03-10T07:00:00Z,2024,70,7,8.01087e-13,8.91414e-13,360,482715,32.5395,17.0034,125.3,158.453,-13,17,6
2024-03-10T08:00:00Z,2024,70,8,7.96247e-13,8.1421e-13,360,498526,-21.531,9.14006,125.3,158.453,-16,17,6
2024-03-10T09:00:00Z,2024,70,9,7.9861e-13,7.00913e-13,360,496160,-6.02725,21.4696,125.3,158.453,-11,23,9
2024-03-10T10:00:00Z,2024,70,10,8.18619e-13,9.01708e-13,360,484635,28.4433,9.99773,125.3,158.453,-11,23,9
2024-03-10T11:00:00Z,2024,70,11,8.34715e-13,8.03036e-13,360,499638,-31.5089,8.48361,125.3,158.453,-6,23,9
2024-03-10T12:00:00Z,2024,70,12,8.27483e-13,8.00527e-13,360,490893,12.6731,21.3472,125.3,158.453,-5,17,6
2024-03-10T13:00:00Z,2024,70,13,8.30437e-13,9.2165e-13,360,490099,15.0248,9.61218,125.3,158.453,-7,17,6
2024-03-10T14:00:00Z,2024,70,14,8.26281e-13,7.27661e-13,360,499764,-32.1067,22.651,125.3,158.453,-11,17,6
2024-03-10T15:00:00Z,2024,70,15,8.23411e-13,8.58251e-13,360,485456,27.2575,20.9377,125.3,158.453,-12,20,7
2024-03-10T16:00:00Z,2024,70,16,8.21045e-13,8.84971e-13,360,495408,-3.65258,9.4051,125.3,158.453,-15,20,7
2024-03-10T17:00:00Z,2024,70,17,8.14273e-13,6.8449e-13,360,499089,-23.3162,21.7628,125.3,158.453,-16,20,7
2024-03-10T18:00:00Z,2024,70,18,8.23614e-13,9.32377e-13,360,482679,32.5367,17.0292,125.3,158.453,-13,23,9
2024-03-10T19:00:00Z,2024,70,19,8.12103e-13,8.06895e-13,360,498459,-21.4932,9.10833,125.3,158.453,-15,23,9
2024-03-10T20:00:00Z,2024,70,20,8.05462e-13,7.13481e-13,360,496267,-6.07579,21.4377,125.3,158.453,-16,23,9
2024-03-10T21:00:00Z,2024,70,21,7.92567e-13,9.00952e-13,360,484614,28.4667,9.96726,125.3,158.453,-17,7,3
2024-03-10T22:00:00Z,2024,70,22,7.91004e-13,7.43013e-13,360,499508,-31.4925,8.45479,125.3,158.453,-17,7,3
2024-03-10T23:00:00Z,2024,70,23,7.86512e-13,7.44387e-13,360,491043,12.627,21.3161,125.3,158.453,-16,7,3
2024-03-11T00:00:00Z,2024,71,0,7.85826e-13,8.81585e-13,360,489924,15.0731,9.58119,125.1,159.448,-14,13,5
2024-03-11T01:00:00Z,2024,71,1,7.81614e-13,6.88271e-13,360,499730,-32.1174,22.6248,125.1,159.448,-10,13,5
2024-03-11T02:00:00Z,2024,71,2,7.87307e-13,8.26489e-13,360,485509,27.2298,20.9071,125.1,159.448,-6,13,5
2024-03-11T03:00:00Z,2024,71,3,7.79688e-13,8.26159e-13,360,495291,-3.59564,9.3729,125.1,159.448,-6,10,4
2024-03-11T04:00:00Z,2024,71,4,7.75061e-13,6.60248e-13,360,499097,-23.3533,21.7317,125.1,159.448,-8,10,4
2024-03-11T05:00:00Z,2024,71,5,7.7903e-13,8.75751e-13,360,482797,32.5378,17.0631,125.1,159.448,-10,10,4
2024-03-11T06:00:00Z,2024,71,6,7.87579e-13,7.85653e-13,360,498304,-21.449,9.07631,125.1,159.448,-10,20,7
2024-03-11T07:00:00Z,2024,71,7,8.01869e-13,7.15924e-13,360,496432,-6.12905,21.4054,125.1,159.448,-7,20,7
2024-03-11T08:00:00Z,2024,71,8,8.04698e-13,9.05802e-13,360,484514,28.4908,9.9369,125.1,159.448,-8,20,7
2024-03-11T09:00:00Z,2024,71,9,7.90238e-13,7.58257e-13,360,499491,-31.4782,8.42693,125.1,159.448,-11,10,4
2024-03-11T10:00:00Z,2024,71,10,7.69626e-13,7.2709e-13,360,491199,12.5739,21.2847,125.1,159.448,-11,10,4
2024-03-11T11:00:00Z,2024,71,11,7.66383e-13,8.46596e-13,360,489688,15.1209,9.55026,125.1,159.448,-11,10,4
2024-03-11T12:00:00Z,2024,71,12,7.58207e-13,6.66189e-13,360,499758,-32.1298,22.5991,125.1,159.448,-6,7,3
2024-03-11T13:00:00Z,2024,71,13,7.56822e-13,7.88562e-13,360,485531,27.1997,20.877,125.1,159.448,-3,7,3
2024-03-11T14:00:00Z,2024,71,14,7.58627e-13,8.29824e-13,360,495145,-3.53797,9.341,125.1,159.448,-2,7,3
2024-03-11T15:00:00Z,2024,71,15,7.60919e-13,6.4195e-13,360,499207,-23.3974,21.7003,125.1,159.448,-2,10,4
2024-03-11T16:00:00Z,2024,71,16,7.40172e-13,8.21263e-13,360,482726,32.5336,17.0974,125.1,159.448,-1,10,4
2024-03-11T17:00:00Z,2024,71,17,7.28961e-13,7.52112e-13,360,498295,-21.4048,9.04512,125.1,159.448,-2,10,4
2024-03-11T18:00:00Z,2024,71,18,7.09015e-13,5.93342e-13,360,496557,-6.18697,21.3736,125.1,159.448,-5,0,0
2024-03-11T19:00:00Z,2024,71,19,7.02894e-13,8.26162e-13,360,484437,28.5165,9.90728,125.1,159.448,-2,0,0
2024-03-11T20:00:00Z,2024,71,20,6.92894e-13,6.35245e-13,360,499429,-31.461,8.39859,125.1,159.448,-1,0,0
2024-03-11T21:00:00Z,2024,71,21,6.9811e-13,6.60579e-13,360,491344,12.5193,21.2536,125.1,159.448,1,7,3
2024-03-11T22:00:00Z,2024,71,22,6.95898e-13,7.96545e-13,360,489588,15.1768,9.51929,125.1,159.448,1,7,3
2024-03-11T23:00:00Z,2024,71,23,7.21944e-13,6.24013e-13,360,499693,-32.1398,22.5746,125.1,159.448,0,7,3
2024-03-12T00:00:00Z,2024,72,0,7.37348e-13,7.65294e-13,360,485606,27.1684,20.8467,128.9,160.525,-8,23,9
2024-03-12T01:00:00Z,2024,72,1,7.46626e-13,8.12582e-13,360,494985,-3.47784,9.30921,128.9,160.525,-9,23,9
2024-03-12T02:00:00Z,2024,72,2,7.36146e-13,6.20754e-13,360,499211,-23.4411,21.669,128.9,160.525,-5,23,9
2024-03-12T03:00:00Z,2024,72,3,7.06277e-13,8.0841e-13,360,482799,32.5332,17.1386,128.9,160.525,-6,3,2
2024-03-12T04:00:00Z,2024,72,4,7.08673e-13,6.9219e-13,360,498146,-21.3529,9.01314,128.9,160.525,-4,3,2
2024-03-12T05:00:00Z,2024,72,5,7.09817e-13,6.2058e-13,360,496714,-6.24779,21.3417,128.9,160.525,-3,3,2
2024-03-12T06:00:00Z,2024,72,6,7.10167e-13,8.35005e-13,360,484395,28.5455,9.87745,128.9,160.525,-1,10,4
2024-03-12T07:00:00Z,2024,72,7,7.20469e-13,6.53012e-13,360,499358,-31.4428,8.37067,128.9,160.525,1,10,4
2024-03-12T08:00:00Z,2024,72,8,7.4302e-13,7.20433e-13,360,491525,12.4598,21.2223,128.9,160.525,-1,10,4
2024-03-12T09:00:00Z,2024,72,9,7.36483e-13,8.13704e-13,360,489397,15.2327,9.48859,128.9,160.525,1,13,5
2024-03-12T10:00:00Z,2024,72,10,7.48816e-13,6.58389e-13,360,499785,-32.1546,22.5501,128.9,160.525,-3,13,5
2024-03-12T11:00:00Z,2024,72,11,7.76315e-13,8.08757e-13,360,485650,27.135,20.816,128.9,160.525,-7,13,5
2024-03-12T12:00:00Z,2024,72,12,7.91704e-13,8.63277e-13,360,494791,-3.41536,9.27712,128.9,160.525,-9,13,5
2024-03-12T13:00:00Z,2024,72,13,7.93264e-13,6.75073e-13,360,499259,-23.4859,21.6375,128.9,160.525,-12,13,5
2024-03-12T14:00:00Z,2024,72,14,7.89323e-13,8.51763e-13,360,482763,32.5301,17.1822,128.9,160.525,-12,13,5
2024-03-12T15:00:00Z,2024,72,15,8.03643e-13,8.41418e-13,360,498082,-21.3015,8.98232,128.9,160.525,-12,17,6
2024-03-12T16:00:00Z,2024,72,16,7.81683e-13,6.63958e-13,360,496837,-6.31461,21.3098,128.9,160.525,-9,17,6
2024-03-12T17:00:00Z,2024,72,17,7.77951e-13,9.05712e-13,360,484321,28.5742,9.84853,128.9,160.525,-6,17,6
2024-03-12T18:00:00Z,2024,72,18,7.58475e-13,7.12236e-13,360,499327,-31.4242,8.34323,128.9,160.525,-4,3,2
2024-03-12T19:00:00Z,2024,72,19,7.41861e-13,6.91372e-13,360,491677,12.3974,21.1913,128.9,160.525,-1,3,2
2024-03-12T20:00:00Z,2024,72,20,7.34186e-13,8.32179e-13,360,489271,15.2938,9.45812,128.9,160.525,0,3,2
2024-03-12T21:00:00Z,2024,72,21,7.31635e-13,6.50849e-13,360,499747,-32.1665,22.5281,128.9,160.525,2,0,0
2024-03-12T22:00:00Z,2024,72,22,7.1694e-13,7.32574e-13,360,485825,27.1037,20.7856,128.9,160.525,3,0,0
2024-03-12T23:00:00Z,2024,72,23,7.52e-13,8.33508e-13,360,494559,-3.3488,9.24485,128.9,160.525,3,0,0
2024-03-13T00:00:00Z,2024,73,0,7.57091e-13,6.0619e-13,360,499335,-23.5329,21.6062,126.8,161.714,4,10,4
2024-03-13T01:00:00Z,2024,73,1,7.65897e-13,8.86736e-13,360,482748,32.5273,17.2245,126.8,161.714,2,10,4
2024-03-13T02:00:00Z,2024,73,2,7.41759e-13,7.25997e-13,360,497929,-21.2448,8.95116,126.8,161.714,1,10,4
2024-03-13T03:00:00Z,2024,73,3,7.38038e-13,6.47313e-13,360,496928,-6.38241,21.2781,126.8,161.714,-1,3,2
2024-03-13T04:00:00Z,2024,73,4,7.14819e-13,8.41736e-13,360,484359,28.6086,9.81861,126.8,161.714,-2,3,2
2024-03-13T05:00:00Z,2024,73,5,7.23947e-13,6.4386e-13,360,499199,-31.4016,8.31492,126.8,161.714,0,3,2
2024-03-13T06:00:00Z,2024,73,6,7.59118e-13,7.3805e-13,360,491881,12.3325,21.1601,126.8,161.714,-1,33,18
2024-03-13T07:00:00Z,2024,73,7,8.04543e-13,9.10912e-13,360,489133,15.3579,9.42744,126.8,161.714,-10,33,18
2024-03-13T08:00:00Z,2024,73,8,8.39654e-13,7.35258e-13,360,499775,-32.1806,22.5056,126.8,161.714,-21,33,18
2024-03-13T09:00:00Z,2024,73,9,8.16914e-13,8.57482e-13,360,485949,27.0683,20.7549,126.8,161.714,-20,20,7
2024-03-13T10:00:00Z,2024,73,10,8.10464e-13,8.73997e-13,360,494355,-3.28282,9.21308,126.8,161.714,-13,20,7
2024-03-13T11:00:00Z,2024,73,11,8.21649e-13,6.8532e-13,360,499441,-23.5817,21.5748,126.8,161.714,-17,20,7
2024-03-13T12:00:00Z,2024,73,12,8.51163e-13,9.41855e-13,360,482730,32.5246,17.2693,126.8,161.714,-21,23,9
2024-03-13T13:00:00Z,2024,73,13,8.56476e-13,8.79262e-13,360,497782,-21.1882,8.92002,126.8,161.714,-19,23,9
2024-03-13T14:00:00Z,2024,73,14,8.71873e-13,7.67541e-13,360,497030,-6.45348,21.2463,126.8,161.714,-15,23,9
2024-03-13T15:00:00Z,2024,73,15,8.92237e-13,9.97922e-13,360,484258,28.6396,9.78963,126.8,161.714,-11,30,15
2024-03-13T16:00:00Z,2024,73,16,9.05439e-13,8.4673e-13,360,499238,-31.3828,8.28892,126.8,161.714,-15,30,15
2024-03-13T17:00:00Z,2024,73,17,9.26247e-13,8.94175e-13,360,491985,12.2626,21.1292,126.8,161.714,-17,30,15
2024-03-13T18:00:00Z,2024,73,18,9.16732e-13,1.04311e-12,360,489018,15.4233,9.3973,126.8,161.714,-19,20,7
2024-03-13T19:00:00Z,2024,73,19,8.5616e-13,7.47542e-13,360,499779,-32.1946,22.485,126.8,161.714,-17,20,7
2024-03-13T20:00:00Z,2024,73,20,8.43615e-13,8.78569e-13,360,486061,27.0321,20.7244,126.8,161.714,-14,20,7
2024-03-13T21:00:00Z,2024,73,21,8.31922e-13,8.6481e-13,360,494217,-3.21134,9.18097,126.8,161.714,-15,7,3
2024-03-13T22:00:00Z,2024,73,22,8.28866e-13,7.27843e-13,360,499455,-23.629,21.5439,126.8,161.714,-14,7,3
2024-03-13T23:00:00Z,2024,73,23,8.34783e-13,9.33851e-13,360,482794,32.5235,17.3154,126.8,161.714,-13,7,3
2024-03-14T00:00:00Z,2024,74,0,8.50599e-13,8.32512e-13,360,497612,-21.1287,8.88922,125.7,162.74,-7,7,3
2024-03-14T01:00:00Z,2024,74,1,8.5291e-13,7.62143e-13,360,497070,-6.52584,21.2143,125.7,162.74,-2,7,3
2024-03-14T02:00:00Z,2024,74,2,8.47198e-13,9.90551e-13,360,484260,28.6753,9.75992,125.7,162.74,0,7,3
2024-03-14T03:00:00Z,2024,74,3,8.56599e-13,7.73519e-13,360,499072,-31.3566,8.26196,125.7,162.74,-2,23,9
2024-03-14T04:00:00Z,2024,74,4,8.65534e-13,8.35418e-13,360,492172,12.1923,21.0983,125.7,162.74,-12,23,9
2024-03-14T05:00:00Z,2024,74,5,8.46136e-13,9.67649e-13,360,488963,15.4967,9.36674,125.7,162.74,-9,23,9
2024-03-14T06:00:00Z,2024,74,6,8.22865e-13,7.06481e-13,360,499727,-32.2078,22.4643,125.7,162.74,-2,13,5
2024-03-14T07:00:00Z,2024,74,7,8.07481e-13,8.33569e-13,360,486229,26.9947,20.6938,125.7,162.74,0,13,5
2024-03-14T08:00:00Z,2024,74,8,8.28488e-13,9.14914e-13,360,494037,-3.13736,9.149,125.7,162.74,-4,13,5
2024-03-14T09:00:00Z,2024,74,9,8.38199e-13,7.05074e-13,360,499583,-23.6816,21.5126,125.7,162.74,-9,17,6
2024-03-14T10:00:00Z,2024,74,10,8.28207e-13,9.10585e-13,360,482770,32.5192,17.3596,125.7,162.74,-8,17,6
2024-03-14T11:00:00Z,2024,74,11,8.18311e-13,8.29258e-13,360,497449,-21.0692,8.8584,125.7,162.74,-6,17,6
2024-03-14T12:00:00Z,2024,74,12,8.23534e-13,7.32398e-13,360,497177,-6.60173,21.1825,125.7,162.74,-4,10,4
2024-03-14T13:00:00Z,2024,74,13,8.27421e-13,9.37738e-13,360,484158,28.7094,9.72999,125.7,162.74,-4,10,4
2024-03-14T14:00:00Z,2024,74,14,8.27181e-13,7.77291e-13,360,499045,-31.3336,8.23702,125.7,162.74,-4,10,4
2024-03-14T15:00:00Z,2024,74,15,8.2446e-13,7.86184e-13,360,492260,12.1135,21.0676,125.7,162.74,-5,17,6
2024-03-14T16:00:00Z,2024,74,16,8.2779e-13,9.3146e-13,360,488852,15.5677,9.33689,125.7,162.74,-6,17,6
2024-03-14T17:00:00Z,2024,74,17,8.43371e-13,7.37868e-13,360,499809,-32.2254,22.4453,125.7,162.74,-7,17,6
2024-03-14T18:00:00Z,2024,74,18,8.214e-13,8.53461e-13,360,486304,26.9534,20.6632,125.7,162.74,-9,17,6
2024-03-14T19:00:00Z,2024,74,19,7.92005e-13,8.59944e-13,360,493913,-3.06127,9.11731,125.7,162.74,-7,17,6
2024-03-14T20:00:00Z,2024,74,20,7.76824e-13,6.31709e-13,360,499622,-23.7344,21.4821,125.7,162.74,-2,17,6
2024-03-14T21:00:00Z,2024,74,21,7.89049e-13,9.05343e-13,360,482869,32.5182,17.4039,125.7,162.74,-1,30,15
2024-03-14T22:00:00Z,2024,74,22,8.19953e-13,8.10207e-13,360,497255,-21.0047,8.82716,125.7,162.74,1,30,15
2024-03-14T23:00:00Z,2024,74,23,8.49689e-13,7.50075e-13,360,497265,-6.67659,21.1507,125.7,162.74,-9,30,15
2024-03-15T00:00:00Z,2024,75,0,8.93333e-13,1.06045e-12,360,484101,28.7457,9.70057,127.7,163.349,-12,33,18
2024-03-15T01:00:00Z,2024,75,1,8.50856e-13,7.69145e-13,360,498910,-31.3072,8.21201,127.7,163.349,-8,33,18
2024-03-15T02:00:00Z,2024,75,2,8.02201e-13,7.51687e-13,360,492351,12.0346,21.0368,127.7,163.349,-7,33,18
2024-03-15T03:00:00Z,2024,75,3,7.96853e-13,9.10296e-13,360,488832,15.6485,9.30641,127.7,163.349,-8,23,9
2024-03-15T04:00:00Z,2024,75,4,7.96325e-13,6.6342e-13,360,499675,-32.2378,22.4272,127.7,163.349,-12,23,9
2024-03-15T05:00:00Z,2024,75,5,8.13553e-13,8.64386e-13,360,486531,26.9132,20.6328,127.7,163.349,-16,23,9
2024-03-15T06:00:00Z,2024,75,6,8.17715e-13,8.89814e-13,360,493752,-2.97878,9.08514,127.7,163.349,-15,20,7
2024-03-15T07:00:00Z,2024,75,7,8.21442e-13,6.89e-13,360,499695,-23.79,21.4512,127.7,163.349,-13,20,7
2024-03-15T08:00:00Z,2024,75,8,8.28157e-13,9.1431e-13,360,482913,32.5151,17.4512,127.7,163.349,-14,20,7
2024-03-15T09:00:00Z,2024,75,9,8.36675e-13,8.5925e-13,360,497121,-20.9402,8.79628,127.7,163.349,-16,13,5
2024-03-15T10:00:00Z,2024,75,10,8.18623e-13,7.29231e-13,360,497447,-6.75763,21.1186,127.7,163.349,-13,13,5
2024-03-15T11:00:00Z,2024,75,11,8.0299e-13,8.91565e-13,360,483931,28.7798,9.67105,127.7,163.349,-8,13,5
2024-03-15T12:00:00Z,2024,75,12,8.00174e-13,7.61486e-13,360,498827,-31.2813,8.18689,127.7,163.349,-7,13,5
2024-03-15T13:00:00Z,2024,75,13,8.1078e-13,7.80453e-13,360,492427,11.9519,21.0062,127.7,163.349,-11,13,5
2024-03-15T14:00:00Z,2024,75,14,8.20554e-13,9.11772e-13,360,488701,15.7279,9.27619,127.7,163.349,-14,13,5
2024-03-15T15:00:00Z,2024,75,15,7.95335e-13,7.01984e-13,360,499743,-32.2566,22.4082,127.7,163.349,-13,7,3
2024-03-15T16:00:00Z,2024,75,16,7.75942e-13,8.08108e-13,360,486554,26.8653,20.6026,127.7,163.349,-12,7,3
2024-03-15T17:00:00Z,2024,75,17,7.52741e-13,8.08335e-13,360,493686,-2.89504,9.05375,127.7,163.349,-10,7,3
2024-03-15T18:00:00Z,2024,75,18,7.3209e-13,6.09258e-13,360,499760,-23.8491,21.4209,127.7,163.349,-7,3,2
2024-03-15T19:00:00Z,2024,75,19,7.17896e-13,8.17883e-13,360,482956,32.5117,17.4969,127.7,163.349,-4,3,2
2024-03-15T20:00:00Z,2024,75,20,7.17291e-13,7.19121e-13,360,496988,-20.8709,8.76527,127.7,163.349,-2,3,2
2024-03-15T21:00:00Z,2024,75,21,7.25502e-13,6.17896e-13,360,497539,-6.83955,21.0871,127.7,163.349,-1,3,2
2024-03-15T22:00:00Z,2024,75,22,7.27641e-13,8.57322e-13,360,483964,28.8201,9.64161,127.7,163.349,0,3,2
2024-03-15T23:00:00Z,2024,75,23,7.16297e-13,6.64437e-13,360,498628,-31.2518,8.1616,127.7,163.349,-2,3,2
2024-03-16T00:00:00Z,2024,76,0,7.00414e-13,6.4756e-13,360,492550,11.8668,20.9754,142.6,163.389,-3,3,2
2024-03-16T01:00:00Z,2024,76,1,7.01633e-13,8.25914e-13,360,488574,15.8106,9.24583,142.6,163.389,-1,3,2
2024-03-16T02:00:00Z,2024,76,2,6.95986e-13,5.81612e-13,360,499639,-32.2718,22.3906,142.6,163.389,0,3,2
2024-03-16T03:00:00Z,2024,76,3,6.89051e-13,7.22863e-13,360,486731,26.8194,20.5729,142.6,163.389,-2,0,0
2024-03-16T04:00:00Z,2024,76,4,6.96618e-13,7.65148e-13,360,493550,-2.80259,9.02149,142.6,163.389,-1,0,0
2024-03-16T05:00:00Z,2024,76,5,6.93474e-13,5.53109e-13,360,499800,-23.9095,21.3903,142.6,163.389,-1,0,0
2024-03-16T06:00:00Z,2024,76,6,6.99646e-13,8.17602e-13,360,483049,32.509,17.5469,142.6,163.389,0,3,2
2024-03-16T07:00:00Z,2024,76,7,6.87476e-13,6.85855e-13,360,496827,-20.7979,8.73421,142.6,163.389,1,3,2
2024-03-16T08:00:00Z,2024,76,8,6.94011e-13,5.97496e-13,360,497713,-6.92788,21.0552,142.6,163.389,2,3,2
2024-03-16T09:00:00Z,2024,76,9,6.96858e-13,7.91135e-13,360,483857,28.8583,9.61293,142.6,163.389,4,0,0
2024-03-16T10:00:00Z,2024,76,10,7.02347e-13,6.69632e-13,360,498583,-31.2254,8.13684,142.6,163.389,3,0,0
2024-03-16T11:00:00Z,2024,76,11,6.98006e-13,6.61856e-13,360,492664,11.7785,20.9445,142.6,163.389,4,0,0
2024-03-16T12:00:00Z,2024,76,12,7.10445e-13,7.81021e-13,360,488426,15.8951,9.21527,142.6,163.389,2,7,3
2024-03-16T13:00:00Z,2024,76,13,7.41303e-13,6.65482e-13,360,499575,-32.2878,22.3724,142.6,163.389,-2,7,3
2024-03-16T14:00:00Z,2024,76,14,7.42589e-13,7.71659e-13,360,486795,26.7681,20.5437,142.6,163.389,-3,7,3
2024-03-16T15:00:00Z,2024,76,15,7.33212e-13,8.02581e-13,360,493454,-2.70992,8.9903,142.6,163.389,-3,7,3
2024-03-16T16:00:00Z,2024,76,16,7.22304e-13,6.00457e-13,360,499879,-23.9753,21.3599,142.6,163.389,-1,7,3
2024-03-16T17:00:00Z,2024,76,17,7.1121e-13,7.99109e-13,360,483090,32.5043,17.5936,142.6,163.389,2,7,3
2024-03-16T18:00:00Z,2024,76,18,6.98369e-13,7.08853e-13,360,496712,-20.7225,8.7035,142.6,163.389,2,3,2
2024-03-16T19:00:00Z,2024,76,19,6.85706e-13,5.79637e-13,360,497837,-7.01874,21.0236,142.6,163.389,1,3,2
2024-03-16T20:00:00Z,2024,76,20,6.84939e-13,7.98528e-13,360,483852,28.9003,9.58474,142.6,163.389,1,3,2
2024-03-16T21:00:00Z,2024,76,21,6.83647e-13,6.35084e-13,360,498426,-31.1939,8.11105,142.6,163.389,1,0,0
2024-03-16T22:00:00Z,2024,76,22,6.90566e-13,6.52062e-13,360,492869,11.6911,20.9138,142.6,163.389,1,0,0
2024-03-16T23:00:00Z,2024,76,23,6.94418e-13,7.98361e-13,360,488252,15.9825,9.18482,142.6,163.389,0,0,0
2024-03-17T00:00:00Z,2024,77,0,6.92961e-13,5.8785e-13,360,499539,-32.3048,22.3553,149.8,163.216,1,0,0
2024-03-17T01:00:00Z,2024,77,1,6.94235e-13,7.3594e-13,360,486867,26.7161,20.5141,149.8,163.216,3,0,0
2024-03-17T02:00:00Z,2024,77,2,6.89979e-13,7.40317e-13,360,493311,-2.61157,8.95851,149.8,163.216,3,0,0
2024-03-17T03:00:00Z,2024,77,3,6.95211e-13,5.7312e-13,360,499874,-24.04,21.3298,149.8,163.216,1,0,0
2024-03-17T04:00:00Z,2024,77,4,6.89981e-13,7.96189e-13,360,483247,32.5025,17.6447,149.8,163.216,1,0,0
2024-03-17T05:00:00Z,2024,77,5,6.89335e-13,6.9343e-13,360,496543,-20.6421,8.67226,149.8,163.216,2,0,0
2024-03-17T06:00:00Z,2024,77,6,6.90228e-13,5.75289e-13,360,497995,-7.11254,20.9918,149.8,163.216,4,3,2
2024-03-17T07:00:00Z,2024,77,7,6.92694e-13,8.24291e-13,360,483817,28.9428,9.55632,149.8,163.216,5,3,2
2024-03-17T08:00:00Z,2024,77,8,6.90915e-13,6.44399e-13,360,498341,-31.1636,8.0854,149.8,163.216,7,3,2
2024-03-17T09:00:00Z,2024,77,9,6.89835e-13,6.40281e-13,360,493067,11.5987,20.8827,149.8,163.216,10,0,0
2024-03-17T10:00:00Z,2024,77,10,6.96046e-13,7.89753e-13,360,488062,16.0688,9.15469,149.8,163.216,11,0,0
2024-03-17T11:00:00Z,2024,77,11,7.01517e-13,6.08082e-13,360,499509,-32.3218,22.338,149.8,163.216,9,0,0
2024-03-17T12:00:00Z,2024,77,12,7.19458e-13,7.48797e-13,360,486983,26.6643,20.4847,149.8,163.216,6,0,0
2024-03-17T13:00:00Z,2024,77,13,7.36583e-13,7.99569e-13,360,493138,-2.51344,8.92672,149.8,163.216,4,0,0
2024-03-17T14:00:00Z,2024,77,14,7.55591e-13,6.44757e-13,360,499913,-24.1075,21.2991,149.8,163.216,3,0,0
2024-03-17T15:00:00Z,2024,77,15,7.52425e-13,8.26237e-13,360,483265,32.4964,17.6923,149.8,163.216,3,0,0
2024-03-17T16:00:00Z,2024,77,16,7.54462e-13,7.93434e-13,360,496483,-20.5629,8.64212,149.8,163.216,5,0,0
2024-03-17T17:00:00Z,2024,77,17,7.26215e-13,5.95529e-13,360,498109,-7.20989,20.9604,149.8,163.216,5,0,0
2024-03-17T18:00:00Z,2024,77,18,7.14411e-13,8.42251e-13,360,483794,28.9858,9.52892,149.8,163.216,4,0,0
2024-03-17T19:00:00Z,2024,77,19,6.97241e-13,6.56106e-13,360,498224,-31.1312,8.05987,149.8,163.216,4,0,0
2024-03-17T20:00:00Z,2024,77,20,7.08648e-13,6.54538e-13,360,493230,11.5047,20.8519,149.8,163.216,4,0,0
2024-03-17T21:00:00Z,2024,77,21,7.05885e-13,8.07859e-13,360,488000,16.1612,9.12436,149.8,163.216,4,0,0
2024-03-17T22:00:00Z,2024,77,22,7.0989e-13,6.15623e-13,360,499381,-32.3363,22.3235,149.8,163.216,3,0,0
2024-03-17T23:00:00Z,2024,77,23,7.14086e-13,7.50347e-13,360,487144,26.612,20.4556,149.8,163.216,2,0,0
2024-03-18T00:00:00Z,2024,78,0,7.21487e-13,7.75963e-13,360,492979,-2.41303,8.89527,175.8,162.84,2,0,0
2024-03-18T01:00:00Z,2024,78,1,7.1792e-13,5.87779e-13,360,499849,-24.1743,21.2686,175.8,162.84,5,0,0
2024-03-18T02:00:00Z,2024,78,2,7.24872e-13,8.40713e-13,360,483388,32.4931,17.7419,175.8,162.84,6,0,0
2024-03-18T03:00:00Z,2024,78,3,7.21244e-13,7.14693e-13,360,496313,-20.4754,8.61103,175.8,162.84,6,0,0
2024-03-18T04:00:00Z,2024,78,4,7.1319e-13,6.08617e-13,360,498198,-7.30807,20.929,175.8,162.84,7,0,0
2024-03-18T05:00:00Z,2024,78,5,7.1305e-13,8.49244e-13,360,483870,29.0334,9.50086,175.8,162.84,9,0,0
2024-03-18T06:00:00Z,2024,78,6,7.13202e-13,6.44441e-13,360,498073,-31.0966,8.0343,175.8,162.84,11,3,2
2024-03-18T07:00:00Z,2024,78,7,7.27705e-13,6.96249e-13,360,493429,11.4079,20.8209,175.8,162.84,13,3,2
2024-03-18T08:00:00Z,2024,78,8,7.32189e-13,8.14543e-13,360,487870,16.2543,9.09424,175.8,162.84,11,3,2
2024-03-18T09:00:00Z,2024,78,9,7.45637e-13,6.6344e-13,360,499384,-32.3545,22.3087,175.8,162.84,12,0,0
2024-03-18T10:00:00Z,2024,78,10,7.43642e-13,7.70517e-13,360,487262,26.5564,20.4258,175.8,162.84,12,0,0
2024-03-18T11:00:00Z,2024,78,11,7.53345e-13,8.1769e-13,360,492763,-2.31198,8.86367,175.8,162.84,10,0,0
2024-03-18T12:00:00Z,2024,78,12,7.6627e-13,6.42213e-13,360,499888,-24.2435,21.2381,175.8,162.84,9,7,3
2024-03-18T13:00:00Z,2024,78,13,7.74595e-13,8.5783e-13,360,483400,32.4867,17.7906,175.8,162.84,8,7,3
2024-03-18T14:00:00Z,2024,78,14,7.87666e-13,8.18704e-13,360,496223,-20.3899,8.58095,175.8,162.84,8,7,3
2024-03-18T15:00:00Z,2024,78,15,8.19266e-13,7.17433e-13,360,498315,-7.41318,20.8975,175.8,162.84,8,7,3
2024-03-18T16:00:00Z,2024,78,16,8.24189e-13,9.27072e-13,360,483800,29.0766,9.47426,175.8,162.84,12,7,3
2024-03-18T17:00:00Z,2024,78,17,8.3304e-13,7.8632e-13,360,498061,-31.0641,8.00941,175.8,162.84,15,7,3
2024-03-18T18:00:00Z,2024,78,18,8.4165e-13,7.90258e-13,360,493566,11.3074,20.7901,175.8,162.84,16,20,7
2024-03-18T19:00:00Z,2024,78,19,8.46233e-13,9.70462e-13,360,487778,16.3493,9.06435,175.8,162.84,13,20,7
2024-03-18T20:00:00Z,2024,78,20,8.78283e-13,7.7436e-13,360,499309,-32.3709,22.2969,175.8,162.84,9,20,7
2024-03-18T21:00:00Z,2024,78,21,9.08442e-13,9.12733e-13,360,487447,26.5023,20.3963,175.8,162.84,6,27,12
2024-03-18T22:00:00Z,2024,78,22,9.39725e-13,1.02827e-12,360,492593,-2.20658,8.83175,175.8,162.84,-6,27,12
2024-03-18T23:00:00Z,2024,78,23,9.93883e-13,8.71558e-13,360,499841,-24.311,21.2076,175.8,162.84,-15,27,12
2024-03-19T00:00:00Z,2024,79,0,1.04088e-12,1.13179e-12,360,483476,32.4816,17.8359,167.5,162.33,-17,27,12
2024-03-19T01:00:00Z,2024,79,1,1.07837e-12,1.08593e-12,360,496056,-20.2991,8.55066,167.5,162.33,-16,27,12
2024-03-19T02:00:00Z,2024,79,2,1.11147e-12,9.95412e-13,360,498324,-7.51793,20.8661,167.5,162.33,-14,27,12
2024-03-19T03:00:00Z,2024,79,3,1.1192e-12,1.27071e-12,360,483938,29.128,9.44628,167.5,162.33,-19,20,7
2024-03-19T04:00:00Z,2024,79,4,1.13224e-12,1.03501e-12,360,497834,-31.0242,7.98348,167.5,162.33,-21,20,7
2024-03-19T05:00:00Z,2024,79,5,1.15545e-12,1.15292e-12,360,493782,11.2051,20.7591,167.5,162.33,-25,20,7
2024-03-19T06:00:00Z,2024,79,6,1.14607e-12,1.25878e-12,360,487708,16.4497,9.03411,167.5,162.33,-25,20,7
2024-03-19T07:00:00Z,2024,79,7,1.14435e-12,1.00013e-12,360,499238,-32.3877,22.2855,167.5,162.33,-19,20,7
2024-03-19T08:00:00Z,2024,79,8,1.14457e-12,1.21564e-12,360,487613,26.4438,20.3668,167.5,162.33,-12,20,7
2024-03-19T09:00:00Z,2024,79,9,1.14472e-12,1.19828e-12,360,492411,-2.10058,8.80019,167.5,162.33,-9,20,7
2024-03-19T10:00:00Z,2024,79,10,1.12621e-12,9.79722e-13,360,499928,-24.3838,21.1769,167.5,162.33,-7,20,7
2024-03-19T11:00:00Z,2024,79,11,1.10642e-12,1.22159e-12,360,483442,32.4734,17.8817,167.5,162.33,-8,20,7
2024-03-19T12:00:00Z,2024,79,12,1.0979e-12,1.09341e-12,360,495909,-20.2072,8.5204,167.5,162.33,-12,13,5
2024-03-19T13:00:00Z,2024,79,13,1.10733e-12,1.00669e-12,360,498365,-7.62788,20.8347,167.5,162.33,-16,13,5
2024-03-19T14:00:00Z,2024,79,14,1.10053e-12,1.22811e-12,360,483871,29.1752,9.41895,167.5,162.33,-19,13,5
2024-03-19T15:00:00Z,2024,79,15,1.08402e-12,1.04201e-12,360,497852,-30.9891,7.95953,167.5,162.33,-17,10,4
2024-03-19T16:00:00Z,2024,79,16,1.06681e-12,9.95891e-13,360,493855,11.0934,20.7283,167.5,162.33,-13,10,4
2024-03-19T17:00:00Z,2024,79,17,1.06053e-12,1.19155e-12,360,487648,16.5519,9.00462,167.5,162.33,-11,10,4
2024-03-19T18:00:00Z,2024,79,18,1.04017e-12,9.24568e-13,360,499204,-32.4063,22.2763,167.5,162.33,-11,13,5
2024-03-19T19:00:00Z,2024,79,19,1.00878e-12,1.03604e-12,360,487742,26.3825,20.337,167.5,162.33,-9,13,5
2024-03-19T20:00:00Z,2024,79,20,9.96348e-13,1.08551e-12,360,492297,-1.98799,8.76851,167.5,162.33,-8,13,5
2024-03-19T21:00:00Z,2024,79,21,9.94942e-13,8.35779e-13,360,499874,-24.4554,21.1471,167.5,162.33,-12,13,5
2024-03-19T22:00:00Z,2024,79,22,9.97679e-13,1.1233e-12,360,483605,32.4692,17.927,167.5,162.33,-14,13,5
2024-03-19T23:00:00Z,2024,79,23,9.89261e-13,9.96765e-13,360,495665,-20.1099,8.49027,167.5,162.33,-10,13,5
2024-03-20T00:00:00Z,2024,80,0,9.72942e-13,8.2447e-13,360,498407,-7.74099,20.8032,174.1,161.83,-6,13,5
2024-03-20T01:00:00Z,2024,80,1,9.80677e-13,1.15724e-12,360,483867,29.2259,9.39145,174.1,161.83,-5,13,5
2024-03-20T02:00:00Z,2024,80,2,9.76508e-13,9.05469e-13,360,497660,-30.9464,7.93547,174.1,161.83,-5,13,5
2024-03-20T03:00:00Z,2024,80,3,9.73666e-13,9.16252e-13,360,494014,10.9804,20.6977,174.1,161.83,-5,3,2
2024-03-20T04:00:00Z,2024,80,4,9.79336e-13,1.11033e-12,360,487627,16.6635,8.97445,174.1,161.83,-4,3,2
2024-03-20T05:00:00Z,2024,80,5,9.80648e-13,8.46059e-13,360,499090,-32.4233,22.2691,174.1,161.83,-3,3,2
2024-03-20T06:00:00Z,2024,80,6,1.00044e-12,1.03667e-12,360,487937,26.3186,20.3074,174.1,161.83,-4,13,5
2024-03-20T07:00:00Z,2024,80,7,9.99924e-13,1.07285e-12,360,492130,-1.87017,8.73678,174.1,161.83,-4,13,5
2024-03-20T08:00:00Z,2024,80,8,1.01556e-12,8.87842e-13,360,499941,-24.5335,21.117,174.1,161.83,-1,13,5
2024-03-20T09:00:00Z,2024,80,9,1.03323e-12,1.12348e-12,360,483641,32.4604,17.9705,174.1,161.83,2,7,3
2024-03-20T10:00:00Z,2024,80,10,1.0379e-12,1.06602e-12,360,495510,-20.0125,8.46024,174.1,161.83,4,7,3
2024-03-20T11:00:00Z,2024,80,11,1.01122e-12,9.01962e-13,360,498477,-7.85889,20.7716,174.1,161.83,4,7,3
2024-03-20T12:00:00Z,2024,80,12,1.00474e-12,1.12519e-12,360,483823,29.2771,9.36366,174.1,161.83,3,3,2
2024-03-20T13:00:00Z,2024,80,13,1.01595e-12,9.65532e-13,360,497522,-30.9038,7.91265,174.1,161.83,2,3,2
2024-03-20T14:00:00Z,2024,80,14,1.01971e-12,9.74508e-13,360,494103,10.8588,20.6672,174.1,161.83,3,3,2
2024-03-20T15:00:00Z,2024,80,15,1.00871e-12,1.10776e-12,360,487549,16.7751,8.94511,174.1,161.83,4,0,0
2024-03-20T16:00:00Z,2024,80,16,1.00541e-12,9.14796e-13,360,499095,-32.4444,22.2633,174.1,161.83,3,0,0
2024-03-20T17:00:00Z,2024,80,17,9.83096e-13,1.00607e-12,360,488058,26.2497,20.278,174.1,161.83,1,0,0
2024-03-20T18:00:00Z,2024,80,18,9.6761e-13,1.0431e-12,360,492009,-1.74813,8.7055,174.1,161.83,2,10,4
2024-03-20T19:00:00Z,2024,80,19,9.59035e-13,8.1275e-13,360,499939,-24.6131,21.0875,174.1,161.83,1,10,4
2024-03-20T20:00:00Z,2024,80,20,9.71573e-13,1.07768e-12,360,483771,32.4537,18.0128,174.1,161.83,2,10,4
2024-03-20T21:00:00Z,2024,80,21,9.99645e-13,1.00317e-12,360,495316,-19.9072,8.42972,174.1,161.83,5,23,9
2024-03-20T22:00:00Z,2024,80,22,1.02417e-12,9.12578e-13,360,498568,-7.97759,20.7404,174.1,161.83,4,23,9
2024-03-20T23:00:00Z,2024,80,23,1.03033e-12,1.17609e-12,360,483782,29.33,9.33648,174.1,161.83,5,23,9
2024-03-21T00:00:00Z,2024,81,0,1.02756e-12,9.59825e-13,360,497391,-30.8601,7.88941,195.5,161.256,7,30,15
2024-03-21T01:00:00Z,2024,81,1,1.02408e-12,9.85388e-13,360,494172,10.7345,20.6365,195.5,161.256,9,30,15
2024-03-21T02:00:00Z,2024,81,2,1.00467e-12,1.11789e-12,360,487504,16.8938,8.91522,195.5,161.256,11,30,15
2024-03-21T03:00:00Z,2024,81,3,1.01536e-12,8.6905e-13,360,498956,-32.4619,22.2607,195.5,161.256,18,23,9
2024-03-21T04:00:00Z,2024,81,4,1.05064e-12,1.12635e-12,360,488287,26.1801,20.2487,195.5,161.256,16,23,9
2024-03-21T05:00:00Z,2024,81,5,1.06657e-12,1.14348e-12,360,491867,-1.61935,8.67367,195.5,161.256,17,23,9
2024-03-21T06:00:00Z,2024,81,6,1.08029e-12,8.92639e-13,360,499963,-24.6956,21.0578,195.5,161.256,18,30,15
2024-03-21T07:00:00Z,2024,81,7,1.13689e-12,1.2993e-12,360,483871,32.445,18.0551,195.5,161.256,8,30,15
2024-03-21T08:00:00Z,2024,81,8,1.15398e-12,1.13548e-12,360,495158,-19.8003,8.39962,195.5,161.256,-5,30,15
2024-03-21T09:00:00Z,2024,81,9,1.17682e-12,1.07948e-12,360,498724,-8.10354,20.7088,195.5,161.256,-8,20,7
2024-03-21T10:00:00Z,2024,81,10,1.14919e-12,1.26875e-12,360,483691,29.3817,9.31014,195.5,161.256,-1,20,7
2024-03-21T11:00:00Z,2024,81,11,1.17237e-12,1.09757e-12,360,497239,-30.8146,7.86604,195.5,161.256,4,20,7
2024-03-21T12:00:00Z,2024,81,12,1.23354e-12,1.2133e-12,360,494292,10.6084,20.6059,195.5,161.256,-6,43,32
2024-03-21T13:00:00Z,2024,81,13,1.31864e-12,1.45701e-12,360,487390,17.0131,8.88524,195.5,161.256,-27,43,32
2024-03-21T14:00:00Z,2024,81,14,1.39434e-12,1.23018e-12,360,498902,-32.4821,22.2574,195.5,161.256,-39,43,32
2024-03-21T15:00:00Z,2024,81,15,1.37836e-12,1.45024e-12,360,488389,26.1039,20.2194,195.5,161.256,-46,47,39
2024-03-21T16:00:00Z,2024,81,16,1.31286e-12,1.38142e-12,360,491781,-1.48819,8.64275,195.5,161.256,-40,47,39
2024-03-21T17:00:00Z,2024,81,17,1.36241e-12,1.1914e-12,360,499974,-24.7814,21.0287,195.5,161.256,-43,47,39
2024-03-21T18:00:00Z,2024,81,18,1.42766e-12,1.53858e-12,360,483974,32.4357,18.0951,195.5,161.256,-55,43,32
2024-03-21T19:00:00Z,2024,81,19,1.42612e-12,1.46588e-12,360,494985,-19.6875,8.36946,195.5,161.256,-68,43,32
2024-03-21T20:00:00Z,2024,81,20,1.45467e-12,1.31228e-12,360,498796,-8.23245,20.6777,195.5,161.256,-72,43,32
2024-03-21T21:00:00Z,2024,81,21,1.51501e-12,1.67869e-12,360,483769,29.4392,9.28388,195.5,161.256,-74,40,27
2024-03-21T22:00:00Z,2024,81,22,1.52618e-12,1.46903e-12,360,496998,-30.7648,7.84204,195.5,161.256,-57,40,27
2024-03-21T23:00:00Z,2024,81,23,1.48951e-12,1.41443e-12,360,494448,10.4778,20.5752,195.5,161.256,-53,40,27
2024-03-22T00:00:00Z,2024,82,0,1.47598e-12,1.60858e-12,360,487290,17.1358,8.85552,196.2,160.616,-49,33,18
2024-03-22T01:00:00Z,2024,82,1,1.48579e-12,1.35945e-12,360,498728,-32.5002,22.2574,196.2,160.616,-51,33,18
2024-03-22T02:00:00Z,2024,82,2,1.4809e-12,1.54042e-12,360,488562,26.0265,20.1906,196.2,160.616,-44,33,18
2024-03-22T03:00:00Z,2024,82,3,1.4758e-12,1.54897e-12,360,491677,-1.34676,8.61085,196.2,160.616,-34,30,15
2024-03-22T04:00:00Z,2024,82,4,1.42803e-12,1.23566e-12,360,499907,-24.8683,20.9996,196.2,160.616,-33,30,15
2024-03-22T05:00:00Z,2024,82,5,1.37592e-12,1.5604e-12,360,484162,32.4274,18.1356,196.2,160.616,-29,30,15
2024-03-22T06:00:00Z,2024,82,6,1.33215e-12,1.30158e-12,360,494796,-19.5687,8.3391,196.2,160.616,-21,27,12
2024-03-22T07:00:00Z,2024,82,7,1.35164e-12,1.22401e-12,360,498913,-8.36799,20.6464,196.2,160.616,-26,27,12
2024-03-22T08:00:00Z,2024,82,8,1.33071e-12,1.47147e-12,360,483749,29.4962,9.25832,196.2,160.616,-25,27,12
2024-03-22T09:00:00Z,2024,82,9,1.30531e-12,1.27354e-12,360,496877,-30.7162,7.81878,196.2,160.616,-21,33,18
2024-03-22T10:00:00Z,2024,82,10,1.27511e-12,1.20648e-12,360,494600,10.3416,20.5441,196.2,160.616,-16,33,18
2024-03-22T11:00:00Z,2024,82,11,1.2676e-12,1.38306e-12,360,487137,17.2617,8.8258,196.2,160.616,-11,33,18
2024-03-22T12:00:00Z,2024,82,12,1.28616e-12,1.17391e-12,360,498630,-32.5195,22.2588,196.2,160.616,-21,10,4
2024-03-22T13:00:00Z,2024,82,13,1.2607e-12,1.27855e-12,360,488661,25.9438,20.1622,196.2,160.616,-24,10,4
2024-03-22T14:00:00Z,2024,82,14,1.25846e-12,1.37873e-12,360,491568,-1.20399,8.57984,196.2,160.616,-22,10,4
2024-03-22T15:00:00Z,2024,82,15,1.24309e-12,1.06568e-12,360,499951,-24.9622,20.9705,196.2,160.616,-15,13,5
2024-03-22T16:00:00Z,2024,82,16,1.21638e-12,1.33161e-12,360,484197,32.4141,18.173,196.2,160.616,-16,13,5
2024-03-22T17:00:00Z,2024,82,17,1.17334e-12,1.20014e-12,360,494707,-19.4474,8.30936,196.2,160.616,-17,13,5
2024-03-22T18:00:00Z,2024,82,18,1.12647e-12,9.68226e-13,360,498987,-8.50846,20.6154,196.2,160.616,-21,7,3
2024-03-22T19:00:00Z,2024,82,19,1.11497e-12,1.27917e-12,360,483770,29.5554,9.2336,196.2,160.616,-22,7,3
2024-03-22T20:00:00Z,2024,82,20,1.11544e-12,1.05279e-12,360,496708,-30.663,7.79468,196.2,160.616,-22,7,3
2024-03-22T21:00:00Z,2024,82,21,1.12486e-12,1.07167e-12,360,494760,10.2036,20.5136,196.2,160.616,-20,3,2
2024-03-22T22:00:00Z,2024,82,22,1.13971e-12,1.26919e-12,360,487068,17.3932,8.79575,196.2,160.616,-17,3,2
2024-03-22T23:00:00Z,2024,82,23,1.1443e-12,1.00686e-12,360,498456,-32.5373,22.2627,196.2,160.616,-15,3,2
2024-03-23T00:00:00Z,2024,83,0,1.14341e-12,1.20321e-12,360,488793,25.8594,20.1333,209.3,160.226,-12,27,12
2024-03-23T01:00:00Z,2024,83,1,1.15391e-12,1.20716e-12,360,491456,-1.05381,8.54857,209.3,160.226,3,27,12
2024-03-23T02:00:00Z,2024,83,2,1.19116e-12,1.01736e-12,360,499810,-25.0545,20.9415,209.3,160.226,10,27,12
2024-03-23T03:00:00Z,2024,83,3,1.2344e-12,1.40729e-12,360,484459,32.4058,18.2122,209.3,160.226,11,47,39
2024-03-23T04:00:00Z,2024,83,4,1.29821e-12,1.26125e-12,360,494501,-19.316,8.27895,209.3,160.226,-11,47,39
2024-03-23T05:00:00Z,2024,83,5,1.35943e-12,1.25534e-12,360,499069,-8.65301,20.5842,209.3,160.226,-19,47,39
2024-03-23T06:00:00Z,2024,83,6,1.3883e-12,1.57613e-12,360,483841,29.6175,9.20861,209.3,160.226,-31,40,27
2024-03-23T07:00:00Z,2024,83,7,1.39247e-12,1.26891e-12,360,496540,-30.608,7.7712,209.3,160.226,-35,40,27
2024-03-23T08:00:00Z,2024,83,8,1.40387e-12,1.38664e-12,360,494944,10.0589,20.4826,209.3,160.226,-37,40,27
2024-03-23T09:00:00Z,2024,83,9,1.45619e-12,1.57143e-12,360,486930,17.5248,8.7664,209.3,160.226,-33,33,18
2024-03-23T10:00:00Z,2024,83,10,1.47499e-12,1.31366e-12,360,498398,-32.5582,22.2679,209.3,160.226,-32,33,18
2024-03-23T11:00:00Z,2024,83,11,1.47173e-12,1.56972e-12,360,488874,25.7705,20.105,209.3,160.226,-25,33,18
2024-03-23T12:00:00Z,2024,83,12,1.47071e-12,1.53718e-12,360,491319,-0.901794,8.51696,209.3,160.226,-15,40,27
2024-03-23T13:00:00Z,2024,83,13,1.47974e-12,1.2965e-12,360,499766,-25.1517,20.9122,209.3,160.226,-8,40,27
2024-03-23T14:00:00Z,2024,83,14,1.50331e-12,1.62567e-12,360,484482,32.39,18.2496,209.3,160.226,-6,40,27
2024-03-23T15:00:00Z,2024,83,15,1.52533e-12,1.55081e-12,360,494480,-19.1859,8.24958,209.3,160.226,-15,37,22
2024-03-23T16:00:00Z,2024,83,16,1.5335e-12,1.40619e-12,360,499116,-8.80622,20.5532,209.3,160.226,-13,37,22
2024-03-23T17:00:00Z,2024,83,17,1.52102e-12,1.67518e-12,360,483852,29.6786,9.18496,209.3,160.226,-7,37,22
2024-03-23T18:00:00Z,2024,83,18,1.51414e-12,1.45111e-12,360,496432,-30.5518,7.74739,209.3,160.226,-22,47,39
2024-03-23T19:00:00Z,2024,83,19,1.53616e-12,1.4135e-12,360,495057,9.90904,20.4519,209.3,160.226,-42,47,39
2024-03-23T20:00:00Z,2024,83,20,1.58451e-12,1.8029e-12,360,486917,17.6636,8.7369,209.3,160.226,-63,47,39
2024-03-23T21:00:00Z,2024,83,21,1.66209e-12,1.53392e-12,360,498198,-32.5754,22.279,209.3,160.226,-79,57,67
2024-03-23T22:00:00Z,2024,83,22,1.66296e-12,1.64045e-12,360,489079,25.6821,20.0767,209.3,160.226,-79,57,67
2024-03-23T23:00:00Z,2024,83,23,1.66235e-12,1.78488e-12,360,491139,-0.743611,8.48572,209.3,160.226,-66,57,67
2024-03-24T00:00:00Z,2024,84,0,1.72418e-12,1.54966e-12,360,499649,-25.2499,20.883,194,159.678,-68,43,32
2024-03-24T01:00:00Z,2024,84,1,1.76312e-12,1.91971e-12,360,484607,32.3761,18.2873,194,159.678,-64,43,32
2024-03-24T02:00:00Z,2024,84,2,1.72132e-12,1.7029e-12,360,494301,-19.0431,8.21989,194,159.678,-70,43,32
2024-03-24T03:00:00Z,2024,84,3,1.71135e-12,1.58928e-12,360,499121,-8.96258,20.5224,194,159.678,-66,33,18
2024-03-24T04:00:00Z,2024,84,4,1.66536e-12,1.83855e-12,360,483993,29.7467,9.16094,194,159.678,-66,33,18
2024-03-24T05:00:00Z,2024,84,5,1.61329e-12,1.51182e-12,360,496224,-30.4897,7.72364,194,159.678,-61,33,18
2024-03-24T06:00:00Z,2024,84,6,1.58708e-12,1.55882e-12,360,495234,9.75222,20.421,194,159.678,-56,33,18
2024-03-24T07:00:00Z,2024,84,7,1.56054e-12,1.66457e-12,360,486827,17.8074,8.70734,194,159.678,-54,33,18
2024-03-24T08:00:00Z,2024,84,8,1.5655e-12,1.43655e-12,360,498131,-32.5964,22.2933,194,159.678,-54,33,18
2024-03-24T09:00:00Z,2024,84,9,1.56936e-12,1.65053e-12,360,489224,25.5853,20.0479,194,159.678,-53,37,22
2024-03-24T10:00:00Z,2024,84,10,1.53451e-12,1.58918e-12,360,490943,-0.582447,8.45452,194,159.678,-52,37,22
2024-03-24T11:00:00Z,2024,84,11,1.51035e-12,1.34673e-12,360,499601,-25.3528,20.8538,194,159.678,-55,37,22
2024-03-24T12:00:00Z,2024,84,12,1.47088e-12,1.58998e-12,360,484663,32.3596,18.3246,194,159.678,-50,60,80
2024-03-24T13:00:00Z,2024,84,13,1.45814e-12,1.51617e-12,360,494161,-18.8969,8.19074,194,159.678,-48,60,80
2024-03-24T14:00:00Z,2024,84,14,1.48731e-12,1.27058e-12,360,499149,-9.13041,20.4917,194,159.678,-28,60,80
2024-03-24T15:00:00Z,2024,84,15,1.7018e-12,1.84564e-12,360,483971,29.8117,9.13828,194,159.678,-25,83,236
2024-03-24T16:00:00Z,2024,84,16,1.96467e-12,1.87852e-12,360,496181,-30.4281,7.70119,194,159.678,-101,83,236
2024-03-24T17:00:00Z,2024,84,17,2.0221e-12,2.01593e-12,360,495339,9.5866,20.3904,194,159.678,-114,83,236
2024-03-24T18:00:00Z,2024,84,18,1.91112e-12,2.05909e-12,360,486776,17.9568,8.67845,194,159.678,-103,67,111
2024-03-24T19:00:00Z,2024,84,19,1.96149e-12,1.79293e-12,360,497995,-32.616,22.3136,194,159.678,-126,67,111
2024-03-24T20:00:00Z,2024,84,20,2.02158e-12,2.13336e-12,360,489409,25.486,20.0192,194,159.678,-128,67,111
2024-03-24T21:00:00Z,2024,84,21,2.00623e-12,2.07514e-12,360,490816,-0.410392,8.42282,194,159.678,-119,40,27
2024-03-24T22:00:00Z,2024,84,22,2.01204e-12,1.8413e-12,360,499485,-25.4559,20.8252,194,159.678,-109,40,27
2024-03-24T23:00:00Z,2024,84,23,1.94865e-12,2.12917e-12,360,484754,32.342,18.3614,194,159.678,-94,40,27
2024-03-25T00:00:00Z,2024,85,0,1.87504e-12,1.85021e-12,360,493998,-18.7438,8.16174,189.1,159.426,-88,43,32
2024-03-25T01:00:00Z,2024,85,1,1.78372e-12,1.61455e-12,360,499098,-9.30332,20.4609,189.1,159.426,-81,43,32
2024-03-25T02:00:00Z,2024,85,2,1.71057e-12,1.93626e-12,360,484075,29.8833,9.11511,189.1,159.426,-62,43,32
2024-03-25T03:00:00Z,2024,85,3,1.6645e-12,1.5897e-12,360,495956,-30.3576,7.6778,189.1,159.426,-51,50,48
2024-03-25T04:00:00Z,2024,85,4,1.63394e-12,1.54922e-12,360,495514,9.41393,20.3597,189.1,159.426,-53,50,48
2024-03-25T05:00:00Z,2024,85,5,1.61395e-12,1.76086e-12,360,486728,18.1148,8.64912,189.1,159.426,-38,50,48
2024-03-25T06:00:00Z,2024,85,6,1.5743e-12,1.43606e-12,360,497867,-32.6362,22.3385,189.1,159.426,-57,40,27
2024-03-25T07:00:00Z,2024,85,7,1.53953e-12,1.60178e-12,360,489592,25.3791,19.9908,189.1,159.426,-65,40,27
2024-03-25T08:00:00Z,2024,85,8,1.47319e-12,1.51448e-12,360,490652,-0.232597,8.39167,189.1,159.426,-63,40,27
2024-03-25T09:00:00Z,2024,85,9,1.44792e-12,1.31472e-12,360,499512,-25.5675,20.7964,189.1,159.426,-56,43,32
2024-03-25T10:00:00Z,2024,85,10,1.4137e-12,1.53678e-12,360,484790,32.321,18.3943,189.1,159.426,-46,43,32
2024-03-25T11:00:00Z,2024,85,11,1.36847e-12,1.37667e-12,360,493813,-18.5837,8.13268,189.1,159.426,-48,43,32
2024-03-25T12:00:00Z,2024,85,12,1.34502e-12,1.1901e-12,360,499093,-9.48275,20.4302,189.1,159.426,-51,40,27
2024-03-25T13:00:00Z,2024,85,13,1.31604e-12,1.47347e-12,360,484070,29.9541,9.09217,189.1,159.426,-56,40,27
2024-03-25T14:00:00Z,2024,85,14,1.30027e-12,1.27672e-12,360,495867,-30.2871,7.65639,189.1,159.426,-51,40,27
2024-03-25T15:00:00Z,2024,85,15,1.26598e-12,1.1729e-12,360,495604,9.23022,20.3291,189.1,159.426,-53,33,18
2024-03-25T16:00:00Z,2024,85,16,1.24828e-12,1.40627e-12,360,486702,18.277,8.62063,189.1,159.426,-57,33,18
2024-03-25T17:00:00Z,2024,85,17,1.20202e-12,1.07016e-12,360,497766,-32.6573,22.3708,189.1,159.426,-63,33,18
2024-03-25T18:00:00Z,2024,85,18,1.14583e-12,1.17198e-12,360,489769,25.2674,19.9622,189.1,159.426,-63,20,7
2024-03-25T19:00:00Z,2024,85,19,1.09507e-12,1.1696e-12,360,490533,-0.0464528,8.36045,189.1,159.426,-68,20,7
2024-03-25T20:00:00Z,2024,85,20,1.05703e-12,9.11864e-13,360,499419,-25.6792,20.7686,189.1,159.426,-66,20,7
2024-03-25T21:00:00Z,2024,85,21,1.03507e-12,1.17252e-12,360,485007,32.3029,18.4272,189.1,159.426,-63,17,6
2024-03-25T22:00:00Z,2024,85,22,1.01062e-12,9.75558e-13,360,493564,-18.4163,8.10349,189.1,159.426,-60,17,6
2024-03-25T23:00:00Z,2024,85,23,1.01034e-12,9.15406e-13,360,499143,-9.66795,20.3996,189.1,159.426,-55,17,6
2024-03-26T00:00:00Z,2024,86,0,1.02058e-12,1.17212e-12,360,484078,30.0258,9.07026,177.4,159.432,-56,30,15
2024-03-26T01:00:00Z,2024,86,1,1.00235e-12,9.06387e-13,360,495667,-30.2109,7.63445,177.4,159.432,-53,30,15
2024-03-26T02:00:00Z,2024,86,2,1.02509e-12,9.96688e-13,360,495729,9.04334,20.2985,177.4,159.432,-56,30,15
2024-03-26T03:00:00Z,2024,86,3,1.05694e-12,1.1882e-12,360,486733,18.4468,8.59138,177.4,159.432,-57,27,12
2024-03-26T04:00:00Z,2024,86,4,1.05973e-12,9.16844e-13,360,497591,-32.6759,22.4097,177.4,159.432,-52,27,12
2024-03-26T05:00:00Z,2024,86,5,1.07049e-12,1.12874e-12,360,490011,25.1527,19.9337,177.4,159.432,-50,27,12
2024-03-26T06:00:00Z,2024,86,6,1.05797e-12,1.10782e-12,360,490398,0.144472,8.32899,177.4,159.432,-46,7,3
2024-03-26T07:00:00Z,2024,86,7,1.05498e-12,9.16983e-13,360,499406,-25.7945,20.7404,177.4,159.432,-46,7,3
2024-03-26T08:00:00Z,2024,86,8,1.0572e-12,1.17736e-12,360,485133,32.2804,18.4555,177.4,159.432,-46,7,3
2024-03-26T09:00:00Z,2024,86,9,1.05981e-12,1.05317e-12,360,493399,-18.2482,8.07459,177.4,159.432,-45,30,15
2024-03-26T10:00:00Z,2024,86,10,1.06354e-12,9.78853e-13,360,499206,-9.85646,20.3687,177.4,159.432,-35,30,15
2024-03-26T11:00:00Z,2024,86,11,1.05347e-12,1.1627e-12,360,484086,30.0981,9.04816,177.4,159.432,-24,30,15
2024-03-26T12:00:00Z,2024,86,12,1.06347e-12,9.89908e-13,360,495488,-30.1336,7.61256,177.4,159.432,-26,20,7
2024-03-26T13:00:00Z,2024,86,13,1.06103e-12,1.06257e-12,360,495820,8.85204,20.2681,177.4,159.432,-35,20,7
2024-03-26T14:00:00Z,2024,86,14,1.0496e-12,1.12403e-12,360,486685,18.6151,8.56279,177.4,159.432,-37,20,7
2024-03-26T15:00:00Z,2024,86,15,1.06167e-12,9.59382e-13,360,497546,-32.6978,22.4516,177.4,159.432,-35,20,7
2024-03-26T16:00:00Z,2024,86,16,1.0551e-12,1.09721e-12,360,490138,25.032,19.9051,177.4,159.432,-34,20,7
2024-03-26T17:00:00Z,2024,86,17,1.05908e-12,1.13043e-12,360,490321,0.338139,8.29806,177.4,159.432,-36,20,7
2024-03-26T18:00:00Z,2024,86,18,1.04518e-12,9.04489e-13,360,499340,-25.9105,20.7129,177.4,159.432,-37,27,12
2024-03-26T19:00:00Z,2024,86,19,1.04235e-12,1.15559e-12,360,485292,32.2577,18.4817,177.4,159.432,-36,27,12
2024-03-26T20:00:00Z,2024,86,20,1.0368e-12,1.01598e-12,360,493238,-18.0728,8.04544,177.4,159.432,-36,27,12
2024-03-26T21:00:00Z,2024,86,21,1.03776e-12,9.49353e-13,360,499219,-10.0459,20.3384,177.4,159.432,-38,27,12
2024-03-26T22:00:00Z,2024,86,22,1.02578e-12,1.16048e-12,360,484161,30.1723,9.02643,177.4,159.432,-40,27,12
2024-03-26T23:00:00Z,2024,86,23,1.00445e-12,9.42544e-13,360,495290,-30.0534,7.59091,177.4,159.432,-40,27,12
2024-03-27T00:00:00Z,2024,87,0,9.90366e-13,9.47978e-13,360,495880,8.65793,20.2372,173.9,159.437,-33,30,15
2024-03-27T01:00:00Z,2024,87,1,1.01795e-12,1.14531e-12,360,486700,18.7891,8.53374,173.9,159.437,-29,30,15
2024-03-27T02:00:00Z,2024,87,2,1.03081e-12,8.9295e-13,360,497306,-32.7141,22.5033,173.9,159.437,-26,30,15
2024-03-27T03:00:00Z,2024,87,3,1.02077e-12,1.08128e-12,360,490406,24.9114,19.877,173.9,159.437,-33,13,5
2024-03-27T04:00:00Z,2024,87,4,1.00627e-12,1.04308e-12,360,490238,0.540425,8.26651,173.9,159.437,-33,13,5
2024-03-27T05:00:00Z,2024,87,5,9.98856e-13,8.69618e-13,360,499246,-26.0273,20.6854,173.9,159.437,-29,13,5
2024-03-27T06:00:00Z,2024,87,6,9.97911e-13,1.12719e-12,360,485489,32.2341,18.5062,173.9,159.437,-28,23,9
2024-03-27T07:00:00Z,2024,87,7,1.00165e-12,9.81224e-13,360,493072,-17.8937,8.01654,173.9,159.437,-24,23,9
2024-03-27T08:00:00Z,2024,87,8,1.02525e-12,9.47382e-13,360,499304,-10.2421,20.3077,173.9,159.437,-17,23,9
2024-03-27T09:00:00Z,2024,87,9,1.02694e-12,1.1259e-12,360,484148,30.2437,9.00619,173.9,159.437,-16,13,5
2024-03-27T10:00:00Z,2024,87,10,1.02642e-12,9.62599e-13,360,495133,-29.9728,7.56897,173.9,159.437,-18,13,5
2024-03-27T11:00:00Z,2024,87,11,1.02776e-12,1.02646e-12,360,495970,8.45984,20.2067,173.9,159.437,-22,13,5
2024-03-27T12:00:00Z,2024,87,12,1.03081e-12,1.11707e-12,360,486643,18.9621,8.50452,173.9,159.437,-26,7,3
2024-03-27T13:00:00Z,2024,87,13,1.02908e-12,9.20731e-13,360,497208,-32.7334,22.5587,173.9,159.437,-27,7,3
2024-03-27T14:00:00Z,2024,87,14,1.02459e-12,1.06868e-12,360,490499,24.7816,19.8488,173.9,159.437,-23,7,3
2024-03-27T15:00:00Z,2024,87,15,1.01877e-12,1.06774e-12,360,490210,0.741286,8.23589,173.9,159.437,-24,7,3
2024-03-27T16:00:00Z,2024,87,16,1.01596e-12,8.86151e-13,360,499222,-26.1487,20.6582,173.9,159.437,-24,7,3
2024-03-27T17:00:00Z,2024,87,17,1.01051e-12,1.13198e-12,360,485602,32.2066,18.5272,173.9,159.437,-26,7,3
2024-03-27T18:00:00Z,2024,87,18,9.83717e-13,9.69214e-13,360,492964,-17.7113,7.98776,173.9,159.437,-28,10,4
2024-03-27T19:00:00Z,2024,87,19,9.62448e-13,8.62786e-13,360,499302,-10.4407,20.2776,173.9,159.437,-27,10,4
2024-03-27T20:00:00Z,2024,87,20,9.40637e-13,1.0562e-12,360,484282,30.3187,8.98624,173.9,159.437,-18,10,4
2024-03-27T21:00:00Z,2024,87,21,9.47867e-13,9.02198e-13,360,494896,-29.8869,7.54621,173.9,159.437,-15,13,5
2024-03-27T22:00:00Z,2024,87,22,9.43363e-13,8.96976e-13,360,496092,8.26182,20.176,173.9,159.437,-15,13,5
2024-03-27T23:00:00Z,2024,87,23,9.62046e-13,1.09233e-12,360,486609,19.1378,8.47556,173.9,159.437,-11,13,5
2024-03-28T00:00:00Z,2024,88,0,9.65008e-13,8.36765e-13,360,496990,-32.7494,22.6222,172.1,159.963,-12,20,7
2024-03-28T01:00:00Z,2024,88,1,9.64376e-13,1.01587e-12,360,490660,24.6515,19.821,172.1,159.963,-12,20,7
2024-03-28T02:00:00Z,2024,88,2,9.6082e-13,1.00721e-12,360,490176,0.952822,8.20454,172.1,159.963,-11,20,7
2024-03-28T03:00:00Z,2024,88,3,9.55445e-13,8.14891e-13,360,499037,-26.2667,20.6312,172.1,159.963,-10,13,5
2024-03-28T04:00:00Z,2024,88,4,9.6347e-13,1.11174e-12,360,485884,32.1816,18.5472,172.1,159.963,-12,13,5
2024-03-28T05:00:00Z,2024,88,5,9.64118e-13,8.9623e-13,360,492796,-17.5213,7.95879,172.1,159.963,-9,13,5
2024-03-28T06:00:00Z,2024,88,6,9.80721e-13,9.23001e-13,360,499346,-10.6437,20.2473,172.1,159.963,-9,13,5
2024-03-28T07:00:00Z,2024,88,7,9.78623e-13,1.10923e-12,360,484341,30.3926,8.96696,172.1,159.963,-9,13,5
2024-03-28T08:00:00Z,2024,88,8,1.00619e-12,9.13484e-13,360,494770,-29.8018,7.52364,172.1,159.963,-10,13,5
2024-03-28T09:00:00Z,2024,88,9,1.01704e-12,1.03648e-12,360,496238,8.05787,20.145,172.1,159.963,-15,17,6
2024-03-28T10:00:00Z,2024,88,10,1.021e-12,1.08783e-12,360,486481,19.3114,8.44661,172.1,159.963,-17,17,6
2024-03-28T11:00:00Z,2024,88,11,1.03035e-12,9.16036e-13,360,496858,-32.7663,22.694,172.1,159.963,-15,17,6
2024-03-28T12:00:00Z,2024,88,12,1.03424e-12,1.09973e-12,360,490757,24.5164,19.7934,172.1,159.963,-13,27,12
2024-03-28T13:00:00Z,2024,88,13,1.02818e-12,1.07023e-12,360,490103,1.16413,8.17366,172.1,159.963,-11,27,12
2024-03-28T14:00:00Z,2024,88,14,1.02463e-12,9.12212e-13,360,499000,-26.3916,20.6039,172.1,159.963,-11,27,12
2024-03-28T15:00:00Z,2024,88,15,1.01889e-12,1.11026e-12,360,485939,32.1489,18.5645,172.1,159.963,-9,17,6
2024-03-28T16:00:00Z,2024,88,16,1.02403e-12,1.01936e-12,360,492776,-17.3298,7.93059,172.1,159.963,-8,17,6
2024-03-28T17:00:00Z,2024,88,17,9.95858e-13,8.97884e-13,360,499348,-10.8519,20.2176,172.1,159.963,-7,17,6
2024-03-28T18:00:00Z,2024,88,18,9.72638e-13,1.0956e-12,360,484420,30.4668,8.949,172.1,159.963,-4,20,7
2024-03-28T19:00:00Z,2024,88,19,9.48641e-13,8.89447e-13,360,494611,-29.712,7.50071,172.1,159.963,-3,20,7
2024-03-28T20:00:00Z,2024,88,20,9.41484e-13,9.11872e-13,360,496346,7.85203,20.1142,172.1,159.963,-2,20,7
2024-03-28T21:00:00Z,2024,88,21,9.54332e-13,1.06597e-12,360,486519,19.4919,8.41746,172.1,159.963,1,23,9
2024-03-28T22:00:00Z,2024,88,22,9.51668e-13,8.27508e-13,360,496606,-32.7793,22.7754,172.1,159.963,-1,23,9
2024-03-28T23:00:00Z,2024,88,23,9.50202e-13,1.00427e-12,360,490902,24.3785,19.7657,172.1,159.963,9,23,9
2024-03-29T00:00:00Z,2024,89,0,9.51789e-13,9.94833e-13,360,490021,1.38004,8.14262,166.8,160.772,9,17,6
2024-03-29T01:00:00Z,2024,89,1,9.46279e-13,8.20601e-13,360,498808,-26.5141,20.5767,166.8,160.772,4,17,6
2024-03-29T02:00:00Z,2024,89,2,9.54768e-13,1.08218e-12,360,486178,32.1192,18.5822,166.8,160.772,2,17,6
2024-03-29T03:00:00Z,2024,89,3,9.64561e-13,9.24249e-13,360,492616,-17.1271,7.90186,166.8,160.772,0,17,6
2024-03-29T04:00:00Z,2024,89,4,9.73753e-13,8.9099e-13,360,499361,-11.0644,20.1877,166.8,160.772,-2,17,6
2024-03-29T05:00:00Z,2024,89,5,9.98643e-13,1.15155e-12,360,484533,30.543,8.93102,166.8,160.772,-7,17,6
2024-03-29T06:00:00Z,2024,89,6,1.00924e-12,8.94703e-13,360,494443,-29.6189,7.47784,166.8,160.772,-9,17,6
2024-03-29T07:00:00Z,2024,89,7,1.02104e-12,1.04232e-12,360,496496,7.63896,20.0833,166.8,160.772,-9,17,6
2024-03-29T08:00:00Z,2024,89,8,1.00756e-12,1.0766e-12,360,486444,19.6719,8.38872,166.8,160.772,-3,17,6
2024-03-29T09:00:00Z,2024,89,9,1.01159e-12,9.04642e-13,360,496534,-32.7962,22.8667,166.8,160.772,-5,13,5
2024-03-29T10:00:00Z,2024,89,10,1.01579e-12,1.09292e-12,360,490998,24.2356,19.7378,166.8,160.772,-7,13,5
2024-03-29T11:00:00Z,2024,89,11,1.00915e-12,1.01808e-12,360,489915,1.59934,8.11141,166.8,160.772,-4,13,5
2024-03-29T12:00:00Z,2024,89,12,9.99615e-13,8.98692e-13,360,498665,-26.6383,20.5493,166.8,160.772,-7,13,5
2024-03-29T13:00:00Z,2024,89,13,9.953e-13,1.0916e-12,360,486267,32.0837,18.599,166.8,160.772,-9,13,5
2024-03-29T14:00:00Z,2024,89,14,1.01167e-12,1.00408e-12,360,492576,-16.9229,7.87426,166.8,160.772,-10,13,5
2024-03-29T15:00:00Z,2024,89,15,9.98135e-13,9.13339e-13,360,499351,-11.285,20.1581,166.8,160.772,-10,7,3
2024-03-29T16:00:00Z,2024,89,16,9.72535e-13,1.09761e-12,360,484612,30.6178,8.91503,166.8,160.772,-8,7,3
2024-03-29T17:00:00Z,2024,89,17,9.568e-13,8.95874e-13,360,494322,-29.5234,7.45501,166.8,160.772,-10,7,3
2024-03-29T18:00:00Z,2024,89,18,9.35238e-13,8.98985e-13,360,496604,7.4215,20.0526,166.8,160.772,-10,3,2
2024-03-29T19:00:00Z,2024,89,19,9.03278e-13,1.00439e-12,360,486462,19.8568,8.36026,166.8,160.772,-10,3,2
2024-03-29T20:00:00Z,2024,89,20,8.92628e-13,7.88678e-13,360,496325,-32.8083,22.9762,166.8,160.772,-8,3,2
2024-03-29T21:00:00Z,2024,89,21,8.85344e-13,9.38683e-13,360,491239,24.0928,19.71,166.8,160.772,-6,3,2
2024-03-29T22:00:00Z,2024,89,22,8.73816e-13,8.97643e-13,360,489756,1.82308,8.08006,166.8,160.772,-6,3,2
2024-03-29T23:00:00Z,2024,89,23,8.57712e-13,7.47489e-13,360,498561,-26.7641,20.5222,166.8,160.772,-6,3,2
2024-03-30T00:00:00Z,2024,90,0,8.50539e-13,9.72474e-13,360,486370,32.0468,18.6134,139.3,161.819,-5,0,0
2024-03-30T01:00:00Z,2024,90,1,8.4202e-13,7.91227e-13,360,492443,-16.7103,7.84647,139.3,161.819,-3,0,0
2024-03-30T02:00:00Z,2024,90,2,8.48686e-13,7.78277e-13,360,499313,-11.5075,20.1287,139.3,161.819,-3,0,0
2024-03-30T03:00:00Z,2024,90,3,8.44478e-13,9.90512e-13,360,484788,30.6962,8.89856,139.3,161.819,-1,0,0
2024-03-30T04:00:00Z,2024,90,4,8.47451e-13,7.51897e-13,360,494136,-29.4227,7.43134,139.3,161.819,-1,0,0
2024-03-30T05:00:00Z,2024,90,5,8.46984e-13,8.41626e-13,360,496758,7.20025,20.0216,139.3,161.819,2,0,0
2024-03-30T06:00:00Z,2024,90,6,8.42734e-13,9.33126e-13,360,486442,20.0432,8.33145,139.3,161.819,3,3,2
2024-03-30T07:00:00Z,2024,90,7,8.30651e-13,7.14742e-13,360,496214,-32.822,23.0975,139.3,161.819,4,3,2
2024-03-30T08:00:00Z,2024,90,8,8.27895e-13,9.00956e-13,360,491423,23.9433,19.6818,139.3,161.819,6,3,2
2024-03-30T09:00:00Z,2024,90,9,8.26281e-13,8.37641e-13,360,489625,2.04689,8.04917,139.3,161.819,3,7,3
2024-03-30T10:00:00Z,2024,90,10,8.237e-13,7.23248e-13,360,498475,-26.8899,20.495,139.3,161.819,0,7,3
2024-03-30T11:00:00Z,2024,90,11,8.35793e-13,9.38196e-13,360,486502,32.0092,18.6256,139.3,161.819,1,7,3
2024-03-30T12:00:00Z,2024,90,12,8.41449e-13,8.09338e-13,360,492293,-16.4954,7.81902,139.3,161.819,2,13,5
2024-03-30T13:00:00Z,2024,90,13,8.39915e-13,7.84098e-13,360,499281,-11.7342,20.0997,139.3,161.819,7,13,5
2024-03-30T14:00:00Z,2024,90,14,8.44228e-13,9.38436e-13,360,484846,30.7706,8.8839,139.3,161.819,8,13,5
2024-03-30T15:00:00Z,2024,90,15,8.57072e-13,7.87246e-13,360,494075,-29.3224,7.40905,139.3,161.819,7,17,6
2024-03-30T16:00:00Z,2024,90,16,8.66086e-13,8.68998e-13,360,496844,6.97419,19.9909,139.3,161.819,3,17,6
2024-03-30T17:00:00Z,2024,90,17,8.6595e-13,9.60234e-13,360,486456,20.2309,8.30334,139.3,161.819,4,17,6
2024-03-30T18:00:00Z,2024,90,18,8.55487e-13,7.46102e-13,360,496049,-32.8332,23.2364,139.3,161.819,4,10,4
2024-03-30T19:00:00Z,2024,90,19,8.54878e-13,8.87438e-13,360,491614,23.7916,19.6536,139.3,161.819,5,10,4
2024-03-30T20:00:00Z,2024,90,20,8.64593e-13,9.17043e-13,360,489572,2.27754,8.01788,139.3,161.819,5,10,4
2024-03-30T21:00:00Z,2024,90,21,8.73173e-13,7.54783e-13,360,498306,-27.0134,20.4687,139.3,161.819,4,17,6
2024-03-30T22:00:00Z,2024,90,22,8.7722e-13,9.87774e-13,360,486679,31.9705,18.637,139.3,161.819,8,17,6
2024-03-30T23:00:00Z,2024,90,23,8.79065e-13,8.48543e-13,360,492167,-16.277,7.79189,139.3,161.819,9,17,6
2024-03-31T00:00:00Z,2024,91,0,9.02859e-13,8.33248e-13,360,499171,-11.9621,20.0706,133.4,162.798,5,37,22
2024-03-31T01:00:00Z,2024,91,1,9.57735e-13,1.09498e-12,360,484996,30.8476,8.86889,133.4,162.798,-1,37,22
2024-03-31T02:00:00Z,2024,91,2,9.84137e-13,8.52214e-13,360,493867,-29.2143,7.38568,133.4,162.798,-9,37,22
2024-03-31T03:00:00Z,2024,91,3,9.80305e-13,1.01532e-12,360,496964,6.74639,19.9602,133.4,162.798,-12,20,7
2024-03-31T04:00:00Z,2024,91,4,9.67103e-13,1.05148e-12,360,486532,20.4234,8.27477,133.4,162.798,-7,20,7
2024-03-31T05:00:00Z,2024,91,5,9.67044e-13,8.50443e-13,360,495862,-32.8427,23.3932,133.4,162.798,-7,20,7
2024-03-31T06:00:00Z,2024,91,6,9.73154e-13,1.04144e-12,360,491827,23.636,19.6254,133.4,162.798,-9,23,9
2024-03-31T07:00:00Z,2024,91,7,9.96561e-13,1.02236e-12,360,489481,2.50999,7.98679,133.4,162.798,-17,23,9
2024-03-31T08:00:00Z,2024,91,8,1.00706e-12,8.99905e-13,360,498251,-27.1405,20.442,133.4,162.798,-15,23,9
2024-03-31T09:00:00Z,2024,91,9,9.93541e-13,1.09115e-12,360,486793,31.9277,18.6442,133.4,162.798,-14,13,5
2024-03-31T10:00:00Z,2024,91,10,9.67716e-13,9.50111e-13,360,492003,-16.0552,7.7651,133.4,162.798,-16,13,5
2024-03-31T11:00:00Z,2024,91,11,9.64581e-13,9.09856e-13,360,499144,-12.1937,20.0421,133.4,162.798,-16,13,5
2024-03-31T12:00:00Z,2024,91,12,9.62939e-13,1.03999e-12,360,485046,30.9216,8.85401,133.4,162.798,-16,10,4
2024-03-31T13:00:00Z,2024,91,13,9.47264e-13,9.08787e-13,360,493777,-29.1071,7.36346,133.4,162.798,-17,10,4
2024-03-31T14:00:00Z,2024,91,14,9.16272e-13,9.00498e-13,360,497024,6.51114,19.9294,133.4,162.798,-17,10,4
2024-03-31T15:00:00Z,2024,91,15,9.09406e-13,9.85565e-13,360,486537,20.6126,8.24704,133.4,162.798,-13,13,5
2024-03-31T16:00:00Z,2024,91,16,8.9071e-13,7.93981e-13,360,495783,-32.8538,23.5701,133.4,162.798,-13,13,5
2024-03-31T17:00:00Z,2024,91,17,8.70755e-13,9.16354e-13,360,491970,23.4753,19.5973,133.4,162.798,-15,13,5
2024-03-31T18:00:00Z,2024,91,18,8.45694e-13,8.741e-13,360,489434,2.74563,7.95588,133.4,162.798,-13,10,4
2024-03-31T19:00:00Z,2024,91,19,8.26285e-13,7.32343e-13,360,498104,-27.2662,20.4163,133.4,162.798,-9,10,4
2024-03-31T20:00:00Z,2024,91,20,8.17177e-13,9.20732e-13,360,487018,31.8861,18.6504,133.4,162.798,-4,10,4
2024-03-31T21:00:00Z,2024,91,21,8.22935e-13,7.88182e-13,360,491837,-15.8274,7.73822,133.4,162.798,-5,23,9
2024-03-31T22:00:00Z,2024,91,22,8.28737e-13,7.66071e-13,360,499073,-12.4256,20.0139,133.4,162.798,-9,23,9
2024-03-31T23:00:00Z,2024,91,23,8.26001e-13,9.38941e-13,360,485151,30.9962,8.84092,133.4,162.798,-11,23,9
2024-04-01T00:00:00Z,2024,92,0,8.22083e-13,7.32515e-13,360,493586,-28.9943,7.34089,120.3,163.647,-4,17,6
2024-04-01T01:00:00Z,2024,92,1,8.23185e-13,8.15656e-13,360,497050,6.27503,19.8986,120.3,163.647,-5,17,6
2024-04-01T02:00:00Z,2024,92,2,8.16064e-13,9.3e-13,360,486691,20.8103,8.21842,120.3,163.647,-9,17,6
2024-04-01T03:00:00Z,2024,92,3,8.14455e-13,6.76993e-13,360,495502,-32.8582,23.7705,120.3,163.647,-10,33,18
2024-04-01T04:00:00Z,2024,92,4,8.50553e-13,9.18857e-13,360,492229,23.313,19.569,120.3,163.647,-17,33,18
2024-04-01T05:00:00Z,2024,92,5,8.70805e-13,8.98849e-13,360,489391,2.98682,7.92456,120.3,163.647,-19,33,18
2024-04-01T06:00:00Z,2024,92,6,8.94706e-13,8.00891e-13,360,497982,-27.3925,20.3904,120.3,163.647,-22,37,22
2024-04-01T07:00:00Z,2024,92,7,9.32641e-13,9.89771e-13,360,487192,31.8404,18.6546,120.3,163.647,-33,37,22
2024-04-01T08:00:00Z,2024,92,8,9.275e-13,9.33698e-13,360,491724,-15.5986,7.71221,120.3,163.647,-30,37,22
2024-04-01T09:00:00Z,2024,92,9,8.87997e-13,8.41782e-13,360,499092,-12.6627,19.986,120.3,163.647,-26,17,6
2024-04-01T10:00:00Z,2024,92,10,8.98968e-13,9.79757e-13,360,485142,31.0672,8.82855,120.3,163.647,-23,17,6
2024-04-01T11:00:00Z,2024,92,11,9.11806e-13,8.40005e-13,360,493455,-28.8808,7.31796,120.3,163.647,-20,17,6
2024-04-01T12:00:00Z,2024,92,12,9.38436e-13,9.80824e-13,360,497060,6.03458,19.8679,120.3,163.647,-17,17,6
2024-04-01T13:00:00Z,2024,92,13,9.33974e-13,9.72399e-13,360,486692,21.0035,8.19025,120.3,163.647,-18,17,6
2024-04-01T14:00:00Z,2024,92,14,9.14778e-13,8.211e-13,360,495469,-32.8679,23.9911,120.3,163.647,-16,17,6
2024-04-01T15:00:00Z,2024,92,15,8.82343e-13,9.4759e-13,360,492288,23.1414,19.5407,120.3,163.647,-11,20,7
2024-04-01T16:00:00Z,2024,92,16,8.49319e-13,8.59321e-13,360,489416,3.22886,7.89393,120.3,163.647,-9,20,7
2024-04-01T17:00:00Z,2024,92,17,8.30841e-13,7.53913e-13,360,497871,-27.5204,20.3652,120.3,163.647,-10,20,7
2024-04-01T18:00:00Z,2024,92,18,7.93325e-13,8.89412e-13,360,487346,31.7925,18.6566,120.3,163.647,-14,23,9
2024-04-01T19:00:00Z,2024,92,19,7.80417e-13,7.42778e-13,360,491644,-15.3633,7.68664,120.3,163.647,-12,23,9
2024-04-01T20:00:00Z,2024,92,20,8.07222e-13,7.56071e-13,360,499004,-12.8995,19.9592,120.3,163.647,-12,23,9
2024-04-01T21:00:00Z,2024,92,21,8.10874e-13,9.06457e-13,360,485326,31.1418,8.81647,120.3,163.647,-9,13,5
2024-04-01T22:00:00Z,2024,92,22,8.02942e-13,7.3536e-13,360,493215,-28.7621,7.29488,120.3,163.647,-7,13,5
2024-04-01T23:00:00Z,2024,92,23,7.87267e-13,7.70249e-13,360,497085,5.79226,19.837,120.3,163.647,-7,13,5
2024-04-02T00:00:00Z,2024,93,0,7.69402e-13,8.68471e-13,360,486740,21.1995,8.16192,112.7,164.39,-9,10,4
2024-04-02T01:00:00Z,2024,93,1,7.52597e-13,6.38138e-13,360,495211,-32.8705,0.23725,112.7,164.39,-13,10,4
2024-04-02T02:00:00Z,2024,93,2,7.50417e-13,8.10339e-13,360,492501,22.97,19.5128,112.7,164.39,-16,10,4
2024-04-02T03:00:00Z,2024,93,3,7.40798e-13,7.65108e-13,360,489414,3.4803,7.86253,112.7,164.39,-21,17,6
2024-04-02T04:00:00Z,2024,93,4,7.36423e-13,6.39434e-13,360,497706,-27.6471,20.34,112.7,164.39,-18,17,6
2024-04-02T05:00:00Z,2024,93,5,7.40964e-13,8.46742e-13,360,487562,31.7432,18.6582,112.7,164.39,-18,17,6
2024-04-02T06:00:00Z,2024,93,6,7.25465e-13,6.7149e-13,360,491530,-15.1223,7.66204,112.7,164.39,-17,13,5
2024-04-02T07:00:00Z,2024,93,7,7.21315e-13,6.9296e-13,360,499014,-13.1436,19.9332,112.7,164.39,-13,13,5
2024-04-02T08:00:00Z,2024,93,8,7.16276e-13,7.9289e-13,360,485369,31.2122,8.80717,112.7,164.39,-10,13,5
2024-04-02T09:00:00Z,2024,93,9,7.29686e-13,6.50958e-13,360,493113,-28.6447,7.2721,112.7,164.39,-7,27,12
2024-04-02T10:00:00Z,2024,93,10,7.78936e-13,8.35978e-13,360,497104,5.54604,19.806,112.7,164.39,-10,27,12
2024-04-02T11:00:00Z,2024,93,11,7.92521e-13,8.36518e-13,360,486747,21.395,8.13322,112.7,164.39,-14,27,12
2024-04-02T12:00:00Z,2024,93,12,7.66897e-13,6.74255e-13,360,495038,-32.8737,0.504602,112.7,164.39,-9,20,7
2024-04-02T13:00:00Z,2024,93,13,7.58394e-13,7.99324e-13,360,492575,22.7897,19.4852,112.7,164.39,-3,20,7
2024-04-02T14:00:00Z,2024,93,14,7.54943e-13,7.75984e-13,360,489435,3.73113,7.83208,112.7,164.39,-4,20,7
2024-04-02T15:00:00Z,2024,93,15,7.41441e-13,6.64159e-13,360,497616,-27.7781,20.3151,112.7,164.39,-7,20,7
2024-04-02T16:00:00Z,2024,93,16,7.24736e-13,8.04588e-13,360,487696,31.6893,18.6578,112.7,164.39,-8,20,7
2024-04-02T17:00:00Z,2024,93,17,7.15179e-13,6.93549e-13,360,491476,-14.8773,7.63898,112.7,164.39,-9,20,7
2024-04-02T18:00:00Z,2024,93,18,7.16944e-13,6.80602e-13,360,498952,-13.3902,19.9088,112.7,164.39,-11,17,6
2024-04-02T19:00:00Z,2024,93,19,6.94289e-13,7.73222e-13,360,485524,31.2846,8.79929,112.7,164.39,-12,17,6
2024-04-02T20:00:00Z,2024,93,20,6.62385e-13,5.91066e-13,360,492920,-28.5202,7.24788,112.7,164.39,-9,17,6
2024-04-02T21:00:00Z,2024,93,21,6.58133e-13,6.53258e-13,360,497196,5.30051,19.7751,112.7,164.39,-4,10,4
2024-04-02T22:00:00Z,2024,93,22,6.6031e-13,7.39104e-13,360,486729,21.5914,8.10472,112.7,164.39,-2,10,4
2024-04-02T23:00:00Z,2024,93,23,6.58818e-13,5.69852e-13,360,494869,-32.8755,0.792709,112.7,164.39,0,10,4
2024-04-03T00:00:00Z,2024,94,0,6.59483e-13,6.98601e-13,360,492654,22.6067,19.4574,111.7,165.012,-1,27,12
2024-04-03T01:00:00Z,2024,94,1,6.61381e-13,6.82766e-13,360,489440,3.98914,7.80108,111.7,165.012,-8,27,12
2024-04-03T02:00:00Z,2024,94,2,6.56084e-13,5.78299e-13,360,497417,-27.9056,20.2907,111.7,165.012,-10,27,12
2024-04-03T03:00:00Z,2024,94,3,6.52208e-13,7.43059e-13,360,487951,31.6358,18.6574,111.7,165.012,-9,23,9
2024-04-03T04:00:00Z,2024,94,4,6.52319e-13,6.10159e-13,360,491374,-14.6249,7.61708,111.7,165.012,-11,23,9
2024-04-03T05:00:00Z,2024,94,5,6.45282e-13,5.992e-13,360,498930,-13.6406,19.8862,111.7,165.012,-10,23,9
2024-04-03T06:00:00Z,2024,94,6,6.49356e-13,7.39893e-13,360,485629,31.3552,8.79232,111.7,165.012,-12,13,5
2024-04-03T07:00:00Z,2024,94,7,6.53843e-13,5.8756e-13,360,492810,-28.3951,7.2244,111.7,165.012,-9,13,5
2024-04-03T08:00:00Z,2024,94,8,6.54022e-13,6.78244e-13,360,497303,5.04883,19.744,111.7,165.012,-9,13,5
2024-04-03T09:00:00Z,2024,94,9,6.4372e-13,6.7956e-13,360,486679,21.7852,8.07679,111.7,165.012,-8,7,3
2024-04-03T10:00:00Z,2024,94,10,6.40314e-13,5.69829e-13,360,494708,-32.8758,1.09803,111.7,165.012,-8,7,3
2024-04-03T11:00:00Z,2024,94,11,6.32149e-13,6.83698e-13,360,492767,22.4218,19.4297,111.7,165.012,-6,7,3
2024-04-03T12:00:00Z,2024,94,12,6.19483e-13,6.14217e-13,360,489391,4.2475,7.7701,111.7,165.012,-2,17,6
2024-04-03T13:00:00Z,2024,94,13,6.19274e-13,5.65924e-13,360,497288,-28.0355,20.2658,111.7,165.012,-1,17,6
2024-04-03T14:00:00Z,2024,94,14,6.24137e-13,6.89687e-13,360,488062,31.576,18.6547,111.7,165.012,-5,17,6
2024-04-03T15:00:00Z,2024,94,15,6.2493e-13,6.04784e-13,360,491377,-14.3707,7.59818,111.7,165.012,-11,17,6
2024-04-03T16:00:00Z,2024,94,16,6.05812e-13,5.59828e-13,360,498876,-13.8943,19.8663,111.7,165.012,-11,17,6
2024-04-03T17:00:00Z,2024,94,17,5.96117e-13,6.80544e-13,360,485754,31.425,8.78841,111.7,165.012,-10,17,6
2024-04-03T18:00:00Z,2024,94,18,5.81999e-13,5.22876e-13,360,492669,-28.2654,7.20022,111.7,165.012,-8,7,3
2024-04-03T19:00:00Z,2024,94,19,5.72446e-13,5.72688e-13,360,497367,4.79579,19.7131,111.7,165.012,-9,7,3
2024-04-03T20:00:00Z,2024,94,20,5.61962e-13,6.19719e-13,360,486779,21.9838,8.04852,111.7,165.012,-7,7,3
2024-04-03T21:00:00Z,2024,94,21,5.6676e-13,4.96167e-13,360,494461,-32.8719,1.41799,111.7,165.012,-2,3,2
2024-04-03T22:00:00Z,2024,94,22,5.65208e-13,6.03703e-13,360,492924,22.2336,19.4022,111.7,165.012,1,3,2
2024-04-03T23:00:00Z,2024,94,23,5.586e-13,5.77113e-13,360,489363,4.50703,7.73936,111.7,165.012,3,3,2
2024-04-04T00:00:00Z,2024,95,0,5.42089e-13,4.69436e-13,360,497056,-28.1625,20.2413,113.8,165.696,3,0,0
2024-04-04T01:00:00Z,2024,95,1,5.34542e-13,6.23462e-13,360,488268,31.5165,18.652,113.8,165.696,3,0,0
2024-04-04T02:00:00Z,2024,95,2,5.25937e-13,4.77329e-13,360,491305,-14.1083,7.57991,113.8,165.696,3,0,0
2024-04-04T03:00:00Z,2024,95,3,5.29465e-13,4.92384e-13,360,498795,-14.1487,19.8483,113.8,165.696,2,7,3
2024-04-04T04:00:00Z,2024,95,4,5.37379e-13,6.25544e-13,360,485953,31.4959,8.78532,113.8,165.696,6,7,3
2024-04-04T05:00:00Z,2024,95,5,5.36725e-13,4.60154e-13,360,492519,-28.1325,7.17567,113.8,165.696,13,7,3
2024-04-04T06:00:00Z,2024,95,6,5.53502e-13,5.89734e-13,360,497465,4.53977,19.682,113.8,165.696,18,20,7
2024-04-04T07:00:00Z,2024,95,7,5.72437e-13,5.94508e-13,360,486794,22.1798,8.02073,113.8,165.696,17,20,7
2024-04-04T08:00:00Z,2024,95,8,6.08206e-13,5.49519e-13,360,494351,-32.8699,1.7448,113.8,165.696,12,20,7
2024-04-04T09:00:00Z,2024,95,9,6.18807e-13,6.66728e-13,360,493053,22.042,19.3738,113.8,165.696,11,27,12
2024-04-04T10:00:00Z,2024,95,10,6.29304e-13,6.24554e-13,360,489286,4.76737,7.70849,113.8,165.696,11,27,12
2024-04-04T11:00:00Z,2024,95,11,6.54546e-13,6.02637e-13,360,496906,-28.2888,20.2169,113.8,165.696,4,27,12
2024-04-04T12:00:00Z,2024,95,12,6.75032e-13,7.11516e-13,360,488380,31.453,18.6488,113.8,165.696,-4,27,12
2024-04-04T13:00:00Z,2024,95,13,6.83191e-13,6.95223e-13,360,491283,-13.8473,7.56144,113.8,165.696,-12,27,12
2024-04-04T14:00:00Z,2024,95,14,6.61144e-13,6.17813e-13,360,498748,-14.4068,19.8298,113.8,165.696,-15,27,12
2024-04-04T15:00:00Z,2024,95,15,6.50673e-13,7.09093e-13,360,486029,31.5615,8.78535,113.8,165.696,-18,30,15
2024-04-04T16:00:00Z,2024,95,16,6.59192e-13,6.3312e-13,360,492467,-27.999,7.15141,113.8,165.696,-18,30,15
2024-04-04T17:00:00Z,2024,95,17,6.63445e-13,6.49109e-13,360,497507,4.28181,19.6511,113.8,165.696,-21,30,15
2024-04-04T18:00:00Z,2024,95,18,6.69391e-13,7.32861e-13,360,486858,22.3761,7.99324,113.8,165.696,-13,30,15
2024-04-04T19:00:00Z,2024,95,19,6.75002e-13,5.9139e-13,360,494157,-32.8636,2.07615,113.8,165.696,-13,30,15
2024-04-04T20:00:00Z,2024,95,20,6.99241e-13,7.25822e-13,360,493232,21.85,19.3459,113.8,165.696,-12,30,15
2024-04-04T21:00:00Z,2024,95,21,7.22012e-13,7.58378e-13,360,489252,5.03108,7.67724,113.8,165.696,-13,33,18
2024-04-04T22:00:00Z,2024,95,22,7.22423e-13,6.57954e-13,360,496693,-28.4128,20.1926,113.8,165.696,-16,33,18
2024-04-04T23:00:00Z,2024,95,23,7.13419e-13,7.84518e-13,360,488528,31.3881,18.643,113.8,165.696,-18,33,18
2024-04-05T00:00:00Z,2024,96,0,7.10753e-13,6.72736e-13,360,491218,-13.5808,7.54029,120.6,166.256,-15,20,7
2024-04-05T01:00:00Z,2024,96,1,7.07617e-13,6.7821e-13,360,498572,-14.6631,19.8094,120.6,166.256,-14,20,7
2024-04-05T02:00:00Z,2024,96,2,7.18791e-13,7.9968e-13,360,486311,31.6321,8.78511,120.6,166.256,-12,20,7
2024-04-05T03:00:00Z,2024,96,3,7.2427e-13,6.30054e-13,360,492265,-27.8573,7.12615,120.6,166.256,-15,33,18
2024-04-05T04:00:00Z,2024,96,4,7.64592e-13,8.33927e-13,360,497584,4.0218,19.6199,120.6,166.256,-19,33,18
2024-04-05T05:00:00Z,2024,96,5,7.54186e-13,7.69088e-13,360,486952,22.5743,7.96533,120.6,166.256,-12,33,18
2024-04-05T06:00:00Z,2024,96,6,7.34193e-13,6.80302e-13,360,493985,-32.8561,2.40274,120.6,166.256,-12,27,12
2024-04-05T07:00:00Z,2024,96,7,7.11987e-13,7.49852e-13,360,493392,21.652,19.3176,120.6,166.256,-12,27,12
2024-04-05T08:00:00Z,2024,96,8,7.16372e-13,7.00113e-13,360,489198,5.29401,7.6465,120.6,166.256,-15,27,12
2024-04-05T09:00:00Z,2024,96,9,7.28825e-13,6.77071e-13,360,496589,-28.5386,20.1682,120.6,166.256,-19,27,12
2024-04-05T10:00:00Z,2024,96,10,7.34615e-13,8.08885e-13,360,488600,31.3192,18.6373,120.6,166.256,-18,27,12
2024-04-05T11:00:00Z,2024,96,11,7.30951e-13,6.98489e-13,360,491166,-13.3142,7.51681,120.6,166.256,-16,27,12
2024-04-05T12:00:00Z,2024,96,12,7.41969e-13,7.21451e-13,360,498456,-14.9221,19.7871,120.6,166.256,-13,20,7
2024-04-05T13:00:00Z,2024,96,13,7.31933e-13,7.894e-13,360,486366,31.6953,8.78821,120.6,166.256,-16,20,7
2024-04-05T14:00:00Z,2024,96,14,7.32526e-13,6.86661e-13,360,492306,-27.719,7.10227,120.6,166.256,-17,20,7
2024-04-05T15:00:00Z,2024,96,15,7.2786e-13,7.30302e-13,360,497564,3.75527,19.589,120.6,166.256,-19,23,9
2024-04-05T16:00:00Z,2024,96,16,7.17304e-13,7.65577e-13,360,487028,22.77,7.93837,120.6,166.256,-22,23,9
2024-04-05T17:00:00Z,2024,96,17,7.06454e-13,6.41717e-13,360,493864,-32.8481,2.71955,120.6,166.256,-18,23,9
2024-04-05T18:00:00Z,2024,96,18,7.02462e-13,7.32929e-13,360,493497,21.4502,19.2894,120.6,166.256,-16,23,9
2024-04-05T19:00:00Z,2024,96,19,6.92591e-13,7.11771e-13,360,489246,5.56189,7.61553,120.6,166.256,-20,23,9
2024-04-05T20:00:00Z,2024,96,20,6.93496e-13,6.31293e-13,360,496354,-28.6599,20.1453,120.6,166.256,-19,23,9
2024-04-05T21:00:00Z,2024,96,21,6.89438e-13,7.62232e-13,360,488816,31.2516,18.6304,120.6,166.256,-18,23,9
2024-04-05T22:00:00Z,2024,96,22,6.92429e-13,6.58016e-13,360,491056,-13.0442,7.4921,120.6,166.256,-23,23,9
2024-04-05T23:00:00Z,2024,96,23,6.88838e-13,6.47564e-13,360,498287,-15.1798,19.7631,120.6,166.256,-23,23,9
2024-04-06T00:00:00Z,2024,97,0,7.15115e-13,7.96842e-13,360,486528,31.7602,8.79241,123.1,166.685,-19,30,15
2024-04-06T01:00:00Z,2024,97,1,7.50065e-13,6.90075e-13,360,492137,-27.5705,7.0775,123.1,166.685,-18,30,15
2024-04-06T02:00:00Z,2024,97,2,7.43268e-13,7.57909e-13,360,497581,3.48911,19.5581,123.1,166.685,-19,30,15
2024-04-06T03:00:00Z,2024,97,3,7.38795e-13,7.89515e-13,360,487197,22.9716,7.9106,123.1,166.685,-20,27,12
2024-04-06T04:00:00Z,2024,97,4,7.35708e-13,6.58661e-13,360,493652,-32.8356,3.02242,123.1,166.685,-19,27,12
2024-04-06T05:00:00Z,2024,97,5,7.45606e-13,7.965e-13,360,493671,21.2446,19.261,123.1,166.685,-20,27,12
2024-04-06T06:00:00Z,2024,97,6,7.50232e-13,7.42259e-13,360,489231,5.83253,7.58457,123.1,166.685,-25,30,15
2024-04-06T07:00:00Z,2024,97,7,7.79083e-13,7.34951e-13,360,496252,-28.7844,20.122,123.1,166.685,-27,30,15
2024-04-06T08:00:00Z,2024,97,8,7.77516e-13,8.44279e-13,360,488931,31.1776,18.6213,123.1,166.685,-22,30,15
2024-04-06T09:00:00Z,2024,97,9,7.6697e-13,7.28216e-13,360,490978,-12.7753,7.4661,123.1,166.685,-13,17,6
2024-04-06T10:00:00Z,2024,97,10,7.50789e-13,7.25215e-13,360,498173,-15.4392,19.7383,123.1,166.685,-14,17,6
2024-04-06T11:00:00Z,2024,97,11,7.38589e-13,8.05699e-13,360,486605,31.822,8.79795,123.1,166.685,-15,17,6
2024-04-06T12:00:00Z,2024,97,12,7.42197e-13,6.89189e-13,360,492057,-27.422,7.05355,123.1,166.685,-14,20,7
2024-04-06T13:00:00Z,2024,97,13,7.44104e-13,7.58989e-13,360,497542,3.2151,19.5271,123.1,166.685,-13,20,7
2024-04-06T14:00:00Z,2024,97,14,7.47596e-13,7.92469e-13,360,487254,23.1684,7.88391,123.1,166.685,-13,20,7
2024-04-06T15:00:00Z,2024,97,15,7.36465e-13,6.62508e-13,360,493598,-32.8252,3.31024,123.1,166.685,-15,13,5
2024-04-06T16:00:00Z,2024,97,16,7.143e-13,7.55402e-13,360,493746,21.0322,19.2327,123.1,166.685,-16,13,5
2024-04-06T17:00:00Z,2024,97,17,7.00113e-13,7.11889e-13,360,489271,6.10623,7.55401,123.1,166.685,-17,13,5
2024-04-06T18:00:00Z,2024,97,18,6.83816e-13,6.20362e-13,360,496071,-28.9071,20.1,123.1,166.685,-20,17,6
2024-04-06T19:00:00Z,2024,97,19,6.79752e-13,7.66761e-13,360,489123,31.1035,18.6116,123.1,166.685,-21,17,6
2024-04-06T20:00:00Z,2024,97,20,6.77293e-13,6.20893e-13,360,490913,-12.4995,7.43885,123.1,166.685,-19,17,6
2024-04-06T21:00:00Z,2024,97,21,6.73437e-13,6.50645e-13,360,498033,-15.696,19.7127,123.1,166.685,-13,20,7
2024-04-06T22:00:00Z,2024,97,22,6.68472e-13,7.49069e-13,360,486702,31.8829,8.80748,123.1,166.685,-11,20,7
2024-04-06T23:00:00Z,2024,97,23,6.55361e-13,5.77475e-13,360,491952,-27.2695,7.02929,123.1,166.685,-11,20,7
2024-04-07T00:00:00Z,2024,98,0,6.58646e-13,6.82051e-13,360,497464,2.93974,19.4961,124.9,167.184,-9,13,5
2024-04-07T01:00:00Z,2024,98,1,6.59574e-13,7.1274e-13,360,487405,23.3705,7.85635,124.9,167.184,-6,13,5
2024-04-07T02:00:00Z,2024,98,2,6.68128e-13,5.86936e-13,360,493366,-32.8077,3.57458,124.9,167.184,-5,13,5
2024-04-07T03:00:00Z,2024,98,3,6.76233e-13,7.21473e-13,360,493926,20.8167,19.2045,124.9,167.184,-8,13,5
2024-04-07T04:00:00Z,2024,98,4,6.85328e-13,6.89036e-13,360,489291,6.38589,7.52294,124.9,167.184,-8,13,5
2024-04-07T05:00:00Z,2024,98,5,6.94128e-13,6.45345e-13,360,495919,-29.03,20.0778,124.9,167.184,-7,13,5
2024-04-07T06:00:00Z,2024,98,6,6.78617e-13,7.47927e-13,360,489281,31.0246,18.6013,124.9,167.184,-8,7,3
2024-04-07T07:00:00Z,2024,98,7,6.70428e-13,6.3707e-13,360,490865,-12.2226,7.41131,124.9,167.184,-7,7,3
2024-04-07T08:00:00Z,2024,98,8,6.57512e-13,6.22205e-13,360,498004,-15.9582,19.6865,124.9,167.184,-5,7,3
2024-04-07T09:00:00Z,2024,98,9,6.56662e-13,7.30982e-13,360,486725,31.9399,8.82047,124.9,167.184,-1,13,5
2024-04-07T10:00:00Z,2024,98,10,6.52926e-13,5.80272e-13,360,491844,-27.1138,7.00478,124.9,167.184,-1,13,5
2024-04-07T11:00:00Z,2024,98,11,6.56098e-13,6.97452e-13,360,497414,2.66225,19.4652,124.9,167.184,1,13,5
2024-04-07T12:00:00Z,2024,98,12,6.53262e-13,6.80175e-13,360,487449,23.5698,7.82897,124.9,167.184,0,20,7
2024-04-07T13:00:00Z,2024,98,13,6.46923e-13,5.73319e-13,360,493282,-32.7919,3.82143,124.9,167.184,-3,20,7
2024-04-07T14:00:00Z,2024,98,14,6.46893e-13,7.11091e-13,360,493967,20.5921,19.1764,124.9,167.184,-4,20,7
2024-04-07T15:00:00Z,2024,98,15,6.3674e-13,6.19078e-13,360,489370,6.66744,7.49275,124.9,167.184,-9,23,9
2024-04-07T16:00:00Z,2024,98,16,6.33466e-13,5.83913e-13,360,495773,-29.1532,20.0568,124.9,167.184,-13,23,9
2024-04-07T17:00:00Z,2024,98,17,6.29599e-13,7.06518e-13,360,489434,30.9428,18.5895,124.9,167.184,-17,23,9
2024-04-07T18:00:00Z,2024,98,18,6.37501e-13,5.89187e-13,360,490835,-11.941,7.38323,124.9,167.184,-17,17,6
2024-04-07T19:00:00Z,2024,98,19,6.57429e-13,6.39407e-13,360,497873,-16.2188,19.6603,124.9,167.184,-21,17,6
2024-04-07T20:00:00Z,2024,98,20,6.58023e-13,7.29917e-13,360,486936,32,8.83725,124.9,167.184,-21,17,6
2024-04-07T21:00:00Z,2024,98,21,6.58803e-13,6.0604e-13,360,491655,-26.9528,6.97969,124.9,167.184,-20,20,7
2024-04-07T22:00:00Z,2024,98,22,6.54116e-13,6.54002e-13,360,497420,2.38215,19.4342,124.9,167.184,-20,20,7
2024-04-07T23:00:00Z,2024,98,23,6.51261e-13,7.07323e-13,360,487494,23.7678,7.80176,124.9,167.184,-18,20,7
2024-04-08T00:00:00Z,2024,99,0,6.47072e-13,5.67117e-13,360,493077,-32.7711,4.04311,125.2,167.6,-17,23,9
2024-04-08T01:00:00Z,2024,99,1,6.61817e-13,7.1966e-13,360,494081,20.3656,19.1483,125.2,167.6,-13,23,9
2024-04-08T02:00:00Z,2024,99,2,6.67135e-13,6.55921e-13,360,489446,6.95574,7.46165,125.2,167.6,-8,23,9
2024-04-08T03:00:00Z,2024,99,3,6.84188e-13,6.26823e-13,360,495577,-29.2741,20.036,125.2,167.6,-8,27,12
2024-04-08T04:00:00Z,2024,99,4,7.09539e-13,7.93376e-13,360,489646,30.8591,18.5773,125.2,167.6,-6,27,12
2024-04-08T05:00:00Z,2024,99,5,7.27996e-13,6.66399e-13,360,490785,-11.6564,7.35444,125.2,167.6,-10,27,12
2024-04-08T06:00:00Z,2024,99,6,7.65099e-13,7.74015e-13,360,497815,-16.4815,19.6335,125.2,167.6,-21,33,18
2024-04-08T07:00:00Z,2024,99,7,7.74549e-13,8.20845e-13,360,487028,32.0552,8.85862,125.2,167.6,-23,33,18
2024-04-08T08:00:00Z,2024,99,8,7.61531e-13,7.03114e-13,360,491585,-26.7923,6.95468,125.2,167.6,-16,33,18
2024-04-08T09:00:00Z,2024,99,9,7.38142e-13,7.72788e-13,360,497423,2.10048,19.4028,125.2,167.6,-8,13,5
2024-04-08T10:00:00Z,2024,99,10,7.44871e-13,7.61935e-13,360,487528,23.9649,7.77447,125.2,167.6,-13,13,5
2024-04-08T11:00:00Z,2024,99,11,7.47845e-13,6.88982e-13,360,492907,-32.7486,4.24102,125.2,167.6,-15,13,5
2024-04-08T12:00:00Z,2024,99,12,7.46832e-13,8.09239e-13,360,494126,20.1339,19.1206,125.2,167.6,-13,3,2
2024-04-08T13:00:00Z,2024,99,13,7.57831e-13,7.49832e-13,360,489493,7.24284,7.43148,125.2,167.6,-12,3,2
2024-04-08T14:00:00Z,2024,99,14,7.327e-13,6.66908e-13,360,495469,-29.397,20.0153,125.2,167.6,-11,3,2
2024-04-08T15:00:00Z,2024,99,15,7.14562e-13,8.0164e-13,360,489744,30.7698,18.5641,125.2,167.6,-12,13,5
2024-04-08T16:00:00Z,2024,99,16,7.00889e-13,6.47902e-13,360,490806,-11.3706,7.32587,125.2,167.6,-13,13,5
2024-04-08T17:00:00Z,2024,99,17,6.7261e-13,6.46379e-13,360,497696,-16.7436,19.6068,125.2,167.6,-14,13,5
2024-04-08T18:00:00Z,2024,99,18,6.70083e-13,7.57253e-13,360,487178,32.1103,8.88502,125.2,167.6,-14,3,2
2024-04-08T19:00:00Z,2024,99,19,6.65241e-13,5.9066e-13,360,491470,-26.6251,6.92915,125.2,167.6,-14,3,2
2024-04-08T20:00:00Z,2024,99,20,6.57708e-13,6.72131e-13,360,497419,1.81882,19.3718,125.2,167.6,-14,3,2
2024-04-08T21:00:00Z,2024,99,21,6.57829e-13,7.19077e-13,360,487606,24.1629,7.747,125.2,167.6,-11,0,0
2024-04-08T22:00:00Z,2024,99,22,6.39327e-13,5.52544e-13,360,492723,-32.7235,4.4183,125.2,167.6,-9,0,0
2024-04-08T23:00:00Z,2024,99,23,6.30196e-13,6.75638e-13,360,494163,19.8988,19.0927,125.2,167.6,-6,0,0
2024-04-09T00:00:00Z,2024,100,0,6.30948e-13,6.38859e-13,360,489562,7.53556,7.40091,124.8,167.968,-2,3,2
2024-04-09T01:00:00Z,2024,100,1,6.24529e-13,5.60653e-13,360,495198,-29.5151,19.9954,124.8,167.968,1,3,2
2024-04-09T02:00:00Z,2024,100,2,6.28089e-13,7.15731e-13,360,490005,30.6815,18.551,124.8,167.968,0,3,2
2024-04-09T03:00:00Z,2024,100,3,6.38133e-13,5.87001e-13,360,490777,-11.0776,7.2963,124.8,167.968,-3,23,9
2024-04-09T04:00:00Z,2024,100,4,6.49867e-13,6.24363e-13,360,497575,-17.0061,19.5796,124.8,167.968,0,23,9
2024-04-09T05:00:00Z,2024,100,5,6.48427e-13,7.26251e-13,360,487349,32.1643,8.91571,124.8,167.968,3,23,9
2024-04-09T06:00:00Z,2024,100,6,6.57439e-13,5.59609e-13,360,491380,-26.4554,6.90354,124.8,167.968,-1,33,18
2024-04-09T07:00:00Z,2024,100,7,7.09421e-13,7.82859e-13,360,497450,1.53231,19.3404,124.8,167.968,-13,33,18
2024-04-09T08:00:00Z,2024,100,8,7.05814e-13,7.08519e-13,360,487615,24.357,7.72037,124.8,167.968,-18,33,18
2024-04-09T09:00:00Z,2024,100,9,7.15051e-13,6.63359e-13,360,492598,-32.6979,4.5759,124.8,167.968,-12,17,6
2024-04-09T10:00:00Z,2024,100,10,7.45195e-13,8.22097e-13,360,494202,19.6593,19.0649,124.8,167.968,-8,17,6
2024-04-09T11:00:00Z,2024,100,11,7.8507e-13,7.43022e-13,360,489589,7.82753,7.3702,124.8,167.968,-10,17,6
2024-04-09T12:00:00Z,2024,100,12,7.85719e-13,7.39746e-13,360,495047,-29.6349,19.9754,124.8,167.968,-11,23,9
2024-04-09T13:00:00Z,2024,100,13,7.67033e-13,8.62775e-13,360,490059,30.5846,18.5372,124.8,167.968,-10,23,9
2024-04-09T14:00:00Z,2024,100,14,7.6041e-13,6.89333e-13,360,490878,-10.788,7.26746,124.8,167.968,-5,23,9
2024-04-09T15:00:00Z,2024,100,15,7.56239e-13,7.3522e-13,360,497464,-17.2713,19.5525,124.8,167.968,-5,17,6
2024-04-09T16:00:00Z,2024,100,16,7.49538e-13,8.38487e-13,360,487455,32.2142,8.95351,124.8,167.968,-7,17,6
2024-04-09T17:00:00Z,2024,100,17,7.42088e-13,6.61075e-13,360,491342,-26.2831,6.87797,124.8,167.968,-7,17,6
2024-04-09T18:00:00Z,2024,100,18,7.54117e-13,7.92883e-13,360,497400,1.24402,19.3094,124.8,167.968,-6,20,7
2024-04-09T19:00:00Z,2024,100,19,7.51098e-13,7.7582e-13,360,487767,24.5537,7.69368,124.8,167.968,-9,20,7
2024-04-09T20:00:00Z,2024,100,20,7.47484e-13,6.79935e-13,360,492373,-32.6669,4.71304,124.8,167.968,-9,20,7
2024-04-09T21:00:00Z,2024,100,21,7.33814e-13,7.86195e-13,360,494299,19.419,19.0372,124.8,167.968,-5,27,12
2024-04-09T22:00:00Z,2024,100,22,7.3792e-13,7.39055e-13,360,489618,8.12222,7.33978,124.8,167.968,-10,27,12
2024-04-09T23:00:00Z,2024,100,23,7.25513e-13,6.59666e-13,360,494786,-29.7509,19.9556,124.8,167.968,-17,27,12
2024-04-10T00:00:00Z,2024,101,0,7.35984e-13,8.39174e-13,360,490212,30.4878,18.5231,131.8,168.504,-9,27,12
2024-04-10T01:00:00Z,2024,101,1,7.27248e-13,6.45865e-13,360,490894,-10.4885,7.23771,131.8,168.504,-7,27,12
2024-04-10T02:00:00Z,2024,101,2,7.29678e-13,7.22413e-13,360,497256,-17.5332,19.5253,131.8,168.504,-5,27,12
2024-04-10T03:00:00Z,2024,101,3,7.32245e-13,8.1873e-13,360,487716,32.2669,8.99611,131.8,168.504,-8,17,6
2024-04-10T04:00:00Z,2024,101,4,7.21358e-13,6.21812e-13,360,491233,-26.1043,6.8519,131.8,168.504,-4,17,6
2024-04-10T05:00:00Z,2024,101,5,7.29751e-13,7.91452e-13,360,497403,0.952828,19.278,131.8,168.504,-6,17,6
2024-04-10T06:00:00Z,2024,101,6,7.27638e-13,7.38953e-13,360,487839,24.7487,7.66713,131.8,168.504,-6,13,5
2024-04-10T07:00:00Z,2024,101,7,7.33411e-13,6.82108e-13,360,492283,-32.637,4.83648,131.8,168.504,-3,13,5
2024-04-10T08:00:00Z,2024,101,8,7.21799e-13,7.85327e-13,360,494371,19.1718,19.009,131.8,168.504,-2,13,5
2024-04-10T09:00:00Z,2024,101,9,7.34789e-13,6.87066e-13,360,489579,8.41569,7.30935,131.8,168.504,-1,17,6
2024-04-10T10:00:00Z,2024,101,10,7.41664e-13,7.07001e-13,360,494625,-29.8673,19.9364,131.8,168.504,0,17,6
2024-04-10T11:00:00Z,2024,101,11,7.38639e-13,8.31193e-13,360,490266,30.3857,18.5092,131.8,168.504,-2,17,6
2024-04-10T12:00:00Z,2024,101,12,7.39736e-13,6.71807e-13,360,490935,-10.1905,7.20832,131.8,168.504,-1,13,5
2024-04-10T13:00:00Z,2024,101,13,7.46238e-13,7.37335e-13,360,497134,-17.8008,19.4979,131.8,168.504,-1,13,5
2024-04-10T14:00:00Z,2024,101,14,7.56207e-13,8.20925e-13,360,487763,32.3117,9.04819,131.8,168.504,-3,13,5
2024-04-10T15:00:00Z,2024,101,15,7.75136e-13,6.88143e-13,360,491300,-25.9252,6.82637,131.8,168.504,-4,27,12
2024-04-10T16:00:00Z,2024,101,16,7.79695e-13,8.41037e-13,360,497340,0.657097,19.247,131.8,168.504,-3,27,12
2024-04-10T17:00:00Z,2024,101,17,7.76718e-13,8.19782e-13,360,487945,24.9432,7.64106,131.8,168.504,-4,27,12
2024-04-10T18:00:00Z,2024,101,18,7.47882e-13,6.50002e-13,360,492140,-32.6026,4.94448,131.8,168.504,-3,20,7
2024-04-10T19:00:00Z,2024,101,19,7.55713e-13,8.29625e-13,360,494449,18.9222,18.9811,131.8,168.504,-6,20,7
2024-04-10T20:00:00Z,2024,101,20,7.55737e-13,7.22475e-13,360,489659,8.7157,7.27863,131.8,168.504,-5,20,7
2024-04-10T21:00:00Z,2024,101,21,7.56097e-13,7.01848e-13,360,494357,-29.979,19.9176,131.8,168.504,-3,13,5
2024-04-10T22:00:00Z,2024,101,22,7.53317e-13,8.60937e-13,360,490371,30.2813,18.4941,131.8,168.504,-2,13,5
2024-04-10T23:00:00Z,2024,101,23,7.52191e-13,6.77215e-13,360,490949,-9.88861,7.17865,131.8,168.504,-1,13,5
2024-04-11T00:00:00Z,2024,102,0,7.56524e-13,7.38431e-13,360,496888,-18.0655,19.4703,144.4,169.063,-1,20,7
2024-04-11T01:00:00Z,2024,102,1,7.6153e-13,8.62976e-13,360,487993,32.3601,9.10592,144.4,169.063,-1,20,7
2024-04-11T02:00:00Z,2024,102,2,7.54864e-13,6.48564e-13,360,491186,-25.7358,6.80004,144.4,169.063,-1,20,7
2024-04-11T03:00:00Z,2024,102,3,7.58649e-13,8.07091e-13,360,497323,0.358472,19.2158,144.4,169.063,-2,27,12
2024-04-11T04:00:00Z,2024,102,4,7.62995e-13,8.04771e-13,360,488064,25.1398,7.61468,144.4,169.063,1,27,12
2024-04-11T05:00:00Z,2024,102,5,7.4968e-13,6.71375e-13,360,492008,-32.5659,5.0416,144.4,169.063,3,27,12
2024-04-11T06:00:00Z,2024,102,6,7.50903e-13,8.24954e-13,360,494535,18.6646,18.9532,144.4,169.063,0,3,2
2024-04-11T07:00:00Z,2024,102,7,7.52734e-13,7.00899e-13,360,489667,9.01663,7.24844,144.4,169.063,1,3,2
2024-04-11T08:00:00Z,2024,102,8,7.57559e-13,7.23155e-13,360,494272,-30.0945,19.8995,144.4,169.063,3,3,2
2024-04-11T09:00:00Z,2024,102,9,7.72051e-13,8.78051e-13,360,490393,30.1714,18.4786,144.4,169.063,5,7,3
2024-04-11T10:00:00Z,2024,102,10,7.74381e-13,6.88695e-13,360,490951,-9.5844,7.14863,144.4,169.063,8,7,3
2024-04-11T11:00:00Z,2024,102,11,7.80065e-13,7.8329e-13,360,496688,-18.3312,19.4424,144.4,169.063,8,7,3
2024-04-11T12:00:00Z,2024,102,12,7.62866e-13,8.34037e-13,360,488057,32.4023,9.17359,144.4,169.063,9,10,4
2024-04-11T13:00:00Z,2024,102,13,7.5576e-13,6.63622e-13,360,491244,-25.5463,6.77491,144.4,169.063,8,10,4
2024-04-11T14:00:00Z,2024,102,14,7.716e-13,8.26663e-13,360,497228,0.0522806,19.1847,144.4,169.063,5,10,4
2024-04-11T15:00:00Z,2024,102,15,7.73967e-13,8.04433e-13,360,488174,25.3345,7.58939,144.4,169.063,5,10,4
2024-04-11T16:00:00Z,2024,102,16,7.69029e-13,6.81552e-13,360,491918,-32.5272,5.12712,144.4,169.063,4,10,4
2024-04-11T17:00:00Z,2024,102,17,7.60778e-13,8.42954e-13,360,494586,18.4014,18.9254,144.4,169.063,2,10,4
2024-04-11T18:00:00Z,2024,102,18,7.4615e-13,7.05966e-13,360,489746,9.32332,7.21834,144.4,169.063,1,7,3
2024-04-11T19:00:00Z,2024,102,19,7.42772e-13,6.96861e-13,360,494049,-30.2054,19.883,144.4,169.063,1,7,3
2024-04-11T20:00:00Z,2024,102,20,7.48866e-13,8.6852e-13,360,490589,30.0623,18.4625,144.4,169.063,1,7,3
2024-04-11T21:00:00Z,2024,102,21,7.57017e-13,6.6775e-13,360,490881,-9.27628,7.11844,144.4,169.063,4,10,4
2024-04-11T22:00:00Z,2024,102,22,7.50466e-13,7.33321e-13,360,496536,-18.5975,19.4145,144.4,169.063,6,10,4
2024-04-11T23:00:00Z,2024,102,23,7.53308e-13,8.50644e-13,360,488128,32.4427,9.25228,144.4,169.063,7,10,4
2024-04-12T00:00:00Z,2024,103,0,7.48734e-13,6.37439e-13,360,491181,-25.3488,6.74907,152.3,169.691,2,13,5
2024-04-12T01:00:00Z,2024,103,1,7.48121e-13,7.99368e-13,360,497153,-0.2552,19.1537,152.3,169.691,-1,13,5
2024-04-12T02:00:00Z,2024,103,2,7.49424e-13,7.96139e-13,360,488347,25.5326,7.56318,152.3,169.691,0,13,5
2024-04-12T03:00:00Z,2024,103,3,7.6855e-13,6.68842e-13,360,491767,-32.4836,5.20227,152.3,169.691,-1,23,9
2024-04-12T04:00:00Z,2024,103,4,7.98135e-13,9.05346e-13,360,494683,18.133,18.8974,152.3,169.691,1,23,9
2024-04-12T05:00:00Z,2024,103,5,7.93865e-13,7.28287e-13,360,489784,9.63304,7.18813,152.3,169.691,2,23,9
2024-04-12T06:00:00Z,2024,103,6,7.97163e-13,7.61095e-13,360,493934,-30.3175,19.8671,152.3,169.691,4,13,5
2024-04-12T07:00:00Z,2024,103,7,8.09648e-13,9.19869e-13,360,490687,29.946,18.4452,152.3,169.691,1,13,5
2024-04-12T08:00:00Z,2024,103,8,8.12183e-13,7.19497e-13,360,490872,-8.9688,7.08836,152.3,169.691,2,13,5
2024-04-12T09:00:00Z,2024,103,9,8.1756e-13,8.18916e-13,360,496402,-18.8633,19.3864,152.3,169.691,4,10,4
2024-04-12T10:00:00Z,2024,103,10,8.30821e-13,9.06214e-13,360,488213,32.4814,9.34319,152.3,169.691,4,10,4
2024-04-12T11:00:00Z,2024,103,11,8.4408e-13,7.53954e-13,360,491114,-25.1483,6.72357,152.3,169.691,4,10,4
2024-04-12T12:00:00Z,2024,103,12,8.5295e-13,9.20532e-13,360,497052,-0.566953,19.1227,152.3,169.691,5,10,4
2024-04-12T13:00:00Z,2024,103,13,8.48699e-13,8.56293e-13,360,488424,25.7265,7.53804,152.3,169.691,5,10,4
2024-04-12T14:00:00Z,2024,103,14,8.39167e-13,7.67222e-13,360,491736,-32.4403,5.27094,152.3,169.691,4,10,4
2024-04-12T15:00:00Z,2024,103,15,8.21161e-13,9.09965e-13,360,494704,17.8575,18.8699,152.3,169.691,6,7,3
2024-04-12T16:00:00Z,2024,103,16,8.18503e-13,7.6721e-13,360,489863,9.94574,7.15851,152.3,169.691,6,7,3
2024-04-12T17:00:00Z,2024,103,17,8.08425e-13,7.60156e-13,360,493757,-30.4271,19.8525,152.3,169.691,7,7,3
2024-04-12T18:00:00Z,2024,103,18,8.11296e-13,9.45887e-13,360,490824,29.8277,18.4274,152.3,169.691,7,7,3
2024-04-12T19:00:00Z,2024,103,19,8.20173e-13,6.91788e-13,360,490892,-8.65471,7.05785,152.3,169.691,8,7,3
2024-04-12T20:00:00Z,2024,103,20,8.42498e-13,8.44663e-13,360,496217,-19.1264,19.3588,152.3,169.691,9,7,3
2024-04-12T21:00:00Z,2024,103,21,8.34267e-13,9.45499e-13,360,488331,32.5186,9.44834,152.3,169.691,11,13,5
2024-04-12T22:00:00Z,2024,103,22,8.22041e-13,7.1308e-13,360,491077,-24.9441,6.69781,152.3,169.691,9,13,5
2024-04-12T23:00:00Z,2024,103,23,8.0413e-13,8.4397e-13,360,496897,-0.880375,19.0914,152.3,169.691,9,13,5
2024-04-13T00:00:00Z,2024,104,0,8.02341e-13,8.58551e-13,360,488566,25.9225,7.51242,161.9,170.156,8,13,5
2024-04-13T01:00:00Z,2024,104,1,8.18304e-13,7.11956e-13,360,491556,-32.3895,5.33004,161.9,170.156,7,13,5
2024-04-13T02:00:00Z,2024,104,2,8.31652e-13,9.3102e-13,360,494797,17.5784,18.8424,161.9,170.156,5,13,5
2024-04-13T03:00:00Z,2024,104,3,8.43062e-13,8.03613e-13,360,489971,10.2651,7.12854,161.9,170.156,4,20,7
2024-04-13T04:00:00Z,2024,104,4,8.47298e-13,7.87008e-13,360,493575,-30.5351,19.8387,161.9,170.156,3,20,7
2024-04-13T05:00:00Z,2024,104,5,8.52408e-13,9.82159e-13,360,490968,29.7051,18.4094,161.9,170.156,5,20,7
2024-04-13T06:00:00Z,2024,104,6,8.43737e-13,7.21632e-13,360,490904,-8.33909,7.02742,161.9,170.156,2,3,2
2024-04-13T07:00:00Z,2024,104,7,8.51625e-13,8.60952e-13,360,496125,-19.3925,19.3308,161.9,170.156,4,3,2
2024-04-13T08:00:00Z,2024,104,8,8.64031e-13,9.60822e-13,360,488379,32.551,9.57341,161.9,170.156,7,3,2
2024-04-13T09:00:00Z,2024,104,9,8.76651e-13,7.5707e-13,360,491019,-24.7363,6.67214,161.9,170.156,8,3,2
2024-04-13T10:00:00Z,2024,104,10,8.95193e-13,9.67968e-13,360,496811,-1.19627,19.0603,161.9,170.156,9,3,2
2024-04-13T11:00:00Z,2024,104,11,9.14988e-13,9.39658e-13,360,488625,26.1148,7.48677,161.9,170.156,11,3,2
2024-04-13T12:00:00Z,2024,104,12,9.25626e-13,8.25881e-13,360,491502,-32.3391,5.38415,161.9,170.156,12,17,6
2024-04-13T13:00:00Z,2024,104,13,9.25211e-13,1.04611e-12,360,494776,17.2897,18.8151,161.9,170.156,10,17,6
2024-04-13T14:00:00Z,2024,104,14,9.19769e-13,8.49e-13,360,490067,10.583,7.09961,161.9,170.156,5,17,6
2024-04-13T15:00:00Z,2024,104,15,9.16491e-13,8.73919e-13,360,493466,-30.644,19.8263,161.9,170.156,3,17,6
2024-04-13T16:00:00Z,2024,104,16,9.10515e-13,1.05263e-12,360,491048,29.5774,18.3905,161.9,170.156,5,17,6
2024-04-13T17:00:00Z,2024,104,17,8.98931e-13,7.64381e-13,360,490954,-8.02075,6.99704,161.9,170.156,6,17,6
2024-04-13T18:00:00Z,2024,104,18,8.93017e-13,9.02256e-13,360,495940,-19.6569,19.3035,161.9,170.156,7,10,4
2024-04-13T19:00:00Z,2024,104,19,9.02702e-13,1.02165e-12,360,488561,32.5845,9.71669,161.9,170.156,7,10,4
2024-04-13T20:00:00Z,2024,104,20,9.03097e-13,7.64144e-13,360,490924,-24.522,6.6456,161.9,170.156,11,10,4
2024-04-13T21:00:00Z,2024,104,21,8.98945e-13,9.53918e-13,360,496710,-1.51297,19.0292,161.9,170.156,10,17,6
2024-04-13T22:00:00Z,2024,104,22,9.00801e-13,9.66365e-13,360,488721,26.3068,7.46162,161.9,170.156,8,17,6
2024-04-13T23:00:00Z,2024,104,23,8.99079e-13,7.78057e-13,360,491333,-32.2828,5.43128,161.9,170.156,6,17,6
2024-04-14T00:00:00Z,2024,105,0,9.09345e-13,1.01274e-12,360,494771,16.9976,18.7883,179.5,170.519,10,17,6
2024-04-14T01:00:00Z,2024,105,1,9.16822e-13,8.72673e-13,360,490244,10.9112,7.07017,179.5,170.519,12,17,6
2024-04-14T02:00:00Z,2024,105,2,9.21098e-13,8.49848e-13,360,493186,-30.7466,19.8153,179.5,170.519,12,17,6
2024-04-14T03:00:00Z,2024,105,3,9.22518e-13,1.08193e-12,360,491255,29.4482,18.3714,179.5,170.519,13,0,0
2024-04-14T04:00:00Z,2024,105,4,9.26739e-13,7.93544e-13,360,490988,-7.69676,6.96624,179.5,170.519,13,0,0
2024-04-14T05:00:00Z,2024,105,5,9.25568e-13,9.19398e-13,360,495790,-19.9219,19.2756,179.5,170.519,12,0,0
2024-04-14T06:00:00Z,2024,105,6,9.34506e-13,1.06967e-12,360,488666,32.6134,9.88559,179.5,170.519,13,13,5
2024-04-14T07:00:00Z,2024,105,7,9.71149e-13,8.11192e-13,360,490924,-24.3064,6.61947,179.5,170.519,16,13,5
2024-04-14T08:00:00Z,2024,105,8,1.0195e-12,1.12822e-12,360,496657,-1.83456,18.9977,179.5,170.519,18,13,5
2024-04-14T09:00:00Z,2024,105,9,1.01985e-12,1.02454e-12,360,488706,26.4947,7.43644,179.5,170.519,18,13,5
2024-04-14T10:00:00Z,2024,105,10,1.01715e-12,9.06607e-13,360,491255,-32.2253,5.47176,179.5,170.519,21,13,5
2024-04-14T11:00:00Z,2024,105,11,1.04557e-12,1.20085e-12,360,494711,16.698,18.7619,179.5,170.519,16,13,5
2024-04-14T12:00:00Z,2024,105,12,1.04989e-12,9.39378e-13,360,490322,11.2379,7.04153,179.5,170.519,14,13,5
2024-04-14T13:00:00Z,2024,105,13,1.05918e-12,1.0342e-12,360,493125,-30.8542,19.8049,179.5,170.519,15,13,5
2024-04-14T14:00:00Z,2024,105,14,1.05527e-12,1.20488e-12,360,491236,29.309,18.3517,179.5,170.519,17,13,5
2024-04-14T15:00:00Z,2024,105,15,1.05683e-12,9.04125e-13,360,491131,-7.37222,6.93596,179.5,170.519,17,13,5
2024-04-14T16:00:00Z,2024,105,16,1.05228e-12,1.07457e-12,360,495631,-20.1883,19.2484,179.5,170.519,17,13,5
2024-04-14T17:00:00Z,2024,105,17,1.04643e-12,1.15985e-12,360,488765,32.6397,10.0822,179.5,170.519,15,13,5
2024-04-14T18:00:00Z,2024,105,18,1.04169e-12,8.93747e-13,360,490925,-24.0838,6.59285,179.5,170.519,15,13,5
2024-04-14T19:00:00Z,2024,105,19,1.04376e-12,1.13019e-12,360,496537,-2.15692,18.9666,179.5,170.519,14,13,5
2024-04-14T20:00:00Z,2024,105,20,1.04607e-12,1.07576e-12,360,488858,26.6857,7.41137,179.5,170.519,10,13,5
2024-04-14T21:00:00Z,2024,105,21,1.05449e-12,9.4022e-13,360,491062,-32.1618,5.50718,179.5,170.519,5,17,6
2024-04-14T22:00:00Z,2024,105,22,1.05198e-12,1.17005e-12,360,494680,16.3937,18.7357,179.5,170.519,2,17,6
2024-04-14T23:00:00Z,2024,105,23,1.06042e-12,1.00275e-12,360,490420,11.57,7.01311,179.5,170.519,1,17,6
2024-04-15T00:00:00Z,2024,106,0,1.05981e-12,9.95616e-13,360,492850,-30.9552,19.7957,193.2,170.731,6,13,5
2024-04-15T01:00:00Z,2024,106,1,1.06958e-12,1.24531e-12,360,491409,29.1702,18.3324,193.2,170.731,6,13,5
2024-04-15T02:00:00Z,2024,106,2,1.07875e-12,9.17554e-13,360,491185,-7.03713,6.90482,193.2,170.731,5,13,5
2024-04-15T03:00:00Z,2024,106,3,1.07972e-12,1.07648e-12,360,495446,-20.4547,19.2209,193.2,170.731,2,13,5
2024-04-15T04:00:00Z,2024,106,4,1.11129e-12,1.24579e-12,360,488915,32.6649,10.3118,193.2,170.731,0,13,5
2024-04-15T05:00:00Z,2024,106,5,1.13365e-12,9.7349e-13,360,490906,-23.855,6.56612,193.2,170.731,0,13,5
2024-04-15T06:00:00Z,2024,106,6,1.12388e-12,1.21496e-12,360,496486,-2.48687,18.9354,193.2,170.731,4,3,2
2024-04-15T07:00:00Z,2024,106,7,1.12843e-12,1.17023e-12,360,488876,26.8728,7.38721,193.2,170.731,7,3,2
2024-04-15T08:00:00Z,2024,106,8,1.14303e-12,1.02779e-12,360,491034,-32.0993,5.53793,193.2,170.731,7,3,2
2024-04-15T09:00:00Z,2024,106,9,1.14588e-12,1.29307e-12,360,494609,16.0814,18.7098,193.2,170.731,7,13,5
2024-04-15T10:00:00Z,2024,106,10,1.15682e-12,1.05675e-12,360,490479,11.9047,6.98483,193.2,170.731,8,13,5
2024-04-15T11:00:00Z,2024,106,11,1.16467e-12,1.12129e-12,360,492668,-31.0565,19.7877,193.2,170.731,10,13,5
2024-04-15T12:00:00Z,2024,106,12,1.15893e-12,1.32941e-12,360,491397,29.0212,18.3133,193.2,170.731,13,7,3
2024-04-15T13:00:00Z,2024,106,13,1.15421e-12,9.83936e-13,360,491331,-6.70199,6.87467,193.2,170.731,14,7,3
2024-04-15T14:00:00Z,2024,106,14,1.15832e-12,1.18975e-12,360,495288,-20.7259,19.1935,193.2,170.731,12,7,3
2024-04-15T15:00:00Z,2024,106,15,1.15252e-12,1.2697e-12,360,488985,32.685,10.5793,193.2,170.731,10,20,7
2024-04-15T16:00:00Z,2024,106,16,1.15292e-12,9.85366e-13,360,490953,-23.6208,6.5397,193.2,170.731,11,20,7
2024-04-15T17:00:00Z,2024,106,17,1.16596e-12,1.27821e-12,360,496366,-2.82141,18.9044,193.2,170.731,3,20,7
2024-04-15T18:00:00Z,2024,106,18,1.18103e-12,1.19e-12,360,489005,27.0624,7.36356,193.2,170.731,1,23,9
2024-04-15T19:00:00Z,2024,106,19,1.21018e-12,1.10587e-12,360,490887,-32.0289,5.56292,193.2,170.731,-2,23,9
2024-04-15T20:00:00Z,2024,106,20,1.22993e-12,1.34172e-12,360,494650,15.766,18.6846,193.2,170.731,-12,23,9
2024-04-15T21:00:00Z,2024,106,21,1.26466e-12,1.19416e-12,360,490489,12.244,6.95733,193.2,170.731,-16,27,12
2024-04-15T22:00:00Z,2024,106,22,1.28109e-12,1.25204e-12,360,492492,-31.1564,19.7808,193.2,170.731,-10,27,12
2024-04-15T23:00:00Z,2024,106,23,1.29922e-12,1.44097e-12,360,491406,28.8681,18.2936,193.2,170.731,-11,27,12
2024-04-16T00:00:00Z,2024,107,0,1.33508e-12,1.18231e-12,360,491410,-6.35727,6.84382,200.2,171.049,-25,40,27
2024-04-16T01:00:00Z,2024,107,1,1.40246e-12,1.46489e-12,360,495060,-20.9955,19.1665,200.2,171.049,-29,40,27
2024-04-16T02:00:00Z,2024,107,2,1.41975e-12,1.47559e-12,360,489169,32.7057,10.8882,200.2,171.049,-26,40,27
2024-04-16T03:00:00Z,2024,107,3,1.45491e-12,1.30752e-12,360,490934,-23.3773,6.51262,200.2,171.049,-22,33,18
2024-04-16T04:00:00Z,2024,107,4,1.43592e-12,1.55538e-12,360,496291,-3.16211,18.873,200.2,171.049,-28,33,18
2024-04-16T05:00:00Z,2024,107,5,1.47549e-12,1.50469e-12,360,489067,27.2511,7.33989,200.2,171.049,-32,33,18
2024-04-16T06:00:00Z,2024,107,6,1.54185e-12,1.40757e-12,360,490848,-31.9573,5.58528,200.2,171.049,-34,40,27
2024-04-16T07:00:00Z,2024,107,7,1.61881e-12,1.77229e-12,360,494659,15.4389,18.6601,200.2,171.049,-28,40,27
2024-04-16T08:00:00Z,2024,107,8,1.66248e-12,1.55835e-12,360,490481,12.5854,6.93115,200.2,171.049,-28,40,27
2024-04-16T09:00:00Z,2024,107,9,1.66832e-12,1.64338e-12,360,492341,-31.2549,19.7762,200.2,171.049,-32,33,18
2024-04-16T10:00:00Z,2024,107,10,1.66593e-12,1.78577e-12,360,491424,28.7104,18.2738,200.2,171.049,-43,33,18
2024-04-16T11:00:00Z,2024,107,11,1.67448e-12,1.54598e-12,360,491447,-6.00888,6.81308,200.2,171.049,-55,33,18
2024-04-16T12:00:00Z,2024,107,12,1.73256e-12,1.78632e-12,360,494877,-21.2694,19.1392,200.2,171.049,-51,33,18
2024-04-16T13:00:00Z,2024,107,13,1.72133e-12,1.80971e-12,360,489198,32.7193,11.2434,200.2,171.049,-42,33,18
2024-04-16T14:00:00Z,2024,107,14,1.68258e-12,1.55767e-12,360,491040,-23.1288,6.48652,200.2,171.049,-35,33,18
2024-04-16T15:00:00Z,2024,107,15,1.72707e-12,1.80582e-12,360,496169,-3.51021,18.8421,200.2,171.049,-41,47,39
2024-04-16T16:00:00Z,2024,107,16,1.76364e-12,1.78634e-12,360,489147,27.4401,7.3175,200.2,171.049,-45,47,39
2024-04-16T17:00:00Z,2024,107,17,1.77533e-12,1.65901e-12,360,490762,-31.8796,5.60338,200.2,171.049,-55,47,39
2024-04-16T18:00:00Z,2024,107,18,1.76248e-12,1.86748e-12,360,494656,15.1037,18.637,200.2,171.049,-54,53,56
2024-04-16T19:00:00Z,2024,107,19,1.7405e-12,1.67778e-12,360,490583,12.9377,6.90604,200.2,171.049,-57,53,56
2024-04-16T20:00:00Z,2024,107,20,1.73149e-12,1.70356e-12,360,492111,-31.3495,19.7747,200.2,171.049,-61,53,56
2024-04-16T21:00:00Z,2024,107,21,1.73691e-12,1.89596e-12,360,491479,28.5464,18.2541,200.2,171.049,-65,50,48
2024-04-16T22:00:00Z,2024,107,22,1.73406e-12,1.56047e-12,360,491503,-5.65523,6.78247,200.2,171.049,-59,50,48
2024-04-16T23:00:00Z,2024,107,23,1.72449e-12,1.74371e-12,360,494605,-21.543,19.112,200.2,171.049,-59,50,48
2024-04-17T00:00:00Z,2024,108,0,1.69628e-12,1.85655e-12,360,489321,32.7326,11.6452,218.2,171.544,-49,30,15
2024-04-17T01:00:00Z,2024,108,1,1.6667e-12,1.47399e-12,360,491033,-22.8674,6.45943,218.2,171.544,-39,30,15
2024-04-17T02:00:00Z,2024,108,2,1.62219e-12,1.70889e-12,360,496055,-3.86447,18.8111,218.2,171.544,-36,30,15
2024-04-17T03:00:00Z,2024,108,3,1.5707e-12,1.62977e-12,360,489281,27.6319,7.295,218.2,171.544,-29,10,4
2024-04-17T04:00:00Z,2024,108,4,1.52892e-12,1.40983e-12,360,490675,-31.7968,5.61875,218.2,171.544,-25,10,4
2024-04-17T05:00:00Z,2024,108,5,1.48206e-12,1.61172e-12,360,494674,14.7578,18.6159,218.2,171.544,-22,10,4
2024-04-17T06:00:00Z,2024,108,6,1.44127e-12,1.3323e-12,360,490616,13.2941,6.88347,218.2,171.544,-19,7,3
2024-04-17T07:00:00Z,2024,108,7,1.40068e-12,1.38214e-12,360,492021,-31.4462,19.775,218.2,171.544,-14,7,3
2024-04-17T08:00:00Z,2024,108,8,1.35939e-12,1.52223e-12,360,491495,28.3752,18.2329,218.2,171.544,-15,7,3
2024-04-17T09:00:00Z,2024,108,9,1.34619e-12,1.16426e-12,360,491513,-5.29579,6.75164,218.2,171.544,-15,13,5
2024-04-17T10:00:00Z,2024,108,10,1.37026e-12,1.40445e-12,360,494420,-21.818,19.0848,218.2,171.544,-24,13,5
2024-04-17T11:00:00Z,2024,108,11,1.38871e-12,1.4935e-12,360,489349,32.7405,12.086,218.2,171.544,-27,13,5
2024-04-17T12:00:00Z,2024,108,12,1.39999e-12,1.25422e-12,360,491113,-22.602,6.43333,218.2,171.544,-26,7,3
2024-04-17T13:00:00Z,2024,108,13,1.40545e-12,1.50761e-12,360,495927,-4.22762,18.7802,218.2,171.544,-28,7,3
2024-04-17T14:00:00Z,2024,108,14,1.40347e-12,1.42962e-12,360,489329,27.8197,7.27394,218.2,171.544,-31,7,3
2024-04-17T15:00:00Z,2024,108,15,1.40043e-12,1.28494e-12,360,490678,-31.7114,5.63165,218.2,171.544,-36,17,6
2024-04-17T16:00:00Z,2024,108,16,1.39382e-12,1.50953e-12,360,494645,14.4029,18.5981,218.2,171.544,-40,17,6
2024-04-17T17:00:00Z,2024,108,17,1.38275e-12,1.29586e-12,360,490697,13.6568,6.86472,218.2,171.544,-41,17,6
2024-04-17T18:00:00Z,2024,108,18,1.38889e-12,1.36687e-12,360,491837,-31.5387,19.7797,218.2,171.544,-36,13,5
2024-04-17T19:00:00Z,2024,108,19,1.41903e-12,1.59951e-12,360,491601,28.201,18.2119,218.2,171.544,-31,13,5
2024-04-17T20:00:00Z,2024,108,20,1.44295e-12,1.24083e-12,360,491535,-4.92974,6.72037,218.2,171.544,-25,13,5
2024-04-17T21:00:00Z,2024,108,21,1.43961e-12,1.47219e-12,360,494196,-22.0924,19.0577,218.2,171.544,-19,20,7
2024-04-17T22:00:00Z,2024,108,22,1.41837e-12,1.58e-12,360,489413,32.7458,12.556,218.2,171.544,-16,20,7
2024-04-17T23:00:00Z,2024,108,23,1.41758e-12,1.21147e-12,360,491123,-22.3262,6.40698,218.2,171.544,-13,20,7
2024-04-18T00:00:00Z,2024,109,0,1.40868e-12,1.50817e-12,360,495724,-4.59419,18.7493,228.8,172.084,-11,13,5
2024-04-18T01:00:00Z,2024,109,1,1.37836e-12,1.44462e-12,360,489549,28.013,7.25214,228.8,172.084,-13,13,5
2024-04-18T02:00:00Z,2024,109,2,1.3612e-12,1.19428e-12,360,490528,-31.6165,5.64104,228.8,172.084,-12,13,5
2024-04-18T03:00:00Z,2024,109,3,1.36175e-12,1.54726e-12,360,494674,14.0405,18.5844,228.8,172.084,-10,3,2
2024-04-18T04:00:00Z,2024,109,4,1.35826e-12,1.22604e-12,360,490793,14.0258,6.85041,228.8,172.084,-5,3,2
2024-04-18T05:00:00Z,2024,109,5,1.36263e-12,1.32628e-12,360,491691,-31.6299,19.7867,228.8,172.084,-4,3,2
2024-04-18T06:00:00Z,2024,109,6,1.36192e-12,1.57697e-12,360,491662,28.0181,18.1905,228.8,172.084,-4,3,2
2024-04-18T07:00:00Z,2024,109,7,1.35976e-12,1.11906e-12,360,491577,-4.56148,6.68964,228.8,172.084,-2,3,2
2024-04-18T08:00:00Z,2024,109,8,1.38398e-12,1.44697e-12,360,494065,-22.3691,19.0307,228.8,172.084,-1,3,2
2024-04-18T09:00:00Z,2024,109,9,1.39314e-12,1.52751e-12,360,489389,32.7455,13.0408,228.8,172.084,-3,7,3
2024-04-18T10:00:00Z,2024,109,10,1.38703e-12,1.19328e-12,360,491175,-22.0454,6.3804,228.8,172.084,-5,7,3
2024-04-18T11:00:00Z,2024,109,11,1.38576e-12,1.53051e-12,360,495545,-4.96769,18.7185,228.8,172.084,-4,7,3
2024-04-18T12:00:00Z,2024,109,12,1.37717e-12,1.36357e-12,360,489570,28.1995,7.23152,228.8,172.084,-3,7,3
2024-04-18T13:00:00Z,2024,109,13,1.3734e-12,1.25446e-12,360,490637,-31.5232,5.65005,228.8,172.084,-1,7,3
2024-04-18T14:00:00Z,2024,109,14,1.37956e-12,1.56981e-12,360,494562,13.6664,18.571,228.8,172.084,0,7,3
2024-04-18T15:00:00Z,2024,109,15,1.3717e-12,1.23328e-12,360,490903,14.3961,6.83823,228.8,172.084,-3,7,3
2024-04-18T16:00:00Z,2024,109,16,1.35628e-12,1.32287e-12,360,491583,-31.7199,19.799,228.8,172.084,-3,7,3
2024-04-18T17:00:00Z,2024,109,17,1.35033e-12,1.56579e-12,360,491679,27.8289,18.1683,228.8,172.084,-2,7,3
2024-04-18T18:00:00Z,2024,109,18,1.34076e-12,1.09451e-12,360,491690,-4.18608,6.65854,228.8,172.084,0,3,2
2024-04-18T19:00:00Z,2024,109,19,1.34513e-12,1.39301e-12,360,493822,-22.6424,19.0043,228.8,172.084,0,3,2
2024-04-18T20:00:00Z,2024,109,20,1.33822e-12,1.52262e-12,360,489513,32.7449,13.5192,228.8,172.084,1,3,2
2024-04-18T21:00:00Z,2024,109,21,1.34489e-12,1.10619e-12,360,491158,-21.7557,6.35409,228.8,172.084,2,17,6
2024-04-18T22:00:00Z,2024,109,22,1.34215e-12,1.44753e-12,360,495336,-5.34449,18.6874,228.8,172.084,8,17,6
2024-04-18T23:00:00Z,2024,109,23,1.35683e-12,1.46309e-12,360,489681,28.3878,7.21106,228.8,172.084,9,17,6
2024-04-19T00:00:00Z,2024,110,0,1.3581e-12,1.1383e-12,360,490514,-31.4181,5.65577,215.4,172.61,10,17,6
2024-04-19T01:00:00Z,2024,110,1,1.3687e-12,1.56125e-12,360,494551,13.2894,18.5534,215.4,172.61,8,17,6
2024-04-19T02:00:00Z,2024,110,2,1.37158e-12,1.28565e-12,360,491060,14.7749,6.82176,215.4,172.61,3,17,6
2024-04-19T03:00:00Z,2024,110,3,1.37895e-12,1.29365e-12,360,491399,-31.8054,19.8148,215.4,172.61,3,23,9
2024-04-19T04:00:00Z,2024,110,4,1.39668e-12,1.62033e-12,360,491768,27.6338,18.1463,215.4,172.61,1,23,9
2024-04-19T05:00:00Z,2024,110,5,1.42904e-12,1.19396e-12,360,491752,-3.80508,6.62734,215.4,172.61,1,23,9
2024-04-19T06:00:00Z,2024,110,6,1.52293e-12,1.58228e-12,360,493704,-22.9196,18.9777,215.4,172.61,8,47,39
2024-04-19T07:00:00Z,2024,110,7,1.63759e-12,1.73399e-12,360,489514,32.7367,13.9753,215.4,172.61,-10,47,39
2024-04-19T08:00:00Z,2024,110,8,1.6793e-12,1.50589e-12,360,491207,-21.4622,6.32768,215.4,172.61,-26,47,39
2024-04-19T09:00:00Z,2024,110,9,1.68943e-12,1.85798e-12,360,495162,-5.72736,18.6565,215.4,172.61,-31,47,39
2024-04-19T10:00:00Z,2024,110,10,1.77399e-12,1.7472e-12,360,489705,28.5724,7.1904,215.4,172.61,-42,47,39
2024-04-19T11:00:00Z,2024,110,11,1.85605e-12,1.79298e-12,360,490509,-31.3111,5.6608,215.4,172.61,-37,47,39
2024-04-19T12:00:00Z,2024,110,12,1.89135e-12,1.99599e-12,360,494422,12.9009,18.5321,215.4,172.61,-33,50,48
2024-04-19T13:00:00Z,2024,110,13,1.9788e-12,1.81909e-12,360,491155,15.1511,6.8028,215.4,172.61,-37,50,48
2024-04-19T14:00:00Z,2024,110,14,2.07807e-12,2.13758e-12,360,491349,-31.8927,19.8351,215.4,172.61,-44,50,48
2024-04-19T15:00:00Z,2024,110,15,2.17856e-12,2.23676e-12,360,491743,27.4289,18.1239,215.4,172.61,-55,57,67
2024-04-19T16:00:00Z,2024,110,16,2.32968e-12,2.26587e-12,360,491872,-3.4182,6.59652,215.4,172.61,-69,57,67
2024-04-19T17:00:00Z,2024,110,17,2.36511e-12,2.42116e-12,360,493497,-23.1964,18.952,215.4,172.61,-88,57,67
2024-04-19T18:00:00Z,2024,110,18,2.3861e-12,2.44329e-12,360,489607,32.7272,14.3961,215.4,172.61,-103,70,132
2024-04-19T19:00:00Z,2024,110,19,2.36862e-12,2.24528e-12,360,491216,-21.1556,6.30068,215.4,172.61,-117,70,132
2024-04-19T20:00:00Z,2024,110,20,2.4068e-12,2.48818e-12,360,494991,-6.11354,18.6257,215.4,172.61,-100,70,132
2024-04-19T21:00:00Z,2024,110,21,2.44845e-12,2.4494e-12,360,489721,28.7568,7.17108,215.4,172.61,-99,37,22
2024-04-19T22:00:00Z,2024,110,22,2.38267e-12,2.26794e-12,360,490460,-31.1972,5.66398,215.4,172.61,-92,37,22
2024-04-19T23:00:00Z,2024,110,23,2.33184e-12,2.54972e-12,360,494275,12.5057,18.5081,215.4,172.61,-83,37,22
2024-04-20T00:00:00Z,2024,111,0,2.15879e-12,1.95275e-12,360,491287,15.5367,6.78077,211.6,173.257,-68,20,7
2024-04-20T01:00:00Z,2024,111,1,2.0909e-12,2.10215e-12,360,491128,-31.9732,19.8628,211.6,173.257,-63,20,7
2024-04-20T02:00:00Z,2024,111,2,1.98632e-12,2.17468e-12,360,491833,27.2171,18.1017,211.6,173.257,-66,20,7
2024-04-20T03:00:00Z,2024,111,3,1.89574e-12,1.69548e-12,360,491940,-3.01903,6.56514,211.6,173.257,-68,20,7
2024-04-20T04:00:00Z,2024,111,4,1.80988e-12,1.82883e-12,360,493328,-23.4773,18.926,211.6,173.257,-66,20,7
2024-04-20T05:00:00Z,2024,111,5,1.75026e-12,1.90845e-12,360,489640,32.7114,14.7806,211.6,173.257,-67,20,7
2024-04-20T06:00:00Z,2024,111,6,1.68422e-12,1.4724e-12,360,491280,-20.8398,6.27421,211.6,173.257,-65,27,12
2024-04-20T07:00:00Z,2024,111,7,1.64169e-12,1.77793e-12,360,494898,-6.51345,18.5948,211.6,173.257,-59,27,12
2024-04-20T08:00:00Z,2024,111,8,1.60042e-12,1.61521e-12,360,489658,28.9384,7.15285,211.6,173.257,-55,27,12
2024-04-20T09:00:00Z,2024,111,9,1.56919e-12,1.42409e-12,360,490438,-31.0771,5.66522,211.6,173.257,-59,27,12
2024-04-20T10:00:00Z,2024,111,10,1.58747e-12,1.79405e-12,360,494150,12.102,18.4826,211.6,173.257,-53,27,12
2024-04-20T11:00:00Z,2024,111,11,1.58584e-12,1.42836e-12,360,491335,15.9241,6.7575,211.6,173.257,-49,27,12
2024-04-20T12:00:00Z,2024,111,12,1.58697e-12,1.589e-12,360,491061,-32.0557,19.8956,211.6,173.257,-49,17,6
2024-04-20T13:00:00Z,2024,111,13,1.61585e-12,1.76868e-12,360,491767,26.9916,18.0791,211.6,173.257,-49,17,6
2024-04-20T14:00:00Z,2024,111,14,1.62243e-12,1.41263e-12,360,492107,-2.6131,6.53467,211.6,173.257,-53,17,6
2024-04-20T15:00:00Z,2024,111,15,1.58684e-12,1.66095e-12,360,493161,-23.7605,18.901,211.6,173.257,-53,27,12
2024-04-20T16:00:00Z,2024,111,16,1.59637e-12,1.75078e-12,360,489681,32.6911,15.1176,211.6,173.257,-50,27,12
2024-04-20T17:00:00Z,2024,111,17,1.57607e-12,1.31722e-12,360,491349,-20.5119,6.2475,211.6,173.257,-48,27,12
2024-04-20T18:00:00Z,2024,111,18,1.57751e-12,1.75104e-12,360,494737,-6.91872,18.5643,211.6,173.257,-49,23,9
2024-04-20T19:00:00Z,2024,111,19,1.58525e-12,1.59511e-12,360,489778,29.1235,7.13521,211.6,173.257,-49,23,9
2024-04-20T20:00:00Z,2024,111,20,1.58382e-12,1.45473e-12,360,490334,-30.9486,5.66392,211.6,173.257,-47,23,9
2024-04-20T21:00:00Z,2024,111,21,1.56262e-12,1.74221e-12,360,494084,11.6918,18.4559,211.6,173.257,-48,27,12
2024-04-20T22:00:00Z,2024,111,22,1.55933e-12,1.41899e-12,360,491375,16.312,6.73332,211.6,173.257,-45,27,12
2024-04-20T23:00:00Z,2024,111,23,1.55592e-12,1.50921e-12,360,490881,-32.1322,19.937,211.6,173.257,-43,27,12
2024-04-21T00:00:00Z,2024,112,0,1.58614e-12,1.78768e-12,360,491799,26.7606,18.0567,219.4,173.99,-39,33,18
2024-04-21T01:00:00Z,2024,112,1,1.58961e-12,1.36262e-12,360,492224,-2.19628,6.50309,219.4,173.99,-38,33,18
2024-04-21T02:00:00Z,2024,112,2,1.59442e-12,1.66072e-12,360,492972,-24.0431,18.8759,219.4,173.99,-41,33,18
2024-04-21T03:00:00Z,2024,112,3,1.61562e-12,1.77976e-12,360,489775,32.667,15.4112,219.4,173.99,-49,30,15
2024-04-21T04:00:00Z,2024,112,4,1.60453e-12,1.33928e-12,360,491404,-20.1741,6.22059,219.4,173.99,-44,30,15
2024-04-21T05:00:00Z,2024,112,5,1.65493e-12,1.85537e-12,360,494642,-7.33224,18.5335,219.4,173.99,-39,30,15
2024-04-21T06:00:00Z,2024,112,6,1.6806e-12,1.67089e-12,360,489773,29.3037,7.1192,219.4,173.99,-44,23,9
2024-04-21T07:00:00Z,2024,112,7,1.68644e-12,1.54019e-12,360,490373,-30.8176,5.66137,219.4,173.99,-48,23,9
2024-04-21T08:00:00Z,2024,112,8,1.68013e-12,1.91594e-12,360,494007,11.276,18.428,219.4,173.99,-55,23,9
2024-04-21T09:00:00Z,2024,112,9,1.68976e-12,1.49366e-12,360,491392,16.7005,6.70838,219.4,173.99,-49,30,15
2024-04-21T10:00:00Z,2024,112,10,1.71914e-12,1.72069e-12,360,490751,-32.2055,19.9867,219.4,173.99,-39,30,15
2024-04-21T11:00:00Z,2024,112,11,1.71303e-12,1.89135e-12,360,491744,26.5198,18.0344,219.4,173.99,-45,30,15
2024-04-21T12:00:00Z,2024,112,12,1.71769e-12,1.44491e-12,360,492349,-1.77656,6.47253,219.4,173.99,-46,40,27
2024-04-21T13:00:00Z,2024,112,13,1.76412e-12,1.91662e-12,360,492836,-24.3282,18.8509,219.4,173.99,-47,40,27
2024-04-21T14:00:00Z,2024,112,14,1.76029e-12,1.85545e-12,360,489766,32.6352,15.6616,219.4,173.99,-53,40,27
2024-04-21T15:00:00Z,2024,112,15,1.78531e-12,1.57629e-12,360,491528,-19.8276,6.19419,219.4,173.99,-57,37,22
2024-04-21T16:00:00Z,2024,112,16,1.73707e-12,1.87898e-12,360,494488,-7.75158,18.5034,219.4,173.99,-53,37,22
2024-04-21T17:00:00Z,2024,112,17,1.74763e-12,1.75351e-12,360,489831,29.4837,7.10475,219.4,173.99,-49,37,22
2024-04-21T18:00:00Z,2024,112,18,1.77172e-12,1.65034e-12,360,490336,-30.6767,5.65632,219.4,173.99,-50,37,22
2024-04-21T19:00:00Z,2024,112,19,1.78633e-12,1.95949e-12,360,493961,10.8562,18.3999,219.4,173.99,-59,37,22
2024-04-21T20:00:00Z,2024,112,20,1.78898e-12,1.64297e-12,360,491427,17.0915,6.68274,219.4,173.99,-65,37,22
2024-04-21T21:00:00Z,2024,112,21,1.76318e-12,1.76641e-12,360,490613,-32.2751,20.0469,219.4,173.99,-61,30,15
2024-04-21T22:00:00Z,2024,112,22,1.7479e-12,1.95058e-12,360,491694,26.2711,18.0116,219.4,173.99,-58,30,15
2024-04-21T23:00:00Z,2024,112,23,1.70311e-12,1.40833e-12,360,492457,-1.34708,6.44149,219.4,173.99,-52,30,15
2024-04-22T00:00:00Z,2024,113,0,1.68109e-12,1.79432e-12,360,492572,-24.6103,18.8265,229.2,175.279,-46,20,7
2024-04-22T01:00:00Z,2024,113,1,1.68051e-12,1.83076e-12,360,489918,32.6023,15.8786,229.2,175.279,-44,20,7
2024-04-22T02:00:00Z,2024,113,2,1.69198e-12,1.44359e-12,360,491575,-19.4664,6.1673,229.2,175.279,-39,20,7
2024-04-22T03:00:00Z,2024,113,3,1.64091e-12,1.79237e-12,360,494352,-8.17811,18.4729,229.2,175.279,-36,23,9
2024-04-22T04:00:00Z,2024,113,4,1.65233e-12,1.69666e-12,360,489896,29.6623,7.09065,229.2,175.279,-32,23,9
2024-04-22T05:00:00Z,2024,113,5,1.66096e-12,1.48868e-12,360,490342,-30.53,5.65066,229.2,175.279,-36,23,9
2024-04-22T06:00:00Z,2024,113,6,1.67648e-12,1.91491e-12,360,493921,10.4271,18.371,229.2,175.279,-39,23,9
2024-04-22T07:00:00Z,2024,113,7,1.67009e-12,1.47741e-12,360,491413,17.4808,6.65731,229.2,175.279,-37,23,9
2024-04-22T08:00:00Z,2024,113,8,1.63337e-12,1.62132e-12,360,490541,-32.3426,20.1193,229.2,175.279,-26,23,9
2024-04-22T09:00:00Z,2024,113,9,1.6268e-12,1.86696e-12,360,491630,26.0132,17.9888,229.2,175.279,-24,13,5
2024-04-22T10:00:00Z,2024,113,10,1.63667e-12,1.33678e-12,360,492545,-0.913747,6.41021,229.2,175.279,-26,13,5
2024-04-22T11:00:00Z,2024,113,11,1.63505e-12,1.72156e-12,360,492404,-24.8942,18.8019,229.2,175.279,-27,13,5
2024-04-22T12:00:00Z,2024,113,12,1.65363e-12,1.85049e-12,360,489860,32.5582,16.0626,229.2,175.279,-26,13,5
2024-04-22T13:00:00Z,2024,113,13,1.65021e-12,1.33282e-12,360,491794,-19.1005,6.1413,229.2,175.279,-27,13,5
2024-04-22T14:00:00Z,2024,113,14,1.62488e-12,1.82688e-12,360,494186,-8.61367,18.443,229.2,175.279,-25,13,5
2024-04-22T15:00:00Z,2024,113,15,1.59562e-12,1.6345e-12,360,489915,29.8365,7.07896,229.2,175.279,-26,17,6
2024-04-22T16:00:00Z,2024,113,16,1.58946e-12,1.39367e-12,360,490393,-30.3769,5.64319,229.2,175.279,-25,17,6
2024-04-22T17:00:00Z,2024,113,17,1.59196e-12,1.82165e-12,360,493817,9.99191,18.342,229.2,175.279,-25,17,6
2024-04-22T18:00:00Z,2024,113,18,1.58597e-12,1.41397e-12,360,491527,17.8738,6.63151,229.2,175.279,-23,17,6
2024-04-22T19:00:00Z,2024,113,19,1.59474e-12,1.5611e-12,360,490368,-32.4029,20.2106,229.2,175.279,-23,17,6
2024-04-22T20:00:00Z,2024,113,20,1.58336e-12,1.85519e-12,360,491644,25.7495,17.9659,229.2,175.279,-25,17,6
2024-04-22T21:00:00Z,2024,113,21,1.55523e-12,1.23995e-12,360,492618,-0.473856,6.37927,229.2,175.279,-24,23,9
2024-04-22T22:00:00Z,2024,113,22,1.53819e-12,1.61777e-12,360,492145,-25.1748,18.7776,229.2,175.279,-23,23,9
2024-04-22T23:00:00Z,2024,113,23,1.52123e-12,1.74461e-12,360,489914,32.5117,16.2202,229.2,175.279,-19,23,9
2024-04-23T00:00:00Z,2024,114,0,1.50881e-12,1.20333e-12,360,491877,-18.7169,6.11488,221.6,175.998,-18,13,5
2024-04-23T01:00:00Z,2024,114,1,1.50458e-12,1.66989e-12,360,493982,-9.05266,18.4132,221.6,175.998,-18,13,5
2024-04-23T02:00:00Z,2024,114,2,1.51344e-12,1.57252e-12,360,490069,30.0129,7.06798,221.6,175.998,-18,13,5
2024-04-23T03:00:00Z,2024,114,3,1.52377e-12,1.31307e-12,360,490375,-30.2142,5.63427,221.6,175.998,-20,10,4
2024-04-23T04:00:00Z,2024,114,4,1.51386e-12,1.7623e-12,360,493771,9.55059,18.3124,221.6,175.998,-18,10,4
2024-04-23T05:00:00Z,2024,114,5,1.5128e-12,1.34188e-12,360,491562,18.2662,6.6056,221.6,175.998,-18,10,4
2024-04-23T06:00:00Z,2024,114,6,1.54039e-12,1.48158e-12,360,490341,-32.4626,20.3187,221.6,175.998,-20,17,6
2024-04-23T07:00:00Z,2024,114,7,1.63658e-12,1.8846e-12,360,491604,25.4742,17.9421,221.6,175.998,-24,17,6
2024-04-23T08:00:00Z,2024,114,8,1.66862e-12,1.39312e-12,360,492645,-0.0315583,6.3483,221.6,175.998,-20,17,6
2024-04-23T09:00:00Z,2024,114,9,1.62312e-12,1.69766e-12,360,491988,-25.4555,18.7537,221.6,175.998,-25,17,6
2024-04-23T10:00:00Z,2024,114,10,1.62842e-12,1.85238e-12,360,489853,32.4569,16.356,221.6,175.998,-30,17,6
2024-04-23T11:00:00Z,2024,114,11,1.60927e-12,1.26868e-12,360,492030,-18.3273,6.08928,221.6,175.998,-26,17,6
2024-04-23T12:00:00Z,2024,114,12,1.62259e-12,1.84309e-12,360,493811,-9.50291,18.3837,221.6,175.998,-23,17,6
2024-04-23T13:00:00Z,2024,114,13,1.63518e-12,1.6582e-12,360,490032,30.1804,7.05948,221.6,175.998,-21,17,6
2024-04-23T14:00:00Z,2024,114,14,1.63256e-12,1.42489e-12,360,490539,-30.0479,5.62512,221.6,175.998,-18,17,6
2024-04-23T15:00:00Z,2024,114,15,1.62482e-12,1.88474e-12,360,493645,9.10099,18.2828,221.6,175.998,-16,13,5
2024-04-23T16:00:00Z,2024,114,16,1.61506e-12,1.45375e-12,360,491633,18.6587,6.57993,221.6,175.998,-12,13,5
2024-04-23T17:00:00Z,2024,114,17,1.58966e-12,1.53345e-12,360,490251,-32.5162,20.4537,221.6,175.998,-13,13,5
2024-04-23T18:00:00Z,2024,114,18,1.58713e-12,1.86922e-12,360,491603,25.1923,17.9184,221.6,175.998,-13,27,12
2024-04-23T19:00:00Z,2024,114,19,1.58908e-12,1.25257e-12,360,492748,0.420328,6.31674,221.6,175.998,-20,27,12
2024-04-23T20:00:00Z,2024,114,20,1.59573e-12,1.69523e-12,360,491747,-25.7312,18.7301,221.6,175.998,-21,27,12
2024-04-23T21:00:00Z,2024,114,21,1.5743e-12,1.81348e-12,360,489839,32.3969,16.4705,221.6,175.998,-22,20,7
2024-04-23T22:00:00Z,2024,114,22,1.56016e-12,1.21282e-12,360,492137,-17.9253,6.06375,221.6,175.998,-24,20,7
2024-04-23T23:00:00Z,2024,114,23,1.56547e-12,1.73683e-12,360,493548,-9.95688,18.3543,221.6,175.998,-26,20,7
2024-04-24T00:00:00Z,2024,115,0,1.58298e-12,1.6755e-12,360,490158,30.3507,7.05139,201.4,176.809,-19,10,4
2024-04-24T01:00:00Z,2024,115,1,1.58125e-12,1.33588e-12,360,490506,-29.8677,5.61397,201.4,176.809,-13,10,4
2024-04-24T02:00:00Z,2024,115,2,1.60435e-12,1.87343e-12,360,493595,8.64529,18.2529,201.4,176.809,-12,10,4
2024-04-24T03:00:00Z,2024,115,3,1.60365e-12,1.43707e-12,360,491701,19.0543,6.55375,201.4,176.809,-14,7,3
2024-04-24T04:00:00Z,2024,115,4,1.596e-12,1.53712e-12,360,490186,-32.5657,20.6174,201.4,176.809,-13,7,3
2024-04-24T05:00:00Z,2024,115,5,1.59808e-12,1.88558e-12,360,491588,24.8979,17.8945,201.4,176.809,-13,7,3
2024-04-24T06:00:00Z,2024,115,6,1.58591e-12,1.24742e-12,360,492810,0.876722,6.28569,201.4,176.809,-13,3,2
2024-04-24T07:00:00Z,2024,115,7,1.56947e-12,1.65926e-12,360,491680,-26.0103,18.7067,201.4,176.809,-10,3,2
2024-04-24T08:00:00Z,2024,115,8,1.55905e-12,1.80744e-12,360,489724,32.3277,16.5681,201.4,176.809,-9,3,2
2024-04-24T09:00:00Z,2024,115,9,1.55717e-12,1.193e-12,360,492246,-17.513,6.03843,201.4,176.809,-6,3,2
2024-04-24T10:00:00Z,2024,115,10,1.56671e-12,1.77373e-12,360,493326,-10.4179,18.3253,201.4,176.809,-4,3,2
2024-04-24T11:00:00Z,2024,115,11,1.57711e-12,1.63128e-12,360,490118,30.5137,7.04536,201.4,176.809,-5,3,2
2024-04-24T12:00:00Z,2024,115,12,1.5683e-12,1.31354e-12,360,490672,-29.6841,5.60359,201.4,176.809,-7,7,3
2024-04-24T13:00:00Z,2024,115,13,1.56023e-12,1.87282e-12,360,493430,8.17802,18.2229,201.4,176.809,-7,7,3
2024-04-24T14:00:00Z,2024,115,14,1.54568e-12,1.35952e-12,360,491776,19.4487,6.52834,201.4,176.809,-5,7,3
2024-04-24T15:00:00Z,2024,115,15,1.53126e-12,1.45423e-12,360,490160,-32.6114,20.8204,201.4,176.809,-2,7,3
2024-04-24T16:00:00Z,2024,115,16,1.51252e-12,1.83496e-12,360,491545,24.5932,17.8703,201.4,176.809,-1,7,3
2024-04-24T17:00:00Z,2024,115,17,1.48318e-12,1.13657e-12,360,492922,1.34207,6.2546,201.4,176.809,-2,7,3
2024-04-24T18:00:00Z,2024,115,18,1.46546e-12,1.55301e-12,360,491486,-26.2847,18.6846,201.4,176.809,-5,3,2
2024-04-24T19:00:00Z,2024,115,19,1.44966e-12,1.70866e-12,360,489798,32.2565,16.6513,201.4,176.809,-7,3,2
2024-04-24T20:00:00Z,2024,115,20,1.44756e-12,1.08153e-12,360,492270,-17.0879,6.01334,201.4,176.809,-7,3,2
2024-04-24T21:00:00Z,2024,115,21,1.42436e-12,1.59615e-12,360,493159,-10.8856,18.2968,201.4,176.809,-6,7,3
2024-04-24T22:00:00Z,2024,115,22,1.41372e-12,1.53281e-12,360,490078,30.673,7.04142,201.4,176.809,-4,7,3
2024-04-24T23:00:00Z,2024,115,23,1.40643e-12,1.12377e-12,360,490705,-29.4884,5.59171,201.4,176.809,-3,7,3
2024-04-25T00:00:00Z,2024,116,0,1.40019e-12,1.65158e-12,360,493322,7.70642,18.1928,168.8,177.677,-5,0,0
2024-04-25T01:00:00Z,2024,116,1,1.39231e-12,1.27899e-12,360,491884,19.8468,6.50213,168.8,177.677,-4,0,0
2024-04-25T02:00:00Z,2024,116,2,1.37998e-12,1.27172e-12,360,490085,-32.6502,21.0707,168.8,177.677,-2,0,0
2024-04-25T03:00:00Z,2024,116,3,1.3779e-12,1.70062e-12,360,491553,24.2788,17.8458,168.8,177.677,0,0,0
2024-04-25T04:00:00Z,2024,116,4,1.38388e-12,1.04916e-12,360,492993,1.81392,6.22335,168.8,177.677,2,0,0
2024-04-25T05:00:00Z,2024,116,5,1.39846e-12,1.45354e-12,360,491405,-26.5597,18.6627,168.8,177.677,2,0,0
2024-04-25T06:00:00Z,2024,116,6,1.41546e-12,1.70021e-12,360,489754,32.1747,16.7209,168.8,177.677,-1,0,0
2024-04-25T07:00:00Z,2024,116,7,1.42266e-12,1.04118e-12,360,492383,-16.6555,5.98885,168.8,177.677,-1,0,0
2024-04-25T08:00:00Z,2024,116,8,1.42404e-12,1.62168e-12,360,493013,-11.3583,18.2686,168.8,177.677,2,0,0
2024-04-25T09:00:00Z,2024,116,9,1.42651e-12,1.49731e-12,360,490040,30.8285,7.03954,168.8,177.677,3,7,3
2024-04-25T10:00:00Z,2024,116,10,1.43737e-12,1.17957e-12,360,490748,-29.2854,5.57915,168.8,177.677,4,7,3
2024-04-25T11:00:00Z,2024,116,11,1.47377e-12,1.78907e-12,360,493171,7.22742,18.1627,168.8,177.677,5,7,3
2024-04-25T12:00:00Z,2024,116,12,1.47397e-12,1.27637e-12,360,491916,20.2403,6.47679,168.8,177.677,6,7,3
2024-04-25T13:00:00Z,2024,116,13,1.46638e-12,1.41211e-12,360,490123,-32.6867,21.3773,168.8,177.677,4,7,3
2024-04-25T14:00:00Z,2024,116,14,1.44809e-12,1.72768e-12,360,491484,23.9525,17.8212,168.8,177.677,0,7,3
2024-04-25T15:00:00Z,2024,116,15,1.44766e-12,1.1351e-12,360,493107,2.29132,6.19245,168.8,177.677,-3,3,2
2024-04-25T16:00:00Z,2024,116,16,1.4316e-12,1.51407e-12,360,491265,-26.831,18.6418,168.8,177.677,-4,3,2
2024-04-25T17:00:00Z,2024,116,17,1.42729e-12,1.67769e-12,360,489768,32.0878,16.7794,168.8,177.677,-2,3,2
2024-04-25T18:00:00Z,2024,116,18,1.41639e-12,1.05105e-12,360,492486,-16.2083,5.96483,168.8,177.677,-2,7,3
2024-04-25T19:00:00Z,2024,116,19,1.42083e-12,1.61369e-12,360,492847,-11.834,18.2418,168.8,177.677,0,7,3
2024-04-25T20:00:00Z,2024,116,20,1.40351e-12,1.49407e-12,360,490023,30.9802,7.04045,168.8,177.677,-3,7,3
2024-04-25T21:00:00Z,2024,116,21,1.38526e-12,1.1252e-12,360,490824,-29.0748,5.56574,168.8,177.677,-5,7,3
2024-04-25T22:00:00Z,2024,116,22,1.36939e-12,1.60925e-12,360,492983,6.74401,18.1322,168.8,177.677,-6,7,3
2024-04-25T23:00:00Z,2024,116,23,1.3358e-12,1.20724e-12,360,491985,20.6351,6.45091,168.8,177.677,-7,7,3
2024-04-26T00:00:00Z,2024,117,0,1.34874e-12,1.28904e-12,360,490021,-32.7134,21.7575,154.6,178.399,-9,10,4
2024-04-26T01:00:00Z,2024,117,1,1.37499e-12,1.62574e-12,360,491510,23.6183,17.7967,154.6,178.399,-8,10,4
2024-04-26T02:00:00Z,2024,117,2,1.38879e-12,1.10763e-12,360,493221,2.77766,6.16105,154.6,178.399,-3,10,4
2024-04-26T03:00:00Z,2024,117,3,1.41262e-12,1.47925e-12,360,491135,-27.0994,18.6212,154.6,178.399,-2,27,12
2024-04-26T04:00:00Z,2024,117,4,1.45092e-12,1.65314e-12,360,489780,31.9932,16.8294,154.6,178.399,-11,27,12
2024-04-26T05:00:00Z,2024,117,5,1.4797e-12,1.15365e-12,360,492600,-15.7515,5.94222,154.6,178.399,-18,27,12
2024-04-26T06:00:00Z,2024,117,6,1.50553e-12,1.71698e-12,360,492756,-12.3177,18.2159,154.6,178.399,-22,30,15
2024-04-26T07:00:00Z,2024,117,7,1.5677e-12,1.58442e-12,360,489934,31.1248,7.04551,154.6,178.399,-24,30,15
2024-04-26T08:00:00Z,2024,117,8,1.60323e-12,1.41121e-12,360,490892,-28.8563,5.55144,154.6,178.399,-25,30,15
2024-04-26T09:00:00Z,2024,117,9,1.5898e-12,1.84534e-12,360,492857,6.25616,18.1018,154.6,178.399,-27,20,7
2024-04-26T10:00:00Z,2024,117,10,1.60701e-12,1.43391e-12,360,491981,21.0247,6.42485,154.6,178.399,-28,20,7
2024-04-26T11:00:00Z,2024,117,11,1.63408e-12,1.64533e-12,360,490044,-32.7372,22.2139,154.6,178.399,-31,20,7
2024-04-26T12:00:00Z,2024,117,12,1.60964e-12,1.8069e-12,360,491395,23.2697,17.7721,154.6,178.399,-32,40,27
2024-04-26T13:00:00Z,2024,117,13,1.61113e-12,1.31601e-12,360,493359,3.26513,6.13052,154.6,178.399,-32,40,27
2024-04-26T14:00:00Z,2024,117,14,1.6571e-12,1.79395e-12,360,491052,-27.3669,18.6016,154.6,178.399,-38,40,27
2024-04-26T15:00:00Z,2024,117,15,1.69014e-12,1.79498e-12,360,489733,31.8898,16.8701,154.6,178.399,-41,50,48
2024-04-26T16:00:00Z,2024,117,16,1.76605e-12,1.52068e-12,360,492741,-15.2835,5.92141,154.6,178.399,-51,50,48
2024-04-26T17:00:00Z,2024,117,17,1.74547e-12,1.91911e-12,360,492578,-12.8056,18.1926,154.6,178.399,-48,50,48
2024-04-26T18:00:00Z,2024,117,18,1.73141e-12,1.78638e-12,360,489984,31.268,7.05385,154.6,178.399,-40,33,18
2024-04-26T19:00:00Z,2024,117,19,1.6904e-12,1.49172e-12,360,490903,-28.6268,5.53545,154.6,178.399,-38,33,18
2024-04-26T20:00:00Z,2024,117,20,1.6806e-12,1.93724e-12,360,492734,5.76447,18.0711,154.6,178.399,-40,33,18
2024-04-26T21:00:00Z,2024,117,21,1.69616e-12,1.54442e-12,360,491996,21.4131,6.39929,154.6,178.399,-39,20,7
2024-04-26T22:00:00Z,2024,117,22,1.68082e-12,1.60659e-12,360,489951,-32.7522,22.7587,154.6,178.399,-39,20,7
2024-04-26T23:00:00Z,2024,117,23,1.68389e-12,1.9077e-12,360,491327,22.9126,17.7475,154.6,178.399,-42,20,7
2024-04-27T00:00:00Z,2024,118,0,1.64447e-12,1.35806e-12,360,493522,3.76583,6.09931,154.6,178.978,-36,33,18
2024-04-27T01:00:00Z,2024,118,1,1.60291e-12,1.7288e-12,360,490829,-27.6273,18.5827,154.6,178.978,-28,33,18
2024-04-27T02:00:00Z,2024,118,2,1.57416e-12,1.78295e-12,360,489817,31.7815,16.905,154.6,178.978,-23,33,18
2024-04-27T03:00:00Z,2024,118,3,1.59179e-12,1.27199e-12,360,492853,-14.8008,5.90375,154.6,178.978,-24,30,15
2024-04-27T04:00:00Z,2024,118,4,1.58508e-12,1.74612e-12,360,492443,-13.3002,18.1725,154.6,178.978,-21,30,15
2024-04-27T05:00:00Z,2024,118,5,1.55548e-12,1.61161e-12,360,489945,31.4046,7.06687,154.6,178.978,-23,30,15
2024-04-27T06:00:00Z,2024,118,6,1.5366e-12,1.33495e-12,360,491031,-28.3914,5.5195,154.6,178.978,-26,17,6
2024-04-27T07:00:00Z,2024,118,7,1.52994e-12,1.78489e-12,360,492637,5.26491,18.0401,154.6,178.978,-21,17,6
2024-04-27T08:00:00Z,2024,118,8,1.48559e-12,1.31054e-12,360,491903,21.7964,6.37361,154.6,178.978,-15,17,6
2024-04-27T09:00:00Z,2024,118,9,1.42501e-12,1.37651e-12,360,489967,-32.7629,23.3813,154.6,178.978,-13,10,4
2024-04-27T10:00:00Z,2024,118,10,1.38777e-12,1.64126e-12,360,491184,22.5424,17.7231,154.6,178.978,-10,10,4
2024-04-27T11:00:00Z,2024,118,11,1.34913e-12,1.06251e-12,360,493627,4.26812,6.06867,154.6,178.978,-9,10,4
2024-04-27T12:00:00Z,2024,118,12,1.35493e-12,1.44501e-12,360,490800,-27.8908,18.5644,154.6,178.978,-6,33,18
2024-04-27T13:00:00Z,2024,118,13,1.36409e-12,1.48909e-12,360,489674,31.6593,16.9328,154.6,178.978,-11,33,18
2024-04-27T14:00:00Z,2024,118,14,1.36062e-12,1.14326e-12,360,493100,-14.3097,5.89247,154.6,178.978,-23,33,18
2024-04-27T15:00:00Z,2024,118,15,1.27209e-12,1.40889e-12,360,492291,-13.8011,18.1596,154.6,178.978,-18,23,9
2024-04-27T16:00:00Z,2024,118,16,1.26303e-12,1.35173e-12,360,489913,31.5358,7.08543,154.6,178.978,-5,23,9
2024-04-27T17:00:00Z,2024,118,17,1.23126e-12,1.01347e-12,360,491145,-28.1448,5.50215,154.6,178.978,-6,23,9
2024-04-27T18:00:00Z,2024,118,18,1.21818e-12,1.42613e-12,360,492508,4.7625,18.0094,154.6,178.978,-7,30,15
2024-04-27T19:00:00Z,2024,118,19,1.20158e-12,1.07929e-12,360,491959,22.1808,6.34808,154.6,178.978,-10,30,15
2024-04-27T20:00:00Z,2024,118,20,1.20546e-12,1.16079e-12,360,489875,-32.7642,0.0521282,154.6,178.978,-23,30,15
2024-04-27T21:00:00Z,2024,118,21,1.21113e-12,1.40462e-12,360,491087,22.1629,17.6983,154.6,178.978,-35,27,12
2024-04-27T22:00:00Z,2024,118,22,1.18847e-12,9.41545e-13,360,493731,4.77755,6.03782,154.6,178.978,-39,27,12
2024-04-27T23:00:00Z,2024,118,23,1.15242e-12,1.24776e-12,360,490582,-28.1455,18.5469,154.6,178.978,-38,27,12
2024-04-28T00:00:00Z,2024,119,0,1.1478e-12,1.34966e-12,360,489743,31.5344,16.9573,142,179.153,-33,37,22
2024-04-28T01:00:00Z,2024,119,1,1.14647e-12,8.33322e-13,360,493220,-13.802,5.88582,142,179.153,-39,37,22
2024-04-28T02:00:00Z,2024,119,2,1.16058e-12,1.33125e-12,360,492144,-14.3049,18.1534,142,179.153,-34,37,22
2024-04-28T03:00:00Z,2024,119,3,1.16471e-12,1.22949e-12,360,489926,31.6634,7.10933,142,179.153,-32,20,7
2024-04-28T04:00:00Z,2024,119,4,1.14176e-12,9.25071e-13,360,491253,-27.8886,5.48417,142,179.153,-25,20,7
2024-04-28T05:00:00Z,2024,119,5,1.12521e-12,1.35722e-12,360,492434,4.25198,17.9783,142,179.153,-22,20,7
2024-04-28T06:00:00Z,2024,119,6,1.11985e-12,9.85055e-13,360,491893,22.5587,6.32308,142,179.153,-25,10,4
2024-04-28T07:00:00Z,2024,119,7,1.10354e-12,1.04468e-12,360,489966,-32.7632,0.726939,142,179.153,-20,10,4
2024-04-28T08:00:00Z,2024,119,8,1.09372e-12,1.3449e-12,360,490933,21.7716,17.6734,142,179.153,-11,10,4
2024-04-28T09:00:00Z,2024,119,9,1.0804e-12,7.91331e-13,360,493801,5.28993,6.00671,142,179.153,-9,7,3
2024-04-28T10:00:00Z,2024,119,10,1.08527e-12,1.18782e-12,360,490461,-28.3974,18.5297,142,179.153,-9,7,3
2024-04-28T11:00:00Z,2024,119,11,1.06413e-12,1.23892e-12,360,489611,31.396,16.9773,142,179.153,-9,7,3
2024-04-28T12:00:00Z,2024,119,12,1.05843e-12,7.63742e-13,360,493475,-13.2922,5.87385,142,179.153,-7,7,3
2024-04-28T13:00:00Z,2024,119,13,1.04357e-12,1.21878e-12,360,491995,-14.8128,18.1429,142,179.153,-8,7,3
2024-04-28T14:00:00Z,2024,119,14,1.01552e-12,1.07306e-12,360,489870,31.7827,7.14142,142,179.153,-10,7,3
2024-04-28T15:00:00Z,2024,119,15,1.00012e-12,7.86045e-13,360,491429,-27.624,5.46587,142,179.153,-8,7,3
2024-04-28T16:00:00Z,2024,119,16,9.79347e-13,1.18948e-12,360,492304,3.73667,17.9473,142,179.153,-4,7,3
2024-04-28T17:00:00Z,2024,119,17,9.60913e-13,8.6224e-13,360,491931,22.9359,6.29839,142,179.153,-3,7,3
2024-04-28T18:00:00Z,2024,119,18,9.4545e-13,8.72983e-13,360,489930,-32.7514,1.36243,142,179.153,-3,3,2
2024-04-28T19:00:00Z,2024,119,19,9.30983e-13,1.15074e-12,360,490920,21.3741,17.6485,142,179.153,-3,3,2
2024-04-28T20:00:00Z,2024,119,20,9.20336e-13,6.95618e-13,360,493808,5.80701,5.97584,142,179.153,-3,3,2
2024-04-28T21:00:00Z,2024,119,21,9.06173e-13,9.52712e-13,360,490356,-28.6447,18.5135,142,179.153,-5,10,4
2024-04-28T22:00:00Z,2024,119,22,8.85763e-13,1.06175e-12,360,489509,31.2504,16.9929,142,179.153,-3,10,4
2024-04-28T23:00:00Z,2024,119,23,8.77361e-13,6.30486e-13,360,493632,-12.7721,5.8544,142,179.153,-1,10,4
2024-04-29T00:00:00Z,2024,120,0,8.6632e-13,9.87083e-13,360,491813,-15.3166,18.1262,139.5,179.507,-1,17,6
2024-04-29T01:00:00Z,2024,120,1,8.77048e-13,9.66951e-13,360,489917,31.8997,7.17915,139.5,179.507,-3,17,6
2024-04-29T02:00:00Z,2024,120,2,8.83186e-13,6.62982e-13,360,491537,-27.3475,5.44641,139.5,179.507,-1,17,6
2024-04-29T03:00:00Z,2024,120,3,8.9131e-13,1.09812e-12,360,492227,3.2163,17.9161,139.5,179.507,-3,13,5
2024-04-29T04:00:00Z,2024,120,4,8.83761e-13,8.01545e-13,360,491899,23.3087,6.27378,139.5,179.507,-4,13,5
2024-04-29T05:00:00Z,2024,120,5,8.7884e-13,7.88616e-13,360,490020,-32.7354,1.92358,139.5,179.507,-7,13,5
2024-04-29T06:00:00Z,2024,120,6,8.9975e-13,1.1409e-12,360,490856,20.9626,17.6231,139.5,179.507,-10,13,5
2024-04-29T07:00:00Z,2024,120,7,9.07066e-13,6.44029e-13,360,493813,6.32487,5.94526,139.5,179.507,-4,13,5
2024-04-29T08:00:00Z,2024,120,8,9.17989e-13,9.90846e-13,360,490294,-28.8867,18.4982,139.5,179.507,2,13,5
2024-04-29T09:00:00Z,2024,120,9,9.16213e-13,1.09851e-12,360,489412,31.0971,17.0049,139.5,179.507,3,13,5
2024-04-29T10:00:00Z,2024,120,10,9.1272e-13,6.31822e-13,360,493762,-12.2497,5.83126,139.5,179.507,4,13,5
2024-04-29T11:00:00Z,2024,120,11,9.14922e-13,1.08626e-12,360,491667,-15.82,18.106,139.5,179.507,5,13,5
2024-04-29T12:00:00Z,2024,120,12,9.03385e-13,9.43742e-13,360,489820,32.0061,7.22869,139.5,179.507,4,13,5
2024-04-29T13:00:00Z,2024,120,13,8.97459e-13,7.0618e-13,360,491781,-27.0644,5.42747,139.5,179.507,3,13,5
2024-04-29T14:00:00Z,2024,120,14,8.6925e-13,1.06564e-12,360,492105,2.69071,17.8851,139.5,179.507,1,13,5
2024-04-29T15:00:00Z,2024,120,15,8.56179e-13,7.73883e-13,360,491888,23.677,6.25001,139.5,179.507,1,17,6
2024-04-29T16:00:00Z,2024,120,16,8.31649e-13,7.56338e-13,360,490064,-32.7106,2.39788,139.5,179.507,2,17,6
2024-04-29T17:00:00Z,2024,120,17,8.16054e-13,1.01663e-12,360,490807,20.5424,17.5977,139.5,179.507,1,17,6
2024-04-29T18:00:00Z,2024,120,18,8.06433e-13,5.94733e-13,360,493899,6.85052,5.91445,139.5,179.507,6,27,12
2024-04-29T19:00:00Z,2024,120,19,8.07347e-13,8.50347e-13,360,490172,-29.1204,18.4851,139.5,179.507,14,27,12
2024-04-29T20:00:00Z,2024,120,20,8.03191e-13,9.90622e-13,360,489352,30.9357,17.0134,139.5,179.507,14,27,12
2024-04-29T21:00:00Z,2024,120,21,7.93172e-13,5.31038e-13,360,493912,-11.7251,5.80596,139.5,179.507,13,10,4
2024-04-29T22:00:00Z,2024,120,22,7.81968e-13,9.09927e-13,360,491452,-16.3174,18.0838,139.5,179.507,11,10,4
2024-04-29T23:00:00Z,2024,120,23,7.66614e-13,8.64851e-13,360,489810,32.1087,7.28753,139.5,179.507,5,10,4
2024-04-30T00:00:00Z,2024,121,0,7.53127e-13,5.30433e-13,360,491900,-26.7677,5.40674,132.1,179.659,12,17,6
2024-04-30T01:00:00Z,2024,121,1,7.52256e-13,9.36722e-13,360,492017,2.16253,17.854,132.1,179.659,14,17,6
2024-04-30T02:00:00Z,2024,121,2,7.44838e-13,6.85855e-13,360,491919,24.0426,6.22605,132.1,179.659,10,17,6
2024-04-30T03:00:00Z,2024,121,3,7.38254e-13,6.53669e-13,360,490115,-32.6782,2.78847,132.1,179.659,9,13,5
2024-04-30T04:00:00Z,2024,121,4,7.40306e-13,9.40364e-13,360,490774,20.1115,17.5721,132.1,179.659,7,13,5
2024-04-30T05:00:00Z,2024,121,5,7.26485e-13,5.09597e-13,360,493928,7.37687,5.88399,132.1,179.659,1,13,5
2024-04-30T06:00:00Z,2024,121,6,7.31423e-13,7.85168e-13,360,490187,-29.3516,18.4725,132.1,179.659,0,0,0
2024-04-30T07:00:00Z,2024,121,7,7.3086e-13,9.10276e-13,360,489246,30.7647,17.0174,132.1,179.659,2,0,0
2024-04-30T08:00:00Z,2024,121,8,7.25112e-13,4.68964e-13,360,494009,-11.1982,5.7792,132.1,179.659,5,0,0
2024-04-30T09:00:00Z,2024,121,9,7.24044e-13,8.54881e-13,360,491326,-16.8094,18.0604,132.1,179.659,6,7,3
2024-04-30T10:00:00Z,2024,121,10,7.42247e-13,8.0908e-13,360,489703,32.2017,7.35866,132.1,179.659,7,7,3
2024-04-30T11:00:00Z,2024,121,11,7.54341e-13,5.57371e-13,360,492114,-26.4655,5.38697,132.1,179.659,7,7,3
2024-04-30T12:00:00Z,2024,121,12,7.57971e-13,9.63061e-13,360,491889,1.62905,17.8229,132.1,179.659,19,27,12
2024-04-30T13:00:00Z,2024,121,13,7.35804e-13,6.43068e-13,360,491876,24.3989,6.20322,132.1,179.659,33,27,12
2024-04-30T14:00:00Z,2024,121,14,7.29435e-13,6.49963e-13,360,490245,-32.64,3.10608,132.1,179.659,34,27,12
2024-04-30T15:00:00Z,2024,121,15,7.44301e-13,9.27581e-13,360,490697,19.6705,17.5467,132.1,179.659,25,33,18
2024-04-30T16:00:00Z,2024,121,16,7.6797e-13,5.93846e-13,360,493990,7.90677,5.8538,132.1,179.659,11,33,18
2024-04-30T17:00:00Z,2024,121,17,7.81821e-13,8.22004e-13,360,490107,-29.5742,18.4623,132.1,179.659,-2,33,18
2024-04-30T18:00:00Z,2024,121,18,7.89703e-13,9.40294e-13,360,489247,30.5887,17.019,132.1,179.659,-10,40,27
2024-04-30T19:00:00Z,2024,121,19,8.10257e-13,5.53342e-13,360,494096,-10.6672,5.75097,132.1,179.659,-9,40,27
2024-04-30T20:00:00Z,2024,121,20,8.05862e-13,9.54948e-13,360,491176,-17.2954,18.0362,132.1,179.659,-6,40,27
2024-04-30T21:00:00Z,2024,121,21,8.11619e-13,8.81522e-13,360,489627,32.2884,7.44708,132.1,179.659,-7,43,32
2024-04-30T22:00:00Z,2024,121,22,8.46116e-13,6.56511e-13,360,492243,-26.1514,5.36624,132.1,179.659,-7,43,32
2024-04-30T23:00:00Z,2024,121,23,8.4797e-13,1.02958e-12,360,491718,1.09446,17.7918,132.1,179.659,-17,43,32
2024-05-01T00:00:00Z,2024,122,0,8.76422e-13,8.04847e-13,360,491977,24.7559,6.17977,136.9,179.509,-19,37,22
2024-05-01T01:00:00Z,2024,122,1,9.07851e-13,8.29846e-13,360,490224,-32.5897,3.36353,136.9,179.509,-26,37,22
2024-05-01T02:00:00Z,2024,122,2,9.20887e-13,1.12028e-12,360,490692,19.2206,17.521,136.9,179.509,-21,37,22
2024-05-01T03:00:00Z,2024,122,3,9.06707e-13,6.79865e-13,360,494053,8.44111,5.8235,136.9,179.509,-7,20,7
2024-05-01T04:00:00Z,2024,122,4,8.99689e-13,9.73405e-13,360,490071,-29.7915,18.4533,136.9,179.509,-5,20,7
2024-05-01T05:00:00Z,2024,122,5,9.1726e-13,1.08926e-12,360,489189,30.4016,17.0177,136.9,179.509,-3,20,7
2024-05-01T06:00:00Z,2024,122,6,9.27464e-13,6.5413e-13,360,494218,-10.1366,5.72255,136.9,179.509,-5,17,6
2024-05-01T07:00:00Z,2024,122,7,9.35963e-13,1.10515e-12,360,491109,-17.7781,18.0112,136.9,179.509,-4,17,6
2024-05-01T08:00:00Z,2024,122,8,9.22669e-13,9.65286e-13,360,489455,32.3657,7.55447,136.9,179.509,-2,17,6
2024-05-01T09:00:00Z,2024,122,9,9.05251e-13,7.12946e-13,360,492423,-25.8303,5.34496,136.9,179.509,0,3,2
2024-05-01T10:00:00Z,2024,122,10,8.85481e-13,1.09681e-12,360,491552,0.555394,17.7608,136.9,179.509,-3,3,2
2024-05-01T11:00:00Z,2024,122,11,8.64038e-13,7.48393e-13,360,491895,25.1015,6.15728,136.9,179.509,-4,3,2
2024-05-01T12:00:00Z,2024,122,12,8.60031e-13,7.97064e-13,360,490461,-32.538,3.57457,136.9,179.509,-6,10,4
2024-05-01T13:00:00Z,2024,122,13,8.35062e-13,1.03254e-12,360,490527,18.7557,17.4955,136.9,179.509,-5,10,4
2024-05-01T14:00:00Z,2024,122,14,8.21063e-13,6.3943e-13,360,494143,8.9763,5.79394,136.9,179.509,-4,10,4
2024-05-01T15:00:00Z,2024,122,15,8.0395e-13,8.25999e-13,360,490067,-30.0035,18.4466,136.9,179.509,1,10,4
2024-05-01T16:00:00Z,2024,122,16,8.01651e-13,9.80207e-13,360,489098,30.2058,17.0142,136.9,179.509,3,10,4
2024-05-01T17:00:00Z,2024,122,17,7.76914e-13,5.39379e-13,360,494388,-9.60085,5.69332,136.9,179.509,6,10,4
2024-05-01T18:00:00Z,2024,122,18,7.66675e-13,8.89109e-13,360,490948,-18.2526,17.9865,136.9,179.509,1,20,7
2024-05-01T19:00:00Z,2024,122,19,7.49465e-13,8.28835e-13,360,489431,32.4392,7.68672,136.9,179.509,5,20,7
2024-05-01T20:00:00Z,2024,122,20,7.48374e-13,5.54263e-13,360,492525,-25.4982,5.32332,136.9,179.509,12,20,7
2024-05-01T21:00:00Z,2024,122,21,7.4036e-13,8.89531e-13,360,491374,0.015,17.7293,136.9,179.509,11,10,4
2024-05-01T22:00:00Z,2024,122,22,7.45889e-13,7.0007e-13,360,491886,25.4442,6.13472,136.9,179.509,13,10,4
2024-05-01T23:00:00Z,2024,122,23,7.53302e-13,6.68552e-13,360,490462,-32.4718,3.74639,136.9,179.509,10,10,4
2024-05-02T00:00:00Z,2024,123,0,7.59269e-13,9.40876e-13,360,490499,18.2843,17.4704,144.1,179.186,7,23,9
2024-05-02T01:00:00Z,2024,123,1,7.51951e-13,5.75421e-13,360,494246,9.52069,5.76404,144.1,179.186,5,23,9
2024-05-02T02:00:00Z,2024,123,2,7.43435e-13,7.68569e-13,360,490003,-30.2073,18.4421,144.1,179.186,12,23,9
2024-05-02T03:00:00Z,2024,123,3,7.52507e-13,9.38297e-13,360,489081,30.002,17.0086,144.1,179.186,13,17,6
2024-05-02T04:00:00Z,2024,123,4,7.58702e-13,4.97774e-13,360,494509,-9.06168,5.66363,144.1,179.186,13,17,6
2024-05-02T05:00:00Z,2024,123,5,7.78347e-13,9.10639e-13,360,490907,-18.7258,17.9612,144.1,179.186,13,17,6
2024-05-02T06:00:00Z,2024,123,6,8.07942e-13,8.87257e-13,360,489277,32.5014,7.85235,144.1,179.186,8,23,9
2024-05-02T07:00:00Z,2024,123,7,8.40518e-13,6.2365e-13,360,492713,-25.1607,5.30137,144.1,179.186,6,23,9
2024-05-02T08:00:00Z,2024,123,8,8.51774e-13,1.07228e-12,360,491223,-0.528797,17.6981,144.1,179.186,10,23,9
2024-05-02T09:00:00Z,2024,123,9,8.53436e-13,7.50786e-13,360,491792,25.7783,6.112,144.1,179.186,16,33,18
2024-05-02T10:00:00Z,2024,123,10,8.78183e-13,7.85144e-13,360,490592,-32.4007,3.88832,144.1,179.186,13,33,18
2024-05-02T11:00:00Z,2024,123,11,9.31978e-13,1.18055e-12,360,490329,17.7968,17.4458,144.1,179.186,3,33,18
2024-05-02T12:00:00Z,2024,123,12,9.63248e-13,7.3921e-13,360,494321,10.0633,5.7355,144.1,179.186,-3,50,48
2024-05-02T13:00:00Z,2024,123,13,9.75773e-13,1.01494e-12,360,490061,-30.4087,18.4399,144.1,179.186,-11,50,48
2024-05-02T14:00:00Z,2024,123,14,1.00732e-12,1.1335e-12,360,488954,29.7865,17.0012,144.1,179.186,-11,50,48
2024-05-02T15:00:00Z,2024,123,15,1.08607e-12,9.07189e-13,360,494691,-8.51988,5.63386,144.1,179.186,-43,67,111
2024-05-02T16:00:00Z,2024,123,16,1.15222e-12,1.30275e-12,360,490789,-19.193,17.9363,144.1,179.186,-71,67,111
2024-05-02T17:00:00Z,2024,123,17,1.17739e-12,1.1892e-12,360,489231,32.5591,8.05865,144.1,179.186,-70,67,111
2024-05-02T18:00:00Z,2024,123,18,1.20389e-12,1.03462e-12,360,492837,-24.8093,5.27822,144.1,179.186,-82,67,111
2024-05-02T19:00:00Z,2024,123,19,1.34765e-12,1.60989e-12,360,491109,-1.07216,17.6668,144.1,179.186,-89,67,111
2024-05-02T20:00:00Z,2024,123,20,1.37257e-12,1.22243e-12,360,491682,26.107,6.09019,144.1,179.186,-88,67,111
2024-05-02T21:00:00Z,2024,123,21,1.27553e-12,1.19951e-12,360,490683,-32.3204,4.00489,144.1,179.186,-67,40,27
2024-05-02T22:00:00Z,2024,123,22,1.23706e-12,1.423e-12,360,490167,17.2996,17.4215,144.1,179.186,-44,40,27
2024-05-02T23:00:00Z,2024,123,23,1.17763e-12,9.48297e-13,360,494401,10.6153,5.7068,144.1,179.186,-53,40,27
2024-05-03T00:00:00Z,2024,124,0,1.15197e-12,1.23569e-12,360,489970,-30.5995,18.4407,158.6,178.701,-55,40,27
2024-05-03T01:00:00Z,2024,124,1,1.12849e-12,1.25545e-12,360,488954,29.5636,16.9928,158.6,178.701,-53,40,27
2024-05-03T02:00:00Z,2024,124,2,1.10533e-12,8.79778e-13,360,494806,-7.96998,5.60337,158.6,178.701,-47,40,27
2024-05-03T03:00:00Z,2024,124,3,1.04042e-12,1.17946e-12,360,490720,-19.658,17.911,158.6,178.701,-54,30,15
2024-05-03T04:00:00Z,2024,124,4,9.81102e-13,1.05771e-12,360,489113,32.6076,8.31799,158.6,178.701,-51,30,15
2024-05-03T05:00:00Z,2024,124,5,9.34916e-13,7.35451e-13,360,493033,-24.4493,5.25527,158.6,178.701,-49,30,15
2024-05-03T06:00:00Z,2024,124,6,9.33332e-13,1.1207e-12,360,491054,-1.6246,17.6352,158.6,178.701,-47,10,4
2024-05-03T07:00:00Z,2024,124,7,9.28437e-13,8.42369e-13,360,491489,26.4274,6.06911,158.6,178.701,-44,10,4
2024-05-03T08:00:00Z,2024,124,8,8.99461e-13,7.99339e-13,360,490808,-32.232,4.10072,158.6,178.701,-38,10,4
2024-05-03T09:00:00Z,2024,124,9,8.87434e-13,1.13639e-12,360,490018,16.7903,17.398,158.6,178.701,-36,13,5
2024-05-03T10:00:00Z,2024,124,10,8.48622e-13,6.17697e-13,360,494398,11.1696,5.67901,158.6,178.701,-33,13,5
2024-05-03T11:00:00Z,2024,124,11,8.21196e-13,8.65803e-13,360,490023,-30.7881,18.4439,158.6,178.701,-32,13,5
2024-05-03T12:00:00Z,2024,124,12,7.92863e-13,9.8024e-13,360,488786,29.3258,16.9824,158.6,178.701,-31,7,3
2024-05-03T13:00:00Z,2024,124,13,7.80478e-13,5.16849e-13,360,495023,-7.4171,5.57351,158.6,178.701,-29,7,3
2024-05-03T14:00:00Z,2024,124,14,7.60864e-13,8.78494e-13,360,490647,-20.1199,17.8862,158.6,178.701,-30,7,3
2024-05-03T15:00:00Z,2024,124,15,7.57558e-13,8.77596e-13,360,489005,32.6485,8.64653,158.6,178.701,-27,7,3
2024-05-03T16:00:00Z,2024,124,16,7.51911e-13,5.12356e-13,360,493216,-24.0764,5.23173,158.6,178.701,-27,7,3
2024-05-03T17:00:00Z,2024,124,17,7.44098e-13,9.24536e-13,360,490949,-2.17936,17.604,158.6,178.701,-29,7,3
2024-05-03T18:00:00Z,2024,124,18,7.18883e-13,6.67375e-13,360,491465,26.7465,6.04866,158.6,178.701,-30,17,6
2024-05-03T19:00:00Z,2024,124,19,7.05074e-13,6.12163e-13,360,490851,-32.1326,4.17811,158.6,178.701,-32,17,6
2024-05-03T20:00:00Z,2024,124,20,6.91813e-13,8.74019e-13,360,489933,16.2701,17.3752,158.6,178.701,-28,17,6
2024-05-03T21:00:00Z,2024,124,21,6.96315e-13,5.30067e-13,360,494382,11.7258,5.6524,158.6,178.701,-22,13,5
2024-05-03T22:00:00Z,2024,124,22,6.931e-13,7.15663e-13,360,489973,-30.967,18.4508,158.6,178.701,-17,13,5
2024-05-03T23:00:00Z,2024,124,23,6.93172e-13,8.67105e-13,360,488728,29.0811,16.9715,158.6,178.701,-17,13,5
2024-05-04T00:00:00Z,2024,125,0,6.90913e-13,4.46371e-13,360,495167,-6.85642,5.54245,169.5,178.473,-18,7,3
2024-05-04T01:00:00Z,2024,125,1,6.90109e-13,8.05376e-13,360,490569,-20.5756,17.8614,169.5,178.473,-18,7,3
2024-05-04T02:00:00Z,2024,125,2,6.87132e-13,7.94309e-13,360,488948,32.6826,9.05884,169.5,178.473,-17,7,3
2024-05-04T03:00:00Z,2024,125,3,6.77884e-13,4.56737e-13,360,493385,-23.6932,5.20758,169.5,178.473,-13,7,3
2024-05-04T04:00:00Z,2024,125,4,6.6903e-13,8.34746e-13,360,490910,-2.73877,17.5725,169.5,178.473,-10,7,3
2024-05-04T05:00:00Z,2024,125,5,6.80881e-13,6.39622e-13,360,491319,27.0558,6.0292,169.5,178.473,-8,7,3
2024-05-04T06:00:00Z,2024,125,6,6.92003e-13,5.91985e-13,360,491043,-32.0285,4.24225,169.5,178.473,-7,3,2
2024-05-04T07:00:00Z,2024,125,7,6.97884e-13,9.08245e-13,360,489836,15.7398,17.3534,169.5,178.473,-8,3,2
2024-05-04T08:00:00Z,2024,125,8,6.98031e-13,4.93255e-13,360,494329,12.2835,5.62724,169.5,178.473,-9,3,2
2024-05-04T09:00:00Z,2024,125,9,6.98285e-13,7.26267e-13,360,489982,-31.1383,18.461,169.5,178.473,-10,7,3
2024-05-04T10:00:00Z,2024,125,10,6.96122e-13,8.8656e-13,360,488581,28.8251,16.9595,169.5,178.473,-10,7,3
2024-05-04T11:00:00Z,2024,125,11,6.97488e-13,4.39684e-13,360,495331,-6.29654,5.51219,169.5,178.473,-9,7,3
2024-05-04T12:00:00Z,2024,125,12,7.0288e-13,8.32086e-13,360,490534,-21.0278,17.8364,169.5,178.473,-9,7,3
2024-05-04T13:00:00Z,2024,125,13,7.01019e-13,8.03462e-13,360,488795,32.7058,9.5693,169.5,178.473,-11,7,3
2024-05-04T14:00:00Z,2024,125,14,7.02104e-13,4.68066e-13,360,493621,-23.3009,5.18359,169.5,178.473,-11,7,3
2024-05-04T15:00:00Z,2024,125,15,6.96549e-13,8.79825e-13,360,490823,-3.30019,17.5414,169.5,178.473,-12,10,4
2024-05-04T16:00:00Z,2024,125,16,7.00372e-13,6.66652e-13,360,491234,27.3599,6.0108,169.5,178.473,-12,10,4
2024-05-04T17:00:00Z,2024,125,17,6.94946e-13,5.73761e-13,360,491149,-31.9124,4.29352,169.5,178.473,-10,10,4
2024-05-04T18:00:00Z,2024,125,18,6.97528e-13,9.04284e-13,360,489795,15.2017,17.3346,169.5,178.473,-9,13,5
2024-05-04T19:00:00Z,2024,125,19,7.00855e-13,5.21025e-13,360,494284,12.8447,5.60455,169.5,178.473,-8,13,5
2024-05-04T20:00:00Z,2024,125,20,7.05334e-13,7.14861e-13,360,489987,-31.3018,18.4757,169.5,178.473,-9,13,5
2024-05-04T21:00:00Z,2024,125,21,7.11222e-13,8.96319e-13,360,488450,28.5602,16.9459,169.5,178.473,-8,30,15
2024-05-04T22:00:00Z,2024,125,22,7.16164e-13,4.78221e-13,360,495456,-5.73097,5.48131,169.5,178.473,-3,30,15
2024-05-04T23:00:00Z,2024,125,23,7.13666e-13,8.14945e-13,360,490393,-21.4711,17.8119,169.5,178.473,2,30,15
2024-05-05T00:00:00Z,2024,126,0,7.342e-13,8.629e-13,360,488805,32.7251,10.185,180,178.29,4,17,6
2024-05-05T01:00:00Z,2024,126,1,7.43657e-13,5.01173e-13,360,493763,-22.8943,5.15888,180,178.29,2,17,6
2024-05-05T02:00:00Z,2024,126,2,7.47169e-13,9.24111e-13,360,490766,-3.86443,17.51,180,178.29,3,17,6
2024-05-05T03:00:00Z,2024,126,3,7.59285e-13,7.30755e-13,360,491150,27.6576,5.99279,180,178.29,0,13,5
2024-05-05T04:00:00Z,2024,126,4,7.71013e-13,6.46651e-13,360,491301,-31.7885,4.33559,180,178.29,-5,13,5
2024-05-05T05:00:00Z,2024,126,5,7.80695e-13,1.00653e-12,360,489750,14.651,17.32,180,178.29,-7,13,5
2024-05-05T06:00:00Z,2024,126,6,7.865e-13,5.76131e-13,360,494195,13.4046,5.58768,180,178.29,-5,20,7
2024-05-05T07:00:00Z,2024,126,7,7.91532e-13,8.20928e-13,360,490064,-31.459,18.4952,180,178.29,2,20,7
2024-05-05T08:00:00Z,2024,126,8,8.04512e-13,1.01966e-12,360,488296,28.2852,16.9315,180,178.29,7,20,7
2024-05-05T09:00:00Z,2024,126,9,8.12375e-13,5.03052e-13,360,495563,-5.1657,5.45021,180,178.29,6,17,6
2024-05-05T10:00:00Z,2024,126,10,8.17559e-13,9.76355e-13,360,490337,-21.9101,17.787,180,178.29,8,17,6
2024-05-05T11:00:00Z,2024,126,11,8.09155e-13,9.34241e-13,360,488604,32.7304,10.8931,180,178.29,13,17,6
2024-05-05T12:00:00Z,2024,126,12,8.10945e-13,5.32691e-13,360,494087,-22.4829,5.13479,180,178.29,18,10,4
2024-05-05T13:00:00Z,2024,126,13,8.06832e-13,1.01852e-12,360,490663,-4.43398,17.4789,180,178.29,19,10,4
2024-05-05T14:00:00Z,2024,126,14,8.08285e-13,7.74486e-13,360,491025,27.9459,5.97632,180,178.29,22,10,4
2024-05-05T15:00:00Z,2024,126,15,7.95037e-13,6.49087e-13,360,491491,-31.6563,4.36899,180,178.29,22,13,5
2024-05-05T16:00:00Z,2024,126,16,7.81608e-13,1.01472e-12,360,489651,14.0905,17.3143,180,178.29,18,13,5
2024-05-05T17:00:00Z,2024,126,17,7.78629e-13,5.70475e-13,360,494216,13.9688,5.5804,180,178.29,15,13,5
2024-05-05T18:00:00Z,2024,126,18,7.89095e-13,8.23083e-13,360,490038,-31.6053,18.5224,180,178.29,14,30,15
2024-05-05T19:00:00Z,2024,126,19,7.86804e-13,9.82738e-13,360,488233,28.0032,16.9163,180,178.29,10,30,15
2024-05-05T20:00:00Z,2024,126,20,8.07807e-13,5.36803e-13,360,495639,-4.59714,5.41916,180,178.29,-1,30,15
2024-05-05T21:00:00Z,2024,126,21,8.3444e-13,9.66996e-13,360,490202,-22.3404,17.7623,180,178.29,-18,43,32
2024-05-05T22:00:00Z,2024,126,22,8.74562e-13,9.9686e-13,360,488516,32.7303,11.6503,180,178.29,-33,43,32
2024-05-05T23:00:00Z,2024,126,23,9.20201e-13,6.40896e-13,360,494246,-22.0535,5.10993,180,178.29,-39,43,32
2024-05-06T00:00:00Z,2024,127,0,9.90724e-13,1.21446e-12,360,490553,-5.00367,17.4478,174.3,178.274,-33,53,56
2024-05-06T01:00:00Z,2024,127,1,1.00368e-12,9.68161e-13,360,491018,28.2323,5.96002,174.3,178.274,-43,53,56
2024-05-06T02:00:00Z,2024,127,2,9.90261e-13,8.46842e-13,360,491606,-31.5123,4.39587,174.3,178.274,-35,53,56
2024-05-06T03:00:00Z,2024,127,3,9.83981e-13,1.22156e-12,360,489615,13.5228,17.308,174.3,178.274,-34,23,9
2024-05-06T04:00:00Z,2024,127,4,1.00473e-12,7.96387e-13,360,494154,14.531,5.57521,174.3,178.274,-33,23,9
2024-05-06T05:00:00Z,2024,127,5,1.05086e-12,1.0419e-12,360,490157,-31.7473,18.5565,174.3,178.274,-27,23,9
2024-05-06T06:00:00Z,2024,127,6,1.08893e-12,1.35124e-12,360,488104,27.7081,16.8993,174.3,178.274,-17,23,9
2024-05-06T07:00:00Z,2024,127,7,1.09645e-12,7.70973e-13,360,495673,-4.02895,5.38797,174.3,178.274,-17,23,9
2024-05-06T08:00:00Z,2024,127,8,1.09299e-12,1.23436e-12,360,490165,-22.7658,17.7377,174.3,178.274,-9,23,9
2024-05-06T09:00:00Z,2024,127,9,1.09325e-12,1.27253e-12,360,488311,32.7189,12.3945,174.3,178.274,-6,23,9
2024-05-06T10:00:00Z,2024,127,10,1.12358e-12,7.81658e-13,360,494483,-21.6172,5.08558,174.3,178.274,-3,23,9
2024-05-06T11:00:00Z,2024,127,11,1.16016e-12,1.4215e-12,360,490452,-5.58204,17.4169,174.3,178.274,-4,23,9
2024-05-06T12:00:00Z,2024,127,12,1.1474e-12,1.0795e-12,360,490834,28.5057,5.94594,174.3,178.274,-1,40,27
2024-05-06T13:00:00Z,2024,127,13,1.16222e-12,1.00175e-12,360,491899,-31.3628,4.41736,174.3,178.274,1,40,27
2024-05-06T14:00:00Z,2024,127,14,1.1278e-12,1.41442e-12,360,489497,12.9476,17.292,174.3,178.274,-3,40,27
2024-05-06T15:00:00Z,2024,127,15,1.09034e-12,8.55486e-13,360,494124,15.0897,5.56199,174.3,178.274,1,20,7
2024-05-06T16:00:00Z,2024,127,16,1.071e-12,1.10232e-12,360,490208,-31.88,18.6007,174.3,178.274,-4,20,7
2024-05-06T17:00:00Z,2024,127,17,1.03309e-12,1.26977e-12,360,488032,27.4049,16.8816,174.3,178.274,-9,20,7
2024-05-06T18:00:00Z,2024,127,18,1.01613e-12,7.02729e-13,360,495754,-3.45338,5.35632,174.3,178.274,-12,20,7
2024-05-06T19:00:00Z,2024,127,19,9.93918e-13,1.12772e-12,360,490061,-23.1817,17.7135,174.3,178.274,-13,20,7
2024-05-06T20:00:00Z,2024,127,20,9.5497e-13,1.09841e-12,360,488149,32.6996,13.0691,174.3,178.274,-13,20,7
2024-05-06T21:00:00Z,2024,127,21,9.3396e-13,6.58032e-13,360,494663,-21.1671,5.06094,174.3,178.274,-10,13,5
2024-05-06T22:00:00Z,2024,127,22,9.12747e-13,1.10807e-12,360,490281,-6.16222,17.386,174.3,178.274,-8,13,5
2024-05-06T23:00:00Z,2024,127,23,8.92342e-13,8.71903e-13,360,490796,28.7783,5.93183,174.3,178.274,-5,13,5
2024-05-07T00:00:00Z,2024,128,0,8.7208e-13,7.19537e-13,360,491989,-31.1971,4.4333,207.4,178.258,-6,13,5
2024-05-07T01:00:00Z,2024,128,1,8.67333e-13,1.1056e-12,360,489474,12.3681,17.2702,207.4,178.258,-6,13,5
2024-05-07T02:00:00Z,2024,128,2,8.83274e-13,6.82187e-13,360,494078,15.6473,5.54306,207.4,178.258,-4,13,5
2024-05-07T03:00:00Z,2024,128,3,8.92944e-13,8.98578e-13,360,490292,-32.0054,18.6552,207.4,178.258,-7,13,5
2024-05-07T04:00:00Z,2024,128,4,9.00246e-13,1.1502e-12,360,487943,27.0879,16.8633,207.4,178.258,-7,13,5
2024-05-07T05:00:00Z,2024,128,5,8.89863e-13,5.61762e-13,360,495807,-2.87558,5.32496,207.4,178.258,-3,13,5
2024-05-07T06:00:00Z,2024,128,6,9.12447e-13,1.0546e-12,360,490127,-23.5967,17.6895,207.4,178.258,2,10,4
2024-05-07T07:00:00Z,2024,128,7,9.18704e-13,1.07008e-12,360,487887,32.6684,13.6427,207.4,178.258,6,10,4
2024-05-07T08:00:00Z,2024,128,8,9.23207e-13,6.17018e-13,360,494846,-20.7061,5.03614,207.4,178.258,4,10,4
2024-05-07T09:00:00Z,2024,128,9,9.28004e-13,1.1699e-12,360,490153,-6.74674,17.3552,207.4,178.258,1,13,5
2024-05-07T10:00:00Z,2024,128,10,9.40416e-13,8.95017e-13,360,490600,29.0397,5.91921,207.4,178.258,-1,13,5
2024-05-07T11:00:00Z,2024,128,11,9.54246e-13,7.83124e-13,360,492281,-31.0263,4.44664,207.4,178.258,-4,13,5
2024-05-07T12:00:00Z,2024,128,12,9.56208e-13,1.24776e-12,360,489329,11.7794,17.2454,207.4,178.258,-6,20,7
2024-05-07T13:00:00Z,2024,128,13,9.52289e-13,7.26783e-13,360,494047,16.1986,5.52235,207.4,178.258,-7,20,7
2024-05-07T14:00:00Z,2024,128,14,9.41121e-13,9.27681e-13,360,490412,-32.1238,18.7247,207.4,178.258,-8,20,7
2024-05-07T15:00:00Z,2024,128,15,9.45996e-13,1.22457e-12,360,487835,26.7595,16.8442,207.4,178.258,-8,27,12
2024-05-07T16:00:00Z,2024,128,16,9.47473e-13,5.96215e-13,360,495892,-2.29166,5.29341,207.4,178.258,-10,27,12
2024-05-07T17:00:00Z,2024,128,17,9.46412e-13,1.09532e-12,360,490075,-24.0024,17.6662,207.4,178.258,-15,27,12
2024-05-07T18:00:00Z,2024,128,18,9.27222e-13,1.11447e-12,360,487819,32.6326,14.1114,207.4,178.258,-12,13,5
2024-05-07T19:00:00Z,2024,128,19,9.29634e-13,5.85835e-13,360,494934,-20.2314,5.01112,207.4,178.258,-8,13,5
2024-05-07T20:00:00Z,2024,128,20,9.15638e-13,1.13255e-12,360,490087,-7.33519,17.3244,207.4,178.258,-2,13,5
2024-05-07T21:00:00Z,2024,128,21,9.11631e-13,9.18226e-13,360,490396,29.2933,5.90793,207.4,178.258,1,13,5
2024-05-07T22:00:00Z,2024,128,22,9.26601e-13,7.26552e-13,360,492432,-30.8413,4.45549,207.4,178.258,5,13,5
2024-05-07T23:00:00Z,2024,128,23,9.41616e-13,1.21394e-12,360,489258,11.1889,17.2189,207.4,178.258,4,13,5
2024-05-08T00:00:00Z,2024,129,0,9.27006e-13,7.22978e-13,360,494026,16.7489,5.49921,231.4,178.426,3,10,4
2024-05-08T01:00:00Z,2024,129,1,9.11153e-13,9.02337e-13,360,490485,-32.2322,18.8112,231.4,178.426,5,10,4
2024-05-08T02:00:00Z,2024,129,2,8.98703e-13,1.15617e-12,360,487784,26.4201,16.8244,231.4,178.426,7,10,4
2024-05-08T03:00:00Z,2024,129,3,9.16908e-13,5.97615e-13,360,495928,-1.70338,5.2617,231.4,178.426,5,17,6
2024-05-08T04:00:00Z,2024,129,4,9.29157e-13,1.04704e-12,360,490136,-24.4045,17.6432,231.4,178.426,6,17,6
2024-05-08T05:00:00Z,2024,129,5,9.57001e-13,1.16262e-12,360,487629,32.5836,14.4857,231.4,178.426,9,17,6
2024-05-08T06:00:00Z,2024,129,6,9.72184e-13,6.08122e-13,360,495113,-19.7483,4.98615,231.4,178.426,9,17,6
2024-05-08T07:00:00Z,2024,129,7,9.88691e-13,1.23811e-12,360,490042,-7.92661,17.2936,231.4,178.426,9,17,6
2024-05-08T08:00:00Z,2024,129,8,1.01326e-12,1.00073e-12,360,490187,29.5393,5.89819,231.4,178.426,8,17,6
2024-05-08T09:00:00Z,2024,129,9,1.03236e-12,8.12456e-13,360,492595,-30.6468,4.46128,231.4,178.426,9,17,6
2024-05-08T10:00:00Z,2024,129,10,1.0492e-12,1.38214e-12,360,489139,10.5929,17.1914,231.4,178.426,7,17,6
2024-05-08T11:00:00Z,2024,129,11,1.05074e-12,7.99023e-13,360,493936,17.2901,5.47596,231.4,178.426,7,17,6
2024-05-08T12:00:00Z,2024,129,12,1.06213e-12,1.05099e-12,360,490664,-32.3351,18.9179,231.4,178.426,6,17,6
2024-05-08T13:00:00Z,2024,129,13,1.05232e-12,1.35615e-12,360,487657,26.0672,16.804,231.4,178.426,4,17,6
2024-05-08T14:00:00Z,2024,129,14,1.05236e-12,6.83834e-13,360,496001,-1.11152,5.23037,231.4,178.426,6,17,6
2024-05-08T15:00:00Z,2024,129,15,1.05415e-12,1.19686e-12,360,490139,-24.7989,17.6212,231.4,178.426,5,20,7
2024-05-08T16:00:00Z,2024,129,16,1.04596e-12,1.26001e-12,360,487504,32.527,14.7824,231.4,178.426,5,20,7
2024-05-08T17:00:00Z,2024,129,17,1.03743e-12,6.56568e-13,360,495258,-19.249,4.96082,231.4,178.426,3,20,7
2024-05-08T18:00:00Z,2024,129,18,1.03248e-12,1.27933e-12,360,489994,-8.5193,17.2635,231.4,178.426,3,7,3
2024-05-08T19:00:00Z,2024,129,19,1.0179e-12,1.03836e-12,360,489996,29.7781,5.89022,231.4,178.426,5,7,3
2024-05-08T20:00:00Z,2024,129,20,1.01254e-12,7.72566e-13,360,492783,-30.4421,4.46366,231.4,178.426,7,7,3
2024-05-08T21:00:00Z,2024,129,21,1.00902e-12,1.30364e-12,360,488998,9.99413,17.1627,231.4,178.426,11,10,4
2024-05-08T22:00:00Z,2024,129,22,1.0236e-12,8.13168e-13,360,493866,17.8283,5.45156,231.4,178.426,15,10,4
2024-05-08T23:00:00Z,2024,129,23,1.03149e-12,1.00099e-12,360,490705,-32.4252,19.0533,231.4,178.426,14,10,4
2024-05-09T00:00:00Z,2024,130,0,1.04102e-12,1.37212e-12,360,487641,25.7049,16.7833,237.7,178.823,15,7,3
2024-05-09T01:00:00Z,2024,130,1,1.03442e-12,6.33868e-13,360,496056,-0.512203,5.19837,237.7,178.823,17,7,3
2024-05-09T02:00:00Z,2024,130,2,1.03697e-12,1.1733e-12,360,490158,-25.1866,17.5992,237.7,178.823,18,7,3
2024-05-09T03:00:00Z,2024,130,3,1.03011e-12,1.267e-12,360,487379,32.4602,15.0201,237.7,178.823,15,13,5
2024-05-09T04:00:00Z,2024,130,4,1.04232e-12,6.43857e-13,360,495415,-18.7385,4.93576,237.7,178.823,15,13,5
2024-05-09T05:00:00Z,2024,130,5,1.06415e-12,1.32069e-12,360,490016,-9.11846,17.2332,237.7,178.823,14,13,5
2024-05-09T06:00:00Z,2024,130,6,1.06095e-12,1.07231e-12,360,489733,30.0061,5.88525,237.7,178.823,14,7,3
2024-05-09T07:00:00Z,2024,130,7,1.05704e-12,8.20991e-13,360,492965,-30.2274,4.46372,237.7,178.823,13,7,3
2024-05-09T08:00:00Z,2024,130,8,1.06614e-12,1.40234e-12,360,488920,9.39251,17.1336,237.7,178.823,14,7,3
2024-05-09T09:00:00Z,2024,130,9,1.09402e-12,8.33869e-13,360,493724,18.357,5.42665,237.7,178.823,15,13,5
2024-05-09T10:00:00Z,2024,130,10,1.12468e-12,1.09642e-12,360,490867,-32.5093,19.2199,237.7,178.823,15,13,5
2024-05-09T11:00:00Z,2024,130,11,1.14698e-12,1.51499e-12,360,487481,25.3263,16.7622,237.7,178.823,17,13,5
2024-05-09T12:00:00Z,2024,130,12,1.15069e-12,7.1091e-13,360,496145,0.0865444,5.16732,237.7,178.823,18,10,4
2024-05-09T13:00:00Z,2024,130,13,1.15251e-12,1.31625e-12,360,490218,-25.5694,17.5781,237.7,178.823,21,10,4
2024-05-09T14:00:00Z,2024,130,14,1.13777e-12,1.38938e-12,360,487204,32.382,15.208,237.7,178.823,21,10,4
2024-05-09T15:00:00Z,2024,130,15,1.13641e-12,7.03653e-13,360,495590,-18.2152,4.91089,237.7,178.823,18,10,4
2024-05-09T16:00:00Z,2024,130,16,1.12866e-12,1.39987e-12,360,489962,-9.72036,17.2038,237.7,178.823,18,10,4
2024-05-09T17:00:00Z,2024,130,17,1.10626e-12,1.13155e-12,360,489612,30.2294,5.88257,237.7,178.823,20,10,4
2024-05-09T18:00:00Z,2024,130,18,1.1112e-12,8.4541e-13,360,493080,-29.9992,4.46001,237.7,178.823,22,23,9
2024-05-09T19:00:00Z,2024,130,19,1.11619e-12,1.44149e-12,360,488861,8.78907,17.1039,237.7,178.823,22,23,9
2024-05-09T20:00:00Z,2024,130,20,1.10839e-12,9.23426e-13,360,493594,18.88,5.4017,237.7,178.823,21,23,9
2024-05-09T21:00:00Z,2024,130,21,1.09199e-12,1.01497e-12,360,490914,-32.5815,19.432,237.7,178.823,20,20,7
2024-05-09T22:00:00Z,2024,130,22,1.09358e-12,1.42377e-12,360,487388,24.9379,16.7407,237.7,178.823,20,20,7
2024-05-09T23:00:00Z,2024,130,23,1.09865e-12,7.15665e-13,360,496230,0.696475,5.13535,237.7,178.823,17,20,7
2024-05-10T00:00:00Z,2024,131,0,1.12647e-12,1.25686e-12,360,490153,-25.9414,17.5577,227.9,179.601,12,27,12
2024-05-10T01:00:00Z,2024,131,1,1.1482e-12,1.39533e-12,360,487168,32.2967,15.361,227.9,179.601,10,27,12
2024-05-10T02:00:00Z,2024,131,2,1.16752e-12,7.46711e-13,360,495725,-17.6762,4.88612,227.9,179.601,12,27,12
2024-05-10T03:00:00Z,2024,131,3,1.15782e-12,1.4177e-12,360,489957,-10.327,17.1745,227.9,179.601,21,27,12
2024-05-10T04:00:00Z,2024,131,4,1.17823e-12,1.2365e-12,360,489402,30.4427,5.88297,227.9,179.601,16,27,12
2024-05-10T05:00:00Z,2024,131,5,1.18241e-12,8.94076e-13,360,493312,-29.7633,4.45474,227.9,179.601,7,27,12
2024-05-10T06:00:00Z,2024,131,6,1.19455e-12,1.54363e-12,360,488824,8.17996,17.0734,227.9,179.601,9,23,9
2024-05-10T07:00:00Z,2024,131,7,1.23281e-12,9.85644e-13,360,493354,19.3933,5.37658,227.9,179.601,16,23,9
2024-05-10T08:00:00Z,2024,131,8,1.24229e-12,1.19104e-12,360,491072,-32.6463,19.7026,227.9,179.601,13,23,9
2024-05-10T09:00:00Z,2024,131,9,1.25486e-12,1.64467e-12,360,487216,24.5349,16.7192,227.9,179.601,15,20,7
2024-05-10T10:00:00Z,2024,131,10,1.26896e-12,8.10749e-13,360,496266,1.30613,5.10405,227.9,179.601,13,20,7
2024-05-10T11:00:00Z,2024,131,11,1.2905e-12,1.45882e-12,360,490265,-26.3124,17.5377,227.9,179.601,3,20,7
2024-05-10T12:00:00Z,2024,131,12,1.30866e-12,1.56118e-12,360,486905,32.1949,15.4828,227.9,179.601,-1,37,22
2024-05-10T13:00:00Z,2024,131,13,1.30488e-12,8.65543e-13,360,495991,-17.1268,4.86228,227.9,179.601,1,37,22
2024-05-10T14:00:00Z,2024,131,14,1.27152e-12,1.56326e-12,360,489930,-10.9391,17.1464,227.9,179.601,10,37,22
2024-05-10T15:00:00Z,2024,131,15,1.27034e-12,1.29369e-12,360,489198,30.6474,5.88736,227.9,179.601,23,77,179
2024-05-10T16:00:00Z,2024,131,16,1.27539e-12,9.87719e-13,360,493513,-29.5138,4.4473,227.9,179.601,25,77,179
2024-05-10T17:00:00Z,2024,131,17,1.42226e-12,1.7753e-12,360,488767,7.56896,17.0431,227.9,179.601,66,77,179
2024-05-10T18:00:00Z,2024,131,18,1.80694e-12,1.63478e-12,360,493245,19.904,5.35107,227.9,179.601,-33,87,300
2024-05-10T19:00:00Z,2024,131,19,2.17748e-12,2.15882e-12,360,491113,-32.6985,20.0491,227.9,179.601,-131,87,300
2024-05-10T20:00:00Z,2024,131,20,2.4242e-12,2.50653e-12,360,487094,24.1202,16.697,227.9,179.601,-157,87,300
2024-05-10T21:00:00Z,2024,131,21,2.81169e-12,2.58787e-12,360,496274,1.92256,5.0726,227.9,179.601,-277,87,300
2024-05-10T22:00:00Z,2024,131,22,3.011e-12,3.09701e-12,360,490191,-26.6719,17.5185,227.9,179.601,-339,87,300
2024-05-10T23:00:00Z,2024,131,23,3.65633e-12,3.87007e-12,360,486848,32.0876,15.5844,227.9,179.601,-308,87,300
2024-05-11T00:00:00Z,2024,132,0,4.02637e-12,3.6919e-12,360,496093,-16.555,4.83871,218,180.547,-313,90,400
2024-05-11T01:00:00Z,2024,132,1,4.16973e-12,4.3677e-12,360,489905,-11.5574,17.1191,218,180.547,-390,90,400
2024-05-11T02:00:00Z,2024,132,2,4.61537e-12,4.60598e-12,360,489012,30.8459,5.89525,218,180.547,-406,90,400
2024-05-11T03:00:00Z,2024,132,3,4.66433e-12,4.52235e-12,360,493680,-29.2505,4.43802,218,180.547,-395,83,236
2024-05-11T04:00:00Z,2024,132,4,4.28583e-12,4.60539e-12,360,488736,6.94658,17.0123,218,180.547,-389,83,236
2024-05-11T05:00:00Z,2024,132,5,4.25051e-12,4.04812e-12,360,492984,20.4086,5.32622,218,180.547,-358,83,236
2024-05-11T06:00:00Z,2024,132,6,4.06988e-12,3.9356e-12,360,491306,-32.7456,20.4981,218,180.547,-320,83,236
2024-05-11T07:00:00Z,2024,132,7,4.34511e-12,4.62302e-12,360,486880,23.6861,16.6745,218,180.547,-374,83,236
2024-05-11T08:00:00Z,2024,132,8,4.29073e-12,3.84966e-12,360,496209,2.54909,5.04073,218,180.547,-364,83,236
2024-05-11T09:00:00Z,2024,132,9,3.95742e-12,4.05394e-12,360,490175,-27.0298,17.4997,218,180.547,-297,90,400
2024-05-11T10:00:00Z,2024,132,10,3.94497e-12,4.48828e-12,360,486561,31.9618,15.669,218,180.547,-318,90,400
2024-05-11T11:00:00Z,2024,132,11,3.66153e-12,3.07321e-12,360,496306,-15.9637,4.81778,218,180.547,-268,90,400
2024-05-11T12:00:00Z,2024,132,12,3.43256e-12,3.77289e-12,360,489843,-12.1949,17.0938,218,180.547,-258,87,300
2024-05-11T13:00:00Z,2024,132,13,3.34896e-12,3.33989e-12,360,488742,31.0366,5.90983,218,180.547,-279,87,300
2024-05-11T14:00:00Z,2024,132,14,3.3431e-12,3.14829e-12,360,493895,-28.9701,4.42789,218,180.547,-281,87,300
2024-05-11T15:00:00Z,2024,132,15,3.01835e-12,3.30813e-12,360,488651,6.30698,16.9815,218,180.547,-265,83,236
2024-05-11T16:00:00Z,2024,132,16,2.7188e-12,2.40628e-12,360,492810,20.9194,5.30182,218,180.547,-270,83,236
2024-05-11T17:00:00Z,2024,132,17,2.48329e-12,2.59569e-12,360,491369,-32.7791,21.0904,218,180.547,-248,83,236
2024-05-11T18:00:00Z,2024,132,18,2.25492e-12,2.4932e-12,360,486830,23.234,16.6519,218,180.547,-203,77,179
2024-05-11T19:00:00Z,2024,132,19,2.14477e-12,1.82493e-12,360,496076,3.19276,5.00913,218,180.547,-198,77,179
2024-05-11T20:00:00Z,2024,132,20,1.9457e-12,2.01536e-12,360,490198,-27.3862,17.4823,218,180.547,-190,77,179
2024-05-11T21:00:00Z,2024,132,21,1.79401e-12,2.03098e-12,360,486324,31.8231,15.7396,218,180.547,-169,77,179
2024-05-11T22:00:00Z,2024,132,22,1.63151e-12,1.29077e-12,360,496424,-15.3424,4.79907,218,180.547,-157,77,179
2024-05-11T23:00:00Z,2024,132,23,1.49488e-12,1.68395e-12,360,489787,-12.8449,17.0717,218,180.547,-167,77,179
2024-05-12T00:00:00Z,2024,133,0,1.40087e-12,1.43681e-12,360,488591,31.2245,5.92969,226.4,181.572,-150,63,94
2024-05-12T01:00:00Z,2024,133,1,1.40036e-12,1.12465e-12,360,494062,-28.6703,4.41597,226.4,181.572,-142,63,94
2024-05-12T02:00:00Z,2024,133,2,1.43014e-12,1.78902e-12,360,488650,5.65415,16.9504,226.4,181.572,-135,63,94
2024-05-12T03:00:00Z,2024,133,3,1.36507e-12,1.14783e-12,360,492587,21.4284,5.2773,226.4,181.572,-138,70,132
2024-05-12T04:00:00Z,2024,133,4,1.34884e-12,1.31312e-12,360,491580,-32.8053,21.8285,226.4,181.572,-138,70,132
2024-05-12T05:00:00Z,2024,133,5,1.36456e-12,1.67759e-12,360,486750,22.7599,16.6288,226.4,181.572,-143,70,132
2024-05-12T06:00:00Z,2024,133,6,1.29032e-12,8.82596e-13,360,495964,3.8428,4.97778,226.4,181.572,-132,37,22
2024-05-12T07:00:00Z,2024,133,7,1.2291e-12,1.3793e-12,360,490283,-27.7365,17.466,226.4,181.572,-132,37,22
2024-05-12T08:00:00Z,2024,133,8,1.20996e-12,1.44251e-12,360,486116,31.6722,15.7975,226.4,181.572,-131,37,22
2024-05-12T09:00:00Z,2024,133,9,1.21728e-12,8.34126e-13,360,496528,-14.7045,4.78629,226.4,181.572,-114,43,32
2024-05-12T10:00:00Z,2024,133,10,1.19828e-12,1.45808e-12,360,489776,-13.5046,17.0557,226.4,181.572,-104,43,32
2024-05-12T11:00:00Z,2024,133,11,1.1389e-12,1.16284e-12,360,488316,31.3991,5.95814,226.4,181.572,-108,43,32
2024-05-12T12:00:00Z,2024,133,12,1.10806e-12,8.30962e-13,360,494368,-28.3587,4.40401,226.4,181.572,-108,20,7
2024-05-12T13:00:00Z,2024,133,13,1.09271e-12,1.41541e-12,360,488619,4.99359,16.9194,226.4,181.572,-104,20,7
2024-05-12T14:00:00Z,2024,133,14,1.07458e-12,8.72127e-13,360,492390,21.9309,5.25381,226.4,181.572,-102,20,7
2024-05-12T15:00:00Z,2024,133,15,1.08558e-12,1.00248e-12,360,491748,-32.8189,22.6849,226.4,181.572,-96,30,15
2024-05-12T16:00:00Z,2024,133,16,1.11354e-12,1.46767e-12,360,486706,22.272,16.6052,226.4,181.572,-97,30,15
2024-05-12T17:00:00Z,2024,133,17,1.09949e-12,7.22558e-13,360,495919,4.50246,4.94626,226.4,181.572,-93,30,15
2024-05-12T18:00:00Z,2024,133,18,1.1045e-12,1.21688e-12,360,490317,-28.0753,17.4516,226.4,181.572,-87,40,27
2024-05-12T19:00:00Z,2024,133,19,1.11105e-12,1.38781e-12,360,485954,31.5088,15.8443,226.4,181.572,-82,40,27
2024-05-12T20:00:00Z,2024,133,20,1.12813e-12,6.84735e-13,360,496648,-14.0533,4.78411,226.4,181.572,-75,40,27
2024-05-12T21:00:00Z,2024,133,21,1.16807e-12,1.40843e-12,360,489707,-14.1654,17.0519,226.4,181.572,-77,63,94
2024-05-12T22:00:00Z,2024,133,22,1.24574e-12,1.38231e-12,360,488128,31.5663,5.99382,226.4,181.572,-86,63,94
2024-05-12T23:00:00Z,2024,133,23,1.25931e-12,9.03679e-13,360,494540,-28.0287,4.38967,226.4,181.572,-81,63,94
2024-05-13T00:00:00Z,2024,134,0,1.26796e-12,1.59468e-12,360,488634,4.32919,16.8883,220,182.675,-74,53,56
2024-05-13T01:00:00Z,2024,134,1,1.2735e-12,1.09617e-12,360,492229,22.4278,5.23004,220,182.675,-76,53,56
2024-05-13T02:00:00Z,2024,134,2,1.31079e-12,1.20031e-12,360,491919,-32.8206,23.573,220,182.675,-83,53,56
2024-05-13T03:00:00Z,2024,134,3,1.38321e-12,1.74657e-12,360,486683,21.7683,16.5815,220,182.675,-88,60,80
2024-05-13T04:00:00Z,2024,134,4,1.38967e-12,1.01877e-12,360,495815,5.16419,4.91501,220,182.675,-93,60,80
2024-05-13T05:00:00Z,2024,134,5,1.34307e-12,1.44364e-12,360,490483,-28.4081,17.4381,220,182.675,-86,60,80
2024-05-13T06:00:00Z,2024,134,6,1.34775e-12,1.67644e-12,360,485748,31.3313,15.8798,220,182.675,-84,33,18
2024-05-13T07:00:00Z,2024,134,7,1.34633e-12,8.37664e-13,360,496702,-13.3923,4.78035,220,182.675,-67,33,18
2024-05-13T08:00:00Z,2024,134,8,1.35936e-12,1.65759e-12,360,489728,-14.824,17.05,220,182.675,-63,33,18
2024-05-13T09:00:00Z,2024,134,9,1.39888e-12,1.46379e-12,360,487844,31.7201,6.03892,220,182.675,-59,27,12
2024-05-13T10:00:00Z,2024,134,10,1.4082e-12,1.04983e-12,360,494802,-27.6878,4.37537,220,182.675,-57,27,12
2024-05-13T11:00:00Z,2024,134,11,1.39567e-12,1.81735e-12,360,488605,3.6572,16.857,220,182.675,-61,27,12
2024-05-13T12:00:00Z,2024,134,12,1.36351e-12,1.12513e-12,360,491992,22.9128,5.2074,220,182.675,-59,33,18
2024-05-13T13:00:00Z,2024,134,13,1.35152e-12,1.2723e-12,360,492162,-32.8123,0.39529,220,182.675,-63,33,18
2024-05-13T14:00:00Z,2024,134,14,1.30186e-12,1.67072e-12,360,486621,21.2485,16.5577,220,182.675,-57,33,18
2024-05-13T15:00:00Z,2024,134,15,1.3036e-12,9.01116e-13,360,495730,5.83194,4.88398,220,182.675,-51,27,12
2024-05-13T16:00:00Z,2024,134,16,1.29522e-12,1.41195e-12,360,490551,-28.7294,17.4272,220,182.675,-54,27,12
2024-05-13T17:00:00Z,2024,134,17,1.26809e-12,1.56023e-12,360,485660,31.1439,15.9084,220,182.675,-55,27,12
2024-05-13T18:00:00Z,2024,134,18,1.25664e-12,8.01507e-13,360,496733,-12.7228,4.76383,220,182.675,-55,23,9
2024-05-13T19:00:00Z,2024,134,19,1.23891e-12,1.49508e-12,360,489729,-15.4764,17.0372,220,182.675,-51,23,9
2024-05-13T20:00:00Z,2024,134,20,1.22887e-12,1.34756e-12,360,487594,31.8639,6.09763,220,182.675,-48,23,9
2024-05-13T21:00:00Z,2024,134,21,1.21517e-12,8.47198e-13,360,494967,-27.3292,4.35985,220,182.675,-44,23,9
2024-05-13T22:00:00Z,2024,134,22,1.20813e-12,1.5476e-12,360,488548,2.9816,16.8257,220,182.675,-43,23,9
2024-05-13T23:00:00Z,2024,134,23,1.21436e-12,1.06103e-12,360,491893,23.3961,5.1842,220,182.675,-46,23,9
2024-05-14T00:00:00Z,2024,135,0,1.22984e-12,1.10045e-12,360,492249,-32.7873,1.08775,224.6,183.793,-45,13,5
2024-05-14T01:00:00Z,2024,135,1,1.23898e-12,1.62441e-12,360,486649,20.7139,16.5335,224.6,183.793,-48,13,5
2024-05-14T02:00:00Z,2024,135,2,1.25532e-12,8.48314e-13,360,495642,6.50639,4.85277,224.6,183.793,-49,13,5
2024-05-14T03:00:00Z,2024,135,3,1.25943e-12,1.34892e-12,360,490666,-29.0418,17.4175,224.6,183.793,-51,13,5
2024-05-14T04:00:00Z,2024,135,4,1.29097e-12,1.65764e-12,360,485521,30.9407,15.9301,224.6,183.793,-46,13,5
2024-05-14T05:00:00Z,2024,135,5,1.30238e-12,7.63505e-13,360,496801,-12.0513,4.74168,224.6,183.793,-42,13,5
2024-05-14T06:00:00Z,2024,135,6,1.31695e-12,1.60925e-12,360,489817,-16.1234,17.0187,224.6,183.793,-41,13,5
2024-05-14T07:00:00Z,2024,135,7,1.31277e-12,1.43542e-12,360,487250,31.9943,6.17145,224.6,183.793,-43,13,5
2024-05-14T08:00:00Z,2024,135,8,1.32221e-12,9.14105e-13,360,495184,-26.9582,4.34309,224.6,183.793,-46,13,5
2024-05-14T09:00:00Z,2024,135,9,1.33179e-12,1.74797e-12,360,488498,2.29979,16.7944,224.6,183.793,-49,23,9
2024-05-14T10:00:00Z,2024,135,10,1.36296e-12,1.15015e-12,360,491618,23.8649,5.16219,224.6,183.793,-51,23,9
2024-05-14T11:00:00Z,2024,135,11,1.41894e-12,1.27986e-12,360,492591,-32.7564,1.63877,224.6,183.793,-53,23,9
2024-05-14T12:00:00Z,2024,135,12,1.40699e-12,1.86163e-12,360,486518,20.1585,16.5092,224.6,183.793,-54,23,9
2024-05-14T13:00:00Z,2024,135,13,1.37908e-12,9.23545e-13,360,495580,7.1833,4.82243,224.6,183.793,-48,23,9
2024-05-14T14:00:00Z,2024,135,14,1.35547e-12,1.46189e-12,360,490809,-29.3453,17.4108,224.6,183.793,-45,23,9
2024-05-14T15:00:00Z,2024,135,15,1.34731e-12,1.72274e-12,360,485359,30.7237,15.9457,224.6,183.793,-44,17,6
2024-05-14T16:00:00Z,2024,135,16,1.34062e-12,7.82101e-13,360,496899,-11.3727,4.71608,224.6,183.793,-42,17,6
2024-05-14T17:00:00Z,2024,135,17,1.34182e-12,1.63828e-12,360,489815,-16.7598,16.998,224.6,183.793,-42,17,6
2024-05-14T18:00:00Z,2024,135,18,1.33723e-12,1.49417e-12,360,487060,32.1167,6.26488,224.6,183.793,-45,20,7
2024-05-14T19:00:00Z,2024,135,19,1.33453e-12,8.95441e-13,360,495308,-26.5702,4.32566,224.6,183.793,-44,20,7
2024-05-14T20:00:00Z,2024,135,20,1.3041e-12,1.68359e-12,360,488447,1.61471,16.7628,224.6,183.793,-41,20,7
2024-05-14T21:00:00Z,2024,135,21,1.28115e-12,1.16146e-12,360,491403,24.3275,5.14004,224.6,183.793,-39,7,3
2024-05-14T22:00:00Z,2024,135,22,1.27128e-12,1.08115e-12,360,492690,-32.7062,2.06565,224.6,183.793,-38,7,3
2024-05-14T23:00:00Z,2024,135,23,1.26795e-12,1.67928e-12,360,486539,19.5905,16.4852,224.6,183.793,-41,7,3
2024-05-15T00:00:00Z,2024,136,0,1.26536e-12,8.73518e-13,360,495511,7.87166,4.79156,220.8,184.922,-42,13,5
2024-05-15T01:00:00Z,2024,136,1,1.27843e-12,1.33656e-12,360,490893,-29.637,17.4062,220.8,184.922,-40,13,5
2024-05-15T02:00:00Z,2024,136,2,1.29501e-12,1.68065e-12,360,485277,30.4936,15.9568,220.8,184.922,-39,13,5
2024-05-15T03:00:00Z,2024,136,3,1.30302e-12,7.59425e-13,360,496940,-10.6879,4.68883,220.8,184.922,-39,20,7
2024-05-15T04:00:00Z,2024,136,4,1.32737e-12,1.58981e-12,360,489932,-17.3924,16.9757,220.8,184.922,-32,20,7
2024-05-15T05:00:00Z,2024,136,5,1.38146e-12,1.5688e-12,360,486744,32.2239,6.38615,220.8,184.922,-30,20,7
2024-05-15T06:00:00Z,2024,136,6,1.42209e-12,9.54021e-13,360,495518,-26.1708,4.3075,220.8,184.922,-33,23,9
2024-05-15T07:00:00Z,2024,136,7,1.44864e-12,1.87475e-12,360,488422,0.923856,16.7311,220.8,184.922,-35,23,9
2024-05-15T08:00:00Z,2024,136,8,1.44026e-12,1.27657e-12,360,491108,24.7787,5.11816,220.8,184.922,-33,23,9
2024-05-15T09:00:00Z,2024,136,9,1.44199e-12,1.23413e-12,360,492912,-32.646,2.39509,220.8,184.922,-33,27,12
2024-05-15T10:00:00Z,2024,136,10,1.5082e-12,2.03143e-12,360,486422,18.9999,16.4617,220.8,184.922,-36,27,12
2024-05-15T11:00:00Z,2024,136,11,1.53555e-12,1.04013e-12,360,495419,8.56065,4.76211,220.8,184.922,-44,27,12
2024-05-15T12:00:00Z,2024,136,12,1.57319e-12,1.67189e-12,360,491091,-29.9227,17.4046,220.8,184.922,-46,20,7
2024-05-15T13:00:00Z,2024,136,13,1.56164e-12,1.96287e-12,360,485096,30.2463,15.9636,220.8,184.922,-44,20,7
2024-05-15T14:00:00Z,2024,136,14,1.54124e-12,9.63506e-13,360,497032,-9.99808,4.6606,220.8,184.922,-41,20,7
2024-05-15T15:00:00Z,2024,136,15,1.51446e-12,1.80112e-12,360,489975,-18.0167,16.953,220.8,184.922,-40,20,7
2024-05-15T16:00:00Z,2024,136,16,1.52559e-12,1.73726e-12,360,486542,32.3221,6.54249,220.8,184.922,-40,20,7
2024-05-15T17:00:00Z,2024,136,17,1.52913e-12,1.02653e-12,360,495650,-25.7512,4.28773,220.8,184.922,-38,20,7
2024-05-15T18:00:00Z,2024,136,18,1.52368e-12,1.93933e-12,360,488449,0.230978,16.6996,220.8,184.922,-32,30,15
2024-05-15T19:00:00Z,2024,136,19,1.53511e-12,1.44137e-12,360,490791,25.2211,5.09719,220.8,184.922,-32,30,15
2024-05-15T20:00:00Z,2024,136,20,1.52744e-12,1.25898e-12,360,493095,-32.5717,2.65064,220.8,184.922,-36,30,15
2024-05-15T21:00:00Z,2024,136,21,1.54358e-12,2.00706e-12,360,486325,18.393,16.4382,220.8,184.922,-42,23,9
2024-05-15T22:00:00Z,2024,136,22,1.52964e-12,1.10295e-12,360,495317,9.26115,4.73234,220.8,184.922,-44,23,9
2024-05-15T23:00:00Z,2024,136,23,1.54869e-12,1.6365e-12,360,491148,-30.1937,17.4064,220.8,184.922,-49,23,9
2024-05-16T00:00:00Z,2024,137,0,1.57262e-12,1.98223e-12,360,485053,29.9864,15.9676,211.9,185.904,-49,27,12
2024-05-16T01:00:00Z,2024,137,1,1.57617e-12,9.83619e-13,360,497050,-9.29809,4.63113,211.9,185.904,-51,27,12
2024-05-16T02:00:00Z,2024,137,2,1.57311e-12,1.85708e-12,360,490072,-18.6358,16.9294,211.9,185.904,-48,27,12
2024-05-16T03:00:00Z,2024,137,3,1.56455e-12,1.77689e-12,360,486275,32.4069,6.74513,211.9,185.904,-46,30,15
2024-05-16T04:00:00Z,2024,137,4,1.584e-12,1.07427e-12,360,495849,-25.317,4.26794,211.9,185.904,-39,30,15
2024-05-16T05:00:00Z,2024,137,5,1.65643e-12,2.105e-12,360,488536,-0.472511,16.6676,211.9,185.904,-29,30,15
2024-05-16T06:00:00Z,2024,137,6,1.81832e-12,1.65951e-12,360,490397,25.6516,5.07717,211.9,185.904,-37,60,80
2024-05-16T07:00:00Z,2024,137,7,1.93799e-12,1.72055e-12,360,493304,-32.4839,2.84829,211.9,185.904,-32,60,80
2024-05-16T08:00:00Z,2024,137,8,1.96963e-12,2.48e-12,360,486249,17.7677,16.4151,211.9,185.904,-38,60,80
2024-05-16T09:00:00Z,2024,137,9,2.04703e-12,1.56856e-12,360,495126,9.96574,4.70341,211.9,185.904,-74,50,48
2024-05-16T10:00:00Z,2024,137,10,2.07828e-12,2.16397e-12,360,491333,-30.4582,17.4115,211.9,185.904,-82,50,48
2024-05-16T11:00:00Z,2024,137,11,2.08694e-12,2.5856e-12,360,484848,29.7059,15.968,211.9,185.904,-73,50,48
2024-05-16T12:00:00Z,2024,137,12,2.07148e-12,1.38797e-12,360,497156,-8.59272,4.60193,211.9,185.904,-63,43,32
2024-05-16T13:00:00Z,2024,137,13,2.07103e-12,2.41051e-12,360,490157,-19.249,16.9063,211.9,185.904,-73,43,32
2024-05-16T14:00:00Z,2024,137,14,2.0475e-12,2.24664e-12,360,486016,32.4794,7.01437,211.9,185.904,-71,43,32
2024-05-16T15:00:00Z,2024,137,15,2.00858e-12,1.45701e-12,360,496015,-24.8628,4.24709,211.9,185.904,-73,30,15
2024-05-16T16:00:00Z,2024,137,16,1.94704e-12,2.42165e-12,360,488573,-1.18185,16.636,211.9,185.904,-69,30,15
2024-05-16T17:00:00Z,2024,137,17,1.85624e-12,1.70264e-12,360,490157,26.078,5.05809,211.9,185.904,-68,30,15
2024-05-16T18:00:00Z,2024,137,18,1.81052e-12,1.59628e-12,360,493418,-32.3794,3.00272,211.9,185.904,-64,23,9
2024-05-16T19:00:00Z,2024,137,19,1.74506e-12,2.19241e-12,360,486237,17.1228,16.3928,211.9,185.904,-58,23,9
2024-05-16T20:00:00Z,2024,137,20,1.70581e-12,1.32173e-12,360,494910,10.6767,4.67553,211.9,185.904,-54,23,9
2024-05-16T21:00:00Z,2024,137,21,1.66651e-12,1.69635e-12,360,491411,-30.7095,17.4212,211.9,185.904,-52,10,4
2024-05-16T22:00:00Z,2024,137,22,1.65093e-12,2.06469e-12,360,484757,29.4115,15.9664,211.9,185.904,-51,10,4
2024-05-16T23:00:00Z,2024,137,23,1.64059e-12,1.0701e-12,360,497173,-7.8746,4.57131,211.9,185.904,-49,10,4
2024-05-17T00:00:00Z,2024,138,0,1.63681e-12,1.89692e-12,360,490238,-19.855,16.8828,208.7,186.698,-51,13,5
2024-05-17T01:00:00Z,2024,138,1,1.62687e-12,1.87696e-12,360,485817,32.5405,7.37263,208.7,186.698,-52,13,5
2024-05-17T02:00:00Z,2024,138,2,1.60432e-12,1.07325e-12,360,496160,-24.3899,4.22571,208.7,186.698,-51,13,5
2024-05-17T03:00:00Z,2024,138,3,1.59744e-12,2.01272e-12,360,488679,-1.90042,16.6043,208.7,186.698,-50,23,9
2024-05-17T04:00:00Z,2024,138,4,1.59926e-12,1.48065e-12,360,489802,26.4923,5.04015,208.7,186.698,-43,23,9
2024-05-17T05:00:00Z,2024,138,5,1.64216e-12,1.41416e-12,360,493678,-32.264,3.12564,208.7,186.698,-37,23,9
2024-05-17T06:00:00Z,2024,138,6,1.65406e-12,2.14851e-12,360,486225,16.4584,16.3711,208.7,186.698,-39,13,5
2024-05-17T07:00:00Z,2024,138,7,1.65708e-12,1.18197e-12,360,494653,11.3933,4.64885,208.7,186.698,-34,13,5
2024-05-17T08:00:00Z,2024,138,8,1.6886e-12,1.76578e-12,360,491554,-30.949,17.4359,208.7,186.698,-31,13,5
2024-05-17T09:00:00Z,2024,138,9,1.72374e-12,2.19117e-12,360,484588,29.0989,15.9628,208.7,186.698,-30,17,6
2024-05-17T10:00:00Z,2024,138,10,1.72188e-12,1.05011e-12,360,497206,-7.15322,4.54137,208.7,186.698,-30,17,6
2024-05-17T11:00:00Z,2024,138,11,1.7249e-12,2.08357e-12,360,490364,-20.4554,16.8595,208.7,186.698,-34,17,6
2024-05-17T12:00:00Z,2024,138,12,1.72248e-12,1.91688e-12,360,485526,32.5856,7.85387,208.7,186.698,-40,37,22
2024-05-17T13:00:00Z,2024,138,13,1.76555e-12,1.20667e-12,360,496367,-23.8997,4.20422,208.7,186.698,-28,37,22
2024-05-17T14:00:00Z,2024,138,14,1.80314e-12,2.31553e-12,360,488745,-2.62517,16.5729,208.7,186.698,-23,37,22
2024-05-17T15:00:00Z,2024,138,15,1.85377e-12,1.73434e-12,360,489506,26.8981,5.02386,208.7,186.698,-21,53,56
2024-05-17T16:00:00Z,2024,138,16,1.87774e-12,1.53741e-12,360,493844,-32.1302,3.22181,208.7,186.698,-36,53,56
2024-05-17T17:00:00Z,2024,138,17,1.96843e-12,2.49824e-12,360,486275,15.7772,16.3518,208.7,186.698,-52,53,56
2024-05-17T18:00:00Z,2024,138,18,2.05511e-12,1.65942e-12,360,494400,12.1176,4.62434,208.7,186.698,-66,60,80
2024-05-17T19:00:00Z,2024,138,19,2.08404e-12,2.11556e-12,360,491679,-31.1764,17.457,208.7,186.698,-77,60,80
2024-05-17T20:00:00Z,2024,138,20,2.05564e-12,2.51897e-12,360,484445,28.7701,15.9566,208.7,186.698,-80,60,80
2024-05-17T21:00:00Z,2024,138,21,2.01841e-12,1.35566e-12,360,497188,-6.42174,4.51059,208.7,186.698,-78,53,56
2024-05-17T22:00:00Z,2024,138,22,2.0717e-12,2.42858e-12,360,490379,-21.045,16.8363,208.7,186.698,-85,53,56
2024-05-17T23:00:00Z,2024,138,23,2.10672e-12,2.25432e-12,360,485407,32.6217,8.49352,208.7,186.698,-88,53,56
2024-05-18T00:00:00Z,2024,139,0,2.13578e-12,1.67414e-12,360,496460,-23.3859,4.18167,198.8,187.484,-82,40,27
2024-05-18T01:00:00Z,2024,139,1,2.08528e-12,2.50526e-12,360,488841,-3.35739,16.5413,198.8,187.484,-81,40,27
2024-05-18T02:00:00Z,2024,139,2,2.09999e-12,2.00408e-12,360,489211,27.2947,5.0082,198.8,187.484,-78,40,27
2024-05-18T03:00:00Z,2024,139,3,2.09969e-12,1.82884e-12,360,494044,-31.982,3.29962,198.8,187.484,-78,33,18
2024-05-18T04:00:00Z,2024,139,4,2.10582e-12,2.56909e-12,360,486327,15.0726,16.3363,198.8,187.484,-78,33,18
2024-05-18T05:00:00Z,2024,139,5,2.13712e-12,1.72004e-12,360,494094,12.8458,4.60473,198.8,187.484,-72,33,18
2024-05-18T06:00:00Z,2024,139,6,2.14741e-12,2.1918e-12,360,491878,-31.3934,17.4854,198.8,187.484,-69,23,9
2024-05-18T07:00:00Z,2024,139,7,2.1138e-12,2.6202e-12,360,484281,28.4229,15.9486,198.8,187.484,-66,23,9
2024-05-18T08:00:00Z,2024,139,8,2.0567e-12,1.33169e-12,360,497142,-5.68498,4.47941,198.8,187.484,-62,23,9
2024-05-18T09:00:00Z,2024,139,9,2.04511e-12,2.37362e-12,360,490478,-21.6286,16.8132,198.8,187.484,-62,30,15
2024-05-18T10:00:00Z,2024,139,10,2.07602e-12,2.36736e-12,360,485079,32.638,9.31798,198.8,187.484,-67,30,15
2024-05-18T11:00:00Z,2024,139,11,2.07166e-12,1.48111e-12,360,496735,-22.8576,4.15977,198.8,187.484,-68,30,15
2024-05-18T12:00:00Z,2024,139,12,2.0405e-12,2.50871e-12,360,488893,-4.10064,16.5099,198.8,187.484,-65,20,7
2024-05-18T13:00:00Z,2024,139,13,1.96966e-12,1.84802e-12,360,488876,27.6791,4.99504,198.8,187.484,-63,20,7
2024-05-18T14:00:00Z,2024,139,14,1.95354e-12,1.68959e-12,360,494279,-31.8181,3.36097,198.8,187.484,-62,20,7
2024-05-18T15:00:00Z,2024,139,15,1.90463e-12,2.38949e-12,360,486334,14.3468,16.3304,198.8,187.484,-62,20,7
2024-05-18T16:00:00Z,2024,139,16,1.84929e-12,1.41869e-12,360,493892,13.584,4.59567,198.8,187.484,-58,20,7
2024-05-18T17:00:00Z,2024,139,17,1.81909e-12,1.85475e-12,360,491968,-31.5947,17.5253,198.8,187.484,-54,20,7
2024-05-18T18:00:00Z,2024,139,18,1.7666e-12,2.23206e-12,360,484226,28.0603,15.939,198.8,187.484,-53,13,5
2024-05-18T19:00:00Z,2024,139,19,1.72025e-12,1.14173e-12,360,497056,-4.93967,4.44843,198.8,187.484,-49,13,5
2024-05-18T20:00:00Z,2024,139,20,1.6759e-12,1.89614e-12,360,490505,-22.2016,16.7903,198.8,187.484,-45,13,5
2024-05-18T21:00:00Z,2024,139,21,1.64852e-12,1.95654e-12,360,484875,32.6431,10.2936,198.8,187.484,-38,10,4
2024-05-18T22:00:00Z,2024,139,22,1.61278e-12,1.05858e-12,360,496832,-22.3014,4.13697,198.8,187.484,-33,10,4
2024-05-18T23:00:00Z,2024,139,23,1.58867e-12,1.96081e-12,360,488949,-4.84897,16.4788,198.8,187.484,-34,10,4
2024-05-19T00:00:00Z,2024,140,0,1.55908e-12,1.54746e-12,360,488667,28.058,4.98265,205.5,188.243,-35,10,4
2024-05-19T01:00:00Z,2024,140,1,1.55098e-12,1.23144e-12,360,494435,-31.6351,3.40958,205.5,188.243,-32,10,4
2024-05-19T02:00:00Z,2024,140,2,1.55243e-12,2.01721e-12,360,486420,13.6037,16.3342,205.5,188.243,-34,10,4
2024-05-19T03:00:00Z,2024,140,3,1.56721e-12,1.22164e-12,360,493610,14.3243,4.59937,205.5,188.243,-37,27,12
2024-05-19T04:00:00Z,2024,140,4,1.59162e-12,1.56497e-12,360,492206,-31.7866,17.5762,205.5,188.243,-39,27,12
2024-05-19T05:00:00Z,2024,140,5,1.60542e-12,2.08593e-12,360,484122,27.6766,15.9271,205.5,188.243,-42,27,12
2024-05-19T06:00:00Z,2024,140,6,1.6123e-12,1.0025e-12,360,496928,-4.19106,4.41713,205.5,188.243,-39,10,4
2024-05-19T07:00:00Z,2024,140,7,1.61632e-12,1.85984e-12,360,490632,-22.766,16.7677,205.5,188.243,-37,10,4
2024-05-19T08:00:00Z,2024,140,8,1.62179e-12,1.92004e-12,360,484572,32.6309,11.3026,205.5,188.243,-35,10,4
2024-05-19T09:00:00Z,2024,140,9,1.64403e-12,1.05115e-12,360,497005,-21.7293,4.11466,205.5,188.243,-32,20,7
2024-05-19T10:00:00Z,2024,140,10,1.68664e-12,2.15642e-12,360,489020,-5.60894,16.4478,205.5,188.243,-24,20,7
2024-05-19T11:00:00Z,2024,140,11,1.69834e-12,1.60817e-12,360,488290,28.4192,4.97323,205.5,188.243,-26,20,7
2024-05-19T12:00:00Z,2024,140,12,1.7095e-12,1.4112e-12,360,494765,-31.4393,3.44868,205.5,188.243,-25,27,12
2024-05-19T13:00:00Z,2024,140,13,1.69328e-12,2.19559e-12,360,486435,12.8482,16.3238,205.5,188.243,-24,27,12
2024-05-19T14:00:00Z,2024,140,14,1.74005e-12,1.34982e-12,360,493360,15.0595,4.59227,205.5,188.243,-27,27,12
2024-05-19T15:00:00Z,2024,140,15,1.74752e-12,1.71555e-12,360,492373,-31.9633,17.6437,205.5,188.243,-33,20,7
2024-05-19T16:00:00Z,2024,140,16,1.74017e-12,2.23977e-12,360,484086,27.2773,15.9138,205.5,188.243,-34,20,7
2024-05-19T17:00:00Z,2024,140,17,1.69668e-12,1.06008e-12,360,496839,-3.43264,4.38532,205.5,188.243,-33,20,7
2024-05-19T18:00:00Z,2024,140,18,1.6892e-12,1.93796e-12,360,490694,-23.3163,16.7458,205.5,188.243,-33,23,9
2024-05-19T19:00:00Z,2024,140,19,1.6647e-12,2.00667e-12,360,484319,32.6041,12.2054,205.5,188.243,-28,23,9
2024-05-19T20:00:00Z,2024,140,20,1.63689e-12,1.08407e-12,360,497112,-21.1353,4.09192,205.5,188.243,-16,23,9
2024-05-19T21:00:00Z,2024,140,21,1.5939e-12,1.93735e-12,360,489027,-6.37323,16.4168,205.5,188.243,-14,17,6
2024-05-19T22:00:00Z,2024,140,22,1.57665e-12,1.59351e-12,360,488055,28.774,4.9647,205.5,188.243,-12,17,6
2024-05-19T23:00:00Z,2024,140,23,1.5506e-12,1.20846e-12,360,494886,-31.2202,3.47822,205.5,188.243,-12,17,6
2024-05-20T00:00:00Z,2024,141,0,1.52742e-12,1.98045e-12,360,486550,12.0855,16.3038,204.5,189.081,-14,7,3
2024-05-20T01:00:00Z,2024,141,1,1.50947e-12,1.2e-12,360,493087,15.79,4.57625,204.5,189.081,-15,7,3
2024-05-20T02:00:00Z,2024,141,2,1.48842e-12,1.42818e-12,360,492567,-32.1267,17.7306,204.5,189.081,-14,7,3
2024-05-20T03:00:00Z,2024,141,3,1.50705e-12,1.95154e-12,360,484044,26.8562,15.8996,204.5,189.081,-20,23,9
2024-05-20T04:00:00Z,2024,141,4,1.52993e-12,1.00103e-12,360,496712,-2.66908,4.35386,204.5,189.081,-22,23,9
2024-05-20T05:00:00Z,2024,141,5,1.55271e-12,1.74624e-12,360,490924,-23.8609,16.7241,204.5,189.081,-19,23,9
2024-05-20T06:00:00Z,2024,141,6,1.56449e-12,1.88578e-12,360,483979,32.559,12.929,204.5,189.081,-20,23,9
2024-05-20T07:00:00Z,2024,141,7,1.55759e-12,9.86642e-13,360,497208,-20.5211,4.06893,204.5,189.081,-34,23,9
2024-05-20T08:00:00Z,2024,141,8,1.54913e-12,1.9358e-12,360,489080,-7.14462,16.3862,204.5,189.081,-29,23,9
2024-05-20T09:00:00Z,2024,141,9,1.51981e-12,1.50576e-12,360,487671,29.1126,4.95883,204.5,189.081,-24,7,3
2024-05-20T10:00:00Z,2024,141,10,1.51971e-12,1.20295e-12,360,495194,-30.9878,3.50252,204.5,189.081,-28,7,3
2024-05-20T11:00:00Z,2024,141,11,1.52327e-12,1.99686e-12,360,486556,11.3108,16.2795,204.5,189.081,-30,7,3
2024-05-20T12:00:00Z,2024,141,12,1.51559e-12,1.16516e-12,360,492827,16.5103,4.55743,204.5,189.081,-25,20,7
2024-05-20T13:00:00Z,2024,141,13,1.50571e-12,1.46411e-12,360,492792,-32.2767,17.844,204.5,189.081,-18,20,7
2024-05-20T14:00:00Z,2024,141,14,1.49645e-12,1.97525e-12,360,483996,26.4157,15.8837,204.5,189.081,-21,20,7
2024-05-20T15:00:00Z,2024,141,15,1.47472e-12,8.88224e-13,360,496607,-1.89683,4.32226,204.5,189.081,-19,7,3
2024-05-20T16:00:00Z,2024,141,16,1.46448e-12,1.6874e-12,360,491036,-24.3914,16.7038,204.5,189.081,-18,7,3
2024-05-20T17:00:00Z,2024,141,17,1.43396e-12,1.78259e-12,360,483842,32.5023,13.4773,204.5,189.081,-18,7,3
2024-05-20T18:00:00Z,2024,141,18,1.40586e-12,8.31336e-13,360,497203,-19.8843,4.04571,204.5,189.081,-16,7,3
2024-05-20T19:00:00Z,2024,141,19,1.36566e-12,1.69542e-12,360,489202,-7.92256,16.3557,204.5,189.081,-13,7,3
2024-05-20T20:00:00Z,2024,141,20,1.361e-12,1.43531e-12,360,487283,29.4375,4.95569,204.5,189.081,-11,7,3
2024-05-20T21:00:00Z,2024,141,21,1.34019e-12,9.67371e-13,360,495360,-30.7338,3.51982,204.5,189.081,-9,20,7
2024-05-20T22:00:00Z,2024,141,22,1.33743e-12,1.75033e-12,360,486640,10.5317,16.2532,204.5,189.081,-9,20,7
2024-05-20T23:00:00Z,2024,141,23,1.34649e-12,1.09167e-12,360,492579,17.2249,4.53582,204.5,189.081,-13,20,7
2024-05-21T00:00:00Z,2024,142,0,1.3397e-12,1.26359e-12,360,492966,-32.41,17.9922,195.4,189.672,-13,17,6
2024-05-21T01:00:00Z,2024,142,1,1.33716e-12,1.7737e-12,360,484017,25.9561,15.8669,195.4,189.672,-9,17,6
2024-05-21T02:00:00Z,2024,142,2,1.33992e-12,8.33842e-13,360,496450,-1.11819,4.29031,195.4,189.672,-10,17,6
2024-05-21T03:00:00Z,2024,142,3,1.33487e-12,1.50378e-12,360,491257,-24.9124,16.684,195.4,189.672,-13,7,3
2024-05-21T04:00:00Z,2024,142,4,1.35924e-12,1.69443e-12,360,483600,32.4256,13.8839,195.4,189.672,-13,7,3
2024-05-21T05:00:00Z,2024,142,5,1.37862e-12,8.07338e-13,360,497278,-19.2304,4.02281,195.4,189.672,-12,7,3
2024-05-21T06:00:00Z,2024,142,6,1.39131e-12,1.75549e-12,360,489348,-8.70531,16.3255,195.4,189.672,-10,7,3
2024-05-21T07:00:00Z,2024,142,7,1.41674e-12,1.45851e-12,360,486900,29.7486,4.95567,195.4,189.672,-11,7,3
2024-05-21T08:00:00Z,2024,142,8,1.40599e-12,1.0316e-12,360,495529,-30.4624,3.53219,195.4,189.672,-9,7,3
2024-05-21T09:00:00Z,2024,142,9,1.42135e-12,1.90081e-12,360,486688,9.74572,16.2255,195.4,189.672,-7,23,9
2024-05-21T10:00:00Z,2024,142,10,1.46178e-12,1.13631e-12,360,492258,17.9249,4.51414,195.4,189.672,-9,23,9
2024-05-21T11:00:00Z,2024,142,11,1.50462e-12,1.43562e-12,360,493242,-32.5308,18.1859,195.4,189.672,-15,23,9
2024-05-21T12:00:00Z,2024,142,12,1.48409e-12,1.94423e-12,360,483972,25.475,15.8492,195.4,189.672,-24,27,12
2024-05-21T13:00:00Z,2024,142,13,1.4641e-12,9.39644e-13,360,496323,-0.334356,4.25882,195.4,189.672,-20,27,12
2024-05-21T14:00:00Z,2024,142,14,1.45954e-12,1.63389e-12,360,491419,-25.4198,16.6655,195.4,189.672,-15,27,12
2024-05-21T15:00:00Z,2024,142,15,1.49972e-12,1.86535e-12,360,483431,32.334,14.1872,195.4,189.672,-12,27,12
2024-05-21T16:00:00Z,2024,142,16,1.50756e-12,9.17269e-13,360,497314,-18.5516,3.99953,195.4,189.672,-15,27,12
2024-05-21T17:00:00Z,2024,142,17,1.49874e-12,1.85096e-12,360,489484,-9.49104,16.2962,195.4,189.672,-17,27,12
2024-05-21T18:00:00Z,2024,142,18,1.46855e-12,1.54431e-12,360,486548,30.0464,4.95927,195.4,189.672,-14,17,6
2024-05-21T19:00:00Z,2024,142,19,1.43747e-12,1.04533e-12,360,495709,-30.1728,3.53987,195.4,189.672,-9,17,6
2024-05-21T20:00:00Z,2024,142,20,1.4049e-12,1.83216e-12,360,486718,8.95503,16.1964,195.4,189.672,-9,17,6
2024-05-21T21:00:00Z,2024,142,21,1.39076e-12,1.16204e-12,360,491961,18.6163,4.49121,195.4,189.672,-12,13,5
2024-05-21T22:00:00Z,2024,142,22,1.39406e-12,1.26795e-12,360,493368,-32.6317,18.4471,195.4,189.672,-13,13,5
2024-05-21T23:00:00Z,2024,142,23,1.39573e-12,1.85003e-12,360,484049,24.9763,15.8308,195.4,189.672,-14,13,5
2024-05-22T00:00:00Z,2024,143,0,1.37371e-12,9.09162e-13,360,496173,0.458864,4.22677,200.6,190.065,-12,17,6
2024-05-22T01:00:00Z,2024,143,1,1.3765e-12,1.48951e-12,360,491588,-25.9142,16.6477,200.6,190.065,-12,17,6
2024-05-22T02:00:00Z,2024,143,2,1.37011e-12,1.73173e-12,360,483278,32.2248,14.416,200.6,190.065,-11,17,6
2024-05-22T03:00:00Z,2024,143,3,1.36326e-12,8.07977e-13,360,497347,-17.8528,3.97688,200.6,190.065,-12,3,2
2024-05-22T04:00:00Z,2024,143,4,1.38587e-12,1.70975e-12,360,489696,-10.2851,16.2673,200.6,190.065,-8,3,2
2024-05-22T05:00:00Z,2024,143,5,1.39756e-12,1.46976e-12,360,486129,30.3267,4.96861,200.6,190.065,-7,3,2
2024-05-22T06:00:00Z,2024,143,6,1.40825e-12,1.02101e-12,360,495879,-29.8653,3.54396,200.6,190.065,-6,3,2
2024-05-22T07:00:00Z,2024,143,7,1.42162e-12,1.89201e-12,360,486815,8.15968,16.1669,200.6,190.065,-5,3,2
2024-05-22T08:00:00Z,2024,143,8,1.41507e-12,1.12338e-12,360,491591,19.2925,4.46789,200.6,190.065,-5,3,2
2024-05-22T09:00:00Z,2024,143,9,1.41319e-12,1.32404e-12,360,493616,-32.7193,18.7964,200.6,190.065,-6,0,0
2024-05-22T10:00:00Z,2024,143,10,1.41391e-12,1.90233e-12,360,483993,24.453,15.8117,200.6,190.065,-7,0,0
2024-05-22T11:00:00Z,2024,143,11,1.39792e-12,8.36788e-13,360,496049,1.25286,4.19556,200.6,190.065,-6,0,0
2024-05-22T12:00:00Z,2024,143,12,1.39088e-12,1.57365e-12,360,491806,-26.3974,16.6315,200.6,190.065,-5,3,2
2024-05-22T13:00:00Z,2024,143,13,1.36534e-12,1.73267e-12,360,483081,32.0967,14.5893,200.6,190.065,-4,3,2
2024-05-22T14:00:00Z,2024,143,14,1.36289e-12,7.72379e-13,360,497397,-17.1326,3.9552,200.6,190.065,-2,3,2
2024-05-22T15:00:00Z,2024,143,15,1.35888e-12,1.69542e-12,360,489831,-11.0832,16.24,200.6,190.065,-1,7,3
2024-05-22T16:00:00Z,2024,143,16,1.33696e-12,1.43345e-12,360,485859,30.5955,4.98289,200.6,190.065,-1,7,3
2024-05-22T17:00:00Z,2024,143,17,1.31726e-12,9.24539e-13,360,495973,-29.5363,3.54332,200.6,190.065,3,7,3
2024-05-22T18:00:00Z,2024,143,18,1.28004e-12,1.68163e-12,360,486939,7.36141,16.1369,200.6,190.065,5,13,5
2024-05-22T19:00:00Z,2024,143,19,1.26262e-12,1.08642e-12,360,491235,19.9567,4.44486,200.6,190.065,6,13,5
2024-05-22T20:00:00Z,2024,143,20,1.23972e-12,1.10222e-12,360,493743,-32.7876,19.2768,200.6,190.065,8,13,5
2024-05-22T21:00:00Z,2024,143,21,1.22651e-12,1.62964e-12,360,484011,23.9119,15.7922,200.6,190.065,8,13,5
2024-05-22T22:00:00Z,2024,143,22,1.23532e-12,7.96352e-13,360,495922,2.05917,4.16358,200.6,190.065,9,13,5
2024-05-22T23:00:00Z,2024,143,23,1.24849e-12,1.38136e-12,360,491887,-26.8626,16.6165,200.6,190.065,7,13,5
2024-05-23T00:00:00Z,2024,144,0,1.2261e-12,1.5528e-12,360,483042,31.9541,14.7241,180.7,190.275,4,7,3
2024-05-23T01:00:00Z,2024,144,1,1.21565e-12,6.95564e-13,360,497394,-16.3882,3.93459,180.7,190.275,5,7,3
2024-05-23T02:00:00Z,2024,144,2,1.21836e-12,1.50804e-12,360,490019,-11.8869,16.2144,180.7,190.275,7,7,3
2024-05-23T03:00:00Z,2024,144,3,1.24391e-12,1.34439e-12,360,485513,30.8472,5.00412,180.7,190.275,7,13,5
2024-05-23T04:00:00Z,2024,144,4,1.25786e-12,8.68991e-13,360,496175,-29.1915,3.5405,180.7,190.275,10,13,5
2024-05-23T05:00:00Z,2024,144,5,1.29955e-12,1.73957e-12,360,487098,6.5566,16.1059,180.7,190.275,7,13,5
2024-05-23T06:00:00Z,2024,144,6,1.32028e-12,1.08055e-12,360,490769,20.6042,4.42173,180.7,190.275,2,13,5
2024-05-23T07:00:00Z,2024,144,7,1.35195e-12,1.223e-12,360,493972,-32.8408,19.9337,180.7,190.275,0,13,5
2024-05-23T08:00:00Z,2024,144,8,1.38471e-12,1.85968e-12,360,483968,23.3485,15.7722,180.7,190.275,-8,13,5
2024-05-23T09:00:00Z,2024,144,9,1.36684e-12,8.3844e-13,360,495732,2.86564,4.13233,180.7,190.275,-10,20,7
2024-05-23T10:00:00Z,2024,144,10,1.37758e-12,1.55403e-12,360,492148,-27.3195,16.6026,180.7,190.275,-10,20,7
2024-05-23T11:00:00Z,2024,144,11,1.38267e-12,1.71189e-12,360,482787,31.7873,14.8272,180.7,190.275,-14,20,7
2024-05-23T12:00:00Z,2024,144,12,1.4161e-12,8.84164e-13,360,497512,-15.6254,3.91739,180.7,190.275,-14,23,9
2024-05-23T13:00:00Z,2024,144,13,1.44082e-12,1.76275e-12,360,490186,-12.6964,16.1924,180.7,190.275,-14,23,9
2024-05-23T14:00:00Z,2024,144,14,1.4466e-12,1.53334e-12,360,485181,31.0829,5.03447,180.7,190.275,-16,23,9
2024-05-23T15:00:00Z,2024,144,15,1.46154e-12,1.04045e-12,360,496337,-28.825,3.53447,180.7,190.275,-19,17,6
2024-05-23T16:00:00Z,2024,144,16,1.47649e-12,1.91962e-12,360,487235,5.74931,16.0752,180.7,190.275,-25,17,6
2024-05-23T17:00:00Z,2024,144,17,1.46339e-12,1.25721e-12,360,490446,21.2421,4.39861,180.7,190.275,-28,17,6
2024-05-23T18:00:00Z,2024,144,18,1.46734e-12,1.3232e-12,360,494074,-32.8736,20.8021,180.7,190.275,-28,23,9
2024-05-23T19:00:00Z,2024,144,19,1.45358e-12,1.88097e-12,360,483984,22.7655,15.7515,180.7,190.275,-25,23,9
2024-05-23T20:00:00Z,2024,144,20,1.43916e-12,1.0031e-12,360,495515,3.67899,4.10087,180.7,190.275,-20,23,9
2024-05-23T21:00:00Z,2024,144,21,1.44016e-12,1.54302e-12,360,492224,-27.7571,16.5903,180.7,190.275,-23,33,18
2024-05-23T22:00:00Z,2024,144,22,1.47154e-12,1.83991e-12,360,482749,31.6073,14.9102,180.7,190.275,-26,33,18
2024-05-23T23:00:00Z,2024,144,23,1.43948e-12,9.0025e-13,360,497474,-14.8331,3.90642,180.7,190.275,-15,33,18
2024-05-24T00:00:00Z,2024,145,0,1.41587e-12,1.70896e-12,360,490363,-13.5111,16.1779,167,190.414,-16,23,9
2024-05-24T01:00:00Z,2024,145,1,1.39514e-12,1.51686e-12,360,484895,31.3047,5.07417,167,190.414,-15,23,9
2024-05-24T02:00:00Z,2024,145,2,1.38859e-12,9.92805e-13,360,496476,-28.4377,3.52639,167,190.414,-12,23,9
2024-05-24T03:00:00Z,2024,145,3,1.41533e-12,1.81847e-12,360,487431,4.93288,16.044,167,190.414,-11,30,15
2024-05-24T04:00:00Z,2024,145,4,1.45656e-12,1.28501e-12,360,489999,21.864,4.37626,167,190.414,-16,30,15
2024-05-24T05:00:00Z,2024,145,5,1.45736e-12,1.29318e-12,360,494353,-32.8936,21.8537,167,190.414,-25,30,15
2024-05-24T06:00:00Z,2024,145,6,1.47023e-12,1.88411e-12,360,483959,22.1593,15.7302,167,190.414,-26,27,12
2024-05-24T07:00:00Z,2024,145,7,1.45285e-12,9.70389e-13,360,495251,4.49665,4.06922,167,190.414,-27,27,12
2024-05-24T08:00:00Z,2024,145,8,1.44675e-12,1.6128e-12,360,492383,-28.1816,16.5792,167,190.414,-21,27,12
2024-05-24T09:00:00Z,2024,145,9,1.45992e-12,1.82527e-12,360,482538,31.403,14.9754,167,190.414,-21,30,15
2024-05-24T10:00:00Z,2024,145,10,1.46688e-12,8.97646e-13,360,497551,-14.0241,3.91151,167,190.414,-18,30,15
2024-05-24T11:00:00Z,2024,145,11,1.47721e-12,1.80185e-12,360,490537,-14.3335,16.1812,167,190.414,-20,30,15
2024-05-24T12:00:00Z,2024,145,12,1.45966e-12,1.56546e-12,360,484556,31.5079,5.12791,167,190.414,-23,20,7
2024-05-24T13:00:00Z,2024,145,13,1.40927e-12,1.03702e-12,360,496661,-28.0302,3.51664,167,190.414,-24,20,7
2024-05-24T14:00:00Z,2024,145,14,1.35022e-12,1.70792e-12,360,487587,4.11013,16.0127,167,190.414,-23,20,7
2024-05-24T15:00:00Z,2024,145,15,1.33895e-12,1.16328e-12,360,489646,22.4756,4.35442,167,190.414,-25,13,5
2024-05-24T16:00:00Z,2024,145,16,1.30597e-12,1.16966e-12,360,494493,-32.8915,22.9502,167,190.414,-25,13,5
2024-05-24T17:00:00Z,2024,145,17,1.26766e-12,1.66802e-12,360,484094,21.535,15.7086,167,190.414,-27,13,5
2024-05-24T18:00:00Z,2024,145,18,1.21943e-12,8.26775e-13,360,494910,5.32048,4.0379,167,190.414,-26,3,2
2024-05-24T19:00:00Z,2024,145,19,1.18362e-12,1.26773e-12,360,492566,-28.5912,16.5706,167,190.414,-25,3,2
2024-05-24T20:00:00Z,2024,145,20,1.1385e-12,1.46274e-12,360,482365,31.1801,15.0264,167,190.414,-23,3,2
2024-05-24T21:00:00Z,2024,145,21,1.12934e-12,6.67847e-13,360,497512,-13.1963,3.90963,167,190.414,-19,10,4
2024-05-24T22:00:00Z,2024,145,22,1.12056e-12,1.34881e-12,360,490686,-15.1494,16.1826,167,190.414,-11,10,4
2024-05-24T23:00:00Z,2024,145,23,1.10857e-12,1.25757e-12,360,484328,31.6982,5.19687,167,190.414,-4,10,4
2024-05-25T00:00:00Z,2024,146,0,1.10616e-12,7.26111e-13,360,496767,-27.5989,3.50456,156.4,190.405,-1,13,5
2024-05-25T01:00:00Z,2024,146,1,1.11296e-12,1.44414e-12,360,487806,3.28089,15.9811,156.4,190.405,-3,13,5
2024-05-25T02:00:00Z,2024,146,2,1.12365e-12,1.01965e-12,360,489231,23.0728,4.33291,156.4,190.405,-6,13,5
2024-05-25T03:00:00Z,2024,146,3,1.12808e-12,9.72456e-13,360,494743,-32.8739,23.9105,156.4,190.405,-11,13,5
2024-05-25T04:00:00Z,2024,146,4,1.14724e-12,1.4934e-12,360,484197,20.8852,15.6864,156.4,190.405,-11,13,5
2024-05-25T05:00:00Z,2024,146,5,1.14495e-12,7.87524e-13,360,494562,6.14622,4.0069,156.4,190.405,-10,13,5
2024-05-25T06:00:00Z,2024,146,6,1.15496e-12,1.23901e-12,360,492782,-28.9848,16.5642,156.4,190.405,-8,13,5
2024-05-25T07:00:00Z,2024,146,7,1.15382e-12,1.4742e-12,360,482228,30.9385,15.0658,156.4,190.405,-8,13,5
2024-05-25T08:00:00Z,2024,146,8,1.12806e-12,6.61541e-13,360,497430,-12.3638,3.89269,156.4,190.405,-9,13,5
2024-05-25T09:00:00Z,2024,146,9,1.11785e-12,1.35877e-12,360,490868,-15.9559,16.1704,156.4,190.405,-8,7,3
2024-05-25T10:00:00Z,2024,146,10,1.09875e-12,1.23192e-12,360,483978,31.8673,5.28849,156.4,190.405,-8,7,3
2024-05-25T11:00:00Z,2024,146,11,1.09166e-12,7.24044e-13,360,496987,-27.149,3.49194,156.4,190.405,-6,7,3
2024-05-25T12:00:00Z,2024,146,12,1.08055e-12,1.41654e-12,360,487990,2.44545,15.9497,156.4,190.405,-5,7,3
2024-05-25T13:00:00Z,2024,146,13,1.05538e-12,9.41663e-13,360,488841,23.6552,4.3127,156.4,190.405,-2,7,3
2024-05-25T14:00:00Z,2024,146,14,1.04078e-12,8.64872e-13,360,494933,-32.836,0.655906,156.4,190.405,-2,7,3
2024-05-25T15:00:00Z,2024,146,15,1.05377e-12,1.4227e-12,360,484329,20.2148,15.6641,156.4,190.405,-2,20,7
2024-05-25T16:00:00Z,2024,146,16,1.04244e-12,7.02482e-13,360,494286,6.98052,3.976,156.4,190.405,-3,20,7
2024-05-25T17:00:00Z,2024,146,17,1.04623e-12,1.09396e-12,360,492927,-29.3591,16.5614,156.4,190.405,-9,20,7
2024-05-25T18:00:00Z,2024,146,18,1.0456e-12,1.3778e-12,360,482149,30.6776,15.0961,156.4,190.405,-14,13,5
2024-05-25T19:00:00Z,2024,146,19,1.01462e-12,5.82761e-13,360,497352,-11.5276,3.86965,156.4,190.405,-13,13,5
2024-05-25T20:00:00Z,2024,146,20,9.86459e-13,1.16768e-12,360,490982,-16.7461,16.1526,156.4,190.405,-10,13,5
2024-05-25T21:00:00Z,2024,146,21,9.75359e-13,1.14891e-12,360,483727,32.0216,5.40685,156.4,190.405,-9,23,9
2024-05-25T22:00:00Z,2024,146,22,9.84683e-13,6.14132e-13,360,497066,-26.6732,3.4769,156.4,190.405,-15,23,9
2024-05-25T23:00:00Z,2024,146,23,9.88593e-13,1.28392e-12,360,488210,1.6066,15.9181,156.4,190.405,-20,23,9
2024-05-26T00:00:00Z,2024,147,0,9.67659e-13,9.01527e-13,360,488503,24.2245,4.29267,159.7,190.133,-19,13,5
2024-05-26T01:00:00Z,2024,147,1,9.57632e-13,7.98187e-13,360,495114,-32.7788,1.20317,159.7,190.133,-17,13,5
2024-05-26T02:00:00Z,2024,147,2,9.42349e-13,1.25307e-12,360,484497,19.522,15.6414,159.7,190.133,-14,13,5
2024-05-26T03:00:00Z,2024,147,3,9.76005e-13,6.8131e-13,360,493946,7.81647,3.94565,159.7,190.133,-12,23,9
2024-05-26T04:00:00Z,2024,147,4,1.01133e-12,1.04431e-12,360,493200,-29.7197,16.5613,159.7,190.133,-13,23,9
2024-05-26T05:00:00Z,2024,147,5,1.0277e-12,1.34379e-12,360,482043,30.3955,15.1173,159.7,190.133,-12,23,9
2024-05-26T06:00:00Z,2024,147,6,1.0158e-12,5.80389e-13,360,497203,-10.6881,3.84356,159.7,190.133,-11,7,3
2024-05-26T07:00:00Z,2024,147,7,9.96577e-13,1.20418e-12,360,491189,-17.521,16.1323,159.7,190.133,-11,7,3
2024-05-26T08:00:00Z,2024,147,8,9.89659e-13,1.16006e-12,360,483393,32.1551,5.56221,159.7,190.133,-12,7,3
2024-05-26T09:00:00Z,2024,147,9,9.75943e-13,5.89487e-13,360,497226,-26.18,3.46172,159.7,190.133,-11,23,9
2024-05-26T10:00:00Z,2024,147,10,9.83418e-13,1.30283e-12,360,488406,0.761117,15.8864,159.7,190.133,-7,23,9
2024-05-26T11:00:00Z,2024,147,11,9.93184e-13,9.03742e-13,360,488082,24.7735,4.27432,159.7,190.133,-8,23,9
2024-05-26T12:00:00Z,2024,147,12,9.81501e-13,8.08276e-13,360,495373,-32.7043,1.60114,159.7,190.133,-10,27,12
2024-05-26T13:00:00Z,2024,147,13,9.74737e-13,1.29999e-12,360,484629,18.807,15.619,159.7,190.133,-11,27,12
2024-05-26T14:00:00Z,2024,147,14,1.02449e-12,7.59166e-13,360,493629,8.65642,3.91585,159.7,190.133,-17,27,12
2024-05-26T15:00:00Z,2024,147,15,1.00768e-12,1.01768e-12,360,493374,-30.0606,16.5663,159.7,190.133,-18,27,12
2024-05-26T16:00:00Z,2024,147,16,9.84432e-13,1.3077e-12,360,482057,30.0968,15.1324,159.7,190.133,-22,27,12
2024-05-26T17:00:00Z,2024,147,17,9.49559e-13,5.14122e-13,360,497038,-9.84344,3.81528,159.7,190.133,-21,27,12
2024-05-26T18:00:00Z,2024,147,18,9.4532e-13,1.13872e-12,360,491358,-18.2786,16.1109,159.7,190.133,-22,27,12
2024-05-26T19:00:00Z,2024,147,19,9.47654e-13,1.11948e-12,360,483111,32.2712,5.7709,159.7,190.133,-27,27,12
2024-05-26T20:00:00Z,2024,147,20,9.46266e-13,5.81354e-13,360,497284,-25.6623,3.44517,159.7,190.133,-27,27,12
2024-05-26T21:00:00Z,2024,147,21,9.32643e-13,1.21016e-12,360,488556,-0.0862083,15.8548,159.7,190.133,-17,10,4
2024-05-26T22:00:00Z,2024,147,22,9.11154e-13,8.65592e-13,360,487825,25.3127,4.25599,159.7,190.133,-11,10,4
2024-05-26T23:00:00Z,2024,147,23,8.91845e-13,7.21019e-13,360,495454,-32.6053,1.89149,159.7,190.133,-6,10,4
2024-05-27T00:00:00Z,2024,148,0,8.75778e-13,1.17231e-12,360,484857,18.0712,15.5967,174.6,189.78,-5,10,4
2024-05-27T01:00:00Z,2024,148,1,8.66772e-13,6.0422e-13,360,493312,9.50179,3.88657,174.6,189.78,-1,10,4
2024-05-27T02:00:00Z,2024,148,2,8.57915e-13,8.76391e-13,360,493580,-30.3846,16.5755,174.6,189.78,0,10,4
2024-05-27T03:00:00Z,2024,148,3,8.61184e-13,1.14883e-12,360,482041,29.7756,15.1418,174.6,189.78,-1,3,2
2024-05-27T04:00:00Z,2024,148,4,8.55271e-13,4.68804e-13,360,496888,-8.99857,3.78642,174.6,189.78,0,3,2
2024-05-27T05:00:00Z,2024,148,5,8.68317e-13,1.04292e-12,360,491625,-19.0222,16.0884,174.6,189.78,0,3,2
2024-05-27T06:00:00Z,2024,148,6,8.69626e-13,1.03193e-12,360,482744,32.3664,6.05373,174.6,189.78,-2,23,9
2024-05-27T07:00:00Z,2024,148,7,8.95628e-13,5.24378e-13,360,497377,-25.1258,3.42744,174.6,189.78,2,23,9
2024-05-27T08:00:00Z,2024,148,8,9.55306e-13,1.26911e-12,360,488726,-0.938397,15.8232,174.6,189.78,-1,23,9
2024-05-27T09:00:00Z,2024,148,9,9.73704e-13,9.10178e-13,360,487384,25.8291,4.23922,174.6,189.78,-9,30,15
2024-05-27T10:00:00Z,2024,148,10,9.91746e-13,7.98374e-13,360,495787,-32.4932,2.11003,174.6,189.78,-10,30,15
2024-05-27T11:00:00Z,2024,148,11,9.85345e-13,1.3142e-12,360,484940,17.3089,15.5751,174.6,189.78,-12,30,15
2024-05-27T12:00:00Z,2024,148,12,9.4083e-13,6.73334e-13,360,493014,10.3479,3.85889,174.6,189.78,-4,23,9
2024-05-27T13:00:00Z,2024,148,13,9.12228e-13,9.26374e-13,360,493815,-30.6916,16.5913,174.6,189.78,-4,23,9
2024-05-27T14:00:00Z,2024,148,14,9.02032e-13,1.18508e-12,360,482010,29.434,15.1464,174.6,189.78,-10,23,9
2024-05-27T15:00:00Z,2024,148,15,8.98032e-13,5.25081e-13,360,496772,-8.14841,3.75651,174.6,189.78,-12,13,5
2024-05-27T16:00:00Z,2024,148,16,8.98925e-13,1.0673e-12,360,491785,-19.7459,16.0663,174.6,189.78,-12,13,5
2024-05-27T17:00:00Z,2024,148,17,8.76488e-13,1.04501e-12,360,482555,32.4464,6.44327,174.6,189.78,-10,13,5
2024-05-27T18:00:00Z,2024,148,18,8.56896e-13,5.07404e-13,360,497364,-24.566,3.40879,174.6,189.78,-9,13,5
2024-05-27T19:00:00Z,2024,148,19,8.44531e-13,1.09749e-12,360,488891,-1.7923,15.7913,174.6,189.78,-10,13,5
2024-05-27T20:00:00Z,2024,148,20,8.39593e-13,8.2789e-13,360,487018,26.3308,4.22315,174.6,189.78,-7,13,5
2024-05-27T21:00:00Z,2024,148,21,8.36449e-13,6.29846e-13,360,495872,-32.3545,2.27417,174.6,189.78,-5,20,7
2024-05-27T22:00:00Z,2024,148,22,8.5386e-13,1.14372e-12,360,485161,16.5278,15.5551,174.6,189.78,-6,20,7
2024-05-27T23:00:00Z,2024,148,23,8.62339e-13,6.40292e-13,360,492724,11.2035,3.83227,174.6,189.78,-7,20,7
2024-05-28T00:00:00Z,2024,149,0,8.60429e-13,8.61207e-13,360,493974,-30.9784,16.6137,170.9,189.273,-5,20,7
2024-05-28T01:00:00Z,2024,149,1,8.61275e-13,1.14856e-12,360,482071,29.0725,15.1473,170.9,189.273,-6,20,7
2024-05-28T02:00:00Z,2024,149,2,8.54701e-13,4.74316e-13,360,496590,-7.29406,3.72594,170.9,189.273,-8,20,7
2024-05-28T03:00:00Z,2024,149,3,8.48468e-13,1.0128e-12,360,492065,-20.4569,16.0439,170.9,189.273,-8,17,6
2024-05-28T04:00:00Z,2024,149,4,8.61637e-13,1.04406e-12,360,482253,32.5038,6.99201,170.9,189.273,-4,17,6
2024-05-28T05:00:00Z,2024,149,5,8.68826e-13,5.11942e-13,360,497424,-23.9884,3.38961,170.9,189.273,2,17,6
2024-05-28T06:00:00Z,2024,149,6,8.73407e-13,1.14447e-12,360,489089,-2.65025,15.7595,170.9,189.273,4,17,6
2024-05-28T07:00:00Z,2024,149,7,8.87295e-13,8.49659e-13,360,486583,26.8128,4.20812,170.9,189.273,4,17,6
2024-05-28T08:00:00Z,2024,149,8,8.83153e-13,6.76052e-13,360,496056,-32.1983,2.40103,170.9,189.273,8,17,6
2024-05-28T09:00:00Z,2024,149,9,8.81107e-13,1.20667e-12,360,485274,15.7191,15.5377,170.9,189.273,9,7,3
2024-05-28T10:00:00Z,2024,149,10,8.6089e-13,6.02856e-13,360,492390,12.0577,3.8096,170.9,189.273,7,7,3
2024-05-28T11:00:00Z,2024,149,11,8.5585e-13,8.62285e-13,360,494251,-31.251,16.6445,170.9,189.273,6,7,3
2024-05-28T12:00:00Z,2024,149,12,8.35529e-13,1.12352e-12,360,482050,28.6875,15.1448,170.9,189.273,3,3,2
2024-05-28T13:00:00Z,2024,149,13,8.31717e-13,4.69062e-13,360,496448,-6.43648,3.69537,170.9,189.273,0,3,2
2024-05-28T14:00:00Z,2024,149,14,8.2146e-13,9.61267e-13,360,492269,-21.1505,16.0221,170.9,189.273,1,3,2
2024-05-28T15:00:00Z,2024,149,15,8.22766e-13,1.02379e-12,360,482072,32.5447,7.75685,170.9,189.273,5,7,3
2024-05-28T16:00:00Z,2024,149,16,8.09527e-13,4.41619e-13,360,497410,-23.3846,3.36893,170.9,189.273,8,7,3
2024-05-28T17:00:00Z,2024,149,17,8.00954e-13,1.05131e-12,360,489331,-3.50824,15.7279,170.9,189.273,10,7,3
2024-05-28T18:00:00Z,2024,149,18,7.82042e-13,7.84964e-13,360,486141,27.2776,4.19485,170.9,189.273,11,7,3
2024-05-28T19:00:00Z,2024,149,19,7.73825e-13,5.64589e-13,360,496207,-32.0211,2.49831,170.9,189.273,10,7,3
2024-05-28T20:00:00Z,2024,149,20,7.66762e-13,1.03342e-12,360,485401,14.8893,15.5259,170.9,189.273,8,7,3
2024-05-28T21:00:00Z,2024,149,21,7.67387e-13,5.80347e-13,360,492068,12.9199,3.79248,170.9,189.273,7,7,3
2024-05-28T22:00:00Z,2024,149,22,7.64561e-13,7.46501e-13,360,494377,-31.5005,16.6865,170.9,189.273,8,7,3
2024-05-28T23:00:00Z,2024,149,23,7.59846e-13,1.02288e-12,360,482172,28.2834,15.1401,170.9,189.273,10,7,3
2024-05-29T00:00:00Z,2024,150,0,7.62184e-13,4.30678e-13,360,496241,-5.57202,3.66391,175.2,188.598,10,3,2
2024-05-29T01:00:00Z,2024,150,1,7.65836e-13,8.8878e-13,360,492518,-21.8286,16.0002,175.2,188.598,14,3,2
2024-05-29T02:00:00Z,2024,150,2,7.7205e-13,9.67457e-13,360,481854,32.5646,8.76874,175.2,188.598,15,3,2
2024-05-29T03:00:00Z,2024,150,3,7.73062e-13,4.20229e-13,360,497441,-22.7607,3.34806,175.2,188.598,13,7,3
2024-05-29T04:00:00Z,2024,150,4,7.89557e-13,1.0275e-12,360,489643,-4.37379,15.6961,175.2,188.598,16,7,3
2024-05-29T05:00:00Z,2024,150,5,8.02501e-13,8.00019e-13,360,485640,27.7216,4.184,175.2,188.598,18,7,3
2024-05-29T06:00:00Z,2024,150,6,8.13306e-13,6.07014e-13,360,496358,-31.8235,2.57307,175.2,188.598,16,17,6
2024-05-29T07:00:00Z,2024,150,7,8.18949e-13,1.12881e-12,360,485567,14.0394,15.5287,175.2,188.598,18,17,6
2024-05-29T08:00:00Z,2024,150,8,8.2767e-13,6.09801e-13,360,491656,13.7809,3.79195,175.2,188.598,22,17,6
2024-05-29T09:00:00Z,2024,150,9,8.29973e-13,7.98977e-13,360,494620,-31.7345,16.7404,175.2,188.598,24,17,6
2024-05-29T10:00:00Z,2024,150,10,8.31543e-13,1.11226e-12,360,482161,27.8533,15.1323,175.2,188.598,23,17,6
2024-05-29T11:00:00Z,2024,150,11,8.3765e-13,5.08411e-13,360,496105,-4.7057,3.6331,175.2,188.598,16,17,6
2024-05-29T12:00:00Z,2024,150,12,8.31096e-13,9.45098e-13,360,492756,-22.4904,15.9792,175.2,188.598,15,10,4
2024-05-29T13:00:00Z,2024,150,13,8.19035e-13,1.0162e-12,360,481662,32.5647,9.94127,175.2,188.598,15,10,4
2024-05-29T14:00:00Z,2024,150,14,8.20574e-13,4.60783e-13,360,497437,-22.1121,3.32649,175.2,188.598,17,10,4
2024-05-29T15:00:00Z,2024,150,15,8.41903e-13,1.08919e-12,360,489895,-5.24114,15.6648,175.2,188.598,21,17,6
2024-05-29T16:00:00Z,2024,150,16,8.49608e-13,8.64268e-13,360,485318,28.152,4.17501,175.2,188.598,27,17,6
2024-05-29T17:00:00Z,2024,150,17,8.47717e-13,6.17846e-13,360,496408,-31.6025,2.62974,175.2,188.598,25,17,6
2024-05-29T18:00:00Z,2024,150,18,8.33104e-13,1.11659e-12,360,485804,13.1756,15.5328,175.2,188.598,19,23,9
2024-05-29T19:00:00Z,2024,150,19,8.69984e-13,7.22369e-13,360,491233,14.6347,3.79771,175.2,188.598,11,23,9
2024-05-29T20:00:00Z,2024,150,20,8.85357e-13,7.92584e-13,360,494747,-31.9464,16.8117,175.2,188.598,12,23,9
2024-05-29T21:00:00Z,2024,150,21,9.04814e-13,1.2101e-12,360,482261,27.4041,15.1229,175.2,188.598,7,17,6
2024-05-29T22:00:00Z,2024,150,22,8.99783e-13,5.57383e-13,360,495898,-3.83156,3.60108,175.2,188.598,4,17,6
2024-05-29T23:00:00Z,2024,150,23,9.05504e-13,1.03439e-12,360,492963,-23.1334,15.9586,175.2,188.598,2,17,6
2024-05-30T00:00:00Z,2024,151,0,8.76524e-13,1.088e-12,360,481549,32.5463,11.0637,177.7,188.212,1,3,2
2024-05-30T01:00:00Z,2024,151,1,8.73296e-13,4.93024e-13,360,497400,-21.4405,3.30432,177.7,188.212,1,3,2
2024-05-30T02:00:00Z,2024,151,2,8.78324e-13,1.12329e-12,360,490211,-6.1133,15.6335,177.7,188.212,4,3,2
2024-05-30T03:00:00Z,2024,151,3,8.78992e-13,9.00549e-13,360,484890,28.5609,4.16898,177.7,188.212,5,7,3
2024-05-30T04:00:00Z,2024,151,4,8.84968e-13,6.48186e-13,360,496579,-31.3643,2.67369,177.7,188.212,10,7,3
2024-05-30T05:00:00Z,2024,151,5,9.0387e-13,1.22049e-12,360,486044,12.3068,15.5178,177.7,188.212,11,7,3
2024-05-30T06:00:00Z,2024,151,6,8.97662e-13,6.76611e-13,360,490768,15.4728,3.78725,177.7,188.212,11,7,3
2024-05-30T07:00:00Z,2024,151,7,8.89255e-13,8.52071e-13,360,494925,-32.1386,16.9041,177.7,188.212,14,7,3
2024-05-30T08:00:00Z,2024,151,8,8.83598e-13,1.19398e-12,360,482298,26.9316,15.1119,177.7,188.212,16,7,3
2024-05-30T09:00:00Z,2024,151,9,8.91606e-13,5.36933e-13,360,495683,-2.95795,3.56996,177.7,188.212,17,13,5
2024-05-30T10:00:00Z,2024,151,10,9.12318e-13,1.02889e-12,360,493231,-23.7613,15.9386,177.7,188.212,12,13,5
2024-05-30T11:00:00Z,2024,151,11,9.10458e-13,1.12328e-12,360,481339,32.5045,11.9653,177.7,188.212,13,13,5
2024-05-30T12:00:00Z,2024,151,12,9.21721e-13,5.603e-13,360,497420,-20.7473,3.2822,177.7,188.212,10,20,7
2024-05-30T13:00:00Z,2024,151,13,9.04473e-13,1.13933e-12,360,490478,-6.98836,15.6028,177.7,188.212,5,20,7
2024-05-30T14:00:00Z,2024,151,14,8.98055e-13,9.37896e-13,360,484527,28.9527,4.1663,177.7,188.212,5,20,7
2024-05-30T15:00:00Z,2024,151,15,9.12024e-13,6.36835e-13,360,496661,-31.1014,2.70602,177.7,188.212,0,33,18
2024-05-30T16:00:00Z,2024,151,16,9.30894e-13,1.24734e-12,360,486326,11.4366,15.4957,177.7,188.212,-3,33,18
2024-05-30T17:00:00Z,2024,151,17,9.24725e-13,7.48075e-13,360,490336,16.2959,3.76988,177.7,188.212,-5,33,18
2024-05-30T18:00:00Z,2024,151,18,9.33453e-13,8.38851e-13,360,495062,-32.3102,17.0258,177.7,188.212,-9,20,7
2024-05-30T19:00:00Z,2024,151,19,9.45304e-13,1.27498e-12,360,482369,26.4379,15.0989,177.7,188.212,-17,20,7
2024-05-30T20:00:00Z,2024,151,20,9.47092e-13,6.24793e-13,360,495435,-2.07788,3.53816,177.7,188.212,-18,20,7
2024-05-30T21:00:00Z,2024,151,21,9.59282e-13,1.0376e-12,360,493353,-24.3679,15.9195,177.7,188.212,-17,27,12
2024-05-30T22:00:00Z,2024,151,22,9.77346e-13,1.22862e-12,360,481332,32.4471,12.6299,177.7,188.212,-12,27,12
2024-05-30T23:00:00Z,2024,151,23,9.48884e-13,5.55826e-13,360,497326,-20.0259,3.25945,177.7,188.212,-7,27,12
2024-05-31T00:00:00Z,2024,152,0,9.32063e-13,1.16927e-12,360,490765,-7.86708,15.5721,184.5,188.326,-5,27,12
2024-05-31T01:00:00Z,2024,152,1,9.12651e-13,9.44367e-13,360,484195,29.3264,4.16644,184.5,188.326,-4,27,12
2024-05-31T02:00:00Z,2024,152,2,9.4086e-13,6.9718e-13,360,496758,-30.8177,2.73026,184.5,188.326,-11,27,12
2024-05-31T03:00:00Z,2024,152,3,9.66918e-13,1.26245e-12,360,486629,10.5602,15.4697,184.5,188.326,-17,43,32
2024-05-31T04:00:00Z,2024,152,4,1.0072e-12,8.31504e-13,360,489844,17.0988,3.75011,184.5,188.326,-22,43,32
2024-05-31T05:00:00Z,2024,152,5,1.06959e-12,9.9375e-13,360,495276,-32.4637,17.1862,184.5,188.326,-21,43,32
2024-05-31T06:00:00Z,2024,152,6,1.0838e-12,1.43234e-12,360,482429,25.921,15.0846,184.5,188.326,-21,23,9
2024-05-31T07:00:00Z,2024,152,7,1.01643e-12,6.12817e-13,360,495150,-1.19734,3.50611,184.5,188.326,-17,23,9
2024-05-31T08:00:00Z,2024,152,8,1.01202e-12,1.15025e-12,360,493572,-24.9585,15.9008,184.5,188.326,-18,23,9
2024-05-31T09:00:00Z,2024,152,9,1.01364e-12,1.2612e-12,360,481121,32.3627,13.1029,184.5,188.326,-22,10,4
2024-05-31T10:00:00Z,2024,152,10,1.01031e-12,6.0275e-13,360,497397,-19.2868,3.2375,184.5,188.326,-21,10,4
2024-05-31T11:00:00Z,2024,152,11,1.02043e-12,1.28333e-12,360,491024,-8.75241,15.5422,184.5,188.326,-24,10,4
2024-05-31T12:00:00Z,2024,152,12,1.02265e-12,1.06326e-12,360,483820,29.6787,4.17181,184.5,188.326,-22,13,5
2024-05-31T13:00:00Z,2024,152,13,1.00574e-12,7.19731e-13,360,496892,-30.513,2.74694,184.5,188.326,-20,13,5
2024-05-31T14:00:00Z,2024,152,14,9.81566e-13,1.29567e-12,360,486878,9.68018,15.442,184.5,188.326,-20,13,5
2024-05-31T15:00:00Z,2024,152,15,9.82416e-13,8.11887e-13,360,489473,17.8875,3.72892,184.5,188.326,-21,17,6
2024-05-31T16:00:00Z,2024,152,16,9.73339e-13,8.93778e-13,360,495363,-32.5935,17.4057,184.5,188.326,-18,17,6
2024-05-31T17:00:00Z,2024,152,17,9.50399e-13,1.26981e-12,360,482605,25.385,15.0689,184.5,188.326,-20,17,6
2024-05-31T18:00:00Z,2024,152,18,9.51969e-13,6.16662e-13,360,494822,-0.312731,3.47436,184.5,188.326,-25,17,6
2024-05-31T19:00:00Z,2024,152,19,9.39475e-13,1.02356e-12,360,493702,-25.5284,15.8831,184.5,188.326,-28,17,6
2024-05-31T20:00:00Z,2024,152,20,9.21627e-13,1.17963e-12,360,481040,32.2606,13.4435,184.5,188.326,-26,17,6
2024-05-31T21:00:00Z,2024,152,21,9.09241e-13,5.08903e-13,360,497297,-18.516,3.21529,184.5,188.326,-24,13,5
2024-05-31T22:00:00Z,2024,152,22,9.10734e-13,1.13538e-12,360,491247,-9.63869,15.5131,184.5,188.326,-21,13,5
2024-05-31T23:00:00Z,2024,152,23,8.91928e-13,9.67634e-13,360,483596,30.017,4.18122,184.5,188.326,-19,13,5
2024-06-01T00:00:00Z,2024,153,0,8.825e-13,6.22707e-13,360,496926,-30.183,2.75784,233.3,188.233,-25,27,12
2024-06-01T01:00:00Z,2024,153,1,8.83591e-13,1.15697e-12,360,487203,8.79613,15.4129,233.3,188.233,-21,27,12
2024-06-01T02:00:00Z,2024,153,2,9.02582e-13,7.60646e-13,360,489023,18.6583,3.70692,233.3,188.233,-21,27,12
2024-06-01T03:00:00Z,2024,153,3,9.02231e-13,8.15288e-13,360,495583,-32.7063,17.7041,233.3,188.233,-22,3,2
2024-06-01T04:00:00Z,2024,153,4,9.18917e-13,1.2228e-12,360,482750,24.8231,15.0514,233.3,188.233,-22,3,2
2024-06-01T05:00:00Z,2024,153,5,9.11426e-13,5.7031e-13,360,494440,0.571539,3.44244,233.3,188.233,-19,3,2
2024-06-01T06:00:00Z,2024,153,6,9.09821e-13,1.01447e-12,360,493921,-26.0808,15.8666,233.3,188.233,-18,7,3
2024-06-01T07:00:00Z,2024,153,7,9.14933e-13,1.17079e-12,360,480882,32.1351,13.6928,233.3,188.233,-17,7,3
2024-06-01T08:00:00Z,2024,153,8,9.13969e-13,4.91434e-13,360,497239,-17.7249,3.19436,233.3,188.233,-16,7,3
2024-06-01T09:00:00Z,2024,153,9,9.23486e-13,1.16816e-12,360,491506,-10.5337,15.485,233.3,188.233,-13,10,4
2024-06-01T10:00:00Z,2024,153,10,9.33381e-13,1.01301e-12,360,483199,30.3298,4.19772,233.3,188.233,-13,10,4
2024-06-01T11:00:00Z,2024,153,11,9.37016e-13,6.35328e-13,360,497122,-29.8341,2.76444,233.3,188.233,-11,10,4
2024-06-01T12:00:00Z,2024,153,12,9.3522e-13,1.25009e-12,360,487463,7.90613,15.3833,233.3,188.233,-11,13,5
2024-06-01T13:00:00Z,2024,153,13,9.34059e-13,7.91507e-13,360,488609,19.4114,3.68515,233.3,188.233,-10,13,5
2024-06-01T14:00:00Z,2024,153,14,9.36017e-13,8.05561e-13,360,495727,-32.7966,18.1243,233.3,188.233,-10,13,5
2024-06-01T15:00:00Z,2024,153,15,9.50118e-13,1.29282e-12,360,482951,24.2404,15.0332,233.3,188.233,-11,13,5
2024-06-01T16:00:00Z,2024,153,16,9.26311e-13,5.8543e-13,360,494123,1.46319,3.41013,233.3,188.233,-12,13,5
2024-06-01T17:00:00Z,2024,153,17,9.12732e-13,1.0004e-12,360,494055,-26.6106,15.8514,233.3,188.233,-11,13,5
2024-06-01T18:00:00Z,2024,153,18,8.84739e-13,1.15377e-12,360,480787,31.9887,13.8776,233.3,188.233,-10,7,3
2024-06-01T19:00:00Z,2024,153,19,8.81838e-13,4.70759e-13,360,497124,-16.9082,3.17433,233.3,188.233,-12,7,3
2024-06-01T20:00:00Z,2024,153,20,8.88054e-13,1.10898e-12,360,491682,-11.43,15.4585,233.3,188.233,-10,7,3
2024-06-01T21:00:00Z,2024,153,21,8.95849e-13,1.00841e-12,360,482965,30.6281,4.21988,233.3,188.233,-12,0,0
2024-06-01T22:00:00Z,2024,153,22,8.83346e-13,5.52475e-13,360,497112,-29.4563,2.76602,233.3,188.233,-10,0,0
2024-06-01T23:00:00Z,2024,153,23,8.8414e-13,1.19506e-12,360,487805,7.01234,15.3529,233.3,188.233,-9,0,0
2024-06-02T00:00:00Z,2024,154,0,8.74434e-13,7.4513e-13,360,488191,20.1494,3.66279,185,188.079,-8,3,2
2024-06-02T01:00:00Z,2024,154,1,8.73056e-13,7.59207e-13,360,495879,-32.8662,18.7175,185,188.079,-8,3,2
2024-06-02T02:00:00Z,2024,154,2,8.80507e-13,1.19705e-12,360,483165,23.6313,15.0142,185,188.079,-8,3,2
2024-06-02T03:00:00Z,2024,154,3,8.83876e-13,5.55841e-13,360,493746,2.35662,3.37829,185,188.079,-4,7,3
2024-06-02T04:00:00Z,2024,154,4,8.95434e-13,9.74467e-13,360,494352,-27.1261,15.8376,185,188.079,-5,7,3
2024-06-02T05:00:00Z,2024,154,5,9.03805e-13,1.19043e-12,360,480635,31.8184,14.0157,185,188.079,-4,7,3
2024-06-02T06:00:00Z,2024,154,6,9.02947e-13,4.71523e-13,360,496976,-16.0672,3.15658,185,188.079,-2,3,2
2024-06-02T07:00:00Z,2024,154,7,9.04015e-13,1.13012e-12,360,491901,-12.3301,15.4349,185,188.079,-3,3,2
2024-06-02T08:00:00Z,2024,154,8,9.14773e-13,1.03043e-12,360,482601,30.9028,4.25095,185,188.079,-1,3,2
2024-06-02T09:00:00Z,2024,154,9,9.18413e-13,5.76397e-13,360,497255,-29.0592,2.76587,185,188.079,-1,10,4
2024-06-02T10:00:00Z,2024,154,10,9.39681e-13,1.2727e-12,360,488062,6.11004,15.3221,185,188.079,-2,10,4
2024-06-02T11:00:00Z,2024,154,11,9.4625e-13,8.19252e-13,360,487782,20.8681,3.64149,185,188.079,-3,10,4
2024-06-02T12:00:00Z,2024,154,12,9.40749e-13,7.93449e-13,360,496053,-32.915,19.5503,185,188.079,0,7,3
2024-06-02T13:00:00Z,2024,154,13,9.21823e-13,1.26113e-12,360,483379,22.9981,14.9942,185,188.079,2,7,3
2024-06-02T14:00:00Z,2024,154,14,9.31122e-13,6.00708e-13,360,493403,3.25615,3.34661,185,188.079,3,7,3
2024-06-02T15:00:00Z,2024,154,15,9.37567e-13,1.00574e-12,360,494513,-27.6189,15.8265,185,188.079,3,10,4
2024-06-02T16:00:00Z,2024,154,16,9.28108e-13,1.2335e-12,360,480687,31.6302,14.1209,185,188.079,8,10,4
2024-06-02T17:00:00Z,2024,154,17,9.1561e-13,4.73167e-13,360,496730,-15.2001,3.14409,185,188.079,8,10,4
2024-06-02T18:00:00Z,2024,154,18,9.11198e-13,1.12749e-12,360,492178,-13.2338,15.4174,185,188.079,7,13,5
2024-06-02T19:00:00Z,2024,154,19,9.15292e-13,1.06339e-12,360,482250,31.1566,4.29318,185,188.079,3,13,5
2024-06-02T20:00:00Z,2024,154,20,9.0825e-13,5.46234e-13,360,497256,-28.6349,2.76173,185,188.079,2,13,5
2024-06-02T21:00:00Z,2024,154,21,9.16829e-13,1.22055e-12,360,488366,5.20564,15.2911,185,188.079,1,23,9
2024-06-02T22:00:00Z,2024,154,22,9.3465e-13,8.56797e-13,360,487418,21.5722,3.61968,185,188.079,-1,23,9
2024-06-02T23:00:00Z,2024,154,23,9.47704e-13,7.78308e-13,360,496154,-32.9402,20.6385,185,188.079,-4,23,9
2024-06-03T00:00:00Z,2024,155,0,9.53094e-13,1.29519e-12,360,483664,22.3411,14.9736,191.4,188.384,-2,17,6
2024-06-03T01:00:00Z,2024,155,1,9.52482e-13,6.23729e-13,360,493012,4.15926,3.31472,191.4,188.384,0,17,6
2024-06-03T02:00:00Z,2024,155,2,9.63947e-13,1.02439e-12,360,494767,-28.0943,15.817,191.4,188.384,1,17,6
2024-06-03T03:00:00Z,2024,155,3,9.80264e-13,1.29217e-12,360,480662,31.4165,14.2005,191.4,188.384,-2,10,4
2024-06-03T04:00:00Z,2024,155,4,1.00888e-12,5.4239e-13,360,496540,-14.3133,3.14673,191.4,188.384,0,10,4
2024-06-03T05:00:00Z,2024,155,5,1.03538e-12,1.27477e-12,360,492471,-14.1385,15.4166,191.4,188.384,0,10,4
2024-06-03T06:00:00Z,2024,155,6,1.04559e-12,1.19348e-12,360,481924,31.3901,4.3493,191.4,188.384,1,13,5
2024-06-03T07:00:00Z,2024,155,7,1.06413e-12,6.67692e-13,360,497245,-28.1881,2.75544,191.4,188.384,0,13,5
2024-06-03T08:00:00Z,2024,155,8,1.08543e-12,1.44384e-12,360,488644,4.29681,15.2599,191.4,188.384,-6,13,5
2024-06-03T09:00:00Z,2024,155,9,1.08179e-12,9.74611e-13,360,486971,22.2536,3.599,191.4,188.384,-7,17,6
2024-06-03T10:00:00Z,2024,155,10,1.09961e-12,9.15445e-13,360,496359,-32.9465,21.8558,191.4,188.384,-7,17,6
2024-06-03T11:00:00Z,2024,155,11,1.10382e-12,1.48872e-12,360,483877,21.6576,14.9524,191.4,188.384,-8,17,6
2024-06-03T12:00:00Z,2024,155,12,1.11672e-12,7.84809e-13,360,492653,5.0656,3.28351,191.4,188.384,-8,17,6
2024-06-03T13:00:00Z,2024,155,13,1.10932e-12,1.12812e-12,360,494952,-28.5485,15.8106,191.4,188.384,-8,17,6
2024-06-03T14:00:00Z,2024,155,14,1.12388e-12,1.48959e-12,360,480700,31.1816,14.2612,191.4,188.384,-7,17,6
2024-06-03T15:00:00Z,2024,155,15,1.11876e-12,6.15962e-13,360,496337,-13.4065,3.15203,191.4,188.384,-6,13,5
2024-06-03T16:00:00Z,2024,155,16,1.12373e-12,1.36768e-12,360,492716,-15.0351,15.4246,191.4,188.384,-5,13,5
2024-06-03T17:00:00Z,2024,155,17,1.08886e-12,1.26066e-12,360,481659,31.6036,4.42287,191.4,188.384,-4,13,5
2024-06-03T18:00:00Z,2024,155,18,1.08232e-12,6.82358e-13,360,497227,-27.7172,2.74679,191.4,188.384,-2,20,7
2024-06-03T19:00:00Z,2024,155,19,1.06334e-12,1.37875e-12,360,488888,3.38479,15.2282,191.4,188.384,1,20,7
2024-06-03T20:00:00Z,2024,155,20,1.07334e-12,1.01991e-12,360,486584,22.9192,3.57824,191.4,188.384,4,20,7
2024-06-03T21:00:00Z,2024,155,21,1.08077e-12,8.67323e-13,360,496387,-32.9256,22.9671,191.4,188.384,2,43,32
2024-06-03T22:00:00Z,2024,155,22,1.09886e-12,1.4701e-12,360,484208,20.9513,14.9311,191.4,188.384,5,43,32
2024-06-03T23:00:00Z,2024,155,23,1.09509e-12,7.70098e-13,360,492296,5.98004,3.25204,191.4,188.384,-12,43,32
2024-06-04T00:00:00Z,2024,156,0,1.12076e-12,1.15183e-12,360,495117,-28.9821,15.8066,198,188.881,-8,23,9
2024-06-04T01:00:00Z,2024,156,1,1.14996e-12,1.49297e-12,360,480779,30.9236,14.3079,198,188.881,-6,23,9
2024-06-04T02:00:00Z,2024,156,2,1.15738e-12,6.73524e-13,360,496110,-12.4939,3.1375,198,188.881,-2,23,9
2024-06-04T03:00:00Z,2024,156,3,1.20602e-12,1.44348e-12,360,493043,-15.9193,15.4149,198,188.881,0,27,12
2024-06-04T04:00:00Z,2024,156,4,1.26888e-12,1.4554e-12,360,481333,31.7933,4.52259,198,188.881,-6,27,12
2024-06-04T05:00:00Z,2024,156,5,1.30355e-12,8.67588e-13,360,497191,-27.223,2.73613,198,188.881,-7,27,12
2024-06-04T06:00:00Z,2024,156,6,1.31191e-12,1.68368e-12,360,489195,2.46877,15.1966,198,188.881,-14,20,7
2024-06-04T07:00:00Z,2024,156,7,1.29011e-12,1.17949e-12,360,486119,23.5623,3.55807,198,188.881,-12,20,7
2024-06-04T08:00:00Z,2024,156,8,1.34141e-12,1.1088e-12,360,496539,-32.8856,23.8286,198,188.881,-18,20,7
2024-06-04T09:00:00Z,2024,156,9,1.3874e-12,1.85059e-12,360,484418,20.2148,14.9095,198,188.881,-23,20,7
2024-06-04T10:00:00Z,2024,156,10,1.36036e-12,9.79188e-13,360,491936,6.8937,3.22175,198,188.881,-22,20,7
2024-06-04T11:00:00Z,2024,156,11,1.3131e-12,1.35066e-12,360,495351,-29.3981,15.8067,198,188.881,-19,20,7
2024-06-04T12:00:00Z,2024,156,12,1.26675e-12,1.64173e-12,360,480805,30.6403,14.3422,198,188.881,-15,10,4
2024-06-04T13:00:00Z,2024,156,13,1.27137e-12,7.90158e-13,360,495905,-11.5768,3.11498,198,188.881,-16,10,4
2024-06-04T14:00:00Z,2024,156,14,1.24376e-12,1.45192e-12,360,493277,-16.7848,15.3985,198,188.881,-20,10,4
2024-06-04T15:00:00Z,2024,156,15,1.21175e-12,1.42001e-12,360,481163,31.9648,4.65451,198,188.881,-18,7,3
2024-06-04T16:00:00Z,2024,156,16,1.18184e-12,7.39736e-13,360,497082,-26.7013,2.72301,198,188.881,-17,7,3
2024-06-04T17:00:00Z,2024,156,17,1.15405e-12,1.47888e-12,360,489509,1.5508,15.1648,198,188.881,-17,7,3
2024-06-04T18:00:00Z,2024,156,18,1.13745e-12,1.09382e-12,360,485688,24.1871,3.53905,198,188.881,-20,3,2
2024-06-04T19:00:00Z,2024,156,19,1.10829e-12,8.87239e-13,360,496558,-32.8195,0.446822,198,188.881,-19,3,2
2024-06-04T20:00:00Z,2024,156,20,1.08643e-12,1.44635e-12,360,484681,19.4545,14.888,198,188.881,-16,3,2
2024-06-04T21:00:00Z,2024,156,21,1.08076e-12,7.79481e-13,360,491615,7.81933,3.19104,198,188.881,-15,3,2
2024-06-04T22:00:00Z,2024,156,22,1.07534e-12,1.10148e-12,360,495403,-29.7887,15.8108,198,188.881,-14,3,2
2024-06-04T23:00:00Z,2024,156,23,1.05764e-12,1.38614e-12,360,481006,30.3363,14.3678,198,188.881,-13,3,2
2024-06-05T00:00:00Z,2024,157,0,1.05715e-12,6.26211e-13,360,495649,-10.6519,3.0887,201.1,189.772,-12,7,3
2024-06-05T01:00:00Z,2024,157,1,1.054e-12,1.21726e-12,360,493550,-17.6329,15.379,201.1,189.772,-14,7,3
2024-06-05T02:00:00Z,2024,157,2,1.07435e-12,1.28765e-12,360,480940,32.1131,4.83408,201.1,189.772,-15,7,3
2024-06-05T03:00:00Z,2024,157,3,1.07037e-12,6.61673e-13,360,497056,-26.1576,2.70877,201.1,189.772,-14,20,7
2024-06-05T04:00:00Z,2024,157,4,1.08888e-12,1.39428e-12,360,489880,0.626414,15.1325,201.1,189.772,-8,20,7
2024-06-05T05:00:00Z,2024,157,5,1.14917e-12,1.11324e-12,360,485155,24.7886,3.52077,201.1,189.772,0,20,7
2024-06-05T06:00:00Z,2024,157,6,1.16233e-12,8.99038e-13,360,496656,-32.7321,0.882492,201.1,189.772,-4,17,6
2024-06-05T07:00:00Z,2024,157,7,1.19404e-12,1.64009e-12,360,484905,18.6666,14.8667,201.1,189.772,-10,17,6
2024-06-05T08:00:00Z,2024,157,8,1.2032e-12,8.29409e-13,360,491206,8.7443,3.16163,201.1,189.772,-8,17,6
2024-06-05T09:00:00Z,2024,157,9,1.24031e-12,1.27082e-12,360,495650,-30.1642,15.8193,201.1,189.772,-3,13,5
2024-06-05T10:00:00Z,2024,157,10,1.2597e-12,1.66191e-12,360,481002,30.0022,14.3856,201.1,189.772,0,13,5
2024-06-05T11:00:00Z,2024,157,11,1.26811e-12,7.40335e-13,360,495498,-9.72534,3.06114,201.1,189.772,8,13,5
2024-06-05T12:00:00Z,2024,157,12,1.24811e-12,1.47038e-12,360,493803,-18.4634,15.3586,201.1,189.772,12,23,9
2024-06-05T13:00:00Z,2024,157,13,1.2324e-12,1.47606e-12,360,480742,32.2391,5.081,201.1,189.772,13,23,9
2024-06-05T14:00:00Z,2024,157,14,1.23551e-12,7.41151e-13,360,496998,-25.5862,2.69276,201.1,189.772,6,23,9
2024-06-05T15:00:00Z,2024,157,15,1.2456e-12,1.60425e-12,360,490192,-0.300014,15.1006,201.1,189.772,-1,13,5
2024-06-05T16:00:00Z,2024,157,16,1.2545e-12,1.25186e-12,360,484804,25.3743,3.5035,201.1,189.772,-5,13,5
2024-06-05T17:00:00Z,2024,157,17,1.24752e-12,9.60896e-13,360,496617,-32.6181,1.1931,201.1,189.772,-7,13,5
2024-06-05T18:00:00Z,2024,157,18,1.23157e-12,1.61921e-12,360,485182,17.8533,14.8456,201.1,189.772,-9,17,6
2024-06-05T19:00:00Z,2024,157,19,1.21958e-12,9.29175e-13,360,490790,9.67495,3.13287,201.1,189.772,-12,17,6
2024-06-05T20:00:00Z,2024,157,20,1.20963e-12,1.19955e-12,360,495695,-30.5138,15.8336,201.1,189.772,-11,17,6
2024-06-05T21:00:00Z,2024,157,21,1.19176e-12,1.55842e-12,360,481203,29.648,14.3981,201.1,189.772,-15,23,9
2024-06-05T22:00:00Z,2024,157,22,1.18547e-12,6.99264e-13,360,495222,-8.7873,3.03146,201.1,189.772,-18,23,9
2024-06-05T23:00:00Z,2024,157,23,1.19155e-12,1.40308e-12,360,494036,-19.275,15.3373,201.1,189.772,-17,23,9
2024-06-06T00:00:00Z,2024,158,0,1.17638e-12,1.39488e-12,360,480606,32.3443,5.42748,196.7,190.948,-14,17,6
2024-06-06T01:00:00Z,2024,158,1,1.19047e-12,7.47728e-13,360,496903,-24.9876,2.67566,196.7,190.948,-11,17,6
2024-06-06T02:00:00Z,2024,158,2,1.19467e-12,1.51797e-12,360,490574,-1.2352,15.0686,196.7,190.948,-12,17,6
2024-06-06T03:00:00Z,2024,158,3,1.19863e-12,1.17756e-12,360,484328,25.9371,3.48826,196.7,190.948,-14,13,5
2024-06-06T04:00:00Z,2024,158,4,1.2236e-12,9.50535e-13,360,496738,-32.4846,1.41974,196.7,190.948,-20,13,5
2024-06-06T05:00:00Z,2024,158,5,1.25252e-12,1.66789e-12,360,485439,17.0115,14.8254,196.7,190.948,-22,13,5
2024-06-06T06:00:00Z,2024,158,6,1.26668e-12,9.56331e-13,360,490332,10.609,3.1053,196.7,190.948,-18,20,7
2024-06-06T07:00:00Z,2024,158,7,1.28762e-12,1.26559e-12,360,495806,-30.8429,15.8543,196.7,190.948,-15,20,7
2024-06-06T08:00:00Z,2024,158,8,1.2914e-12,1.69347e-12,360,481265,29.2638,14.4058,196.7,190.948,-18,20,7
2024-06-06T09:00:00Z,2024,158,9,1.30588e-12,8.01077e-13,360,495020,-7.84786,3.00208,196.7,190.948,-23,7,3
2024-06-06T10:00:00Z,2024,158,10,1.31093e-12,1.51326e-12,360,494287,-20.0717,15.316,196.7,190.948,-22,7,3
2024-06-06T11:00:00Z,2024,158,11,1.28747e-12,1.55331e-12,360,480429,32.4245,5.92618,196.7,190.948,-19,7,3
2024-06-06T12:00:00Z,2024,158,12,1.26864e-12,7.82041e-13,360,496846,-24.3625,2.65771,196.7,190.948,-16,17,6
2024-06-06T13:00:00Z,2024,158,13,1.24587e-12,1.59435e-12,360,490905,-2.17573,15.0368,196.7,190.948,-13,17,6
2024-06-06T14:00:00Z,2024,158,14,1.22915e-12,1.21183e-12,360,483963,26.4823,3.47465,196.7,190.948,-10,17,6
2024-06-06T15:00:00Z,2024,158,15,1.22085e-12,9.27545e-13,360,496719,-32.3225,1.5861,196.7,190.948,-12,17,6
2024-06-06T16:00:00Z,2024,158,16,1.22301e-12,1.63157e-12,360,485831,16.146,14.8072,196.7,190.948,-12,17,6
2024-06-06T17:00:00Z,2024,158,17,1.20116e-12,9.05747e-13,360,489819,11.548,3.08026,196.7,190.948,-13,17,6
2024-06-06T18:00:00Z,2024,158,18,1.18089e-12,1.15282e-12,360,495933,-31.1504,15.8841,196.7,190.948,-12,3,2
2024-06-06T19:00:00Z,2024,158,19,1.15465e-12,1.54745e-12,360,481362,28.8548,14.4092,196.7,190.948,-10,3,2
2024-06-06T20:00:00Z,2024,158,20,1.12444e-12,6.5847e-13,360,494728,-6.89904,2.97151,196.7,190.948,-7,3,2
2024-06-06T21:00:00Z,2024,158,21,1.10495e-12,1.26146e-12,360,494474,-20.8467,15.2948,196.7,190.948,-9,3,2
2024-06-06T22:00:00Z,2024,158,22,1.10088e-12,1.37656e-12,360,480383,32.4849,6.64718,196.7,190.948,-10,3,2
2024-06-06T23:00:00Z,2024,158,23,1.10434e-12,6.25483e-13,360,496710,-23.7074,2.63845,196.7,190.948,-10,3,2
2024-06-07T00:00:00Z,2024,159,0,1.12327e-12,1.43423e-12,360,491284,-3.12229,15.0048,190,191.893,-12,10,4
2024-06-07T01:00:00Z,2024,159,1,1.13482e-12,1.17204e-12,360,483559,27.0064,3.46274,190,191.893,-11,10,4
2024-06-07T02:00:00Z,2024,159,2,1.14317e-12,8.23876e-13,360,496785,-32.1381,1.71156,190,191.893,-11,10,4
2024-06-07T03:00:00Z,2024,159,3,1.17196e-12,1.57521e-12,360,486210,15.2496,14.7927,190,191.893,-15,23,9
2024-06-07T04:00:00Z,2024,159,4,1.19962e-12,9.33102e-13,360,489295,12.488,3.06025,190,191.893,-12,23,9
2024-06-07T05:00:00Z,2024,159,5,1.24698e-12,1.18139e-12,360,496068,-31.4351,15.9244,190,191.893,-12,23,9
2024-06-07T06:00:00Z,2024,159,6,1.2877e-12,1.7174e-12,360,481515,28.4215,14.4089,190,191.893,-14,23,9
2024-06-07T07:00:00Z,2024,159,7,1.30882e-12,8.05809e-13,360,494386,-5.94793,2.94056,190,191.893,-13,23,9
2024-06-07T08:00:00Z,2024,159,8,1.3321e-12,1.48946e-12,360,494691,-21.6031,15.2736,190,191.893,-19,23,9
2024-06-07T09:00:00Z,2024,159,9,1.38255e-12,1.70405e-12,360,480223,32.5178,7.66175,190,191.893,-22,37,22
2024-06-07T10:00:00Z,2024,159,10,1.40555e-12,8.70575e-13,360,496670,-23.0273,2.61936,190,191.893,-26,37,22
2024-06-07T11:00:00Z,2024,159,11,1.41486e-12,1.76755e-12,360,491618,-4.07489,14.9732,190,191.893,-21,37,22
2024-06-07T12:00:00Z,2024,159,12,1.39952e-12,1.41596e-12,360,483189,27.5093,3.45373,190,191.893,-14,63,94
2024-06-07T13:00:00Z,2024,159,13,1.44093e-12,1.08089e-12,360,496787,-31.9267,1.80634,190,191.893,-11,63,94
2024-06-07T14:00:00Z,2024,159,14,1.50634e-12,1.98989e-12,360,486587,14.3268,14.7896,190,191.893,-19,63,94
2024-06-07T15:00:00Z,2024,159,15,1.56279e-12,1.3081e-12,360,488878,13.4359,3.05238,190,191.893,-9,57,67
2024-06-07T16:00:00Z,2024,159,16,1.52307e-12,1.40437e-12,360,496102,-31.694,15.9804,190,191.893,-7,57,67
2024-06-07T17:00:00Z,2024,159,17,1.46567e-12,1.92406e-12,360,481731,27.9623,14.4053,190,191.893,-12,57,67
2024-06-07T18:00:00Z,2024,159,18,1.42371e-12,9.19711e-13,360,494046,-4.99258,2.90949,190,191.893,-13,30,15
2024-06-07T19:00:00Z,2024,159,19,1.40192e-12,1.55769e-12,360,494810,-22.3372,15.2528,190,191.893,-15,30,15
2024-06-07T20:00:00Z,2024,159,20,1.36938e-12,1.66533e-12,360,480179,32.5294,8.92697,190,191.893,-9,30,15
2024-06-07T21:00:00Z,2024,159,21,1.34473e-12,8.57068e-13,360,496499,-22.3137,2.59884,190,191.893,-13,30,15
2024-06-07T22:00:00Z,2024,159,22,1.32005e-12,1.61229e-12,360,491947,-5.03209,14.9418,190,191.893,-19,30,15
2024-06-07T23:00:00Z,2024,159,23,1.33943e-12,1.40356e-12,360,482903,27.9938,3.44665,190,191.893,-29,30,15
2024-06-08T00:00:00Z,2024,160,0,1.37178e-12,1.03238e-12,360,496758,-31.6889,1.87841,196.2,192.8,-34,47,39
2024-06-08T01:00:00Z,2024,160,1,1.38897e-12,1.79273e-12,360,487001,13.3801,14.8012,196.2,192.8,-29,47,39
2024-06-08T02:00:00Z,2024,160,2,1.40803e-12,1.15707e-12,360,488392,14.3807,3.06448,196.2,192.8,-25,47,39
2024-06-08T03:00:00Z,2024,160,3,1.42989e-12,1.37058e-12,360,496256,-31.9333,16.0541,196.2,192.8,-29,30,15
2024-06-08T04:00:00Z,2024,160,4,1.43477e-12,1.85547e-12,360,481929,27.475,14.3981,196.2,192.8,-22,30,15
2024-06-08T05:00:00Z,2024,160,5,1.42827e-12,9.30852e-13,360,493634,-4.03301,2.87797,196.2,192.8,-15,30,15
2024-06-08T06:00:00Z,2024,160,6,1.43058e-12,1.58137e-12,360,495018,-23.051,15.2327,196.2,192.8,-20,27,12
2024-06-08T07:00:00Z,2024,160,7,1.44352e-12,1.75479e-12,360,480055,32.5141,10.1993,196.2,192.8,-19,27,12
2024-06-08T08:00:00Z,2024,160,8,1.426e-12,9.13102e-13,360,496395,-21.5753,2.57871,196.2,192.8,-19,27,12
2024-06-08T09:00:00Z,2024,160,9,1.41049e-12,1.74161e-12,360,492279,-5.99811,14.9107,196.2,192.8,-18,27,12
2024-06-08T10:00:00Z,2024,160,10,1.39621e-12,1.44844e-12,360,482514,28.4519,3.44366,196.2,192.8,-16,27,12
2024-06-08T11:00:00Z,2024,160,11,1.38229e-12,1.04412e-12,360,496824,-31.4274,1.9334,196.2,192.8,-21,27,12
2024-06-08T12:00:00Z,2024,160,12,1.34449e-12,1.74418e-12,360,487369,12.4219,14.7922,196.2,192.8,-23,20,7
2024-06-08T13:00:00Z,2024,160,13,1.3537e-12,1.11598e-12,360,487943,15.3121,3.06015,196.2,192.8,-23,20,7
2024-06-08T14:00:00Z,2024,160,14,1.36079e-12,1.24891e-12,360,496312,-32.1468,16.1544,196.2,192.8,-24,20,7
2024-06-08T15:00:00Z,2024,160,15,1.3618e-12,1.80172e-12,360,482224,26.9636,14.3888,196.2,192.8,-18,27,12
2024-06-08T16:00:00Z,2024,160,16,1.34735e-12,8.84959e-13,360,493238,-3.06687,2.84595,196.2,192.8,-16,27,12
2024-06-08T17:00:00Z,2024,160,17,1.32252e-12,1.4472e-12,360,495153,-23.7416,15.2132,196.2,192.8,-22,27,12
2024-06-08T18:00:00Z,2024,160,18,1.25796e-12,1.57625e-12,360,480007,32.4753,11.2264,196.2,192.8,-22,20,7
2024-06-08T19:00:00Z,2024,160,19,1.2319e-12,7.47475e-13,360,496201,-20.8047,2.55798,196.2,192.8,-22,20,7
2024-06-08T20:00:00Z,2024,160,20,1.21011e-12,1.4749e-12,360,492516,-6.96713,14.8799,196.2,192.8,-18,20,7
2024-06-08T21:00:00Z,2024,160,21,1.19012e-12,1.29066e-12,360,482339,28.8947,3.44321,196.2,192.8,-17,17,6
2024-06-08T22:00:00Z,2024,160,22,1.16999e-12,8.27222e-13,360,496695,-31.1337,1.97394,196.2,192.8,-17,17,6
2024-06-08T23:00:00Z,2024,160,23,1.1705e-12,1.53155e-12,360,487817,11.4581,14.7717,196.2,192.8,-16,17,6
2024-06-09T00:00:00Z,2024,161,0,1.18617e-12,1.00732e-12,360,487521,16.227,3.04543,186.4,193.648,-15,13,5
2024-06-09T01:00:00Z,2024,161,1,1.17654e-12,1.04505e-12,360,496378,-32.3367,16.288,186.4,193.648,-15,13,5
2024-06-09T02:00:00Z,2024,161,2,1.16575e-12,1.56786e-12,360,482514,26.4224,14.3775,186.4,193.648,-15,13,5
2024-06-09T03:00:00Z,2024,161,3,1.16156e-12,7.44579e-13,360,492836,-2.09912,2.81429,186.4,193.648,-15,7,3
2024-06-09T04:00:00Z,2024,161,4,1.17946e-12,1.27775e-12,360,495399,-24.4131,15.1944,186.4,193.648,-14,7,3
2024-06-09T05:00:00Z,2024,161,5,1.20328e-12,1.52905e-12,360,479883,32.409,11.9598,186.4,193.648,-13,7,3
2024-06-09T06:00:00Z,2024,161,6,1.20392e-12,7.02681e-13,360,496024,-20.0077,2.53684,186.4,193.648,-12,10,4
2024-06-09T07:00:00Z,2024,161,7,1.21123e-12,1.50729e-12,360,492786,-7.94238,14.8496,186.4,193.648,-12,10,4
2024-06-09T08:00:00Z,2024,161,8,1.22057e-12,1.31371e-12,360,481969,29.3086,3.44744,186.4,193.648,-13,10,4
2024-06-09T09:00:00Z,2024,161,9,1.21533e-12,8.47133e-13,360,496811,-30.8197,2.00573,186.4,193.648,-9,7,3
2024-06-09T10:00:00Z,2024,161,10,1.22819e-12,1.61808e-12,360,488136,10.4844,14.7466,186.4,193.648,-9,7,3
2024-06-09T11:00:00Z,2024,161,11,1.23195e-12,1.0321e-12,360,487108,17.1194,3.02756,186.4,193.648,-8,7,3
2024-06-09T12:00:00Z,2024,161,12,1.23882e-12,1.11062e-12,360,496477,-32.5033,16.4716,186.4,193.648,-8,20,7
2024-06-09T13:00:00Z,2024,161,13,1.22954e-12,1.63749e-12,360,482783,25.8537,14.3641,186.4,193.648,-12,20,7
2024-06-09T14:00:00Z,2024,161,14,1.24175e-12,8.25058e-13,360,492495,-1.12476,2.78231,186.4,193.648,-17,20,7
2024-06-09T15:00:00Z,2024,161,15,1.22063e-12,1.32009e-12,360,495503,-25.0586,15.1774,186.4,193.648,-16,10,4
2024-06-09T16:00:00Z,2024,161,16,1.17152e-12,1.50649e-12,360,479959,32.3214,12.4665,186.4,193.648,-14,10,4
2024-06-09T17:00:00Z,2024,161,17,1.17216e-12,6.87977e-13,360,495743,-19.1799,2.51605,186.4,193.648,-13,10,4
2024-06-09T18:00:00Z,2024,161,18,1.17494e-12,1.40972e-12,360,493033,-8.92083,14.8197,186.4,193.648,-16,17,6
2024-06-09T19:00:00Z,2024,161,19,1.17794e-12,1.3289e-12,360,481696,29.7015,3.45617,186.4,193.648,-20,17,6
2024-06-09T20:00:00Z,2024,161,20,1.15799e-12,7.76214e-13,360,496688,-30.4719,2.02832,186.4,193.648,-18,17,6
2024-06-09T21:00:00Z,2024,161,21,1.152e-12,1.49733e-12,360,488543,9.50848,14.7193,186.4,193.648,-16,13,5
2024-06-09T22:00:00Z,2024,161,22,1.13717e-12,9.98077e-13,360,486746,17.9971,3.00729,186.4,193.648,-16,13,5
2024-06-09T23:00:00Z,2024,161,23,1.12973e-12,1.00029e-12,360,496478,-32.6427,16.7255,186.4,193.648,-16,13,5
2024-06-10T00:00:00Z,2024,162,0,1.11886e-12,1.48521e-12,360,483140,25.2569,14.3494,183.3,194.66,-14,13,5
2024-06-10T01:00:00Z,2024,162,1,1.1087e-12,7.38574e-13,360,492085,-0.144944,2.75025,183.3,194.66,-12,13,5
2024-06-10T02:00:00Z,2024,162,2,1.10025e-12,1.16513e-12,360,495726,-25.6857,15.1613,183.3,194.66,-9,13,5
2024-06-10T03:00:00Z,2024,162,3,1.11859e-12,1.45373e-12,360,479942,32.204,12.8174,183.3,194.66,-6,3,2
2024-06-10T04:00:00Z,2024,162,4,1.10924e-12,6.26315e-13,360,495517,-18.3265,2.49558,183.3,194.66,-4,3,2
2024-06-10T05:00:00Z,2024,162,5,1.11596e-12,1.37076e-12,360,493315,-9.90484,14.7908,183.3,194.66,-2,3,2
2024-06-10T06:00:00Z,2024,162,6,1.11722e-12,1.22333e-12,360,481375,30.0693,3.47037,183.3,194.66,-1,7,3
2024-06-10T07:00:00Z,2024,162,7,1.12272e-12,7.68231e-13,360,496635,-30.099,2.04461,183.3,194.66,-3,7,3
2024-06-10T08:00:00Z,2024,162,8,1.1287e-12,1.49969e-12,360,488879,8.52267,14.6908,183.3,194.66,-5,7,3
2024-06-10T09:00:00Z,2024,162,9,1.14136e-12,9.85779e-13,360,486313,18.8492,2.98715,183.3,194.66,-7,10,4
2024-06-10T10:00:00Z,2024,162,10,1.15343e-12,1.00767e-12,360,496607,-32.7608,17.0854,183.3,194.66,-4,10,4
2024-06-10T11:00:00Z,2024,162,11,1.15339e-12,1.54382e-12,360,483426,24.6292,14.3333,183.3,194.66,0,10,4
2024-06-10T12:00:00Z,2024,162,12,1.14841e-12,7.61048e-13,360,491715,0.839478,2.71857,183.3,194.66,3,7,3
2024-06-10T13:00:00Z,2024,162,13,1.13539e-12,1.20227e-12,360,495866,-26.2888,15.1474,183.3,194.66,5,7,3
2024-06-10T14:00:00Z,2024,162,14,1.11931e-12,1.46583e-12,360,480037,32.063,13.0666,183.3,194.66,9,7,3
2024-06-10T15:00:00Z,2024,162,15,1.09633e-12,6.21028e-13,360,495249,-17.4388,2.47548,183.3,194.66,8,37,22
2024-06-10T16:00:00Z,2024,162,16,1.08511e-12,1.30765e-12,360,493601,-10.8902,14.7636,183.3,194.66,7,37,22
2024-06-10T17:00:00Z,2024,162,17,1.07326e-12,1.21696e-12,360,481077,30.4132,3.49294,183.3,194.66,18,37,22
2024-06-10T18:00:00Z,2024,162,18,1.11721e-12,7.26572e-13,360,496558,-29.698,2.05495,183.3,194.66,18,40,27
2024-06-10T19:00:00Z,2024,162,19,1.15464e-12,1.50752e-12,360,489197,7.53319,14.6612,183.3,194.66,8,40,27
2024-06-10T20:00:00Z,2024,162,20,1.14525e-12,1.06316e-12,360,485935,19.6841,2.96594,183.3,194.66,-1,40,27
2024-06-10T21:00:00Z,2024,162,21,1.13577e-12,9.45759e-13,360,496568,-32.8486,17.6104,183.3,194.66,-1,20,7
2024-06-10T22:00:00Z,2024,162,22,1.13876e-12,1.4982e-12,360,483839,23.9741,14.3161,183.3,194.66,-1,20,7
2024-06-10T23:00:00Z,2024,162,23,1.13709e-12,8.11117e-13,360,491310,1.83129,2.68639,183.3,194.66,-1,20,7
2024-06-11T00:00:00Z,2024,163,0,1.18011e-12,1.21533e-12,360,496026,-26.8694,15.1348,170.1,195.491,-8,37,22
2024-06-11T01:00:00Z,2024,163,1,1.24164e-12,1.54805e-12,360,480124,31.8938,13.2481,170.1,195.491,-27,37,22
2024-06-11T02:00:00Z,2024,163,2,1.25897e-12,8.07556e-13,360,494996,-16.5229,2.45763,170.1,195.491,-35,37,22
2024-06-11T03:00:00Z,2024,163,3,1.28107e-12,1.51673e-12,360,493964,-11.8842,14.7385,170.1,195.491,-43,43,32
2024-06-11T04:00:00Z,2024,163,4,1.3028e-12,1.46424e-12,360,480740,30.7303,3.52549,170.1,195.491,-44,43,32
2024-06-11T05:00:00Z,2024,163,5,1.28786e-12,9.38986e-13,360,496450,-29.2688,2.06006,170.1,195.491,-37,43,32
2024-06-11T06:00:00Z,2024,163,6,1.26151e-12,1.57242e-12,360,489558,6.54037,14.6309,170.1,195.491,-30,23,9
2024-06-11T07:00:00Z,2024,163,7,1.26313e-12,1.13373e-12,360,485474,20.4941,2.94489,170.1,195.491,-25,23,9
2024-06-11T08:00:00Z,2024,163,8,1.25307e-12,1.07059e-12,360,496629,-32.9133,18.3766,170.1,195.491,-23,23,9
2024-06-11T09:00:00Z,2024,163,9,1.25676e-12,1.66843e-12,360,484137,23.2853,14.2981,170.1,195.491,-18,13,5
2024-06-11T10:00:00Z,2024,163,10,1.23979e-12,8.88339e-13,360,490952,2.82662,2.65528,170.1,195.491,-14,13,5
2024-06-11T11:00:00Z,2024,163,11,1.19948e-12,1.2378e-12,360,496170,-27.4272,15.125,170.1,195.491,-13,13,5
2024-06-11T12:00:00Z,2024,163,12,1.15929e-12,1.50663e-12,360,480238,31.6975,13.3811,170.1,195.491,-13,10,4
2024-06-11T13:00:00Z,2024,163,13,1.15461e-12,6.87786e-13,360,494723,-15.5742,2.44421,170.1,195.491,-13,10,4
2024-06-11T14:00:00Z,2024,163,14,1.15571e-12,1.358e-12,360,494230,-12.8811,14.7193,170.1,195.491,-11,10,4
2024-06-11T15:00:00Z,2024,163,15,1.15379e-12,1.32992e-12,360,480602,31.0271,3.57025,170.1,195.491,-11,10,4
2024-06-11T16:00:00Z,2024,163,16,1.13301e-12,7.63981e-13,360,496245,-28.8084,2.06033,170.1,195.491,-10,10,4
2024-06-11T17:00:00Z,2024,163,17,1.09552e-12,1.38404e-12,360,489973,5.54241,14.6001,170.1,195.491,-6,10,4
2024-06-11T18:00:00Z,2024,163,18,1.07733e-12,1.01159e-12,360,485028,21.2808,2.92431,170.1,195.491,-4,7,3
2024-06-11T19:00:00Z,2024,163,19,1.05753e-12,8.80465e-13,360,496564,-32.9486,19.4605,170.1,195.491,-5,7,3
2024-06-11T20:00:00Z,2024,163,20,1.04503e-12,1.37076e-12,360,484520,22.5688,14.2792,170.1,195.491,-6,7,3
2024-06-11T21:00:00Z,2024,163,21,1.05057e-12,7.76375e-13,360,490581,3.83116,2.62324,170.1,195.491,-5,13,5
2024-06-11T22:00:00Z,2024,163,22,1.03933e-12,1.05301e-12,360,496242,-27.9591,15.1176,170.1,195.491,-3,13,5
2024-06-11T23:00:00Z,2024,163,23,1.0193e-12,1.33147e-12,360,480452,31.4752,13.4806,170.1,195.491,1,13,5
2024-06-12T00:00:00Z,2024,164,0,1.00674e-12,6.01314e-13,360,494422,-14.5951,2.44353,170,196.07,1,7,3
2024-06-12T01:00:00Z,2024,164,1,9.96855e-13,1.16243e-12,360,494549,-13.8828,14.7143,170,196.07,-1,7,3
2024-06-12T02:00:00Z,2024,164,2,9.89035e-13,1.15638e-12,360,480383,31.2959,3.63169,170,196.07,-3,7,3
2024-06-12T03:00:00Z,2024,164,3,9.68156e-13,6.1947e-13,360,496143,-28.323,2.05759,170,196.07,-6,7,3
2024-06-12T04:00:00Z,2024,164,4,9.70496e-13,1.25811e-12,360,490392,4.54051,14.5687,170,196.07,-2,7,3
2024-06-12T05:00:00Z,2024,164,5,9.75187e-13,8.97767e-13,360,484557,22.0432,2.90407,170,196.07,-1,7,3
2024-06-12T06:00:00Z,2024,164,6,9.81739e-13,8.10954e-13,360,496548,-32.9577,20.7869,170,196.07,-2,7,3
2024-06-12T07:00:00Z,2024,164,7,9.82168e-13,1.33487e-12,360,484854,21.8216,14.26,170,196.07,-2,7,3
2024-06-12T08:00:00Z,2024,164,8,9.81559e-13,6.56257e-13,360,490180,4.83536,2.59235,170,196.07,-2,7,3
2024-06-12T09:00:00Z,2024,164,9,1.00647e-12,1.03792e-12,360,496413,-28.4695,15.1126,170,196.07,-4,7,3
2024-06-12T10:00:00Z,2024,164,10,1.01489e-12,1.34197e-12,360,480552,31.2218,13.5551,170,196.07,-6,7,3
2024-06-12T11:00:00Z,2024,164,11,1.00933e-12,5.84294e-13,360,494191,-13.5955,2.4566,170,196.07,-6,7,3
2024-06-12T12:00:00Z,2024,164,12,1.00118e-12,1.19011e-12,360,494810,-14.8794,14.7285,170,196.07,-7,10,4
2024-06-12T13:00:00Z,2024,164,13,9.83989e-13,1.14733e-12,360,480231,31.5399,3.71462,170,196.07,-9,10,4
2024-06-12T14:00:00Z,2024,164,14,9.93429e-13,6.32367e-13,360,495984,-27.8058,2.05108,170,196.07,-10,10,4
2024-06-12T15:00:00Z,2024,164,15,1.00014e-12,1.27983e-12,360,490800,3.53749,14.5374,170,196.07,-9,13,5
2024-06-12T16:00:00Z,2024,164,16,9.87261e-13,9.57296e-13,360,484168,22.7832,2.88434,170,196.07,-8,13,5
2024-06-12T17:00:00Z,2024,164,17,9.73685e-13,7.74747e-13,360,496466,-32.9383,22.0694,170,196.07,-9,13,5
2024-06-12T18:00:00Z,2024,164,18,9.64223e-13,1.27666e-12,360,485208,21.0457,14.24,170,196.07,-12,10,4
2024-06-12T19:00:00Z,2024,164,19,9.56843e-13,7.16207e-13,360,489789,5.84613,2.56136,170,196.07,-11,10,4
2024-06-12T20:00:00Z,2024,164,20,9.45512e-13,9.37142e-13,360,496385,-28.9501,15.1115,170,196.07,-9,10,4
2024-06-12T21:00:00Z,2024,164,21,9.47444e-13,1.25022e-12,360,480872,30.9454,13.612,170,196.07,-5,13,5
2024-06-12T22:00:00Z,2024,164,22,9.41884e-13,5.41596e-13,360,493869,-12.582,2.44539,170,196.07,-4,13,5
2024-06-12T23:00:00Z,2024,164,23,9.42166e-13,1.1137e-12,360,495054,-15.8574,14.7229,170,196.07,0,13,5
2024-06-13T00:00:00Z,2024,165,0,9.40277e-13,1.11483e-12,360,480143,31.7589,3.82583,175.5,196.347,1,3,2
2024-06-13T01:00:00Z,2024,165,1,9.44833e-13,5.84363e-13,360,495818,-27.2601,2.0425,175.5,196.347,0,3,2
2024-06-13T02:00:00Z,2024,165,2,9.41781e-13,1.22039e-12,360,491246,2.52808,14.5056,175.5,196.347,-4,3,2
2024-06-13T03:00:00Z,2024,165,3,9.40806e-13,8.96802e-13,360,483711,23.4955,2.866,175.5,196.347,-8,3,2
2024-06-13T04:00:00Z,2024,165,4,9.43272e-13,7.58827e-13,360,496464,-32.894,23.0661,175.5,196.347,-9,3,2
2024-06-13T05:00:00Z,2024,165,5,9.40529e-13,1.26751e-12,360,485553,20.2394,14.2197,175.5,196.347,-8,3,2
2024-06-13T06:00:00Z,2024,165,6,9.36184e-13,6.54184e-13,360,489354,6.85718,2.5305,175.5,196.347,-5,3,2
2024-06-13T07:00:00Z,2024,165,7,9.32204e-13,9.41279e-13,360,496471,-29.4079,15.1135,175.5,196.347,-3,3,2
2024-06-13T08:00:00Z,2024,165,8,9.35725e-13,1.26035e-12,360,480990,30.6344,13.6544,175.5,196.347,-2,3,2
2024-06-13T09:00:00Z,2024,165,9,9.29872e-13,5.1541e-13,360,493682,-11.5699,2.42457,175.5,196.347,0,3,2
2024-06-13T10:00:00Z,2024,165,10,9.34453e-13,1.09907e-12,360,495301,-16.8156,14.7084,175.5,196.347,1,3,2
2024-06-13T11:00:00Z,2024,165,11,9.2101e-13,1.10613e-12,360,480005,31.9489,3.97847,175.5,196.347,0,3,2
2024-06-13T12:00:00Z,2024,165,12,9.13147e-13,5.47311e-13,360,495703,-26.6861,2.03162,175.5,196.347,0,10,4
2024-06-13T13:00:00Z,2024,165,13,9.08999e-13,1.18582e-12,360,491613,1.51551,14.4739,175.5,196.347,0,10,4
2024-06-13T14:00:00Z,2024,165,14,9.22959e-13,9.08521e-13,360,483406,24.1862,2.84863,175.5,196.347,2,10,4
2024-06-13T15:00:00Z,2024,165,15,9.24649e-13,7.03447e-13,360,496330,-32.8183,23.7584,175.5,196.347,2,10,4
2024-06-13T16:00:00Z,2024,165,16,9.13735e-13,1.22592e-12,360,485998,19.4072,14.1994,175.5,196.347,3,10,4
2024-06-13T17:00:00Z,2024,165,17,8.9522e-13,6.57776e-13,360,488898,7.87179,2.50054,175.5,196.347,2,10,4
2024-06-13T18:00:00Z,2024,165,18,8.8545e-13,8.79082e-13,360,496452,-29.8371,15.1202,175.5,196.347,2,10,4
2024-06-13T19:00:00Z,2024,165,19,8.6973e-13,1.15961e-12,360,481226,30.298,13.686,175.5,196.347,3,10,4
2024-06-13T20:00:00Z,2024,165,20,8.73964e-13,5.09059e-13,360,493377,-10.5468,2.39891,175.5,196.347,0,10,4
2024-06-13T21:00:00Z,2024,165,21,8.71661e-13,1.01207e-12,360,495445,-17.7466,14.6902,175.5,196.347,-4,0,0
2024-06-13T22:00:00Z,2024,165,22,8.67483e-13,1.06044e-12,360,480047,32.1169,4.18706,175.5,196.347,-6,0,0
2024-06-13T23:00:00Z,2024,165,23,8.55675e-13,5.00544e-13,360,495487,-26.079,2.01867,175.5,196.347,-6,0,0
2024-06-14T00:00:00Z,2024,166,0,8.60513e-13,1.10673e-12,360,492037,0.498408,14.442,174.3,196.481,-5,3,2
2024-06-14T01:00:00Z,2024,166,1,8.73248e-13,8.78762e-13,360,483034,24.8512,2.83236,174.3,196.481,-2,3,2
2024-06-14T02:00:00Z,2024,166,2,8.69278e-13,6.55826e-13,360,496316,-32.7179,0.231408,174.3,196.481,1,3,2
2024-06-14T03:00:00Z,2024,166,3,8.76785e-13,1.17703e-12,360,486431,18.5418,14.1786,174.3,196.481,3,7,3
2024-06-14T04:00:00Z,2024,166,4,8.83882e-13,6.52483e-13,360,488385,8.8856,2.47126,174.3,196.481,3,7,3
2024-06-14T05:00:00Z,2024,166,5,9.06044e-13,8.82148e-13,360,496506,-30.2411,15.1325,174.3,196.481,2,7,3
2024-06-14T06:00:00Z,2024,166,6,9.37602e-13,1.25729e-12,360,481410,29.9314,13.7091,174.3,196.481,-4,20,7
2024-06-14T07:00:00Z,2024,166,7,9.64746e-13,5.8021e-13,360,493075,-9.52345,2.3715,174.3,196.481,-12,20,7
2024-06-14T08:00:00Z,2024,166,8,9.82376e-13,1.11119e-12,360,495657,-18.6581,14.6706,174.3,196.481,-14,20,7
2024-06-14T09:00:00Z,2024,166,9,1.00176e-12,1.22825e-12,360,479909,32.252,4.48482,174.3,196.481,-9,17,6
2024-06-14T10:00:00Z,2024,166,10,9.96902e-13,6.1141e-13,360,495424,-25.4451,2.00473,174.3,196.481,-5,17,6
2024-06-14T11:00:00Z,2024,166,11,9.92504e-13,1.24934e-12,360,492394,-0.524331,14.4102,174.3,196.481,-6,17,6
2024-06-14T12:00:00Z,2024,166,12,9.84986e-13,9.91856e-13,360,482705,25.4911,2.81819,174.3,196.481,-6,10,4
2024-06-14T13:00:00Z,2024,166,13,9.89913e-13,7.56973e-13,360,496233,-32.5872,0.558803,174.3,196.481,-5,10,4
2024-06-14T14:00:00Z,2024,166,14,9.8962e-13,1.30651e-12,360,486877,17.6473,14.1585,174.3,196.481,-6,10,4
2024-06-14T15:00:00Z,2024,166,15,9.81982e-13,7.72309e-13,360,487987,9.90731,2.44282,174.3,196.481,-8,7,3
2024-06-14T16:00:00Z,2024,166,16,9.64288e-13,9.33488e-13,360,496452,-30.6152,15.1523,174.3,196.481,-5,7,3
2024-06-14T17:00:00Z,2024,166,17,9.26563e-13,1.22536e-12,360,481660,29.536,13.7245,174.3,196.481,-4,7,3
2024-06-14T18:00:00Z,2024,166,18,9.1267e-13,5.47195e-13,360,492738,-8.49601,2.34279,174.3,196.481,-5,17,6
2024-06-14T19:00:00Z,2024,166,19,9.06869e-13,1.0321e-12,360,495752,-19.5426,14.6503,174.3,196.481,-9,17,6
2024-06-14T20:00:00Z,2024,166,20,9.035e-13,1.11007e-12,360,479950,32.3643,4.91443,174.3,196.481,-12,17,6
2024-06-14T21:00:00Z,2024,166,21,9.14372e-13,5.49703e-13,360,495182,-24.7747,1.98865,174.3,196.481,-12,23,9
2024-06-14T22:00:00Z,2024,166,22,9.1252e-13,1.14965e-12,360,492791,-1.55134,14.3784,174.3,196.481,-12,23,9
2024-06-14T23:00:00Z,2024,166,23,8.94341e-13,9.29566e-13,360,482408,26.1079,2.80504,174.3,196.481,-12,23,9
2024-06-15T00:00:00Z,2024,167,0,9.16751e-13,6.70075e-13,360,496141,-32.4277,0.791439,176.1,196.388,-15,23,9
2024-06-15T01:00:00Z,2024,167,1,9.45381e-13,1.24653e-12,360,487349,16.7191,14.1396,176.1,196.388,-18,23,9
2024-06-15T02:00:00Z,2024,167,2,9.29956e-13,7.28524e-13,360,487512,10.9305,2.41665,176.1,196.388,-16,23,9
2024-06-15T03:00:00Z,2024,167,3,9.40418e-13,9.06889e-13,360,496555,-30.9671,15.1805,176.1,196.388,-10,23,9
2024-06-15T04:00:00Z,2024,167,4,9.77281e-13,1.28151e-12,360,481880,29.1098,13.7333,176.1,196.388,-7,23,9
2024-06-15T05:00:00Z,2024,167,5,1.00373e-12,6.27031e-13,360,492363,-7.46513,2.31275,176.1,196.388,-14,23,9
2024-06-15T06:00:00Z,2024,167,6,1.02472e-12,1.16123e-12,360,495878,-20.4018,14.6297,176.1,196.388,-17,20,7
2024-06-15T07:00:00Z,2024,167,7,1.04621e-12,1.27866e-12,360,479883,32.4455,5.55304,176.1,196.388,-12,20,7
2024-06-15T08:00:00Z,2024,167,8,1.04465e-12,6.41388e-13,360,495054,-24.0764,1.97256,176.1,196.388,-13,20,7
2024-06-15T09:00:00Z,2024,167,9,1.06324e-12,1.3254e-12,360,493125,-2.58643,14.3467,176.1,196.388,-13,30,15
2024-06-15T10:00:00Z,2024,167,10,1.06825e-12,1.09341e-12,360,482115,26.6976,2.79508,176.1,196.388,-15,30,15
2024-06-15T11:00:00Z,2024,167,11,1.07987e-12,8.33715e-13,360,496072,-32.2395,0.959994,176.1,196.388,-13,30,15
2024-06-15T12:00:00Z,2024,167,12,1.10165e-12,1.40527e-12,360,487803,15.7589,14.1237,176.1,196.388,-1,47,39
2024-06-15T13:00:00Z,2024,167,13,1.20684e-12,1.09009e-12,360,487101,11.9597,2.39417,176.1,196.388,-20,47,39
2024-06-15T14:00:00Z,2024,167,14,1.16878e-12,1.029e-12,360,496508,-31.2883,15.2218,176.1,196.388,-16,47,39
2024-06-15T15:00:00Z,2024,167,15,1.12296e-12,1.44682e-12,360,482277,28.6576,13.7373,176.1,196.388,-7,33,18
2024-06-15T16:00:00Z,2024,167,16,1.13389e-12,7.9623e-13,360,491918,-6.42922,2.28205,176.1,196.388,-14,33,18
2024-06-15T17:00:00Z,2024,167,17,1.12948e-12,1.22522e-12,360,496038,-21.2363,14.6093,176.1,196.388,-13,33,18
2024-06-15T18:00:00Z,2024,167,18,1.10018e-12,1.32835e-12,360,479848,32.4987,6.5008,176.1,196.388,-18,27,12
2024-06-15T19:00:00Z,2024,167,19,1.04908e-12,7.02644e-13,360,494808,-23.3433,1.95494,176.1,196.388,-15,27,12
2024-06-15T20:00:00Z,2024,167,20,1.00976e-12,1.20531e-12,360,493446,-3.62421,14.3153,176.1,196.388,-13,27,12
2024-06-15T21:00:00Z,2024,167,21,9.9791e-13,1.03877e-12,360,481917,27.2652,2.78636,176.1,196.388,-11,40,27
2024-06-15T22:00:00Z,2024,167,22,1.01379e-12,7.61309e-13,360,495914,-32.0192,1.08368,176.1,196.388,-21,40,27
2024-06-15T23:00:00Z,2024,167,23,1.05771e-12,1.34941e-12,360,488310,14.7673,14.1147,176.1,196.388,-31,40,27
2024-06-16T00:00:00Z,2024,168,0,1.04968e-12,8.88397e-13,360,486666,12.9923,2.37971,172.6,196.48,-24,27,12
2024-06-16T01:00:00Z,2024,168,1,1.02441e-12,9.8025e-13,360,496533,-31.584,15.2767,172.6,196.48,-18,27,12
2024-06-16T02:00:00Z,2024,168,2,9.95263e-13,1.27996e-12,360,482622,28.1722,13.7368,172.6,196.48,-17,27,12
2024-06-16T03:00:00Z,2024,168,3,9.89736e-13,6.41511e-13,360,491510,-5.3929,2.25129,172.6,196.48,-18,7,3
2024-06-16T04:00:00Z,2024,168,4,1.00336e-12,1.11203e-12,360,496204,-22.0447,14.5892,172.6,196.48,-17,7,3
2024-06-16T05:00:00Z,2024,168,5,9.90304e-13,1.20547e-12,360,479852,32.524,7.79124,172.6,196.48,-19,7,3
2024-06-16T06:00:00Z,2024,168,6,9.99865e-13,6.40867e-13,360,494553,-22.5806,1.93657,172.6,196.48,-15,20,7
2024-06-16T07:00:00Z,2024,168,7,1.00597e-12,1.24067e-12,360,493751,-4.66649,14.2841,172.6,196.48,-23,20,7
2024-06-16T08:00:00Z,2024,168,8,9.86848e-13,1.03218e-12,360,481623,27.8021,2.78132,172.6,196.48,-29,20,7
2024-06-16T09:00:00Z,2024,168,9,9.61313e-13,7.35081e-13,360,495888,-31.7727,1.17762,172.6,196.48,-24,33,18
2024-06-16T10:00:00Z,2024,168,10,9.61782e-13,1.21613e-12,360,488730,13.7442,14.1266,172.6,196.48,-18,33,18
2024-06-16T11:00:00Z,2024,168,11,1.00732e-12,8.5441e-13,360,486272,14.0247,2.38947,172.6,196.48,-32,33,18
2024-06-16T12:00:00Z,2024,168,12,1.00151e-12,9.2079e-13,360,496500,-31.8508,15.3522,172.6,196.48,-39,37,22
2024-06-16T13:00:00Z,2024,168,13,9.76424e-13,1.269e-12,360,482995,27.6573,13.7329,172.6,196.48,-31,37,22
2024-06-16T14:00:00Z,2024,168,14,9.57777e-13,6.47482e-13,360,491148,-4.34984,2.21991,172.6,196.48,-13,37,22
2024-06-16T15:00:00Z,2024,168,15,9.4134e-13,1.02151e-12,360,496276,-22.8241,14.5701,172.6,196.48,-11,30,15
2024-06-16T16:00:00Z,2024,168,16,9.18995e-13,1.14105e-12,360,479944,32.5217,9.20897,172.6,196.48,-12,30,15
2024-06-16T17:00:00Z,2024,168,17,9.3702e-13,5.84578e-13,360,494287,-21.7857,1.91768,172.6,196.48,-9,30,15
2024-06-16T18:00:00Z,2024,168,18,9.46901e-13,1.13628e-12,360,493986,-5.71134,14.2528,172.6,196.48,-22,40,27
2024-06-16T19:00:00Z,2024,168,19,9.60293e-13,1.06799e-12,360,481439,28.3153,2.77876,172.6,196.48,-27,40,27
2024-06-16T20:00:00Z,2024,168,20,9.3418e-13,6.62025e-13,360,495671,-31.4903,1.24696,172.6,196.48,-26,40,27
2024-06-16T21:00:00Z,2024,168,21,9.07477e-13,1.16151e-12,360,489226,12.7071,14.1291,172.6,196.48,-22,17,6
2024-06-16T22:00:00Z,2024,168,22,8.77214e-13,7.42266e-13,360,485934,15.0488,2.39582,172.6,196.48,-20,17,6
2024-06-16T23:00:00Z,2024,168,23,8.69236e-13,8.00584e-13,360,496419,-32.0882,15.4533,172.6,196.48,-18,17,6
2024-06-17T00:00:00Z,2024,169,0,8.62346e-13,1.12207e-12,360,483423,27.1118,13.7261,185.7,196.512,-13,20,7
2024-06-17T01:00:00Z,2024,169,1,8.82156e-13,6.0874e-13,360,490752,-3.30423,2.18843,185.7,196.512,-12,20,7
2024-06-17T02:00:00Z,2024,169,2,8.73944e-13,9.33647e-13,360,496443,-23.5801,14.5515,185.7,196.512,-15,20,7
2024-06-17T03:00:00Z,2024,169,3,8.81678e-13,1.11218e-12,360,479980,32.4877,10.3969,185.7,196.512,-16,23,9
2024-06-17T04:00:00Z,2024,169,4,8.87582e-13,5.37406e-13,360,494004,-20.9611,1.89832,185.7,196.512,-20,23,9
2024-06-17T05:00:00Z,2024,169,5,8.91767e-13,1.08984e-12,360,494281,-6.76009,14.2221,185.7,196.512,-13,23,9
2024-06-17T06:00:00Z,2024,169,6,8.855e-13,9.45908e-13,360,481172,28.7979,2.77994,185.7,196.512,-8,17,6
2024-06-17T07:00:00Z,2024,169,7,8.74692e-13,6.39464e-13,360,495587,-31.1816,1.3004,185.7,196.512,-8,17,6
2024-06-17T08:00:00Z,2024,169,8,8.60806e-13,1.12689e-12,360,489624,11.6591,14.1122,185.7,196.512,-4,17,6
2024-06-17T09:00:00Z,2024,169,9,8.64284e-13,7.18208e-13,360,485554,16.0439,2.38569,185.7,196.512,-1,17,6
2024-06-17T10:00:00Z,2024,169,10,8.94667e-13,8.21e-13,360,496451,-32.3005,15.5913,185.7,196.512,-2,17,6
2024-06-17T11:00:00Z,2024,169,11,8.84089e-13,1.14906e-12,360,483780,26.5336,13.7166,185.7,196.512,-4,17,6
2024-06-17T12:00:00Z,2024,169,12,8.48145e-13,5.68192e-13,360,490400,-2.25634,2.15695,185.7,196.512,-4,23,9
2024-06-17T13:00:00Z,2024,169,13,8.27709e-13,8.91834e-13,360,496507,-24.3075,14.5346,185.7,196.512,-3,23,9
2024-06-17T14:00:00Z,2024,169,14,8.25676e-13,1.05591e-12,360,480164,32.4278,11.2336,185.7,196.512,0,23,9
2024-06-17T15:00:00Z,2024,169,15,8.51763e-13,5.20331e-13,360,493686,-20.1024,1.87798,185.7,196.512,-3,33,18
2024-06-17T16:00:00Z,2024,169,16,8.74182e-13,1.0387e-12,360,494539,-7.80857,14.192,185.7,196.512,2,33,18
2024-06-17T17:00:00Z,2024,169,17,8.65805e-13,9.80585e-13,360,480971,29.2537,2.78619,185.7,196.512,5,33,18
2024-06-17T18:00:00Z,2024,169,18,8.78875e-13,6.03527e-13,360,495382,-30.8395,1.33995,185.7,196.512,0,33,18
2024-06-17T19:00:00Z,2024,169,19,8.83436e-13,1.1193e-12,360,490017,10.6098,14.0887,185.7,196.512,-2,33,18
2024-06-17T20:00:00Z,2024,169,20,8.90359e-13,8.23547e-13,360,485286,17.0208,2.36915,185.7,196.512,-9,33,18
2024-06-17T21:00:00Z,2024,169,21,9.10139e-13,7.56147e-13,360,496260,-32.478,15.7821,185.7,196.512,-17,30,15
2024-06-17T22:00:00Z,2024,169,22,9.36594e-13,1.23503e-12,360,484296,25.9268,13.7053,185.7,196.512,-16,30,15
2024-06-17T23:00:00Z,2024,169,23,9.0161e-13,6.37821e-13,360,490020,-1.20227,2.12503,185.7,196.512,-14,30,15
2024-06-18T00:00:00Z,2024,170,0,9.02711e-13,9.41802e-13,360,496585,-25.008,14.5184,199,196.385,-14,17,6
2024-06-18T01:00:00Z,2024,170,1,9.04185e-13,1.13688e-12,360,480316,32.3363,11.7953,199,196.385,-5,17,6
2024-06-18T02:00:00Z,2024,170,2,9.04277e-13,5.71202e-13,360,493419,-19.2146,1.85818,199,196.385,-4,17,6
2024-06-18T03:00:00Z,2024,170,3,9.15243e-13,1.09514e-12,360,494874,-8.86303,14.1621,199,196.385,-6,27,12
2024-06-18T04:00:00Z,2024,170,4,9.2611e-13,1.00883e-12,360,480674,29.678,2.79805,199,196.385,-6,27,12
2024-06-18T05:00:00Z,2024,170,5,9.46909e-13,6.88757e-13,360,495228,-30.4682,1.36843,199,196.385,-5,27,12
2024-06-18T06:00:00Z,2024,170,6,9.49759e-13,1.21913e-12,360,490385,9.55576,14.0624,199,196.385,-12,27,12
2024-06-18T07:00:00Z,2024,170,7,9.52959e-13,8.30122e-13,360,484899,17.9667,2.35063,199,196.385,-12,27,12
2024-06-18T08:00:00Z,2024,170,8,9.52226e-13,8.43586e-13,360,496280,-32.6323,16.049,199,196.385,-18,27,12
2024-06-18T09:00:00Z,2024,170,9,9.33195e-13,1.22302e-12,360,484613,25.2824,13.6918,199,196.385,-16,27,12
2024-06-18T10:00:00Z,2024,170,10,9.20953e-13,6.50778e-13,360,489723,-0.146972,2.09371,199,196.385,-8,27,12
2024-06-18T11:00:00Z,2024,170,11,9.27431e-13,9.57022e-13,360,496649,-25.6825,14.5044,199,196.385,-7,27,12
2024-06-18T12:00:00Z,2024,170,12,9.28071e-13,1.1764e-12,360,480483,32.2149,12.1734,199,196.385,-6,27,12
2024-06-18T13:00:00Z,2024,170,13,9.07048e-13,5.67836e-13,360,493154,-18.2919,1.83842,199,196.385,-7,27,12
2024-06-18T14:00:00Z,2024,170,14,9.13577e-13,1.08319e-12,360,495097,-9.91866,14.1339,199,196.385,-11,27,12
2024-06-18T15:00:00Z,2024,170,15,9.04335e-13,1.01115e-12,360,480600,30.0788,2.8166,199,196.385,-15,33,18
2024-06-18T16:00:00Z,2024,170,16,8.86922e-13,6.33633e-13,360,494947,-30.0633,1.3883,199,196.385,-14,33,18
2024-06-18T17:00:00Z,2024,170,17,8.75082e-13,1.09154e-12,360,490785,8.49832,14.0341,199,196.385,-15,33,18
2024-06-18T18:00:00Z,2024,170,18,8.5588e-13,7.84081e-13,360,484535,18.8872,2.33087,199,196.385,-14,17,6
2024-06-18T19:00:00Z,2024,170,19,8.36415e-13,7.17551e-13,360,496101,-32.7522,16.4355,199,196.385,-13,17,6
2024-06-18T20:00:00Z,2024,170,20,8.25096e-13,1.07414e-12,360,485092,24.6096,13.6774,199,196.385,-13,17,6
2024-06-18T21:00:00Z,2024,170,21,8.08796e-13,5.80111e-13,360,489368,0.917819,2.06159,199,196.385,-10,13,5
2024-06-18T22:00:00Z,2024,170,22,7.94736e-13,8.30279e-13,360,496661,-26.3284,14.4916,199,196.385,-7,13,5
2024-06-18T23:00:00Z,2024,170,23,7.96668e-13,1.02149e-12,360,480724,32.0639,12.4376,199,196.385,-2,13,5
2024-06-19T00:00:00Z,2024,171,0,8.07706e-13,4.90329e-13,360,492849,-17.3348,1.81975,202.3,196.29,-1,27,12
2024-06-19T01:00:00Z,2024,171,1,8.24784e-13,9.76654e-13,360,495395,-10.9818,14.1071,202.3,196.29,0,27,12
2024-06-19T02:00:00Z,2024,171,2,8.48664e-13,9.60545e-13,360,480406,30.4477,2.84485,202.3,196.29,-6,27,12
2024-06-19T03:00:00Z,2024,171,3,8.52472e-13,5.75055e-13,360,494806,-29.631,1.40157,202.3,196.29,-6,30,15
2024-06-19T04:00:00Z,2024,171,4,8.75583e-13,1.12504e-12,360,491175,7.43657,14.0045,202.3,196.29,-15,30,15
2024-06-19T05:00:00Z,2024,171,5,8.96001e-13,8.07153e-13,360,484153,19.7801,2.31061,202.3,196.29,-15,30,15
2024-06-19T06:00:00Z,2024,171,6,9.02279e-13,7.74305e-13,360,495965,-32.8431,17.0097,202.3,196.29,-12,20,7
2024-06-19T07:00:00Z,2024,171,7,9.06993e-13,1.21042e-12,360,485462,23.9002,13.662,202.3,196.29,-14,20,7
2024-06-19T08:00:00Z,2024,171,8,8.84359e-13,5.91115e-13,360,489039,1.9831,2.03053,202.3,196.29,-14,20,7
2024-06-19T09:00:00Z,2024,171,9,8.87738e-13,9.3928e-13,360,496718,-26.9499,14.4812,202.3,196.29,-8,13,5
2024-06-19T10:00:00Z,2024,171,10,8.83656e-13,1.13825e-12,360,480928,31.8802,12.6243,202.3,196.29,-2,13,5
2024-06-19T11:00:00Z,2024,171,11,8.86583e-13,5.25356e-13,360,492585,-16.3446,1.80384,202.3,196.29,0,13,5
2024-06-19T12:00:00Z,2024,171,12,8.99586e-13,1.08142e-12,360,495620,-12.0481,14.0841,202.3,196.29,0,33,18
2024-06-19T13:00:00Z,2024,171,13,8.99514e-13,1.02367e-12,360,480339,30.7903,2.88527,202.3,196.29,0,33,18
2024-06-19T14:00:00Z,2024,171,14,9.00738e-13,5.94081e-13,360,494554,-29.1626,1.40814,202.3,196.29,-2,33,18
2024-06-19T15:00:00Z,2024,171,15,9.12365e-13,1.16021e-12,360,491638,6.37431,13.9745,202.3,196.29,-7,27,12
2024-06-19T16:00:00Z,2024,171,16,8.95125e-13,8.43298e-13,360,483759,20.6461,2.29051,202.3,196.29,-8,27,12
2024-06-19T17:00:00Z,2024,171,17,8.83673e-13,7.43237e-13,360,495845,-32.9041,17.8721,202.3,196.29,-12,27,12
2024-06-19T18:00:00Z,2024,171,18,8.72394e-13,1.12683e-12,360,485842,23.1591,13.6453,202.3,196.29,-15,20,7
2024-06-19T19:00:00Z,2024,171,19,8.72876e-13,6.63117e-13,360,488676,3.05498,1.99904,202.3,196.29,-15,20,7
2024-06-19T20:00:00Z,2024,171,20,8.63436e-13,8.58442e-13,360,496665,-27.5397,14.4733,202.3,196.29,-12,20,7
2024-06-19T21:00:00Z,2024,171,21,8.63436e-13,1.11678e-12,360,481263,31.6683,12.7619,202.3,196.29,-11,10,4
2024-06-19T22:00:00Z,2024,171,22,8.31577e-13,5.22978e-13,360,492269,-15.3184,1.79389,202.3,196.29,-10,10,4
2024-06-19T23:00:00Z,2024,171,23,8.21945e-13,9.45352e-13,360,495864,-13.1181,14.0679,202.3,196.29,-8,10,4
2024-06-20T00:00:00Z,2024,172,0,8.19327e-13,9.3346e-13,360,480259,31.103,2.93962,210,198.574,-6,20,7
2024-06-20T01:00:00Z,2024,172,1,8.30328e-13,5.73044e-13,360,494365,-28.6644,1.4105,210,198.574,-9,20,7
2024-06-20T02:00:00Z,2024,172,2,8.41094e-13,1.06594e-12,360,492103,5.30573,13.9436,210,198.574,-8,20,7
2024-06-20T03:00:00Z,2024,172,3,8.61198e-13,8.00586e-13,360,483352,21.4815,2.27116,210,198.574,-8,13,5
2024-06-20T04:00:00Z,2024,172,4,8.69281e-13,7.40418e-13,360,495715,-32.9344,19.0939,210,198.574,-9,13,5
2024-06-20T05:00:00Z,2024,172,5,8.67959e-13,1.14609e-12,360,486280,22.3872,13.6275,210,198.574,-4,13,5
2024-06-20T06:00:00Z,2024,172,6,8.65207e-13,5.97725e-13,360,488273,4.12713,1.96766,210,198.574,-2,13,5
2024-06-20T07:00:00Z,2024,172,7,8.71463e-13,9.04968e-13,360,496655,-28.1021,14.4676,210,198.574,-3,13,5
2024-06-20T08:00:00Z,2024,172,8,8.72213e-13,1.1375e-12,360,481483,31.4213,12.8623,210,198.574,-6,13,5
2024-06-20T09:00:00Z,2024,172,9,8.67939e-13,5.2207e-13,360,492040,-14.2641,1.80467,210,198.574,-5,10,4
2024-06-20T10:00:00Z,2024,172,10,8.59995e-13,1.00486e-12,360,496059,-14.1896,14.0746,210,198.574,-5,10,4
2024-06-20T11:00:00Z,2024,172,11,8.4886e-13,9.93571e-13,360,480214,31.386,3.01542,210,198.574,-6,10,4
2024-06-20T12:00:00Z,2024,172,12,8.47962e-13,5.54737e-13,360,494139,-28.1324,1.40876,210,198.574,-6,17,6
2024-06-20T13:00:00Z,2024,172,13,8.45347e-13,1.06861e-12,360,492510,4.23449,13.9127,210,198.574,-4,17,6
2024-06-20T14:00:00Z,2024,172,14,8.48309e-13,8.23528e-13,360,483104,22.2932,2.25223,210,198.574,-4,17,6
2024-06-20T15:00:00Z,2024,172,15,8.40622e-13,6.74954e-13,360,495479,-32.9311,20.5363,210,198.574,-7,13,5
2024-06-20T16:00:00Z,2024,172,16,8.22583e-13,1.07845e-12,360,486761,21.583,13.6091,210,198.574,-7,13,5
2024-06-20T17:00:00Z,2024,172,17,8.17179e-13,6.33381e-13,360,487890,5.20189,1.93685,210,198.574,-8,13,5
2024-06-20T18:00:00Z,2024,172,18,8.13615e-13,7.84493e-13,360,496524,-28.6329,14.4651,210,198.574,-12,23,9
2024-06-20T19:00:00Z,2024,172,19,8.21466e-13,1.07297e-12,360,481817,31.1453,12.9381,210,198.574,-15,23,9
2024-06-20T20:00:00Z,2024,172,20,8.26025e-13,5.12946e-13,360,491736,-13.1852,1.81146,210,198.574,-14,23,9
2024-06-20T21:00:00Z,2024,172,21,8.29721e-13,9.50267e-13,360,496185,-15.2475,14.0851,210,198.574,-12,23,9
2024-06-20T22:00:00Z,2024,172,22,8.32364e-13,9.9309e-13,360,480292,31.6419,3.11682,210,198.574,-10,23,9
2024-06-20T23:00:00Z,2024,172,23,8.2605e-13,5.39073e-13,360,493881,-27.5668,1.40358,210,198.574,-12,23,9
2024-06-21T00:00:00Z,2024,173,0,8.2339e-13,1.03915e-12,360,492941,3.15919,13.8811,203.3,198.873,-10,13,5
2024-06-21T01:00:00Z,2024,173,1,8.11228e-13,7.7056e-13,360,482792,23.0748,2.23437,203.3,198.873,-1,13,5
2024-06-21T02:00:00Z,2024,173,2,8.06989e-13,6.6125e-13,360,495367,-32.9002,21.8244,203.3,198.873,-1,13,5
2024-06-21T03:00:00Z,2024,173,3,8.12798e-13,1.07394e-12,360,487222,20.7447,13.5895,203.3,198.873,-3,13,5
2024-06-21T04:00:00Z,2024,173,4,8.18731e-13,6.01201e-13,360,487443,6.27749,1.90621,203.3,198.873,-2,13,5
2024-06-21T05:00:00Z,2024,173,5,8.24021e-13,8.25467e-13,360,496485,-29.1349,14.4669,203.3,198.873,-2,13,5
2024-06-21T06:00:00Z,2024,173,6,8.21843e-13,1.07991e-12,360,482063,30.835,12.9948,203.3,198.873,-2,7,3
2024-06-21T07:00:00Z,2024,173,7,8.09394e-13,4.75064e-13,360,491474,-12.1052,1.79627,203.3,198.873,0,7,3
2024-06-21T08:00:00Z,2024,173,8,8.03522e-13,9.31859e-13,360,496367,-16.284,14.0758,203.3,198.873,1,7,3
2024-06-21T09:00:00Z,2024,173,9,7.86242e-13,9.43632e-13,360,480228,31.8624,3.25743,203.3,198.873,2,3,2
2024-06-21T10:00:00Z,2024,173,10,7.8091e-13,4.98736e-13,360,493750,-26.9715,1.396,203.3,198.873,2,3,2
2024-06-21T11:00:00Z,2024,173,11,7.72458e-13,9.73214e-13,360,493309,2.08007,13.8499,203.3,198.873,1,3,2
2024-06-21T12:00:00Z,2024,173,12,7.66436e-13,7.56053e-13,360,482530,23.8276,2.2178,203.3,198.873,-1,3,2
2024-06-21T13:00:00Z,2024,173,13,7.60034e-13,5.9292e-13,360,495180,-32.8359,22.755,203.3,198.873,-1,3,2
2024-06-21T14:00:00Z,2024,173,14,7.66895e-13,1.01586e-12,360,487723,19.8763,13.5699,203.3,198.873,-3,3,2
2024-06-21T15:00:00Z,2024,173,15,7.76019e-13,5.78271e-13,360,487073,7.35752,1.87569,203.3,198.873,-3,3,2
2024-06-21T16:00:00Z,2024,173,16,7.79816e-13,7.85008e-13,360,496336,-29.604,14.473,203.3,198.873,-3,3,2
2024-06-21T17:00:00Z,2024,173,17,7.58101e-13,9.95644e-13,360,482386,30.4945,13.0359,203.3,198.873,-1,3,2
2024-06-21T18:00:00Z,2024,173,18,7.5207e-13,4.46699e-13,360,491162,-11.0191,1.77339,203.3,198.873,0,10,4
2024-06-21T19:00:00Z,2024,173,19,7.45825e-13,8.55023e-13,360,496384,-17.2889,14.06,203.3,198.873,1,10,4
2024-06-21T20:00:00Z,2024,173,20,7.46512e-13,9.08023e-13,360,480417,32.0591,3.44977,203.3,198.873,-1,10,4
2024-06-21T21:00:00Z,2024,173,21,7.59173e-13,4.79315e-13,360,493433,-26.3369,1.3855,203.3,198.873,0,7,3
2024-06-21T22:00:00Z,2024,173,22,7.64681e-13,9.48028e-13,360,493708,0.998569,13.8182,203.3,198.873,3,7,3
2024-06-21T23:00:00Z,2024,173,23,7.75287e-13,7.97094e-13,360,482327,24.5536,2.2023,203.3,198.873,4,7,3
2024-06-22T00:00:00Z,2024,174,0,7.81781e-13,5.95736e-13,360,494988,-32.74,23.3771,202.1,199.058,5,13,5
2024-06-22T01:00:00Z,2024,174,1,7.80868e-13,1.02889e-12,360,488230,18.9722,13.55,202.1,199.058,4,13,5
2024-06-22T02:00:00Z,2024,174,2,7.78291e-13,6.06642e-13,360,486665,8.43683,1.84643,202.1,199.058,6,13,5
2024-06-22T03:00:00Z,2024,174,3,7.78863e-13,7.44968e-13,360,496320,-30.0462,14.4846,202.1,199.058,8,3,2
2024-06-22T04:00:00Z,2024,174,4,7.86152e-13,1.04149e-12,360,482635,30.1197,13.066,202.1,199.058,4,3,2
2024-06-22T05:00:00Z,2024,174,5,7.8162e-13,4.73485e-13,360,490850,-9.93272,1.74702,202.1,199.058,1,3,2
2024-06-22T06:00:00Z,2024,174,6,7.81581e-13,8.97688e-13,360,496449,-18.2667,14.0417,202.1,199.058,1,3,2
2024-06-22T07:00:00Z,2024,174,7,7.7953e-13,9.46162e-13,360,480398,32.2188,3.72472,202.1,199.058,3,3,2
2024-06-22T08:00:00Z,2024,174,8,7.77884e-13,4.74833e-13,360,493340,-25.6754,1.37413,202.1,199.058,3,3,2
2024-06-22T09:00:00Z,2024,174,9,7.79382e-13,9.84694e-13,360,494003,-0.0904417,13.7866,202.1,199.058,3,3,2
2024-06-22T10:00:00Z,2024,174,10,7.79752e-13,7.87715e-13,360,482113,25.248,2.18895,202.1,199.058,3,3,2
2024-06-22T11:00:00Z,2024,174,11,7.73649e-13,5.98137e-13,360,494845,-32.6134,23.793,202.1,199.058,5,3,2
2024-06-22T12:00:00Z,2024,174,12,7.63986e-13,1.00309e-12,360,488683,18.0343,13.5304,202.1,199.058,8,7,3
2024-06-22T13:00:00Z,2024,174,13,7.56136e-13,5.8738e-13,360,486360,9.52155,1.81815,202.1,199.058,11,7,3
2024-06-22T14:00:00Z,2024,174,14,7.51291e-13,7.13168e-13,360,496142,-30.454,14.505,202.1,199.058,11,7,3
2024-06-22T15:00:00Z,2024,174,15,7.57855e-13,1.01084e-12,360,483073,29.7171,13.0871,202.1,199.058,14,10,4
2024-06-22T16:00:00Z,2024,174,16,7.547e-13,4.57611e-13,360,490458,-8.84242,1.71894,202.1,199.058,13,10,4
2024-06-22T17:00:00Z,2024,174,17,7.52842e-13,8.54015e-13,360,496474,-19.2144,14.0221,202.1,199.058,12,10,4
2024-06-22T18:00:00Z,2024,174,18,7.37458e-13,9.05549e-13,360,480478,32.3494,4.1257,202.1,199.058,15,7,3
2024-06-22T19:00:00Z,2024,174,19,7.32649e-13,4.48047e-13,360,493059,-24.9739,1.36054,202.1,199.058,15,7,3
2024-06-22T20:00:00Z,2024,174,20,7.30491e-13,9.09357e-13,360,494304,-1.18029,13.7552,202.1,199.058,17,7,3
2024-06-22T21:00:00Z,2024,174,21,7.33461e-13,7.78662e-13,360,482002,25.9183,2.17648,202.1,199.058,17,7,3
2024-06-22T22:00:00Z,2024,174,22,7.25218e-13,5.25944e-13,360,494603,-32.4519,0.0790331,202.1,199.058,14,7,3
2024-06-22T23:00:00Z,2024,174,23,7.34775e-13,9.65232e-13,360,489197,17.0614,13.5119,202.1,199.058,12,7,3
2024-06-23T00:00:00Z,2024,175,0,7.33258e-13,5.77175e-13,360,485996,10.6096,1.79149,202.2,199.484,11,10,4
2024-06-23T01:00:00Z,2024,175,1,7.32148e-13,6.98678e-13,360,496083,-30.8349,14.5334,202.2,199.484,7,10,4
2024-06-23T02:00:00Z,2024,175,2,7.43191e-13,9.91282e-13,360,483431,29.2775,13.1003,202.2,199.484,10,10,4
2024-06-23T03:00:00Z,2024,175,3,7.53424e-13,4.51891e-13,360,490101,-7.75248,1.68979,202.2,199.484,17,17,6
2024-06-23T04:00:00Z,2024,175,4,7.74933e-13,8.71523e-13,360,496533,-20.1338,14.0022,202.2,199.484,16,17,6
2024-06-23T05:00:00Z,2024,175,5,8.0944e-13,9.90079e-13,360,480534,32.4478,4.73046,202.2,199.484,16,17,6
2024-06-23T06:00:00Z,2024,175,6,8.20742e-13,5.20572e-13,360,492812,-24.2405,1.34604,202.2,199.484,16,27,12
2024-06-23T07:00:00Z,2024,175,7,8.41096e-13,1.04616e-12,360,494571,-2.27769,13.7239,202.2,199.484,18,27,12
2024-06-23T08:00:00Z,2024,175,8,8.98245e-13,9.18478e-13,360,481792,26.5545,2.16724,202.2,199.484,10,27,12
2024-06-23T09:00:00Z,2024,175,9,9.73725e-13,7.24691e-13,360,494503,-32.2613,0.282828,202.2,199.484,3,30,15
2024-06-23T10:00:00Z,2024,175,10,1.01114e-12,1.31904e-12,360,489640,16.052,13.4958,202.2,199.484,-5,30,15
2024-06-23T11:00:00Z,2024,175,11,9.60503e-13,7.99227e-13,360,485674,11.7009,1.76852,202.2,199.484,-9,30,15
2024-06-23T12:00:00Z,2024,175,12,9.23859e-13,8.70484e-13,360,495945,-31.1834,14.5749,202.2,199.484,-4,33,18
2024-06-23T13:00:00Z,2024,175,13,9.14994e-13,1.1827e-12,360,483863,28.8069,13.1075,202.2,199.484,0,33,18
2024-06-23T14:00:00Z,2024,175,14,9.0574e-13,6.07163e-13,360,489764,-6.65518,1.65953,202.2,199.484,-3,33,18
2024-06-23T15:00:00Z,2024,175,15,9.0883e-13,1.00431e-12,360,496541,-21.0209,13.9827,202.2,199.484,-5,27,12
2024-06-23T16:00:00Z,2024,175,16,9.03372e-13,1.08557e-12,360,480635,32.5147,5.65482,202.2,199.484,-2,27,12
2024-06-23T17:00:00Z,2024,175,17,9.16034e-13,5.88568e-13,360,492561,-23.4732,1.33027,202.2,199.484,-3,27,12
2024-06-23T18:00:00Z,2024,175,18,9.00432e-13,1.10181e-12,360,494771,-3.37719,13.6925,202.2,199.484,-8,23,9
2024-06-23T19:00:00Z,2024,175,19,8.59193e-13,9.03127e-13,360,481678,27.1644,2.1597,202.2,199.484,-9,23,9
2024-06-23T20:00:00Z,2024,175,20,8.57853e-13,6.48996e-13,360,494240,-32.033,0.427982,202.2,199.484,-10,23,9
2024-06-23T21:00:00Z,2024,175,21,8.59926e-13,1.09817e-12,360,490156,15.0085,13.4859,202.2,199.484,-11,17,6
2024-06-23T22:00:00Z,2024,175,22,8.53053e-13,7.03595e-13,360,485367,12.7976,1.75213,202.2,199.484,-12,17,6
2024-06-23T23:00:00Z,2024,175,23,8.55702e-13,8.14815e-13,360,495809,-31.501,14.6312,202.2,199.484,-10,17,6
2024-06-24T00:00:00Z,2024,176,0,8.48966e-13,1.09497e-12,360,484299,28.3012,13.11,205.3,199.82,-10,17,6
2024-06-24T01:00:00Z,2024,176,1,8.49035e-13,5.67415e-13,360,489417,-5.55666,1.62904,205.3,199.82,-10,17,6
2024-06-24T02:00:00Z,2024,176,2,8.44976e-13,9.19497e-13,360,496643,-21.8823,13.9634,205.3,199.82,-8,17,6
2024-06-24T03:00:00Z,2024,176,3,8.62705e-13,1.0654e-12,360,480711,32.5479,6.97079,205.3,199.82,-6,3,2
2024-06-24T04:00:00Z,2024,176,4,8.66703e-13,5.57907e-13,360,492271,-22.6715,1.3133,205.3,199.82,-5,3,2
2024-06-24T05:00:00Z,2024,176,5,8.60436e-13,1.04313e-12,360,495011,-4.47824,13.6614,205.3,199.82,-1,3,2
2024-06-24T06:00:00Z,2024,176,6,8.55401e-13,8.91098e-13,360,481497,27.7413,2.15487,205.3,199.82,1,3,2
2024-06-24T07:00:00Z,2024,176,7,8.52546e-13,6.45748e-13,360,494076,-31.7743,0.536818,205.3,199.82,1,3,2
2024-06-24T08:00:00Z,2024,176,8,8.53429e-13,1.109e-12,360,490571,13.9284,13.4954,205.3,199.82,-1,3,2
2024-06-24T09:00:00Z,2024,176,9,8.55935e-13,7.00863e-13,360,485080,13.8935,1.7586,205.3,199.82,1,3,2
2024-06-24T10:00:00Z,2024,176,10,8.5205e-13,7.94909e-13,360,495681,-31.788,14.7086,205.3,199.82,5,3,2
2024-06-24T11:00:00Z,2024,176,11,8.55711e-13,1.12419e-12,360,484737,27.7615,13.1084,205.3,199.82,6,3,2
2024-06-24T12:00:00Z,2024,176,12,8.62735e-13,5.66972e-13,360,489089,-4.45301,1.59828,205.3,199.82,6,7,3
2024-06-24T13:00:00Z,2024,176,13,8.5508e-13,9.36824e-13,360,496615,-22.7116,13.9454,205.3,199.82,7,7,3
2024-06-24T14:00:00Z,2024,176,14,8.55817e-13,1.07238e-12,360,480975,32.5529,8.47607,205.3,199.82,7,7,3
2024-06-24T15:00:00Z,2024,176,15,8.52212e-13,5.05906e-13,360,491916,-21.833,1.29501,205.3,199.82,6,7,3
2024-06-24T16:00:00Z,2024,176,16,8.50378e-13,1.04602e-12,360,495260,-5.58289,13.6306,205.3,199.82,5,7,3
2024-06-24T17:00:00Z,2024,176,17,8.39197e-13,9.07265e-13,360,481356,28.2874,2.15417,205.3,199.82,6,7,3
2024-06-24T18:00:00Z,2024,176,18,8.38985e-13,6.13461e-13,360,493797,-31.4791,0.617052,205.3,199.82,5,10,4
2024-06-24T19:00:00Z,2024,176,19,8.28244e-13,1.05691e-12,360,491003,12.8289,13.5048,205.3,199.82,4,10,4
2024-06-24T20:00:00Z,2024,176,20,8.28275e-13,7.1278e-13,360,484865,14.9828,1.7714,205.3,199.82,2,10,4
2024-06-24T21:00:00Z,2024,176,21,8.3743e-13,7.53583e-13,360,495435,-32.04,14.8143,205.3,199.82,-2,13,5
2024-06-24T22:00:00Z,2024,176,22,8.4604e-13,1.10804e-12,360,485260,27.1889,13.1032,205.3,199.82,-2,13,5
2024-06-24T23:00:00Z,2024,176,23,8.47774e-13,5.7603e-13,360,488754,-3.34549,1.56692,205.3,199.82,-2,13,5
2024-06-25T00:00:00Z,2024,177,0,8.45083e-13,9.06184e-13,360,496622,-23.5118,13.9278,200.1,200.154,-1,13,5
2024-06-25T01:00:00Z,2024,177,1,8.51597e-13,1.07394e-12,360,481175,32.5227,9.75305,200.1,200.154,-4,13,5
2024-06-25T02:00:00Z,2024,177,2,8.63062e-13,5.18792e-13,360,491644,-20.9631,1.27654,200.1,200.154,-6,13,5
2024-06-25T03:00:00Z,2024,177,3,8.89126e-13,1.08984e-12,360,495513,-6.69066,13.5999,200.1,200.154,-8,13,5
2024-06-25T04:00:00Z,2024,177,4,9.03742e-13,9.7016e-13,360,481188,28.8013,2.15749,200.1,200.154,-5,13,5
2024-06-25T05:00:00Z,2024,177,5,9.34247e-13,6.69725e-13,360,493571,-31.1518,0.676459,200.1,200.154,-4,13,5
2024-06-25T06:00:00Z,2024,177,6,9.60328e-13,1.24599e-12,360,491386,11.7222,13.4902,200.1,200.154,-8,20,7
2024-06-25T07:00:00Z,2024,177,7,9.88427e-13,8.74897e-13,360,484573,16.0407,1.76359,200.1,200.154,-11,20,7
2024-06-25T08:00:00Z,2024,177,8,1.00348e-12,8.74612e-13,360,495358,-32.2646,14.9579,200.1,200.154,-11,20,7
2024-06-25T09:00:00Z,2024,177,9,1.02385e-12,1.3275e-12,360,485635,26.578,13.0953,200.1,200.154,-14,20,7
2024-06-25T10:00:00Z,2024,177,10,1.04296e-12,7.55214e-13,360,488489,-2.23699,1.53594,200.1,200.154,-16,20,7
2024-06-25T11:00:00Z,2024,177,11,1.04982e-12,1.09195e-12,360,496585,-24.2813,13.9121,200.1,200.154,-16,20,7
2024-06-25T12:00:00Z,2024,177,12,1.04983e-12,1.30036e-12,360,481406,32.4602,10.6372,200.1,200.154,-12,17,6
2024-06-25T13:00:00Z,2024,177,13,1.05222e-12,6.92903e-13,360,491374,-20.0557,1.25719,200.1,200.154,-7,17,6
2024-06-25T14:00:00Z,2024,177,14,1.05607e-12,1.25639e-12,360,495687,-7.79871,13.5701,200.1,200.154,-7,17,6
2024-06-25T15:00:00Z,2024,177,15,1.05968e-12,1.15123e-12,360,481147,29.2862,2.16585,200.1,200.154,-6,27,12
2024-06-25T16:00:00Z,2024,177,16,1.06228e-12,7.77097e-13,360,493273,-30.7889,0.720432,200.1,200.154,-9,27,12
2024-06-25T17:00:00Z,2024,177,17,1.04375e-12,1.31176e-12,360,491748,10.6124,13.4675,200.1,200.154,-8,27,12
2024-06-25T18:00:00Z,2024,177,18,9.92261e-13,8.78057e-13,360,484345,17.0728,1.7485,200.1,200.154,-8,17,6
2024-06-25T19:00:00Z,2024,177,19,9.85941e-13,8.92343e-13,360,495044,-32.4509,15.1601,200.1,200.154,-7,17,6
2024-06-25T20:00:00Z,2024,177,20,9.8462e-13,1.26304e-12,360,486194,25.9366,13.0855,200.1,200.154,-5,17,6
2024-06-25T21:00:00Z,2024,177,21,9.92121e-13,7.12558e-13,360,488196,-1.11926,1.50423,200.1,200.154,-2,10,4
2024-06-25T22:00:00Z,2024,177,22,9.94574e-13,1.04694e-12,360,496489,-25.0192,13.8972,200.1,200.154,-4,10,4
2024-06-25T23:00:00Z,2024,177,23,9.97334e-13,1.23569e-12,360,481719,32.3656,11.2177,200.1,200.154,-2,10,4
2024-06-26T00:00:00Z,2024,178,0,1.00702e-12,6.60547e-13,360,491081,-19.1124,1.23813,187.4,200.679,-4,10,4
2024-06-26T01:00:00Z,2024,178,1,1.0237e-12,1.20051e-12,360,495918,-8.91347,13.541,187.4,200.679,-4,10,4
2024-06-26T02:00:00Z,2024,178,2,1.04288e-12,1.14425e-12,360,481022,29.7362,2.18158,187.4,200.679,-4,10,4
2024-06-26T03:00:00Z,2024,178,3,1.04896e-12,7.81904e-13,360,493058,-30.3949,0.752487,187.4,200.679,1,13,5
2024-06-26T04:00:00Z,2024,178,4,1.05931e-12,1.33128e-12,360,492101,9.49795,13.4414,187.4,200.679,6,13,5
2024-06-26T05:00:00Z,2024,178,5,1.04873e-12,9.08431e-13,360,484062,18.0727,1.73058,187.4,200.679,9,13,5
2024-06-26T06:00:00Z,2024,178,6,1.05036e-12,9.53352e-13,360,494863,-32.6078,15.4477,187.4,200.679,11,23,9
2024-06-26T07:00:00Z,2024,178,7,1.07294e-12,1.39317e-12,360,486559,25.2534,13.0737,187.4,200.679,9,23,9
2024-06-26T08:00:00Z,2024,178,8,1.11151e-12,7.93679e-13,360,487971,-0.00297222,1.47342,187.4,200.679,-2,23,9
2024-06-26T09:00:00Z,2024,178,9,1.14195e-12,1.17307e-12,360,496449,-25.7303,13.8847,187.4,200.679,-3,27,12
2024-06-26T10:00:00Z,2024,178,10,1.18218e-12,1.47033e-12,360,481953,32.2346,11.601,187.4,200.679,-15,27,12
2024-06-26T11:00:00Z,2024,178,11,1.19215e-12,8.11728e-13,360,490858,-18.1336,1.21964,187.4,200.679,-19,27,12
2024-06-26T12:00:00Z,2024,178,12,1.19853e-12,1.38113e-12,360,496041,-10.0312,13.5134,187.4,200.679,-19,27,12
2024-06-26T13:00:00Z,2024,178,13,1.17138e-12,1.29999e-12,360,481059,30.1579,2.20547,187.4,200.679,-11,27,12
2024-06-26T14:00:00Z,2024,178,14,1.15509e-12,8.56554e-13,360,492743,-29.9622,0.774126,187.4,200.679,-10,27,12
2024-06-26T15:00:00Z,2024,178,15,1.13995e-12,1.40443e-12,360,492500,8.38325,13.4135,187.4,200.679,-13,27,12
2024-06-26T16:00:00Z,2024,178,16,1.09844e-12,1.01589e-12,360,483786,19.0436,1.7119,187.4,200.679,-9,27,12
2024-06-26T17:00:00Z,2024,178,17,1.08877e-12,9.66333e-13,360,494590,-32.7295,15.8735,187.4,200.679,-7,27,12
2024-06-26T18:00:00Z,2024,178,18,1.05083e-12,1.31463e-12,360,486985,24.5365,13.0603,187.4,200.679,-8,23,9
2024-06-26T19:00:00Z,2024,178,19,1.03959e-12,7.96522e-13,360,487716,1.12404,1.44196,187.4,200.679,-7,23,9
2024-06-26T20:00:00Z,2024,178,20,1.02247e-12,1.02918e-12,360,496247,-26.4063,13.874,187.4,200.679,-7,23,9
2024-06-26T21:00:00Z,2024,178,21,1.02207e-12,1.30244e-12,360,482361,32.0733,11.8658,187.4,200.679,-5,13,5
2024-06-26T22:00:00Z,2024,178,22,9.91951e-13,6.35528e-13,360,490557,-17.1138,1.20225,187.4,200.679,0,13,5
2024-06-26T23:00:00Z,2024,178,23,9.9079e-13,1.14533e-12,360,496195,-11.155,13.4878,187.4,200.679,0,13,5
2024-06-27T00:00:00Z,2024,179,0,1.00314e-12,1.12234e-12,360,481040,30.5467,2.23969,188.6,201.531,-3,17,6
2024-06-27T01:00:00Z,2024,179,1,1.01074e-12,7.25951e-13,360,492533,-29.4972,0.788922,188.6,201.531,-2,17,6
2024-06-27T02:00:00Z,2024,179,2,1.03709e-12,1.30456e-12,360,492909,7.26013,13.3841,188.6,201.531,4,17,6
2024-06-27T03:00:00Z,2024,179,3,1.02842e-12,9.22175e-13,360,483448,19.9811,1.69276,188.6,201.531,3,13,5
2024-06-27T04:00:00Z,2024,179,4,1.02155e-12,9.02329e-13,360,494377,-32.819,16.5224,188.6,201.531,5,13,5
2024-06-27T05:00:00Z,2024,179,5,1.02584e-12,1.33616e-12,360,487377,23.7824,13.0458,188.6,201.531,9,13,5
2024-06-27T06:00:00Z,2024,179,6,1.03379e-12,7.29263e-13,360,487424,2.25238,1.4109,188.6,201.531,10,7,3
2024-06-27T07:00:00Z,2024,179,7,1.03766e-12,1.08499e-12,360,496159,-27.0559,13.8652,188.6,201.531,11,7,3
2024-06-27T08:00:00Z,2024,179,8,1.04231e-12,1.31268e-12,360,482585,31.8718,12.0517,188.6,201.531,11,7,3
2024-06-27T09:00:00Z,2024,179,9,1.04106e-12,6.73023e-13,360,490396,-16.0591,1.18906,188.6,201.531,12,10,4
2024-06-27T10:00:00Z,2024,179,10,1.04543e-12,1.21982e-12,360,496294,-12.2841,13.4667,188.6,201.531,13,10,4
2024-06-27T11:00:00Z,2024,179,11,1.04656e-12,1.16494e-12,360,481060,30.9031,2.28845,188.6,201.531,11,10,4
2024-06-27T12:00:00Z,2024,179,12,1.04147e-12,7.46764e-13,360,492288,-28.9943,0.79699,188.6,201.531,15,20,7
2024-06-27T13:00:00Z,2024,179,13,1.05669e-12,1.31772e-12,360,493268,6.13371,13.3543,188.6,201.531,20,20,7
2024-06-27T14:00:00Z,2024,179,14,1.09073e-12,1.04045e-12,360,483284,20.8937,1.67409,188.6,201.531,16,20,7
2024-06-27T15:00:00Z,2024,179,15,1.0847e-12,9.09342e-13,360,494056,-32.8717,17.5171,188.6,201.531,17,23,9
2024-06-27T16:00:00Z,2024,179,16,1.07579e-12,1.37045e-12,360,487825,22.9916,13.0299,188.6,201.531,21,23,9
2024-06-27T17:00:00Z,2024,179,17,1.09182e-12,8.52003e-13,360,487121,3.38436,1.37998,188.6,201.531,21,23,9
2024-06-27T18:00:00Z,2024,179,18,1.10253e-12,1.09496e-12,360,495937,-27.6709,13.8593,188.6,201.531,16,23,9
2024-06-27T19:00:00Z,2024,179,19,1.11233e-12,1.39115e-12,360,482970,31.6391,12.1869,188.6,201.531,9,23,9
2024-06-27T20:00:00Z,2024,179,20,1.11276e-12,7.44789e-13,360,490118,-14.9613,1.18484,188.6,201.531,6,23,9
2024-06-27T21:00:00Z,2024,179,21,1.13394e-12,1.29708e-12,360,496382,-13.4169,13.4567,188.6,201.531,0,33,18
2024-06-27T22:00:00Z,2024,179,22,1.16667e-12,1.31361e-12,360,481141,31.2284,2.3547,188.6,201.531,-13,33,18
2024-06-27T23:00:00Z,2024,179,23,1.19041e-12,8.78479e-13,360,492029,-28.4547,0.80008,188.6,201.531,-22,33,18
2024-06-28T00:00:00Z,2024,180,0,1.2112e-12,1.47752e-12,360,493656,5.00042,13.3238,186.7,202.925,-28,37,22
2024-06-28T01:00:00Z,2024,180,1,1.25353e-12,1.18782e-12,360,483024,21.7729,1.65602,186.7,202.925,-37,37,22
2024-06-28T02:00:00Z,2024,180,2,1.29687e-12,1.11013e-12,360,493888,-32.8943,18.908,186.7,202.925,-39,37,22
2024-06-28T03:00:00Z,2024,180,3,1.34766e-12,1.70483e-12,360,488246,22.1632,13.0127,186.7,202.925,-41,40,27
2024-06-28T04:00:00Z,2024,180,4,1.39869e-12,1.10496e-12,360,486793,4.51992,1.34903,186.7,202.925,-46,40,27
2024-06-28T05:00:00Z,2024,180,5,1.46812e-12,1.44671e-12,360,495741,-28.253,13.8561,186.7,202.925,-63,40,27
2024-06-28T06:00:00Z,2024,180,6,1.5295e-12,1.87376e-12,360,483255,31.3679,12.2864,186.7,202.925,-78,40,27
2024-06-28T07:00:00Z,2024,180,7,1.56772e-12,1.16576e-12,360,489908,-13.8333,1.20506,186.7,202.925,-79,40,27
2024-06-28T08:00:00Z,2024,180,8,1.56413e-12,1.72199e-12,360,496437,-14.5516,13.4749,186.7,202.925,-79,40,27
2024-06-28T09:00:00Z,2024,180,9,1.51869e-12,1.68652e-12,360,481194,31.5188,2.44713,186.7,202.925,-77,60,80
2024-06-28T10:00:00Z,2024,180,10,1.57577e-12,1.24472e-12,360,491813,-27.8785,0.799654,186.7,202.925,-64,60,80
2024-06-28T11:00:00Z,2024,180,11,1.68781e-12,1.95223e-12,360,493984,3.8616,13.2932,186.7,202.925,-76,60,80
2024-06-28T12:00:00Z,2024,180,12,1.91362e-12,1.96511e-12,360,482855,22.6242,1.63908,186.7,202.925,-107,77,179
2024-06-28T13:00:00Z,2024,180,13,1.8827e-12,1.5966e-12,360,493586,-32.8785,20.4339,186.7,202.925,-85,77,179
2024-06-28T14:00:00Z,2024,180,14,1.85276e-12,2.18872e-12,360,488768,21.2994,12.9947,186.7,202.925,-68,77,179
2024-06-28T15:00:00Z,2024,180,15,1.82172e-12,1.54624e-12,360,486441,5.66193,1.31827,186.7,202.925,-52,57,67
2024-06-28T16:00:00Z,2024,180,16,1.7359e-12,1.75665e-12,360,495549,-28.8034,13.8575,186.7,202.925,-51,57,67
2024-06-28T17:00:00Z,2024,180,17,1.62568e-12,1.86842e-12,360,483565,31.061,12.3596,186.7,202.925,-68,57,67
2024-06-28T18:00:00Z,2024,180,18,1.6268e-12,1.3684e-12,360,489628,-12.6861,1.20202,186.7,202.925,-61,53,56
2024-06-28T19:00:00Z,2024,180,19,1.58388e-12,1.64403e-12,360,496404,-15.6657,13.4771,186.7,202.925,-73,53,56
2024-06-28T20:00:00Z,2024,180,20,1.5201e-12,1.71384e-12,360,481387,31.7797,2.57245,186.7,202.925,-72,53,56
2024-06-28T21:00:00Z,2024,180,21,1.39068e-12,1.09697e-12,360,491511,-27.2607,0.795092,186.7,202.925,-67,37,22
2024-06-28T22:00:00Z,2024,180,22,1.3258e-12,1.5226e-12,360,494326,2.71588,13.262,186.7,202.925,-71,37,22
2024-06-28T23:00:00Z,2024,180,23,1.29612e-12,1.23733e-12,360,482689,23.4459,1.6229,186.7,202.925,-67,37,22
2024-06-29T00:00:00Z,2024,181,0,1.31038e-12,1.16554e-12,360,493346,-32.829,21.6645,192.7,204.652,-64,40,27
2024-06-29T01:00:00Z,2024,181,1,1.30273e-12,1.61232e-12,360,489254,20.3931,12.9761,192.7,204.652,-64,40,27
2024-06-29T02:00:00Z,2024,181,2,1.27932e-12,1.02762e-12,360,486102,6.8069,1.28853,192.7,204.652,-61,40,27
2024-06-29T03:00:00Z,2024,181,3,1.24655e-12,1.24799e-12,360,495377,-29.3218,13.8631,192.7,204.652,-59,23,9
2024-06-29T04:00:00Z,2024,181,4,1.21959e-12,1.50918e-12,360,483899,30.7176,12.4138,192.7,204.652,-55,23,9
2024-06-29T05:00:00Z,2024,181,5,1.20901e-12,8.49068e-13,360,489351,-11.5343,1.1831,192.7,204.652,-51,23,9
2024-06-29T06:00:00Z,2024,181,6,1.18901e-12,1.31953e-12,360,496391,-16.7524,13.4653,192.7,204.652,-51,20,7
2024-06-29T07:00:00Z,2024,181,7,1.18864e-12,1.35538e-12,360,481449,32.002,2.74977,192.7,204.652,-51,20,7
2024-06-29T08:00:00Z,2024,181,8,1.18724e-12,8.64594e-13,360,491380,-26.6093,0.788729,192.7,204.652,-51,20,7
2024-06-29T09:00:00Z,2024,181,9,1.21319e-12,1.47171e-12,360,494581,1.56241,13.231,192.7,204.652,-51,23,9
2024-06-29T10:00:00Z,2024,181,10,1.22838e-12,1.19151e-12,360,482552,24.2349,1.60891,192.7,204.652,-51,23,9
2024-06-29T11:00:00Z,2024,181,11,1.2183e-12,1.04983e-12,360,493097,-32.7435,22.4937,192.7,204.652,-46,23,9
2024-06-29T12:00:00Z,2024,181,12,1.18506e-12,1.46708e-12,360,489706,19.4481,12.9573,192.7,204.652,-41,20,7
2024-06-29T13:00:00Z,2024,181,13,1.18261e-12,9.38762e-13,360,485878,7.95965,1.25904,192.7,204.652,-38,20,7
2024-06-29T14:00:00Z,2024,181,14,1.18201e-12,1.17692e-12,360,495093,-29.8037,13.876,192.7,204.652,-37,20,7
2024-06-29T15:00:00Z,2024,181,15,1.15758e-12,1.44748e-12,360,484322,30.3391,12.4537,192.7,204.652,-36,30,15
2024-06-29T16:00:00Z,2024,181,16,1.17103e-12,8.28181e-13,360,489071,-10.3774,1.15909,192.7,204.652,-32,30,15
2024-06-29T17:00:00Z,2024,181,17,1.17714e-12,1.2766e-12,360,496272,-17.8062,13.4491,192.7,204.652,-35,30,15
2024-06-29T18:00:00Z,2024,181,18,1.1979e-12,1.40654e-12,360,481645,32.1928,3.00146,192.7,204.652,-41,30,15
2024-06-29T19:00:00Z,2024,181,19,1.17804e-12,8.71126e-13,360,491085,-25.9128,0.77921,192.7,204.652,-34,30,15
2024-06-29T20:00:00Z,2024,181,20,1.15621e-12,1.34154e-12,360,494833,0.406492,13.2,192.7,204.652,-24,30,15
2024-06-29T21:00:00Z,2024,181,21,1.18154e-12,1.2012e-12,360,482532,24.9964,1.5957,192.7,204.652,-27,27,12
2024-06-29T22:00:00Z,2024,181,22,1.22228e-12,9.98202e-13,360,492788,-32.6202,23.0327,192.7,204.652,-31,27,12
2024-06-29T23:00:00Z,2024,181,23,1.23219e-12,1.52347e-12,360,490201,18.4639,12.9387,192.7,204.652,-24,27,12
2024-06-30T00:00:00Z,2024,182,0,1.17811e-12,9.75383e-13,360,485605,9.11572,1.23081,179.6,206.002,-16,23,9
2024-06-30T01:00:00Z,2024,182,1,1.16557e-12,1.14845e-12,360,494929,-30.2549,13.8957,179.6,206.002,-16,23,9
2024-06-30T02:00:00Z,2024,182,2,1.18351e-12,1.46829e-12,360,484684,29.9207,12.4815,179.6,206.002,-23,23,9
2024-06-30T03:00:00Z,2024,182,3,1.18674e-12,8.4553e-13,360,488767,-9.21874,1.13249,179.6,206.002,-26,23,9
2024-06-30T04:00:00Z,2024,182,4,1.17775e-12,1.29321e-12,360,496225,-18.8293,13.4312,179.6,206.002,-25,23,9
2024-06-30T05:00:00Z,2024,182,5,1.18695e-12,1.3737e-12,360,481741,32.3454,3.37206,179.6,206.002,-22,23,9
2024-06-30T06:00:00Z,2024,182,6,1.19958e-12,8.70347e-13,360,490907,-25.1821,0.768631,179.6,206.002,-23,13,5
2024-06-30T07:00:00Z,2024,182,7,1.19501e-12,1.43679e-12,360,495035,-0.759253,13.1689,179.6,206.002,-25,13,5
2024-06-30T08:00:00Z,2024,182,8,1.19636e-12,1.17524e-12,360,482399,25.7193,1.58556,179.6,206.002,-26,13,5
2024-06-30T09:00:00Z,2024,182,9,1.20249e-12,1.0006e-12,360,492644,-32.4641,23.3896,179.6,206.002,-24,27,12
2024-06-30T10:00:00Z,2024,182,10,1.2232e-12,1.54055e-12,360,490602,17.438,12.9209,179.6,206.002,-25,27,12
2024-06-30T11:00:00Z,2024,182,11,1.22246e-12,9.92985e-13,360,485390,10.2756,1.20452,179.6,206.002,-25,27,12
2024-06-30T12:00:00Z,2024,182,12,1.18745e-12,1.14848e-12,360,494672,-30.67,13.9258,179.6,206.002,-21,33,18
2024-06-30T13:00:00Z,2024,182,13,1.15946e-12,1.46948e-12,360,485140,29.4678,12.5005,179.6,206.002,-21,33,18
2024-06-30T14:00:00Z,2024,182,14,1.15958e-12,8.23553e-13,360,488494,-8.05324,1.10378,179.6,206.002,-21,33,18
2024-06-30T15:00:00Z,2024,182,15,1.1862e-12,1.25365e-12,360,496088,-19.8163,13.4127,179.6,206.002,-28,37,22
2024-06-30T16:00:00Z,2024,182,16,1.22941e-12,1.47361e-12,360,481914,32.4636,3.94253,179.6,206.002,-34,37,22
2024-06-30T17:00:00Z,2024,182,17,1.1922e-12,8.77105e-13,360,490652,-24.4099,0.756068,179.6,206.002,-35,37,22
2024-06-30T18:00:00Z,2024,182,18,1.16098e-12,1.33091e-12,360,495152,-1.92696,13.138,179.6,206.002,-34,23,9
2024-06-30T19:00:00Z,2024,182,19,1.14281e-12,1.16645e-12,360,482442,26.4158,1.57665,179.6,206.002,-30,23,9
2024-06-30T20:00:00Z,2024,182,20,1.15054e-12,9.37801e-13,360,492277,-32.2647,23.6337,179.6,206.002,-28,23,9
2024-06-30T21:00:00Z,2024,182,21,1.16956e-12,1.44465e-12,360,491101,16.3732,12.9053,179.6,206.002,-27,17,6
2024-06-30T22:00:00Z,2024,182,22,1.13282e-12,9.66469e-13,360,485179,11.4431,1.18069,179.6,206.002,-27,17,6
2024-06-30T23:00:00Z,2024,182,23,1.11457e-12,1.0587e-12,360,494427,-31.0507,13.9677,179.6,206.002,-25,17,6
2024-07-01T00:00:00Z,2024,183,0,1.12516e-12,1.42887e-12,360,485574,28.9743,12.5125,176.3,207.281,-27,13,5
2024-07-01T01:00:00Z,2024,183,1,1.11158e-12,7.66862e-13,360,488233,-6.88553,1.07465,176.3,207.281,-27,13,5
2024-07-01T02:00:00Z,2024,183,2,1.12036e-12,1.21664e-12,360,496074,-20.7749,13.394,176.3,207.281,-27,13,5
2024-07-01T03:00:00Z,2024,183,3,1.13318e-12,1.35246e-12,360,481994,32.5429,4.83561,176.3,207.281,-26,13,5
2024-07-01T04:00:00Z,2024,183,4,1.1628e-12,8.07076e-13,360,490427,-23.5998,0.742009,176.3,207.281,-28,13,5
2024-07-01T05:00:00Z,2024,183,5,1.18017e-12,1.40916e-12,360,495264,-3.09999,13.1071,176.3,207.281,-28,13,5
2024-07-01T06:00:00Z,2024,183,6,1.16539e-12,1.19178e-12,360,482341,27.0738,1.57075,176.3,207.281,-25,17,6
2024-07-01T07:00:00Z,2024,183,7,1.16659e-12,9.36568e-13,360,492137,-32.0333,23.8081,176.3,207.281,-20,17,6
2024-07-01T08:00:00Z,2024,183,8,1.1888e-12,1.49471e-12,360,491426,15.2624,12.895,176.3,207.281,-18,17,6
2024-07-01T09:00:00Z,2024,183,9,1.17993e-12,9.76539e-13,360,485017,12.6132,1.16401,176.3,207.281,-22,13,5
2024-07-01T10:00:00Z,2024,183,10,1.15475e-12,1.10286e-12,360,494197,-31.3973,14.0269,176.3,207.281,-22,13,5
2024-07-01T11:00:00Z,2024,183,11,1.1401e-12,1.43963e-12,360,485992,28.4418,12.5187,176.3,207.281,-21,13,5
2024-07-01T12:00:00Z,2024,183,12,1.14769e-12,8.32398e-13,360,488016,-5.71077,1.04474,176.3,207.281,-26,17,6
2024-07-01T13:00:00Z,2024,183,13,1.1267e-12,1.2034e-12,360,495912,-21.6978,13.3763,176.3,207.281,-30,17,6
2024-07-01T14:00:00Z,2024,183,14,1.08791e-12,1.30429e-12,360,482300,32.5904,6.16879,176.3,207.281,-28,17,6
2024-07-01T15:00:00Z,2024,183,15,1.07868e-12,7.44308e-13,360,490104,-22.7479,0.72642,176.3,207.281,-23,17,6
2024-07-01T16:00:00Z,2024,183,16,1.07547e-12,1.25879e-12,360,495394,-4.27774,13.0764,176.3,207.281,-22,17,6
2024-07-01T17:00:00Z,2024,183,17,1.08456e-12,1.161e-12,360,482271,27.698,1.56798,176.3,207.281,-19,17,6
2024-07-01T18:00:00Z,2024,183,18,1.06391e-12,8.24253e-13,360,491832,-31.7593,23.9336,176.3,207.281,-16,10,4
2024-07-01T19:00:00Z,2024,183,19,1.05059e-12,1.2981e-12,360,491834,14.1143,12.9027,176.3,207.281,-15,10,4
2024-07-01T20:00:00Z,2024,183,20,1.02829e-12,8.88519e-13,360,484873,13.7911,1.16664,176.3,207.281,-13,10,4
2024-07-01T21:00:00Z,2024,183,21,1.01826e-12,9.57805e-13,360,493905,-31.7066,14.1081,176.3,207.281,-11,3,2
2024-07-01T22:00:00Z,2024,183,22,1.01004e-12,1.2833e-12,360,486470,27.8703,12.5202,176.3,207.281,-11,3,2
2024-07-01T23:00:00Z,2024,183,23,1.00742e-12,7.13523e-13,360,487763,-4.53062,1.01427,176.3,207.281,-14,3,2
2024-07-02T00:00:00Z,2024,184,0,1.01298e-12,1.07598e-12,360,495837,-22.5905,13.3591,169.3,208.373,-15,10,4
2024-07-02T01:00:00Z,2024,184,1,1.01605e-12,1.23543e-12,360,482494,32.5972,7.776,169.3,208.373,-14,10,4
2024-07-02T02:00:00Z,2024,184,2,1.02334e-12,6.89061e-13,360,489892,-21.8594,0.710274,169.3,208.373,-15,10,4
2024-07-02T03:00:00Z,2024,184,3,1.03973e-12,1.22561e-12,360,495518,-5.45969,13.0457,169.3,208.373,-20,13,5
2024-07-02T04:00:00Z,2024,184,4,1.07069e-12,1.1324e-12,360,482211,28.2872,1.56871,169.3,208.373,-20,13,5
2024-07-02T05:00:00Z,2024,184,5,1.07993e-12,8.47369e-13,360,491551,-31.4476,0.0258268,169.3,208.373,-19,13,5
2024-07-02T06:00:00Z,2024,184,6,1.07473e-12,1.35455e-12,360,492159,12.9359,12.9188,169.3,208.373,-17,7,3
2024-07-02T07:00:00Z,2024,184,7,1.06643e-12,9.03261e-13,360,484699,14.9562,1.18636,169.3,208.373,-15,7,3
2024-07-02T08:00:00Z,2024,184,8,1.05852e-12,9.75889e-13,360,493702,-31.9827,14.2196,169.3,208.373,-13,7,3
2024-07-02T09:00:00Z,2024,184,9,1.06107e-12,1.37838e-12,360,486888,27.2573,12.5178,169.3,208.373,-12,7,3
2024-07-02T10:00:00Z,2024,184,10,1.05716e-12,7.34546e-13,360,487560,-3.3461,0.983896,169.3,208.373,-11,7,3
2024-07-02T11:00:00Z,2024,184,11,1.04517e-12,1.1128e-12,360,495681,-23.4482,13.3434,169.3,208.373,-10,7,3
2024-07-02T12:00:00Z,2024,184,12,1.02499e-12,1.26172e-12,360,482793,32.569,9.15799,169.3,208.373,-11,13,5
2024-07-02T13:00:00Z,2024,184,13,1.01668e-12,6.72383e-13,360,489637,-20.9264,0.692758,169.3,208.373,-12,13,5
2024-07-02T14:00:00Z,2024,184,14,1.01608e-12,1.19012e-12,360,495633,-6.64317,13.0159,169.3,208.373,-13,13,5
2024-07-02T15:00:00Z,2024,184,15,1.0021e-12,1.0896e-12,360,482179,28.8415,1.57477,169.3,208.373,-14,7,3
2024-07-02T16:00:00Z,2024,184,16,9.9349e-13,7.58541e-13,360,491305,-31.0979,0.0937233,169.3,208.373,-14,7,3
2024-07-02T17:00:00Z,2024,184,17,9.72946e-13,1.20067e-12,360,492446,11.7502,12.9062,169.3,208.373,-16,7,3
2024-07-02T18:00:00Z,2024,184,18,9.67072e-13,8.65921e-13,360,484555,16.0948,1.18067,169.3,208.373,-14,10,4
2024-07-02T19:00:00Z,2024,184,19,9.7258e-13,8.72763e-13,360,493365,-32.2181,14.3764,169.3,208.373,-12,10,4
2024-07-02T20:00:00Z,2024,184,20,9.92645e-13,1.27359e-12,360,487409,26.6065,12.5125,169.3,208.373,-10,10,4
2024-07-02T21:00:00Z,2024,184,21,1.00158e-12,7.1971e-13,360,487352,-2.15483,0.952768,169.3,208.373,-6,13,5
2024-07-02T22:00:00Z,2024,184,22,1.00511e-12,1.05789e-12,360,495523,-24.2711,13.3287,169.3,208.373,-5,13,5
2024-07-02T23:00:00Z,2024,184,23,1.00205e-12,1.2294e-12,360,483096,32.5022,10.0992,169.3,208.373,-5,13,5
2024-07-03T00:00:00Z,2024,185,0,1.02109e-12,6.94482e-13,360,489419,-19.9548,0.675259,173.1,209.594,-11,13,5
2024-07-03T01:00:00Z,2024,185,1,1.02498e-12,1.19781e-12,360,495778,-7.83294,12.9865,173.1,209.594,-16,13,5
2024-07-03T02:00:00Z,2024,185,2,1.02027e-12,1.10047e-12,360,482119,29.3572,1.58757,173.1,209.594,-19,13,5
2024-07-03T03:00:00Z,2024,185,3,1.01005e-12,7.65546e-13,360,491044,-30.7095,0.14306,173.1,209.594,-19,10,4
2024-07-03T04:00:00Z,2024,185,4,1.01784e-12,1.28325e-12,360,492777,10.5617,12.8846,173.1,209.594,-16,10,4
2024-07-03T05:00:00Z,2024,185,5,1.05427e-12,9.1727e-13,360,484371,17.1967,1.16701,173.1,209.594,-17,10,4
2024-07-03T06:00:00Z,2024,185,6,1.07319e-12,9.57857e-13,360,493117,-32.4185,14.5971,173.1,209.594,-17,13,5
2024-07-03T07:00:00Z,2024,185,7,1.08501e-12,1.41874e-12,360,487794,25.912,12.5045,173.1,209.594,-13,13,5
2024-07-03T08:00:00Z,2024,185,8,1.05827e-12,7.45337e-13,360,487200,-0.963606,0.92253,173.1,209.594,-13,13,5
2024-07-03T09:00:00Z,2024,185,9,1.029e-12,1.07493e-12,360,495357,-25.0601,13.3161,173.1,209.594,-10,7,3
2024-07-03T10:00:00Z,2024,185,10,1.00329e-12,1.25916e-12,360,483391,32.3966,10.6968,173.1,209.594,-9,7,3
2024-07-03T11:00:00Z,2024,185,11,9.96389e-13,6.56172e-13,360,489213,-18.9418,0.657646,173.1,209.594,-11,7,3
2024-07-03T12:00:00Z,2024,185,12,9.94273e-13,1.16526e-12,360,495813,-9.02516,12.9584,173.1,209.594,-11,13,5
2024-07-03T13:00:00Z,2024,185,13,9.76507e-13,1.05305e-12,360,482234,29.8404,1.60759,173.1,209.594,-9,13,5
2024-07-03T14:00:00Z,2024,185,14,9.66012e-13,7.28316e-13,360,490714,-30.2795,0.178186,173.1,209.594,-9,13,5
2024-07-03T15:00:00Z,2024,185,15,9.55392e-13,1.18373e-12,360,493104,9.37007,12.8592,173.1,209.594,-9,7,3
2024-07-03T16:00:00Z,2024,185,16,9.48815e-13,8.53752e-13,360,484222,18.2649,1.15075,173.1,209.594,-7,7,3
2024-07-03T17:00:00Z,2024,185,17,9.36876e-13,8.51211e-13,360,492750,-32.5786,14.9222,173.1,209.594,-6,7,3
2024-07-03T18:00:00Z,2024,185,18,9.1942e-13,1.17316e-12,360,488242,25.1794,12.4944,173.1,209.594,-3,10,4
2024-07-03T19:00:00Z,2024,185,19,9.13475e-13,6.56958e-13,360,487062,0.237828,0.89142,173.1,209.594,0,10,4
2024-07-03T20:00:00Z,2024,185,20,9.0569e-13,9.48106e-13,360,495059,-25.8101,13.3053,173.1,209.594,2,10,4
2024-07-03T21:00:00Z,2024,185,21,8.92393e-13,1.11112e-12,360,483821,32.2552,11.0863,173.1,209.594,3,13,5
2024-07-03T22:00:00Z,2024,185,22,8.96539e-13,5.9687e-13,360,488990,-17.8859,0.640584,173.1,209.594,10,13,5
2024-07-03T23:00:00Z,2024,185,23,9.13934e-13,1.05041e-12,360,495863,-10.2216,12.9317,173.1,209.594,12,13,5
2024-07-04T00:00:00Z,2024,186,0,9.27714e-13,1.01875e-12,360,482284,30.285,1.63774,178.8,210.825,13,17,6
2024-07-04T01:00:00Z,2024,186,1,9.26639e-13,6.94885e-13,360,490510,-29.8135,0.203162,178.8,210.825,12,17,6
2024-07-04T02:00:00Z,2024,186,2,9.50694e-13,1.19542e-12,360,493420,8.17349,12.8314,178.8,210.825,7,17,6
2024-07-04T03:00:00Z,2024,186,3,9.88991e-13,8.80672e-13,360,483999,19.2952,1.13334,178.8,210.825,1,20,7
2024-07-04T04:00:00Z,2024,186,4,1.0206e-12,8.88481e-13,360,492489,-32.7022,15.4173,178.8,210.825,-1,20,7
2024-07-04T05:00:00Z,2024,186,5,1.03936e-12,1.36097e-12,360,488599,24.4039,12.4827,178.8,210.825,-2,20,7
2024-07-04T06:00:00Z,2024,186,6,1.03795e-12,7.43138e-13,360,486903,1.43808,0.860954,178.8,210.825,-1,10,4
2024-07-04T07:00:00Z,2024,186,7,1.04267e-12,1.07884e-12,360,494911,-26.5294,13.2967,178.8,210.825,3,10,4
2024-07-04T08:00:00Z,2024,186,8,1.03002e-12,1.29902e-12,360,484054,32.0692,11.3469,178.8,210.825,-2,10,4
2024-07-04T09:00:00Z,2024,186,9,1.00094e-12,6.5729e-13,360,488904,-16.7923,0.625853,178.8,210.825,2,13,5
2024-07-04T10:00:00Z,2024,186,10,1.0013e-12,1.1526e-12,360,495859,-11.422,12.9082,178.8,210.825,6,13,5
2024-07-04T11:00:00Z,2024,186,11,1.00016e-12,1.10598e-12,360,482367,30.6923,1.6808,178.8,210.825,7,13,5
2024-07-04T12:00:00Z,2024,186,12,1.00419e-12,7.25628e-13,360,490280,-29.3057,0.219437,178.8,210.825,0,20,7
2024-07-04T13:00:00Z,2024,186,13,1.03507e-12,1.29476e-12,360,493695,6.97594,12.8028,178.8,210.825,-8,20,7
2024-07-04T14:00:00Z,2024,186,14,1.06561e-12,1.00255e-12,360,483919,20.2933,1.1155,178.8,210.825,-11,20,7
2024-07-04T15:00:00Z,2024,186,15,1.07966e-12,9.39257e-13,360,492111,-32.7847,16.196,178.8,210.825,-9,30,15
2024-07-04T16:00:00Z,2024,186,16,1.07703e-12,1.34029e-12,360,488996,23.5891,12.4692,178.8,210.825,-4,30,15
2024-07-04T17:00:00Z,2024,186,17,1.07462e-12,8.5677e-13,360,486744,2.64406,0.830455,178.8,210.825,2,30,15
2024-07-04T18:00:00Z,2024,186,18,1.04103e-12,1.04641e-12,360,494549,-27.2073,13.2908,178.8,210.825,7,30,15
2024-07-04T19:00:00Z,2024,186,19,1.01618e-12,1.23967e-12,360,484523,31.8496,11.5303,178.8,210.825,8,30,15
2024-07-04T20:00:00Z,2024,186,20,1.03474e-12,7.5178e-13,360,488688,-15.6502,0.615625,178.8,210.825,6,30,15
2024-07-04T21:00:00Z,2024,186,21,1.02895e-12,1.13571e-12,360,495831,-12.6253,12.8905,178.8,210.825,9,27,12
2024-07-04T22:00:00Z,2024,186,22,1.02364e-12,1.13851e-12,360,482523,31.0642,1.74037,178.8,210.825,8,27,12
2024-07-04T23:00:00Z,2024,186,23,1.04034e-12,8.12312e-13,360,490043,-28.7574,0.229367,178.8,210.825,4,27,12
2024-07-05T00:00:00Z,2024,187,0,1.05142e-12,1.26143e-12,360,493991,5.77135,12.7733,171.2,212.037,2,17,6
2024-07-05T01:00:00Z,2024,187,1,1.04552e-12,9.67893e-13,360,483752,21.2528,1.09841,171.2,212.037,2,17,6
2024-07-05T02:00:00Z,2024,187,2,1.04487e-12,9.30557e-13,360,491896,-32.8326,17.4012,171.2,212.037,4,17,6
2024-07-05T03:00:00Z,2024,187,3,1.07608e-12,1.3665e-12,360,489324,22.7314,12.4544,171.2,212.037,4,27,12
2024-07-05T04:00:00Z,2024,187,4,1.0949e-12,8.29336e-13,360,486565,3.85171,0.799785,171.2,212.037,0,27,12
2024-07-05T05:00:00Z,2024,187,5,1.09327e-12,1.11921e-12,360,494270,-27.8502,13.2878,171.2,212.037,-5,27,12
2024-07-05T06:00:00Z,2024,187,6,1.08176e-12,1.34217e-12,360,484783,31.5844,11.6615,171.2,212.037,-9,13,5
2024-07-05T07:00:00Z,2024,187,7,1.07097e-12,7.12624e-13,360,488633,-14.4725,0.623948,171.2,212.037,-9,13,5
2024-07-05T08:00:00Z,2024,187,8,1.07175e-12,1.21892e-12,360,495762,-13.835,12.8926,171.2,212.037,-7,13,5
2024-07-05T09:00:00Z,2024,187,9,1.07579e-12,1.21816e-12,360,482631,31.396,1.82346,171.2,212.037,-4,20,7
2024-07-05T10:00:00Z,2024,187,10,1.06268e-12,7.97738e-13,360,489879,-28.169,0.233947,171.2,212.037,-3,20,7
2024-07-05T11:00:00Z,2024,187,11,1.04679e-12,1.25466e-12,360,494200,4.56203,12.7434,171.2,212.037,3,20,7
2024-07-05T12:00:00Z,2024,187,12,1.03881e-12,9.90724e-13,360,483714,22.1801,1.08213,171.2,212.037,13,30,15
2024-07-05T13:00:00Z,2024,187,13,1.03169e-12,9.04727e-13,360,491543,-32.8375,19.0029,171.2,212.037,9,30,15
2024-07-05T14:00:00Z,2024,187,14,1.00799e-12,1.25076e-12,360,489787,21.8359,12.4384,171.2,212.037,11,30,15
2024-07-05T15:00:00Z,2024,187,15,9.759e-13,7.60853e-13,360,486333,5.06393,0.769615,171.2,212.037,1,23,9
2024-07-05T16:00:00Z,2024,187,16,9.66701e-13,9.76777e-13,360,493969,-28.4557,13.2886,171.2,212.037,-3,23,9
2024-07-05T17:00:00Z,2024,187,17,9.76379e-13,1.21243e-12,360,485101,31.2803,11.7568,171.2,212.037,-7,23,9
2024-07-05T18:00:00Z,2024,187,18,9.98991e-13,7.00198e-13,360,488473,-13.2599,0.642236,171.2,212.037,-9,7,3
2024-07-05T19:00:00Z,2024,187,19,9.95743e-13,1.10554e-12,360,495629,-15.0323,12.9132,171.2,212.037,-5,7,3
2024-07-05T20:00:00Z,2024,187,20,9.74457e-13,1.12142e-12,360,482869,31.6937,1.9368,171.2,212.037,-4,7,3
2024-07-05T21:00:00Z,2024,187,21,9.55783e-13,6.9804e-13,360,489641,-27.5362,0.233819,171.2,212.037,-5,3,2
2024-07-05T22:00:00Z,2024,187,22,9.48015e-13,1.13551e-12,360,494440,3.34697,12.7129,171.2,212.037,-7,3,2
2024-07-05T23:00:00Z,2024,187,23,9.27708e-13,8.83698e-13,360,483623,23.0714,1.06676,171.2,212.037,-9,3,2
2024-07-06T00:00:00Z,2024,188,0,9.31497e-13,8.25006e-13,360,491315,-32.8061,20.5279,171.6,212.944,-7,10,4
2024-07-06T01:00:00Z,2024,188,1,9.27146e-13,1.15368e-12,360,490190,20.8938,12.4215,171.6,212.944,-9,10,4
2024-07-06T02:00:00Z,2024,188,2,9.20697e-13,7.0993e-13,360,486109,6.27709,0.740002,171.6,212.944,-8,10,4
2024-07-06T03:00:00Z,2024,188,3,9.21308e-13,9.32579e-13,360,493703,-29.0239,13.2944,171.6,212.944,-7,7,3
2024-07-06T04:00:00Z,2024,188,4,9.37771e-13,1.18289e-12,360,485417,30.9357,11.8271,171.6,212.944,-5,7,3
2024-07-06T05:00:00Z,2024,188,5,9.42198e-13,6.14244e-13,360,488303,-12.0403,0.630816,171.6,212.944,-4,7,3
2024-07-06T06:00:00Z,2024,188,6,9.49378e-13,1.08465e-12,360,495511,-16.2021,12.9083,171.6,212.944,-5,3,2
2024-07-06T07:00:00Z,2024,188,7,9.4536e-13,1.09632e-12,360,482978,31.9484,2.09837,171.6,212.944,-5,3,2
2024-07-06T08:00:00Z,2024,188,8,9.32357e-13,6.55137e-13,360,489553,-26.8642,0.23104,171.6,212.944,-1,3,2
2024-07-06T09:00:00Z,2024,188,9,9.26064e-13,1.13162e-12,360,494611,2.12607,12.6826,171.6,212.944,0,3,2
2024-07-06T10:00:00Z,2024,188,10,9.18513e-13,8.72186e-13,360,483575,23.9264,1.05338,171.6,212.944,1,3,2
2024-07-06T11:00:00Z,2024,188,11,9.13726e-13,7.9428e-13,360,491038,-32.733,21.6092,171.6,212.944,-1,3,2
2024-07-06T12:00:00Z,2024,188,12,8.93306e-13,1.12845e-12,360,490602,19.9106,12.4041,171.6,212.944,-1,3,2
2024-07-06T13:00:00Z,2024,188,13,8.87566e-13,6.82091e-13,360,485982,7.49837,0.710811,171.6,212.944,0,3,2
2024-07-06T14:00:00Z,2024,188,14,8.77415e-13,8.81192e-13,360,493362,-29.5512,13.307,171.6,212.944,2,3,2
2024-07-06T15:00:00Z,2024,188,15,8.6505e-13,1.10069e-12,360,485784,30.5502,11.8782,171.6,212.944,2,3,2
2024-07-06T16:00:00Z,2024,188,16,8.62371e-13,5.7405e-13,360,488153,-10.8178,0.609727,171.6,212.944,2,3,2
2024-07-06T17:00:00Z,2024,188,17,8.49968e-13,9.37299e-13,360,495297,-17.3341,12.895,171.6,212.944,3,3,2
2024-07-06T18:00:00Z,2024,188,18,8.32436e-13,9.83167e-13,360,483201,32.1668,2.32902,171.6,212.944,3,3,2
2024-07-06T19:00:00Z,2024,188,19,8.22009e-13,5.78288e-13,360,489342,-26.1456,0.22427,171.6,212.944,6,3,2
2024-07-06T20:00:00Z,2024,188,20,8.25448e-13,9.88956e-13,360,494791,0.901956,12.6521,171.6,212.944,4,3,2
2024-07-06T21:00:00Z,2024,188,21,8.36669e-13,8.4371e-13,360,483584,24.7463,1.04096,171.6,212.944,3,7,3
2024-07-06T22:00:00Z,2024,188,22,8.41053e-13,6.938e-13,360,490768,-32.6196,22.2963,171.6,212.944,1,7,3
2024-07-06T23:00:00Z,2024,188,23,8.55997e-13,1.0784e-12,360,491018,18.8836,12.3866,171.6,212.944,0,7,3
2024-07-07T00:00:00Z,2024,189,0,8.69277e-13,6.95205e-13,360,485809,8.72027,0.682827,177.1,213.635,3,17,6
2024-07-07T01:00:00Z,2024,189,1,8.84072e-13,8.60797e-13,360,493147,-30.0433,13.3265,177.1,213.635,0,17,6
2024-07-07T02:00:00Z,2024,189,2,9.10676e-13,1.1614e-12,360,486118,30.1226,11.9142,177.1,213.635,2,17,6
2024-07-07T03:00:00Z,2024,189,3,8.95573e-13,5.86164e-13,360,487963,-9.59246,0.584635,177.1,213.635,5,13,5
2024-07-07T04:00:00Z,2024,189,4,9.12619e-13,1.01998e-12,360,495135,-18.4278,12.8789,177.1,213.635,5,13,5
2024-07-07T05:00:00Z,2024,189,5,9.32368e-13,1.0887e-12,360,483350,32.3431,2.66925,177.1,213.635,6,13,5
2024-07-07T06:00:00Z,2024,189,6,9.33534e-13,6.51873e-13,360,489226,-25.3883,0.216196,177.1,213.635,1,10,4
2024-07-07T07:00:00Z,2024,189,7,9.58387e-13,1.17718e-12,360,494903,-0.327947,12.6215,177.1,213.635,-2,10,4
2024-07-07T08:00:00Z,2024,189,8,9.63224e-13,9.52402e-13,360,483551,25.5253,1.03164,177.1,213.635,-5,10,4
2024-07-07T09:00:00Z,2024,189,9,9.39028e-13,7.68309e-13,360,490562,-32.467,22.7346,177.1,213.635,-4,3,2
2024-07-07T10:00:00Z,2024,189,10,9.19647e-13,1.15897e-12,360,491381,17.8136,12.3698,177.1,213.635,-1,3,2
2024-07-07T11:00:00Z,2024,189,11,9.16914e-13,7.43295e-13,360,485687,9.94667,0.656602,177.1,213.635,1,3,2
2024-07-07T12:00:00Z,2024,189,12,9.13963e-13,8.92038e-13,360,492813,-30.4938,13.3572,177.1,213.635,1,17,6
2024-07-07T13:00:00Z,2024,189,13,9.11153e-13,1.14832e-12,360,486571,29.657,11.9397,177.1,213.635,3,17,6
2024-07-07T14:00:00Z,2024,189,14,9.02255e-13,6.14076e-13,360,487764,-8.36231,0.557178,177.1,213.635,4,17,6
2024-07-07T15:00:00Z,2024,189,15,8.92754e-13,9.90357e-13,360,494934,-19.4837,12.8618,177.1,213.635,2,13,5
2024-07-07T16:00:00Z,2024,189,16,8.88724e-13,1.04342e-12,360,483544,32.48,3.19655,177.1,213.635,4,13,5
2024-07-07T17:00:00Z,2024,189,17,8.85867e-13,6.33192e-13,360,489035,-24.5855,0.205503,177.1,213.635,2,13,5
2024-07-07T18:00:00Z,2024,189,18,8.63142e-13,1.02214e-12,360,494942,-1.55985,12.5911,177.1,213.635,3,27,12
2024-07-07T19:00:00Z,2024,189,19,8.55783e-13,8.66555e-13,360,483680,26.2721,1.0238,177.1,213.635,6,27,12
2024-07-07T20:00:00Z,2024,189,20,8.6071e-13,7.14511e-13,360,490220,-32.2691,23.0251,177.1,213.635,5,27,12
2024-07-07T21:00:00Z,2024,189,21,8.70757e-13,1.0685e-12,360,491792,16.7009,12.3545,177.1,213.635,3,27,12
2024-07-07T22:00:00Z,2024,189,22,8.92211e-13,7.61709e-13,360,485584,11.1776,0.632619,177.1,213.635,-2,27,12
2024-07-07T23:00:00Z,2024,189,23,8.89851e-13,8.50346e-13,360,492517,-30.9059,13.3994,177.1,213.635,-8,27,12
2024-07-08T00:00:00Z,2024,190,0,8.88286e-13,1.12081e-12,360,486973,29.147,11.9563,174.1,214.428,-7,17,6
2024-07-08T01:00:00Z,2024,190,1,8.85999e-13,6.07497e-13,360,487607,-7.13221,0.529008,174.1,214.428,-6,17,6
2024-07-08T02:00:00Z,2024,190,2,8.94585e-13,9.76689e-13,360,494785,-20.5032,12.8443,174.1,214.428,-9,17,6
2024-07-08T03:00:00Z,2024,190,3,9.23912e-13,1.0847e-12,360,483682,32.575,4.03774,174.1,214.428,-14,17,6
2024-07-08T04:00:00Z,2024,190,4,9.49807e-13,6.8367e-13,360,488898,-23.7425,0.192987,174.1,214.428,-13,17,6
2024-07-08T05:00:00Z,2024,190,5,9.5872e-13,1.15043e-12,360,494965,-2.79632,12.5608,174.1,214.428,-8,17,6
2024-07-08T06:00:00Z,2024,190,6,9.44792e-13,9.41256e-13,360,483648,26.9745,1.0194,174.1,214.428,-7,20,7
2024-07-08T07:00:00Z,2024,190,7,9.4815e-13,7.77685e-13,360,490130,-32.0361,23.2259,174.1,214.428,0,20,7
2024-07-08T08:00:00Z,2024,190,8,9.6584e-13,1.20986e-12,360,492044,15.5409,12.3439,174.1,214.428,5,20,7
2024-07-08T09:00:00Z,2024,190,9,9.7732e-13,8.16658e-13,360,485515,12.4091,0.61498,174.1,214.428,3,30,15
2024-07-08T10:00:00Z,2024,190,10,9.89939e-13,9.4256e-13,360,492239,-31.2791,13.4598,174.1,214.428,2,30,15
2024-07-08T11:00:00Z,2024,190,11,1.00569e-12,1.23986e-12,360,487345,28.595,11.9661,174.1,214.428,-3,30,15
2024-07-08T12:00:00Z,2024,190,12,1.04199e-12,7.85659e-13,360,487518,-5.89681,0.49975,174.1,214.428,4,33,18
2024-07-08T13:00:00Z,2024,190,13,1.03448e-12,1.09645e-12,360,494513,-21.4811,12.8278,174.1,214.428,8,33,18
2024-07-08T14:00:00Z,2024,190,14,1.02425e-12,1.21761e-12,360,483969,32.6324,5.34363,174.1,214.428,11,33,18
2024-07-08T15:00:00Z,2024,190,15,9.95064e-13,7.22348e-13,360,488700,-22.8552,0.179363,174.1,214.428,3,23,9
2024-07-08T16:00:00Z,2024,190,16,9.77844e-13,1.13419e-12,360,494931,-4.03431,12.5305,174.1,214.428,-1,23,9
2024-07-08T17:00:00Z,2024,190,17,9.55017e-13,9.78823e-13,360,483721,27.6411,1.01812,174.1,214.428,-3,23,9
2024-07-08T18:00:00Z,2024,190,18,9.4656e-13,8.01611e-13,360,489811,-31.7546,23.3673,174.1,214.428,-3,20,7
2024-07-08T19:00:00Z,2024,190,19,9.30577e-13,1.11409e-12,360,492389,14.3414,12.3489,174.1,214.428,-3,20,7
2024-07-08T20:00:00Z,2024,190,20,9.26573e-13,8.03633e-13,360,485497,13.6487,0.613925,174.1,214.428,0,20,7
2024-07-08T21:00:00Z,2024,190,21,9.13935e-13,8.74322e-13,360,491884,-31.6103,13.5423,174.1,214.428,2,23,9
2024-07-08T22:00:00Z,2024,190,22,8.99743e-13,1.12022e-12,360,487788,28.0011,11.9706,174.1,214.428,5,23,9
2024-07-08T23:00:00Z,2024,190,23,8.7936e-13,6.28153e-13,360,487386,-4.65766,0.469994,174.1,214.428,7,23,9
2024-07-09T00:00:00Z,2024,191,0,8.85854e-13,9.55466e-13,360,494342,-22.4245,12.8116,184.2,215.186,4,17,6
2024-07-09T01:00:00Z,2024,191,1,8.94352e-13,1.05345e-12,360,484158,32.6454,7.01664,184.2,215.186,4,17,6
2024-07-09T02:00:00Z,2024,191,2,8.8256e-13,6.08079e-13,360,488570,-21.9283,0.164493,184.2,215.186,5,17,6
2024-07-09T03:00:00Z,2024,191,3,9.16448e-13,1.10252e-12,360,494911,-5.27639,12.5007,184.2,215.186,4,17,6
2024-07-09T04:00:00Z,2024,191,4,9.44089e-13,9.62777e-13,360,483720,28.2659,1.02063,184.2,215.186,3,17,6
2024-07-09T05:00:00Z,2024,191,5,9.4579e-13,7.68804e-13,360,489630,-31.4345,23.4705,184.2,215.186,0,17,6
2024-07-09T06:00:00Z,2024,191,6,9.33358e-13,1.16424e-12,360,492591,13.1039,12.3708,184.2,215.186,0,7,3
2024-07-09T07:00:00Z,2024,191,7,9.1159e-13,7.56144e-13,360,485441,14.8746,0.638586,184.2,215.186,2,7,3
2024-07-09T08:00:00Z,2024,191,8,9.06869e-13,8.57188e-13,360,491666,-31.9055,13.6576,184.2,215.186,4,7,3
2024-07-09T09:00:00Z,2024,191,9,9.12528e-13,1.16363e-12,360,488124,27.3614,11.9705,184.2,215.186,2,17,6
2024-07-09T10:00:00Z,2024,191,10,9.17432e-13,6.66255e-13,360,487327,-3.41532,0.440208,184.2,215.186,1,17,6
2024-07-09T11:00:00Z,2024,191,11,9.13364e-13,9.67934e-13,360,494071,-23.3283,12.7972,184.2,215.186,2,17,6
2024-07-09T12:00:00Z,2024,191,12,8.98903e-13,1.0746e-12,360,484469,32.62,8.51177,184.2,215.186,2,23,9
2024-07-09T13:00:00Z,2024,191,13,8.98399e-13,6.47288e-13,360,488411,-20.9539,0.148359,184.2,215.186,1,23,9
2024-07-09T14:00:00Z,2024,191,14,8.96166e-13,1.02265e-12,360,494875,-6.5181,12.4713,184.2,215.186,3,23,9
2024-07-09T15:00:00Z,2024,191,15,8.83486e-13,9.38132e-13,360,483742,28.8517,1.02873,184.2,215.186,6,10,4
2024-07-09T16:00:00Z,2024,191,16,8.71929e-13,7.0567e-13,360,489409,-31.071,23.5459,184.2,215.186,6,10,4
2024-07-09T17:00:00Z,2024,191,17,8.5595e-13,1.02743e-12,360,492773,11.8583,12.3612,184.2,215.186,5,10,4
2024-07-09T18:00:00Z,2024,191,18,8.53908e-13,7.70446e-13,360,485443,16.0747,0.636125,184.2,215.186,5,13,5
2024-07-09T19:00:00Z,2024,191,19,8.49842e-13,7.94512e-13,360,491275,-32.155,13.8205,184.2,215.186,3,13,5
2024-07-09T20:00:00Z,2024,191,20,8.62053e-13,1.06737e-12,360,488585,26.6804,11.9673,184.2,215.186,3,13,5
2024-07-09T21:00:00Z,2024,191,21,8.56004e-13,6.1302e-13,360,487225,-2.16581,0.409725,184.2,215.186,7,17,6
2024-07-09T22:00:00Z,2024,191,22,8.47456e-13,9.12202e-13,360,493828,-24.1946,12.7837,184.2,215.186,10,17,6
2024-07-09T23:00:00Z,2024,191,23,8.44354e-13,1.01632e-12,360,484734,32.5512,9.52739,184.2,215.186,6,17,6
2024-07-10T00:00:00Z,2024,192,0,8.49269e-13,5.83938e-13,360,488316,-19.9375,0.1321,220.8,216.015,1,17,6
2024-07-10T01:00:00Z,2024,192,1,8.59961e-13,1.01024e-12,360,494899,-7.76778,12.4425,220.8,216.015,-2,17,6
2024-07-10T02:00:00Z,2024,192,2,8.70065e-13,9.19074e-13,360,483696,29.3946,1.04357,220.8,216.015,-3,17,6
2024-07-10T03:00:00Z,2024,192,3,8.8303e-13,6.89786e-13,360,489223,-30.6652,23.6005,220.8,216.015,-1,10,4
2024-07-10T04:00:00Z,2024,192,4,9.06699e-13,1.12807e-12,360,492944,10.6082,12.3409,220.8,216.015,0,10,4
2024-07-10T05:00:00Z,2024,192,5,9.26346e-13,8.16117e-13,360,485360,17.2347,0.624289,220.8,216.015,0,10,4
2024-07-10T06:00:00Z,2024,192,6,9.16121e-13,8.36975e-13,360,491044,-32.3677,14.0537,220.8,216.015,3,13,5
2024-07-10T07:00:00Z,2024,192,7,9.15931e-13,1.16192e-12,360,488873,25.9502,11.9608,220.8,216.015,6,13,5
2024-07-10T08:00:00Z,2024,192,8,9.25203e-13,6.7813e-13,360,487219,-0.913986,0.379996,220.8,216.015,7,13,5
2024-07-10T09:00:00Z,2024,192,9,9.24536e-13,9.69546e-13,360,493567,-25.0228,12.7726,220.8,216.015,5,10,4
2024-07-10T10:00:00Z,2024,192,10,9.25095e-13,1.12277e-12,360,485013,32.4401,10.1607,220.8,216.015,4,10,4
2024-07-10T11:00:00Z,2024,192,11,9.45499e-13,6.48201e-13,360,488224,-18.8743,0.115796,220.8,216.015,2,10,4
2024-07-10T12:00:00Z,2024,192,12,9.53141e-13,1.12677e-12,360,494819,-9.01909,12.4151,220.8,216.015,-3,10,4
2024-07-10T13:00:00Z,2024,192,13,9.46966e-13,1.00988e-12,360,483850,29.9019,1.0667,220.8,216.015,-6,10,4
2024-07-10T14:00:00Z,2024,192,14,9.38237e-13,7.18282e-13,360,488953,-30.2141,23.6393,220.8,216.015,-7,10,4
2024-07-10T15:00:00Z,2024,192,15,9.29347e-13,1.14577e-12,360,493155,9.35419,12.3163,220.8,216.015,-7,10,4
2024-07-10T16:00:00Z,2024,192,16,9.31442e-13,8.41237e-13,360,485275,18.3553,0.609318,220.8,216.015,-5,10,4
2024-07-10T17:00:00Z,2024,192,17,9.21758e-13,8.49225e-13,360,490696,-32.5358,14.4027,220.8,216.015,-2,10,4
2024-07-10T18:00:00Z,2024,192,18,8.98655e-13,1.1206e-12,360,489256,25.1782,11.9523,220.8,216.015,0,10,4
2024-07-10T19:00:00Z,2024,192,19,8.83379e-13,6.45023e-13,360,487171,0.346047,0.34926,220.8,216.015,4,10,4
2024-07-10T20:00:00Z,2024,192,20,8.78802e-13,9.25685e-13,360,493267,-25.8103,12.7635,220.8,216.015,7,10,4
2024-07-10T21:00:00Z,2024,192,21,8.90271e-13,1.07979e-12,360,485357,32.2875,10.5649,220.8,216.015,6,13,5
2024-07-10T22:00:00Z,2024,192,22,9.04735e-13,6.32439e-13,360,488119,-17.7659,0.100003,220.8,216.015,3,13,5
2024-07-10T23:00:00Z,2024,192,23,9.20465e-13,1.05889e-12,360,494787,-10.2759,12.3894,220.8,216.015,0,13,5
2024-07-11T00:00:00Z,2024,193,0,9.37753e-13,1.00417e-12,360,483894,30.3653,1.1014,211.9,216.747,-7,20,7
2024-07-11T01:00:00Z,2024,193,1,9.43537e-13,7.45569e-13,360,488828,-29.7236,23.6669,211.9,216.747,-6,20,7
2024-07-11T02:00:00Z,2024,193,2,9.43693e-13,1.16077e-12,360,493339,8.09713,12.2892,211.9,216.747,-3,20,7
2024-07-11T03:00:00Z,2024,193,3,9.45758e-13,8.28791e-13,360,485183,19.4363,0.59313,211.9,216.747,1,13,5
2024-07-11T04:00:00Z,2024,193,4,9.5571e-13,8.76187e-13,360,490391,-32.6618,14.9448,211.9,216.747,0,13,5
2024-07-11T05:00:00Z,2024,193,5,9.76958e-13,1.25247e-12,360,489550,24.3599,11.942,211.9,216.747,-2,13,5
2024-07-11T06:00:00Z,2024,193,6,9.99108e-13,7.27046e-13,360,487130,1.60632,0.319644,211.9,216.747,-5,13,5
2024-07-11T07:00:00Z,2024,193,7,9.86635e-13,1.02183e-12,360,493015,-26.5604,12.7569,211.9,216.747,-3,13,5
2024-07-11T08:00:00Z,2024,193,8,9.8244e-13,1.23948e-12,360,485615,32.0893,10.8319,211.9,216.747,0,13,5
2024-07-11T09:00:00Z,2024,193,9,9.77167e-13,6.35517e-13,360,488086,-16.6133,0.0868838,211.9,216.747,1,7,3
2024-07-11T10:00:00Z,2024,193,10,9.71944e-13,1.12378e-12,360,494673,-11.5352,12.3672,211.9,216.747,0,7,3
2024-07-11T11:00:00Z,2024,193,11,9.46858e-13,1.03715e-12,360,484025,30.7895,1.15073,211.9,216.747,4,7,3
2024-07-11T12:00:00Z,2024,193,12,9.45121e-13,7.13552e-13,360,488638,-29.1858,23.6849,211.9,216.747,6,17,6
2024-07-11T13:00:00Z,2024,193,13,9.39388e-13,1.15966e-12,360,493528,6.83879,12.2612,211.9,216.747,6,17,6
2024-07-11T14:00:00Z,2024,193,14,9.26295e-13,8.54894e-13,360,485124,20.4794,0.576525,211.9,216.747,6,17,6
2024-07-11T15:00:00Z,2024,193,15,9.30703e-13,8.30435e-13,360,490089,-32.7455,15.8182,211.9,216.747,5,13,5
2024-07-11T16:00:00Z,2024,193,16,9.30849e-13,1.15078e-12,360,489836,23.4973,11.9295,211.9,216.747,6,13,5
2024-07-11T17:00:00Z,2024,193,17,9.24888e-13,7.24399e-13,360,487086,2.87314,0.289615,211.9,216.747,6,13,5
2024-07-11T18:00:00Z,2024,193,18,9.08904e-13,9.33042e-13,360,492622,-27.2666,12.7537,211.9,216.747,5,17,6
2024-07-11T19:00:00Z,2024,193,19,9.0948e-13,1.108e-12,360,486035,31.8518,11.0171,211.9,216.747,5,17,6
2024-07-11T20:00:00Z,2024,193,20,9.12658e-13,6.2282e-13,360,487997,-15.4112,0.0797616,211.9,216.747,3,17,6
2024-07-11T21:00:00Z,2024,193,21,9.26547e-13,1.06804e-12,360,494549,-12.7977,12.3524,211.9,216.747,4,20,7
2024-07-11T22:00:00Z,2024,193,22,9.25817e-13,1.01774e-12,360,484180,31.1725,1.21822,211.9,216.747,3,20,7
2024-07-11T23:00:00Z,2024,193,23,9.11936e-13,6.94909e-13,360,488496,-28.6051,23.6965,211.9,216.747,3,20,7
2024-07-12T00:00:00Z,2024,194,0,9.2562e-13,1.12717e-12,360,493710,5.57422,12.2321,216.7,216.885,-2,20,7
2024-07-12T01:00:00Z,2024,194,1,9.58876e-13,8.72605e-13,360,485023,21.4797,0.560931,216.7,216.885,-6,20,7
2024-07-12T02:00:00Z,2024,194,2,9.7959e-13,8.84317e-13,360,489846,-32.788,17.1785,216.7,216.885,-4,20,7
2024-07-12T03:00:00Z,2024,194,3,9.9633e-13,1.26161e-12,360,490115,22.5895,11.9158,216.7,216.885,-5,17,6
2024-07-12T04:00:00Z,2024,194,4,9.81126e-13,7.11968e-13,360,487018,4.1404,0.259705,216.7,216.885,-4,17,6
2024-07-12T05:00:00Z,2024,194,5,9.82637e-13,1.0221e-12,360,492326,-27.9343,12.7535,216.7,216.885,3,17,6
2024-07-12T06:00:00Z,2024,194,6,1.0141e-12,1.24989e-12,360,486259,31.5649,11.1476,216.7,216.885,1,17,6
2024-07-12T07:00:00Z,2024,194,7,1.02933e-12,7.13801e-13,360,488059,-14.1715,0.0969617,216.7,216.885,-2,17,6
2024-07-12T08:00:00Z,2024,194,8,1.04212e-12,1.18633e-12,360,494393,-14.0629,12.3645,216.7,216.885,-2,17,6
2024-07-12T09:00:00Z,2024,194,9,1.03815e-12,1.15921e-12,360,484297,31.5115,1.31317,216.7,216.885,-3,13,5
2024-07-12T10:00:00Z,2024,194,10,1.02685e-12,7.79134e-13,360,488404,-27.9804,23.7021,216.7,216.885,-6,13,5
2024-07-12T11:00:00Z,2024,194,11,1.02953e-12,1.21259e-12,119,491442,70.6306,9.76946,216.7,216.885,-4,13,5
2024-07-12T12:00:00Z,2024,194,12,,,0,,,,216.7,216.885,-6,10,4
2024-07-12T13:00:00Z,2024,194,13,,,0,,,,216.7,216.885,-7,10,4
2024-07-12T14:00:00Z,2024,194,14,,,0,,,,216.7,216.885,-6,10,4
2024-07-12T15:00:00Z,2024,194,15,,,0,,,,216.7,216.885,-3,10,4
2024-07-12T16:00:00Z,2024,194,16,,,0,,,,216.7,216.885,-2,10,4
2024-07-12T17:00:00Z,2024,194,17,,,0,,,,216.7,216.885,-1,10,4
2024-07-12T18:00:00Z,2024,194,18,,,0,,,,216.7,216.885,-2,7,3
2024-07-12T19:00:00Z,2024,194,19,,,0,,,,216.7,216.885,1,7,3
2024-07-12T20:00:00Z,2024,194,20,,,0,,,,216.7,216.885,-3,7,3
2024-07-12T21:00:00Z,2024,194,21,,,0,,,,216.7,216.885,-4,7,3
2024-07-12T22:00:00Z,2024,194,22,,,0,,,,216.7,216.885,-1,7,3
2024-07-12T23:00:00Z,2024,194,23,,,0,,,,216.7,216.885,-1,7,3
2024-07-13T00:00:00Z,2024,195,0,,,0,,,,246.3,217.512,-4,7,3
2024-07-13T01:00:00Z,2024,195,1,,,0,,,,246.3,217.512,-3,7,3
2024-07-13T02:00:00Z,2024,195,2,,,0,,,,246.3,217.512,2,7,3
2024-07-13T03:00:00Z,2024,195,3,,,0,,,,246.3,217.512,6,10,4
2024-07-13T04:00:00Z,2024,195,4,,,0,,,,246.3,217.512,7,10,4
2024-07-13T05:00:00Z,2024,195,5,,,0,,,,246.3,217.512,6,10,4
2024-07-13T06:00:00Z,2024,195,6,,,0,,,,246.3,217.512,4,3,2
2024-07-13T07:00:00Z,2024,195,7,,,0,,,,246.3,217.512,5,3,2
2024-07-13T08:00:00Z,2024,195,8,,,0,,,,246.3,217.512,6,3,2
2024-07-13T09:00:00Z,2024,195,9,,,0,,,,246.3,217.512,6,3,2
2024-07-13T10:00:00Z,2024,195,10,,,0,,,,246.3,217.512,4,3,2
2024-07-13T11:00:00Z,2024,195,11,,,0,,,,246.3,217.512,4,3,2
2024-07-13T12:00:00Z,2024,195,12,1.02742e-12,1.14733e-12,122,495810,-40.608,12.2237,246.3,217.512,2,10,4
2024-07-13T13:00:00Z,2024,195,13,1.02255e-12,8.07126e-13,360,486860,7.94347,0.173268,246.3,217.512,0,10,4
2024-07-13T14:00:00Z,2024,195,14,1.02926e-12,1.03299e-12,360,491251,-29.6718,12.7848,246.3,217.512,1,10,4
2024-07-13T15:00:00Z,2024,195,15,1.02703e-12,1.27033e-12,360,487177,30.4522,11.3606,246.3,217.512,0,10,4
2024-07-13T16:00:00Z,2024,195,16,1.0179e-12,7.13734e-13,360,488061,-10.3664,0.0735985,246.3,217.512,2,10,4
2024-07-13T17:00:00Z,2024,195,17,1.00398e-12,1.12092e-12,360,493671,-17.6686,12.3615,246.3,217.512,4,10,4
2024-07-13T18:00:00Z,2024,195,18,1.00558e-12,1.13907e-12,360,484999,32.2779,1.90303,246.3,217.512,5,13,5
2024-07-13T19:00:00Z,2024,195,19,1.00941e-12,7.52124e-13,360,488194,-25.845,23.6939,246.3,217.512,4,13,5
2024-07-13T20:00:00Z,2024,195,20,1.01949e-12,1.21254e-12,360,494065,0.505439,12.113,246.3,217.512,6,13,5
2024-07-13T21:00:00Z,2024,195,21,1.02969e-12,1.00622e-12,360,485171,25.0715,0.510096,246.3,217.512,7,3,2
2024-07-13T22:00:00Z,2024,195,22,1.03566e-12,9.04912e-13,360,488901,-32.5229,21.9553,246.3,217.512,10,3,2
2024-07-13T23:00:00Z,2024,195,23,1.055e-12,1.29929e-12,360,491368,18.5344,11.8526,246.3,217.512,9,3,2
2024-07-14T00:00:00Z,2024,196,0,1.07197e-12,8.34786e-13,360,486780,9.20623,0.14643,241.7,218.2,4,13,5
2024-07-14T01:00:00Z,2024,196,1,1.08735e-12,1.10929e-12,360,491028,-30.1668,12.8096,241.7,218.2,-2,13,5
2024-07-14T02:00:00Z,2024,196,2,1.09589e-12,1.36768e-12,360,487372,29.9932,11.3958,241.7,218.2,-4,13,5
2024-07-14T03:00:00Z,2024,196,3,1.10772e-12,7.47055e-13,360,488036,-9.09946,0.0483233,241.7,218.2,-1,10,4
2024-07-14T04:00:00Z,2024,196,4,1.13341e-12,1.26152e-12,360,493378,-18.7855,12.346,241.7,218.2,3,10,4
2024-07-14T05:00:00Z,2024,196,5,1.14946e-12,1.32893e-12,360,485106,32.4438,2.31369,241.7,218.2,6,10,4
2024-07-14T06:00:00Z,2024,196,6,1.14531e-12,8.35182e-13,360,488248,-25.0487,23.6862,241.7,218.2,8,10,4
2024-07-14T07:00:00Z,2024,196,7,1.1444e-12,1.37408e-12,360,494019,-0.767586,12.083,241.7,218.2,8,10,4
2024-07-14T08:00:00Z,2024,196,8,1.14078e-12,1.11556e-12,360,485206,25.8624,0.502897,241.7,218.2,10,10,4
2024-07-14T09:00:00Z,2024,196,9,1.13912e-12,9.64757e-13,360,488742,-32.3498,22.3426,241.7,218.2,13,13,5
2024-07-14T10:00:00Z,2024,196,10,1.15963e-12,1.44685e-12,360,491597,17.4096,11.8375,241.7,218.2,12,13,5
2024-07-14T11:00:00Z,2024,196,11,1.16554e-12,9.36835e-13,360,486771,10.476,0.121665,241.7,218.2,15,13,5
2024-07-14T12:00:00Z,2024,196,12,1.17203e-12,1.16329e-12,360,490667,-30.6169,12.8475,241.7,218.2,18,13,5
2024-07-14T13:00:00Z,2024,196,13,1.16378e-12,1.44359e-12,360,487743,29.4936,11.4205,241.7,218.2,18,13,5
2024-07-14T14:00:00Z,2024,196,14,1.13795e-12,8.02158e-13,360,487938,-7.82681,0.0211732,241.7,218.2,19,13,5
2024-07-14T15:00:00Z,2024,196,15,1.1273e-12,1.238e-12,360,493118,-19.8638,12.3298,241.7,218.2,17,7,3
2024-07-14T16:00:00Z,2024,196,16,1.1185e-12,1.28705e-12,360,485229,32.5671,2.9664,241.7,218.2,15,7,3
2024-07-14T17:00:00Z,2024,196,17,1.10487e-12,8.19624e-13,360,488188,-24.2022,23.6759,241.7,218.2,12,7,3
2024-07-14T18:00:00Z,2024,196,18,1.08828e-12,1.27586e-12,360,493971,-2.04343,12.0532,241.7,218.2,14,10,4
2024-07-14T19:00:00Z,2024,196,19,1.08317e-12,1.08879e-12,360,485312,26.6168,0.497381,241.7,218.2,13,10,4
2024-07-14T20:00:00Z,2024,196,20,1.07787e-12,9.08696e-13,360,488534,-32.1306,22.5991,241.7,218.2,10,10,4
2024-07-14T21:00:00Z,2024,196,21,1.09521e-12,1.34713e-12,360,491858,16.2375,11.8248,241.7,218.2,12,13,5
2024-07-14T22:00:00Z,2024,196,22,1.10041e-12,8.92546e-13,360,486721,11.7502,0.100502,241.7,218.2,12,13,5
2024-07-14T23:00:00Z,2024,196,23,1.11339e-12,1.1178e-12,360,490419,-31.0279,12.8998,241.7,218.2,15,13,5
2024-07-15T00:00:00Z,2024,197,0,1.12294e-12,1.40218e-12,360,488022,28.9453,11.4365,240.9,218.685,11,10,4
2024-07-15T01:00:00Z,2024,197,1,1.13711e-12,7.66679e-13,360,487898,-6.55325,23.9933,240.9,218.685,4,10,4
2024-07-15T02:00:00Z,2024,197,2,1.15119e-12,1.28863e-12,360,492869,-20.9018,12.3136,240.9,218.685,2,10,4
2024-07-15T03:00:00Z,2024,197,3,1.15414e-12,1.34551e-12,360,485376,32.6476,4.0242,240.9,218.685,4,10,4
2024-07-15T04:00:00Z,2024,197,4,1.15116e-12,8.12763e-13,360,488133,-23.3107,23.6642,240.9,218.685,5,10,4
2024-07-15T05:00:00Z,2024,197,5,1.14708e-12,1.37884e-12,360,493883,-3.32497,12.0236,240.9,218.685,5,10,4
2024-07-15T06:00:00Z,2024,197,6,1.16085e-12,1.15658e-12,360,485325,27.3265,0.496284,240.9,218.685,5,13,5
2024-07-15T07:00:00Z,2024,197,7,1.15857e-12,9.53185e-13,360,488462,-31.8698,22.778,240.9,218.685,8,13,5
2024-07-15T08:00:00Z,2024,197,8,1.14419e-12,1.43384e-12,360,492032,15.0164,11.8205,240.9,218.685,7,13,5
2024-07-15T09:00:00Z,2024,197,9,1.1381e-12,9.26192e-13,360,486712,13.0281,0.0892844,240.9,218.685,11,7,3
2024-07-15T10:00:00Z,2024,197,10,1.14546e-12,1.13435e-12,360,490114,-31.3954,12.9739,240.9,218.685,11,7,3
2024-07-15T11:00:00Z,2024,197,11,1.14711e-12,1.43604e-12,360,488335,28.3526,11.4458,240.9,218.685,10,7,3
2024-07-15T12:00:00Z,2024,197,12,1.13241e-12,7.80335e-13,360,487896,-5.2713,23.9643,240.9,218.685,12,10,4
2024-07-15T13:00:00Z,2024,197,13,1.13045e-12,1.24602e-12,360,492553,-21.8971,12.2984,240.9,218.685,15,10,4
2024-07-15T14:00:00Z,2024,197,14,1.11778e-12,1.30168e-12,360,485567,32.685,5.59405,240.9,218.685,18,10,4
2024-07-15T15:00:00Z,2024,197,15,1.1269e-12,8.18454e-13,360,488115,-22.373,23.6512,240.9,218.685,19,10,4
2024-07-15T16:00:00Z,2024,197,16,1.13264e-12,1.31807e-12,360,493718,-4.60945,11.9941,240.9,218.685,19,10,4
2024-07-15T17:00:00Z,2024,197,17,1.14697e-12,1.1964e-12,360,485415,27.9975,0.498526,240.9,218.685,12,10,4
2024-07-15T18:00:00Z,2024,197,18,1.14614e-12,9.29309e-13,360,488256,-31.5593,22.9036,240.9,218.685,7,20,7
2024-07-15T19:00:00Z,2024,197,19,1.16051e-12,1.4169e-12,360,492249,13.7529,11.8434,240.9,218.685,7,20,7
2024-07-15T20:00:00Z,2024,197,20,1.16305e-12,9.94515e-13,360,486743,14.3095,0.109291,240.9,218.685,6,20,7
2024-07-15T21:00:00Z,2024,197,21,1.15725e-12,1.13209e-12,360,489808,-31.7196,13.0762,240.9,218.685,11,30,15
2024-07-15T22:00:00Z,2024,197,22,1.14522e-12,1.40706e-12,360,488655,27.7132,11.45,240.9,218.685,16,30,15
2024-07-15T23:00:00Z,2024,197,23,1.2067e-12,8.68917e-13,360,487880,-3.9865,23.9351,240.9,218.685,12,30,15
2024-07-16T00:00:00Z,2024,198,0,1.27997e-12,1.40083e-12,360,492329,-22.8548,12.2839,249.9,219.136,2,33,18
2024-07-16T01:00:00Z,2024,198,1,1.34486e-12,1.53432e-12,360,485700,32.6758,7.30884,249.9,219.136,-9,33,18
2024-07-16T02:00:00Z,2024,198,2,1.39521e-12,1.05722e-12,360,488076,-21.3891,23.637,249.9,219.136,-13,33,18
2024-07-16T03:00:00Z,2024,198,3,1.41761e-12,1.62697e-12,360,493609,-5.89773,11.9652,249.9,219.136,-13,20,7
2024-07-16T04:00:00Z,2024,198,4,1.41782e-12,1.43284e-12,360,485421,28.6234,0.505711,249.9,219.136,-3,20,7
2024-07-16T05:00:00Z,2024,198,5,1.43875e-12,1.23646e-12,360,488192,-31.2069,22.9959,249.9,219.136,-1,20,7
2024-07-16T06:00:00Z,2024,198,6,1.46841e-12,1.78594e-12,360,492352,12.4639,11.8486,249.9,219.136,-1,20,7
2024-07-16T07:00:00Z,2024,198,7,1.49586e-12,1.27899e-12,360,486738,15.5634,0.121011,249.9,219.136,6,20,7
2024-07-16T08:00:00Z,2024,198,8,1.51333e-12,1.47432e-12,360,489596,-32.0031,13.2213,249.9,219.136,12,20,7
2024-07-16T09:00:00Z,2024,198,9,1.49322e-12,1.7992e-12,360,488903,27.0257,11.4499,249.9,219.136,10,10,4
2024-07-16T10:00:00Z,2024,198,10,1.47433e-12,1.10954e-12,360,487899,-2.69697,23.9057,249.9,219.136,12,10,4
2024-07-16T11:00:00Z,2024,198,11,1.45133e-12,1.57396e-12,360,492001,-23.7701,12.2713,249.9,219.136,15,10,4
2024-07-16T12:00:00Z,2024,198,12,1.43549e-12,1.64474e-12,360,485961,32.6253,8.59954,249.9,219.136,14,17,6
2024-07-16T13:00:00Z,2024,198,13,1.42982e-12,1.08184e-12,360,488018,-20.3552,23.6217,249.9,219.136,15,17,6
2024-07-16T14:00:00Z,2024,198,14,1.4211e-12,1.64736e-12,360,493451,-7.18856,11.937,249.9,219.136,15,17,6
2024-07-16T15:00:00Z,2024,198,15,1.38821e-12,1.40085e-12,360,485472,29.2079,0.51972,249.9,219.136,15,27,12
2024-07-16T16:00:00Z,2024,198,16,1.35638e-12,1.16905e-12,360,488032,-30.8053,23.0625,249.9,219.136,12,27,12
2024-07-16T17:00:00Z,2024,198,17,1.32555e-12,1.54826e-12,360,492430,11.1694,11.8325,249.9,219.136,20,27,12
2024-07-16T18:00:00Z,2024,198,18,1.31811e-12,1.17771e-12,360,486844,16.7875,0.11308,249.9,219.136,18,20,7
2024-07-16T19:00:00Z,2024,198,19,1.29469e-12,1.24277e-12,360,489210,-32.2379,13.4308,249.9,219.136,13,20,7
2024-07-16T20:00:00Z,2024,198,20,1.29864e-12,1.57652e-12,360,489266,26.2926,11.4463,249.9,219.136,12,20,7
2024-07-16T21:00:00Z,2024,198,21,1.30861e-12,9.87554e-13,360,487914,-1.39957,23.8759,249.9,219.136,15,20,7
2024-07-16T22:00:00Z,2024,198,22,1.33072e-12,1.42718e-12,360,491701,-24.6449,12.2602,249.9,219.136,10,20,7
2024-07-16T23:00:00Z,2024,198,23,1.33803e-12,1.56931e-12,360,486164,32.5274,9.41132,249.9,219.136,8,20,7
2024-07-17T00:00:00Z,2024,199,0,1.31285e-12,9.36937e-13,360,488043,-19.2759,23.6065,231.1,219.6,5,7,3
2024-07-17T01:00:00Z,2024,199,1,1.30978e-12,1.52197e-12,360,493348,-8.48632,11.9093,231.1,219.6,1,7,3
2024-07-17T02:00:00Z,2024,199,2,1.31786e-12,1.35285e-12,360,485416,29.7465,0.541264,231.1,219.6,-1,7,3
2024-07-17T03:00:00Z,2024,199,3,1.31673e-12,1.08552e-12,360,487967,-30.3593,23.111,231.1,219.6,-1,13,5
2024-07-17T04:00:00Z,2024,199,4,1.32383e-12,1.65214e-12,360,492456,9.86774,11.8102,231.1,219.6,-1,13,5
2024-07-17T05:00:00Z,2024,199,5,1.35967e-12,1.14253e-12,360,486820,17.9665,0.100494,231.1,219.6,0,13,5
2024-07-17T06:00:00Z,2024,199,6,1.39941e-12,1.32863e-12,360,489080,-32.435,13.7419,231.1,219.6,-1,17,6
2024-07-17T07:00:00Z,2024,199,7,1.41112e-12,1.77096e-12,360,489409,25.5054,11.4397,231.1,219.6,5,17,6
2024-07-17T08:00:00Z,2024,199,8,1.3715e-12,9.76834e-13,360,488013,-0.0993778,23.8465,231.1,219.6,9,17,6
2024-07-17T09:00:00Z,2024,199,9,1.35485e-12,1.4481e-12,360,491405,-25.4795,12.2516,231.1,219.6,7,10,4
2024-07-17T10:00:00Z,2024,199,10,1.35416e-12,1.61288e-12,360,486358,32.3835,9.91269,231.1,219.6,6,10,4
2024-07-17T11:00:00Z,2024,199,11,1.36424e-12,9.97529e-13,360,488094,-18.1455,23.5917,231.1,219.6,3,10,4
2024-07-17T12:00:00Z,2024,199,12,1.38448e-12,1.59744e-12,360,493138,-9.7859,11.8837,231.1,219.6,2,23,9
2024-07-17T13:00:00Z,2024,199,13,1.39733e-12,1.45082e-12,360,485549,30.2458,0.573118,231.1,219.6,3,23,9
2024-07-17T14:00:00Z,2024,199,14,1.39167e-12,1.16012e-12,360,487807,-29.8638,23.1459,231.1,219.6,3,23,9
2024-07-17T15:00:00Z,2024,199,15,1.368e-12,1.6107e-12,360,492483,8.56192,11.7848,231.1,219.6,4,13,5
2024-07-17T16:00:00Z,2024,199,16,1.35083e-12,1.20562e-12,360,486829,19.1068,0.0857168,231.1,219.6,2,13,5
2024-07-17T17:00:00Z,2024,199,17,1.35339e-12,1.30208e-12,360,488744,-32.5818,14.2269,231.1,219.6,1,13,5
2024-07-17T18:00:00Z,2024,199,18,1.36318e-12,1.64191e-12,360,489708,24.6735,11.4312,231.1,219.6,-3,10,4
2024-07-17T19:00:00Z,2024,199,19,1.36991e-12,1.05378e-12,360,488062,1.21255,23.8165,231.1,219.6,-3,10,4
2024-07-17T20:00:00Z,2024,199,20,1.36597e-12,1.4495e-12,360,491062,-26.2709,12.2454,231.1,219.6,0,10,4
2024-07-17T21:00:00Z,2024,199,21,1.34609e-12,1.58735e-12,360,486611,32.1942,10.2377,231.1,219.6,1,7,3
2024-07-17T22:00:00Z,2024,199,22,1.33556e-12,9.66733e-13,360,488121,-16.9642,23.5785,231.1,219.6,1,7,3
2024-07-17T23:00:00Z,2024,199,23,1.33903e-12,1.51748e-12,360,493002,-11.0945,11.8608,231.1,219.6,1,7,3
2024-07-18T00:00:00Z,2024,200,0,1.33528e-12,1.41853e-12,360,485546,30.6978,0.619671,215.5,220.042,0,3,2
2024-07-18T01:00:00Z,2024,200,1,1.32923e-12,1.08985e-12,360,487805,-29.3248,23.1704,215.5,220.042,0,3,2
2024-07-18T02:00:00Z,2024,200,2,1.3246e-12,1.60342e-12,360,492479,7.24962,11.7577,215.5,220.042,1,3,2
2024-07-18T03:00:00Z,2024,200,3,1.31312e-12,1.14469e-12,360,486793,20.2045,0.0702665,215.5,220.042,1,7,3
2024-07-18T04:00:00Z,2024,200,4,1.31031e-12,1.22727e-12,360,488515,-32.685,15.0155,215.5,220.042,1,7,3
2024-07-18T05:00:00Z,2024,200,5,1.30472e-12,1.6549e-12,360,489845,23.7866,11.4211,215.5,220.042,0,7,3
2024-07-18T06:00:00Z,2024,200,6,1.30202e-12,9.29831e-13,360,488147,2.52636,23.7877,215.5,220.042,2,10,4
2024-07-18T07:00:00Z,2024,200,7,1.31535e-12,1.38877e-12,360,490791,-27.0238,12.2427,215.5,220.042,3,10,4
2024-07-18T08:00:00Z,2024,200,8,1.33121e-12,1.62043e-12,360,486783,31.9554,10.4553,215.5,220.042,1,10,4
2024-07-18T09:00:00Z,2024,200,9,1.34075e-12,9.42993e-13,360,488214,-15.7327,23.5704,215.5,220.042,0,13,5
2024-07-18T10:00:00Z,2024,200,10,1.33461e-12,1.52841e-12,360,492784,-12.4077,11.8441,215.5,220.042,0,13,5
2024-07-18T11:00:00Z,2024,200,11,1.3366e-12,1.43465e-12,360,485659,31.1083,0.685029,215.5,220.042,2,13,5
2024-07-18T12:00:00Z,2024,200,12,1.32775e-12,1.04931e-12,360,487723,-28.7333,23.1856,215.5,220.042,5,10,4
2024-07-18T13:00:00Z,2024,200,13,1.33177e-12,1.60885e-12,360,492540,5.93537,11.7299,215.5,220.042,5,10,4
2024-07-18T14:00:00Z,2024,200,14,1.3286e-12,1.21293e-12,360,486726,21.2608,0.0553537,215.5,220.042,4,10,4
2024-07-18T15:00:00Z,2024,200,15,1.33214e-12,1.22614e-12,360,488311,-32.7425,16.2981,215.5,220.042,4,10,4
2024-07-18T16:00:00Z,2024,200,16,1.31794e-12,1.60749e-12,360,489977,22.8506,11.4093,215.5,220.042,5,10,4
2024-07-18T17:00:00Z,2024,200,17,1.30725e-12,1.01575e-12,360,488201,3.85001,23.7584,215.5,220.042,6,10,4
2024-07-18T18:00:00Z,2024,200,18,1.30832e-12,1.36299e-12,360,490423,-27.7301,12.2443,215.5,220.042,7,13,5
2024-07-18T19:00:00Z,2024,200,19,1.30977e-12,1.57016e-12,360,487074,31.6714,10.6079,215.5,220.042,4,13,5
2024-07-18T20:00:00Z,2024,200,20,1.3013e-12,9.35054e-13,360,488261,-14.4486,23.5796,215.5,220.042,3,13,5
2024-07-18T21:00:00Z,2024,200,21,1.28943e-12,1.45803e-12,360,492594,-13.7256,11.8469,215.5,220.042,3,3,2
2024-07-18T22:00:00Z,2024,200,22,1.27421e-12,1.37543e-12,360,485724,31.4727,0.776229,215.5,220.042,2,3,2
2024-07-18T23:00:00Z,2024,200,23,1.27389e-12,1.0222e-12,360,487741,-28.0954,23.1952,215.5,220.042,1,3,2
2024-07-19T00:00:00Z,2024,201,0,1.27378e-12,1.52013e-12,360,492592,4.61235,11.7011,208.2,220.288,1,3,2
2024-07-19T01:00:00Z,2024,201,1,1.27917e-12,1.15453e-12,360,486624,22.2717,0.041556,208.2,220.288,4,3,2
2024-07-19T02:00:00Z,2024,201,2,1.28107e-12,1.18874e-12,360,488134,-32.7534,18.054,208.2,220.288,5,3,2
2024-07-19T03:00:00Z,2024,201,3,1.30125e-12,1.6351e-12,360,490133,21.8655,11.3962,208.2,220.288,6,10,4
2024-07-19T04:00:00Z,2024,201,4,1.33125e-12,9.86897e-13,360,488198,5.17651,23.7295,208.2,220.288,7,10,4
2024-07-19T05:00:00Z,2024,201,5,1.33197e-12,1.37641e-12,360,490133,-28.3949,12.25,208.2,220.288,10,10,4
2024-07-19T06:00:00Z,2024,201,6,1.36218e-12,1.6835e-12,360,487219,31.3349,10.7157,208.2,220.288,11,10,4
2024-07-19T07:00:00Z,2024,201,7,1.37317e-12,9.45971e-13,360,488414,-13.1306,23.6037,208.2,220.288,10,10,4
2024-07-19T08:00:00Z,2024,201,8,1.37059e-12,1.55221e-12,360,492364,-15.0335,11.8731,208.2,220.288,8,10,4
2024-07-19T09:00:00Z,2024,201,9,1.36228e-12,1.50256e-12,360,485811,31.7915,0.906197,208.2,220.288,7,7,3
2024-07-19T10:00:00Z,2024,201,10,1.35972e-12,1.06713e-12,360,487741,-27.4062,23.1991,208.2,220.288,8,7,3
2024-07-19T11:00:00Z,2024,201,11,1.35009e-12,1.59331e-12,360,492584,3.2849,11.6722,208.2,220.288,8,7,3
2024-07-19T12:00:00Z,2024,201,12,1.34425e-12,1.26198e-12,360,486671,23.2443,0.0288137,208.2,220.288,10,10,4
2024-07-19T13:00:00Z,2024,201,13,1.34055e-12,1.22497e-12,360,487887,-32.7146,19.6863,208.2,220.288,11,10,4
2024-07-19T14:00:00Z,2024,201,14,1.34319e-12,1.63172e-12,360,490321,20.8293,11.3824,208.2,220.288,12,10,4
2024-07-19T15:00:00Z,2024,201,15,1.34164e-12,1.05982e-12,360,488206,6.50725,23.7015,208.2,220.288,15,10,4
2024-07-19T16:00:00Z,2024,201,16,1.32868e-12,1.37074e-12,360,489749,-29.0126,12.2617,208.2,220.288,13,10,4
2024-07-19T17:00:00Z,2024,201,17,1.30411e-12,1.57391e-12,360,487453,30.9519,10.7946,208.2,220.288,8,10,4
2024-07-19T18:00:00Z,2024,201,18,1.29456e-12,9.09534e-13,360,488499,-11.7966,23.5934,208.2,220.288,5,13,5
2024-07-19T19:00:00Z,2024,201,19,1.30653e-12,1.48661e-12,360,492090,-16.304,11.871,208.2,220.288,4,13,5
2024-07-19T20:00:00Z,2024,201,20,1.315e-12,1.44595e-12,360,485977,32.0661,1.09182,208.2,220.288,2,13,5
2024-07-19T21:00:00Z,2024,201,21,1.30446e-12,1.03381e-12,360,487744,-26.6665,23.1987,208.2,220.288,2,7,3
2024-07-19T22:00:00Z,2024,201,22,1.28723e-12,1.50362e-12,360,492592,1.95137,11.6428,208.2,220.288,3,7,3
2024-07-19T23:00:00Z,2024,201,23,1.29128e-12,1.20367e-12,360,486629,24.1709,0.0179814,208.2,220.288,2,7,3
2024-07-20T00:00:00Z,2024,202,0,1.28543e-12,1.19383e-12,360,487793,-32.6318,20.7801,214.1,220.553,1,17,6
2024-07-20T01:00:00Z,2024,202,1,1.30243e-12,1.59841e-12,360,490472,19.7415,11.3675,214.1,220.553,2,17,6
2024-07-20T02:00:00Z,2024,202,2,1.30045e-12,9.81018e-13,360,488156,7.84163,23.6741,214.1,220.553,7,17,6
2024-07-20T03:00:00Z,2024,202,3,1.31782e-12,1.38026e-12,360,489463,-29.5852,12.281,214.1,220.553,8,17,6
2024-07-20T04:00:00Z,2024,202,4,1.33014e-12,1.60608e-12,360,487590,30.5176,10.852,214.1,220.553,11,17,6
2024-07-20T05:00:00Z,2024,202,5,1.32996e-12,9.42855e-13,360,488629,-10.4608,23.5738,214.1,220.553,10,17,6
2024-07-20T06:00:00Z,2024,202,6,1.32755e-12,1.49766e-12,360,491860,-17.5356,11.8603,214.1,220.553,16,20,7
2024-07-20T07:00:00Z,2024,202,7,1.3377e-12,1.49457e-12,360,486009,32.2895,1.36809,214.1,220.553,14,20,7
2024-07-20T08:00:00Z,2024,202,8,1.35336e-12,1.02255e-12,360,487865,-25.8785,23.1951,214.1,220.553,11,20,7
2024-07-20T09:00:00Z,2024,202,9,1.37043e-12,1.63966e-12,360,492530,0.612814,11.6137,214.1,220.553,9,13,5
2024-07-20T10:00:00Z,2024,202,10,1.36037e-12,1.2929e-12,360,486631,25.0537,0.00953172,214.1,220.553,7,13,5
2024-07-20T11:00:00Z,2024,202,11,1.35003e-12,1.21813e-12,360,487644,-32.4983,21.4435,214.1,220.553,8,13,5
2024-07-20T12:00:00Z,2024,202,12,1.33067e-12,1.60229e-12,360,490649,18.6047,11.3531,214.1,220.553,8,10,4
2024-07-20T13:00:00Z,2024,202,13,1.32094e-12,1.06362e-12,360,488157,9.18235,23.6477,214.1,220.553,9,10,4
2024-07-20T14:00:00Z,2024,202,14,1.30829e-12,1.34502e-12,360,489118,-30.1103,12.31,214.1,220.553,9,10,4
2024-07-20T15:00:00Z,2024,202,15,1.29277e-12,1.53989e-12,360,487761,30.0344,10.893,214.1,220.553,3,17,6
2024-07-20T16:00:00Z,2024,202,16,1.31122e-12,9.65667e-13,360,488725,-9.11643,23.5498,214.1,220.553,-2,17,6
2024-07-20T17:00:00Z,2024,202,17,1.29042e-12,1.43912e-12,360,491482,-18.721,11.8469,214.1,220.553,-4,17,6
2024-07-20T18:00:00Z,2024,202,18,1.25726e-12,1.41044e-12,360,486259,32.4715,1.79314,214.1,220.553,-3,27,12
2024-07-20T19:00:00Z,2024,202,19,1.24552e-12,9.47952e-13,360,487858,-25.0341,23.1881,214.1,220.553,0,27,12
2024-07-20T20:00:00Z,2024,202,20,1.25208e-12,1.46867e-12,360,492477,-0.730461,11.5842,214.1,220.553,2,27,12
2024-07-20T21:00:00Z,2024,202,21,1.25583e-12,1.21456e-12,360,486669,25.8933,0.00326146,214.1,220.553,8,10,4
2024-07-20T22:00:00Z,2024,202,22,1.2612e-12,1.13671e-12,360,487535,-32.3168,21.8566,214.1,220.553,10,10,4
2024-07-20T23:00:00Z,2024,202,23,1.27537e-12,1.5569e-12,360,490807,17.4132,11.3396,214.1,220.553,9,10,4
2024-07-21T00:00:00Z,2024,203,0,1.28196e-12,9.84778e-13,360,488113,10.5244,23.6241,204.2,220.985,6,10,4
2024-07-21T01:00:00Z,2024,203,1,1.29699e-12,1.35651e-12,360,488906,-30.5917,12.3511,204.2,220.985,2,10,4
2024-07-21T02:00:00Z,2024,203,2,1.30291e-12,1.58453e-12,360,487855,29.4992,10.9222,204.2,220.985,4,10,4
2024-07-21T03:00:00Z,2024,203,3,1.30256e-12,9.00928e-13,360,488822,-7.7697,23.5237,204.2,220.985,10,3,2
2024-07-21T04:00:00Z,2024,203,4,1.29527e-12,1.46465e-12,360,491178,-19.8644,11.8325,204.2,220.985,13,3,2
2024-07-21T05:00:00Z,2024,203,5,1.28184e-12,1.44926e-12,360,486271,32.5988,2.48528,204.2,220.985,13,3,2
2024-07-21T06:00:00Z,2024,203,6,1.27519e-12,9.44771e-13,360,488094,-24.1446,23.18,204.2,220.985,12,3,2
2024-07-21T07:00:00Z,2024,203,7,1.25174e-12,1.49701e-12,360,492336,-2.08241,11.5552,204.2,220.985,13,3,2
2024-07-21T08:00:00Z,2024,203,8,1.23507e-12,1.21311e-12,360,486668,26.6848,0.00101016,204.2,220.985,14,3,2
2024-07-21T09:00:00Z,2024,203,9,1.21422e-12,1.03239e-12,360,487506,-32.0872,22.1255,204.2,220.985,15,3,2
2024-07-21T10:00:00Z,2024,203,10,1.19399e-12,1.47934e-12,360,490891,16.1691,11.3293,204.2,220.985,11,3,2
2024-07-21T11:00:00Z,2024,203,11,1.19085e-12,9.64611e-13,360,488175,11.8737,23.6047,204.2,220.985,11,3,2
2024-07-21T12:00:00Z,2024,203,12,1.19014e-12,1.18181e-12,360,488573,-31.0224,12.4109,204.2,220.985,11,13,5
2024-07-21T13:00:00Z,2024,203,13,1.19277e-12,1.47304e-12,360,488087,28.9172,10.9422,204.2,220.985,15,13,5
2024-07-21T14:00:00Z,2024,203,14,1.1997e-12,8.57617e-13,360,488864,-6.41716,23.4966,204.2,220.985,13,13,5
2024-07-21T15:00:00Z,2024,203,15,1.20731e-12,1.32948e-12,360,490819,-20.9615,11.8181,204.2,220.985,11,13,5
2024-07-21T16:00:00Z,2024,203,16,1.21007e-12,1.38053e-12,360,486385,32.6803,3.63408,204.2,220.985,6,13,5
2024-07-21T17:00:00Z,2024,203,17,1.19485e-12,8.79604e-13,360,488158,-23.196,23.1694,204.2,220.985,7,13,5
2024-07-21T18:00:00Z,2024,203,18,1.19387e-12,1.41127e-12,360,492181,-3.43646,11.5264,204.2,220.985,4,17,6
2024-07-21T19:00:00Z,2024,203,19,1.22497e-12,1.24104e-12,360,486775,27.4357,0.00173395,204.2,220.985,1,17,6
2024-07-21T20:00:00Z,2024,203,20,1.23562e-12,1.03576e-12,360,487407,-31.8051,22.3079,204.2,220.985,-1,17,6
2024-07-21T21:00:00Z,2024,203,21,1.24797e-12,1.50976e-12,360,491025,14.8721,11.3292,204.2,220.985,2,17,6
2024-07-21T22:00:00Z,2024,203,22,1.2541e-12,1.0491e-12,360,488159,13.2269,23.5972,204.2,220.985,3,17,6
2024-07-21T23:00:00Z,2024,203,23,1.26513e-12,1.27515e-12,360,488394,-31.4094,12.494,204.2,220.985,2,17,6
2024-07-22T00:00:00Z,2024,204,0,1.29606e-12,1.55942e-12,360,488231,28.2802,10.9543,191,221.798,-3,17,6
2024-07-22T01:00:00Z,2024,204,1,1.30065e-12,9.44767e-13,360,488909,-5.06339,23.4687,191,221.798,-6,17,6
2024-07-22T02:00:00Z,2024,204,2,1.31857e-12,1.45503e-12,360,490526,-22.0145,11.8043,191,221.798,-5,17,6
2024-07-22T03:00:00Z,2024,204,3,1.35451e-12,1.52323e-12,360,486420,32.7109,5.33957,191,221.798,-7,13,5
2024-07-22T04:00:00Z,2024,204,4,1.38266e-12,1.06698e-12,360,488294,-22.1978,23.158,191,221.798,-8,13,5
2024-07-22T05:00:00Z,2024,204,5,1.37906e-12,1.59474e-12,360,492000,-4.79993,11.498,191,221.798,-12,13,5
2024-07-22T06:00:00Z,2024,204,6,1.38113e-12,1.3947e-12,360,486732,28.1345,0.00840283,191,221.798,-13,17,6
2024-07-22T07:00:00Z,2024,204,7,1.37869e-12,1.17333e-12,360,487493,-31.4762,22.4367,191,221.798,-13,17,6
2024-07-22T08:00:00Z,2024,204,8,1.39487e-12,1.68186e-12,360,491059,13.5259,11.3584,191,221.798,-17,17,6
2024-07-22T09:00:00Z,2024,204,9,1.40455e-12,1.19297e-12,360,488176,14.578,23.6256,191,221.798,-17,30,15
2024-07-22T10:00:00Z,2024,204,10,1.42266e-12,1.41029e-12,360,488162,-31.747,12.6125,191,221.798,-18,30,15
2024-07-22T11:00:00Z,2024,204,11,1.43468e-12,1.70115e-12,360,488420,27.5931,10.9605,191,221.798,-7,30,15
2024-07-22T12:00:00Z,2024,204,12,1.42889e-12,1.0915e-12,360,488995,-3.69998,23.44,191,221.798,-10,23,9
2024-07-22T13:00:00Z,2024,204,13,1.41923e-12,1.54162e-12,360,490186,-23.0189,11.7921,191,221.798,-13,23,9
2024-07-22T14:00:00Z,2024,204,14,1.40974e-12,1.59081e-12,360,486481,32.6918,7.11311,191,221.798,-15,23,9
2024-07-22T15:00:00Z,2024,204,15,1.41401e-12,1.0971e-12,360,488422,-21.1459,23.1454,191,221.798,-19,13,5
2024-07-22T16:00:00Z,2024,204,16,1.41097e-12,1.61423e-12,360,491746,-6.16711,11.47,191,221.798,-21,13,5
2024-07-22T17:00:00Z,2024,204,17,1.40107e-12,1.4352e-12,360,486794,28.7908,0.0200062,191,221.798,-19,13,5
2024-07-22T18:00:00Z,2024,204,18,1.36852e-12,1.18851e-12,360,487431,-31.0909,22.5277,191,221.798,-18,23,9
2024-07-22T19:00:00Z,2024,204,19,1.36061e-12,1.5714e-12,360,491156,12.161,11.358,191,221.798,-21,23,9
2024-07-22T20:00:00Z,2024,204,20,1.3872e-12,1.2302e-12,360,488182,15.901,23.6321,191,221.798,-22,23,9
2024-07-22T21:00:00Z,2024,204,21,1.39627e-12,1.38917e-12,360,487968,-32.0367,12.7818,191,221.798,-20,17,6
2024-07-22T22:00:00Z,2024,204,22,1.40153e-12,1.64983e-12,360,488589,26.851,10.9623,191,221.798,-20,17,6
2024-07-22T23:00:00Z,2024,204,23,1.35599e-12,1.02624e-12,360,489054,-2.33268,23.4113,191,221.798,-18,17,6
2024-07-23T00:00:00Z,2024,205,0,1.3146e-12,1.44401e-12,360,489982,-23.9822,11.781,181,222.532,-17,3,2
2024-07-23T01:00:00Z,2024,205,1,1.27647e-12,1.45606e-12,360,486482,32.6204,8.35898,181,222.532,-15,3,2
2024-07-23T02:00:00Z,2024,205,2,1.24577e-12,9.24434e-13,360,488534,-20.0401,23.132,181,222.532,-11,3,2
2024-07-23T03:00:00Z,2024,205,3,1.22385e-12,1.41947e-12,360,491522,-7.53867,11.4429,181,222.532,-8,3,2
2024-07-23T04:00:00Z,2024,205,4,1.20409e-12,1.20752e-12,360,486742,29.3965,0.0391666,181,222.532,-7,3,2
2024-07-23T05:00:00Z,2024,205,5,1.17827e-12,1.00541e-12,360,487525,-30.657,22.5952,181,222.532,-5,3,2
2024-07-23T06:00:00Z,2024,205,6,1.15593e-12,1.42143e-12,360,491138,10.7847,11.3407,181,222.532,-3,3,2
2024-07-23T07:00:00Z,2024,205,7,1.12068e-12,9.15286e-13,360,488200,17.1797,23.6248,181,222.532,1,3,2
2024-07-23T08:00:00Z,2024,205,8,1.09408e-12,1.08143e-12,360,487817,-32.2779,13.0342,181,222.532,5,3,2
2024-07-23T09:00:00Z,2024,205,9,1.05648e-12,1.29985e-12,360,488743,26.0552,10.9601,181,222.532,7,7,3
2024-07-23T10:00:00Z,2024,205,10,1.04862e-12,7.82965e-13,360,489139,-0.957644,23.3825,181,222.532,7,7,3
2024-07-23T11:00:00Z,2024,205,11,1.03386e-12,1.10594e-12,360,489668,-24.8964,11.773,181,222.532,5,7,3
2024-07-23T12:00:00Z,2024,205,12,1.02512e-12,1.19525e-12,360,486662,32.5023,9.11102,181,222.532,3,10,4
2024-07-23T13:00:00Z,2024,205,13,1.01902e-12,7.43466e-13,360,488587,-18.8782,23.1182,181,222.532,-1,10,4
2024-07-23T14:00:00Z,2024,205,14,1.01195e-12,1.17869e-12,360,491341,-8.91523,11.417,181,222.532,-3,10,4
2024-07-23T15:00:00Z,2024,205,15,1.01683e-12,1.05977e-12,360,486696,29.953,0.0681518,181,222.532,-7,10,4
2024-07-23T16:00:00Z,2024,205,16,1.00719e-12,8.22249e-13,360,487531,-30.168,22.6432,181,222.532,-5,10,4
2024-07-23T17:00:00Z,2024,205,17,9.76895e-13,1.18762e-12,360,491138,9.405,11.3182,181,222.532,-4,10,4
2024-07-23T18:00:00Z,2024,205,18,9.52007e-13,8.12536e-13,360,488262,18.4166,23.6125,181,222.532,-2,27,12
2024-07-23T19:00:00Z,2024,205,19,9.54313e-13,9.35467e-13,360,487612,-32.4669,13.4236,181,222.532,1,27,12
2024-07-23T20:00:00Z,2024,205,20,9.6267e-13,1.17047e-12,360,488951,25.2068,10.9547,181,222.532,14,27,12
2024-07-23T21:00:00Z,2024,205,21,9.65059e-13,7.06831e-13,360,489203,0.421975,23.3534,181,222.532,26,17,6
2024-07-23T22:00:00Z,2024,205,22,9.65375e-13,1.04605e-12,360,489436,-25.7643,11.767,181,222.532,28,17,6
2024-07-23T23:00:00Z,2024,205,23,9.78377e-13,1.14389e-12,360,486749,32.3297,9.56893,181,222.532,26,17,6
2024-07-24T00:00:00Z,2024,206,0,9.79977e-13,7.06494e-13,360,488728,-17.6664,23.1056,180.4,223.351,28,17,6
2024-07-24T01:00:00Z,2024,206,1,9.90835e-13,1.15387e-12,360,491165,-10.2946,11.3929,180.4,223.351,24,17,6
2024-07-24T02:00:00Z,2024,206,2,1.01105e-12,1.03607e-12,360,486637,30.4594,0.109739,180.4,223.351,23,17,6
2024-07-24T03:00:00Z,2024,206,3,1.04212e-12,8.50391e-13,360,487591,-29.6282,22.6774,180.4,223.351,23,13,5
2024-07-24T04:00:00Z,2024,206,4,1.07305e-12,1.33404e-12,360,491087,8.02089,11.2932,180.4,223.351,22,13,5
2024-07-24T05:00:00Z,2024,206,5,1.06008e-12,9.00727e-13,360,488231,19.6015,23.5996,180.4,223.351,20,13,5
2024-07-24T06:00:00Z,2024,206,6,1.05444e-12,1.01154e-12,360,487577,-32.6094,14.0536,180.4,223.351,24,13,5
2024-07-24T07:00:00Z,2024,206,7,1.06096e-12,1.2868e-12,360,489023,24.302,10.9468,180.4,223.351,23,13,5
2024-07-24T08:00:00Z,2024,206,8,1.08349e-12,8.29205e-13,360,489315,1.804,23.3248,180.4,223.351,23,13,5
2024-07-24T09:00:00Z,2024,206,9,1.0938e-12,1.16965e-12,360,489169,-26.5831,11.7647,180.4,223.351,19,10,4
2024-07-24T10:00:00Z,2024,206,10,1.09187e-12,1.26615e-12,360,486859,32.1063,9.8615,180.4,223.351,18,10,4
2024-07-24T11:00:00Z,2024,206,11,1.08499e-12,8.02396e-13,360,488880,-16.3981,23.0954,180.4,223.351,20,10,4
2024-07-24T12:00:00Z,2024,206,12,1.06578e-12,1.22915e-12,360,490925,-11.6743,11.3733,180.4,223.351,21,13,5
2024-07-24T13:00:00Z,2024,206,13,1.04476e-12,1.09946e-12,360,486650,30.9174,0.167875,180.4,223.351,22,13,5
2024-07-24T14:00:00Z,2024,206,14,1.02859e-12,8.32568e-13,360,487643,-29.0349,22.7012,180.4,223.351,22,13,5
2024-07-24T15:00:00Z,2024,206,15,1.02274e-12,1.21455e-12,360,490988,6.63381,11.2666,180.4,223.351,20,7,3
2024-07-24T16:00:00Z,2024,206,16,9.99085e-13,9.11295e-13,360,488253,20.7418,23.5862,180.4,223.351,19,7,3
2024-07-24T17:00:00Z,2024,206,17,9.79452e-13,9.2964e-13,360,487366,-32.6955,15.1191,180.4,223.351,16,7,3
2024-07-24T18:00:00Z,2024,206,18,9.61194e-13,1.15838e-12,360,489226,23.3467,10.9372,180.4,223.351,13,7,3
2024-07-24T19:00:00Z,2024,206,19,9.40839e-13,7.013e-13,360,489418,3.19507,23.2959,180.4,223.351,14,7,3
2024-07-24T20:00:00Z,2024,206,20,9.34455e-13,1.00318e-12,360,488879,-27.3521,11.7661,180.4,223.351,11,7,3
2024-07-24T21:00:00Z,2024,206,21,9.23853e-13,1.10065e-12,360,487010,31.8311,10.0582,180.4,223.351,7,17,6
2024-07-24T22:00:00Z,2024,206,22,9.25425e-13,6.65426e-13,360,489026,-15.0765,23.0945,180.4,223.351,8,17,6
2024-07-24T23:00:00Z,2024,206,23,9.30475e-13,1.06398e-12,360,490758,-13.0597,11.364,180.4,223.351,8,17,6
2024-07-25T00:00:00Z,2024,207,0,9.39247e-13,9.97422e-13,360,486567,31.3217,0.250972,172.4,224.24,5,7,3
2024-07-25T01:00:00Z,2024,207,1,9.37101e-13,7.37833e-13,360,487760,-28.3912,22.7168,172.4,224.24,2,7,3
2024-07-25T02:00:00Z,2024,207,2,9.5362e-13,1.17653e-12,360,490906,5.24273,11.2392,172.4,224.24,2,7,3
2024-07-25T03:00:00Z,2024,207,3,9.57612e-13,8.37005e-13,360,488186,21.8302,23.5731,172.4,224.24,8,13,5
2024-07-25T04:00:00Z,2024,207,4,9.60978e-13,8.93559e-13,360,487333,-32.7339,16.7787,172.4,224.24,13,13,5
2024-07-25T05:00:00Z,2024,207,5,9.60476e-13,1.20573e-12,360,489243,22.3309,10.9262,172.4,224.24,11,13,5
2024-07-25T06:00:00Z,2024,207,6,9.47908e-13,6.94073e-13,360,489545,4.58463,23.2683,172.4,224.24,14,7,3
2024-07-25T07:00:00Z,2024,207,7,9.38298e-13,9.98365e-13,360,488695,-28.0753,11.7728,172.4,224.24,15,7,3
2024-07-25T08:00:00Z,2024,207,8,9.25554e-13,1.11922e-12,360,487064,31.5008,10.1936,172.4,224.24,14,7,3
2024-07-25T09:00:00Z,2024,207,9,9.24266e-13,6.36691e-13,360,489234,-13.7074,23.1239,172.4,224.24,13,10,4
2024-07-25T10:00:00Z,2024,207,10,9.36124e-13,1.08409e-12,360,490500,-14.441,11.3909,172.4,224.24,15,10,4
2024-07-25T11:00:00Z,2024,207,11,9.26929e-13,9.97577e-13,360,486623,31.6782,0.367822,172.4,224.24,16,10,4
2024-07-25T12:00:00Z,2024,207,12,9.19755e-13,7.14942e-13,360,487823,-27.6912,22.7253,172.4,224.24,16,20,7
2024-07-25T13:00:00Z,2024,207,13,9.06077e-13,1.10048e-12,360,490833,3.85201,11.2113,172.4,224.24,19,20,7
2024-07-25T14:00:00Z,2024,207,14,8.98062e-13,8.22141e-13,360,488128,22.8701,23.5615,172.4,224.24,23,20,7
2024-07-25T15:00:00Z,2024,207,15,9.34986e-13,8.47507e-13,360,487218,-32.7179,18.6401,172.4,224.24,18,27,12
2024-07-25T16:00:00Z,2024,207,16,9.61929e-13,1.16332e-12,360,489299,21.2634,10.9142,172.4,224.24,11,27,12
2024-07-25T17:00:00Z,2024,207,17,9.60725e-13,7.74063e-13,360,489671,5.98478,23.2404,172.4,224.24,11,27,12
2024-07-25T18:00:00Z,2024,207,18,9.69674e-13,9.86688e-13,360,488354,-28.7437,11.7856,172.4,224.24,10,30,15
2024-07-25T19:00:00Z,2024,207,19,9.9674e-13,1.2113e-12,360,487278,31.121,10.2906,172.4,224.24,11,30,15
2024-07-25T20:00:00Z,2024,207,20,9.52548e-13,6.88943e-13,360,489383,-12.3144,23.127,172.4,224.24,19,30,15
2024-07-25T21:00:00Z,2024,207,21,9.51769e-13,1.05301e-12,360,490284,-15.7919,11.4011,172.4,224.24,22,33,18
2024-07-25T22:00:00Z,2024,207,22,1.02153e-12,1.08768e-12,360,486603,31.982,0.535743,172.4,224.24,16,33,18
2024-07-25T23:00:00Z,2024,207,23,1.07872e-12,8.92542e-13,360,488001,-26.9408,22.7289,172.4,224.24,12,33,18
2024-07-26T00:00:00Z,2024,208,0,1.12843e-12,1.3744e-12,360,490792,2.45493,11.1825,181.8,225.352,9,40,27
2024-07-26T01:00:00Z,2024,208,1,1.21606e-12,1.0678e-12,360,487958,23.8565,23.5512,181.8,225.352,-4,40,27
2024-07-26T02:00:00Z,2024,208,2,1.27878e-12,1.22164e-12,360,487205,-32.6512,19.9996,181.8,225.352,-21,40,27
2024-07-26T03:00:00Z,2024,208,3,1.29684e-12,1.57296e-12,360,489293,20.1396,10.9016,181.8,225.352,-15,50,48
2024-07-26T04:00:00Z,2024,208,4,1.34745e-12,1.07231e-12,360,489720,7.38485,23.2136,181.8,225.352,-6,50,48
2024-07-26T05:00:00Z,2024,208,5,1.35142e-12,1.40934e-12,360,488197,-29.3673,11.8055,181.8,225.352,-26,50,48
2024-07-26T06:00:00Z,2024,208,6,1.34313e-12,1.50828e-12,360,487261,30.6813,10.3595,181.8,225.352,-48,40,27
2024-07-26T07:00:00Z,2024,208,7,1.36687e-12,1.13141e-12,360,489656,-10.9179,23.1114,181.8,225.352,-50,40,27
2024-07-26T08:00:00Z,2024,208,8,1.31631e-12,1.41844e-12,360,490036,-17.0979,11.3946,181.8,225.352,-36,40,27
2024-07-26T09:00:00Z,2024,208,9,1.26225e-12,1.33547e-12,360,486585,32.2339,0.785805,181.8,225.352,-31,23,9
2024-07-26T10:00:00Z,2024,208,10,1.22763e-12,1.0438e-12,360,488169,-26.1335,22.7283,181.8,225.352,-25,23,9
2024-07-26T11:00:00Z,2024,208,11,1.20603e-12,1.3795e-12,360,490676,1.05503,11.1541,181.8,225.352,-21,23,9
2024-07-26T12:00:00Z,2024,208,12,1.17386e-12,1.12016e-12,360,487956,24.7985,23.543,181.8,225.352,-24,37,22
2024-07-26T13:00:00Z,2024,208,13,1.14642e-12,1.05959e-12,360,487101,-32.529,20.8167,181.8,225.352,-18,37,22
2024-07-26T14:00:00Z,2024,208,14,1.12574e-12,1.29879e-12,360,489322,18.9598,10.8888,181.8,225.352,-22,37,22
2024-07-26T15:00:00Z,2024,208,15,1.13244e-12,9.73128e-13,360,489740,8.79008,23.1881,181.8,225.352,-35,43,32
2024-07-26T16:00:00Z,2024,208,16,1.12529e-12,1.1297e-12,360,487910,-29.937,11.8353,181.8,225.352,-42,43,32
2024-07-26T17:00:00Z,2024,208,17,1.11386e-12,1.31174e-12,360,487400,30.191,10.4104,181.8,225.352,-38,43,32
2024-07-26T18:00:00Z,2024,208,18,1.08951e-12,8.41786e-13,360,489820,-9.50946,23.0889,181.8,225.352,-32,30,15
2024-07-26T19:00:00Z,2024,208,19,1.08457e-12,1.19144e-12,360,489786,-18.3566,11.3833,181.8,225.352,-30,30,15
2024-07-26T20:00:00Z,2024,208,20,1.07394e-12,1.16019e-12,360,486606,32.435,1.1714,181.8,225.352,-24,30,15
2024-07-26T21:00:00Z,2024,208,21,1.0423e-12,8.54886e-13,360,488337,-25.2701,22.7243,181.8,225.352,-24,27,12
2024-07-26T22:00:00Z,2024,208,22,1.03889e-12,1.20895e-12,360,490610,-0.352856,11.1254,181.8,225.352,-27,27,12
2024-07-26T23:00:00Z,2024,208,23,1.04546e-12,9.71925e-13,360,487817,25.688,23.5377,181.8,225.352,-30,27,12
2024-07-27T00:00:00Z,2024,209,0,1.01187e-12,9.45717e-13,360,487191,-32.3579,21.3094,210,226.241,-31,10,4
2024-07-27T01:00:00Z,2024,209,1,9.75013e-13,1.18016e-12,360,489317,17.7227,10.8765,210,226.241,-25,10,4
2024-07-27T02:00:00Z,2024,209,2,9.50806e-13,7.21011e-13,360,489722,10.199,23.1644,210,226.241,-22,10,4
2024-07-27T03:00:00Z,2024,209,3,9.44491e-13,9.86466e-13,360,487694,-30.4556,11.8777,210,226.241,-20,23,9
2024-07-27T04:00:00Z,2024,209,4,9.40787e-13,1.15062e-12,360,487407,29.642,10.447,210,226.241,-16,23,9
2024-07-27T05:00:00Z,2024,209,5,9.68977e-13,6.97076e-13,360,490049,-8.09896,23.0648,210,226.241,-9,23,9
2024-07-27T06:00:00Z,2024,209,6,1.02176e-12,1.1308e-12,360,489555,-19.5702,11.3709,210,226.241,-7,23,9
2024-07-27T07:00:00Z,2024,209,7,1.04247e-12,1.16278e-12,360,486578,32.5814,1.80452,210,226.241,-7,23,9
2024-07-27T08:00:00Z,2024,209,8,1.03893e-12,8.0416e-13,360,488566,-24.3513,22.7179,210,226.241,-13,23,9
2024-07-27T09:00:00Z,2024,209,9,1.07553e-12,1.25106e-12,360,490490,-1.76499,11.097,210,226.241,-23,27,12
2024-07-27T10:00:00Z,2024,209,10,1.10716e-12,1.06934e-12,360,487765,26.5295,23.536,210,226.241,-31,27,12
2024-07-27T11:00:00Z,2024,209,11,1.08455e-12,9.9243e-13,360,487187,-32.1292,21.6189,210,226.241,-19,27,12
2024-07-27T12:00:00Z,2024,209,12,1.05906e-12,1.24638e-12,360,489410,16.4326,10.8671,210,226.241,-14,40,27
2024-07-27T13:00:00Z,2024,209,13,1.07192e-12,8.85224e-13,360,489656,11.6121,23.1447,210,226.241,-15,40,27
2024-07-27T14:00:00Z,2024,209,14,1.10196e-12,1.13836e-12,360,487536,-30.9229,11.9376,210,226.241,-23,40,27
2024-07-27T15:00:00Z,2024,209,15,1.08634e-12,1.26517e-12,360,487418,29.0383,10.4721,210,226.241,-26,27,12
2024-07-27T16:00:00Z,2024,209,16,1.03417e-12,7.89555e-13,360,490206,-6.68101,23.0386,210,226.241,-24,27,12
2024-07-27T17:00:00Z,2024,209,17,9.93564e-13,1.08382e-12,360,489264,-20.7317,11.3584,210,226.241,-25,27,12
2024-07-27T18:00:00Z,2024,209,18,9.83332e-13,1.08534e-12,360,486657,32.6775,2.87633,210,226.241,-24,10,4
2024-07-27T19:00:00Z,2024,209,19,9.65945e-13,7.78348e-13,360,488744,-23.3737,22.7086,210,226.241,-24,10,4
2024-07-27T20:00:00Z,2024,209,20,9.51727e-13,1.0875e-12,360,490395,-3.18121,11.0687,210,226.241,-24,10,4
2024-07-27T21:00:00Z,2024,209,21,9.3618e-13,9.02605e-13,360,487675,27.3191,23.538,210,226.241,-21,13,5
2024-07-27T22:00:00Z,2024,209,22,9.26096e-13,8.35478e-13,360,487285,-31.8485,21.825,210,226.241,-21,13,5
2024-07-27T23:00:00Z,2024,209,23,9.31913e-13,1.12227e-12,360,489467,15.0838,10.8664,210,226.241,-22,13,5
2024-07-28T00:00:00Z,2024,210,0,9.2135e-13,7.38668e-13,360,489568,13.0248,23.136,221.1,227.069,-23,13,5
2024-07-28T01:00:00Z,2024,210,1,9.083e-13,9.32885e-13,360,487414,-31.3378,12.0216,221.1,227.069,-24,13,5
2024-07-28T02:00:00Z,2024,210,2,9.07589e-13,1.10729e-12,360,487459,28.3804,10.4889,221.1,227.069,-21,13,5
2024-07-28T03:00:00Z,2024,210,3,9.08822e-13,6.44263e-13,360,490335,-5.26186,23.0115,221.1,227.069,-16,10,4
2024-07-28T04:00:00Z,2024,210,4,9.0933e-13,1.01188e-12,360,489021,-21.8436,11.3463,221.1,227.069,-13,10,4
2024-07-28T05:00:00Z,2024,210,5,9.18316e-13,1.06462e-12,360,486590,32.7155,4.56449,221.1,227.069,-11,10,4
2024-07-28T06:00:00Z,2024,210,6,9.13615e-13,6.46849e-13,360,489058,-22.3437,22.6988,221.1,227.069,-6,17,6
2024-07-28T07:00:00Z,2024,210,7,9.12805e-13,1.09327e-12,360,490238,-4.6023,11.0409,221.1,227.069,-4,17,6
2024-07-28T08:00:00Z,2024,210,8,9.07047e-13,8.94133e-13,360,487589,28.0561,23.5457,221.1,227.069,-7,17,6
2024-07-28T09:00:00Z,2024,210,9,9.00552e-13,7.73118e-13,360,487380,-31.5123,21.9665,221.1,227.069,-10,13,5
2024-07-28T10:00:00Z,2024,210,10,8.89519e-13,1.08296e-12,360,489482,13.6846,10.897,221.1,227.069,-7,13,5
2024-07-28T11:00:00Z,2024,210,11,8.89617e-13,7.28515e-13,360,489584,14.4384,23.1636,221.1,227.069,-3,13,5
2024-07-28T12:00:00Z,2024,210,12,8.93183e-13,8.96853e-13,360,487220,-31.697,12.1427,221.1,227.069,-2,20,7
2024-07-28T13:00:00Z,2024,210,13,8.92775e-13,1.08362e-12,360,487544,27.6677,10.4993,221.1,227.069,-3,20,7
2024-07-28T14:00:00Z,2024,210,14,9.05099e-13,6.66252e-13,360,490463,-3.83909,22.984,221.1,227.069,-1,20,7
2024-07-28T15:00:00Z,2024,210,15,9.05942e-13,9.95276e-13,360,488692,-22.9023,11.3352,221.1,227.069,0,13,5
2024-07-28T16:00:00Z,2024,210,16,9.07347e-13,1.04138e-12,360,486626,32.7021,6.45139,221.1,227.069,-3,13,5
2024-07-28T17:00:00Z,2024,210,17,9.18579e-13,6.7587e-13,360,489259,-21.2509,22.6869,221.1,227.069,-7,13,5
2024-07-28T18:00:00Z,2024,210,18,9.14088e-13,1.07233e-12,360,490057,-6.02479,11.0136,221.1,227.069,-5,27,12
2024-07-28T19:00:00Z,2024,210,19,9.04587e-13,9.17508e-13,360,487595,28.7445,23.5588,221.1,227.069,-4,27,12
2024-07-28T20:00:00Z,2024,210,20,9.14193e-13,7.6523e-13,360,487462,-31.1199,22.066,221.1,227.069,-4,27,12
2024-07-28T21:00:00Z,2024,210,21,9.44715e-13,1.14136e-12,360,489520,12.2642,10.9011,221.1,227.069,-6,23,9
2024-07-28T22:00:00Z,2024,210,22,9.75954e-13,8.25764e-13,360,489519,15.8173,23.1749,221.1,227.069,-10,23,9
2024-07-28T23:00:00Z,2024,210,23,9.83023e-13,9.88747e-13,360,487184,-32.0063,12.3155,221.1,227.069,-12,23,9
2024-07-29T00:00:00Z,2024,211,0,9.80922e-13,1.18712e-12,360,487572,26.8971,10.5036,230,227.39,-14,20,7
2024-07-29T01:00:00Z,2024,211,1,9.86592e-13,7.28518e-13,360,490523,-2.41516,22.9561,230,227.39,-17,20,7
2024-07-29T02:00:00Z,2024,211,2,9.85301e-13,1.07599e-12,360,488480,-23.9104,11.3258,230,227.39,-20,20,7
2024-07-29T03:00:00Z,2024,211,3,9.73067e-13,1.11054e-12,360,486537,32.631,7.81523,230,227.39,-18,17,6
2024-07-29T04:00:00Z,2024,211,4,9.73884e-13,7.31577e-13,360,489554,-20.1059,22.6752,230,227.39,-16,17,6
2024-07-29T05:00:00Z,2024,211,5,9.62299e-13,1.12392e-12,360,489890,-7.45519,10.9872,230,227.39,-12,17,6
2024-07-29T06:00:00Z,2024,211,6,9.38244e-13,9.40139e-13,360,487438,29.3741,23.5814,230,227.39,-10,10,4
2024-07-29T07:00:00Z,2024,211,7,9.14739e-13,7.72793e-13,360,487720,-30.6758,22.1375,230,227.39,-4,10,4
2024-07-29T08:00:00Z,2024,211,8,8.93331e-13,1.08662e-12,360,489479,10.8371,10.8853,230,227.39,-2,10,4
2024-07-29T09:00:00Z,2024,211,9,8.91277e-13,7.43846e-13,360,489475,17.1467,23.1688,230,227.39,-4,17,6
2024-07-29T10:00:00Z,2024,211,10,9.26087e-13,9.02209e-13,360,487100,-32.2601,12.5763,230,227.39,-8,17,6
2024-07-29T11:00:00Z,2024,211,11,9.46447e-13,1.15925e-12,360,487660,26.0731,10.5037,230,227.39,-8,17,6
2024-07-29T12:00:00Z,2024,211,12,9.23774e-13,6.77303e-13,360,490620,-0.985608,22.9274,230,227.39,-4,13,5
2024-07-29T13:00:00Z,2024,211,13,9.13455e-13,1.00223e-12,360,488194,-24.8632,11.3185,230,227.39,2,13,5
2024-07-29T14:00:00Z,2024,211,14,8.91605e-13,1.04367e-12,360,486512,32.5061,8.6265,230,227.39,5,13,5
2024-07-29T15:00:00Z,2024,211,15,8.82965e-13,6.25526e-13,360,489781,-18.901,22.663,230,227.39,4,13,5
2024-07-29T16:00:00Z,2024,211,16,8.83059e-13,1.04076e-12,360,489617,-8.88564,10.9621,230,227.39,2,13,5
2024-07-29T17:00:00Z,2024,211,17,8.8037e-13,8.92771e-13,360,487476,29.9573,23.6127,230,227.39,1,13,5
2024-07-29T18:00:00Z,2024,211,18,8.82367e-13,7.40167e-13,360,487791,-30.1694,22.1881,230,227.39,-3,17,6
2024-07-29T19:00:00Z,2024,211,19,8.76858e-13,1.06567e-12,360,489508,9.40698,10.8634,230,227.39,-5,17,6
2024-07-29T20:00:00Z,2024,211,20,8.75728e-13,7.43471e-13,360,489436,18.4278,23.1577,230,227.39,-6,17,6
2024-07-29T21:00:00Z,2024,211,21,8.70298e-13,8.54338e-13,360,487054,-32.46,12.9822,230,227.39,-2,17,6
2024-07-29T22:00:00Z,2024,211,22,8.7056e-13,1.07033e-12,360,487727,25.1899,10.5003,230,227.39,-1,17,6
2024-07-29T23:00:00Z,2024,211,23,8.62758e-13,6.22576e-13,360,490685,0.444497,22.8993,230,227.39,0,17,6
2024-07-30T00:00:00Z,2024,212,0,8.60119e-13,9.3628e-13,360,488073,-25.7672,11.3137,412.9,227.744,20,40,27
2024-07-30T01:00:00Z,2024,212,1,8.98822e-13,1.02834e-12,360,486374,32.3231,9.11186,412.9,227.744,27,40,27
2024-07-30T02:00:00Z,2024,212,2,9.78456e-13,7.09191e-13,360,490027,-17.6409,22.6516,412.9,227.744,23,40,27
2024-07-30T03:00:00Z,2024,212,3,1.1192e-12,1.33786e-12,360,489379,-10.32,10.9392,412.9,227.744,3,53,56
2024-07-30T04:00:00Z,2024,212,4,1.21951e-12,1.22764e-12,360,487303,30.4809,23.6579,412.9,227.744,-7,53,56
2024-07-30T05:00:00Z,2024,212,5,1.2034e-12,1.02512e-12,360,488119,-29.6128,22.2255,412.9,227.744,-3,53,56
2024-07-30T06:00:00Z,2024,212,6,1.22429e-12,1.43278e-12,360,489390,7.96807,10.8391,412.9,227.744,-14,40,27
2024-07-30T07:00:00Z,2024,212,7,1.27331e-12,1.13775e-12,360,489382,19.6555,23.1462,412.9,227.744,-15,40,27
2024-07-30T08:00:00Z,2024,212,8,1.28036e-12,1.27365e-12,360,487075,-32.6067,13.6557,412.9,227.744,-20,40,27
2024-07-30T09:00:00Z,2024,212,9,1.27231e-12,1.42528e-12,360,487748,24.249,10.4942,412.9,227.744,-28,37,22
2024-07-30T10:00:00Z,2024,212,10,1.30436e-12,1.11259e-12,360,490797,1.88109,22.8712,412.9,227.744,-25,37,22
2024-07-30T11:00:00Z,2024,212,11,1.308e-12,1.3836e-12,360,487821,-26.6153,11.3131,412.9,227.744,-31,37,22
2024-07-30T12:00:00Z,2024,212,12,1.28311e-12,1.42859e-12,360,486427,32.0888,9.41855,412.9,227.744,-18,30,15
2024-07-30T13:00:00Z,2024,212,13,1.21027e-12,9.58638e-13,360,490172,-16.3209,22.6433,412.9,227.744,-21,30,15
2024-07-30T14:00:00Z,2024,212,14,1.16585e-12,1.3074e-12,360,489150,-11.7576,10.9207,412.9,227.744,-18,30,15
2024-07-30T15:00:00Z,2024,212,15,1.15596e-12,1.19112e-12,360,487160,30.9517,23.7212,412.9,227.744,-17,33,18
2024-07-30T16:00:00Z,2024,212,16,1.15403e-12,9.73133e-13,360,488283,-28.9936,22.2511,412.9,227.744,-24,33,18
2024-07-30T17:00:00Z,2024,212,17,1.1416e-12,1.34854e-12,360,489325,6.52657,10.8133,412.9,227.744,-21,33,18
2024-07-30T18:00:00Z,2024,212,18,1.0977e-12,9.8034e-13,360,489352,20.837,23.1337,412.9,227.744,-20,13,5
2024-07-30T19:00:00Z,2024,212,19,1.06114e-12,1.0308e-12,360,487046,-32.6963,14.8129,412.9,227.744,-19,13,5
2024-07-30T20:00:00Z,2024,212,20,1.03721e-12,1.24961e-12,360,487817,23.2489,10.4859,412.9,227.744,-19,13,5
2024-07-30T21:00:00Z,2024,212,21,1.00884e-12,7.44671e-13,360,490834,3.32357,22.843,412.9,227.744,-20,20,7
2024-07-30T22:00:00Z,2024,212,22,1.00734e-12,1.09689e-12,360,487710,-27.4147,11.3162,412.9,227.744,-20,20,7
2024-07-30T23:00:00Z,2024,212,23,1.00739e-12,1.16481e-12,360,486360,31.7936,9.62121,412.9,227.744,-23,20,7
2024-07-31T00:00:00Z,2024,213,0,1.01208e-12,7.36412e-13,360,490390,-14.9454,22.6456,242.2,227.841,-21,13,5
2024-07-31T01:00:00Z,2024,213,1,1.01649e-12,1.18556e-12,360,488956,-13.1993,10.9142,242.2,227.841,-21,13,5
2024-07-31T02:00:00Z,2024,213,2,1.01855e-12,1.06562e-12,360,486987,31.3675,23.81,242.2,227.841,-15,13,5
2024-07-31T03:00:00Z,2024,213,3,1.00866e-12,8.03777e-13,360,488495,-28.3179,22.2688,242.2,227.841,-13,10,4
2024-07-31T04:00:00Z,2024,213,4,9.9093e-13,1.21311e-12,360,489205,5.07662,10.7867,242.2,227.841,-12,10,4
2024-07-31T05:00:00Z,2024,213,5,9.87651e-13,8.77006e-13,360,489229,21.9631,23.1229,242.2,227.841,-10,10,4
2024-07-31T06:00:00Z,2024,213,6,9.8717e-13,9.09178e-13,360,487174,-32.7337,16.6081,242.2,227.841,-14,13,5
2024-07-31T07:00:00Z,2024,213,7,9.90799e-13,1.22737e-12,360,487820,22.1876,10.476,242.2,227.841,-14,13,5
2024-07-31T08:00:00Z,2024,213,8,9.87891e-13,7.42765e-13,360,490893,4.77083,22.8158,242.2,227.841,-13,13,5
2024-07-31T09:00:00Z,2024,213,9,9.9414e-13,1.05207e-12,360,487556,-28.1598,11.3256,242.2,227.841,-12,10,4
2024-07-31T10:00:00Z,2024,213,10,1.01052e-12,1.22073e-12,360,486373,31.4437,9.76003,242.2,227.841,-12,10,4
2024-07-31T11:00:00Z,2024,213,11,1.01047e-12,7.00686e-13,360,490587,-13.5146,22.6784,242.2,227.841,-11,10,4
2024-07-31T12:00:00Z,2024,213,12,1.01923e-12,1.1925e-12,360,488763,-14.6336,10.946,242.2,227.841,-5,27,12
2024-07-31T13:00:00Z,2024,213,13,1.02223e-12,1.09072e-12,360,486823,31.7284,23.9372,242.2,227.841,-1,27,12
2024-07-31T14:00:00Z,2024,213,14,1.00989e-12,7.83143e-13,360,488746,-27.5852,22.2793,242.2,227.841,9,27,12
2024-07-31T15:00:00Z,2024,213,15,1.0175e-12,1.21446e-12,360,489045,3.62423,10.7594,242.2,227.841,19,40,27
2024-07-31T16:00:00Z,2024,213,16,1.06741e-12,1.01417e-12,360,489133,23.0389,23.1127,242.2,227.841,10,40,27
2024-07-31T17:00:00Z,2024,213,17,1.07173e-12,9.77717e-13,360,487190,-32.7109,18.4922,242.2,227.841,6,40,27
2024-07-31T18:00:00Z,2024,213,18,1.04639e-12,1.25467e-12,360,487901,21.0686,10.465,242.2,227.841,9,47,39
2024-07-31T19:00:00Z,2024,213,19,1.10119e-12,8.96973e-13,360,490933,6.22449,22.7885,242.2,227.841,-3,47,39
2024-07-31T20:00:00Z,2024,213,20,1.15059e-12,1.19425e-12,360,487439,-28.851,11.3413,242.2,227.841,-20,47,39
2024-07-31T21:00:00Z,2024,213,21,1.18883e-12,1.35101e-12,360,486370,31.0351,9.85819,242.2,227.841,-25,37,22
2024-07-31T22:00:00Z,2024,213,22,1.19139e-12,9.29249e-13,360,490787,-12.0673,22.6789,242.2,227.841,-16,37,22
2024-07-31T23:00:00Z,2024,213,23,1.20699e-12,1.36846e-12,358,488655,-15.9109,10.9514,242.2,227.841,-11,37,22
